CONFIG_END	pc	cacr	tc
CONFIG_END	00029F60	80008000	0000C000
ENABLED_CYCLES	ic	dc	mmu
ENABLED_CYCLES	1304100000	1304100000	1304100000
SUMMARY	cycles	dispatches	clocks_per_dispatch	rd_accept_samples	look_hit_cycles	ipred_hit_cycles
SUMMARY	1304100000	158164887	8.245193	159245412	215478844	14802949
STATE	id	cycles	entries	percent
STATE	3	209680448	34234941	16.078556
STATE	4	76726095	67153187	5.883452
STATE	5	418688	418688	0.032106
STATE	8	67850697	31828850	5.202875
STATE	9	442025598	59276011	33.895069
STATE	10	156352829	41020581	11.989328
STATE	11	16030365	16030365	1.229228
STATE	13	12261633	12261633	0.940237
STATE	15	6886714	6886714	0.528082
STATE	16	1458726	1458726	0.111857
STATE	17	399449	399449	0.030630
STATE	18	4674	4674	0.000358
STATE	19	9426599	9426599	0.722843
STATE	20	55928547	55928547	4.288670
STATE	21	1338666	1338666	0.102651
STATE	22	7351816	7351816	0.563746
STATE	23	2740172	2740172	0.210120
STATE	24	4081132	4081132	0.312946
STATE	26	5829373	5829373	0.447004
STATE	27	3955204	3955204	0.303290
STATE	28	12188073	12188073	0.934597
STATE	29	2378	2378	0.000182
STATE	30	1485849	173316	0.113937
STATE	31	109	109	0.000008
STATE	34	2378648	1381951	0.182398
STATE	35	1387172	1387172	0.106370
STATE	36	1387172	1387172	0.106370
STATE	37	1387172	1387172	0.106370
STATE	38	5221	5221	0.000400
STATE	39	1387172	1387172	0.106370
STATE	41	1387172	1387172	0.106370
STATE	42	1387172	1387172	0.106370
STATE	43	43028	43028	0.003299
STATE	44	43028	43028	0.003299
STATE	45	43028	43028	0.003299
STATE	46	43028	43028	0.003299
STATE	47	43028	43028	0.003299
STATE	48	7947	7947	0.000609
STATE	49	641	641	0.000049
STATE	51	2555966	2555490	0.195995
STATE	52	1297319	1297319	0.099480
STATE	53	382344	382028	0.029319
STATE	55	2136887	2136887	0.163859
STATE	56	2183083	2183083	0.167402
STATE	57	517364	517364	0.039672
STATE	58	2447656	2447656	0.187689
STATE	59	720564	720564	0.055254
STATE	62	1989142	1989142	0.152530
STATE	65	1989140	1989140	0.152530
STATE	68	3258244	3258244	0.249846
STATE	69	2351097	2351097	0.180285
STATE	70	12311865	12311865	0.944089
STATE	78	4694	4694	0.000360
STATE	79	4694	4694	0.000360
STATE	81	116885	116885	0.008963
STATE	82	131077	68657	0.010051
STATE	87	24163	24163	0.001853
STATE	89	43473	43473	0.003334
STATE	90	43473	43473	0.003334
STATE	91	43473	43473	0.003334
STATE	92	43473	43473	0.003334
STATE	96	43473	43473	0.003334
STATE	97	43473	43473	0.003334
STATE	98	162203	162203	0.012438
STATE	99	2378	2378	0.000182
STATE	102	907147	907147	0.069561
STATE	103	1709	1709	0.000131
STATE	104	1709	1709	0.000131
STATE	106	22296	7432	0.001710
STATE	107	1448678	24163	0.111086
STATE	112	199055	199055	0.015264
STATE	113	199055	199055	0.015264
STATE	114	10653	10653	0.000817
STATE	115	2508	2508	0.000192
STATE	116	10653	10653	0.000817
STATE	117	188402	188402	0.014447
STATE	118	188402	188402	0.014447
STATE	119	3459	3459	0.000265
STATE	120	188402	188402	0.014447
STATE	121	62035	62035	0.004757
STATE	122	27	27	0.000002
STATE	129	2526	2526	0.000194
STATE	130	199055	199055	0.015264
STATE	131	199055	199055	0.015264
STATE	132	62035	62035	0.004757
STATE	133	9896959	73279	0.758911
STATE	134	930	930	0.000071
STATE	135	930	930	0.000071
STATE	136	930	930	0.000071
STATE	137	930	930	0.000071
STATE	151	10460	10460	0.000802
STATE	152	18	18	0.000001
STATE	153	18268456	9667848	1.400848
STATE	154	214	214	0.000016
STATE	155	6545235	6545235	0.501897
STATE	156	31660	31660	0.002428
STATE	157	36667	36667	0.002812
STATE	158	4692269	4692269	0.359809
STATE	160	37096156	9592452	2.844579
STATE	161	2499749	2499749	0.191684
STATE	162	74197	42451	0.005690
STATE	163	21589	21589	0.001655
STATE	164	90964	90964	0.006975
STATE	165	234937	234937	0.018015
STATE	167	65	65	0.000005
STATE	171	18	18	0.000001
STATE	173	11206	11206	0.000859
STATE	175	5789	145	0.000444
STATE	176	553	21	0.000042
STATE	177	15689	15689	0.001203
STATE	178	25837527	11094192	1.981254
STATE	179	9707418	9707418	0.744377
STATE	180	1386774	1386774	0.106340
STATE	181	36866	36866	0.002827
STATE	182	67873	67873	0.005205
STATE	183	67873	67873	0.005205
STATE	190	43354909	26044603	3.324508
STATE	191	5263	5221	0.000404
MEM	name	value
MEM	mrd_cycles_cst0	121676692
MEM	mrd_cycles_cst1	41455709
MEM	mrd_cycles_cst4	236111931
MEM	mrd_cycles_cst5	14779715
MEM	mrd_cycles_cst6	28001551
MEM	mwr_cycles_cst0	52972714
MEM	mwr_cycles_cst1	3093125
MEM	mwr_cycles_cst4	86016658
MEM	mwr_cycles_cst5	8611690
MEM	mwr_cycles_cst6	5658642
MEM	mrd_cycles_sb_pending	34864443
MEM	mwr_cycles_sb_pending	22123611
MEM	data_tagwrite_entries	15576330
MEM	instr_tagwrite_entries	19690066
MEM	sb_push_signal_samples	41064356
MEM	sb_full_request_samples	387502
MEM	read_with_store_pending_samples	14470483
MEM	pass_cycles_write	43967125
MEM	pass_cycles_read	26178831
CACHE_STATE	id	cycles	percent
CACHE_STATE	0	583576912	44.749399
CACHE_STATE	1	72549779	5.563207
CACHE_STATE	4	533181245	40.884997
CACHE_STATE	5	35266396	2.704271
CACHE_STATE	6	70145956	5.378879
CACHE_STATE	7	9379712	0.719248
TRANSITION	from	to	count
TRANSITION	3	4	34234397
TRANSITION	3	34	543
TRANSITION	4	3	8779334
TRANSITION	4	8	4923392
TRANSITION	4	9	5880009
TRANSITION	4	10	454525
TRANSITION	4	11	6196992
TRANSITION	4	20	21444178
TRANSITION	4	34	1344144
TRANSITION	4	43	43028
TRANSITION	4	48	6366
TRANSITION	4	51	489313
TRANSITION	4	53	54033
TRANSITION	4	62	1289251
TRANSITION	4	65	284722
TRANSITION	4	68	2187446
TRANSITION	4	78	4694
TRANSITION	4	81	53871
TRANSITION	4	87	24163
TRANSITION	4	89	41082
TRANSITION	4	98	113656
TRANSITION	4	104	1685
TRANSITION	4	106	7432
TRANSITION	4	112	196107
TRANSITION	4	133	73279
TRANSITION	4	134	930
TRANSITION	4	153	18990
TRANSITION	4	167	65
TRANSITION	4	181	859
TRANSITION	4	190	13239641
TRANSITION	5	3	140337
TRANSITION	5	4	145554
TRANSITION	5	20	132161
TRANSITION	5	51	2
TRANSITION	5	53	5
TRANSITION	5	56	66
TRANSITION	5	181	483
TRANSITION	5	190	80
TRANSITION	8	13	12261633
TRANSITION	8	15	3721913
TRANSITION	8	16	1452270
TRANSITION	8	18	4674
TRANSITION	8	19	9426599
TRANSITION	8	20	2154004
TRANSITION	8	48	1581
TRANSITION	8	51	825316
TRANSITION	8	53	73458
TRANSITION	8	62	652898
TRANSITION	8	68	1070798
TRANSITION	8	81	63014
TRANSITION	8	89	2391
TRANSITION	8	98	48547
TRANSITION	8	104	24
TRANSITION	8	112	2948
TRANSITION	8	153	28413
TRANSITION	8	157	22680
TRANSITION	8	177	15689
TRANSITION	9	3	9770391
TRANSITION	9	4	7186741
TRANSITION	9	8	94876
TRANSITION	9	10	6968136
TRANSITION	9	11	842535
TRANSITION	9	15	504170
TRANSITION	9	17	399449
TRANSITION	9	20	11225855
TRANSITION	9	23	2740072
TRANSITION	9	27	3955204
TRANSITION	9	28	1458
TRANSITION	9	42	1387172
TRANSITION	9	44	43028
TRANSITION	9	45	43028
TRANSITION	9	46	43028
TRANSITION	9	49	641
TRANSITION	9	51	332372
TRANSITION	9	53	28411
TRANSITION	9	55	547
TRANSITION	9	56	49352
TRANSITION	9	62	23531
TRANSITION	9	65	572789
TRANSITION	9	70	1629641
TRANSITION	9	118	188375
TRANSITION	9	119	3459
TRANSITION	9	136	930
TRANSITION	9	137	930
TRANSITION	9	153	1031840
TRANSITION	9	160	4692251
TRANSITION	9	162	15922
TRANSITION	9	165	42973
TRANSITION	9	171	18
TRANSITION	9	175	145
TRANSITION	9	181	4432
TRANSITION	9	190	5452309
TRANSITION	10	3	3238529
TRANSITION	10	4	6273966
TRANSITION	10	9	2308091
TRANSITION	10	20	7714260
TRANSITION	10	36	1387172
TRANSITION	10	37	1387172
TRANSITION	10	38	5221
TRANSITION	10	39	1387172
TRANSITION	10	51	189107
TRANSITION	10	52	1297319
TRANSITION	10	53	71073
TRANSITION	10	55	117291
TRANSITION	10	56	866008
TRANSITION	10	57	517364
TRANSITION	10	62	23447
TRANSITION	10	65	187445
TRANSITION	10	70	7423980
TRANSITION	10	96	43473
TRANSITION	10	122	27
TRANSITION	10	153	18605
TRANSITION	10	161	2499749
TRANSITION	10	162	15824
TRANSITION	10	165	143973
TRANSITION	10	176	21
TRANSITION	10	181	4317
TRANSITION	10	183	67873
TRANSITION	10	190	3832102
TRANSITION	11	8	12784429
TRANSITION	11	26	1970757
TRANSITION	11	55	923516
TRANSITION	11	56	174995
TRANSITION	11	58	120
TRANSITION	11	59	92
TRANSITION	11	102	756
TRANSITION	11	117	165202
TRANSITION	11	151	10460
TRANSITION	11	152	18
TRANSITION	11	155	20
TRANSITION	13	9	2977368
TRANSITION	13	22	402388
TRANSITION	13	26	1280588
TRANSITION	13	55	2450
TRANSITION	13	56	393176
TRANSITION	13	58	1788255
TRANSITION	13	59	658159
TRANSITION	13	102	906183
TRANSITION	13	117	23200
TRANSITION	13	135	930
TRANSITION	13	155	3828936
TRANSITION	15	8	1452270
TRANSITION	15	9	1823619
TRANSITION	15	16	6456
TRANSITION	15	22	785
TRANSITION	15	26	506265
TRANSITION	15	55	74134
TRANSITION	15	56	23826
TRANSITION	15	58	267827
TRANSITION	15	59	15412
TRANSITION	15	155	2716120
TRANSITION	16	9	399449
TRANSITION	16	22	1058714
TRANSITION	16	55	165
TRANSITION	16	58	398
TRANSITION	17	8	4674
TRANSITION	17	22	11314
TRANSITION	17	26	786
TRANSITION	17	55	22950
TRANSITION	17	56	359172
TRANSITION	17	58	394
TRANSITION	17	155	159
TRANSITION	18	22	1391
TRANSITION	18	26	178
TRANSITION	18	58	3105
TRANSITION	19	22	5877224
TRANSITION	19	26	2070799
TRANSITION	19	55	948821
TRANSITION	19	56	95089
TRANSITION	19	58	387557
TRANSITION	19	59	46901
TRANSITION	19	102	208
TRANSITION	20	8	12530840
TRANSITION	20	9	26588183
TRANSITION	20	10	6320240
TRANSITION	20	11	1099175
TRANSITION	20	15	2660631
TRANSITION	20	21	1338666
TRANSITION	20	24	2390
TRANSITION	20	28	2114395
TRANSITION	20	190	3274027
TRANSITION	21	24	1338666
TRANSITION	22	9	7351816
TRANSITION	23	3	4
TRANSITION	23	20	23
TRANSITION	23	24	2740076
TRANSITION	23	53	13
TRANSITION	23	181	1
TRANSITION	23	190	55
TRANSITION	24	11	249949
TRANSITION	24	28	3831183
TRANSITION	26	9	1663927
TRANSITION	26	10	2132538
TRANSITION	26	28	2032908
TRANSITION	27	28	3955204
TRANSITION	28	3	214496
TRANSITION	28	4	6333917
TRANSITION	28	5	140015
TRANSITION	28	10	4844701
TRANSITION	28	20	110887
TRANSITION	28	29	2378
TRANSITION	28	30	171607
TRANSITION	28	51	240959
TRANSITION	28	53	23722
TRANSITION	28	65	226
TRANSITION	28	103	1709
TRANSITION	28	181	1460
TRANSITION	28	190	101996
TRANSITION	29	99	2378
TRANSITION	30	3	125
TRANSITION	30	4	112796
TRANSITION	30	20	28188
TRANSITION	30	31	109
TRANSITION	30	65	5
TRANSITION	30	153	27691
TRANSITION	30	181	30
TRANSITION	30	190	4372
TRANSITION	31	4	34
TRANSITION	31	20	75
TRANSITION	34	35	1381951
TRANSITION	35	10	1387172
TRANSITION	36	10	1387172
TRANSITION	37	10	1387172
TRANSITION	38	10	5221
TRANSITION	39	41	1387172
TRANSITION	41	9	1387172
TRANSITION	42	34	398
TRANSITION	42	178	1386774
TRANSITION	43	9	43028
TRANSITION	44	9	43028
TRANSITION	45	9	43028
TRANSITION	46	47	43028
TRANSITION	47	3	23791
TRANSITION	47	181	19237
TRANSITION	48	9	7947
TRANSITION	49	181	641
TRANSITION	51	3	924679
TRANSITION	51	4	316986
TRANSITION	51	10	1022215
TRANSITION	51	20	166939
TRANSITION	51	56	22831
TRANSITION	51	62	13
TRANSITION	51	153	6
TRANSITION	51	181	100
TRANSITION	51	190	101721
TRANSITION	52	3	1297123
TRANSITION	52	181	196
TRANSITION	53	3	96878
TRANSITION	53	4	198507
TRANSITION	53	20	47760
TRANSITION	53	51	24919
TRANSITION	53	65	136
TRANSITION	53	181	23
TRANSITION	53	190	13805
TRANSITION	55	3	2110624
TRANSITION	55	4	26052
TRANSITION	55	181	211
TRANSITION	56	10	2183083
TRANSITION	57	3	517228
TRANSITION	57	181	136
TRANSITION	58	3	264091
TRANSITION	58	4	954778
TRANSITION	58	20	1222095
TRANSITION	58	51	815
TRANSITION	58	53	129
TRANSITION	58	55	214
TRANSITION	58	56	382
TRANSITION	58	62	2
TRANSITION	58	153	4544
TRANSITION	58	181	229
TRANSITION	58	190	377
TRANSITION	59	10	720564
TRANSITION	62	10	1989142
TRANSITION	65	9	1989140
TRANSITION	68	11	907147
TRANSITION	68	69	2351097
TRANSITION	69	70	2351097
TRANSITION	70	3	47440
TRANSITION	70	4	915326
TRANSITION	70	9	1629641
TRANSITION	70	10	7423980
TRANSITION	70	20	1272970
TRANSITION	70	51	24134
TRANSITION	70	53	40
TRANSITION	70	55	23392
TRANSITION	70	56	46995
TRANSITION	70	65	891926
TRANSITION	70	153	10675
TRANSITION	70	181	1546
TRANSITION	70	190	23800
TRANSITION	78	79	4694
TRANSITION	79	3	80
TRANSITION	79	4	2030
TRANSITION	79	20	2584
TRANSITION	81	5	48228
TRANSITION	81	82	68657
TRANSITION	82	5	68657
TRANSITION	87	107	24163
TRANSITION	89	90	43473
TRANSITION	90	91	43473
TRANSITION	91	92	43473
TRANSITION	92	9	43473
TRANSITION	96	97	43473
TRANSITION	97	4	43223
TRANSITION	97	51	205
TRANSITION	97	53	15
TRANSITION	97	181	30
TRANSITION	98	3	164
TRANSITION	98	4	46
TRANSITION	98	5	161767
TRANSITION	98	20	226
TRANSITION	99	3	46
TRANSITION	99	4	1693
TRANSITION	99	20	394
TRANSITION	99	190	245
TRANSITION	102	70	907147
TRANSITION	103	30	1709
TRANSITION	104	20	1709
TRANSITION	106	3	7432
TRANSITION	107	3	24163
TRANSITION	112	113	199055
TRANSITION	113	11	188402
TRANSITION	113	114	10653
TRANSITION	114	115	2508
TRANSITION	114	116	8145
TRANSITION	115	116	2508
TRANSITION	116	130	10653
TRANSITION	117	9	188402
TRANSITION	118	9	3459
TRANSITION	118	120	184943
TRANSITION	119	120	3459
TRANSITION	120	130	188402
TRANSITION	121	10	62035
TRANSITION	122	10	27
TRANSITION	129	4	2172
TRANSITION	129	20	256
TRANSITION	129	153	98
TRANSITION	130	131	199055
TRANSITION	131	3	1414
TRANSITION	131	4	64297
TRANSITION	131	20	68689
TRANSITION	131	129	2526
TRANSITION	131	132	62035
TRANSITION	131	181	21
TRANSITION	131	190	73
TRANSITION	132	121	62035
TRANSITION	133	3	73226
TRANSITION	133	181	53
TRANSITION	134	11	930
TRANSITION	135	9	930
TRANSITION	136	9	930
TRANSITION	137	51	930
TRANSITION	151	10	5239
TRANSITION	151	182	5221
TRANSITION	152	9	18
TRANSITION	153	8	15689
TRANSITION	153	11	6545235
TRANSITION	153	154	214
TRANSITION	153	156	31660
TRANSITION	153	157	13987
TRANSITION	153	158	530322
TRANSITION	153	160	2497422
TRANSITION	153	164	22113
TRANSITION	153	173	11206
TRANSITION	154	162	214
TRANSITION	155	158	4161929
TRANSITION	155	160	2357132
TRANSITION	155	162	10491
TRANSITION	155	164	15683
TRANSITION	156	160	31660
TRANSITION	157	8	22680
TRANSITION	157	160	13987
TRANSITION	158	9	4692269
TRANSITION	160	3	9
TRANSITION	160	4	1755936
TRANSITION	160	10	2391550
TRANSITION	160	20	16476
TRANSITION	160	51	5184
TRANSITION	160	153	5417023
TRANSITION	160	181	1053
TRANSITION	160	191	5221
TRANSITION	161	4	500089
TRANSITION	161	10	108199
TRANSITION	161	20	517596
TRANSITION	161	56	8990
TRANSITION	161	153	1364388
TRANSITION	161	181	487
TRANSITION	162	4	111
TRANSITION	162	9	15922
TRANSITION	162	20	5338
TRANSITION	162	65	5221
TRANSITION	162	153	35
TRANSITION	162	163	15824
TRANSITION	163	3	30
TRANSITION	163	4	257
TRANSITION	163	10	15824
TRANSITION	163	20	5478
TRANSITION	164	9	42973
TRANSITION	164	165	47991
TRANSITION	165	4	14323
TRANSITION	165	10	143973
TRANSITION	165	20	1064
TRANSITION	165	153	22399
TRANSITION	165	164	53168
TRANSITION	165	181	10
TRANSITION	167	20	65
TRANSITION	171	4	18
TRANSITION	173	4	208
TRANSITION	173	153	5233
TRANSITION	173	163	5765
TRANSITION	175	23	100
TRANSITION	175	118	27
TRANSITION	175	158	18
TRANSITION	176	5	21
TRANSITION	177	3	55
TRANSITION	177	4	5166
TRANSITION	177	20	5221
TRANSITION	177	153	5247
TRANSITION	178	179	9707418
TRANSITION	178	180	1386774
TRANSITION	179	178	9707418
TRANSITION	180	3	1386774
TRANSITION	181	34	36866
TRANSITION	182	10	67873
TRANSITION	183	4	5218
TRANSITION	183	181	3
TRANSITION	183	182	62652
TRANSITION	190	3	5316477
TRANSITION	190	4	8059346
TRANSITION	190	9	152189
TRANSITION	190	20	9784056
TRANSITION	190	28	252925
TRANSITION	190	51	422234
TRANSITION	190	53	131129
TRANSITION	190	55	23407
TRANSITION	190	56	142201
TRANSITION	190	65	46670
TRANSITION	190	153	1712661
TRANSITION	190	181	1308
TRANSITION	191	35	5221
F4SITE	F4E9	0009AD6E	48937
F4SITE	F4E9	40887126	111
F4SITE	F4E9	408E9B18	160
F4SITE	F4F1	0009AD6A	141
F4SITE	F4F1	40887122	3
F4SITE	F4F8	0009AD20	18
F4SITE	F4F8	40885032	23909
F4CALL	0009AD6E	00000000	151
F4CALL	0009AD6E	00002C60	300
F4CALL	0009AD6E	00003C50	167
F4CALL	0009AD6E	00004E80	196
F4CALL	0009AD6E	6214FFFF	45680
F4CALL	0009AD6E	9B70FFFF	102
F4CALL	0009AD6E	A0680000	140
F4CALL	0009AD6E	E2E60000	483
F4CALL	40885032	40887824	23471
F4CALL	40885032	50300003	162
OPCODE	opcode	dispatches	percent
OPCODE	4E75	6639148	4.197612
OPCODE	F22E	3745905	2.368354
OPCODE	E788	2571583	1.625887
OPCODE	F200	2474762	1.564672
OPCODE	2008	2372747	1.500173
OPCODE	5343	2261218	1.429659
OPCODE	672E	2237614	1.414735
OPCODE	201B	2236595	1.414091
OPCODE	6ECA	2235703	1.413527
OPCODE	4E56	1988844	1.257450
OPCODE	4E5E	1988842	1.257449
OPCODE	0C42	1893572	1.197214
OPCODE	48E7	1620193	1.024370
OPCODE	48C0	1500735	0.948842
OPCODE	4EBA	1499164	0.947849
OPCODE	241F	1438825	0.909699
OPCODE	2F02	1438556	0.909529
OPCODE	2F0A	1420263	0.897964
OPCODE	245F	1372861	0.867994
OPCODE	286E	1367735	0.864753
OPCODE	246F	1344316	0.849946
OPCODE	2F4A	1344144	0.849837
OPCODE	341A	1344144	0.849837
OPCODE	F232	1282520	0.810875
OPCODE	4EF9	1112975	0.703680
OPCODE	205F	1085592	0.686367
OPCODE	7000	1080870	0.683382
OPCODE	E588	1063384	0.672326
OPCODE	E589	1062825	0.671973
OPCODE	2F70	1055714	0.667477
OPCODE	0442	1055192	0.667147
OPCODE	B0B8	1054378	0.666632
OPCODE	200C	1009464	0.638235
OPCODE	3043	950254	0.600800
OPCODE	F230	921600	0.582683
OPCODE	22D8	911291	0.576165
OPCODE	4CEE	899133	0.568478
OPCODE	2F0C	898657	0.568177
OPCODE	2E9F	890022	0.562718
OPCODE	3003	851745	0.538517
OPCODE	6EFA	839784	0.530955
OPCODE	2F38	827261	0.523037
OPCODE	2040	825958	0.522213
OPCODE	4E71	820767	0.518931
OPCODE	4ED0	817051	0.516582
OPCODE	6006	776656	0.491042
OPCODE	6100	758830	0.479771
OPCODE	4CDF	727598	0.460025
OPCODE	0C97	725810	0.458895
OPCODE	225F	723335	0.457330
OPCODE	558F	700947	0.443175
OPCODE	6706	632351	0.399805
OPCODE	C0B8	594569	0.375917
OPCODE	598F	587684	0.371564
OPCODE	0240	581796	0.367841
OPCODE	0838	567421	0.358753
OPCODE	2209	561826	0.355215
OPCODE	2208	550831	0.348264
OPCODE	3044	550605	0.348121
OPCODE	3045	550403	0.347993
OPCODE	6604	548523	0.346805
OPCODE	5242	536602	0.339267
OPCODE	2270	528075	0.333876
OPCODE	2F08	519028	0.328156
OPCODE	3029	514642	0.325383
OPCODE	F212	514560	0.325331
OPCODE	0C40	512760	0.324193
OPCODE	2073	512105	0.323779
OPCODE	2046	512020	0.323725
OPCODE	24AE	512010	0.323719
OPCODE	3042	512000	0.323713
OPCODE	3242	512000	0.323713
OPCODE	F231	512000	0.323713
OPCODE	2F09	509606	0.322199
OPCODE	6608	500757	0.316604
OPCODE	6700	500563	0.316482
OPCODE	486E	484294	0.306196
OPCODE	266E	484265	0.306177
OPCODE	66F2	467768	0.295747
OPCODE	5243	454528	0.287376
OPCODE	2055	448478	0.283551
OPCODE	41FA	444508	0.281041
OPCODE	2250	444082	0.280772
OPCODE	5240	438384	0.277169
OPCODE	661C	434812	0.274911
OPCODE	4A80	426963	0.269948
OPCODE	D045	411743	0.260325
OPCODE	2047	411231	0.260001
OPCODE	3004	410080	0.259274
OPCODE	27AE	409600	0.258970
OPCODE	6602	388739	0.245781
OPCODE	2A78	373987	0.236454
OPCODE	0C6C	373574	0.236193
OPCODE	2F01	367242	0.232189
OPCODE	584F	364948	0.230739
OPCODE	4EB0	357864	0.226260
OPCODE	4A40	343600	0.217242
OPCODE	221F	343543	0.217206
OPCODE	671A	329441	0.208290
OPCODE	2978	327694	0.207185
OPCODE	6708	327646	0.207155
OPCODE	204B	324806	0.205359
OPCODE	6000	321107	0.203020
OPCODE	670E	316031	0.199811
OPCODE	2F2E	312981	0.197883
OPCODE	0C38	311865	0.197177
OPCODE	7002	303836	0.192101
OPCODE	47FA	299817	0.189560
OPCODE	3202	292571	0.184978
OPCODE	6606	290272	0.183525
OPCODE	7600	289809	0.183232
OPCODE	0242	289670	0.183144
OPCODE	6530	289058	0.182757
OPCODE	1401	288991	0.182715
OPCODE	3200	285263	0.180358
OPCODE	200B	284533	0.179896
OPCODE	0C50	283854	0.179467
OPCODE	2070	283124	0.179006
OPCODE	2078	281935	0.178254
OPCODE	4A1F	281590	0.178036
OPCODE	102C	281233	0.177810
OPCODE	6E26	280335	0.177242
OPCODE	4881	280332	0.177240
OPCODE	B228	280332	0.177240
OPCODE	6D20	280330	0.177239
OPCODE	9228	280329	0.177238
OPCODE	E541	280326	0.177237
OPCODE	A829	279777	0.176889
OPCODE	2A40	279767	0.176883
OPCODE	4A11	275738	0.174336
OPCODE	2009	274583	0.173606
OPCODE	2478	264288	0.167097
OPCODE	61FF	263385	0.166526
OPCODE	21CA	262146	0.165742
OPCODE	21CB	261904	0.165589
OPCODE	47FB	261889	0.165580
OPCODE	47F9	261847	0.165553
OPCODE	504F	259752	0.164229
OPCODE	7601	259486	0.164060
OPCODE	206D	256542	0.162199
OPCODE	4A10	238445	0.150757
OPCODE	206E	237633	0.150244
OPCODE	6704	234748	0.148420
OPCODE	D1C0	234732	0.148410
OPCODE	6600	234190	0.148067
OPCODE	B0AC	234002	0.147948
OPCODE	285F	233834	0.147842
OPCODE	200D	233368	0.147547
OPCODE	B66E	231426	0.146319
OPCODE	D3C0	229414	0.145047
OPCODE	4A2C	214410	0.135561
OPCODE	317C	213477	0.134971
OPCODE	202E	213094	0.134729
OPCODE	660E	210229	0.132918
OPCODE	3005	209297	0.132328
OPCODE	0800	207940	0.131470
OPCODE	D043	206961	0.130851
OPCODE	D046	206901	0.130813
OPCODE	D044	206091	0.130301
OPCODE	224A	205902	0.130182
OPCODE	3243	205046	0.129641
OPCODE	6FE0	204800	0.129485
OPCODE	670C	200803	0.126958
OPCODE	670A	194993	0.123285
OPCODE	2F00	193871	0.122575
OPCODE	6710	193667	0.122446
OPCODE	426E	191133	0.120844
OPCODE	548F	190074	0.120175
OPCODE	301F	188102	0.118928
OPCODE	2007	187622	0.118624
OPCODE	1D43	187128	0.118312
OPCODE	41ED	186881	0.118156
OPCODE	60F4	186853	0.118138
OPCODE	2D6C	186780	0.118092
OPCODE	2F3A	186618	0.117990
OPCODE	0C43	183159	0.115803
OPCODE	0C6F	180065	0.113846
OPCODE	6724	178496	0.112854
OPCODE	2D40	176968	0.111888
OPCODE	6C04	176957	0.111881
OPCODE	5088	171409	0.108374
OPCODE	B3D6	169032	0.106871
OPCODE	6426	168697	0.106659
OPCODE	2F3C	168447	0.106501
OPCODE	4267	167759	0.106066
OPCODE	262E	167235	0.105735
OPCODE	2E00	166194	0.105076
OPCODE	226F	165705	0.104767
OPCODE	2211	165687	0.104756
OPCODE	7400	165106	0.104389
OPCODE	3F3C	165026	0.104338
OPCODE	2878	164542	0.104032
OPCODE	D3C1	164196	0.103813
OPCODE	C282	164192	0.103811
OPCODE	2D4C	164007	0.103694
OPCODE	20AF	163447	0.103340
OPCODE	A873	163447	0.103340
OPCODE	7001	162603	0.102806
OPCODE	6702	152833	0.096629
OPCODE	2400	151508	0.095791
OPCODE	6720	149354	0.094429
OPCODE	2840	149271	0.094377
OPCODE	661A	147331	0.093150
OPCODE	5188	146200	0.092435
OPCODE	4278	145453	0.091963
OPCODE	2002	145263	0.091843
OPCODE	2C78	143542	0.090755
OPCODE	1F38	143262	0.090578
OPCODE	11DF	143242	0.090565
OPCODE	2F14	143202	0.090540
OPCODE	08F8	143151	0.090507
OPCODE	2C40	143139	0.090500
OPCODE	2849	143104	0.090478
OPCODE	6740	143053	0.090445
OPCODE	D9C3	143031	0.090432
OPCODE	908E	143031	0.090432
OPCODE	200E	142971	0.090394
OPCODE	662C	142351	0.090002
OPCODE	70FF	141887	0.089708
OPCODE	594F	141326	0.089354
OPCODE	602A	141024	0.089163
OPCODE	0C5F	140812	0.089029
OPCODE	6E0C	140811	0.089028
OPCODE	3EB8	140800	0.089021
OPCODE	2EB8	140511	0.088838
OPCODE	295F	140473	0.088814
OPCODE	B0AB	140444	0.088796
OPCODE	E748	140358	0.088742
OPCODE	2D5F	140169	0.088622
OPCODE	2F30	140075	0.088563
OPCODE	B9F8	140040	0.088541
OPCODE	296B	140022	0.088529
OPCODE	6674	139998	0.088514
OPCODE	220D	139996	0.088513
OPCODE	2A41	139996	0.088513
OPCODE	A88F	139996	0.088513
OPCODE	66D2	139979	0.088502
OPCODE	65F2	139876	0.088437
OPCODE	A924	139869	0.088432
OPCODE	08B8	139124	0.087961
OPCODE	286D	138387	0.087495
OPCODE	007C	137521	0.086948
OPCODE	302E	137031	0.086638
OPCODE	51C8	134182	0.084837
OPCODE	6F00	131995	0.083454
OPCODE	662A	130091	0.082250
OPCODE	2050	129719	0.082015
OPCODE	2278	129192	0.081682
OPCODE	6002	127420	0.080561
OPCODE	660A	125765	0.079515
OPCODE	3028	125399	0.079284
OPCODE	286B	123993	0.078395
OPCODE	2240	122330	0.077343
OPCODE	6B3A	122320	0.077337
OPCODE	6B0C	122266	0.077303
OPCODE	202C	121640	0.076907
OPCODE	4EB9	121395	0.076752
OPCODE	200A	120946	0.076468
OPCODE	4FEF	120144	0.075961
OPCODE	6B00	119921	0.075820
OPCODE	2051	119860	0.075782
OPCODE	3038	118967	0.075217
OPCODE	2E08	118955	0.075209
OPCODE	6130	118926	0.075191
OPCODE	2C49	118793	0.075107
OPCODE	9DE8	118717	0.075059
OPCODE	6C18	117921	0.074556
OPCODE	4A6C	117662	0.074392
OPCODE	6106	117487	0.074281
OPCODE	3D47	117327	0.074180
OPCODE	224C	117138	0.074061
OPCODE	4A47	117074	0.074020
OPCODE	3014	116595	0.073717
OPCODE	0C52	116539	0.073682
OPCODE	3612	116502	0.073659
OPCODE	62EA	116484	0.073647
OPCODE	43EE	115432	0.072982
OPCODE	2010	114596	0.072454
OPCODE	4A38	113469	0.071741
OPCODE	206B	112155	0.070910
OPCODE	2068	111349	0.070401
OPCODE	4AB8	111289	0.070363
OPCODE	2038	109183	0.069031
OPCODE	6712	109169	0.069022
OPCODE	4E90	107625	0.068046
OPCODE	0C00	105949	0.066986
OPCODE	203A	104367	0.065986
OPCODE	4ED1	103295	0.065308
OPCODE	B646	102419	0.064755
OPCODE	6734	99807	0.063103
OPCODE	2668	98567	0.062319
OPCODE	6008	97694	0.061767
OPCODE	2269	96663	0.061115
OPCODE	201F	96194	0.060819
OPCODE	0C68	96002	0.060697
OPCODE	2178	95424	0.060332
OPCODE	4A28	95139	0.060152
OPCODE	6730	95035	0.060086
OPCODE	4247	94058	0.059468
OPCODE	554F	93991	0.059426
OPCODE	082A	93985	0.059422
OPCODE	220B	93677	0.059227
OPCODE	60EA	93529	0.059134
OPCODE	321A	93456	0.059088
OPCODE	41EE	93431	0.059072
OPCODE	2F2D	93423	0.059067
OPCODE	2290	93362	0.059028
OPCODE	A874	93351	0.059021
OPCODE	2453	93337	0.059012
OPCODE	B243	93332	0.059009
OPCODE	6F1C	93277	0.058975
OPCODE	266D	92912	0.058744
OPCODE	4207	92901	0.058737
OPCODE	246E	91586	0.057905
OPCODE	41EB	89508	0.056592
OPCODE	6622	86494	0.054686
OPCODE	4A68	86116	0.054447
OPCODE	51CA	83749	0.052950
OPCODE	40E7	82495	0.052158
OPCODE	46DF	82469	0.052141
OPCODE	6618	82449	0.052129
OPCODE	2678	82207	0.051976
OPCODE	4A50	80713	0.051031
OPCODE	0C80	79113	0.050019
OPCODE	B7CC	79039	0.049973
OPCODE	2054	77773	0.049172
OPCODE	40C0	77657	0.049099
OPCODE	66F0	76840	0.048582
OPCODE	660C	76809	0.048563
OPCODE	B280	76492	0.048362
OPCODE	2028	75691	0.047856
OPCODE	C029	75614	0.047807
OPCODE	0801	75589	0.047791
OPCODE	43E9	75349	0.047640
OPCODE	2F0B	75061	0.047457
OPCODE	6620	74384	0.047029
OPCODE	4EFB	74243	0.046940
OPCODE	6500	74096	0.046847
OPCODE	0829	74049	0.046818
OPCODE	663A	73802	0.046661
OPCODE	6004	73630	0.046553
OPCODE	43F8	73170	0.046262
OPCODE	4A43	72611	0.045908
OPCODE	6732	72411	0.045782
OPCODE	672A	72299	0.045711
OPCODE	4A00	72299	0.045711
OPCODE	6614	71855	0.045430
OPCODE	2640	71667	0.045312
OPCODE	1003	71449	0.045174
OPCODE	41EA	70855	0.044798
OPCODE	3E1F	70783	0.044753
OPCODE	45FA	70672	0.044682
OPCODE	2F07	70649	0.044668
OPCODE	5540	70628	0.044655
OPCODE	5C4F	70535	0.044596
OPCODE	6026	70464	0.044551
OPCODE	486B	70410	0.044517
OPCODE	08D1	70403	0.044512
OPCODE	B093	70308	0.044452
OPCODE	2014	70250	0.044416
OPCODE	266C	70142	0.044347
OPCODE	4AAD	70077	0.044306
OPCODE	67F2	70029	0.044276
OPCODE	6C12	69954	0.044229
OPCODE	4A53	69940	0.044220
OPCODE	2F0F	69929	0.044213
OPCODE	D4C7	69918	0.044206
OPCODE	7004	69912	0.044202
OPCODE	4250	69895	0.044191
OPCODE	B0AD	69477	0.043927
OPCODE	4A6D	69444	0.043906
OPCODE	1D47	69397	0.043876
OPCODE	4E7B	68657	0.043408
OPCODE	4880	63469	0.040128
OPCODE	E9D0	63308	0.040027
OPCODE	5382	62286	0.039380
OPCODE	D685	62241	0.039352
OPCODE	EFD1	61992	0.039195
OPCODE	700C	61836	0.039096
OPCODE	DC84	61634	0.038968
OPCODE	2037	61632	0.038967
OPCODE	0281	61579	0.038933
OPCODE	1080	61470	0.038865
OPCODE	203C	60223	0.038076
OPCODE	102E	59575	0.037666
OPCODE	3018	59135	0.037388
OPCODE	C1FC	57962	0.036647
OPCODE	2006	57759	0.036518
OPCODE	2448	57203	0.036167
OPCODE	42AE	56596	0.035783
OPCODE	5340	55990	0.035400
OPCODE	6722	55630	0.035172
OPCODE	25AE	55020	0.034786
OPCODE	46C0	54299	0.034331
OPCODE	76FF	54238	0.034292
OPCODE	6F04	54212	0.034276
OPCODE	222E	53799	0.034015
OPCODE	302C	53649	0.033920
OPCODE	674C	52998	0.033508
OPCODE	4A05	52426	0.033146
OPCODE	2251	52309	0.033072
OPCODE	3228	51649	0.032655
OPCODE	41F8	51476	0.032546
OPCODE	B1CB	51276	0.032419
OPCODE	6E0A	50975	0.032229
OPCODE	42A8	50821	0.032132
OPCODE	204C	50424	0.031881
OPCODE	0280	50171	0.031721
OPCODE	2229	50115	0.031685
OPCODE	600A	49939	0.031574
OPCODE	4AAE	49901	0.031550
OPCODE	2469	49844	0.031514
OPCODE	2215	49648	0.031390
OPCODE	60FF	49237	0.031130
OPCODE	F4E9	49208	0.031112
OPCODE	6716	49201	0.031107
OPCODE	6718	49099	0.031043
OPCODE	3010	48802	0.030855
OPCODE	3238	48764	0.030831
OPCODE	0CAF	48693	0.030786
OPCODE	2E2E	48636	0.030750
OPCODE	B058	48543	0.030691
OPCODE	4E7A	48228	0.030492
OPCODE	7201	48109	0.030417
OPCODE	4AAB	47957	0.030321
OPCODE	4A07	47855	0.030256
OPCODE	2940	47803	0.030224
OPCODE	1432	47764	0.030199
OPCODE	6626	47738	0.030182
OPCODE	2253	47694	0.030155
OPCODE	20D9	47626	0.030112
OPCODE	3013	47520	0.030045
OPCODE	3F2E	47457	0.030005
OPCODE	2F2F	47392	0.029964
OPCODE	508F	47296	0.029903
OPCODE	244B	47290	0.029899
OPCODE	6752	47283	0.029895
OPCODE	B06C	47231	0.029862
OPCODE	C2B8	47222	0.029856
OPCODE	4A5F	47220	0.029855
OPCODE	600E	47171	0.029824
OPCODE	2F28	47131	0.029799
OPCODE	41E8	47121	0.029792
OPCODE	4403	47095	0.029776
OPCODE	6016	47088	0.029771
OPCODE	57C3	47067	0.029758
OPCODE	3F06	47039	0.029740
OPCODE	6638	47035	0.029738
OPCODE	7006	47022	0.029730
OPCODE	B7FC	47012	0.029723
OPCODE	4869	46983	0.029705
OPCODE	DFC0	46946	0.029682
OPCODE	302D	46937	0.029676
OPCODE	4878	46898	0.029651
OPCODE	0247	46898	0.029651
OPCODE	2C00	46887	0.029644
OPCODE	3D5F	46866	0.029631
OPCODE	6B12	46851	0.029622
OPCODE	663C	46817	0.029600
OPCODE	6632	46798	0.029588
OPCODE	3218	46782	0.029578
OPCODE	7010	46774	0.029573
OPCODE	6746	46769	0.029570
OPCODE	207A	46755	0.029561
OPCODE	08AA	46742	0.029553
OPCODE	A049	46725	0.029542
OPCODE	2238	46701	0.029527
OPCODE	6636	46701	0.029527
OPCODE	0647	46696	0.029524
OPCODE	DE42	46694	0.029522
OPCODE	2D6D	46683	0.029515
OPCODE	2450	46678	0.029512
OPCODE	62EC	46650	0.029495
OPCODE	676A	46640	0.029488
OPCODE	2A81	46640	0.029488
OPCODE	4A52	46638	0.029487
OPCODE	6634	46636	0.029486
OPCODE	7012	46632	0.029483
OPCODE	260C	46631	0.029483
OPCODE	C078	46630	0.029482
OPCODE	1141	46619	0.029475
OPCODE	4254	46619	0.029475
OPCODE	D8FC	46618	0.029474
OPCODE	3F7A	46614	0.029472
OPCODE	1178	46613	0.029471
OPCODE	1F05	46610	0.029469
OPCODE	422E	46610	0.029469
OPCODE	1D5F	46610	0.029469
OPCODE	4A54	46605	0.029466
OPCODE	E359	46601	0.029464
OPCODE	5D43	46599	0.029462
OPCODE	303A	46595	0.029460
OPCODE	103A	46593	0.029458
OPCODE	677E	46593	0.029458
OPCODE	D0A9	46586	0.029454
OPCODE	5543	46585	0.029453
OPCODE	675A	46573	0.029446
OPCODE	70FC	46418	0.029348
OPCODE	224B	46408	0.029342
OPCODE	6C08	46281	0.029261
OPCODE	1EBC	46224	0.029225
OPCODE	B054	46212	0.029218
OPCODE	B051	45966	0.029062
OPCODE	38BC	45851	0.028989
OPCODE	C0A9	45570	0.028812
OPCODE	4840	43260	0.027351
OPCODE	4E73	43028	0.027205
OPCODE	0811	42194	0.026677
OPCODE	4258	39324	0.024863
OPCODE	5380	39092	0.024716
OPCODE	5244	38743	0.024495
OPCODE	9082	38718	0.024480
OPCODE	4E93	38426	0.024295
OPCODE	F227	38282	0.024204
OPCODE	707F	37815	0.023909
OPCODE	24D1	36881	0.023318
OPCODE	08A9	36093	0.022820
OPCODE	302F	35123	0.022207
OPCODE	6646	35062	0.022168
OPCODE	307B	34682	0.021928
OPCODE	7217	34682	0.021928
OPCODE	F23A	34141	0.021586
OPCODE	D1C1	34130	0.021579
OPCODE	504A	33881	0.021421
OPCODE	2210	33601	0.021244
OPCODE	3006	33434	0.021139
OPCODE	7200	33381	0.021105
OPCODE	43FA	33226	0.021007
OPCODE	51CB	32885	0.020792
OPCODE	E9D4	32639	0.020636
OPCODE	0640	32333	0.020443
OPCODE	F22C	32090	0.020289
OPCODE	275F	31887	0.020161
OPCODE	6714	31621	0.019992
OPCODE	6D06	31370	0.019834
OPCODE	F201	31108	0.019668
OPCODE	6748	30696	0.019408
OPCODE	6616	30347	0.019187
OPCODE	0C01	30320	0.019170
OPCODE	4A2E	30201	0.019095
OPCODE	6A02	30193	0.019090
OPCODE	2049	30062	0.019007
OPCODE	48C1	30044	0.018995
OPCODE	57C0	29681	0.018766
OPCODE	F23C	29676	0.018763
OPCODE	6104	29669	0.018758
OPCODE	D081	29661	0.018753
OPCODE	0891	29296	0.018522
OPCODE	202D	29177	0.018447
OPCODE	2248	29064	0.018376
OPCODE	2D7C	28830	0.018228
OPCODE	0241	28585	0.018073
OPCODE	4AA8	28491	0.018013
OPCODE	6404	28471	0.018001
OPCODE	3806	28405	0.017959
OPCODE	4A6E	28144	0.017794
OPCODE	4A94	28119	0.017778
OPCODE	3428	27945	0.017668
OPCODE	671C	27806	0.017580
OPCODE	B1D6	27666	0.017492
OPCODE	65A6	27664	0.017491
OPCODE	43E8	27595	0.017447
OPCODE	2440	27572	0.017432
OPCODE	2011	27563	0.017427
OPCODE	6A44	27556	0.017422
OPCODE	9240	27460	0.017362
OPCODE	42A7	27224	0.017212
OPCODE	4E91	27176	0.017182
OPCODE	E149	27091	0.017128
OPCODE	7E00	27084	0.017124
OPCODE	6E04	27024	0.017086
OPCODE	6728	27006	0.017075
OPCODE	422C	26923	0.017022
OPCODE	4A2A	26897	0.017006
OPCODE	2043	26798	0.016943
OPCODE	1F00	26695	0.016878
OPCODE	4A42	26603	0.016820
OPCODE	675C	26553	0.016788
OPCODE	3204	26430	0.016710
OPCODE	6A04	26312	0.016636
OPCODE	4A2D	26251	0.016597
OPCODE	6E00	26199	0.016564
OPCODE	101F	26122	0.016516
OPCODE	2D41	25924	0.016390
OPCODE	5448	25833	0.016333
OPCODE	56C8	25810	0.016318
OPCODE	4A41	25807	0.016317
OPCODE	81FC	25804	0.016315
OPCODE	3940	25728	0.016267
OPCODE	6736	25718	0.016260
OPCODE	6FB0	25700	0.016249
OPCODE	3800	25693	0.016244
OPCODE	0641	25692	0.016244
OPCODE	83FC	25601	0.016186
OPCODE	2072	25600	0.016186
OPCODE	21AE	25600	0.016186
OPCODE	51CF	25599	0.016185
OPCODE	6B04	25582	0.016174
OPCODE	3C04	25561	0.016161
OPCODE	BC45	25560	0.016160
OPCODE	DC6E	25500	0.016122
OPCODE	9081	25492	0.016117
OPCODE	082B	25490	0.016116
OPCODE	D7C0	25477	0.016108
OPCODE	720F	25443	0.016086
OPCODE	D480	25432	0.016079
OPCODE	5180	25393	0.016055
OPCODE	C210	25368	0.016039
OPCODE	4868	25308	0.016001
OPCODE	4A78	25198	0.015931
OPCODE	3C2E	25195	0.015930
OPCODE	6726	25140	0.015895
OPCODE	4238	25110	0.015876
OPCODE	74F4	25067	0.015849
OPCODE	2242	25058	0.015843
OPCODE	226D	25055	0.015841
OPCODE	2449	24898	0.015742
OPCODE	4642	24896	0.015741
OPCODE	6010	24860	0.015718
OPCODE	D040	24764	0.015657
OPCODE	6B16	24757	0.015653
OPCODE	7420	24746	0.015646
OPCODE	8481	24708	0.015622
OPCODE	9288	24706	0.015620
OPCODE	74FC	24706	0.015620
OPCODE	B050	24701	0.015617
OPCODE	303C	24666	0.015595
OPCODE	3628	24620	0.015566
OPCODE	A055	24585	0.015544
OPCODE	2412	24560	0.015528
OPCODE	2848	24544	0.015518
OPCODE	672C	24469	0.015471
OPCODE	6FCA	24428	0.015445
OPCODE	6A0C	24393	0.015423
OPCODE	4AAC	24336	0.015386
OPCODE	6014	24320	0.015376
OPCODE	2442	24309	0.015369
OPCODE	0C28	24303	0.015366
OPCODE	9242	24267	0.015343
OPCODE	027C	24246	0.015330
OPCODE	544F	24224	0.015316
OPCODE	6506	24222	0.015314
OPCODE	4A6A	24203	0.015302
OPCODE	6EC6	24193	0.015296
OPCODE	E44A	24173	0.015283
OPCODE	6088	24169	0.015281
OPCODE	B9CB	24167	0.015280
OPCODE	F569	24163	0.015277
OPCODE	3409	24163	0.015277
OPCODE	4A93	24161	0.015276
OPCODE	0C81	24150	0.015269
OPCODE	226B	24066	0.015216
OPCODE	6628	24064	0.015215
OPCODE	2A08	24052	0.015207
OPCODE	4A2B	24052	0.015207
OPCODE	2F03	24043	0.015201
OPCODE	3A04	24030	0.015193
OPCODE	661E	24028	0.015192
OPCODE	603C	24027	0.015191
OPCODE	2029	24025	0.015190
OPCODE	6744	24022	0.015188
OPCODE	2243	24005	0.015177
OPCODE	D0C2	24004	0.015177
OPCODE	8642	24003	0.015176
OPCODE	C445	24003	0.015176
OPCODE	E842	24003	0.015176
OPCODE	C644	24003	0.015176
OPCODE	BB42	24003	0.015176
OPCODE	383C	23999	0.015173
OPCODE	D441	23997	0.015172
OPCODE	2D4B	23997	0.015172
OPCODE	3141	23988	0.015166
OPCODE	B544	23985	0.015165
OPCODE	7405	23985	0.015165
OPCODE	4645	23985	0.015165
OPCODE	303B	23978	0.015160
OPCODE	0C51	23977	0.015159
OPCODE	0C47	23934	0.015132
OPCODE	43EB	23933	0.015132
OPCODE	F4F8	23927	0.015128
OPCODE	6112	23919	0.015123
OPCODE	6B06	23919	0.015123
OPCODE	7009	23916	0.015121
OPCODE	0807	23913	0.015119
OPCODE	6630	23909	0.015117
OPCODE	4400	23897	0.015109
OPCODE	2D78	23869	0.015091
OPCODE	66E8	23868	0.015091
OPCODE	265F	23867	0.015090
OPCODE	2600	23861	0.015086
OPCODE	60E2	23859	0.015085
OPCODE	43EC	23858	0.015084
OPCODE	7802	23857	0.015084
OPCODE	30C0	23854	0.015082
OPCODE	2431	23842	0.015074
OPCODE	7202	23835	0.015070
OPCODE	486C	23815	0.015057
OPCODE	208B	23808	0.015053
OPCODE	6B1E	23806	0.015051
OPCODE	B478	23798	0.015046
OPCODE	6664	23798	0.015046
OPCODE	720C	23794	0.015044
OPCODE	261F	23788	0.015040
OPCODE	673C	23784	0.015037
OPCODE	6028	23781	0.015036
OPCODE	E542	23778	0.015034
OPCODE	0929	23778	0.015034
OPCODE	3232	23778	0.015034
OPCODE	4EB2	23778	0.015034
OPCODE	70E4	23778	0.015034
OPCODE	2F17	23748	0.015015
OPCODE	268C	23739	0.015009
OPCODE	B252	23719	0.014996
OPCODE	7041	23719	0.014996
OPCODE	70EF	23719	0.014996
OPCODE	A204	23715	0.014994
OPCODE	30E9	23715	0.014994
OPCODE	2C10	23706	0.014988
OPCODE	662E	23690	0.014978
OPCODE	294B	23687	0.014976
OPCODE	A025	23675	0.014969
OPCODE	6054	23665	0.014962
OPCODE	1940	23651	0.014953
OPCODE	6640	23622	0.014935
OPCODE	6030	23616	0.014931
OPCODE	48C7	23610	0.014927
OPCODE	49EE	23600	0.014921
OPCODE	422D	23588	0.014914
OPCODE	6D0E	23580	0.014908
OPCODE	382A	23565	0.014899
OPCODE	6200	23555	0.014893
OPCODE	A02E	23552	0.014891
OPCODE	A029	23551	0.014890
OPCODE	6624	23548	0.014888
OPCODE	2B40	23528	0.014876
OPCODE	7003	23517	0.014869
OPCODE	3E00	23511	0.014865
OPCODE	3C1F	23502	0.014859
OPCODE	D094	23501	0.014859
OPCODE	61DA	23498	0.014857
OPCODE	A02A	23497	0.014856
OPCODE	B094	23477	0.014843
OPCODE	4205	23474	0.014841
OPCODE	21EE	23472	0.014840
OPCODE	9090	23471	0.014840
OPCODE	2E80	23467	0.014837
OPCODE	5C53	23461	0.014833
OPCODE	2E38	23461	0.014833
OPCODE	3017	23446	0.014824
OPCODE	7204	23446	0.014824
OPCODE	6300	23434	0.014816
OPCODE	610A	23433	0.014816
OPCODE	5D4F	23433	0.014816
OPCODE	2468	23430	0.014814
OPCODE	4246	23428	0.014812
OPCODE	4A04	23415	0.014804
OPCODE	D359	23413	0.014803
OPCODE	D159	23413	0.014803
OPCODE	6038	23403	0.014797
OPCODE	61EE	23393	0.014790
OPCODE	6A12	23392	0.014790
OPCODE	1E03	23391	0.014789
OPCODE	2D6B	23385	0.014785
OPCODE	5740	23384	0.014785
OPCODE	3E2A	23378	0.014781
OPCODE	422F	23376	0.014780
OPCODE	6754	23370	0.014776
OPCODE	1C2E	23369	0.014775
OPCODE	630A	23364	0.014772
OPCODE	66A8	23360	0.014769
OPCODE	67F8	23359	0.014769
OPCODE	3F40	23358	0.014768
OPCODE	526C	23357	0.014768
OPCODE	70FE	23355	0.014766
OPCODE	2D54	23354	0.014766
OPCODE	61E2	23354	0.014766
OPCODE	2F6C	23352	0.014764
OPCODE	3D46	23351	0.014764
OPCODE	22B8	23351	0.014764
OPCODE	A01C	23349	0.014762
OPCODE	6F3E	23347	0.014761
OPCODE	D7CC	23347	0.014761
OPCODE	2D70	23346	0.014761
OPCODE	247A	23346	0.014761
OPCODE	61BC	23343	0.014759
OPCODE	703C	23342	0.014758
OPCODE	95CA	23337	0.014755
OPCODE	9091	23333	0.014752
OPCODE	701E	23333	0.014752
OPCODE	21EB	23333	0.014752
OPCODE	296A	23333	0.014752
OPCODE	426F	23332	0.014752
OPCODE	676C	23330	0.014750
OPCODE	A871	23326	0.014748
OPCODE	276E	23324	0.014747
OPCODE	E540	23321	0.014745
OPCODE	6650	23321	0.014745
OPCODE	6E5A	23320	0.014744
OPCODE	522E	23320	0.014744
OPCODE	E940	23319	0.014743
OPCODE	2F7A	23318	0.014743
OPCODE	7240	23318	0.014743
OPCODE	5C8F	23315	0.014741
OPCODE	E358	23313	0.014740
OPCODE	6678	23312	0.014739
OPCODE	3A38	23312	0.014739
OPCODE	1A2E	23311	0.014738
OPCODE	A970	23311	0.014738
OPCODE	4204	23311	0.014738
OPCODE	1978	23311	0.014738
OPCODE	3146	23311	0.014738
OPCODE	0254	23310	0.014738
OPCODE	287A	23310	0.014738
OPCODE	1969	23310	0.014738
OPCODE	536C	23309	0.014737
OPCODE	BE46	23307	0.014736
OPCODE	B9DF	23307	0.014736
OPCODE	665A	23306	0.014735
OPCODE	A030	23304	0.014734
OPCODE	4A97	23302	0.014733
OPCODE	362C	23302	0.014733
OPCODE	9CAA	23302	0.014733
OPCODE	A97F	23302	0.014733
OPCODE	721A	23302	0.014733
OPCODE	A9B4	23301	0.014732
OPCODE	227B	23301	0.014732
OPCODE	ABF7	23301	0.014732
OPCODE	A0DD	23301	0.014732
OPCODE	C038	23300	0.014731
OPCODE	2851	23300	0.014731
OPCODE	633C	23300	0.014731
OPCODE	A8AE	23300	0.014731
OPCODE	143A	23300	0.014731
OPCODE	0C59	23300	0.014731
OPCODE	A031	23298	0.014730
OPCODE	60FA	23297	0.014730
OPCODE	2638	23295	0.014728
OPCODE	1A07	23294	0.014728
OPCODE	6E3A	23294	0.014728
OPCODE	A972	23294	0.014728
OPCODE	6F48	23293	0.014727
OPCODE	3638	23293	0.014727
OPCODE	50D0	23293	0.014727
OPCODE	60B6	23293	0.014727
OPCODE	51D0	23293	0.014727
OPCODE	3412	23293	0.014727
OPCODE	6D16	23292	0.014726
OPCODE	A911	23291	0.014726
OPCODE	A980	23289	0.014725
OPCODE	4293	23289	0.014725
OPCODE	3083	23289	0.014725
OPCODE	6F8A	23289	0.014725
OPCODE	67B2	23288	0.014724
OPCODE	F623	23280	0.014719
OPCODE	6518	23270	0.014712
OPCODE	E048	23264	0.014709
OPCODE	602C	23189	0.014661
OPCODE	6F16	23154	0.014639
OPCODE	102D	23050	0.014573
OPCODE	322F	22992	0.014537
OPCODE	4EF0	22985	0.014532
OPCODE	B9ED	22958	0.014515
OPCODE	A8E2	22905	0.014482
OPCODE	6212	22885	0.014469
OPCODE	8041	22880	0.014466
OPCODE	D1C4	22834	0.014437
OPCODE	B7C9	22825	0.014431
OPCODE	B189	22818	0.014427
OPCODE	3E10	22818	0.014427
OPCODE	66D6	22809	0.014421
OPCODE	66D0	22805	0.014418
OPCODE	43ED	22801	0.014416
OPCODE	2B49	22793	0.014411
OPCODE	2228	22748	0.014382
OPCODE	2810	22748	0.014382
OPCODE	C8B8	22628	0.014307
OPCODE	1010	22144	0.014001
OPCODE	57CC	21203	0.013406
OPCODE	E9EE	20884	0.013204
OPCODE	F620	20148	0.012739
OPCODE	B3DA	20109	0.012714
OPCODE	5368	19893	0.012577
OPCODE	082E	19762	0.012495
OPCODE	4680	19136	0.012099
OPCODE	4A13	18969	0.011993
OPCODE	584C	18957	0.011986
OPCODE	8195	18095	0.011441
OPCODE	C1C5	17780	0.011241
OPCODE	1018	17482	0.011053
OPCODE	D3CE	17408	0.011006
OPCODE	C084	16808	0.010627
OPCODE	F22A	16800	0.010622
OPCODE	51CC	16665	0.010536
OPCODE	B86E	16420	0.010382
OPCODE	B041	16261	0.010281
OPCODE	2013	16048	0.010146
OPCODE	7008	15788	0.009982
OPCODE	2212	15532	0.009820
OPCODE	C085	15341	0.009699
OPCODE	F210	15316	0.009684
OPCODE	2ADC	14620	0.009244
OPCODE	819D	14544	0.009195
OPCODE	B5CB	14432	0.009125
OPCODE	C1C6	14420	0.009117
OPCODE	382E	14411	0.009111
OPCODE	4240	14287	0.009033
OPCODE	2C2E	14196	0.008975
OPCODE	7401	13877	0.008774
OPCODE	5342	13770	0.008706
OPCODE	D5C1	13734	0.008683
OPCODE	0C44	13625	0.008614
OPCODE	6FA8	13599	0.008598
OPCODE	4A29	13547	0.008565
OPCODE	D0AC	13371	0.008454
OPCODE	3F04	13333	0.008430
OPCODE	6B14	13312	0.008417
OPCODE	B7CA	13274	0.008393
OPCODE	3A2E	13240	0.008371
OPCODE	3F05	13193	0.008341
OPCODE	422B	12883	0.008145
OPCODE	24D9	12854	0.008127
OPCODE	6052	12850	0.008124
OPCODE	4292	12833	0.008114
OPCODE	6FCC	12800	0.008093
OPCODE	4871	12800	0.008093
OPCODE	4A83	12755	0.008064
OPCODE	D010	12732	0.008050
OPCODE	0A11	12712	0.008037
OPCODE	B311	12712	0.008037
OPCODE	11A9	12712	0.008037
OPCODE	7230	12712	0.008037
OPCODE	08EB	12712	0.008037
OPCODE	66FF	12566	0.007945
OPCODE	C082	12352	0.007810
OPCODE	C1C3	12320	0.007789
OPCODE	284A	12292	0.007772
OPCODE	4A14	12288	0.007769
OPCODE	7040	12227	0.007731
OPCODE	65CA	12226	0.007730
OPCODE	202B	12214	0.007722
OPCODE	6A1E	12153	0.007684
OPCODE	DBCB	12119	0.007662
OPCODE	D9CA	12119	0.007662
OPCODE	4841	12034	0.007609
OPCODE	51CE	11794	0.007457
OPCODE	C086	11732	0.007418
OPCODE	BE8B	11725	0.007413
OPCODE	EC08	11710	0.007404
OPCODE	1033	11710	0.007404
OPCODE	1200	11292	0.007139
OPCODE	F21F	11257	0.007117
OPCODE	2005	11148	0.007048
OPCODE	3219	10629	0.006720
OPCODE	F327	10460	0.006613
OPCODE	0817	10442	0.006602
OPCODE	0C2F	10442	0.006602
OPCODE	C087	10336	0.006535
OPCODE	3408	10285	0.006503
OPCODE	16F4	10240	0.006474
OPCODE	DE84	10240	0.006474
OPCODE	1CD4	10240	0.006474
OPCODE	2268	10227	0.006466
OPCODE	D4C0	10171	0.006431
OPCODE	6CF4	10091	0.006380
OPCODE	0286	9693	0.006128
OPCODE	4A84	9624	0.006085
OPCODE	2214	9534	0.006028
OPCODE	65AA	9435	0.005965
OPCODE	0284	9433	0.005964
OPCODE	E88C	9420	0.005956
OPCODE	2C14	9418	0.005955
OPCODE	D9C6	9413	0.005951
OPCODE	B9D0	9411	0.005950
OPCODE	1814	9403	0.005945
OPCODE	B084	9324	0.005895
OPCODE	7A00	9286	0.005871
OPCODE	226C	9245	0.005845
OPCODE	122B	9112	0.005761
OPCODE	C081	9077	0.005739
OPCODE	6FE4	8991	0.005685
OPCODE	D1EB	8881	0.005615
OPCODE	588F	8863	0.005604
OPCODE	2AC6	8844	0.005592
OPCODE	57CD	8703	0.005502
OPCODE	B692	8703	0.005502
OPCODE	137C	8676	0.005485
OPCODE	6D00	8636	0.005460
OPCODE	BBCB	8398	0.005310
OPCODE	D9C1	8359	0.005285
OPCODE	1017	8326	0.005264
OPCODE	1A2B	8146	0.005150
OPCODE	4E74	7947	0.005025
OPCODE	51C9	7898	0.004994
OPCODE	264F	7859	0.004969
OPCODE	BF80	7854	0.004966
OPCODE	2D48	7843	0.004959
OPCODE	1038	7629	0.004823
OPCODE	2069	7586	0.004796
OPCODE	F518	7432	0.004699
OPCODE	11C1	7432	0.004699
OPCODE	4845	7431	0.004698
OPCODE	102B	7404	0.004681
OPCODE	0200	7283	0.004605
OPCODE	226E	7257	0.004588
OPCODE	7220	7250	0.004584
OPCODE	B380	7213	0.004560
OPCODE	22C5	7204	0.004555
OPCODE	2A00	7202	0.004553
OPCODE	C083	7189	0.004545
OPCODE	2200	7171	0.004534
OPCODE	1CEC	7168	0.004532
OPCODE	3099	7156	0.004524
OPCODE	1418	7045	0.004454
OPCODE	E088	7002	0.004427
OPCODE	601C	7000	0.004426
OPCODE	12C0	6965	0.004404
OPCODE	DC83	6912	0.004370
OPCODE	D002	6912	0.004370
OPCODE	6AF8	6881	0.004351
OPCODE	201A	6840	0.004325
OPCODE	429A	6816	0.004309
OPCODE	42AA	6795	0.004296
OPCODE	00AE	6790	0.004293
OPCODE	6168	6602	0.004174
OPCODE	6A10	6530	0.004129
OPCODE	022B	6517	0.004120
OPCODE	B440	6513	0.004118
OPCODE	4A02	6436	0.004069
OPCODE	002B	6433	0.004067
OPCODE	D282	6432	0.004067
OPCODE	72FF	6411	0.004053
OPCODE	6170	6385	0.004037
OPCODE	1743	6368	0.004026
OPCODE	6794	6364	0.004024
OPCODE	162B	6362	0.004022
OPCODE	08AB	6360	0.004021
OPCODE	6126	6358	0.004020
OPCODE	0211	6356	0.004019
OPCODE	176B	6356	0.004019
OPCODE	1741	6356	0.004019
OPCODE	617A	6356	0.004019
OPCODE	C211	6356	0.004019
OPCODE	1343	6356	0.004019
OPCODE	4483	6356	0.004019
OPCODE	7640	6356	0.004019
OPCODE	0029	6356	0.004019
OPCODE	C600	6356	0.004019
OPCODE	6A4E	6356	0.004019
OPCODE	E809	6356	0.004019
OPCODE	C12B	6356	0.004019
OPCODE	E90B	6356	0.004019
OPCODE	1601	6356	0.004019
OPCODE	0003	6356	0.004019
OPCODE	396C	6221	0.003933
OPCODE	4A85	6220	0.003933
OPCODE	8029	6210	0.003926
OPCODE	7080	6210	0.003926
OPCODE	671E	6202	0.003921
OPCODE	6FAA	6161	0.003895
OPCODE	600C	6137	0.003880
OPCODE	B085	6054	0.003828
OPCODE	1A14	6022	0.003807
OPCODE	E88D	6022	0.003807
OPCODE	0285	6022	0.003807
OPCODE	4A01	6008	0.003799
OPCODE	60B0	5994	0.003790
OPCODE	D8C8	5976	0.003778
OPCODE	DAC8	5976	0.003778
OPCODE	56CB	5913	0.003739
OPCODE	41E9	5909	0.003736
OPCODE	6D34	5899	0.003730
OPCODE	1013	5884	0.003720
OPCODE	C004	5873	0.003713
OPCODE	67F6	5865	0.003708
OPCODE	81AE	5861	0.003706
OPCODE	60C8	5856	0.003702
OPCODE	C195	5820	0.003680
OPCODE	22FB	5760	0.003642
OPCODE	E298	5658	0.003577
OPCODE	B3CA	5564	0.003518
OPCODE	E5A8	5540	0.003503
OPCODE	1232	5520	0.003490
OPCODE	204A	5410	0.003420
OPCODE	6B02	5340	0.003376
OPCODE	D0F0	5325	0.003367
OPCODE	6F12	5285	0.003341
OPCODE	D2F1	5283	0.003340
OPCODE	3D40	5258	0.003324
OPCODE	48EE	5249	0.003319
OPCODE	6A16	5229	0.003306
OPCODE	802E	5229	0.003306
OPCODE	0401	5221	0.003301
OPCODE	C02E	5221	0.003301
OPCODE	EDC0	5221	0.003301
OPCODE	2601	5162	0.003264
OPCODE	D881	5124	0.003240
OPCODE	740F	5090	0.003218
OPCODE	2415	5062	0.003200
OPCODE	6A18	5000	0.003161
OPCODE	2004	4965	0.003139
OPCODE	342E	4944	0.003126
OPCODE	487A	4928	0.003116
OPCODE	2AC0	4903	0.003100
OPCODE	DACB	4902	0.003099
OPCODE	6446	4827	0.003052
OPCODE	60BC	4825	0.003051
OPCODE	6610	4759	0.003009
OPCODE	6900	4744	0.002999
OPCODE	2003	4710	0.002978
OPCODE	4A12	4675	0.002956
OPCODE	43F0	4627	0.002925
OPCODE	2411	4622	0.002922
OPCODE	2854	4600	0.002908
OPCODE	6B2A	4592	0.002903
OPCODE	B641	4574	0.002892
OPCODE	206F	4569	0.002889
OPCODE	4EAD	4531	0.002865
OPCODE	6A34	4518	0.002857
OPCODE	D7CE	4518	0.002857
OPCODE	6B50	4480	0.002832
OPCODE	34FC	4477	0.002831
OPCODE	3206	4472	0.002827
OPCODE	C284	4465	0.002823
OPCODE	6B10	4443	0.002809
OPCODE	B181	4418	0.002793
OPCODE	536E	4363	0.002759
OPCODE	51CD	4330	0.002738
OPCODE	2D49	4329	0.002737
OPCODE	D280	4314	0.002728
OPCODE	C3C0	4224	0.002671
OPCODE	9243	4200	0.002655
OPCODE	D281	4098	0.002591
OPCODE	3019	4086	0.002583
OPCODE	2452	4037	0.002552
OPCODE	E548	3956	0.002501
OPCODE	E288	3932	0.002486
OPCODE	1029	3918	0.002477
OPCODE	B1CA	3916	0.002476
OPCODE	65D4	3911	0.002473
OPCODE	8081	3903	0.002468
OPCODE	6E22	3892	0.002461
OPCODE	E9D3	3878	0.002452
OPCODE	674A	3871	0.002447
OPCODE	8480	3868	0.002446
OPCODE	C485	3862	0.002442
OPCODE	2A82	3862	0.002442
OPCODE	103B	3861	0.002441
OPCODE	34C0	3782	0.002391
OPCODE	B3F8	3748	0.002370
OPCODE	D0AE	3748	0.002370
OPCODE	22C0	3730	0.002358
OPCODE	E080	3720	0.002352
OPCODE	2428	3719	0.002351
OPCODE	1229	3718	0.002351
OPCODE	2619	3707	0.002344
OPCODE	601E	3700	0.002339
OPCODE	3D6E	3697	0.002337
OPCODE	D080	3695	0.002336
OPCODE	266B	3686	0.002330
OPCODE	7603	3673	0.002322
OPCODE	B06E	3617	0.002287
OPCODE	2089	3617	0.002287
OPCODE	F219	3614	0.002285
OPCODE	F211	3614	0.002285
OPCODE	E881	3592	0.002271
OPCODE	2059	3572	0.002258
OPCODE	6114	3568	0.002256
OPCODE	C4B8	3560	0.002251
OPCODE	3D7C	3515	0.002222
OPCODE	D3C2	3485	0.002203
OPCODE	B846	3475	0.002197
OPCODE	61C6	3452	0.002183
OPCODE	6D18	3442	0.002176
OPCODE	B842	3442	0.002176
OPCODE	2080	3436	0.002172
OPCODE	0880	3423	0.002164
OPCODE	4241	3394	0.002146
OPCODE	9440	3389	0.002143
OPCODE	B081	3387	0.002141
OPCODE	6B0E	3317	0.002097
OPCODE	E980	3317	0.002097
OPCODE	E449	3312	0.002094
OPCODE	2018	3272	0.002069
OPCODE	0642	3272	0.002069
OPCODE	9481	3267	0.002066
OPCODE	6756	3246	0.002052
OPCODE	45EE	3243	0.002050
OPCODE	6E08	3222	0.002037
OPCODE	C100	3220	0.002036
OPCODE	676E	3195	0.002020
OPCODE	3D42	3181	0.002011
OPCODE	4844	3170	0.002004
OPCODE	EA46	3158	0.001997
OPCODE	2204	3148	0.001990
OPCODE	C2FC	3145	0.001988
OPCODE	D0FB	3144	0.001988
OPCODE	1E80	3143	0.001987
OPCODE	D1AE	3139	0.001985
OPCODE	D5CE	3139	0.001985
OPCODE	282A	3133	0.001981
OPCODE	227A	3129	0.001978
OPCODE	67E8	3129	0.001978
OPCODE	D041	3128	0.001978
OPCODE	286A	3114	0.001969
OPCODE	357C	3108	0.001965
OPCODE	E808	3107	0.001964
OPCODE	B202	3105	0.001963
OPCODE	52A9	3105	0.001963
OPCODE	1429	3105	0.001963
OPCODE	262A	3105	0.001963
OPCODE	0197	3105	0.001963
OPCODE	0828	3103	0.001962
OPCODE	0201	3090	0.001954
OPCODE	D245	3085	0.001950
OPCODE	9087	3079	0.001947
OPCODE	3805	3056	0.001932
OPCODE	9381	3055	0.001932
OPCODE	E899	3055	0.001932
OPCODE	A193	3055	0.001932
OPCODE	9681	3055	0.001932
OPCODE	2A19	3055	0.001932
OPCODE	4401	3055	0.001932
OPCODE	3819	3055	0.001932
OPCODE	E999	3055	0.001932
OPCODE	D981	3055	0.001932
OPCODE	0685	3052	0.001930
OPCODE	D243	3046	0.001926
OPCODE	65E6	3040	0.001922
OPCODE	0812	3038	0.001921
OPCODE	3012	3035	0.001919
OPCODE	67F4	3018	0.001908
OPCODE	2447	2995	0.001894
OPCODE	B388	2988	0.001889
OPCODE	C904	2976	0.001882
OPCODE	C502	2976	0.001882
OPCODE	C301	2976	0.001882
OPCODE	C703	2976	0.001882
OPCODE	CB05	2976	0.001882
OPCODE	B3C8	2959	0.001871
OPCODE	4681	2911	0.001840
OPCODE	2800	2877	0.001819
OPCODE	4218	2791	0.001765
OPCODE	6402	2745	0.001736
OPCODE	4643	2732	0.001727
OPCODE	78FF	2699	0.001706
OPCODE	3A00	2694	0.001703
OPCODE	B1AE	2684	0.001697
OPCODE	6B7C	2684	0.001697
OPCODE	2081	2662	0.001683
OPCODE	32D8	2639	0.001669
OPCODE	6738	2634	0.001665
OPCODE	9041	2622	0.001658
OPCODE	3D41	2617	0.001655
OPCODE	C440	2603	0.001646
OPCODE	E098	2576	0.001629
OPCODE	B458	2562	0.001620
OPCODE	3480	2560	0.001619
OPCODE	4210	2556	0.001616
OPCODE	7800	2543	0.001608
OPCODE	D481	2517	0.001591
OPCODE	B258	2511	0.001588
OPCODE	B658	2479	0.001567
OPCODE	2245	2478	0.001567
OPCODE	B858	2478	0.001567
OPCODE	2D6E	2473	0.001564
OPCODE	2A09	2466	0.001559
OPCODE	2D68	2449	0.001548
OPCODE	D2B1	2449	0.001548
OPCODE	B2A9	2446	0.001546
OPCODE	2053	2445	0.001546
OPCODE	BA6E	2436	0.001540
OPCODE	52B8	2417	0.001528
OPCODE	6A0A	2413	0.001526
OPCODE	6D1C	2404	0.001520
OPCODE	B580	2400	0.001517
OPCODE	3400	2387	0.001509
OPCODE	6538	2381	0.001505
OPCODE	2341	2380	0.001505
OPCODE	46FC	2378	0.001503
OPCODE	BFD1	2375	0.001502
OPCODE	BFC0	2375	0.001502
OPCODE	B070	2372	0.001500
OPCODE	B5CC	2370	0.001498
OPCODE	B480	2366	0.001496
OPCODE	60CC	2366	0.001496
OPCODE	322E	2347	0.001484
OPCODE	701F	2325	0.001470
OPCODE	D2AE	2313	0.001462
OPCODE	1014	2297	0.001452
OPCODE	24C6	2292	0.001449
OPCODE	1019	2282	0.001443
OPCODE	62D8	2280	0.001442
OPCODE	E888	2280	0.001442
OPCODE	02AE	2256	0.001426
OPCODE	3601	2252	0.001424
OPCODE	6A06	2251	0.001423
OPCODE	2618	2219	0.001403
OPCODE	2470	2216	0.001401
OPCODE	E9E9	2216	0.001401
OPCODE	4A90	2214	0.001400
OPCODE	28C5	2187	0.001383
OPCODE	50EE	2186	0.001382
OPCODE	7801	2175	0.001375
OPCODE	66A0	2161	0.001366
OPCODE	7007	2152	0.001361
OPCODE	4870	2152	0.001361
OPCODE	2654	2149	0.001359
OPCODE	3818	2146	0.001357
OPCODE	6F0A	2139	0.001352
OPCODE	3C01	2130	0.001347
OPCODE	3205	2124	0.001343
OPCODE	B847	2120	0.001340
OPCODE	2241	2110	0.001334
OPCODE	9045	2104	0.001330
OPCODE	3007	2102	0.001329
OPCODE	C3C5	2100	0.001328
OPCODE	9245	2100	0.001328
OPCODE	C3C3	2100	0.001328
OPCODE	5345	2087	0.001320
OPCODE	2D4F	2079	0.001314
OPCODE	654E	2064	0.001305
OPCODE	0680	2047	0.001294
OPCODE	3203	2047	0.001294
OPCODE	D442	2034	0.001286
OPCODE	91AE	2022	0.001278
OPCODE	6416	2018	0.001276
OPCODE	2001	2015	0.001274
OPCODE	5141	2014	0.001273
OPCODE	B091	2012	0.001272
OPCODE	34C1	2011	0.001271
OPCODE	2AC1	2000	0.001265
OPCODE	2815	2000	0.001265
OPCODE	8287	2000	0.001265
OPCODE	CE81	2000	0.001265
OPCODE	E9D2	2000	0.001265
OPCODE	28C4	2000	0.001265
OPCODE	0686	2000	0.001265
OPCODE	2378	1984	0.001254
OPCODE	302B	1980	0.001252
OPCODE	B042	1979	0.001251
OPCODE	2D59	1978	0.001251
OPCODE	24C0	1957	0.001237
OPCODE	D2C1	1944	0.001229
OPCODE	584B	1938	0.001225
OPCODE	673A	1913	0.001209
OPCODE	5341	1894	0.001197
OPCODE	2034	1890	0.001195
OPCODE	47EB	1887	0.001193
OPCODE	5246	1886	0.001192
OPCODE	6612	1881	0.001189
OPCODE	1B40	1875	0.001185
OPCODE	6420	1871	0.001183
OPCODE	9280	1851	0.001170
OPCODE	41F0	1846	0.001167
OPCODE	D444	1840	0.001163
OPCODE	1212	1818	0.001149
OPCODE	3E3C	1816	0.001148
OPCODE	366E	1810	0.001144
OPCODE	E16B	1805	0.001141
OPCODE	C447	1800	0.001138
OPCODE	EFC6	1800	0.001138
OPCODE	E9C5	1800	0.001138
OPCODE	1480	1792	0.001133
OPCODE	20FB	1784	0.001128
OPCODE	4242	1782	0.001127
OPCODE	4843	1774	0.001122
OPCODE	B681	1772	0.001120
OPCODE	3403	1771	0.001120
OPCODE	D0FC	1761	0.001113
OPCODE	4440	1750	0.001106
OPCODE	BE6E	1741	0.001101
OPCODE	0C05	1727	0.001092
OPCODE	C247	1714	0.001084
OPCODE	B5C8	1705	0.001078
OPCODE	4EFA	1704	0.001077
OPCODE	1A19	1701	0.001075
OPCODE	5247	1698	0.001074
OPCODE	280A	1696	0.001072
OPCODE	9A6E	1689	0.001068
OPCODE	302A	1677	0.001060
OPCODE	2A01	1665	0.001053
OPCODE	6012	1665	0.001053
OPCODE	4A46	1662	0.001051
OPCODE	4227	1659	0.001049
OPCODE	48AE	1656	0.001047
OPCODE	3C02	1655	0.001046
OPCODE	3F00	1651	0.001044
OPCODE	0C6E	1651	0.001044
OPCODE	2483	1650	0.001043
OPCODE	4C00	1632	0.001032
OPCODE	663E	1627	0.001029
OPCODE	9C44	1620	0.001024
OPCODE	206C	1618	0.001023
OPCODE	4ED2	1618	0.001023
OPCODE	9441	1617	0.001022
OPCODE	5848	1615	0.001021
OPCODE	91C8	1615	0.001021
OPCODE	DBC4	1609	0.001017
OPCODE	0C2D	1606	0.001015
OPCODE	3230	1600	0.001012
OPCODE	D443	1598	0.001010
OPCODE	12DC	1594	0.001008
OPCODE	3630	1594	0.001008
OPCODE	2830	1588	0.001004
OPCODE	3430	1588	0.001004
OPCODE	E04B	1588	0.001004
OPCODE	D66E	1588	0.001004
OPCODE	62B4	1588	0.001004
OPCODE	D8AE	1588	0.001004
OPCODE	D9AE	1588	0.001004
OPCODE	1D6E	1587	0.001003
OPCODE	4481	1586	0.001003
OPCODE	60C0	1586	0.001003
OPCODE	E169	1581	0.001000
OPCODE	3D70	1581	0.001000
OPCODE	E54E	1579	0.000998
OPCODE	E29C	1579	0.000998
OPCODE	380B	1579	0.000998
OPCODE	E16A	1579	0.000998
OPCODE	DE2E	1579	0.000998
OPCODE	E4A4	1579	0.000998
OPCODE	D9C4	1579	0.000998
OPCODE	DAC6	1579	0.000998
OPCODE	E384	1579	0.000998
OPCODE	3C03	1579	0.000998
OPCODE	C8C0	1579	0.000998
OPCODE	486F	1573	0.000995
OPCODE	B0AE	1570	0.000993
OPCODE	22DF	1570	0.000993
OPCODE	2F11	1567	0.000991
OPCODE	18D8	1566	0.000990
OPCODE	5149	1565	0.000989
OPCODE	22E8	1565	0.000989
OPCODE	7020	1565	0.000989
OPCODE	2246	1564	0.000989
OPCODE	3250	1559	0.000986
OPCODE	D0C9	1558	0.000985
OPCODE	B3FA	1558	0.000985
OPCODE	20C0	1557	0.000984
OPCODE	56EE	1539	0.000973
OPCODE	5346	1518	0.000960
OPCODE	4842	1510	0.000955
OPCODE	2438	1505	0.000952
OPCODE	DACC	1504	0.000951
OPCODE	2C05	1503	0.000950
OPCODE	2044	1503	0.000950
OPCODE	0C45	1496	0.000946
OPCODE	3001	1484	0.000938
OPCODE	CF46	1482	0.000937
OPCODE	11FC	1480	0.000936
OPCODE	286C	1480	0.000936
OPCODE	0440	1473	0.000931
OPCODE	22DC	1468	0.000928
OPCODE	202A	1468	0.000928
OPCODE	8310	1463	0.000925
OPCODE	5181	1463	0.000925
OPCODE	0210	1463	0.000925
OPCODE	74FF	1461	0.000924
OPCODE	4A69	1458	0.000922
OPCODE	4E92	1452	0.000918
OPCODE	177C	1451	0.000917
OPCODE	6E28	1451	0.000917
OPCODE	0480	1446	0.000914
OPCODE	4EED	1443	0.000912
OPCODE	BBFC	1443	0.000912
OPCODE	4C98	1426	0.000902
OPCODE	0C41	1413	0.000893
OPCODE	5542	1412	0.000893
OPCODE	2052	1412	0.000893
OPCODE	D06E	1408	0.000890
OPCODE	22D0	1407	0.000890
OPCODE	362E	1401	0.000886
OPCODE	0080	1399	0.000885
OPCODE	673E	1395	0.000882
OPCODE	4A6B	1384	0.000875
OPCODE	D853	1384	0.000875
OPCODE	504B	1384	0.000875
OPCODE	6B26	1382	0.000874
OPCODE	2A0E	1364	0.000862
OPCODE	66E0	1363	0.000862
OPCODE	D680	1361	0.000860
OPCODE	93C9	1358	0.000859
OPCODE	3046	1356	0.000857
OPCODE	3406	1356	0.000857
OPCODE	2488	1356	0.000857
OPCODE	2041	1352	0.000855
OPCODE	0810	1350	0.000854
OPCODE	C480	1348	0.000852
OPCODE	2145	1337	0.000845
OPCODE	56C0	1331	0.000842
OPCODE	6022	1331	0.000842
OPCODE	3619	1331	0.000842
OPCODE	4443	1328	0.000840
OPCODE	94C4	1326	0.000838
OPCODE	96C4	1326	0.000838
OPCODE	9284	1326	0.000838
OPCODE	9C80	1326	0.000838
OPCODE	DC43	1326	0.000838
OPCODE	7820	1326	0.000838
OPCODE	C640	1326	0.000838
OPCODE	E54C	1326	0.000838
OPCODE	21C8	1316	0.000832
OPCODE	700A	1290	0.000816
OPCODE	9051	1286	0.000813
OPCODE	E28A	1285	0.000812
OPCODE	6D04	1284	0.000812
OPCODE	21DF	1280	0.000809
OPCODE	4A1B	1280	0.000809
OPCODE	9044	1276	0.000807
OPCODE	66F4	1275	0.000806
OPCODE	67E0	1272	0.000804
OPCODE	6162	1262	0.000798
OPCODE	0282	1261	0.000797
OPCODE	4243	1260	0.000797
OPCODE	B7D6	1259	0.000796
OPCODE	0802	1256	0.000794
OPCODE	6F14	1254	0.000793
OPCODE	B451	1240	0.000784
OPCODE	C02B	1240	0.000784
OPCODE	2A2E	1238	0.000783
OPCODE	43EA	1237	0.000782
OPCODE	B452	1234	0.000780
OPCODE	E499	1232	0.000779
OPCODE	C094	1227	0.000776
OPCODE	282E	1224	0.000774
OPCODE	2032	1217	0.000769
OPCODE	5286	1215	0.000768
OPCODE	D1C2	1213	0.000767
OPCODE	42B8	1205	0.000762
OPCODE	22C1	1205	0.000762
OPCODE	B2B0	1205	0.000762
OPCODE	61CE	1203	0.000761
OPCODE	12D8	1203	0.000761
OPCODE	201C	1200	0.000759
OPCODE	B21A	1200	0.000759
OPCODE	E819	1200	0.000759
OPCODE	1230	1192	0.000754
OPCODE	28C1	1191	0.000753
OPCODE	6C00	1191	0.000753
OPCODE	261A	1191	0.000753
OPCODE	3828	1189	0.000752
OPCODE	1169	1185	0.000749
OPCODE	6400	1184	0.000749
OPCODE	2A6E	1180	0.000746
OPCODE	1D7C	1178	0.000745
OPCODE	1411	1177	0.000744
OPCODE	6102	1177	0.000744
OPCODE	5241	1172	0.000741
OPCODE	3D5C	1164	0.000736
OPCODE	2648	1156	0.000731
OPCODE	1481	1155	0.000730
OPCODE	640A	1155	0.000730
OPCODE	E9D1	1148	0.000726
OPCODE	6648	1144	0.000723
OPCODE	E348	1141	0.000721
OPCODE	56CA	1138	0.000720
OPCODE	6A2E	1134	0.000717
OPCODE	6A00	1133	0.000716
OPCODE	D086	1131	0.000715
OPCODE	2855	1129	0.000714
OPCODE	301A	1126	0.000712
OPCODE	6772	1125	0.000711
OPCODE	C240	1123	0.000710
OPCODE	2230	1114	0.000704
OPCODE	2272	1108	0.000701
OPCODE	B231	1108	0.000701
OPCODE	60A2	1108	0.000701
OPCODE	323C	1106	0.000699
OPCODE	B481	1093	0.000691
OPCODE	24D8	1091	0.000690
OPCODE	321F	1090	0.000689
OPCODE	264A	1088	0.000688
OPCODE	B4AC	1083	0.000685
OPCODE	D1C9	1081	0.000683
OPCODE	306C	1081	0.000683
OPCODE	3E2E	1078	0.000682
OPCODE	92AA	1074	0.000679
OPCODE	49EC	1074	0.000679
OPCODE	E1AC	1074	0.000679
OPCODE	2D50	1064	0.000673
OPCODE	30C2	1063	0.000672
OPCODE	2012	1063	0.000672
OPCODE	0803	1062	0.000671
OPCODE	28C0	1054	0.000666
OPCODE	8A87	1053	0.000666
OPCODE	E1AD	1053	0.000666
OPCODE	8886	1053	0.000666
OPCODE	E282	1053	0.000666
OPCODE	5C40	1051	0.000664
OPCODE	B005	1050	0.000664
OPCODE	B1EE	1049	0.000663
OPCODE	6A08	1041	0.000658
OPCODE	426C	1038	0.000656
OPCODE	1006	1034	0.000654
OPCODE	B46E	1033	0.000653
OPCODE	21F8	1030	0.000651
OPCODE	30C1	1029	0.000651
OPCODE	2F29	1027	0.000649
OPCODE	DEC0	1027	0.000649
OPCODE	2F1E	1026	0.000649
OPCODE	5245	1026	0.000649
OPCODE	4A45	1026	0.000649
OPCODE	2D1F	1026	0.000649
OPCODE	E988	1024	0.000647
OPCODE	12C6	1024	0.000647
OPCODE	2650	1022	0.000646
OPCODE	221A	1013	0.000640
OPCODE	2288	1000	0.000632
OPCODE	9EC0	1000	0.000632
OPCODE	2F10	999	0.000632
OPCODE	CF45	996	0.000630
OPCODE	6EAE	991	0.000627
OPCODE	6F3A	988	0.000625
OPCODE	47EE	984	0.000622
OPCODE	30C3	983	0.000622
OPCODE	30C4	975	0.000616
OPCODE	67D0	972	0.000615
OPCODE	60E8	969	0.000613
OPCODE	243C	968	0.000612
OPCODE	4EB5	964	0.000609
OPCODE	61E8	957	0.000605
OPCODE	3D43	951	0.000601
OPCODE	E880	949	0.000600
OPCODE	B898	948	0.000599
OPCODE	26C6	948	0.000599
OPCODE	222C	939	0.000594
OPCODE	342A	937	0.000592
OPCODE	1001	931	0.000589
OPCODE	6FE8	931	0.000589
OPCODE	3D7A	930	0.000588
OPCODE	04FA	930	0.000588
OPCODE	EC80	930	0.000588
OPCODE	5080	928	0.000587
OPCODE	56C9	925	0.000585
OPCODE	916E	924	0.000584
OPCODE	48E6	923	0.000584
OPCODE	E84A	922	0.000583
OPCODE	3D6A	920	0.000582
OPCODE	6504	918	0.000580
OPCODE	E290	916	0.000579
OPCODE	14EB	910	0.000575
OPCODE	2480	909	0.000575
OPCODE	3080	898	0.000568
OPCODE	D082	897	0.000567
OPCODE	E198	896	0.000566
OPCODE	4CDE	893	0.000565
OPCODE	1400	892	0.000564
OPCODE	60DA	889	0.000562
OPCODE	8198	882	0.000558
OPCODE	226A	880	0.000556
OPCODE	9251	880	0.000556
OPCODE	322A	878	0.000555
OPCODE	21EF	877	0.000554
OPCODE	0C46	874	0.000553
OPCODE	4441	874	0.000553
OPCODE	7014	869	0.000549
OPCODE	2F2C	867	0.000548
OPCODE	C280	861	0.000544
OPCODE	1D42	858	0.000542
OPCODE	363C	856	0.000541
OPCODE	2802	856	0.000541
OPCODE	322B	849	0.000537
OPCODE	202F	848	0.000536
OPCODE	2E6E	848	0.000536
OPCODE	B251	844	0.000534
OPCODE	5BC8	843	0.000533
OPCODE	2E28	843	0.000533
OPCODE	3140	841	0.000532
OPCODE	6F02	841	0.000532
OPCODE	3F01	839	0.000530
OPCODE	D16E	838	0.000530
OPCODE	21EC	838	0.000530
OPCODE	2255	833	0.000527
OPCODE	2F04	831	0.000525
OPCODE	B069	823	0.000520
OPCODE	C283	818	0.000517
OPCODE	C481	816	0.000516
OPCODE	2348	815	0.000515
OPCODE	E1A9	814	0.000515
OPCODE	45EA	807	0.000510
OPCODE	45E8	805	0.000509
OPCODE	58AC	803	0.000508
OPCODE	1005	802	0.000507
OPCODE	6408	802	0.000507
OPCODE	606A	797	0.000504
OPCODE	4290	797	0.000504
OPCODE	20A9	792	0.000501
OPCODE	32E8	790	0.000499
OPCODE	BA47	789	0.000499
OPCODE	1BAD	786	0.000497
OPCODE	3F03	785	0.000496
OPCODE	66DE	784	0.000496
OPCODE	301B	783	0.000495
OPCODE	6124	783	0.000495
OPCODE	2254	781	0.000494
OPCODE	66EA	778	0.000492
OPCODE	2401	775	0.000490
OPCODE	6406	774	0.000489
OPCODE	21C9	772	0.000488
OPCODE	2418	772	0.000488
OPCODE	E448	771	0.000487
OPCODE	34D8	771	0.000487
OPCODE	5280	768	0.000486
OPCODE	7C00	764	0.000483
OPCODE	0CAE	758	0.000479
OPCODE	1759	754	0.000477
OPCODE	1419	750	0.000474
OPCODE	B099	750	0.000474
OPCODE	6660	750	0.000474
OPCODE	6C10	749	0.000474
OPCODE	486D	747	0.000472
OPCODE	6B0A	744	0.000470
OPCODE	B9EE	743	0.000470
OPCODE	60B4	743	0.000470
OPCODE	6042	742	0.000469
OPCODE	1684	738	0.000467
OPCODE	6018	737	0.000466
OPCODE	4A92	736	0.000465
OPCODE	D278	732	0.000463
OPCODE	2F50	726	0.000459
OPCODE	0882	723	0.000457
OPCODE	5344	715	0.000452
OPCODE	41F1	714	0.000451
OPCODE	B087	713	0.000451
OPCODE	4846	712	0.000450
OPCODE	5049	711	0.000450
OPCODE	90B8	710	0.000449
OPCODE	6F58	702	0.000444
OPCODE	2819	701	0.000443
OPCODE	D269	696	0.000440
OPCODE	9282	693	0.000438
OPCODE	D08F	691	0.000437
OPCODE	6444	689	0.000436
OPCODE	5888	688	0.000435
OPCODE	6448	686	0.000434
OPCODE	3D5B	685	0.000433
OPCODE	B0A8	684	0.000432
OPCODE	C285	681	0.000431
OPCODE	6FB8	680	0.000430
OPCODE	4684	680	0.000430
OPCODE	C14D	678	0.000429
OPCODE	4206	677	0.000428
OPCODE	6A14	672	0.000425
OPCODE	08C0	668	0.000422
OPCODE	6118	665	0.000420
OPCODE	B9E8	664	0.000420
OPCODE	B673	663	0.000419
OPCODE	397C	663	0.000419
OPCODE	3633	663	0.000419
OPCODE	60F2	662	0.000419
OPCODE	B282	660	0.000417
OPCODE	B647	660	0.000417
OPCODE	664A	658	0.000416
OPCODE	3604	658	0.000416
OPCODE	906E	655	0.000414
OPCODE	2A06	655	0.000414
OPCODE	8A84	652	0.000412
OPCODE	C892	652	0.000412
OPCODE	6BDC	652	0.000412
OPCODE	24C5	652	0.000412
OPCODE	CA84	652	0.000412
OPCODE	2149	651	0.000412
OPCODE	2A6D	644	0.000407
OPCODE	2E03	644	0.000407
OPCODE	2022	644	0.000407
OPCODE	4ED3	642	0.000406
OPCODE	E14D	642	0.000406
OPCODE	0482	642	0.000406
OPCODE	2F2B	641	0.000405
OPCODE	DAC7	640	0.000405
OPCODE	6FAC	640	0.000405
OPCODE	EE80	640	0.000405
OPCODE	D8C6	640	0.000405
OPCODE	4A87	636	0.000402
OPCODE	D646	630	0.000398
OPCODE	D8EE	627	0.000396
OPCODE	D241	626	0.000396
OPCODE	70F0	625	0.000395
OPCODE	D0A8	621	0.000393
OPCODE	2D4D	618	0.000391
OPCODE	74F0	617	0.000390
OPCODE	5189	617	0.000390
OPCODE	66F8	617	0.000390
OPCODE	2489	615	0.000389
OPCODE	C010	615	0.000389
OPCODE	B110	615	0.000389
OPCODE	8510	615	0.000389
OPCODE	B511	615	0.000389
OPCODE	5889	615	0.000389
OPCODE	20CE	615	0.000389
OPCODE	8111	615	0.000389
OPCODE	C411	615	0.000389
OPCODE	2140	613	0.000388
OPCODE	32C1	613	0.000388
OPCODE	5A41	611	0.000386
OPCODE	664C	610	0.000386
OPCODE	2F48	610	0.000386
OPCODE	2868	609	0.000385
OPCODE	2948	607	0.000384
OPCODE	4269	606	0.000383
OPCODE	322C	606	0.000383
OPCODE	06A1	605	0.000383
OPCODE	4ED4	605	0.000383
OPCODE	5261	605	0.000383
OPCODE	0651	605	0.000383
OPCODE	5882	604	0.000382
OPCODE	B443	601	0.000380
OPCODE	234C	600	0.000379
OPCODE	48C2	595	0.000376
OPCODE	2B41	593	0.000375
OPCODE	65E4	593	0.000375
OPCODE	B4B1	592	0.000374
OPCODE	9053	592	0.000374
OPCODE	50ED	591	0.000374
OPCODE	E04A	591	0.000374
OPCODE	C02D	591	0.000374
OPCODE	1B6B	591	0.000374
OPCODE	082D	591	0.000374
OPCODE	65F0	588	0.000372
OPCODE	6060	587	0.000371
OPCODE	619A	586	0.000370
OPCODE	2649	586	0.000370
OPCODE	E859	585	0.000370
OPCODE	E959	585	0.000370
OPCODE	21F0	580	0.000367
OPCODE	6758	579	0.000366
OPCODE	2F0D	577	0.000365
OPCODE	2A5F	577	0.000365
OPCODE	6308	574	0.000363
OPCODE	EA81	570	0.000360
OPCODE	2602	569	0.000360
OPCODE	D9C0	568	0.000359
OPCODE	1282	567	0.000358
OPCODE	66EE	565	0.000357
OPCODE	0092	564	0.000357
OPCODE	254E	564	0.000357
OPCODE	1D40	561	0.000355
OPCODE	B894	558	0.000353
OPCODE	2608	556	0.000352
OPCODE	240A	556	0.000352
OPCODE	1D78	553	0.000350
OPCODE	41EC	553	0.000350
OPCODE	3002	553	0.000350
OPCODE	2D44	551	0.000348
OPCODE	2655	549	0.000347
OPCODE	7EFF	546	0.000345
OPCODE	20EE	546	0.000345
OPCODE	2542	545	0.000345
OPCODE	B044	542	0.000343
OPCODE	284B	539	0.000341
OPCODE	66E6	538	0.000340
OPCODE	9443	538	0.000340
OPCODE	6B28	538	0.000340
OPCODE	93AA	537	0.000340
OPCODE	46C3	537	0.000340
OPCODE	56C3	537	0.000340
OPCODE	D5AA	537	0.000340
OPCODE	C229	537	0.000340
OPCODE	1482	537	0.000340
OPCODE	BC5B	537	0.000340
OPCODE	E94A	537	0.000340
OPCODE	45E9	537	0.000340
OPCODE	C601	537	0.000340
OPCODE	D2A9	537	0.000340
OPCODE	1F02	537	0.000340
OPCODE	9411	537	0.000340
OPCODE	D62A	537	0.000340
OPCODE	9611	537	0.000340
OPCODE	1541	537	0.000340
OPCODE	40C3	537	0.000340
OPCODE	936E	536	0.000339
OPCODE	21D0	535	0.000338
OPCODE	0243	533	0.000337
OPCODE	B2AA	533	0.000337
OPCODE	32FC	532	0.000336
OPCODE	32C0	529	0.000334
OPCODE	67DA	527	0.000333
OPCODE	612A	526	0.000333
OPCODE	9042	525	0.000332
OPCODE	3419	525	0.000332
OPCODE	3F07	523	0.000331
OPCODE	7203	520	0.000329
OPCODE	5048	519	0.000328
OPCODE	2F80	518	0.000328
OPCODE	D2C0	518	0.000328
OPCODE	2275	517	0.000327
OPCODE	2244	517	0.000327
OPCODE	C947	517	0.000327
OPCODE	3F70	516	0.000326
OPCODE	C200	513	0.000324
OPCODE	6D0A	513	0.000324
OPCODE	EFC2	512	0.000324
OPCODE	B090	511	0.000323
OPCODE	2941	510	0.000322
OPCODE	6A0E	508	0.000321
OPCODE	61B0	507	0.000321
OPCODE	22AE	506	0.000320
OPCODE	2F20	504	0.000319
OPCODE	225A	504	0.000319
OPCODE	205A	504	0.000319
OPCODE	D7CD	502	0.000317
OPCODE	B05B	499	0.000315
OPCODE	9069	499	0.000315
OPCODE	22C6	498	0.000315
OPCODE	41F9	498	0.000315
OPCODE	2C56	496	0.000314
OPCODE	0883	494	0.000312
OPCODE	08AE	493	0.000312
OPCODE	D4C3	489	0.000309
OPCODE	61D8	488	0.000309
OPCODE	A024	487	0.000308
OPCODE	1F11	487	0.000308
OPCODE	129F	487	0.000308
OPCODE	61E0	486	0.000307
OPCODE	55C7	486	0.000307
OPCODE	08E8	484	0.000306
OPCODE	2F06	484	0.000306
OPCODE	3F02	483	0.000305
OPCODE	43EF	483	0.000305
OPCODE	6B34	483	0.000305
OPCODE	2817	482	0.000305
OPCODE	67F0	481	0.000304
OPCODE	DBC8	480	0.000303
OPCODE	D5C9	480	0.000303
OPCODE	C882	480	0.000303
OPCODE	D7C9	480	0.000303
OPCODE	6ED4	480	0.000303
OPCODE	D4C4	480	0.000303
OPCODE	D085	480	0.000303
OPCODE	2C2F	480	0.000303
OPCODE	0C6D	479	0.000303
OPCODE	2019	478	0.000302
OPCODE	1140	478	0.000302
OPCODE	0C6B	478	0.000302
OPCODE	BC6E	477	0.000302
OPCODE	610C	477	0.000302
OPCODE	6A3E	476	0.000301
OPCODE	5C48	475	0.000300
OPCODE	B7EE	475	0.000300
OPCODE	20C1	472	0.000298
OPCODE	6E0E	471	0.000298
OPCODE	2A55	469	0.000297
OPCODE	246C	467	0.000295
OPCODE	7050	467	0.000295
OPCODE	C2C2	465	0.000294
OPCODE	D259	465	0.000294
OPCODE	2F40	463	0.000293
OPCODE	B082	462	0.000292
OPCODE	66EC	460	0.000291
OPCODE	2F5F	459	0.000290
OPCODE	12E8	458	0.000290
OPCODE	60F0	457	0.000289
OPCODE	0C82	456	0.000288
OPCODE	C042	455	0.000288
OPCODE	6D26	455	0.000288
OPCODE	5378	455	0.000288
OPCODE	50F8	455	0.000288
OPCODE	5D40	455	0.000288
OPCODE	5278	455	0.000288
OPCODE	60AE	453	0.000286
OPCODE	2D76	452	0.000286
OPCODE	4876	452	0.000286
OPCODE	224D	450	0.000285
OPCODE	1813	448	0.000283
OPCODE	49E9	448	0.000283
OPCODE	614A	447	0.000283
OPCODE	D2C8	447	0.000283
OPCODE	208C	447	0.000283
OPCODE	B078	446	0.000282
OPCODE	4A81	445	0.000281
OPCODE	C694	444	0.000281
OPCODE	8685	444	0.000281
OPCODE	2883	444	0.000281
OPCODE	B0AA	444	0.000281
OPCODE	F217	444	0.000281
OPCODE	6778	442	0.000279
OPCODE	2C2A	437	0.000276
OPCODE	42A9	436	0.000276
OPCODE	D6EB	435	0.000275
OPCODE	3A1A	435	0.000275
OPCODE	92C8	434	0.000274
OPCODE	D7D3	432	0.000273
OPCODE	1F40	432	0.000273
OPCODE	220F	430	0.000272
OPCODE	3D50	429	0.000271
OPCODE	DE86	428	0.000271
OPCODE	2A02	427	0.000270
OPCODE	3C2B	426	0.000269
OPCODE	E9A9	426	0.000269
OPCODE	3429	425	0.000269
OPCODE	3342	425	0.000269
OPCODE	4A06	424	0.000268
OPCODE	603A	423	0.000267
OPCODE	D240	421	0.000266
OPCODE	2C5F	420	0.000266
OPCODE	2F0E	420	0.000266
OPCODE	B242	419	0.000265
OPCODE	602E	419	0.000265
OPCODE	D8C7	416	0.000263
OPCODE	B4B8	416	0.000263
OPCODE	650A	416	0.000263
OPCODE	2D45	416	0.000263
OPCODE	6048	416	0.000263
OPCODE	9651	415	0.000262
OPCODE	9459	415	0.000262
OPCODE	6F1A	414	0.000262
OPCODE	2C02	414	0.000262
OPCODE	57CA	414	0.000262
OPCODE	DE47	413	0.000261
OPCODE	6306	413	0.000261
OPCODE	2889	413	0.000261
OPCODE	49F3	413	0.000261
OPCODE	B278	412	0.000260
OPCODE	6A32	412	0.000260
OPCODE	6A22	412	0.000260
OPCODE	3F28	412	0.000260
OPCODE	3941	411	0.000260
OPCODE	DA87	409	0.000259
OPCODE	91CA	407	0.000257
OPCODE	D986	407	0.000257
OPCODE	D3CA	407	0.000257
OPCODE	D584	407	0.000257
OPCODE	2E41	406	0.000257
OPCODE	5548	406	0.000257
OPCODE	65E2	405	0.000256
OPCODE	6208	405	0.000256
OPCODE	3F11	404	0.000255
OPCODE	2191	403	0.000255
OPCODE	31A9	403	0.000255
OPCODE	BC85	402	0.000254
OPCODE	2031	401	0.000254
OPCODE	6116	401	0.000254
OPCODE	0228	400	0.000253
OPCODE	61EA	398	0.000252
OPCODE	601A	398	0.000252
OPCODE	6792	396	0.000250
OPCODE	236E	396	0.000250
OPCODE	023C	396	0.000250
OPCODE	337C	396	0.000250
OPCODE	E248	395	0.000250
OPCODE	50D9	395	0.000250
OPCODE	C6B8	395	0.000250
OPCODE	3151	395	0.000250
OPCODE	92AE	395	0.000250
OPCODE	2949	395	0.000250
OPCODE	A901	395	0.000250
OPCODE	32D0	395	0.000250
OPCODE	B26B	394	0.000249
OPCODE	41F6	394	0.000249
OPCODE	B46B	394	0.000249
OPCODE	5238	394	0.000249
OPCODE	1007	393	0.000248
OPCODE	43FB	392	0.000248
OPCODE	65CE	392	0.000248
OPCODE	526E	391	0.000247
OPCODE	6D42	391	0.000247
OPCODE	C0AC	390	0.000247
OPCODE	E580	388	0.000245
OPCODE	5268	386	0.000244
OPCODE	C06E	386	0.000244
OPCODE	604C	386	0.000244
OPCODE	5387	385	0.000243
OPCODE	E9C1	384	0.000243
OPCODE	6F08	383	0.000242
OPCODE	A822	382	0.000242
OPCODE	B308	380	0.000240
OPCODE	3802	378	0.000239
OPCODE	284E	376	0.000238
OPCODE	0245	376	0.000238
OPCODE	6C32	375	0.000237
OPCODE	2C1C	375	0.000237
OPCODE	6B5E	375	0.000237
OPCODE	5538	375	0.000237
OPCODE	B9D3	374	0.000236
OPCODE	3287	374	0.000236
OPCODE	4A51	373	0.000236
OPCODE	67E2	372	0.000235
OPCODE	3D44	371	0.000235
OPCODE	2471	368	0.000233
OPCODE	197C	368	0.000233
OPCODE	60DC	366	0.000231
OPCODE	43F9	365	0.000231
OPCODE	7224	365	0.000231
OPCODE	2042	364	0.000230
OPCODE	209F	364	0.000230
OPCODE	60DE	364	0.000230
OPCODE	D844	364	0.000230
OPCODE	2806	364	0.000230
OPCODE	4A86	363	0.000230
OPCODE	0001	363	0.000230
OPCODE	E0A9	363	0.000230
OPCODE	30DF	362	0.000229
OPCODE	2169	362	0.000229
OPCODE	20DF	362	0.000229
OPCODE	A023	361	0.000228
OPCODE	2E2A	361	0.000228
OPCODE	906B	361	0.000228
OPCODE	21CC	360	0.000228
OPCODE	2A07	359	0.000227
OPCODE	BEAD	358	0.000226
OPCODE	D158	358	0.000226
OPCODE	6328	358	0.000226
OPCODE	2D42	356	0.000225
OPCODE	2455	355	0.000224
OPCODE	3A03	353	0.000223
OPCODE	C06B	352	0.000223
OPCODE	8641	351	0.000222
OPCODE	3740	351	0.000222
OPCODE	B741	351	0.000222
OPCODE	C295	351	0.000222
OPCODE	5BEE	351	0.000222
OPCODE	E741	350	0.000221
OPCODE	1028	349	0.000221
OPCODE	B1F8	349	0.000221
OPCODE	2075	349	0.000221
OPCODE	BDF8	349	0.000221
OPCODE	6F0C	349	0.000221
OPCODE	9A8E	348	0.000220
OPCODE	6196	348	0.000220
OPCODE	1C3C	347	0.000219
OPCODE	242E	347	0.000219
OPCODE	664E	346	0.000219
OPCODE	7E02	345	0.000218
OPCODE	51EE	344	0.000217
OPCODE	8086	344	0.000217
OPCODE	C095	344	0.000217
OPCODE	CC85	344	0.000217
OPCODE	B887	344	0.000217
OPCODE	4EB6	344	0.000217
OPCODE	48C6	343	0.000217
OPCODE	262D	343	0.000217
OPCODE	604A	342	0.000216
OPCODE	B1C9	340	0.000215
OPCODE	4298	339	0.000214
OPCODE	2D51	339	0.000214
OPCODE	3A2C	339	0.000214
OPCODE	6D7A	338	0.000214
OPCODE	6E6E	337	0.000213
OPCODE	8328	336	0.000212
OPCODE	6C06	336	0.000212
OPCODE	E509	336	0.000212
OPCODE	EA80	334	0.000211
OPCODE	6D5C	334	0.000211
OPCODE	9201	334	0.000211
OPCODE	EA82	334	0.000211
OPCODE	C291	334	0.000211
OPCODE	D091	334	0.000211
OPCODE	D3D1	334	0.000211
OPCODE	E1AA	334	0.000211
OPCODE	E2AB	334	0.000211
OPCODE	E480	332	0.000210
OPCODE	B300	332	0.000210
OPCODE	D0C0	331	0.000209
OPCODE	1E00	331	0.000209
OPCODE	60D8	330	0.000209
OPCODE	1210	326	0.000206
OPCODE	6310	325	0.000205
OPCODE	5140	325	0.000205
OPCODE	377C	322	0.000204
OPCODE	0892	322	0.000204
OPCODE	1630	322	0.000204
OPCODE	08D2	322	0.000204
OPCODE	1830	322	0.000204
OPCODE	2D47	322	0.000204
OPCODE	5347	321	0.000203
OPCODE	5210	320	0.000202
OPCODE	1180	320	0.000202
OPCODE	6FC0	318	0.000201
OPCODE	1012	317	0.000200
OPCODE	4E94	316	0.000200
OPCODE	1A00	316	0.000200
OPCODE	BA40	316	0.000200
OPCODE	C1EE	315	0.000199
OPCODE	ED49	314	0.000199
OPCODE	BEAC	314	0.000199
OPCODE	66D4	314	0.000199
OPCODE	7620	312	0.000197
OPCODE	614E	311	0.000197
OPCODE	A82A	310	0.000196
OPCODE	2D58	310	0.000196
OPCODE	22C2	308	0.000195
OPCODE	2271	307	0.000194
OPCODE	421C	306	0.000193
OPCODE	5449	306	0.000193
OPCODE	B6AC	305	0.000193
OPCODE	6644	304	0.000192
OPCODE	5300	304	0.000192
OPCODE	D301	304	0.000192
OPCODE	30EE	303	0.000192
OPCODE	D06A	303	0.000192
OPCODE	650C	303	0.000192
OPCODE	3401	301	0.000190
OPCODE	B047	301	0.000190
OPCODE	6438	300	0.000190
OPCODE	4E5C	298	0.000188
OPCODE	D093	298	0.000188
OPCODE	4E54	298	0.000188
OPCODE	286F	297	0.000188
OPCODE	946E	296	0.000187
OPCODE	E189	295	0.000187
OPCODE	5549	293	0.000185
OPCODE	4A99	293	0.000185
OPCODE	7054	292	0.000185
OPCODE	2A04	291	0.000184
OPCODE	620C	291	0.000184
OPCODE	9682	290	0.000183
OPCODE	926D	290	0.000183
OPCODE	22C4	290	0.000183
OPCODE	2656	290	0.000183
OPCODE	EE8C	290	0.000183
OPCODE	E29A	290	0.000183
OPCODE	2C0A	290	0.000183
OPCODE	1744	290	0.000183
OPCODE	E08C	290	0.000183
OPCODE	1D68	290	0.000183
OPCODE	67EE	289	0.000183
OPCODE	2308	289	0.000183
OPCODE	6516	289	0.000183
OPCODE	D087	289	0.000183
OPCODE	E24C	286	0.000181
OPCODE	2D4A	286	0.000181
OPCODE	94C0	285	0.000180
OPCODE	244C	285	0.000180
OPCODE	2850	284	0.000180
OPCODE	4A30	284	0.000180
OPCODE	08EC	284	0.000180
OPCODE	6B30	283	0.000179
OPCODE	246A	283	0.000179
OPCODE	B06B	282	0.000178
OPCODE	2845	282	0.000178
OPCODE	6D3C	280	0.000177
OPCODE	42AC	280	0.000177
OPCODE	D843	280	0.000177
OPCODE	6220	280	0.000177
OPCODE	235F	280	0.000177
OPCODE	9FC2	280	0.000177
OPCODE	28AE	279	0.000176
OPCODE	5381	279	0.000176
OPCODE	2950	278	0.000176
OPCODE	2968	277	0.000175
OPCODE	B483	276	0.000175
OPCODE	08AC	276	0.000175
OPCODE	A893	275	0.000174
OPCODE	E0AC	274	0.000173
OPCODE	B843	273	0.000173
OPCODE	4BEE	272	0.000172
OPCODE	3404	271	0.000171
OPCODE	C0AB	270	0.000171
OPCODE	31E8	270	0.000171
OPCODE	B297	269	0.000170
OPCODE	A01F	269	0.000170
OPCODE	2C68	269	0.000170
OPCODE	322D	269	0.000170
OPCODE	D358	268	0.000169
OPCODE	2405	268	0.000169
OPCODE	56C7	267	0.000169
OPCODE	E858	267	0.000169
OPCODE	C0C1	267	0.000169
OPCODE	4A76	267	0.000169
OPCODE	49C7	267	0.000169
OPCODE	31C0	266	0.000168
OPCODE	4ED5	265	0.000168
OPCODE	3229	265	0.000168
OPCODE	610E	264	0.000167
OPCODE	2E88	264	0.000167
OPCODE	48C5	263	0.000166
OPCODE	70C6	263	0.000166
OPCODE	80FC	261	0.000165
OPCODE	342B	261	0.000165
OPCODE	7AFF	261	0.000165
OPCODE	34D9	260	0.000164
OPCODE	4AB1	260	0.000164
OPCODE	C149	259	0.000164
OPCODE	722A	259	0.000164
OPCODE	906D	259	0.000164
OPCODE	9A87	256	0.000162
OPCODE	526D	256	0.000162
OPCODE	536D	256	0.000162
OPCODE	9685	256	0.000162
OPCODE	D5CB	255	0.000161
OPCODE	2A54	255	0.000161
OPCODE	206A	254	0.000161
OPCODE	D641	253	0.000160
OPCODE	E96B	253	0.000160
OPCODE	67EA	252	0.000159
OPCODE	62B8	252	0.000159
OPCODE	BC6B	251	0.000159
OPCODE	EA48	250	0.000158
OPCODE	558C	249	0.000157
OPCODE	1228	248	0.000157
OPCODE	5589	247	0.000156
OPCODE	B7D4	247	0.000156
OPCODE	A065	247	0.000156
OPCODE	2207	246	0.000156
OPCODE	A31E	246	0.000156
OPCODE	93CA	246	0.000156
OPCODE	2410	246	0.000156
OPCODE	2202	246	0.000156
OPCODE	2388	246	0.000156
OPCODE	9584	246	0.000156
OPCODE	9986	246	0.000156
OPCODE	0C87	246	0.000156
OPCODE	D1CA	246	0.000156
OPCODE	E38E	245	0.000155
OPCODE	B244	245	0.000155
OPCODE	57EE	243	0.000154
OPCODE	B682	243	0.000154
OPCODE	518A	243	0.000154
OPCODE	242B	242	0.000153
OPCODE	0C6A	241	0.000152
OPCODE	C099	241	0.000152
OPCODE	66B6	240	0.000152
OPCODE	1A12	240	0.000152
OPCODE	3810	240	0.000152
OPCODE	1485	240	0.000152
OPCODE	1238	239	0.000151
OPCODE	D46E	238	0.000150
OPCODE	DAFC	238	0.000150
OPCODE	2641	238	0.000150
OPCODE	6F0E	237	0.000150
OPCODE	926B	237	0.000150
OPCODE	6058	237	0.000150
OPCODE	2A18	236	0.000149
OPCODE	E440	236	0.000149
OPCODE	6510	235	0.000149
OPCODE	906C	235	0.000149
OPCODE	316A	234	0.000148
OPCODE	C94D	234	0.000148
OPCODE	343C	233	0.000147
OPCODE	C0FC	233	0.000147
OPCODE	741F	233	0.000147
OPCODE	EBA9	233	0.000147
OPCODE	1211	233	0.000147
OPCODE	2C04	233	0.000147
OPCODE	E84B	232	0.000147
OPCODE	55C0	231	0.000146
OPCODE	5880	231	0.000146
OPCODE	96C0	231	0.000146
OPCODE	DBC0	231	0.000146
OPCODE	99CC	231	0.000146
OPCODE	DBC1	231	0.000146
OPCODE	8CAE	231	0.000146
OPCODE	D052	231	0.000146
OPCODE	2082	231	0.000146
OPCODE	2076	230	0.000145
OPCODE	6F06	230	0.000145
OPCODE	45F1	230	0.000145
OPCODE	43F1	230	0.000145
OPCODE	3413	229	0.000145
OPCODE	B5FC	229	0.000145
OPCODE	2653	229	0.000145
OPCODE	4A82	228	0.000144
OPCODE	204E	228	0.000144
OPCODE	6032	228	0.000144
OPCODE	6C46	228	0.000144
OPCODE	3207	227	0.000144
OPCODE	C12E	226	0.000143
OPCODE	C602	226	0.000143
OPCODE	862E	226	0.000143
OPCODE	D368	226	0.000143
OPCODE	9D6E	226	0.000143
OPCODE	5FE7	226	0.000143
OPCODE	6A28	226	0.000143
OPCODE	B0B6	226	0.000143
OPCODE	D141	226	0.000143
OPCODE	2036	226	0.000143
OPCODE	200F	226	0.000143
OPCODE	3236	226	0.000143
OPCODE	56C2	226	0.000143
OPCODE	5040	226	0.000143
OPCODE	65D8	225	0.000142
OPCODE	1011	224	0.000142
OPCODE	4244	224	0.000142
OPCODE	2F05	222	0.000140
OPCODE	5385	222	0.000140
OPCODE	A884	222	0.000140
OPCODE	6B4A	222	0.000140
OPCODE	70F8	222	0.000140
OPCODE	6C38	222	0.000140
OPCODE	E16F	222	0.000140
OPCODE	31B2	221	0.000140
OPCODE	E6A8	221	0.000140
OPCODE	D36B	221	0.000140
OPCODE	0831	220	0.000139
OPCODE	5640	220	0.000139
OPCODE	21ED	220	0.000139
OPCODE	43F2	220	0.000139
OPCODE	5545	220	0.000139
OPCODE	C443	219	0.000138
OPCODE	3E1A	219	0.000138
OPCODE	101C	219	0.000138
OPCODE	911C	219	0.000138
OPCODE	2F57	219	0.000138
OPCODE	3C12	219	0.000138
OPCODE	9C47	219	0.000138
OPCODE	DF6B	219	0.000138
OPCODE	E9D6	217	0.000137
OPCODE	584E	217	0.000137
OPCODE	46EF	217	0.000137
OPCODE	B9FC	217	0.000137
OPCODE	341F	216	0.000137
OPCODE	3602	216	0.000137
OPCODE	4685	216	0.000137
OPCODE	12C1	216	0.000137
OPCODE	8280	216	0.000137
OPCODE	C4C4	216	0.000137
OPCODE	3808	214	0.000135
OPCODE	20C7	213	0.000135
OPCODE	BC2C	212	0.000134
OPCODE	47EC	212	0.000134
OPCODE	2631	212	0.000134
OPCODE	0190	212	0.000134
OPCODE	B5EC	212	0.000134
OPCODE	56C6	212	0.000134
OPCODE	721F	211	0.000133
OPCODE	D7D4	211	0.000133
OPCODE	545B	210	0.000133
OPCODE	4CD3	210	0.000133
OPCODE	48D3	210	0.000133
OPCODE	6DF0	210	0.000133
OPCODE	1C00	210	0.000133
OPCODE	6742	210	0.000133
OPCODE	620A	209	0.000132
OPCODE	1281	208	0.000132
OPCODE	9088	207	0.000131
OPCODE	3F38	207	0.000131
OPCODE	1219	206	0.000130
OPCODE	3C00	206	0.000130
OPCODE	60D2	205	0.000130
OPCODE	2808	203	0.000128
OPCODE	142C	202	0.000128
OPCODE	C243	202	0.000128
OPCODE	56CC	201	0.000127
OPCODE	B38B	201	0.000127
OPCODE	2482	201	0.000127
OPCODE	8083	200	0.000126
OPCODE	C091	200	0.000126
OPCODE	34E9	198	0.000125
OPCODE	10D9	198	0.000125
OPCODE	34A9	198	0.000125
OPCODE	0057	198	0.000125
OPCODE	B05A	198	0.000125
OPCODE	3F14	196	0.000124
OPCODE	E9C2	196	0.000124
OPCODE	EFC1	196	0.000124
OPCODE	296E	196	0.000124
OPCODE	323B	195	0.000123
OPCODE	2E10	195	0.000123
OPCODE	0C04	195	0.000123
OPCODE	1834	195	0.000123
OPCODE	603E	194	0.000123
OPCODE	643C	194	0.000123
OPCODE	2368	193	0.000122
OPCODE	B1E9	192	0.000121
OPCODE	504C	192	0.000121
OPCODE	4BFA	191	0.000121
OPCODE	5480	191	0.000121
OPCODE	6C0A	190	0.000120
OPCODE	605C	190	0.000120
OPCODE	A04A	190	0.000120
OPCODE	2880	188	0.000119
OPCODE	3030	188	0.000119
OPCODE	1E01	188	0.000119
OPCODE	61DE	188	0.000119
OPCODE	425B	188	0.000119
OPCODE	21FC	187	0.000118
OPCODE	E848	187	0.000118
OPCODE	6DE2	187	0.000118
OPCODE	264C	187	0.000118
OPCODE	9BCD	187	0.000118
OPCODE	B1C1	187	0.000118
OPCODE	B240	186	0.000118
OPCODE	6110	186	0.000118
OPCODE	0C84	185	0.000117
OPCODE	61CC	185	0.000117
OPCODE	3035	184	0.000116
OPCODE	B81C	184	0.000116
OPCODE	B814	184	0.000116
OPCODE	142B	184	0.000116
OPCODE	3803	184	0.000116
OPCODE	6148	184	0.000116
OPCODE	1884	184	0.000116
OPCODE	1944	184	0.000116
OPCODE	528C	184	0.000116
OPCODE	7810	184	0.000116
OPCODE	9C41	184	0.000116
OPCODE	E16E	184	0.000116
OPCODE	3407	184	0.000116
OPCODE	E56C	184	0.000116
OPCODE	DE41	184	0.000116
OPCODE	2419	184	0.000116
OPCODE	50E7	184	0.000116
OPCODE	B068	183	0.000116
OPCODE	2A2C	183	0.000116
OPCODE	224F	183	0.000116
OPCODE	0040	182	0.000115
OPCODE	A322	182	0.000115
OPCODE	1F7C	182	0.000115
OPCODE	6D08	182	0.000115
OPCODE	0C70	181	0.000114
OPCODE	A8E4	181	0.000114
OPCODE	0C98	180	0.000114
OPCODE	48D0	180	0.000114
OPCODE	BE90	180	0.000114
OPCODE	2151	180	0.000114
OPCODE	2157	180	0.000114
OPCODE	3947	179	0.000113
OPCODE	223B	178	0.000113
OPCODE	08B0	178	0.000113
OPCODE	2E6D	178	0.000113
OPCODE	BF00	178	0.000113
OPCODE	01D0	178	0.000113
OPCODE	E538	178	0.000113
OPCODE	1142	178	0.000113
OPCODE	66E4	178	0.000113
OPCODE	D8C0	178	0.000113
OPCODE	34D1	176	0.000111
OPCODE	9883	176	0.000111
OPCODE	926A	175	0.000111
OPCODE	2C08	175	0.000111
OPCODE	66FA	174	0.000110
OPCODE	6804	174	0.000110
OPCODE	B642	173	0.000109
OPCODE	3D68	173	0.000109
OPCODE	4257	173	0.000109
OPCODE	49FA	173	0.000109
OPCODE	20B8	172	0.000109
OPCODE	3600	172	0.000109
OPCODE	EA89	172	0.000109
OPCODE	60AA	172	0.000109
OPCODE	3A11	171	0.000108
OPCODE	102F	170	0.000107
OPCODE	7E0A	170	0.000107
OPCODE	30C7	170	0.000107
OPCODE	7A01	170	0.000107
OPCODE	6134	170	0.000107
OPCODE	D851	168	0.000106
OPCODE	6E82	168	0.000106
OPCODE	026E	168	0.000106
OPCODE	1C03	167	0.000106
OPCODE	244D	167	0.000106
OPCODE	61BE	167	0.000106
OPCODE	6774	167	0.000106
OPCODE	207C	167	0.000106
OPCODE	E4AD	166	0.000105
OPCODE	67DC	166	0.000105
OPCODE	2F6F	166	0.000105
OPCODE	AA14	166	0.000105
OPCODE	E219	165	0.000104
OPCODE	204F	164	0.000104
OPCODE	61C4	164	0.000104
OPCODE	2F2A	164	0.000104
OPCODE	C843	163	0.000103
OPCODE	4A2F	163	0.000103
OPCODE	780F	163	0.000103
OPCODE	4444	163	0.000103
OPCODE	DBC2	163	0.000103
OPCODE	2C33	163	0.000103
OPCODE	ED59	163	0.000103
OPCODE	6EC8	163	0.000103
OPCODE	B2FC	162	0.000102
OPCODE	3F3A	162	0.000102
OPCODE	6658	162	0.000102
OPCODE	223C	162	0.000102
OPCODE	2141	162	0.000102
OPCODE	3F29	161	0.000102
OPCODE	2281	161	0.000102
OPCODE	D290	161	0.000102
OPCODE	652A	161	0.000102
OPCODE	2F21	161	0.000102
OPCODE	D100	160	0.000101
OPCODE	8242	160	0.000101
OPCODE	E218	160	0.000101
OPCODE	F236	159	0.000101
OPCODE	2F19	159	0.000101
OPCODE	BEAE	158	0.000100
OPCODE	3606	158	0.000100
OPCODE	2E48	158	0.000100
OPCODE	DEFC	157	0.000099
OPCODE	64F0	157	0.000099
OPCODE	6304	156	0.000099
OPCODE	536F	156	0.000099
OPCODE	6142	155	0.000098
OPCODE	C4FC	155	0.000098
OPCODE	61A6	155	0.000098
OPCODE	5741	155	0.000098
OPCODE	A9EE	154	0.000097
OPCODE	7E01	154	0.000097
OPCODE	B269	154	0.000097
OPCODE	B0A9	152	0.000096
OPCODE	518F	152	0.000096
OPCODE	E8C1	152	0.000096
OPCODE	6080	152	0.000096
OPCODE	319F	152	0.000096
OPCODE	082C	152	0.000096
OPCODE	7402	151	0.000095
OPCODE	C1C1	151	0.000095
OPCODE	5887	151	0.000095
OPCODE	08A8	151	0.000095
OPCODE	6D1A	151	0.000095
OPCODE	7C07	150	0.000095
OPCODE	0C34	150	0.000095
OPCODE	C446	150	0.000095
OPCODE	D46B	150	0.000095
OPCODE	D5F2	150	0.000095
OPCODE	7E0F	150	0.000095
OPCODE	2C36	149	0.000094
OPCODE	2C1F	149	0.000094
OPCODE	B4A8	149	0.000094
OPCODE	621C	148	0.000094
OPCODE	2E6C	148	0.000094
OPCODE	220C	148	0.000094
OPCODE	6024	148	0.000094
OPCODE	B5C0	148	0.000094
OPCODE	294F	148	0.000094
OPCODE	294D	148	0.000094
OPCODE	5289	148	0.000094
OPCODE	294C	148	0.000094
OPCODE	288C	148	0.000094
OPCODE	B845	147	0.000093
OPCODE	60E6	147	0.000093
OPCODE	CE53	147	0.000093
OPCODE	0C07	147	0.000093
OPCODE	E749	146	0.000092
OPCODE	0881	145	0.000092
OPCODE	6C02	145	0.000092
OPCODE	3142	145	0.000092
OPCODE	1E2E	145	0.000092
OPCODE	215F	145	0.000092
OPCODE	8043	145	0.000092
OPCODE	DC93	145	0.000092
OPCODE	1202	145	0.000092
OPCODE	E208	144	0.000091
OPCODE	7205	144	0.000091
OPCODE	65F6	144	0.000091
OPCODE	BE92	144	0.000091
OPCODE	0042	144	0.000091
OPCODE	F4F1	144	0.000091
OPCODE	666C	143	0.000090
OPCODE	604E	143	0.000090
OPCODE	6CF6	142	0.000090
OPCODE	2A4F	142	0.000090
OPCODE	4A91	142	0.000090
OPCODE	4268	142	0.000090
OPCODE	283C	141	0.000089
OPCODE	D1C3	141	0.000089
OPCODE	2946	141	0.000089
OPCODE	554B	140	0.000089
OPCODE	284F	140	0.000089
OPCODE	93CC	140	0.000089
OPCODE	2801	140	0.000089
OPCODE	67D8	140	0.000089
OPCODE	6FF0	140	0.000089
OPCODE	4CD0	140	0.000089
OPCODE	3609	140	0.000089
OPCODE	E280	140	0.000089
OPCODE	2D43	139	0.000088
OPCODE	22E0	138	0.000087
OPCODE	A050	138	0.000087
OPCODE	222A	138	0.000087
OPCODE	2420	138	0.000087
OPCODE	61A4	138	0.000087
OPCODE	E368	138	0.000087
OPCODE	D244	138	0.000087
OPCODE	6762	137	0.000087
OPCODE	D640	137	0.000087
OPCODE	2828	137	0.000087
OPCODE	618E	136	0.000086
OPCODE	E968	136	0.000086
OPCODE	30FC	136	0.000086
OPCODE	A96F	136	0.000086
OPCODE	66E2	135	0.000085
OPCODE	2A03	135	0.000085
OPCODE	66D8	135	0.000085
OPCODE	56F8	135	0.000085
OPCODE	1280	135	0.000085
OPCODE	6750	134	0.000085
OPCODE	70DA	134	0.000085
OPCODE	B680	134	0.000085
OPCODE	4245	133	0.000084
OPCODE	2D46	133	0.000084
OPCODE	3009	133	0.000084
OPCODE	611E	133	0.000084
OPCODE	9048	132	0.000083
OPCODE	B652	132	0.000083
OPCODE	9641	132	0.000083
OPCODE	1030	132	0.000083
OPCODE	5445	131	0.000083
OPCODE	D1F0	131	0.000083
OPCODE	BE86	131	0.000083
OPCODE	2435	131	0.000083
OPCODE	4201	131	0.000083
OPCODE	E9C0	131	0.000083
OPCODE	612C	130	0.000082
OPCODE	18C5	130	0.000082
OPCODE	1705	130	0.000082
OPCODE	48C3	130	0.000082
OPCODE	2403	130	0.000082
OPCODE	DC44	130	0.000082
OPCODE	E400	130	0.000082
OPCODE	AA15	129	0.000082
OPCODE	57C5	129	0.000082
OPCODE	08EA	128	0.000081
OPCODE	3082	128	0.000081
OPCODE	C684	128	0.000081
OPCODE	B1C0	128	0.000081
OPCODE	7C1F	128	0.000081
OPCODE	2548	128	0.000081
OPCODE	6F10	127	0.000080
OPCODE	AB1D	127	0.000080
OPCODE	0C78	126	0.000080
OPCODE	C1C4	126	0.000080
OPCODE	10FC	126	0.000080
OPCODE	B5C9	126	0.000080
OPCODE	97D4	126	0.000080
OPCODE	4CAE	125	0.000079
OPCODE	9A86	125	0.000079
OPCODE	E158	125	0.000079
OPCODE	E508	125	0.000079
OPCODE	EBC0	125	0.000079
OPCODE	9A82	125	0.000079
OPCODE	D7C4	125	0.000079
OPCODE	C0E9	125	0.000079
OPCODE	0805	125	0.000079
OPCODE	50E9	125	0.000079
OPCODE	2490	125	0.000079
OPCODE	0C2A	125	0.000079
OPCODE	216C	125	0.000079
OPCODE	6FB6	125	0.000079
OPCODE	B250	125	0.000079
OPCODE	41FB	125	0.000079
OPCODE	22B0	124	0.000078
OPCODE	3370	124	0.000078
OPCODE	360B	124	0.000078
OPCODE	4847	124	0.000078
OPCODE	00AC	123	0.000078
OPCODE	B26E	123	0.000078
OPCODE	4A73	123	0.000078
OPCODE	E44B	123	0.000078
OPCODE	80C1	122	0.000077
OPCODE	4A17	122	0.000077
OPCODE	2408	121	0.000077
OPCODE	A069	121	0.000077
OPCODE	3E2B	121	0.000077
OPCODE	66F6	121	0.000077
OPCODE	121A	120	0.000076
OPCODE	1E2B	120	0.000076
OPCODE	162C	120	0.000076
OPCODE	A122	119	0.000075
OPCODE	220A	119	0.000075
OPCODE	8401	119	0.000075
OPCODE	216E	119	0.000075
OPCODE	6D24	119	0.000075
OPCODE	AA33	119	0.000075
OPCODE	522A	119	0.000075
OPCODE	2E1F	118	0.000075
OPCODE	4486	118	0.000075
OPCODE	6DFA	118	0.000075
OPCODE	3D78	118	0.000075
OPCODE	6E48	118	0.000075
OPCODE	2A69	118	0.000075
OPCODE	4A70	117	0.000074
OPCODE	9252	117	0.000074
OPCODE	B490	117	0.000074
OPCODE	0202	117	0.000074
OPCODE	254A	117	0.000074
OPCODE	7C7F	117	0.000074
OPCODE	242A	117	0.000074
OPCODE	CEB0	117	0.000074
OPCODE	D5C2	117	0.000074
OPCODE	C0A8	116	0.000073
OPCODE	B859	116	0.000073
OPCODE	D0EE	116	0.000073
OPCODE	61D4	115	0.000073
OPCODE	E188	115	0.000073
OPCODE	2340	114	0.000072
OPCODE	45F8	114	0.000072
OPCODE	6D10	114	0.000072
OPCODE	594A	114	0.000072
OPCODE	70F2	114	0.000072
OPCODE	B880	114	0.000072
OPCODE	2484	114	0.000072
OPCODE	A853	113	0.000071
OPCODE	7C01	113	0.000071
OPCODE	2C07	113	0.000071
OPCODE	47F1	113	0.000071
OPCODE	D882	113	0.000071
OPCODE	D3AE	113	0.000071
OPCODE	3410	113	0.000071
OPCODE	A855	113	0.000071
OPCODE	362A	113	0.000071
OPCODE	3801	112	0.000071
OPCODE	A06A	112	0.000071
OPCODE	122C	112	0.000071
OPCODE	700F	112	0.000071
OPCODE	A88C	111	0.000070
OPCODE	60B2	111	0.000070
OPCODE	2740	111	0.000070
OPCODE	B02C	110	0.000070
OPCODE	84FC	110	0.000070
OPCODE	C07C	110	0.000070
OPCODE	3C38	110	0.000070
OPCODE	6072	110	0.000070
OPCODE	6136	110	0.000070
OPCODE	2B78	109	0.000069
OPCODE	1205	109	0.000069
OPCODE	266F	109	0.000069
OPCODE	225E	109	0.000069
OPCODE	2D09	109	0.000069
OPCODE	623E	109	0.000069
OPCODE	5200	109	0.000069
OPCODE	B291	109	0.000069
OPCODE	6354	109	0.000069
OPCODE	635A	109	0.000069
OPCODE	D488	109	0.000069
OPCODE	80EC	109	0.000069
OPCODE	9489	109	0.000069
OPCODE	3A01	108	0.000068
OPCODE	E410	107	0.000068
OPCODE	6D02	107	0.000068
OPCODE	67AE	107	0.000068
OPCODE	2C28	107	0.000068
OPCODE	611A	107	0.000068
OPCODE	6182	107	0.000068
OPCODE	A002	107	0.000068
OPCODE	246D	106	0.000067
OPCODE	BC6C	106	0.000067
OPCODE	D7E8	106	0.000067
OPCODE	4A03	106	0.000067
OPCODE	70CD	106	0.000067
OPCODE	7A03	105	0.000066
OPCODE	6C14	105	0.000066
OPCODE	42AB	105	0.000066
OPCODE	396D	105	0.000066
OPCODE	11C0	105	0.000066
OPCODE	306E	105	0.000066
OPCODE	2683	104	0.000066
OPCODE	720A	104	0.000066
OPCODE	3F5F	104	0.000066
OPCODE	31F8	104	0.000066
OPCODE	5281	104	0.000066
OPCODE	677A	104	0.000066
OPCODE	3742	104	0.000066
OPCODE	2385	104	0.000066
OPCODE	0041	103	0.000065
OPCODE	E549	103	0.000065
OPCODE	3418	103	0.000065
OPCODE	B08C	103	0.000065
OPCODE	E781	103	0.000065
OPCODE	E388	103	0.000065
OPCODE	49E8	103	0.000065
OPCODE	C18C	103	0.000065
OPCODE	C589	102	0.000064
OPCODE	9CFC	101	0.000064
OPCODE	CAEE	101	0.000064
OPCODE	E58B	101	0.000064
OPCODE	EA4D	101	0.000064
OPCODE	6FD6	101	0.000064
OPCODE	24C8	101	0.000064
OPCODE	2652	101	0.000064
OPCODE	5441	101	0.000064
OPCODE	486A	101	0.000064
OPCODE	D681	101	0.000064
OPCODE	66DA	101	0.000064
OPCODE	4DEE	101	0.000064
OPCODE	0683	101	0.000064
OPCODE	5C8A	101	0.000064
OPCODE	C6C1	101	0.000064
OPCODE	7048	101	0.000064
OPCODE	208A	100	0.000063
OPCODE	222F	100	0.000063
OPCODE	C685	100	0.000063
OPCODE	B086	100	0.000063
OPCODE	38DB	100	0.000063
OPCODE	B1FC	100	0.000063
OPCODE	8BFC	100	0.000063
OPCODE	20C2	100	0.000063
OPCODE	82FC	99	0.000063
OPCODE	24E9	99	0.000063
OPCODE	90AB	99	0.000063
OPCODE	93C8	99	0.000063
OPCODE	3011	99	0.000063
OPCODE	65E8	99	0.000063
OPCODE	6D2E	99	0.000063
OPCODE	4252	98	0.000062
OPCODE	5D42	98	0.000062
OPCODE	2680	98	0.000062
OPCODE	2A10	98	0.000062
OPCODE	6C44	98	0.000062
OPCODE	4A44	98	0.000062
OPCODE	6098	97	0.000061
OPCODE	66CC	97	0.000061
OPCODE	3C10	97	0.000061
OPCODE	4299	97	0.000061
OPCODE	6788	97	0.000061
OPCODE	9C81	97	0.000061
OPCODE	B844	97	0.000061
OPCODE	3E06	97	0.000061
OPCODE	2F13	96	0.000061
OPCODE	246B	96	0.000061
OPCODE	2063	96	0.000061
OPCODE	A862	96	0.000061
OPCODE	3F2C	96	0.000061
OPCODE	6666	96	0.000061
OPCODE	7210	96	0.000061
OPCODE	97CB	96	0.000061
OPCODE	3978	96	0.000061
OPCODE	6E06	96	0.000061
OPCODE	E54D	95	0.000060
OPCODE	6FEE	95	0.000060
OPCODE	D2C7	95	0.000060
OPCODE	BE53	95	0.000060
OPCODE	B9C9	95	0.000060
OPCODE	C22B	95	0.000060
OPCODE	6672	95	0.000060
OPCODE	DA46	95	0.000060
OPCODE	1203	95	0.000060
OPCODE	0894	95	0.000060
OPCODE	3E09	95	0.000060
OPCODE	1082	94	0.000059
OPCODE	A8E6	94	0.000059
OPCODE	31EC	94	0.000059
OPCODE	A889	93	0.000059
OPCODE	84F8	93	0.000059
OPCODE	2404	93	0.000059
OPCODE	2942	93	0.000059
OPCODE	1204	93	0.000059
OPCODE	6668	93	0.000059
OPCODE	5D8F	93	0.000059
OPCODE	0441	93	0.000059
OPCODE	4AAA	93	0.000059
OPCODE	B001	92	0.000058
OPCODE	A825	92	0.000058
OPCODE	47EA	92	0.000058
OPCODE	1B7C	92	0.000058
OPCODE	2E2B	92	0.000058
OPCODE	667C	92	0.000058
OPCODE	611C	91	0.000058
OPCODE	666E	91	0.000058
OPCODE	2203	91	0.000058
OPCODE	6766	91	0.000058
OPCODE	6B38	91	0.000058
OPCODE	2352	91	0.000058
OPCODE	2071	90	0.000057
OPCODE	7207	90	0.000057
OPCODE	9C85	90	0.000057
OPCODE	2E57	90	0.000057
OPCODE	48F8	90	0.000057
OPCODE	C22D	89	0.000056
OPCODE	1768	89	0.000056
OPCODE	D001	89	0.000056
OPCODE	A089	89	0.000056
OPCODE	2B4F	89	0.000056
OPCODE	B1CC	89	0.000056
OPCODE	2A50	89	0.000056
OPCODE	2D73	89	0.000056
OPCODE	7280	89	0.000056
OPCODE	B028	89	0.000056
OPCODE	D5D4	89	0.000056
OPCODE	B229	88	0.000056
OPCODE	2097	88	0.000056
OPCODE	41F7	88	0.000056
OPCODE	4AA9	88	0.000056
OPCODE	665E	88	0.000056
OPCODE	4214	88	0.000056
OPCODE	B089	88	0.000056
OPCODE	2612	88	0.000056
OPCODE	6E14	88	0.000056
OPCODE	2807	88	0.000056
OPCODE	926C	88	0.000056
OPCODE	6204	87	0.000055
OPCODE	B7E8	87	0.000055
OPCODE	C043	87	0.000055
OPCODE	67BC	87	0.000055
OPCODE	7E1F	86	0.000054
OPCODE	6318	86	0.000054
OPCODE	4442	86	0.000054
OPCODE	67D4	86	0.000054
OPCODE	6F18	85	0.000054
OPCODE	D5C0	85	0.000054
OPCODE	6050	85	0.000054
OPCODE	0643	85	0.000054
OPCODE	97C0	85	0.000054
OPCODE	2803	85	0.000054
OPCODE	3368	85	0.000054
OPCODE	95C0	85	0.000054
OPCODE	48B8	85	0.000054
OPCODE	4883	85	0.000054
OPCODE	2D9F	84	0.000053
OPCODE	6CD6	84	0.000053
OPCODE	9286	84	0.000053
OPCODE	B095	84	0.000053
OPCODE	49F0	84	0.000053
OPCODE	9C6D	84	0.000053
OPCODE	6B18	84	0.000053
OPCODE	31DF	84	0.000053
OPCODE	31FC	84	0.000053
OPCODE	102A	84	0.000053
OPCODE	E9AE	84	0.000053
OPCODE	7C02	84	0.000053
OPCODE	CC80	84	0.000053
OPCODE	D740	83	0.000052
OPCODE	B485	83	0.000052
OPCODE	2F49	83	0.000052
OPCODE	2458	83	0.000052
OPCODE	442E	82	0.000052
OPCODE	2E3C	82	0.000052
OPCODE	C641	82	0.000052
OPCODE	6D44	82	0.000052
OPCODE	6DC8	82	0.000052
OPCODE	7208	82	0.000052
OPCODE	6768	82	0.000052
OPCODE	0246	82	0.000052
OPCODE	632A	82	0.000052
OPCODE	61F6	82	0.000052
OPCODE	80F8	82	0.000052
OPCODE	7602	81	0.000051
OPCODE	6B5C	81	0.000051
OPCODE	60EE	81	0.000051
OPCODE	2853	81	0.000051
OPCODE	9E86	81	0.000051
OPCODE	0244	81	0.000051
OPCODE	DDA8	81	0.000051
OPCODE	DA86	81	0.000051
OPCODE	6230	81	0.000051
OPCODE	11F8	81	0.000051
OPCODE	D804	80	0.000051
OPCODE	5BC1	80	0.000051
OPCODE	6D0C	80	0.000051
OPCODE	B270	80	0.000051
OPCODE	2A6C	80	0.000051
OPCODE	6D52	80	0.000051
OPCODE	6D54	80	0.000051
OPCODE	08E9	80	0.000051
OPCODE	B543	80	0.000051
OPCODE	28A8	80	0.000051
OPCODE	805F	80	0.000051
OPCODE	BC84	80	0.000051
OPCODE	4213	80	0.000051
OPCODE	619C	80	0.000051
OPCODE	3F6F	80	0.000051
OPCODE	122A	80	0.000051
OPCODE	BA59	80	0.000051
OPCODE	A9A0	80	0.000051
OPCODE	D440	80	0.000051
OPCODE	A9EB	80	0.000051
OPCODE	4886	79	0.000050
OPCODE	D08C	79	0.000050
OPCODE	57C8	79	0.000050
OPCODE	3169	79	0.000050
OPCODE	49F4	79	0.000050
OPCODE	6348	79	0.000050
OPCODE	4646	79	0.000050
OPCODE	6B3C	79	0.000050
OPCODE	B2B8	79	0.000050
OPCODE	214A	78	0.000049
OPCODE	216B	78	0.000049
OPCODE	B841	78	0.000049
OPCODE	2611	78	0.000049
OPCODE	2417	78	0.000049
OPCODE	469B	77	0.000049
OPCODE	651C	77	0.000049
OPCODE	9269	77	0.000049
OPCODE	A03C	77	0.000049
OPCODE	2A28	77	0.000049
OPCODE	47E8	77	0.000049
OPCODE	84EA	76	0.000048
OPCODE	D687	76	0.000048
OPCODE	928F	76	0.000048
OPCODE	CCEA	76	0.000048
OPCODE	642A	76	0.000048
OPCODE	2217	76	0.000048
OPCODE	8CFC	76	0.000048
OPCODE	6C5A	76	0.000048
OPCODE	2E49	76	0.000048
OPCODE	3031	76	0.000048
OPCODE	2C09	76	0.000048
OPCODE	C6C6	76	0.000048
OPCODE	C4EA	76	0.000048
OPCODE	228E	76	0.000048
OPCODE	2A13	76	0.000048
OPCODE	A830	76	0.000048
OPCODE	88EA	76	0.000048
OPCODE	2A48	76	0.000048
OPCODE	D651	76	0.000048
OPCODE	2605	76	0.000048
OPCODE	5989	76	0.000048
OPCODE	E281	76	0.000048
OPCODE	86EA	76	0.000048
OPCODE	6D78	75	0.000047
OPCODE	E0AF	75	0.000047
OPCODE	2F68	75	0.000047
OPCODE	90FC	75	0.000047
OPCODE	4259	75	0.000047
OPCODE	E38F	75	0.000047
OPCODE	2747	74	0.000047
OPCODE	1C38	74	0.000047
OPCODE	D090	74	0.000047
OPCODE	C0E8	74	0.000047
OPCODE	21C7	74	0.000047
OPCODE	2E11	74	0.000047
OPCODE	2142	74	0.000047
OPCODE	6C0E	74	0.000047
OPCODE	95D4	74	0.000047
OPCODE	9E91	74	0.000047
OPCODE	2350	73	0.000046
OPCODE	3280	73	0.000046
OPCODE	EDC6	73	0.000046
OPCODE	2035	73	0.000046
OPCODE	606C	73	0.000046
OPCODE	B644	73	0.000046
OPCODE	DF53	73	0.000046
OPCODE	6FD8	73	0.000046
OPCODE	A8D9	73	0.000046
OPCODE	B446	73	0.000046
OPCODE	6B3E	73	0.000046
OPCODE	C0D4	72	0.000046
OPCODE	6FDC	72	0.000046
OPCODE	802B	72	0.000046
OPCODE	3411	72	0.000046
OPCODE	95A8	72	0.000046
OPCODE	E140	72	0.000046
OPCODE	72FE	72	0.000046
OPCODE	E0AD	72	0.000046
OPCODE	D5A8	72	0.000046
OPCODE	307C	72	0.000046
OPCODE	0447	72	0.000046
OPCODE	6D14	71	0.000045
OPCODE	2C2B	71	0.000045
OPCODE	0C83	71	0.000045
OPCODE	4251	71	0.000045
OPCODE	A8D8	71	0.000045
OPCODE	4291	71	0.000045
OPCODE	277C	71	0.000045
OPCODE	2E2F	70	0.000044
OPCODE	2A4B	70	0.000044
OPCODE	D66D	70	0.000044
OPCODE	6698	70	0.000044
OPCODE	3812	70	0.000044
OPCODE	D86D	70	0.000044
OPCODE	B444	70	0.000044
OPCODE	3A1F	70	0.000044
OPCODE	5288	70	0.000044
OPCODE	E7A8	69	0.000044
OPCODE	0C11	69	0.000044
OPCODE	66C8	69	0.000044
OPCODE	6128	69	0.000044
OPCODE	4BED	69	0.000044
OPCODE	E18E	68	0.000043
OPCODE	D2C2	68	0.000043
OPCODE	5001	68	0.000043
OPCODE	C188	68	0.000043
OPCODE	9C42	68	0.000043
OPCODE	E08A	68	0.000043
OPCODE	3F7C	67	0.000042
OPCODE	D684	67	0.000042
OPCODE	4229	67	0.000042
OPCODE	6C0C	67	0.000042
OPCODE	60F8	66	0.000042
OPCODE	5541	66	0.000042
OPCODE	A8E5	66	0.000042
OPCODE	909B	66	0.000042
OPCODE	7CFF	66	0.000042
OPCODE	AA19	65	0.000041
OPCODE	0804	65	0.000041
OPCODE	6C90	65	0.000041
OPCODE	BC87	65	0.000041
OPCODE	6414	65	0.000041
OPCODE	289F	65	0.000041
OPCODE	F280	65	0.000041
OPCODE	C34D	65	0.000041
OPCODE	42AF	65	0.000041
OPCODE	641A	65	0.000041
OPCODE	6E02	65	0.000041
OPCODE	B670	65	0.000041
OPCODE	2A2B	65	0.000041
OPCODE	B897	65	0.000041
OPCODE	2F41	65	0.000041
OPCODE	C068	65	0.000041
OPCODE	2A75	65	0.000041
OPCODE	60C4	64	0.000040
OPCODE	6B08	64	0.000040
OPCODE	4480	64	0.000040
OPCODE	AA1A	64	0.000040
OPCODE	6044	64	0.000040
OPCODE	3946	64	0.000040
OPCODE	6EF2	64	0.000040
OPCODE	3340	64	0.000040
OPCODE	67E6	64	0.000040
OPCODE	6034	64	0.000040
OPCODE	2E2C	63	0.000040
OPCODE	526B	63	0.000040
OPCODE	196B	63	0.000040
OPCODE	E18D	63	0.000040
OPCODE	265E	63	0.000040
OPCODE	2F6D	63	0.000040
OPCODE	536B	63	0.000040
OPCODE	6F30	63	0.000040
OPCODE	DA85	63	0.000040
OPCODE	46C1	63	0.000040
OPCODE	3A3C	63	0.000040
OPCODE	2943	63	0.000040
OPCODE	2D0B	63	0.000040
OPCODE	40C1	63	0.000040
OPCODE	ED40	63	0.000040
OPCODE	2171	62	0.000039
OPCODE	A1AD	62	0.000039
OPCODE	31C6	62	0.000039
OPCODE	7403	62	0.000039
OPCODE	60C2	62	0.000039
OPCODE	5349	62	0.000039
OPCODE	0C69	62	0.000039
OPCODE	20CC	62	0.000039
OPCODE	5849	62	0.000039
OPCODE	D0E8	62	0.000039
OPCODE	266A	62	0.000039
OPCODE	E240	61	0.000039
OPCODE	2669	61	0.000039
OPCODE	2441	61	0.000039
OPCODE	300D	61	0.000039
OPCODE	B268	61	0.000039
OPCODE	EA88	61	0.000039
OPCODE	6046	61	0.000039
OPCODE	C047	61	0.000039
OPCODE	6020	60	0.000038
OPCODE	9478	60	0.000038
OPCODE	B26A	60	0.000038
OPCODE	45F3	60	0.000038
OPCODE	E34A	60	0.000038
OPCODE	6B76	60	0.000038
OPCODE	7091	60	0.000038
OPCODE	5C44	60	0.000038
OPCODE	7A0F	60	0.000038
OPCODE	0446	60	0.000038
OPCODE	3838	60	0.000038
OPCODE	2409	60	0.000038
OPCODE	E678	60	0.000038
OPCODE	9078	60	0.000038
OPCODE	60D6	60	0.000038
OPCODE	3405	60	0.000038
OPCODE	0878	60	0.000038
OPCODE	30C6	60	0.000038
OPCODE	341B	60	0.000038
OPCODE	A22E	60	0.000038
OPCODE	609E	60	0.000038
OPCODE	E780	60	0.000038
OPCODE	D06C	60	0.000038
OPCODE	D2C5	60	0.000038
OPCODE	926E	60	0.000038
OPCODE	653A	59	0.000037
OPCODE	45F2	59	0.000037
OPCODE	D04D	59	0.000037
OPCODE	384B	59	0.000037
OPCODE	425C	59	0.000037
OPCODE	7614	59	0.000037
OPCODE	2C13	59	0.000037
OPCODE	720E	59	0.000037
OPCODE	300F	59	0.000037
OPCODE	DEC7	59	0.000037
OPCODE	2030	58	0.000037
OPCODE	262B	58	0.000037
OPCODE	61A8	58	0.000037
OPCODE	522D	58	0.000037
OPCODE	6DF2	58	0.000037
OPCODE	D042	58	0.000037
OPCODE	A891	58	0.000037
OPCODE	532D	58	0.000037
OPCODE	6D12	58	0.000037
OPCODE	30B1	58	0.000037
OPCODE	C1C2	58	0.000037
OPCODE	514F	57	0.000036
OPCODE	21CE	57	0.000036
OPCODE	A998	57	0.000036
OPCODE	B060	57	0.000036
OPCODE	B046	56	0.000035
OPCODE	EFA9	56	0.000035
OPCODE	6316	56	0.000035
OPCODE	2A49	56	0.000035
OPCODE	2852	56	0.000035
OPCODE	E54F	56	0.000035
OPCODE	3320	56	0.000035
OPCODE	4683	56	0.000035
OPCODE	9250	56	0.000035
OPCODE	263C	56	0.000035
OPCODE	2B4B	55	0.000035
OPCODE	214D	55	0.000035
OPCODE	D1A8	55	0.000035
OPCODE	2B45	55	0.000035
OPCODE	2B44	55	0.000035
OPCODE	176C	55	0.000035
OPCODE	2B6B	55	0.000035
OPCODE	3A10	55	0.000035
OPCODE	5384	55	0.000035
OPCODE	296D	55	0.000035
OPCODE	2454	55	0.000035
OPCODE	6C16	55	0.000035
OPCODE	70ED	55	0.000035
OPCODE	6E1E	55	0.000035
OPCODE	6642	55	0.000035
OPCODE	67C8	55	0.000035
OPCODE	C0C3	54	0.000034
OPCODE	D7F3	54	0.000034
OPCODE	426B	54	0.000034
OPCODE	216A	54	0.000034
OPCODE	62F4	54	0.000034
OPCODE	2274	54	0.000034
OPCODE	956E	54	0.000034
OPCODE	724E	54	0.000034
OPCODE	66DC	54	0.000034
OPCODE	D7C2	54	0.000034
OPCODE	9642	54	0.000034
OPCODE	4482	54	0.000034
OPCODE	EF6D	54	0.000034
OPCODE	C2AE	54	0.000034
OPCODE	D4C5	54	0.000034
OPCODE	5987	53	0.000034
OPCODE	0BC3	53	0.000034
OPCODE	B06A	53	0.000034
OPCODE	A8DD	53	0.000034
OPCODE	241A	53	0.000034
OPCODE	BE40	53	0.000034
OPCODE	117C	52	0.000033
OPCODE	7005	52	0.000033
OPCODE	6F22	52	0.000033
OPCODE	70CE	52	0.000033
OPCODE	82C0	52	0.000033
OPCODE	3945	52	0.000033
OPCODE	40C2	52	0.000033
OPCODE	43D2	52	0.000033
OPCODE	61A2	52	0.000033
OPCODE	46C2	52	0.000033
OPCODE	6572	52	0.000033
OPCODE	BE82	52	0.000033
OPCODE	327C	52	0.000033
OPCODE	60F6	52	0.000033
OPCODE	A8E0	52	0.000033
OPCODE	2A31	52	0.000033
OPCODE	A260	52	0.000033
OPCODE	2831	52	0.000033
OPCODE	5285	52	0.000033
OPCODE	D28C	52	0.000033
OPCODE	D6E8	52	0.000033
OPCODE	9484	52	0.000033
OPCODE	7206	52	0.000033
OPCODE	6A76	52	0.000033
OPCODE	6C22	52	0.000033
OPCODE	3768	51	0.000032
OPCODE	A05A	51	0.000032
OPCODE	361F	51	0.000032
OPCODE	A975	51	0.000032
OPCODE	204D	51	0.000032
OPCODE	E058	51	0.000032
OPCODE	5488	51	0.000032
OPCODE	6DC0	51	0.000032
OPCODE	6C26	51	0.000032
OPCODE	D0AA	51	0.000032
OPCODE	45F4	50	0.000032
OPCODE	6E20	50	0.000032
OPCODE	3629	50	0.000032
OPCODE	49EB	50	0.000032
OPCODE	AAA2	50	0.000032
OPCODE	816E	50	0.000032
OPCODE	740E	50	0.000032
OPCODE	C052	50	0.000032
OPCODE	A9ED	50	0.000032
OPCODE	2252	50	0.000032
OPCODE	4BEB	50	0.000032
OPCODE	60EC	50	0.000032
OPCODE	92A8	50	0.000032
OPCODE	5544	50	0.000032
OPCODE	D4F2	50	0.000032
OPCODE	0C53	49	0.000031
OPCODE	92F8	49	0.000031
OPCODE	5284	49	0.000031
OPCODE	5282	49	0.000031
OPCODE	0000	49	0.000031
OPCODE	5248	49	0.000031
OPCODE	58AE	49	0.000031
OPCODE	0657	49	0.000031
OPCODE	9083	49	0.000031
OPCODE	74B0	49	0.000031
OPCODE	2818	49	0.000031
OPCODE	2842	49	0.000031
OPCODE	D644	49	0.000031
OPCODE	6694	48	0.000030
OPCODE	A0A5	48	0.000030
OPCODE	261B	48	0.000030
OPCODE	281B	48	0.000030
OPCODE	2A1B	48	0.000030
OPCODE	4EB4	48	0.000030
OPCODE	690E	48	0.000030
OPCODE	2C1B	48	0.000030
OPCODE	4CD8	48	0.000030
OPCODE	22C3	48	0.000030
OPCODE	62F2	48	0.000030
OPCODE	36C6	48	0.000030
OPCODE	BBCC	48	0.000030
OPCODE	361A	48	0.000030
OPCODE	6D40	48	0.000030
OPCODE	B098	48	0.000030
OPCODE	30D2	48	0.000030
OPCODE	7023	48	0.000030
OPCODE	E9E8	48	0.000030
OPCODE	36C5	48	0.000030
OPCODE	A88B	47	0.000030
OPCODE	B101	47	0.000030
OPCODE	D169	47	0.000030
OPCODE	7610	47	0.000030
OPCODE	BEA8	47	0.000030
OPCODE	E54B	46	0.000029
OPCODE	217C	46	0.000029
OPCODE	5C88	46	0.000029
OPCODE	9868	46	0.000029
OPCODE	022A	46	0.000029
OPCODE	6676	46	0.000029
OPCODE	BA6B	46	0.000029
OPCODE	B7C0	46	0.000029
OPCODE	A879	45	0.000028
OPCODE	6F42	45	0.000028
OPCODE	C348	45	0.000028
OPCODE	A9EF	45	0.000028
OPCODE	F624	45	0.000028
OPCODE	6146	45	0.000028
OPCODE	2D53	45	0.000028
OPCODE	296C	45	0.000028
OPCODE	3543	45	0.000028
OPCODE	A8E9	44	0.000028
OPCODE	B7ED	44	0.000028
OPCODE	D490	44	0.000028
OPCODE	2282	44	0.000028
OPCODE	3341	44	0.000028
OPCODE	20AE	44	0.000028
OPCODE	631E	44	0.000028
OPCODE	6652	44	0.000028
OPCODE	D092	44	0.000028
OPCODE	B3CB	44	0.000028
OPCODE	60E0	43	0.000027
OPCODE	66C2	43	0.000027
OPCODE	66C0	43	0.000027
OPCODE	3F78	43	0.000027
OPCODE	8042	43	0.000027
OPCODE	4640	43	0.000027
OPCODE	C0AE	43	0.000027
OPCODE	B5D9	43	0.000027
OPCODE	D885	43	0.000027
OPCODE	EFA8	43	0.000027
OPCODE	281F	43	0.000027
OPCODE	60E4	43	0.000027
OPCODE	5043	43	0.000027
OPCODE	3F33	42	0.000027
OPCODE	740C	42	0.000027
OPCODE	5840	42	0.000027
OPCODE	D647	42	0.000027
OPCODE	60C6	42	0.000027
OPCODE	E641	42	0.000027
OPCODE	0CAC	42	0.000027
OPCODE	2144	42	0.000027
OPCODE	0CA9	42	0.000027
OPCODE	723C	42	0.000027
OPCODE	8047	42	0.000027
OPCODE	8046	42	0.000027
OPCODE	360D	42	0.000027
OPCODE	3B7C	42	0.000027
OPCODE	3E0B	42	0.000027
OPCODE	D0C4	42	0.000027
OPCODE	5940	42	0.000027
OPCODE	21C0	42	0.000027
OPCODE	A869	42	0.000027
OPCODE	CA47	42	0.000027
OPCODE	2540	42	0.000027
OPCODE	D1A9	42	0.000027
OPCODE	8640	42	0.000027
OPCODE	C2C4	42	0.000027
OPCODE	6D28	42	0.000027
OPCODE	A89E	42	0.000027
OPCODE	300C	42	0.000027
OPCODE	D8C1	42	0.000027
OPCODE	A8A3	42	0.000027
OPCODE	5743	41	0.000026
OPCODE	DE44	41	0.000026
OPCODE	2486	41	0.000026
OPCODE	B200	41	0.000026
OPCODE	906A	41	0.000026
OPCODE	6B6A	41	0.000026
OPCODE	B5F1	41	0.000026
OPCODE	700D	41	0.000026
OPCODE	3435	41	0.000026
OPCODE	0A3C	40	0.000025
OPCODE	3C18	40	0.000025
OPCODE	CAC1	40	0.000025
OPCODE	962A	40	0.000025
OPCODE	E291	40	0.000025
OPCODE	B292	40	0.000025
OPCODE	56E7	40	0.000025
OPCODE	0A80	40	0.000025
OPCODE	D083	40	0.000025
OPCODE	E399	40	0.000025
OPCODE	1828	40	0.000025
OPCODE	B290	40	0.000025
OPCODE	B128	40	0.000025
OPCODE	3607	40	0.000025
OPCODE	8082	40	0.000025
OPCODE	A9C6	40	0.000025
OPCODE	0CA2	40	0.000025
OPCODE	747E	40	0.000025
OPCODE	2550	40	0.000025
OPCODE	D284	40	0.000025
OPCODE	4ED6	40	0.000025
OPCODE	7404	40	0.000025
OPCODE	965F	40	0.000025
OPCODE	4DFA	40	0.000025
OPCODE	54C0	40	0.000025
OPCODE	3F57	40	0.000025
OPCODE	3F30	40	0.000025
OPCODE	34BC	40	0.000025
OPCODE	6B54	40	0.000025
OPCODE	E582	40	0.000025
OPCODE	763B	40	0.000025
OPCODE	7647	40	0.000025
OPCODE	2A6F	40	0.000025
OPCODE	2E05	40	0.000025
OPCODE	9859	40	0.000025
OPCODE	D6FC	40	0.000025
OPCODE	9582	40	0.000025
OPCODE	4857	40	0.000025
OPCODE	968D	40	0.000025
OPCODE	5A40	40	0.000025
OPCODE	6DA8	40	0.000025
OPCODE	EF8A	40	0.000025
OPCODE	D485	40	0.000025
OPCODE	EE4A	40	0.000025
OPCODE	AA64	40	0.000025
OPCODE	3E12	40	0.000025
OPCODE	7025	40	0.000025
OPCODE	D483	40	0.000025
OPCODE	EA8A	40	0.000025
OPCODE	57E7	40	0.000025
OPCODE	9A68	40	0.000025
OPCODE	9A59	40	0.000025
OPCODE	AA17	40	0.000025
OPCODE	C34A	39	0.000025
OPCODE	ED98	39	0.000025
OPCODE	B474	39	0.000025
OPCODE	A90B	39	0.000025
OPCODE	AA42	39	0.000025
OPCODE	E250	39	0.000025
OPCODE	9359	39	0.000025
OPCODE	3438	39	0.000025
OPCODE	6524	39	0.000025
OPCODE	B687	39	0.000025
OPCODE	B0B4	39	0.000025
OPCODE	1345	39	0.000025
OPCODE	6654	39	0.000025
OPCODE	6EAC	39	0.000025
OPCODE	2205	39	0.000025
OPCODE	9159	39	0.000025
OPCODE	C041	38	0.000024
OPCODE	3233	38	0.000024
OPCODE	47ED	38	0.000024
OPCODE	BAAC	38	0.000024
OPCODE	9068	38	0.000024
OPCODE	2EB1	38	0.000024
OPCODE	E840	38	0.000024
OPCODE	6ED6	38	0.000024
OPCODE	3C3C	37	0.000023
OPCODE	A868	37	0.000023
OPCODE	E7A9	37	0.000023
OPCODE	006C	37	0.000023
OPCODE	6062	36	0.000023
OPCODE	22D2	36	0.000023
OPCODE	D168	36	0.000023
OPCODE	30BC	36	0.000023
OPCODE	B459	36	0.000023
OPCODE	5845	36	0.000023
OPCODE	49F8	36	0.000023
OPCODE	B659	36	0.000023
OPCODE	A8DC	36	0.000023
OPCODE	262F	36	0.000023
OPCODE	A851	36	0.000023
OPCODE	3F2D	36	0.000023
OPCODE	B259	36	0.000023
OPCODE	A08F	36	0.000023
OPCODE	61DC	36	0.000023
OPCODE	DFAC	36	0.000023
OPCODE	2320	36	0.000023
OPCODE	2017	36	0.000023
OPCODE	082F	36	0.000023
OPCODE	4A5A	36	0.000023
OPCODE	B08E	36	0.000023
OPCODE	A994	36	0.000023
OPCODE	C1C7	36	0.000023
OPCODE	2057	36	0.000023
OPCODE	0CAD	36	0.000023
OPCODE	E84C	36	0.000023
OPCODE	B9EB	35	0.000022
OPCODE	E488	35	0.000022
OPCODE	0287	35	0.000022
OPCODE	6E18	35	0.000022
OPCODE	422A	35	0.000022
OPCODE	3E2D	35	0.000022
OPCODE	47F8	35	0.000022
OPCODE	A93A	35	0.000022
OPCODE	D26D	35	0.000022
OPCODE	6056	35	0.000022
OPCODE	196E	35	0.000022
OPCODE	0181	35	0.000022
OPCODE	47F7	35	0.000022
OPCODE	9285	35	0.000022
OPCODE	9050	35	0.000022
OPCODE	4217	35	0.000022
OPCODE	B5E9	34	0.000021
OPCODE	4C41	34	0.000021
OPCODE	CA81	34	0.000021
OPCODE	6C1E	34	0.000021
OPCODE	12BC	34	0.000021
OPCODE	2206	34	0.000021
OPCODE	80BC	34	0.000021
OPCODE	BC47	34	0.000021
OPCODE	4297	34	0.000021
OPCODE	6C34	34	0.000021
OPCODE	16BC	34	0.000021
OPCODE	C441	34	0.000021
OPCODE	E681	34	0.000021
OPCODE	6D3E	34	0.000021
OPCODE	802D	34	0.000021
OPCODE	D9D0	34	0.000021
OPCODE	1740	34	0.000021
OPCODE	1941	34	0.000021
OPCODE	B3CC	34	0.000021
OPCODE	6D32	34	0.000021
OPCODE	2C01	34	0.000021
OPCODE	3E2C	34	0.000021
OPCODE	214B	34	0.000021
OPCODE	E0A1	34	0.000021
OPCODE	3F2F	34	0.000021
OPCODE	7A1F	34	0.000021
OPCODE	3D45	33	0.000021
OPCODE	7030	33	0.000021
OPCODE	A8A9	33	0.000021
OPCODE	E48E	33	0.000021
OPCODE	3747	33	0.000021
OPCODE	BE80	33	0.000021
OPCODE	0257	33	0.000021
OPCODE	5945	33	0.000021
OPCODE	6064	33	0.000021
OPCODE	E8A1	33	0.000021
OPCODE	E0AE	32	0.000020
OPCODE	A887	32	0.000020
OPCODE	5148	32	0.000020
OPCODE	B0FC	32	0.000020
OPCODE	342C	32	0.000020
OPCODE	4686	32	0.000020
OPCODE	3A06	32	0.000020
OPCODE	6066	32	0.000020
OPCODE	6EF8	32	0.000020
OPCODE	2328	32	0.000020
OPCODE	381A	32	0.000020
OPCODE	0682	32	0.000020
OPCODE	3942	32	0.000020
OPCODE	A80A	32	0.000020
OPCODE	7044	32	0.000020
OPCODE	C5EC	32	0.000020
OPCODE	CE03	32	0.000020
OPCODE	31E1	32	0.000020
OPCODE	297C	31	0.000020
OPCODE	446F	31	0.000020
OPCODE	2607	31	0.000020
OPCODE	3210	31	0.000020
OPCODE	B02E	31	0.000020
OPCODE	9EFC	31	0.000020
OPCODE	5841	31	0.000020
OPCODE	EF8E	31	0.000020
OPCODE	D880	31	0.000020
OPCODE	0C54	31	0.000020
OPCODE	90AE	31	0.000020
OPCODE	6122	31	0.000020
OPCODE	6074	31	0.000020
OPCODE	2280	31	0.000020
OPCODE	91C2	30	0.000019
OPCODE	61B2	30	0.000019
OPCODE	DE46	30	0.000019
OPCODE	DDC0	30	0.000019
OPCODE	E180	30	0.000019
OPCODE	6198	30	0.000019
OPCODE	6120	30	0.000019
OPCODE	9C40	30	0.000019
OPCODE	B7EC	30	0.000019
OPCODE	3E05	30	0.000019
OPCODE	DA44	30	0.000019
OPCODE	DC47	30	0.000019
OPCODE	92C4	30	0.000019
OPCODE	DBC5	30	0.000019
OPCODE	D551	30	0.000019
OPCODE	B245	30	0.000019
OPCODE	2682	30	0.000019
OPCODE	E05A	30	0.000019
OPCODE	1E30	30	0.000019
OPCODE	2702	30	0.000019
OPCODE	3618	30	0.000019
OPCODE	2180	30	0.000019
OPCODE	41D4	30	0.000019
OPCODE	D593	30	0.000019
OPCODE	9DC0	30	0.000019
OPCODE	9EC4	30	0.000019
OPCODE	89FC	30	0.000019
OPCODE	9A84	30	0.000019
OPCODE	3E18	30	0.000019
OPCODE	3D00	30	0.000019
OPCODE	1A10	30	0.000019
OPCODE	62F0	30	0.000019
OPCODE	9969	30	0.000019
OPCODE	A126	30	0.000019
OPCODE	C4C5	30	0.000019
OPCODE	4A9F	30	0.000019
OPCODE	C05A	30	0.000019
OPCODE	6CBC	30	0.000019
OPCODE	3078	30	0.000019
OPCODE	301E	30	0.000019
OPCODE	E946	30	0.000019
OPCODE	6B4E	30	0.000019
OPCODE	4DEC	30	0.000019
OPCODE	6B32	30	0.000019
OPCODE	2C45	30	0.000019
OPCODE	BA29	30	0.000019
OPCODE	3199	30	0.000019
OPCODE	C4C6	30	0.000019
OPCODE	E78A	30	0.000019
OPCODE	1091	30	0.000019
OPCODE	E685	30	0.000019
OPCODE	E668	30	0.000019
OPCODE	4469	30	0.000019
OPCODE	E58A	30	0.000019
OPCODE	C840	30	0.000019
OPCODE	11D9	30	0.000019
OPCODE	B645	30	0.000019
OPCODE	EF6E	30	0.000019
OPCODE	D78C	30	0.000019
OPCODE	4850	30	0.000019
OPCODE	0204	30	0.000019
OPCODE	0214	30	0.000019
OPCODE	3345	30	0.000019
OPCODE	6E12	30	0.000019
OPCODE	48C4	30	0.000019
OPCODE	3332	30	0.000019
OPCODE	32C5	30	0.000019
OPCODE	3A18	30	0.000019
OPCODE	32C3	30	0.000019
OPCODE	2870	30	0.000019
OPCODE	32C2	30	0.000019
OPCODE	EEAD	30	0.000019
OPCODE	4A56	30	0.000019
OPCODE	EEAA	30	0.000019
OPCODE	0644	30	0.000019
OPCODE	6D2A	30	0.000019
OPCODE	3285	30	0.000019
OPCODE	3256	30	0.000019
OPCODE	EA8D	30	0.000019
OPCODE	0887	30	0.000019
OPCODE	43D4	30	0.000019
OPCODE	2874	30	0.000019
OPCODE	E342	30	0.000019
OPCODE	C8C2	30	0.000019
OPCODE	3C2D	30	0.000019
OPCODE	16DC	30	0.000019
OPCODE	7A10	30	0.000019
OPCODE	D645	30	0.000019
OPCODE	C8C1	30	0.000019
OPCODE	A87A	30	0.000019
OPCODE	E445	30	0.000019
OPCODE	382C	30	0.000019
OPCODE	294E	30	0.000019
OPCODE	CBC0	30	0.000019
OPCODE	4263	30	0.000019
OPCODE	613C	29	0.000018
OPCODE	BEAB	29	0.000018
OPCODE	6D1E	29	0.000018
OPCODE	53EE	29	0.000018
OPCODE	C544	29	0.000018
OPCODE	E249	29	0.000018
OPCODE	A8A1	29	0.000018
OPCODE	8001	29	0.000018
OPCODE	6F2A	29	0.000018
OPCODE	006B	29	0.000018
OPCODE	D06B	29	0.000018
OPCODE	2E0B	28	0.000018
OPCODE	C286	28	0.000018
OPCODE	E0AB	28	0.000018
OPCODE	0C2C	28	0.000018
OPCODE	A803	28	0.000018
OPCODE	B053	28	0.000018
OPCODE	9168	28	0.000018
OPCODE	A863	28	0.000018
OPCODE	216F	28	0.000018
OPCODE	28C6	28	0.000018
OPCODE	CC84	28	0.000018
OPCODE	CC94	28	0.000018
OPCODE	6D82	28	0.000018
OPCODE	BB86	28	0.000018
OPCODE	2150	28	0.000018
OPCODE	D06F	28	0.000018
OPCODE	22C8	28	0.000018
OPCODE	E7AA	28	0.000018
OPCODE	8E00	28	0.000018
OPCODE	7410	28	0.000018
OPCODE	8C81	28	0.000018
OPCODE	50E8	28	0.000018
OPCODE	7626	28	0.000018
OPCODE	CA83	28	0.000018
OPCODE	74FE	28	0.000018
OPCODE	43F4	28	0.000018
OPCODE	41F4	28	0.000018
OPCODE	4A59	27	0.000017
OPCODE	0890	27	0.000017
OPCODE	E319	27	0.000017
OPCODE	D0BC	27	0.000017
OPCODE	E411	27	0.000017
OPCODE	704A	27	0.000017
OPCODE	EDC1	27	0.000017
OPCODE	508C	27	0.000017
OPCODE	E709	27	0.000017
OPCODE	9E80	27	0.000017
OPCODE	3C2C	27	0.000017
OPCODE	DC82	27	0.000017
OPCODE	B043	27	0.000017
OPCODE	9FAC	27	0.000017
OPCODE	A88A	27	0.000017
OPCODE	234A	27	0.000017
OPCODE	5A80	26	0.000016
OPCODE	262C	26	0.000016
OPCODE	3E80	26	0.000016
OPCODE	229F	26	0.000016
OPCODE	A01B	26	0.000016
OPCODE	ECE8	26	0.000016
OPCODE	6E1A	26	0.000016
OPCODE	2980	26	0.000016
OPCODE	EDE8	26	0.000016
OPCODE	3E29	26	0.000016
OPCODE	50C1	26	0.000016
OPCODE	B854	26	0.000016
OPCODE	60D4	26	0.000016
OPCODE	D482	26	0.000016
OPCODE	3982	26	0.000016
OPCODE	182E	26	0.000016
OPCODE	518B	26	0.000016
OPCODE	70FD	26	0.000016
OPCODE	2E01	26	0.000016
OPCODE	DBE8	26	0.000016
OPCODE	3B40	26	0.000016
OPCODE	3A2A	26	0.000016
OPCODE	E9A8	26	0.000016
OPCODE	0C06	26	0.000016
OPCODE	615A	26	0.000016
OPCODE	2873	26	0.000016
OPCODE	08C7	26	0.000016
OPCODE	56E8	26	0.000016
OPCODE	A87B	26	0.000016
OPCODE	9047	26	0.000016
OPCODE	65EA	26	0.000016
OPCODE	3352	26	0.000016
OPCODE	2A68	26	0.000016
OPCODE	6E76	26	0.000016
OPCODE	6E58	26	0.000016
OPCODE	8441	26	0.000016
OPCODE	08C3	25	0.000016
OPCODE	01C1	25	0.000016
OPCODE	A722	25	0.000016
OPCODE	98FC	25	0.000016
OPCODE	1EB8	25	0.000016
OPCODE	674E	25	0.000016
OPCODE	36A8	25	0.000016
OPCODE	376D	25	0.000016
OPCODE	36AD	25	0.000016
OPCODE	A939	25	0.000016
OPCODE	D111	25	0.000016
OPCODE	3040	25	0.000016
OPCODE	6CEC	25	0.000016
OPCODE	2407	25	0.000016
OPCODE	9A44	25	0.000016
OPCODE	3829	25	0.000016
OPCODE	60A0	25	0.000016
OPCODE	9452	24	0.000015
OPCODE	21C1	24	0.000015
OPCODE	5C42	24	0.000015
OPCODE	D642	24	0.000015
OPCODE	335A	24	0.000015
OPCODE	3C29	24	0.000015
OPCODE	6F40	24	0.000015
OPCODE	6EE4	24	0.000015
OPCODE	6DF8	24	0.000015
OPCODE	32E9	24	0.000015
OPCODE	AA27	24	0.000015
OPCODE	A949	24	0.000015
OPCODE	BA43	24	0.000015
OPCODE	E8A0	24	0.000015
OPCODE	C543	24	0.000015
OPCODE	740A	24	0.000015
OPCODE	E4A1	24	0.000015
OPCODE	E2A0	24	0.000015
OPCODE	CC81	24	0.000015
OPCODE	D095	24	0.000015
OPCODE	5307	24	0.000015
OPCODE	D16F	24	0.000015
OPCODE	DE87	24	0.000015
OPCODE	3631	24	0.000015
OPCODE	DE80	24	0.000015
OPCODE	254B	24	0.000015
OPCODE	D2BC	24	0.000015
OPCODE	2147	24	0.000015
OPCODE	224E	23	0.000015
OPCODE	3944	23	0.000015
OPCODE	9843	23	0.000015
OPCODE	2958	23	0.000015
OPCODE	D157	23	0.000015
OPCODE	3D69	23	0.000015
OPCODE	7021	23	0.000015
OPCODE	60B8	23	0.000015
OPCODE	0A00	23	0.000015
OPCODE	7078	23	0.000015
OPCODE	6760	23	0.000015
OPCODE	6410	23	0.000015
OPCODE	2085	23	0.000015
OPCODE	5358	22	0.000014
OPCODE	D150	22	0.000014
OPCODE	1618	22	0.000014
OPCODE	6068	22	0.000014
OPCODE	30AA	22	0.000014
OPCODE	30EA	22	0.000014
OPCODE	6302	22	0.000014
OPCODE	0701	22	0.000014
OPCODE	D180	22	0.000014
OPCODE	3F19	22	0.000014
OPCODE	20C5	22	0.000014
OPCODE	20EA	22	0.000014
OPCODE	4C2F	22	0.000014
OPCODE	EA49	22	0.000014
OPCODE	234F	22	0.000014
OPCODE	66CE	22	0.000014
OPCODE	2A1F	22	0.000014
OPCODE	6C76	22	0.000014
OPCODE	C4C1	22	0.000014
OPCODE	90A8	22	0.000014
OPCODE	0450	22	0.000014
OPCODE	A8DE	22	0.000014
OPCODE	615C	22	0.000014
OPCODE	0128	22	0.000014
OPCODE	4851	22	0.000014
OPCODE	5258	22	0.000014
OPCODE	6A2A	22	0.000014
OPCODE	6E32	22	0.000014
OPCODE	2C38	21	0.000013
OPCODE	9043	21	0.000013
OPCODE	0C14	21	0.000013
OPCODE	91A9	21	0.000013
OPCODE	316E	21	0.000013
OPCODE	2A4C	21	0.000013
OPCODE	45EC	21	0.000013
OPCODE	A8DF	21	0.000013
OPCODE	61B8	21	0.000013
OPCODE	4C46	21	0.000013
OPCODE	223A	21	0.000013
OPCODE	986E	21	0.000013
OPCODE	A11E	21	0.000013
OPCODE	8128	21	0.000013
OPCODE	026B	21	0.000013
OPCODE	9444	21	0.000013
OPCODE	6D9A	21	0.000013
OPCODE	E1AB	21	0.000013
OPCODE	8058	21	0.000013
OPCODE	8050	21	0.000013
OPCODE	966E	21	0.000013
OPCODE	9283	21	0.000013
OPCODE	3290	21	0.000013
OPCODE	3270	21	0.000013
OPCODE	4A88	21	0.000013
OPCODE	12A8	21	0.000013
OPCODE	11EB	21	0.000013
OPCODE	3211	21	0.000013
OPCODE	9259	21	0.000013
OPCODE	D068	20	0.000013
OPCODE	8194	20	0.000013
OPCODE	0CB8	20	0.000013
OPCODE	D088	20	0.000013
OPCODE	544C	20	0.000013
OPCODE	D084	20	0.000013
OPCODE	6214	20	0.000013
OPCODE	7278	20	0.000013
OPCODE	A89B	20	0.000013
OPCODE	D1AD	20	0.000013
OPCODE	2881	20	0.000013
OPCODE	6512	20	0.000013
OPCODE	51E8	20	0.000013
OPCODE	141C	20	0.000013
OPCODE	675E	20	0.000013
OPCODE	2A0B	20	0.000013
OPCODE	A8B5	20	0.000013
OPCODE	3744	20	0.000013
OPCODE	BE6C	20	0.000013
OPCODE	218C	20	0.000013
OPCODE	24F4	20	0.000013
OPCODE	6C3C	20	0.000013
OPCODE	4698	20	0.000013
OPCODE	BFC4	20	0.000013
OPCODE	0294	20	0.000013
OPCODE	70D5	20	0.000013
OPCODE	BE6B	20	0.000013
OPCODE	C001	20	0.000013
OPCODE	B62C	19	0.000012
OPCODE	7808	19	0.000012
OPCODE	1340	19	0.000012
OPCODE	5440	19	0.000012
OPCODE	7013	19	0.000012
OPCODE	EA4C	19	0.000012
OPCODE	C028	19	0.000012
OPCODE	9869	19	0.000012
OPCODE	2642	19	0.000012
OPCODE	61D2	19	0.000012
OPCODE	B393	19	0.000012
OPCODE	ABC9	19	0.000012
OPCODE	D02C	19	0.000012
OPCODE	9669	19	0.000012
OPCODE	51C4	19	0.000012
OPCODE	7AFC	19	0.000012
OPCODE	E2AD	19	0.000012
OPCODE	605E	19	0.000012
OPCODE	51C6	19	0.000012
OPCODE	64CA	19	0.000012
OPCODE	2898	19	0.000012
OPCODE	0C18	19	0.000012
OPCODE	D6C0	19	0.000012
OPCODE	902C	19	0.000012
OPCODE	52AB	19	0.000012
OPCODE	45EB	19	0.000012
OPCODE	3F2B	19	0.000012
OPCODE	61B6	19	0.000012
OPCODE	C0EA	19	0.000012
OPCODE	61BA	19	0.000012
OPCODE	7228	19	0.000012
OPCODE	3F2A	19	0.000012
OPCODE	6D38	19	0.000012
OPCODE	61CA	19	0.000012
OPCODE	3D6B	19	0.000012
OPCODE	2C2C	19	0.000012
OPCODE	C044	19	0.000012
OPCODE	276C	19	0.000012
OPCODE	EA4B	19	0.000012
OPCODE	7604	19	0.000012
OPCODE	C343	18	0.000011
OPCODE	F35F	18	0.000011
OPCODE	0259	18	0.000011
OPCODE	A198	18	0.000011
OPCODE	0302	18	0.000011
OPCODE	D057	18	0.000011
OPCODE	B653	18	0.000011
OPCODE	D059	18	0.000011
OPCODE	A8A8	18	0.000011
OPCODE	E8C0	18	0.000011
OPCODE	0C2E	18	0.000011
OPCODE	2B4C	18	0.000011
OPCODE	6AC0	18	0.000011
OPCODE	4CF8	18	0.000011
OPCODE	E782	18	0.000011
OPCODE	2E42	18	0.000011
OPCODE	6CD8	18	0.000011
OPCODE	C06C	18	0.000011
OPCODE	C05F	18	0.000011
OPCODE	522C	18	0.000011
OPCODE	6CEA	18	0.000011
OPCODE	A899	18	0.000011
OPCODE	A898	18	0.000011
OPCODE	3214	18	0.000011
OPCODE	EAC0	18	0.000011
OPCODE	2953	18	0.000011
OPCODE	3298	18	0.000011
OPCODE	AA34	18	0.000011
OPCODE	652C	18	0.000011
OPCODE	9040	18	0.000011
OPCODE	9258	18	0.000011
OPCODE	208F	18	0.000011
OPCODE	240F	18	0.000011
OPCODE	908F	18	0.000011
OPCODE	966A	18	0.000011
OPCODE	1E2C	18	0.000011
OPCODE	21E8	18	0.000011
OPCODE	A04C	18	0.000011
OPCODE	9086	18	0.000011
OPCODE	D0C1	18	0.000011
OPCODE	5C43	18	0.000011
OPCODE	DC87	18	0.000011
OPCODE	1F07	18	0.000011
OPCODE	9058	18	0.000011
OPCODE	3F10	18	0.000011
OPCODE	52AC	18	0.000011
OPCODE	CC6B	17	0.000011
OPCODE	2074	17	0.000011
OPCODE	9EAB	17	0.000011
OPCODE	B868	17	0.000011
OPCODE	4228	17	0.000011
OPCODE	341C	17	0.000011
OPCODE	2647	17	0.000011
OPCODE	1801	17	0.000011
OPCODE	70DD	17	0.000011
OPCODE	1A03	17	0.000011
OPCODE	0068	17	0.000011
OPCODE	E98E	17	0.000011
OPCODE	C12C	17	0.000011
OPCODE	70DC	17	0.000011
OPCODE	0044	17	0.000011
OPCODE	EAD0	17	0.000011
OPCODE	9268	17	0.000011
OPCODE	9A6B	17	0.000011
OPCODE	66B0	17	0.000011
OPCODE	7042	17	0.000011
OPCODE	6276	17	0.000011
OPCODE	7A07	17	0.000011
OPCODE	7A04	17	0.000011
OPCODE	DA45	17	0.000011
OPCODE	CA2B	17	0.000011
OPCODE	2746	17	0.000011
OPCODE	9C83	17	0.000011
OPCODE	1B43	17	0.000011
OPCODE	5580	17	0.000011
OPCODE	6502	17	0.000011
OPCODE	6454	17	0.000011
OPCODE	C2DF	17	0.000011
OPCODE	70FB	17	0.000011
OPCODE	3A2B	17	0.000011
OPCODE	631A	17	0.000011
OPCODE	70F9	17	0.000011
OPCODE	723A	17	0.000011
OPCODE	1A2C	17	0.000011
OPCODE	A815	17	0.000011
OPCODE	0110	17	0.000011
OPCODE	7218	16	0.000010
OPCODE	1F2F	16	0.000010
OPCODE	0C32	16	0.000010
OPCODE	E04C	16	0.000010
OPCODE	536A	16	0.000010
OPCODE	7088	16	0.000010
OPCODE	10C1	16	0.000010
OPCODE	3081	16	0.000010
OPCODE	257C	16	0.000010
OPCODE	7213	16	0.000010
OPCODE	DEAE	16	0.000010
OPCODE	242C	16	0.000010
OPCODE	6C2C	16	0.000010
OPCODE	9DC1	16	0.000010
OPCODE	DDC1	16	0.000010
OPCODE	3484	16	0.000010
OPCODE	A89D	16	0.000010
OPCODE	2F12	16	0.000010
OPCODE	8800	16	0.000010
OPCODE	DB45	16	0.000010
OPCODE	D26A	16	0.000010
OPCODE	A809	16	0.000010
OPCODE	5201	16	0.000010
OPCODE	CD40	16	0.000010
OPCODE	5C41	16	0.000010
OPCODE	21CD	16	0.000010
OPCODE	ABCA	16	0.000010
OPCODE	426A	16	0.000010
OPCODE	21E1	16	0.000010
OPCODE	E144	16	0.000010
OPCODE	650E	16	0.000010
OPCODE	8200	16	0.000010
OPCODE	36BC	16	0.000010
OPCODE	B891	16	0.000010
OPCODE	5C49	16	0.000010
OPCODE	26DC	16	0.000010
OPCODE	182A	16	0.000010
OPCODE	806E	16	0.000010
OPCODE	6FF2	16	0.000010
OPCODE	3338	16	0.000010
OPCODE	B8A9	16	0.000010
OPCODE	183B	16	0.000010
OPCODE	2748	16	0.000010
OPCODE	D957	16	0.000010
OPCODE	3D01	16	0.000010
OPCODE	B83A	16	0.000010
OPCODE	E349	16	0.000010
OPCODE	280B	16	0.000010
OPCODE	E14C	16	0.000010
OPCODE	294A	16	0.000010
OPCODE	2338	16	0.000010
OPCODE	3F1E	16	0.000010
OPCODE	36AE	16	0.000010
OPCODE	181B	16	0.000010
OPCODE	B0AF	16	0.000010
OPCODE	1A30	16	0.000010
OPCODE	6536	16	0.000010
OPCODE	3544	16	0.000010
OPCODE	5905	16	0.000010
OPCODE	D06D	16	0.000010
OPCODE	5CC0	16	0.000010
OPCODE	1803	16	0.000010
OPCODE	6F44	15	0.000009
OPCODE	B5D0	15	0.000009
OPCODE	52A8	15	0.000009
OPCODE	2D57	15	0.000009
OPCODE	2023	15	0.000009
OPCODE	BE41	15	0.000009
OPCODE	2283	15	0.000009
OPCODE	0C10	15	0.000009
OPCODE	4CB8	15	0.000009
OPCODE	32BC	15	0.000009
OPCODE	AA44	15	0.000009
OPCODE	6070	15	0.000009
OPCODE	7093	15	0.000009
OPCODE	BB9B	15	0.000009
OPCODE	90AD	15	0.000009
OPCODE	613A	15	0.000009
OPCODE	5847	15	0.000009
OPCODE	C046	15	0.000009
OPCODE	D1AB	15	0.000009
OPCODE	6782	15	0.000009
OPCODE	DEC1	15	0.000009
OPCODE	67A6	15	0.000009
OPCODE	6656	15	0.000009
OPCODE	A87C	15	0.000009
OPCODE	9E81	15	0.000009
OPCODE	6312	15	0.000009
OPCODE	DE6E	15	0.000009
OPCODE	282B	15	0.000009
OPCODE	2886	15	0.000009
OPCODE	50C6	15	0.000009
OPCODE	B3EA	15	0.000009
OPCODE	2688	15	0.000009
OPCODE	2887	15	0.000009
OPCODE	B468	14	0.000009
OPCODE	7416	14	0.000009
OPCODE	2088	14	0.000009
OPCODE	0C15	14	0.000009
OPCODE	7A02	14	0.000009
OPCODE	9244	14	0.000009
OPCODE	A9E0	14	0.000009
OPCODE	2964	14	0.000009
OPCODE	6684	14	0.000009
OPCODE	5357	14	0.000009
OPCODE	2146	14	0.000009
OPCODE	2F31	14	0.000009
OPCODE	E049	14	0.000009
OPCODE	31EE	14	0.000009
OPCODE	7024	14	0.000009
OPCODE	A162	14	0.000009
OPCODE	2A7A	14	0.000009
OPCODE	222D	14	0.000009
OPCODE	2C3C	14	0.000009
OPCODE	607E	14	0.000009
OPCODE	B092	14	0.000009
OPCODE	6082	14	0.000009
OPCODE	B450	14	0.000009
OPCODE	0C85	14	0.000009
OPCODE	240C	14	0.000009
OPCODE	E64A	14	0.000009
OPCODE	A81E	14	0.000009
OPCODE	6BF0	14	0.000009
OPCODE	613E	14	0.000009
OPCODE	A823	13	0.000008
OPCODE	3084	13	0.000008
OPCODE	3034	13	0.000008
OPCODE	62DE	13	0.000008
OPCODE	6132	13	0.000008
OPCODE	3178	13	0.000008
OPCODE	651E	13	0.000008
OPCODE	3C28	13	0.000008
OPCODE	4274	13	0.000008
OPCODE	268A	13	0.000008
OPCODE	588A	13	0.000008
OPCODE	D8C5	13	0.000008
OPCODE	329F	13	0.000008
OPCODE	B5F8	13	0.000008
OPCODE	966B	13	0.000008
OPCODE	605A	13	0.000008
OPCODE	2857	13	0.000008
OPCODE	616E	13	0.000008
OPCODE	6E42	13	0.000008
OPCODE	A950	13	0.000008
OPCODE	A522	13	0.000008
OPCODE	6E4E	13	0.000008
OPCODE	3C07	13	0.000008
OPCODE	2A12	13	0.000008
OPCODE	B46A	13	0.000008
OPCODE	E688	13	0.000008
OPCODE	261E	13	0.000008
OPCODE	11B3	13	0.000008
OPCODE	11D0	13	0.000008
OPCODE	2D03	13	0.000008
OPCODE	2213	13	0.000008
OPCODE	532C	13	0.000008
OPCODE	A207	13	0.000008
OPCODE	4C90	13	0.000008
OPCODE	640C	13	0.000008
OPCODE	3F42	13	0.000008
OPCODE	D6C1	13	0.000008
OPCODE	4682	13	0.000008
OPCODE	2774	13	0.000008
OPCODE	AA67	12	0.000008
OPCODE	26A8	12	0.000008
OPCODE	6314	12	0.000008
OPCODE	6418	12	0.000008
OPCODE	2809	12	0.000008
OPCODE	276B	12	0.000008
OPCODE	A800	12	0.000008
OPCODE	EF6A	12	0.000008
OPCODE	49F9	12	0.000008
OPCODE	3380	12	0.000008
OPCODE	2890	12	0.000008
OPCODE	6D6A	12	0.000008
OPCODE	1434	12	0.000008
OPCODE	5350	12	0.000008
OPCODE	EFAA	12	0.000008
OPCODE	5251	12	0.000008
OPCODE	026C	12	0.000008
OPCODE	2260	12	0.000008
OPCODE	7018	12	0.000008
OPCODE	BE68	12	0.000008
OPCODE	0268	12	0.000008
OPCODE	5DEE	12	0.000008
OPCODE	95AE	12	0.000008
OPCODE	0C90	12	0.000008
OPCODE	D152	12	0.000008
OPCODE	2F69	12	0.000008
OPCODE	544A	12	0.000008
OPCODE	44FC	12	0.000008
OPCODE	61C2	12	0.000008
OPCODE	116F	12	0.000008
OPCODE	70F3	12	0.000008
OPCODE	C2C0	12	0.000008
OPCODE	6172	12	0.000008
OPCODE	E658	12	0.000008
OPCODE	1297	12	0.000008
OPCODE	E68A	12	0.000008
OPCODE	4EF2	12	0.000008
OPCODE	E740	12	0.000008
OPCODE	2C0C	12	0.000008
OPCODE	6B1C	12	0.000008
OPCODE	B640	12	0.000008
OPCODE	C4C0	12	0.000008
OPCODE	1004	12	0.000008
OPCODE	61AE	12	0.000008
OPCODE	66A2	12	0.000008
OPCODE	EBAA	12	0.000008
OPCODE	22DB	12	0.000008
OPCODE	EAAA	12	0.000008
OPCODE	6D22	12	0.000008
OPCODE	31BC	12	0.000008
OPCODE	6670	12	0.000008
OPCODE	3180	12	0.000008
OPCODE	98C2	12	0.000008
OPCODE	E081	12	0.000008
OPCODE	30D9	12	0.000008
OPCODE	B287	12	0.000008
OPCODE	6CC2	12	0.000008
OPCODE	C093	12	0.000008
OPCODE	3087	12	0.000008
OPCODE	66BC	12	0.000008
OPCODE	3381	12	0.000008
OPCODE	A892	12	0.000008
OPCODE	9A80	12	0.000008
OPCODE	A99B	12	0.000008
OPCODE	BA84	11	0.000007
OPCODE	B08B	11	0.000007
OPCODE	3D54	11	0.000007
OPCODE	395F	11	0.000007
OPCODE	A817	11	0.000007
OPCODE	6152	11	0.000007
OPCODE	2970	11	0.000007
OPCODE	50EB	11	0.000007
OPCODE	E44C	11	0.000007
OPCODE	E34D	11	0.000007
OPCODE	906F	11	0.000007
OPCODE	CBC7	11	0.000007
OPCODE	E2AA	11	0.000007
OPCODE	A81F	11	0.000007
OPCODE	288B	11	0.000007
OPCODE	6040	11	0.000007
OPCODE	2841	11	0.000007
OPCODE	D2D0	11	0.000007
OPCODE	D0AB	11	0.000007
OPCODE	7E08	11	0.000007
OPCODE	64EC	11	0.000007
OPCODE	2628	11	0.000007
OPCODE	1A1F	11	0.000007
OPCODE	5486	11	0.000007
OPCODE	8357	11	0.000007
OPCODE	1F01	11	0.000007
OPCODE	7216	11	0.000007
OPCODE	6FEA	11	0.000007
OPCODE	A9A2	11	0.000007
OPCODE	EFAE	11	0.000007
OPCODE	C090	11	0.000007
OPCODE	6C48	11	0.000007
OPCODE	6FE2	11	0.000007
OPCODE	2D81	11	0.000007
OPCODE	DA43	11	0.000007
OPCODE	E789	11	0.000007
OPCODE	0101	11	0.000007
OPCODE	222B	11	0.000007
OPCODE	0052	11	0.000007
OPCODE	60BA	11	0.000007
OPCODE	2A3C	11	0.000007
OPCODE	6E30	11	0.000007
OPCODE	3E28	10	0.000006
OPCODE	376E	10	0.000006
OPCODE	3D6F	10	0.000006
OPCODE	9046	10	0.000006
OPCODE	6574	10	0.000006
OPCODE	8841	10	0.000006
OPCODE	B685	10	0.000006
OPCODE	DEB8	10	0.000006
OPCODE	DBAB	10	0.000006
OPCODE	3743	10	0.000006
OPCODE	376C	10	0.000006
OPCODE	B6FC	10	0.000006
OPCODE	3745	10	0.000006
OPCODE	DBC3	10	0.000006
OPCODE	2087	10	0.000006
OPCODE	6144	10	0.000006
OPCODE	7805	10	0.000006
OPCODE	0014	10	0.000006
OPCODE	6EC2	10	0.000006
OPCODE	6E36	10	0.000006
OPCODE	6D30	10	0.000006
OPCODE	E84E	10	0.000006
OPCODE	3831	10	0.000006
OPCODE	3B46	10	0.000006
OPCODE	E586	10	0.000006
OPCODE	11EE	10	0.000006
OPCODE	E48F	10	0.000006
OPCODE	E450	10	0.000006
OPCODE	DFAE	10	0.000006
OPCODE	3C19	10	0.000006
OPCODE	7C0F	10	0.000006
OPCODE	B650	10	0.000006
OPCODE	49EA	10	0.000006
OPCODE	163B	10	0.000006
OPCODE	6520	10	0.000006
OPCODE	E287	10	0.000006
OPCODE	E24A	10	0.000006
OPCODE	8114	10	0.000006
OPCODE	6228	10	0.000006
OPCODE	2944	10	0.000006
OPCODE	9FA8	10	0.000006
OPCODE	2658	10	0.000006
OPCODE	5390	10	0.000006
OPCODE	26C0	10	0.000006
OPCODE	5290	10	0.000006
OPCODE	A98D	10	0.000006
OPCODE	D047	10	0.000006
OPCODE	284D	10	0.000006
OPCODE	B8AC	10	0.000006
OPCODE	A860	10	0.000006
OPCODE	CC40	10	0.000006
OPCODE	2F18	10	0.000006
OPCODE	A870	10	0.000006
OPCODE	9EAE	10	0.000006
OPCODE	A888	10	0.000006
OPCODE	2E30	10	0.000006
OPCODE	42B2	10	0.000006
OPCODE	2E13	10	0.000006
OPCODE	A8B0	10	0.000006
OPCODE	A8D4	10	0.000006
OPCODE	C6C0	10	0.000006
OPCODE	5087	10	0.000006
OPCODE	5082	10	0.000006
OPCODE	C680	10	0.000006
OPCODE	C2AC	10	0.000006
OPCODE	2C12	10	0.000006
OPCODE	2C6C	10	0.000006
OPCODE	2406	10	0.000006
OPCODE	21AA	10	0.000006
OPCODE	92FC	10	0.000006
OPCODE	3E36	10	0.000006
OPCODE	21AC	10	0.000006
OPCODE	5CEE	10	0.000006
OPCODE	D7C6	10	0.000006
OPCODE	9492	10	0.000006
OPCODE	36B8	10	0.000006
OPCODE	BCAA	10	0.000006
OPCODE	97C4	10	0.000006
OPCODE	5886	10	0.000006
OPCODE	5881	10	0.000006
OPCODE	9881	10	0.000006
OPCODE	BA87	10	0.000006
OPCODE	9BAC	10	0.000006
OPCODE	25BC	10	0.000006
OPCODE	31C2	10	0.000006
OPCODE	9E83	10	0.000006
OPCODE	256E	10	0.000006
OPCODE	D289	10	0.000006
OPCODE	2549	10	0.000006
OPCODE	9C87	10	0.000006
OPCODE	2547	10	0.000006
OPCODE	2545	10	0.000006
OPCODE	D3AC	10	0.000006
OPCODE	2451	10	0.000006
OPCODE	EA58	9	0.000006
OPCODE	2F78	9	0.000006
OPCODE	BE52	9	0.000006
OPCODE	6F26	9	0.000006
OPCODE	C0FA	9	0.000006
OPCODE	1002	9	0.000006
OPCODE	12FC	9	0.000006
OPCODE	3830	9	0.000006
OPCODE	3541	9	0.000006
OPCODE	1628	9	0.000006
OPCODE	162F	9	0.000006
OPCODE	2838	9	0.000006
OPCODE	1A29	9	0.000006
OPCODE	B66C	9	0.000006
OPCODE	E04D	9	0.000006
OPCODE	1F3C	9	0.000006
OPCODE	D5C8	9	0.000006
OPCODE	218A	9	0.000006
OPCODE	90BA	9	0.000006
OPCODE	48E8	9	0.000006
OPCODE	A11A	9	0.000006
OPCODE	7E04	9	0.000006
OPCODE	AA52	9	0.000006
OPCODE	6514	9	0.000006
OPCODE	4EF6	9	0.000006
OPCODE	816A	9	0.000006
OPCODE	8240	9	0.000006
OPCODE	99AC	9	0.000006
OPCODE	6210	9	0.000006
OPCODE	A9E1	9	0.000006
OPCODE	6ABA	9	0.000006
OPCODE	4CED	9	0.000006
OPCODE	6F82	9	0.000006
OPCODE	94A9	9	0.000006
OPCODE	91CC	9	0.000006
OPCODE	60BE	9	0.000006
OPCODE	D1FC	8	0.000005
OPCODE	429B	8	0.000005
OPCODE	122E	8	0.000005
OPCODE	426D	8	0.000005
OPCODE	1206	8	0.000005
OPCODE	EF48	8	0.000005
OPCODE	A43C	8	0.000005
OPCODE	4A98	8	0.000005
OPCODE	2A1D	8	0.000005
OPCODE	6798	8	0.000005
OPCODE	EF4B	8	0.000005
OPCODE	9190	8	0.000005
OPCODE	700E	8	0.000005
OPCODE	E243	8	0.000005
OPCODE	9EA8	8	0.000005
OPCODE	D26B	8	0.000005
OPCODE	2A61	8	0.000005
OPCODE	361C	8	0.000005
OPCODE	91A8	8	0.000005
OPCODE	BD40	8	0.000005
OPCODE	254C	8	0.000005
OPCODE	2B4A	8	0.000005
OPCODE	2B6E	8	0.000005
OPCODE	A9F1	8	0.000005
OPCODE	D2E9	8	0.000005
OPCODE	BC44	8	0.000005
OPCODE	05C0	8	0.000005
OPCODE	49F1	8	0.000005
OPCODE	7C1E	8	0.000005
OPCODE	20AC	8	0.000005
OPCODE	143B	8	0.000005
OPCODE	BAA8	8	0.000005
OPCODE	A80D	8	0.000005
OPCODE	1605	8	0.000005
OPCODE	BE28	8	0.000005
OPCODE	E2A8	8	0.000005
OPCODE	EB5A	8	0.000005
OPCODE	CCAB	8	0.000005
OPCODE	E241	8	0.000005
OPCODE	E306	8	0.000005
OPCODE	CB49	8	0.000005
OPCODE	AA2A	8	0.000005
OPCODE	44DF	8	0.000005
OPCODE	665C	8	0.000005
OPCODE	5388	8	0.000005
OPCODE	3884	8	0.000005
OPCODE	5389	8	0.000005
OPCODE	A027	8	0.000005
OPCODE	CA82	8	0.000005
OPCODE	5400	8	0.000005
OPCODE	6D9E	8	0.000005
OPCODE	1F2E	8	0.000005
OPCODE	2277	8	0.000005
OPCODE	2257	8	0.000005
OPCODE	BC80	8	0.000005
OPCODE	48E0	8	0.000005
OPCODE	2EAF	8	0.000005
OPCODE	3807	8	0.000005
OPCODE	C1ED	8	0.000005
OPCODE	4CD9	8	0.000005
OPCODE	A41C	8	0.000005
OPCODE	381D	8	0.000005
OPCODE	5BCB	8	0.000005
OPCODE	2F61	8	0.000005
OPCODE	D66C	8	0.000005
OPCODE	5C4B	8	0.000005
OPCODE	B3E8	8	0.000005
OPCODE	1F68	8	0.000005
OPCODE	E908	8	0.000005
OPCODE	D845	8	0.000005
OPCODE	3A29	8	0.000005
OPCODE	E942	8	0.000005
OPCODE	A9B2	8	0.000005
OPCODE	B454	8	0.000005
OPCODE	B46D	8	0.000005
OPCODE	6076	8	0.000005
OPCODE	D8C3	8	0.000005
OPCODE	DE85	8	0.000005
OPCODE	C045	8	0.000005
OPCODE	C484	8	0.000005
OPCODE	1D46	8	0.000005
OPCODE	2C1D	8	0.000005
OPCODE	1E12	8	0.000005
OPCODE	72FB	8	0.000005
OPCODE	3A14	8	0.000005
OPCODE	D4B8	8	0.000005
OPCODE	20C4	8	0.000005
OPCODE	B5ED	8	0.000005
OPCODE	A938	8	0.000005
OPCODE	22EF	8	0.000005
OPCODE	2D69	8	0.000005
OPCODE	36DC	8	0.000005
OPCODE	D053	8	0.000005
OPCODE	DEBC	8	0.000005
OPCODE	BCA8	8	0.000005
OPCODE	22CD	8	0.000005
OPCODE	D605	8	0.000005
OPCODE	966C	8	0.000005
OPCODE	0054	8	0.000005
OPCODE	30F8	8	0.000005
OPCODE	BC78	8	0.000005
OPCODE	E0AA	8	0.000005
OPCODE	26AC	7	0.000004
OPCODE	780D	7	0.000004
OPCODE	C0C4	7	0.000004
OPCODE	AA94	7	0.000004
OPCODE	6C24	7	0.000004
OPCODE	7660	7	0.000004
OPCODE	7630	7	0.000004
OPCODE	703E	7	0.000004
OPCODE	7615	7	0.000004
OPCODE	A8EC	7	0.000004
OPCODE	6C20	7	0.000004
OPCODE	2E12	7	0.000004
OPCODE	2E91	7	0.000004
OPCODE	6B40	7	0.000004
OPCODE	A9AF	7	0.000004
OPCODE	720B	7	0.000004
OPCODE	301C	7	0.000004
OPCODE	651A	7	0.000004
OPCODE	5645	7	0.000004
OPCODE	9CFA	7	0.000004
OPCODE	BC8A	7	0.000004
OPCODE	D1EE	7	0.000004
OPCODE	3605	7	0.000004
OPCODE	6430	7	0.000004
OPCODE	B0BA	7	0.000004
OPCODE	1819	7	0.000004
OPCODE	6E1C	7	0.000004
OPCODE	7016	7	0.000004
OPCODE	9644	7	0.000004
OPCODE	94FC	7	0.000004
OPCODE	3814	7	0.000004
OPCODE	45F7	7	0.000004
OPCODE	5250	7	0.000004
OPCODE	6594	7	0.000004
OPCODE	1619	7	0.000004
OPCODE	282C	7	0.000004
OPCODE	336E	7	0.000004
OPCODE	6EE8	7	0.000004
OPCODE	B4FC	7	0.000004
OPCODE	20BC	6	0.000004
OPCODE	1F06	6	0.000004
OPCODE	1E31	6	0.000004
OPCODE	9840	6	0.000004
OPCODE	9207	6	0.000004
OPCODE	9A43	6	0.000004
OPCODE	C401	6	0.000004
OPCODE	2429	6	0.000004
OPCODE	244F	6	0.000004
OPCODE	5701	6	0.000004
OPCODE	306A	6	0.000004
OPCODE	A943	6	0.000004
OPCODE	2219	6	0.000004
OPCODE	2E04	6	0.000004
OPCODE	7244	6	0.000004
OPCODE	60CA	6	0.000004
OPCODE	58AF	6	0.000004
OPCODE	2293	6	0.000004
OPCODE	2286	6	0.000004
OPCODE	D26E	6	0.000004
OPCODE	5AEE	6	0.000004
OPCODE	6036	6	0.000004
OPCODE	617C	6	0.000004
OPCODE	61AA	6	0.000004
OPCODE	21AF	6	0.000004
OPCODE	D768	6	0.000004
OPCODE	2F4D	6	0.000004
OPCODE	6548	6	0.000004
OPCODE	E259	6	0.000004
OPCODE	A836	6	0.000004
OPCODE	51E9	6	0.000004
OPCODE	6770	6	0.000004
OPCODE	CD38	6	0.000004
OPCODE	E286	6	0.000004
OPCODE	A068	6	0.000004
OPCODE	1631	6	0.000004
OPCODE	A86C	6	0.000004
OPCODE	278A	6	0.000004
OPCODE	2846	6	0.000004
OPCODE	A440	6	0.000004
OPCODE	528B	6	0.000004
OPCODE	78FE	6	0.000004
OPCODE	282F	6	0.000004
OPCODE	666A	6	0.000004
OPCODE	56C5	6	0.000004
OPCODE	5369	6	0.000004
OPCODE	66BE	6	0.000004
OPCODE	7E10	6	0.000004
OPCODE	53AE	6	0.000004
OPCODE	2651	6	0.000004
OPCODE	CA38	6	0.000004
OPCODE	7E94	6	0.000004
OPCODE	50C5	6	0.000004
OPCODE	1171	6	0.000004
OPCODE	A8B2	6	0.000004
OPCODE	6356	6	0.000004
OPCODE	A8ED	6	0.000004
OPCODE	A8FA	6	0.000004
OPCODE	67CC	6	0.000004
OPCODE	A90C	6	0.000004
OPCODE	AA68	6	0.000004
OPCODE	B678	6	0.000004
OPCODE	0C12	6	0.000004
OPCODE	316D	6	0.000004
OPCODE	316B	6	0.000004
OPCODE	70EE	6	0.000004
OPCODE	B052	6	0.000004
OPCODE	B66D	6	0.000004
OPCODE	6C4C	6	0.000004
OPCODE	3F1A	6	0.000004
OPCODE	A9DA	6	0.000004
OPCODE	0BC4	6	0.000004
OPCODE	32F8	6	0.000004
OPCODE	3147	6	0.000004
OPCODE	BCAE	6	0.000004
OPCODE	7011	6	0.000004
OPCODE	3143	6	0.000004
OPCODE	B9C0	6	0.000004
OPCODE	3144	6	0.000004
OPCODE	321C	6	0.000004
OPCODE	7022	6	0.000004
OPCODE	6C30	6	0.000004
OPCODE	3613	6	0.000004
OPCODE	A9A8	6	0.000004
OPCODE	6EDA	6	0.000004
OPCODE	44C0	6	0.000004
OPCODE	B4A9	6	0.000004
OPCODE	45D1	6	0.000004
OPCODE	6F9A	6	0.000004
OPCODE	E76C	5	0.000003
OPCODE	93E8	5	0.000003
OPCODE	EDAD	5	0.000003
OPCODE	546E	5	0.000003
OPCODE	0A6E	5	0.000003
OPCODE	45FB	5	0.000003
OPCODE	701A	5	0.000003
OPCODE	21D8	5	0.000003
OPCODE	1882	5	0.000003
OPCODE	0A33	5	0.000003
OPCODE	C4E8	5	0.000003
OPCODE	78F8	5	0.000003
OPCODE	6184	5	0.000003
OPCODE	A90A	5	0.000003
OPCODE	6D48	5	0.000003
OPCODE	A90D	5	0.000003
OPCODE	A91C	5	0.000003
OPCODE	B3EE	5	0.000003
OPCODE	022C	5	0.000003
OPCODE	2760	5	0.000003
OPCODE	7E20	5	0.000003
OPCODE	AA1F	5	0.000003
OPCODE	3E38	5	0.000003
OPCODE	A885	5	0.000003
OPCODE	7064	5	0.000003
OPCODE	2692	5	0.000003
OPCODE	A886	5	0.000003
OPCODE	E24D	5	0.000003
OPCODE	EE49	5	0.000003
OPCODE	D484	5	0.000003
OPCODE	D0B8	5	0.000003
OPCODE	A821	5	0.000003
OPCODE	9A40	5	0.000003
OPCODE	8E40	5	0.000003
OPCODE	618C	5	0.000003
OPCODE	0A30	5	0.000003
OPCODE	A8A7	5	0.000003
OPCODE	6E10	5	0.000003
OPCODE	9480	5	0.000003
OPCODE	8DFC	5	0.000003
OPCODE	5302	5	0.000003
OPCODE	3540	5	0.000003
OPCODE	1414	5	0.000003
OPCODE	B740	5	0.000003
OPCODE	5941	5	0.000003
OPCODE	AA12	5	0.000003
OPCODE	31C7	5	0.000003
OPCODE	ABEB	5	0.000003
OPCODE	A876	5	0.000003
OPCODE	387C	5	0.000003
OPCODE	7034	5	0.000003
OPCODE	362D	5	0.000003
OPCODE	6350	5	0.000003
OPCODE	9084	5	0.000003
OPCODE	2EA8	5	0.000003
OPCODE	6EEA	5	0.000003
OPCODE	8FFC	5	0.000003
OPCODE	20F8	5	0.000003
OPCODE	0C9F	5	0.000003
OPCODE	3632	5	0.000003
OPCODE	20DA	5	0.000003
OPCODE	7036	5	0.000003
OPCODE	A9BA	5	0.000003
OPCODE	6B52	5	0.000003
OPCODE	A922	5	0.000003
OPCODE	B2AE	5	0.000003
OPCODE	E982	5	0.000003
OPCODE	2481	5	0.000003
OPCODE	24C3	5	0.000003
OPCODE	6C3E	5	0.000003
OPCODE	002C	5	0.000003
OPCODE	A992	5	0.000003
OPCODE	E949	5	0.000003
OPCODE	A146	5	0.000003
OPCODE	3047	5	0.000003
OPCODE	0251	5	0.000003
OPCODE	6D70	5	0.000003
OPCODE	A9A3	5	0.000003
OPCODE	D3C4	5	0.000003
OPCODE	1942	5	0.000003
OPCODE	57C9	5	0.000003
OPCODE	3832	5	0.000003
OPCODE	A923	5	0.000003
OPCODE	A927	5	0.000003
OPCODE	6C5C	5	0.000003
OPCODE	72A9	5	0.000003
OPCODE	41EF	5	0.000003
OPCODE	ED6D	5	0.000003
OPCODE	C2E9	5	0.000003
OPCODE	AA43	5	0.000003
OPCODE	A955	5	0.000003
OPCODE	E7A1	5	0.000003
OPCODE	A09D	5	0.000003
OPCODE	2E4B	5	0.000003
OPCODE	22CA	5	0.000003
OPCODE	60A8	5	0.000003
OPCODE	D3C5	5	0.000003
OPCODE	362B	5	0.000003
OPCODE	8151	5	0.000003
OPCODE	D0EF	5	0.000003
OPCODE	214C	5	0.000003
OPCODE	9E7C	5	0.000003
OPCODE	315F	5	0.000003
OPCODE	6D4A	5	0.000003
OPCODE	26CC	4	0.000003
OPCODE	B7E9	4	0.000003
OPCODE	36C4	4	0.000003
OPCODE	D4D2	4	0.000003
OPCODE	D0C3	4	0.000003
OPCODE	588B	4	0.000003
OPCODE	2741	4	0.000003
OPCODE	A064	4	0.000003
OPCODE	7CEF	4	0.000003
OPCODE	7CEE	4	0.000003
OPCODE	D099	4	0.000003
OPCODE	36C7	4	0.000003
OPCODE	162E	4	0.000003
OPCODE	A0A4	4	0.000003
OPCODE	04B8	4	0.000003
OPCODE	B073	4	0.000003
OPCODE	BB98	4	0.000003
OPCODE	B06F	4	0.000003
OPCODE	47EF	4	0.000003
OPCODE	249F	4	0.000003
OPCODE	3F68	4	0.000003
OPCODE	B7F8	4	0.000003
OPCODE	9FC1	4	0.000003
OPCODE	626E	4	0.000003
OPCODE	642C	4	0.000003
OPCODE	241D	4	0.000003
OPCODE	D26C	4	0.000003
OPCODE	242D	4	0.000003
OPCODE	9E8B	4	0.000003
OPCODE	9E84	4	0.000003
OPCODE	242F	4	0.000003
OPCODE	1A13	4	0.000003
OPCODE	6452	4	0.000003
OPCODE	D299	4	0.000003
OPCODE	9CAB	4	0.000003
OPCODE	6DB6	4	0.000003
OPCODE	1A31	4	0.000003
OPCODE	2457	4	0.000003
OPCODE	3685	4	0.000003
OPCODE	1C1F	4	0.000003
OPCODE	2493	4	0.000003
OPCODE	D2E8	4	0.000003
OPCODE	1C05	4	0.000003
OPCODE	1E14	4	0.000003
OPCODE	26CA	4	0.000003
OPCODE	26C5	4	0.000003
OPCODE	26C2	4	0.000003
OPCODE	BA82	4	0.000003
OPCODE	1E28	4	0.000003
OPCODE	236A	4	0.000003
OPCODE	A033	4	0.000003
OPCODE	D16C	4	0.000003
OPCODE	7015	4	0.000003
OPCODE	9A41	4	0.000003
OPCODE	B09F	4	0.000003
OPCODE	2344	4	0.000003
OPCODE	A011	4	0.000003
OPCODE	A00A	4	0.000003
OPCODE	36C3	4	0.000003
OPCODE	A005	4	0.000003
OPCODE	622E	4	0.000003
OPCODE	A004	4	0.000003
OPCODE	2646	4	0.000003
OPCODE	A001	4	0.000003
OPCODE	2633	4	0.000003
OPCODE	6508	4	0.000003
OPCODE	2A4A	4	0.000003
OPCODE	E6AD	4	0.000003
OPCODE	A919	4	0.000003
OPCODE	E6AC	4	0.000003
OPCODE	10DA	4	0.000003
OPCODE	AA06	4	0.000003
OPCODE	9054	4	0.000003
OPCODE	5C80	4	0.000003
OPCODE	A908	4	0.000003
OPCODE	21EA	4	0.000003
OPCODE	B3D7	4	0.000003
OPCODE	31C3	4	0.000003
OPCODE	A8E7	4	0.000003
OPCODE	2D08	4	0.000003
OPCODE	5C4A	4	0.000003
OPCODE	4A9C	4	0.000003
OPCODE	5041	4	0.000003
OPCODE	1147	4	0.000003
OPCODE	2A38	4	0.000003
OPCODE	B3C5	4	0.000003
OPCODE	C007	4	0.000003
OPCODE	08B1	4	0.000003
OPCODE	C745	4	0.000003
OPCODE	6764	4	0.000003
OPCODE	A8A5	4	0.000003
OPCODE	66C6	4	0.000003
OPCODE	6B24	4	0.000003
OPCODE	C0BC	4	0.000003
OPCODE	396E	4	0.000003
OPCODE	A9A4	4	0.000003
OPCODE	A99A	4	0.000003
OPCODE	A999	4	0.000003
OPCODE	6B72	4	0.000003
OPCODE	6B60	4	0.000003
OPCODE	6B58	4	0.000003
OPCODE	2061	4	0.000003
OPCODE	205E	4	0.000003
OPCODE	3833	4	0.000003
OPCODE	6B2C	4	0.000003
OPCODE	A20C	4	0.000003
OPCODE	721C	4	0.000003
OPCODE	2045	4	0.000003
OPCODE	2E4A	4	0.000003
OPCODE	0CB1	4	0.000003
OPCODE	6B1A	4	0.000003
OPCODE	6AF6	4	0.000003
OPCODE	722C	4	0.000003
OPCODE	9254	4	0.000003
OPCODE	6166	4	0.000003
OPCODE	727F	4	0.000003
OPCODE	C2EE	4	0.000003
OPCODE	1320	4	0.000003
OPCODE	4877	4	0.000003
OPCODE	B285	4	0.000003
OPCODE	B700	4	0.000003
OPCODE	51F8	4	0.000003
OPCODE	66B8	4	0.000003
OPCODE	7803	4	0.000003
OPCODE	702A	4	0.000003
OPCODE	BD90	4	0.000003
OPCODE	702B	4	0.000003
OPCODE	B029	4	0.000003
OPCODE	66BA	4	0.000003
OPCODE	22BC	4	0.000003
OPCODE	1383	4	0.000003
OPCODE	BE45	4	0.000003
OPCODE	5949	4	0.000003
OPCODE	B706	4	0.000003
OPCODE	E40E	4	0.000003
OPCODE	A81A	4	0.000003
OPCODE	BE50	4	0.000003
OPCODE	6E7E	4	0.000003
OPCODE	0229	4	0.000003
OPCODE	4A6F	4	0.000003
OPCODE	11D1	4	0.000003
OPCODE	5B40	4	0.000003
OPCODE	3E01	4	0.000003
OPCODE	EA50	4	0.000003
OPCODE	5187	4	0.000003
OPCODE	B6A9	4	0.000003
OPCODE	3347	4	0.000003
OPCODE	2829	4	0.000003
OPCODE	5147	4	0.000003
OPCODE	3D9F	4	0.000003
OPCODE	EA83	4	0.000003
OPCODE	4873	4	0.000003
OPCODE	EA84	4	0.000003
OPCODE	12AA	4	0.000003
OPCODE	06B8	4	0.000003
OPCODE	AA31	4	0.000003
OPCODE	A23C	4	0.000003
OPCODE	3346	4	0.000003
OPCODE	7609	4	0.000003
OPCODE	D96E	3	0.000002
OPCODE	3A02	3	0.000002
OPCODE	B491	3	0.000002
OPCODE	91EE	3	0.000002
OPCODE	D0D0	3	0.000002
OPCODE	6FF8	3	0.000002
OPCODE	3D6D	3	0.000002
OPCODE	5980	3	0.000002
OPCODE	B26C	3	0.000002
OPCODE	84C1	3	0.000002
OPCODE	B7EA	3	0.000002
OPCODE	227C	3	0.000002
OPCODE	1F1A	3	0.000002
OPCODE	93C1	3	0.000002
OPCODE	6F4A	3	0.000002
OPCODE	61B4	3	0.000002
OPCODE	2015	3	0.000002
OPCODE	D3E9	3	0.000002
OPCODE	926F	3	0.000002
OPCODE	1F03	3	0.000002
OPCODE	608A	3	0.000002
OPCODE	22FC	3	0.000002
OPCODE	3B43	3	0.000002
OPCODE	216D	3	0.000002
OPCODE	2888	3	0.000002
OPCODE	7094	3	0.000002
OPCODE	A8AA	3	0.000002
OPCODE	11EF	3	0.000002
OPCODE	1218	3	0.000002
OPCODE	7618	3	0.000002
OPCODE	A877	3	0.000002
OPCODE	AA32	3	0.000002
OPCODE	28AB	3	0.000002
OPCODE	E648	3	0.000002
OPCODE	A461	3	0.000002
OPCODE	4879	3	0.000002
OPCODE	5301	3	0.000002
OPCODE	5328	3	0.000002
OPCODE	BA83	3	0.000002
OPCODE	306D	3	0.000002
OPCODE	D0EA	3	0.000002
OPCODE	2E02	3	0.000002
OPCODE	70F7	3	0.000002
OPCODE	A990	3	0.000002
OPCODE	6BD6	3	0.000002
OPCODE	7209	3	0.000002
OPCODE	4CD2	3	0.000002
OPCODE	6C4A	3	0.000002
OPCODE	30E4	3	0.000002
OPCODE	C218	3	0.000002
OPCODE	0300	3	0.000002
OPCODE	A9E3	3	0.000002
OPCODE	4AAF	3	0.000002
OPCODE	A90F	3	0.000002
OPCODE	A90E	3	0.000002
OPCODE	67EC	3	0.000002
OPCODE	2B48	3	0.000002
OPCODE	31AE	3	0.000002
OPCODE	D2D8	3	0.000002
OPCODE	4457	3	0.000002
OPCODE	0310	3	0.000002
OPCODE	6332	3	0.000002
OPCODE	6D4E	3	0.000002
OPCODE	4233	3	0.000002
OPCODE	D16A	3	0.000002
OPCODE	B9EA	3	0.000002
OPCODE	A034	3	0.000002
OPCODE	D2C3	3	0.000002
OPCODE	103C	2	0.000001
OPCODE	0081	2	0.000001
OPCODE	2024	2	0.000001
OPCODE	10C2	2	0.000001
OPCODE	1031	2	0.000001
OPCODE	E7B8	2	0.000001
OPCODE	907C	2	0.000001
OPCODE	6176	2	0.000001
OPCODE	101A	2	0.000001
OPCODE	10D1	2	0.000001
OPCODE	6164	2	0.000001
OPCODE	6A20	2	0.000001
OPCODE	1F6A	2	0.000001
OPCODE	6DF4	2	0.000001
OPCODE	6F62	2	0.000001
OPCODE	63D0	2	0.000001
OPCODE	0A44	2	0.000001
OPCODE	905F	2	0.000001
OPCODE	63F0	2	0.000001
OPCODE	6188	2	0.000001
OPCODE	618A	2	0.000001
OPCODE	10E9	2	0.000001
OPCODE	6D58	2	0.000001
OPCODE	002A	2	0.000001
OPCODE	0C29	2	0.000001
OPCODE	9093	2	0.000001
OPCODE	8283	2	0.000001
OPCODE	2083	2	0.000001
OPCODE	6F34	2	0.000001
OPCODE	82AE	2	0.000001
OPCODE	E8A9	2	0.000001
OPCODE	614C	2	0.000001
OPCODE	908A	2	0.000001
OPCODE	E09B	2	0.000001
OPCODE	0C57	2	0.000001
OPCODE	7236	2	0.000001
OPCODE	9085	2	0.000001
OPCODE	205C	2	0.000001
OPCODE	6B46	2	0.000001
OPCODE	1D41	2	0.000001
OPCODE	0C03	2	0.000001
OPCODE	E089	2	0.000001
OPCODE	0CAB	2	0.000001
OPCODE	0C02	2	0.000001
OPCODE	1B54	2	0.000001
OPCODE	70AB	2	0.000001
OPCODE	6B20	2	0.000001
OPCODE	E849	2	0.000001
OPCODE	7C03	2	0.000001
OPCODE	7032	2	0.000001
OPCODE	1403	2	0.000001
OPCODE	66AE	2	0.000001
OPCODE	E3A8	2	0.000001
OPCODE	668A	2	0.000001
OPCODE	78E0	2	0.000001
OPCODE	1431	2	0.000001
OPCODE	1540	2	0.000001
OPCODE	61C0	2	0.000001
OPCODE	EBD7	2	0.000001
OPCODE	7A9D	2	0.000001
OPCODE	6E72	2	0.000001
OPCODE	7806	2	0.000001
OPCODE	03C0	2	0.000001
OPCODE	E28B	2	0.000001
OPCODE	7E03	2	0.000001
OPCODE	E289	2	0.000001
OPCODE	892B	2	0.000001
OPCODE	61D6	2	0.000001
OPCODE	16C1	2	0.000001
OPCODE	03C2	2	0.000001
OPCODE	6202	2	0.000001
OPCODE	DFED	2	0.000001
OPCODE	0444	2	0.000001
OPCODE	7E06	2	0.000001
OPCODE	08AF	2	0.000001
OPCODE	67E4	2	0.000001
OPCODE	1947	2	0.000001
OPCODE	1800	2	0.000001
OPCODE	1946	2	0.000001
OPCODE	116E	2	0.000001
OPCODE	7440	2	0.000001
OPCODE	1943	2	0.000001
OPCODE	6F6C	2	0.000001
OPCODE	80D7	2	0.000001
OPCODE	1F29	2	0.000001
OPCODE	3957	2	0.000001
OPCODE	7606	2	0.000001
OPCODE	640E	2	0.000001
OPCODE	1F28	2	0.000001
OPCODE	9030	2	0.000001
OPCODE	18AD	2	0.000001
OPCODE	E069	2	0.000001
OPCODE	122F	2	0.000001
OPCODE	E059	2	0.000001
OPCODE	12C2	2	0.000001
OPCODE	12DB	2	0.000001
OPCODE	76EB	2	0.000001
OPCODE	EF4A	2	0.000001
OPCODE	6EBA	2	0.000001
OPCODE	6D36	2	0.000001
OPCODE	2617	2	0.000001
OPCODE	D283	2	0.000001
OPCODE	9E6E	2	0.000001
OPCODE	5481	2	0.000001
OPCODE	2609	2	0.000001
OPCODE	A896	2	0.000001
OPCODE	D25F	2	0.000001
OPCODE	260A	2	0.000001
OPCODE	C8AE	2	0.000001
OPCODE	A897	2	0.000001
OPCODE	50EA	2	0.000001
OPCODE	A000	2	0.000001
OPCODE	D1E8	2	0.000001
OPCODE	C0AA	2	0.000001
OPCODE	2954	2	0.000001
OPCODE	D1CE	2	0.000001
OPCODE	BCAC	2	0.000001
OPCODE	308B	2	0.000001
OPCODE	3417	2	0.000001
OPCODE	B0A0	2	0.000001
OPCODE	B097	2	0.000001
OPCODE	446E	2	0.000001
OPCODE	D354	2	0.000001
OPCODE	342F	2	0.000001
OPCODE	BA46	2	0.000001
OPCODE	24D5	2	0.000001
OPCODE	5681	2	0.000001
OPCODE	D183	2	0.000001
OPCODE	C6C2	2	0.000001
OPCODE	C0EE	2	0.000001
OPCODE	5497	2	0.000001
OPCODE	45F9	2	0.000001
OPCODE	B07A	2	0.000001
OPCODE	C82B	2	0.000001
OPCODE	4641	2	0.000001
OPCODE	A9A1	2	0.000001
OPCODE	A9E2	2	0.000001
OPCODE	A833	2	0.000001
OPCODE	280F	2	0.000001
OPCODE	5217	2	0.000001
OPCODE	D078	2	0.000001
OPCODE	CD4B	2	0.000001
OPCODE	5257	2	0.000001
OPCODE	5254	2	0.000001
OPCODE	A346	2	0.000001
OPCODE	528A	2	0.000001
OPCODE	A71E	2	0.000001
OPCODE	3208	2	0.000001
OPCODE	4BF9	2	0.000001
OPCODE	A804	2	0.000001
OPCODE	A80C	2	0.000001
OPCODE	CE6E	2	0.000001
OPCODE	288A	2	0.000001
OPCODE	A81D	2	0.000001
OPCODE	AA2C	2	0.000001
OPCODE	2687	2	0.000001
OPCODE	A02B	2	0.000001
OPCODE	A02F	2	0.000001
OPCODE	B038	2	0.000001
OPCODE	A039	2	0.000001
OPCODE	A878	2	0.000001
OPCODE	51AE	2	0.000001
OPCODE	A9C3	2	0.000001
OPCODE	5089	2	0.000001
OPCODE	AA2B	2	0.000001
OPCODE	AA29	2	0.000001
OPCODE	274A	2	0.000001
OPCODE	A854	2	0.000001
OPCODE	276A	2	0.000001
OPCODE	A079	2	0.000001
OPCODE	A128	2	0.000001
OPCODE	93C0	2	0.000001
OPCODE	C192	2	0.000001
OPCODE	228A	2	0.000001
OPCODE	B7D2	2	0.000001
OPCODE	594B	2	0.000001
OPCODE	D66A	2	0.000001
OPCODE	594C	2	0.000001
OPCODE	A915	2	0.000001
OPCODE	D6D0	2	0.000001
OPCODE	3E14	2	0.000001
OPCODE	A91B	2	0.000001
OPCODE	A91F	2	0.000001
OPCODE	B2AF	2	0.000001
OPCODE	5C89	2	0.000001
OPCODE	D7EB	2	0.000001
OPCODE	4294	2	0.000001
OPCODE	93AE	2	0.000001
OPCODE	219F	2	0.000001
OPCODE	A937	2	0.000001
OPCODE	92B8	2	0.000001
OPCODE	60AC	2	0.000001
OPCODE	2EA9	2	0.000001
OPCODE	2E89	2	0.000001
OPCODE	20E9	2	0.000001
OPCODE	91CE	2	0.000001
OPCODE	A95D	2	0.000001
OPCODE	C242	2	0.000001
OPCODE	C293	2	0.000001
OPCODE	4CEA	2	0.000001
OPCODE	3943	2	0.000001
OPCODE	3F32	2	0.000001
OPCODE	240D	2	0.000001
OPCODE	B141	2	0.000001
OPCODE	9A47	2	0.000001
OPCODE	2A42	2	0.000001
OPCODE	A906	2	0.000001
OPCODE	B1ED	2	0.000001
OPCODE	A8DB	2	0.000001
OPCODE	3568	2	0.000001
OPCODE	2A90	2	0.000001
OPCODE	C4EE	2	0.000001
OPCODE	D36C	2	0.000001
OPCODE	9794	2	0.000001
OPCODE	5894	2	0.000001
OPCODE	22E9	2	0.000001
OPCODE	C18D	2	0.000001
OPCODE	C189	2	0.000001
OPCODE	A8DA	2	0.000001
OPCODE	97AC	2	0.000001
OPCODE	97CA	2	0.000001
OPCODE	3F21	2	0.000001
OPCODE	B840	2	0.000001
OPCODE	C27C	1	0.000001
OPCODE	E847	1	0.000001
OPCODE	6F1E	1	0.000001
OPCODE	A991	1	0.000001
OPCODE	2E81	1	0.000001
OPCODE	AA07	1	0.000001
OPCODE	2E82	1	0.000001
OPCODE	A96E	1	0.000001
OPCODE	3024	1	0.000001
OPCODE	A98B	1	0.000001
OPCODE	70C0	1	0.000001
OPCODE	3154	1	0.000001
OPCODE	AA08	1	0.000001
OPCODE	6C42	1	0.000001
OPCODE	3068	1	0.000001
OPCODE	C09F	1	0.000001
OPCODE	309A	1	0.000001
OPCODE	A982	1	0.000001
OPCODE	2F42	1	0.000001
OPCODE	A983	1	0.000001
OPCODE	A981	1	0.000001
OPCODE	309F	1	0.000001
OPCODE	2F24	1	0.000001
OPCODE	2EAB	1	0.000001
OPCODE	A9C8	1	0.000001
OPCODE	A9CD	1	0.000001
OPCODE	0C86	1	0.000001
OPCODE	A9CE	1	0.000001
OPCODE	6B48	1	0.000001
OPCODE	3000	1	0.000001
OPCODE	A9D2	1	0.000001
OPCODE	A97D	1	0.000001
OPCODE	A97C	1	0.000001
OPCODE	36AA	1	0.000001
OPCODE	B298	1	0.000001
OPCODE	3E08	1	0.000001
OPCODE	B7C4	1	0.000001
OPCODE	3741	1	0.000001
OPCODE	B7DF	1	0.000001
OPCODE	3F08	1	0.000001
OPCODE	3F13	1	0.000001
OPCODE	02AC	1	0.000001
OPCODE	6D7C	1	0.000001
OPCODE	3E04	1	0.000001
OPCODE	B1EF	1	0.000001
OPCODE	700B	1	0.000001
OPCODE	41D3	1	0.000001
OPCODE	360C	1	0.000001
OPCODE	4253	1	0.000001
OPCODE	B102	1	0.000001
OPCODE	356A	1	0.000001
OPCODE	EE98	1	0.000001
OPCODE	3C05	1	0.000001
OPCODE	90C0	1	0.000001
OPCODE	0028	1	0.000001
OPCODE	396B	1	0.000001
OPCODE	6F28	1	0.000001
OPCODE	3880	1	0.000001
OPCODE	B5F3	1	0.000001
OPCODE	3A1C	1	0.000001
OPCODE	6F3C	1	0.000001
OPCODE	0069	1	0.000001
OPCODE	44FB	1	0.000001
OPCODE	382D	1	0.000001
OPCODE	006E	1	0.000001
OPCODE	B441	1	0.000001
OPCODE	0086	1	0.000001
OPCODE	3C2A	1	0.000001
OPCODE	382B	1	0.000001
OPCODE	381F	1	0.000001
OPCODE	3E02	1	0.000001
OPCODE	705D	1	0.000001
OPCODE	3292	1	0.000001
OPCODE	7038	1	0.000001
OPCODE	07B2	1	0.000001
OPCODE	07F2	1	0.000001
OPCODE	AA28	1	0.000001
OPCODE	6CF8	1	0.000001
OPCODE	AA24	1	0.000001
OPCODE	705B	1	0.000001
OPCODE	705C	1	0.000001
OPCODE	7035	1	0.000001
OPCODE	AA1E	1	0.000001
OPCODE	7068	1	0.000001
OPCODE	AA18	1	0.000001
OPCODE	7085	1	0.000001
OPCODE	31EB	1	0.000001
OPCODE	E9D7	1	0.000001
OPCODE	08D0	1	0.000001
OPCODE	AA0E	1	0.000001
OPCODE	0646	1	0.000001
OPCODE	7017	1	0.000001
OPCODE	BA6C	1	0.000001
OPCODE	EDA8	1	0.000001
OPCODE	701B	1	0.000001
OPCODE	4647	1	0.000001
OPCODE	6D2C	1	0.000001
OPCODE	EC88	1	0.000001
OPCODE	3354	1	0.000001
OPCODE	AA0D	1	0.000001
OPCODE	49C2	1	0.000001
OPCODE	066D	1	0.000001
OPCODE	7029	1	0.000001
OPCODE	EB98	1	0.000001
OPCODE	49D0	1	0.000001
OPCODE	EB48	1	0.000001
OPCODE	4A57	1	0.000001
OPCODE	AA41	1	0.000001
OPCODE	56EF	1	0.000001
OPCODE	8229	1	0.000001
OPCODE	9C6A	1	0.000001
OPCODE	24A9	1	0.000001
OPCODE	D340	1	0.000001
OPCODE	1C1B	1	0.000001
OPCODE	248C	1	0.000001
OPCODE	248B	1	0.000001
OPCODE	56D8	1	0.000001
OPCODE	1C28	1	0.000001
OPCODE	6322	1	0.000001
OPCODE	D3C3	1	0.000001
OPCODE	82F8	1	0.000001
OPCODE	1D6C	1	0.000001
OPCODE	9A7C	1	0.000001
OPCODE	9A6A	1	0.000001
OPCODE	240B	1	0.000001
OPCODE	622A	1	0.000001
OPCODE	237C	1	0.000001
OPCODE	E18A	1	0.000001
OPCODE	2670	1	0.000001
OPCODE	2657	1	0.000001
OPCODE	D1C5	1	0.000001
OPCODE	D1D0	1	0.000001
OPCODE	6498	1	0.000001
OPCODE	2629	1	0.000001
OPCODE	9FC0	1	0.000001
OPCODE	2610	1	0.000001
OPCODE	986D	1	0.000001
OPCODE	9E40	1	0.000001
OPCODE	548C	1	0.000001
OPCODE	255F	1	0.000001
OPCODE	5494	1	0.000001
OPCODE	D294	1	0.000001
OPCODE	E14F	1	0.000001
OPCODE	554C	1	0.000001
OPCODE	81C1	1	0.000001
OPCODE	20E4	1	0.000001
OPCODE	5D88	1	0.000001
OPCODE	617E	1	0.000001
OPCODE	5E80	1	0.000001
OPCODE	D884	1	0.000001
OPCODE	607A	1	0.000001
OPCODE	6090	1	0.000001
OPCODE	D938	1	0.000001
OPCODE	D96A	1	0.000001
OPCODE	D9C2	1	0.000001
OPCODE	21C2	1	0.000001
OPCODE	2064	1	0.000001
OPCODE	D9C7	1	0.000001
OPCODE	908B	1	0.000001
OPCODE	D9C8	1	0.000001
OPCODE	9154	1	0.000001
OPCODE	6138	1	0.000001
OPCODE	90AA	1	0.000001
OPCODE	20AB	1	0.000001
OPCODE	966D	1	0.000001
OPCODE	2369	1	0.000001
OPCODE	986B	1	0.000001
OPCODE	234B	1	0.000001
OPCODE	6206	1	0.000001
OPCODE	584A	1	0.000001
OPCODE	61E6	1	0.000001
OPCODE	96FC	1	0.000001
OPCODE	8A40	1	0.000001
OPCODE	7E27	1	0.000001
OPCODE	5948	1	0.000001
OPCODE	2264	1	0.000001
OPCODE	5BC0	1	0.000001
OPCODE	5BC2	1	0.000001
OPCODE	D730	1	0.000001
OPCODE	5BC6	1	0.000001
OPCODE	5C47	1	0.000001
OPCODE	21CF	1	0.000001
OPCODE	760C	1	0.000001
OPCODE	6928	1	0.000001
OPCODE	6926	1	0.000001
OPCODE	A909	1	0.000001
OPCODE	E64B	1	0.000001
OPCODE	67AA	1	0.000001
OPCODE	C642	1	0.000001
OPCODE	677C	1	0.000001
OPCODE	C7C4	1	0.000001
OPCODE	A8A2	1	0.000001
OPCODE	6A1A	1	0.000001
OPCODE	2957	1	0.000001
OPCODE	1213	1	0.000001
OPCODE	A87F	1	0.000001
OPCODE	A87E	1	0.000001
OPCODE	A87D	1	0.000001
OPCODE	A86F	1	0.000001
OPCODE	CBC4	1	0.000001
OPCODE	51C5	1	0.000001
OPCODE	1034	1	0.000001
OPCODE	A96D	1	0.000001
OPCODE	A969	1	0.000001
OPCODE	2E06	1	0.000001
OPCODE	A95F	1	0.000001
OPCODE	A958	1	0.000001
OPCODE	A956	1	0.000001
OPCODE	7245	1	0.000001
OPCODE	6A56	1	0.000001
OPCODE	CC42	1	0.000001
OPCODE	A954	1	0.000001
OPCODE	C342	1	0.000001
OPCODE	A92D	1	0.000001
OPCODE	A92A	1	0.000001
OPCODE	C3EE	1	0.000001
OPCODE	2C4F	1	0.000001
OPCODE	6A1C	1	0.000001
OPCODE	A913	1	0.000001
OPCODE	A05E	1	0.000001
OPCODE	65E0	1	0.000001
OPCODE	526F	1	0.000001
OPCODE	162A	1	0.000001
OPCODE	2778	1	0.000001
OPCODE	2768	1	0.000001
OPCODE	2752	1	0.000001
OPCODE	E28C	1	0.000001
OPCODE	A05F	1	0.000001
OPCODE	7A0E	1	0.000001
OPCODE	A059	1	0.000001
OPCODE	A058	1	0.000001
OPCODE	A051	1	0.000001
OPCODE	5351	1	0.000001
OPCODE	26AE	1	0.000001
OPCODE	7E07	1	0.000001
OPCODE	A03B	1	0.000001
OPCODE	D154	1	0.000001
OPCODE	1413	1	0.000001
OPCODE	A84A	1	0.000001
OPCODE	76F7	1	0.000001
OPCODE	66B4	1	0.000001
OPCODE	CDFC	1	0.000001
OPCODE	CE45	1	0.000001
OPCODE	780A	1	0.000001
OPCODE	CE46	1	0.000001
OPCODE	2893	1	0.000001
OPCODE	2E0C	1	0.000001
OPCODE	CEAC	1	0.000001
OPCODE	CFFC	1	0.000001
OPCODE	A807	1	0.000001
OPCODE	A805	1	0.000001
OPCODE	E38D	1	0.000001
OPCODE	A801	1	0.000001
OPCODE	A746	1	0.000001
OPCODE	A427	1	0.000001
