Info: *******************************************************************
Info: Running Quartus Prime TimeQuest Timing Analyzer
    Info: Version 17.0.2 Build 602 07/19/2017 SJ Lite Edition
    Info: Copyright (C) 2017  Intel Corporation. All rights reserved.
    Info: Your use of Intel Corporation's design tools, logic functions 
    Info: and other software and tools, and its AMPP partner logic 
    Info: functions, and any output files from any of the foregoing 
    Info: (including device programming or simulation files), and any 
    Info: associated documentation or information are expressly subject 
    Info: to the terms and conditions of the Intel Program License 
    Info: Subscription Agreement, the Intel Quartus Prime License Agreement,
    Info: the Intel MegaCore Function License Agreement, or other 
    Info: applicable license agreement, including, without limitation, 
    Info: that your use is for the sole purpose of programming logic 
    Info: devices manufactured by Intel and sold by Intel or its 
    Info: authorized distributors.  Please refer to the applicable 
    Info: agreement for further details.
    Info: Processing started: Fri Sep 25 18:01:30 2026
Info: Command: quartus_sta -t ../../scripts/cpu/timequest_cross_domain.tcl s23
Info: Quartus(args): s23
Info (20030): Parallel compilation is enabled and will use 8 of the 8 processors detected
Info (21077): Low junction temperature is -40 degrees C
Info (21077): High junction temperature is 100 degrees C
Info (332164): Evaluating HDL-embedded SDC commands
    Info (332165): Entity altera_std_synchronizer
        Info (332166): set_false_path -to [get_keepers {*altera_std_synchronizer:*|din_s1}]
Info (332104): Reading SDC File: 'sys/sys_top.sdc'
Warning (332174): Ignored filter at sys_top.sdc(6): spi|sclk_out could not be matched with a pin File: /home/alans/mister/MacQuadra800_MiSTer/scratch/fitK2_s23/sys/sys_top.sdc Line: 6
Warning (332049): Ignored create_clock at sys_top.sdc(6): Argument <targets> is an empty collection File: /home/alans/mister/MacQuadra800_MiSTer/scratch/fitK2_s23/sys/sys_top.sdc Line: 6
    Info (332050): create_clock -period "100.0 MHz" [get_pins -compatibility_mode spi|sclk_out] -name spi_sck File: /home/alans/mister/MacQuadra800_MiSTer/scratch/fitK2_s23/sys/sys_top.sdc Line: 6
Info (332110): Deriving PLL clocks
    Info (332110): create_generated_clock -source {emu|pllv|altera_pll_i|cyclonev_pll|counter[0].output_counter|vco0ph[0]} -divide_by 28 -duty_cycle 50.00 -name {emu|pllv|altera_pll_i|cyclonev_pll|counter[0].output_counter|divclk} {emu|pllv|altera_pll_i|cyclonev_pll|counter[0].output_counter|divclk}
    Info (332110): create_generated_clock -source {pll_hdmi|pll_hdmi_inst|altera_pll_i|cyclonev_pll|counter[0].output_counter|vco0ph[0]} -divide_by 3 -duty_cycle 50.00 -name {pll_hdmi|pll_hdmi_inst|altera_pll_i|cyclonev_pll|counter[0].output_counter|divclk} {pll_hdmi|pll_hdmi_inst|altera_pll_i|cyclonev_pll|counter[0].output_counter|divclk}
    Info (332110): create_generated_clock -source {emu|pllv|altera_pll_i|cyclonev_pll|fpll_0|fpll|refclkin} -divide_by 512 -multiply_by 7221 -duty_cycle 50.00 -name {emu|pllv|altera_pll_i|cyclonev_pll|fpll_0|fpll|vcoph[0]} {emu|pllv|altera_pll_i|cyclonev_pll|fpll_0|fpll|vcoph[0]}
    Info (332110): create_generated_clock -source {pll_hdmi|pll_hdmi_inst|altera_pll_i|cyclonev_pll|fpll_0|fpll|refclkin} -divide_by 512 -multiply_by 4563 -duty_cycle 50.00 -name {pll_hdmi|pll_hdmi_inst|altera_pll_i|cyclonev_pll|fpll_0|fpll|vcoph[0]} {pll_hdmi|pll_hdmi_inst|altera_pll_i|cyclonev_pll|fpll_0|fpll|vcoph[0]}
    Info (332110): create_generated_clock -source {emu|pll|pll_inst|altera_pll_i|general[0].gpll~FRACTIONAL_PLL|refclkin} -divide_by 5 -multiply_by 99 -duty_cycle 50.00 -name {emu|pll|pll_inst|altera_pll_i|general[0].gpll~FRACTIONAL_PLL|vcoph[0]} {emu|pll|pll_inst|altera_pll_i|general[0].gpll~FRACTIONAL_PLL|vcoph[0]}
    Info (332110): create_generated_clock -source {emu|pll|pll_inst|altera_pll_i|general[0].gpll~PLL_OUTPUT_COUNTER|vco0ph[0]} -divide_by 30 -duty_cycle 50.00 -name {emu|pll|pll_inst|altera_pll_i|general[0].gpll~PLL_OUTPUT_COUNTER|divclk} {emu|pll|pll_inst|altera_pll_i|general[0].gpll~PLL_OUTPUT_COUNTER|divclk}
    Info (332110): create_generated_clock -source {emu|pll|pll_inst|altera_pll_i|general[1].gpll~PLL_OUTPUT_COUNTER|vco0ph[0]} -divide_by 10 -duty_cycle 50.00 -name {emu|pll|pll_inst|altera_pll_i|general[1].gpll~PLL_OUTPUT_COUNTER|divclk} {emu|pll|pll_inst|altera_pll_i|general[1].gpll~PLL_OUTPUT_COUNTER|divclk}
    Info (332110): create_generated_clock -source {pll_audio|pll_audio_inst|altera_pll_i|general[0].gpll~FRACTIONAL_PLL|refclkin} -divide_by 512 -multiply_by 4279 -duty_cycle 50.00 -name {pll_audio|pll_audio_inst|altera_pll_i|general[0].gpll~FRACTIONAL_PLL|vcoph[0]} {pll_audio|pll_audio_inst|altera_pll_i|general[0].gpll~FRACTIONAL_PLL|vcoph[0]}
    Info (332110): create_generated_clock -source {pll_audio|pll_audio_inst|altera_pll_i|general[0].gpll~PLL_OUTPUT_COUNTER|vco0ph[0]} -divide_by 17 -duty_cycle 50.00 -name {pll_audio|pll_audio_inst|altera_pll_i|general[0].gpll~PLL_OUTPUT_COUNTER|divclk} {pll_audio|pll_audio_inst|altera_pll_i|general[0].gpll~PLL_OUTPUT_COUNTER|divclk}
Info (332151): Clock uncertainty is not calculated until you update the timing netlist.
Warning (332174): Ignored filter at sys_top.sdc(17): spi_sck could not be matched with a clock File: /home/alans/mister/MacQuadra800_MiSTer/scratch/fitK2_s23/sys/sys_top.sdc Line: 17
Warning (332054): Assignment set_clock_groups is accepted but has some problems at sys_top.sdc(13): Argument -group with value [get_clocks { spi_sck}] contains zero elements File: /home/alans/mister/MacQuadra800_MiSTer/scratch/fitK2_s23/sys/sys_top.sdc Line: 13
    Info (332050): set_clock_groups -exclusive \
   -group [get_clocks { *|pll|pll_inst|altera_pll_i|*[*].*|divclk}] \
   -group [get_clocks { pll_hdmi|pll_hdmi_inst|altera_pll_i|*[0].*|divclk}] \
   -group [get_clocks { pll_audio|pll_audio_inst|altera_pll_i|*[0].*|divclk}] \
   -group [get_clocks { spi_sck}] \
   -group [get_clocks { hdmi_sck}] \
   -group [get_clocks { *|h2f_user0_clk}] \
   -group [get_clocks { FPGA_CLK1_50 }] \
   -group [get_clocks { FPGA_CLK2_50 }] \
   -group [get_clocks { FPGA_CLK3_50 }] File: /home/alans/mister/MacQuadra800_MiSTer/scratch/fitK2_s23/sys/sys_top.sdc Line: 13
Info (332104): Reading SDC File: 'MacQuadra800.sdc'
Info (332151): Clock uncertainty is not calculated until you update the timing netlist.
Info (332097): The following timing edges are non-unate.  TimeQuest will assume pos-unate behavior for these edges in the clock network.
    Info (332098): From: emu:emu|quadra800:machine|iosb:iosb|altdpram:djmemc_regs_rtl_0|dpram_8no1:auto_generated|lutrama0~CLKMUX_0  to: emu:emu|quadra800:machine|iosb:iosb|altdpram:djmemc_regs_rtl_0|dpram_8no1:auto_generated|lutrama0~MEMORYREGOUT
    Info (332098): From: emu:emu|quadra800:machine|iosb:iosb|altdpram:djmemc_regs_rtl_0|dpram_8no1:auto_generated|lutrama10~CLKMUX_0  to: emu:emu|quadra800:machine|iosb:iosb|altdpram:djmemc_regs_rtl_0|dpram_8no1:auto_generated|lutrama10~MEMORYREGOUT
    Info (332098): From: emu:emu|quadra800:machine|iosb:iosb|altdpram:djmemc_regs_rtl_0|dpram_8no1:auto_generated|lutrama11~CLKMUX_0  to: emu:emu|quadra800:machine|iosb:iosb|altdpram:djmemc_regs_rtl_0|dpram_8no1:auto_generated|lutrama11~MEMORYREGOUT
    Info (332098): From: emu:emu|quadra800:machine|iosb:iosb|altdpram:djmemc_regs_rtl_0|dpram_8no1:auto_generated|lutrama12~CLKMUX_0  to: emu:emu|quadra800:machine|iosb:iosb|altdpram:djmemc_regs_rtl_0|dpram_8no1:auto_generated|lutrama12~MEMORYREGOUT
    Info (332098): From: emu:emu|quadra800:machine|iosb:iosb|altdpram:djmemc_regs_rtl_0|dpram_8no1:auto_generated|lutrama13~CLKMUX_0  to: emu:emu|quadra800:machine|iosb:iosb|altdpram:djmemc_regs_rtl_0|dpram_8no1:auto_generated|lutrama13~MEMORYREGOUT
    Info (332098): From: emu:emu|quadra800:machine|iosb:iosb|altdpram:djmemc_regs_rtl_0|dpram_8no1:auto_generated|lutrama14~CLKMUX_0  to: emu:emu|quadra800:machine|iosb:iosb|altdpram:djmemc_regs_rtl_0|dpram_8no1:auto_generated|lutrama14~MEMORYREGOUT
    Info (332098): From: emu:emu|quadra800:machine|iosb:iosb|altdpram:djmemc_regs_rtl_0|dpram_8no1:auto_generated|lutrama15~CLKMUX_0  to: emu:emu|quadra800:machine|iosb:iosb|altdpram:djmemc_regs_rtl_0|dpram_8no1:auto_generated|lutrama15~MEMORYREGOUT
    Info (332098): From: emu:emu|quadra800:machine|iosb:iosb|altdpram:djmemc_regs_rtl_0|dpram_8no1:auto_generated|lutrama16~CLKMUX_0  to: emu:emu|quadra800:machine|iosb:iosb|altdpram:djmemc_regs_rtl_0|dpram_8no1:auto_generated|lutrama16~MEMORYREGOUT
    Info (332098): From: emu:emu|quadra800:machine|iosb:iosb|altdpram:djmemc_regs_rtl_0|dpram_8no1:auto_generated|lutrama17~CLKMUX_0  to: emu:emu|quadra800:machine|iosb:iosb|altdpram:djmemc_regs_rtl_0|dpram_8no1:auto_generated|lutrama17~MEMORYREGOUT
    Info (332098): From: emu:emu|quadra800:machine|iosb:iosb|altdpram:djmemc_regs_rtl_0|dpram_8no1:auto_generated|lutrama18~CLKMUX_0  to: emu:emu|quadra800:machine|iosb:iosb|altdpram:djmemc_regs_rtl_0|dpram_8no1:auto_generated|lutrama18~MEMORYREGOUT
    Info (332098): From: emu:emu|quadra800:machine|iosb:iosb|altdpram:djmemc_regs_rtl_0|dpram_8no1:auto_generated|lutrama19~CLKMUX_0  to: emu:emu|quadra800:machine|iosb:iosb|altdpram:djmemc_regs_rtl_0|dpram_8no1:auto_generated|lutrama19~MEMORYREGOUT
    Info (332098): From: emu:emu|quadra800:machine|iosb:iosb|altdpram:djmemc_regs_rtl_0|dpram_8no1:auto_generated|lutrama1~CLKMUX_0  to: emu:emu|quadra800:machine|iosb:iosb|altdpram:djmemc_regs_rtl_0|dpram_8no1:auto_generated|lutrama1~MEMORYREGOUT
    Info (332098): From: emu:emu|quadra800:machine|iosb:iosb|altdpram:djmemc_regs_rtl_0|dpram_8no1:auto_generated|lutrama20~CLKMUX_0  to: emu:emu|quadra800:machine|iosb:iosb|altdpram:djmemc_regs_rtl_0|dpram_8no1:auto_generated|lutrama20~MEMORYREGOUT
    Info (332098): From: emu:emu|quadra800:machine|iosb:iosb|altdpram:djmemc_regs_rtl_0|dpram_8no1:auto_generated|lutrama21~CLKMUX_0  to: emu:emu|quadra800:machine|iosb:iosb|altdpram:djmemc_regs_rtl_0|dpram_8no1:auto_generated|lutrama21~MEMORYREGOUT
    Info (332098): From: emu:emu|quadra800:machine|iosb:iosb|altdpram:djmemc_regs_rtl_0|dpram_8no1:auto_generated|lutrama22~CLKMUX_0  to: emu:emu|quadra800:machine|iosb:iosb|altdpram:djmemc_regs_rtl_0|dpram_8no1:auto_generated|lutrama22~MEMORYREGOUT
    Info (332098): From: emu:emu|quadra800:machine|iosb:iosb|altdpram:djmemc_regs_rtl_0|dpram_8no1:auto_generated|lutrama23~CLKMUX_0  to: emu:emu|quadra800:machine|iosb:iosb|altdpram:djmemc_regs_rtl_0|dpram_8no1:auto_generated|lutrama23~MEMORYREGOUT
    Info (332098): From: emu:emu|quadra800:machine|iosb:iosb|altdpram:djmemc_regs_rtl_0|dpram_8no1:auto_generated|lutrama24~CLKMUX_0  to: emu:emu|quadra800:machine|iosb:iosb|altdpram:djmemc_regs_rtl_0|dpram_8no1:auto_generated|lutrama24~MEMORYREGOUT
    Info (332098): From: emu:emu|quadra800:machine|iosb:iosb|altdpram:djmemc_regs_rtl_0|dpram_8no1:auto_generated|lutrama25~CLKMUX_0  to: emu:emu|quadra800:machine|iosb:iosb|altdpram:djmemc_regs_rtl_0|dpram_8no1:auto_generated|lutrama25~MEMORYREGOUT
    Info (332098): From: emu:emu|quadra800:machine|iosb:iosb|altdpram:djmemc_regs_rtl_0|dpram_8no1:auto_generated|lutrama26~CLKMUX_0  to: emu:emu|quadra800:machine|iosb:iosb|altdpram:djmemc_regs_rtl_0|dpram_8no1:auto_generated|lutrama26~MEMORYREGOUT
    Info (332098): From: emu:emu|quadra800:machine|iosb:iosb|altdpram:djmemc_regs_rtl_0|dpram_8no1:auto_generated|lutrama27~CLKMUX_0  to: emu:emu|quadra800:machine|iosb:iosb|altdpram:djmemc_regs_rtl_0|dpram_8no1:auto_generated|lutrama27~MEMORYREGOUT
    Info (332098): From: emu:emu|quadra800:machine|iosb:iosb|altdpram:djmemc_regs_rtl_0|dpram_8no1:auto_generated|lutrama28~CLKMUX_0  to: emu:emu|quadra800:machine|iosb:iosb|altdpram:djmemc_regs_rtl_0|dpram_8no1:auto_generated|lutrama28~MEMORYREGOUT
    Info (332098): From: emu:emu|quadra800:machine|iosb:iosb|altdpram:djmemc_regs_rtl_0|dpram_8no1:auto_generated|lutrama29~CLKMUX_0  to: emu:emu|quadra800:machine|iosb:iosb|altdpram:djmemc_regs_rtl_0|dpram_8no1:auto_generated|lutrama29~MEMORYREGOUT
    Info (332098): From: emu:emu|quadra800:machine|iosb:iosb|altdpram:djmemc_regs_rtl_0|dpram_8no1:auto_generated|lutrama2~CLKMUX_0  to: emu:emu|quadra800:machine|iosb:iosb|altdpram:djmemc_regs_rtl_0|dpram_8no1:auto_generated|lutrama2~MEMORYREGOUT
    Info (332098): From: emu:emu|quadra800:machine|iosb:iosb|altdpram:djmemc_regs_rtl_0|dpram_8no1:auto_generated|lutrama30~CLKMUX_0  to: emu:emu|quadra800:machine|iosb:iosb|altdpram:djmemc_regs_rtl_0|dpram_8no1:auto_generated|lutrama30~MEMORYREGOUT
    Info (332098): From: emu:emu|quadra800:machine|iosb:iosb|altdpram:djmemc_regs_rtl_0|dpram_8no1:auto_generated|lutrama31~CLKMUX_0  to: emu:emu|quadra800:machine|iosb:iosb|altdpram:djmemc_regs_rtl_0|dpram_8no1:auto_generated|lutrama31~MEMORYREGOUT
    Info (332098): From: emu:emu|quadra800:machine|iosb:iosb|altdpram:djmemc_regs_rtl_0|dpram_8no1:auto_generated|lutrama3~CLKMUX_0  to: emu:emu|quadra800:machine|iosb:iosb|altdpram:djmemc_regs_rtl_0|dpram_8no1:auto_generated|lutrama3~MEMORYREGOUT
    Info (332098): From: emu:emu|quadra800:machine|iosb:iosb|altdpram:djmemc_regs_rtl_0|dpram_8no1:auto_generated|lutrama4~CLKMUX_0  to: emu:emu|quadra800:machine|iosb:iosb|altdpram:djmemc_regs_rtl_0|dpram_8no1:auto_generated|lutrama4~MEMORYREGOUT
    Info (332098): From: emu:emu|quadra800:machine|iosb:iosb|altdpram:djmemc_regs_rtl_0|dpram_8no1:auto_generated|lutrama5~CLKMUX_0  to: emu:emu|quadra800:machine|iosb:iosb|altdpram:djmemc_regs_rtl_0|dpram_8no1:auto_generated|lutrama5~MEMORYREGOUT
    Info (332098): From: emu:emu|quadra800:machine|iosb:iosb|altdpram:djmemc_regs_rtl_0|dpram_8no1:auto_generated|lutrama6~CLKMUX_0  to: emu:emu|quadra800:machine|iosb:iosb|altdpram:djmemc_regs_rtl_0|dpram_8no1:auto_generated|lutrama6~MEMORYREGOUT
    Info (332098): From: emu:emu|quadra800:machine|iosb:iosb|altdpram:djmemc_regs_rtl_0|dpram_8no1:auto_generated|lutrama7~CLKMUX_0  to: emu:emu|quadra800:machine|iosb:iosb|altdpram:djmemc_regs_rtl_0|dpram_8no1:auto_generated|lutrama7~MEMORYREGOUT
    Info (332098): From: emu:emu|quadra800:machine|iosb:iosb|altdpram:djmemc_regs_rtl_0|dpram_8no1:auto_generated|lutrama8~CLKMUX_0  to: emu:emu|quadra800:machine|iosb:iosb|altdpram:djmemc_regs_rtl_0|dpram_8no1:auto_generated|lutrama8~MEMORYREGOUT
    Info (332098): From: emu:emu|quadra800:machine|iosb:iosb|altdpram:djmemc_regs_rtl_0|dpram_8no1:auto_generated|lutrama9~CLKMUX_0  to: emu:emu|quadra800:machine|iosb:iosb|altdpram:djmemc_regs_rtl_0|dpram_8no1:auto_generated|lutrama9~MEMORYREGOUT
    Info (332098): From: emu:emu|quadra800:machine|iosb:iosb|altdpram:iosb_regs_hi_rtl_0|dpram_qlo1:auto_generated|lutrama0~CLKMUX_0  to: emu:emu|quadra800:machine|iosb:iosb|altdpram:iosb_regs_hi_rtl_0|dpram_qlo1:auto_generated|lutrama0~MEMORYREGOUT
    Info (332098): From: emu:emu|quadra800:machine|iosb:iosb|altdpram:iosb_regs_hi_rtl_0|dpram_qlo1:auto_generated|lutrama1~CLKMUX_0  to: emu:emu|quadra800:machine|iosb:iosb|altdpram:iosb_regs_hi_rtl_0|dpram_qlo1:auto_generated|lutrama1~MEMORYREGOUT
    Info (332098): From: emu:emu|quadra800:machine|iosb:iosb|altdpram:iosb_regs_hi_rtl_0|dpram_qlo1:auto_generated|lutrama2~CLKMUX_0  to: emu:emu|quadra800:machine|iosb:iosb|altdpram:iosb_regs_hi_rtl_0|dpram_qlo1:auto_generated|lutrama2~MEMORYREGOUT
    Info (332098): From: emu:emu|quadra800:machine|iosb:iosb|altdpram:iosb_regs_hi_rtl_0|dpram_qlo1:auto_generated|lutrama3~CLKMUX_0  to: emu:emu|quadra800:machine|iosb:iosb|altdpram:iosb_regs_hi_rtl_0|dpram_qlo1:auto_generated|lutrama3~MEMORYREGOUT
    Info (332098): From: emu:emu|quadra800:machine|iosb:iosb|altdpram:iosb_regs_hi_rtl_0|dpram_qlo1:auto_generated|lutrama4~CLKMUX_0  to: emu:emu|quadra800:machine|iosb:iosb|altdpram:iosb_regs_hi_rtl_0|dpram_qlo1:auto_generated|lutrama4~MEMORYREGOUT
    Info (332098): From: emu:emu|quadra800:machine|iosb:iosb|altdpram:iosb_regs_hi_rtl_0|dpram_qlo1:auto_generated|lutrama5~CLKMUX_0  to: emu:emu|quadra800:machine|iosb:iosb|altdpram:iosb_regs_hi_rtl_0|dpram_qlo1:auto_generated|lutrama5~MEMORYREGOUT
    Info (332098): From: emu:emu|quadra800:machine|iosb:iosb|altdpram:iosb_regs_hi_rtl_0|dpram_qlo1:auto_generated|lutrama6~CLKMUX_0  to: emu:emu|quadra800:machine|iosb:iosb|altdpram:iosb_regs_hi_rtl_0|dpram_qlo1:auto_generated|lutrama6~MEMORYREGOUT
    Info (332098): From: emu:emu|quadra800:machine|iosb:iosb|altdpram:iosb_regs_hi_rtl_0|dpram_qlo1:auto_generated|lutrama7~CLKMUX_0  to: emu:emu|quadra800:machine|iosb:iosb|altdpram:iosb_regs_hi_rtl_0|dpram_qlo1:auto_generated|lutrama7~MEMORYREGOUT
    Info (332098): From: emu:emu|quadra800:machine|iosb:iosb|altdpram:iosb_regs_lo_rtl_0|dpram_qlo1:auto_generated|lutrama0~CLKMUX_0  to: emu:emu|quadra800:machine|iosb:iosb|altdpram:iosb_regs_lo_rtl_0|dpram_qlo1:auto_generated|lutrama0~MEMORYREGOUT
    Info (332098): From: emu:emu|quadra800:machine|iosb:iosb|altdpram:iosb_regs_lo_rtl_0|dpram_qlo1:auto_generated|lutrama1~CLKMUX_0  to: emu:emu|quadra800:machine|iosb:iosb|altdpram:iosb_regs_lo_rtl_0|dpram_qlo1:auto_generated|lutrama1~MEMORYREGOUT
    Info (332098): From: emu:emu|quadra800:machine|iosb:iosb|altdpram:iosb_regs_lo_rtl_0|dpram_qlo1:auto_generated|lutrama2~CLKMUX_0  to: emu:emu|quadra800:machine|iosb:iosb|altdpram:iosb_regs_lo_rtl_0|dpram_qlo1:auto_generated|lutrama2~MEMORYREGOUT
    Info (332098): From: emu:emu|quadra800:machine|iosb:iosb|altdpram:iosb_regs_lo_rtl_0|dpram_qlo1:auto_generated|lutrama3~CLKMUX_0  to: emu:emu|quadra800:machine|iosb:iosb|altdpram:iosb_regs_lo_rtl_0|dpram_qlo1:auto_generated|lutrama3~MEMORYREGOUT
    Info (332098): From: emu:emu|quadra800:machine|iosb:iosb|altdpram:iosb_regs_lo_rtl_0|dpram_qlo1:auto_generated|lutrama4~CLKMUX_0  to: emu:emu|quadra800:machine|iosb:iosb|altdpram:iosb_regs_lo_rtl_0|dpram_qlo1:auto_generated|lutrama4~MEMORYREGOUT
    Info (332098): From: emu:emu|quadra800:machine|iosb:iosb|altdpram:iosb_regs_lo_rtl_0|dpram_qlo1:auto_generated|lutrama5~CLKMUX_0  to: emu:emu|quadra800:machine|iosb:iosb|altdpram:iosb_regs_lo_rtl_0|dpram_qlo1:auto_generated|lutrama5~MEMORYREGOUT
    Info (332098): From: emu:emu|quadra800:machine|iosb:iosb|altdpram:iosb_regs_lo_rtl_0|dpram_qlo1:auto_generated|lutrama6~CLKMUX_0  to: emu:emu|quadra800:machine|iosb:iosb|altdpram:iosb_regs_lo_rtl_0|dpram_qlo1:auto_generated|lutrama6~MEMORYREGOUT
    Info (332098): From: emu:emu|quadra800:machine|iosb:iosb|altdpram:iosb_regs_lo_rtl_0|dpram_qlo1:auto_generated|lutrama7~CLKMUX_0  to: emu:emu|quadra800:machine|iosb:iosb|altdpram:iosb_regs_lo_rtl_0|dpram_qlo1:auto_generated|lutrama7~MEMORYREGOUT
    Info (332098): From: emu:emu|quadra800:machine|wombat_cpu:cpu|ap040_core:core|ap040_fpu:g_fpu.fpu|ap040_fp_regfile:fpregs|altdpram:bank_a_rtl_0|dpram_rlo1:auto_generated|lutrama0~CLKMUX_0  to: emu:emu|quadra800:machine|wombat_cpu:cpu|ap040_core:core|ap040_fpu:g_fpu.fpu|ap040_fp_regfile:fpregs|altdpram:bank_a_rtl_0|dpram_rlo1:auto_generated|lutrama0~MEMORYREGOUT
    Info (332098): From: emu:emu|quadra800:machine|wombat_cpu:cpu|ap040_core:core|ap040_fpu:g_fpu.fpu|ap040_fp_regfile:fpregs|altdpram:bank_a_rtl_0|dpram_rlo1:auto_generated|lutrama10~CLKMUX_0  to: emu:emu|quadra800:machine|wombat_cpu:cpu|ap040_core:core|ap040_fpu:g_fpu.fpu|ap040_fp_regfile:fpregs|altdpram:bank_a_rtl_0|dpram_rlo1:auto_generated|lutrama10~MEMORYREGOUT
    Info (332098): From: emu:emu|quadra800:machine|wombat_cpu:cpu|ap040_core:core|ap040_fpu:g_fpu.fpu|ap040_fp_regfile:fpregs|altdpram:bank_a_rtl_0|dpram_rlo1:auto_generated|lutrama11~CLKMUX_0  to: emu:emu|quadra800:machine|wombat_cpu:cpu|ap040_core:core|ap040_fpu:g_fpu.fpu|ap040_fp_regfile:fpregs|altdpram:bank_a_rtl_0|dpram_rlo1:auto_generated|lutrama11~MEMORYREGOUT
    Info (332098): From: emu:emu|quadra800:machine|wombat_cpu:cpu|ap040_core:core|ap040_fpu:g_fpu.fpu|ap040_fp_regfile:fpregs|altdpram:bank_a_rtl_0|dpram_rlo1:auto_generated|lutrama12~CLKMUX_0  to: emu:emu|quadra800:machine|wombat_cpu:cpu|ap040_core:core|ap040_fpu:g_fpu.fpu|ap040_fp_regfile:fpregs|altdpram:bank_a_rtl_0|dpram_rlo1:auto_generated|lutrama12~MEMORYREGOUT
    Info (332098): From: emu:emu|quadra800:machine|wombat_cpu:cpu|ap040_core:core|ap040_fpu:g_fpu.fpu|ap040_fp_regfile:fpregs|altdpram:bank_a_rtl_0|dpram_rlo1:auto_generated|lutrama13~CLKMUX_0  to: emu:emu|quadra800:machine|wombat_cpu:cpu|ap040_core:core|ap040_fpu:g_fpu.fpu|ap040_fp_regfile:fpregs|altdpram:bank_a_rtl_0|dpram_rlo1:auto_generated|lutrama13~MEMORYREGOUT
    Info (332098): From: emu:emu|quadra800:machine|wombat_cpu:cpu|ap040_core:core|ap040_fpu:g_fpu.fpu|ap040_fp_regfile:fpregs|altdpram:bank_a_rtl_0|dpram_rlo1:auto_generated|lutrama14~CLKMUX_0  to: emu:emu|quadra800:machine|wombat_cpu:cpu|ap040_core:core|ap040_fpu:g_fpu.fpu|ap040_fp_regfile:fpregs|altdpram:bank_a_rtl_0|dpram_rlo1:auto_generated|lutrama14~MEMORYREGOUT
    Info (332098): From: emu:emu|quadra800:machine|wombat_cpu:cpu|ap040_core:core|ap040_fpu:g_fpu.fpu|ap040_fp_regfile:fpregs|altdpram:bank_a_rtl_0|dpram_rlo1:auto_generated|lutrama15~CLKMUX_0  to: emu:emu|quadra800:machine|wombat_cpu:cpu|ap040_core:core|ap040_fpu:g_fpu.fpu|ap040_fp_regfile:fpregs|altdpram:bank_a_rtl_0|dpram_rlo1:auto_generated|lutrama15~MEMORYREGOUT
    Info (332098): From: emu:emu|quadra800:machine|wombat_cpu:cpu|ap040_core:core|ap040_fpu:g_fpu.fpu|ap040_fp_regfile:fpregs|altdpram:bank_a_rtl_0|dpram_rlo1:auto_generated|lutrama16~CLKMUX_0  to: emu:emu|quadra800:machine|wombat_cpu:cpu|ap040_core:core|ap040_fpu:g_fpu.fpu|ap040_fp_regfile:fpregs|altdpram:bank_a_rtl_0|dpram_rlo1:auto_generated|lutrama16~MEMORYREGOUT
    Info (332098): From: emu:emu|quadra800:machine|wombat_cpu:cpu|ap040_core:core|ap040_fpu:g_fpu.fpu|ap040_fp_regfile:fpregs|altdpram:bank_a_rtl_0|dpram_rlo1:auto_generated|lutrama17~CLKMUX_0  to: emu:emu|quadra800:machine|wombat_cpu:cpu|ap040_core:core|ap040_fpu:g_fpu.fpu|ap040_fp_regfile:fpregs|altdpram:bank_a_rtl_0|dpram_rlo1:auto_generated|lutrama17~MEMORYREGOUT
    Info (332098): From: emu:emu|quadra800:machine|wombat_cpu:cpu|ap040_core:core|ap040_fpu:g_fpu.fpu|ap040_fp_regfile:fpregs|altdpram:bank_a_rtl_0|dpram_rlo1:auto_generated|lutrama18~CLKMUX_0  to: emu:emu|quadra800:machine|wombat_cpu:cpu|ap040_core:core|ap040_fpu:g_fpu.fpu|ap040_fp_regfile:fpregs|altdpram:bank_a_rtl_0|dpram_rlo1:auto_generated|lutrama18~MEMORYREGOUT
    Info (332098): From: emu:emu|quadra800:machine|wombat_cpu:cpu|ap040_core:core|ap040_fpu:g_fpu.fpu|ap040_fp_regfile:fpregs|altdpram:bank_a_rtl_0|dpram_rlo1:auto_generated|lutrama19~CLKMUX_0  to: emu:emu|quadra800:machine|wombat_cpu:cpu|ap040_core:core|ap040_fpu:g_fpu.fpu|ap040_fp_regfile:fpregs|altdpram:bank_a_rtl_0|dpram_rlo1:auto_generated|lutrama19~MEMORYREGOUT
    Info (332098): From: emu:emu|quadra800:machine|wombat_cpu:cpu|ap040_core:core|ap040_fpu:g_fpu.fpu|ap040_fp_regfile:fpregs|altdpram:bank_a_rtl_0|dpram_rlo1:auto_generated|lutrama1~CLKMUX_0  to: emu:emu|quadra800:machine|wombat_cpu:cpu|ap040_core:core|ap040_fpu:g_fpu.fpu|ap040_fp_regfile:fpregs|altdpram:bank_a_rtl_0|dpram_rlo1:auto_generated|lutrama1~MEMORYREGOUT
    Info (332098): From: emu:emu|quadra800:machine|wombat_cpu:cpu|ap040_core:core|ap040_fpu:g_fpu.fpu|ap040_fp_regfile:fpregs|altdpram:bank_a_rtl_0|dpram_rlo1:auto_generated|lutrama20~CLKMUX_0  to: emu:emu|quadra800:machine|wombat_cpu:cpu|ap040_core:core|ap040_fpu:g_fpu.fpu|ap040_fp_regfile:fpregs|altdpram:bank_a_rtl_0|dpram_rlo1:auto_generated|lutrama20~MEMORYREGOUT
    Info (332098): From: emu:emu|quadra800:machine|wombat_cpu:cpu|ap040_core:core|ap040_fpu:g_fpu.fpu|ap040_fp_regfile:fpregs|altdpram:bank_a_rtl_0|dpram_rlo1:auto_generated|lutrama21~CLKMUX_0  to: emu:emu|quadra800:machine|wombat_cpu:cpu|ap040_core:core|ap040_fpu:g_fpu.fpu|ap040_fp_regfile:fpregs|altdpram:bank_a_rtl_0|dpram_rlo1:auto_generated|lutrama21~MEMORYREGOUT
    Info (332098): From: emu:emu|quadra800:machine|wombat_cpu:cpu|ap040_core:core|ap040_fpu:g_fpu.fpu|ap040_fp_regfile:fpregs|altdpram:bank_a_rtl_0|dpram_rlo1:auto_generated|lutrama22~CLKMUX_0  to: emu:emu|quadra800:machine|wombat_cpu:cpu|ap040_core:core|ap040_fpu:g_fpu.fpu|ap040_fp_regfile:fpregs|altdpram:bank_a_rtl_0|dpram_rlo1:auto_generated|lutrama22~MEMORYREGOUT
    Info (332098): From: emu:emu|quadra800:machine|wombat_cpu:cpu|ap040_core:core|ap040_fpu:g_fpu.fpu|ap040_fp_regfile:fpregs|altdpram:bank_a_rtl_0|dpram_rlo1:auto_generated|lutrama23~CLKMUX_0  to: emu:emu|quadra800:machine|wombat_cpu:cpu|ap040_core:core|ap040_fpu:g_fpu.fpu|ap040_fp_regfile:fpregs|altdpram:bank_a_rtl_0|dpram_rlo1:auto_generated|lutrama23~MEMORYREGOUT
    Info (332098): From: emu:emu|quadra800:machine|wombat_cpu:cpu|ap040_core:core|ap040_fpu:g_fpu.fpu|ap040_fp_regfile:fpregs|altdpram:bank_a_rtl_0|dpram_rlo1:auto_generated|lutrama24~CLKMUX_0  to: emu:emu|quadra800:machine|wombat_cpu:cpu|ap040_core:core|ap040_fpu:g_fpu.fpu|ap040_fp_regfile:fpregs|altdpram:bank_a_rtl_0|dpram_rlo1:auto_generated|lutrama24~MEMORYREGOUT
    Info (332098): From: emu:emu|quadra800:machine|wombat_cpu:cpu|ap040_core:core|ap040_fpu:g_fpu.fpu|ap040_fp_regfile:fpregs|altdpram:bank_a_rtl_0|dpram_rlo1:auto_generated|lutrama25~CLKMUX_0  to: emu:emu|quadra800:machine|wombat_cpu:cpu|ap040_core:core|ap040_fpu:g_fpu.fpu|ap040_fp_regfile:fpregs|altdpram:bank_a_rtl_0|dpram_rlo1:auto_generated|lutrama25~MEMORYREGOUT
    Info (332098): From: emu:emu|quadra800:machine|wombat_cpu:cpu|ap040_core:core|ap040_fpu:g_fpu.fpu|ap040_fp_regfile:fpregs|altdpram:bank_a_rtl_0|dpram_rlo1:auto_generated|lutrama26~CLKMUX_0  to: emu:emu|quadra800:machine|wombat_cpu:cpu|ap040_core:core|ap040_fpu:g_fpu.fpu|ap040_fp_regfile:fpregs|altdpram:bank_a_rtl_0|dpram_rlo1:auto_generated|lutrama26~MEMORYREGOUT
    Info (332098): From: emu:emu|quadra800:machine|wombat_cpu:cpu|ap040_core:core|ap040_fpu:g_fpu.fpu|ap040_fp_regfile:fpregs|altdpram:bank_a_rtl_0|dpram_rlo1:auto_generated|lutrama27~CLKMUX_0  to: emu:emu|quadra800:machine|wombat_cpu:cpu|ap040_core:core|ap040_fpu:g_fpu.fpu|ap040_fp_regfile:fpregs|altdpram:bank_a_rtl_0|dpram_rlo1:auto_generated|lutrama27~MEMORYREGOUT
    Info (332098): From: emu:emu|quadra800:machine|wombat_cpu:cpu|ap040_core:core|ap040_fpu:g_fpu.fpu|ap040_fp_regfile:fpregs|altdpram:bank_a_rtl_0|dpram_rlo1:auto_generated|lutrama28~CLKMUX_0  to: emu:emu|quadra800:machine|wombat_cpu:cpu|ap040_core:core|ap040_fpu:g_fpu.fpu|ap040_fp_regfile:fpregs|altdpram:bank_a_rtl_0|dpram_rlo1:auto_generated|lutrama28~MEMORYREGOUT
    Info (332098): From: emu:emu|quadra800:machine|wombat_cpu:cpu|ap040_core:core|ap040_fpu:g_fpu.fpu|ap040_fp_regfile:fpregs|altdpram:bank_a_rtl_0|dpram_rlo1:auto_generated|lutrama29~CLKMUX_0  to: emu:emu|quadra800:machine|wombat_cpu:cpu|ap040_core:core|ap040_fpu:g_fpu.fpu|ap040_fp_regfile:fpregs|altdpram:bank_a_rtl_0|dpram_rlo1:auto_generated|lutrama29~MEMORYREGOUT
    Info (332098): From: emu:emu|quadra800:machine|wombat_cpu:cpu|ap040_core:core|ap040_fpu:g_fpu.fpu|ap040_fp_regfile:fpregs|altdpram:bank_a_rtl_0|dpram_rlo1:auto_generated|lutrama2~CLKMUX_0  to: emu:emu|quadra800:machine|wombat_cpu:cpu|ap040_core:core|ap040_fpu:g_fpu.fpu|ap040_fp_regfile:fpregs|altdpram:bank_a_rtl_0|dpram_rlo1:auto_generated|lutrama2~MEMORYREGOUT
    Info (332098): From: emu:emu|quadra800:machine|wombat_cpu:cpu|ap040_core:core|ap040_fpu:g_fpu.fpu|ap040_fp_regfile:fpregs|altdpram:bank_a_rtl_0|dpram_rlo1:auto_generated|lutrama30~CLKMUX_0  to: emu:emu|quadra800:machine|wombat_cpu:cpu|ap040_core:core|ap040_fpu:g_fpu.fpu|ap040_fp_regfile:fpregs|altdpram:bank_a_rtl_0|dpram_rlo1:auto_generated|lutrama30~MEMORYREGOUT
    Info (332098): From: emu:emu|quadra800:machine|wombat_cpu:cpu|ap040_core:core|ap040_fpu:g_fpu.fpu|ap040_fp_regfile:fpregs|altdpram:bank_a_rtl_0|dpram_rlo1:auto_generated|lutrama31~CLKMUX_0  to: emu:emu|quadra800:machine|wombat_cpu:cpu|ap040_core:core|ap040_fpu:g_fpu.fpu|ap040_fp_regfile:fpregs|altdpram:bank_a_rtl_0|dpram_rlo1:auto_generated|lutrama31~MEMORYREGOUT
    Info (332098): From: emu:emu|quadra800:machine|wombat_cpu:cpu|ap040_core:core|ap040_fpu:g_fpu.fpu|ap040_fp_regfile:fpregs|altdpram:bank_a_rtl_0|dpram_rlo1:auto_generated|lutrama32~CLKMUX_0  to: emu:emu|quadra800:machine|wombat_cpu:cpu|ap040_core:core|ap040_fpu:g_fpu.fpu|ap040_fp_regfile:fpregs|altdpram:bank_a_rtl_0|dpram_rlo1:auto_generated|lutrama32~MEMORYREGOUT
    Info (332098): From: emu:emu|quadra800:machine|wombat_cpu:cpu|ap040_core:core|ap040_fpu:g_fpu.fpu|ap040_fp_regfile:fpregs|altdpram:bank_a_rtl_0|dpram_rlo1:auto_generated|lutrama33~CLKMUX_0  to: emu:emu|quadra800:machine|wombat_cpu:cpu|ap040_core:core|ap040_fpu:g_fpu.fpu|ap040_fp_regfile:fpregs|altdpram:bank_a_rtl_0|dpram_rlo1:auto_generated|lutrama33~MEMORYREGOUT
    Info (332098): From: emu:emu|quadra800:machine|wombat_cpu:cpu|ap040_core:core|ap040_fpu:g_fpu.fpu|ap040_fp_regfile:fpregs|altdpram:bank_a_rtl_0|dpram_rlo1:auto_generated|lutrama34~CLKMUX_0  to: emu:emu|quadra800:machine|wombat_cpu:cpu|ap040_core:core|ap040_fpu:g_fpu.fpu|ap040_fp_regfile:fpregs|altdpram:bank_a_rtl_0|dpram_rlo1:auto_generated|lutrama34~MEMORYREGOUT
    Info (332098): From: emu:emu|quadra800:machine|wombat_cpu:cpu|ap040_core:core|ap040_fpu:g_fpu.fpu|ap040_fp_regfile:fpregs|altdpram:bank_a_rtl_0|dpram_rlo1:auto_generated|lutrama35~CLKMUX_0  to: emu:emu|quadra800:machine|wombat_cpu:cpu|ap040_core:core|ap040_fpu:g_fpu.fpu|ap040_fp_regfile:fpregs|altdpram:bank_a_rtl_0|dpram_rlo1:auto_generated|lutrama35~MEMORYREGOUT
    Info (332098): From: emu:emu|quadra800:machine|wombat_cpu:cpu|ap040_core:core|ap040_fpu:g_fpu.fpu|ap040_fp_regfile:fpregs|altdpram:bank_a_rtl_0|dpram_rlo1:auto_generated|lutrama36~CLKMUX_0  to: emu:emu|quadra800:machine|wombat_cpu:cpu|ap040_core:core|ap040_fpu:g_fpu.fpu|ap040_fp_regfile:fpregs|altdpram:bank_a_rtl_0|dpram_rlo1:auto_generated|lutrama36~MEMORYREGOUT
    Info (332098): From: emu:emu|quadra800:machine|wombat_cpu:cpu|ap040_core:core|ap040_fpu:g_fpu.fpu|ap040_fp_regfile:fpregs|altdpram:bank_a_rtl_0|dpram_rlo1:auto_generated|lutrama37~CLKMUX_0  to: emu:emu|quadra800:machine|wombat_cpu:cpu|ap040_core:core|ap040_fpu:g_fpu.fpu|ap040_fp_regfile:fpregs|altdpram:bank_a_rtl_0|dpram_rlo1:auto_generated|lutrama37~MEMORYREGOUT
    Info (332098): From: emu:emu|quadra800:machine|wombat_cpu:cpu|ap040_core:core|ap040_fpu:g_fpu.fpu|ap040_fp_regfile:fpregs|altdpram:bank_a_rtl_0|dpram_rlo1:auto_generated|lutrama38~CLKMUX_0  to: emu:emu|quadra800:machine|wombat_cpu:cpu|ap040_core:core|ap040_fpu:g_fpu.fpu|ap040_fp_regfile:fpregs|altdpram:bank_a_rtl_0|dpram_rlo1:auto_generated|lutrama38~MEMORYREGOUT
    Info (332098): From: emu:emu|quadra800:machine|wombat_cpu:cpu|ap040_core:core|ap040_fpu:g_fpu.fpu|ap040_fp_regfile:fpregs|altdpram:bank_a_rtl_0|dpram_rlo1:auto_generated|lutrama39~CLKMUX_0  to: emu:emu|quadra800:machine|wombat_cpu:cpu|ap040_core:core|ap040_fpu:g_fpu.fpu|ap040_fp_regfile:fpregs|altdpram:bank_a_rtl_0|dpram_rlo1:auto_generated|lutrama39~MEMORYREGOUT
    Info (332098): From: emu:emu|quadra800:machine|wombat_cpu:cpu|ap040_core:core|ap040_fpu:g_fpu.fpu|ap040_fp_regfile:fpregs|altdpram:bank_a_rtl_0|dpram_rlo1:auto_generated|lutrama3~CLKMUX_0  to: emu:emu|quadra800:machine|wombat_cpu:cpu|ap040_core:core|ap040_fpu:g_fpu.fpu|ap040_fp_regfile:fpregs|altdpram:bank_a_rtl_0|dpram_rlo1:auto_generated|lutrama3~MEMORYREGOUT
    Info (332098): From: emu:emu|quadra800:machine|wombat_cpu:cpu|ap040_core:core|ap040_fpu:g_fpu.fpu|ap040_fp_regfile:fpregs|altdpram:bank_a_rtl_0|dpram_rlo1:auto_generated|lutrama40~CLKMUX_0  to: emu:emu|quadra800:machine|wombat_cpu:cpu|ap040_core:core|ap040_fpu:g_fpu.fpu|ap040_fp_regfile:fpregs|altdpram:bank_a_rtl_0|dpram_rlo1:auto_generated|lutrama40~MEMORYREGOUT
    Info (332098): From: emu:emu|quadra800:machine|wombat_cpu:cpu|ap040_core:core|ap040_fpu:g_fpu.fpu|ap040_fp_regfile:fpregs|altdpram:bank_a_rtl_0|dpram_rlo1:auto_generated|lutrama41~CLKMUX_0  to: emu:emu|quadra800:machine|wombat_cpu:cpu|ap040_core:core|ap040_fpu:g_fpu.fpu|ap040_fp_regfile:fpregs|altdpram:bank_a_rtl_0|dpram_rlo1:auto_generated|lutrama41~MEMORYREGOUT
    Info (332098): From: emu:emu|quadra800:machine|wombat_cpu:cpu|ap040_core:core|ap040_fpu:g_fpu.fpu|ap040_fp_regfile:fpregs|altdpram:bank_a_rtl_0|dpram_rlo1:auto_generated|lutrama42~CLKMUX_0  to: emu:emu|quadra800:machine|wombat_cpu:cpu|ap040_core:core|ap040_fpu:g_fpu.fpu|ap040_fp_regfile:fpregs|altdpram:bank_a_rtl_0|dpram_rlo1:auto_generated|lutrama42~MEMORYREGOUT
    Info (332098): From: emu:emu|quadra800:machine|wombat_cpu:cpu|ap040_core:core|ap040_fpu:g_fpu.fpu|ap040_fp_regfile:fpregs|altdpram:bank_a_rtl_0|dpram_rlo1:auto_generated|lutrama43~CLKMUX_0  to: emu:emu|quadra800:machine|wombat_cpu:cpu|ap040_core:core|ap040_fpu:g_fpu.fpu|ap040_fp_regfile:fpregs|altdpram:bank_a_rtl_0|dpram_rlo1:auto_generated|lutrama43~MEMORYREGOUT
    Info (332098): From: emu:emu|quadra800:machine|wombat_cpu:cpu|ap040_core:core|ap040_fpu:g_fpu.fpu|ap040_fp_regfile:fpregs|altdpram:bank_a_rtl_0|dpram_rlo1:auto_generated|lutrama44~CLKMUX_0  to: emu:emu|quadra800:machine|wombat_cpu:cpu|ap040_core:core|ap040_fpu:g_fpu.fpu|ap040_fp_regfile:fpregs|altdpram:bank_a_rtl_0|dpram_rlo1:auto_generated|lutrama44~MEMORYREGOUT
    Info (332098): From: emu:emu|quadra800:machine|wombat_cpu:cpu|ap040_core:core|ap040_fpu:g_fpu.fpu|ap040_fp_regfile:fpregs|altdpram:bank_a_rtl_0|dpram_rlo1:auto_generated|lutrama45~CLKMUX_0  to: emu:emu|quadra800:machine|wombat_cpu:cpu|ap040_core:core|ap040_fpu:g_fpu.fpu|ap040_fp_regfile:fpregs|altdpram:bank_a_rtl_0|dpram_rlo1:auto_generated|lutrama45~MEMORYREGOUT
    Info (332098): From: emu:emu|quadra800:machine|wombat_cpu:cpu|ap040_core:core|ap040_fpu:g_fpu.fpu|ap040_fp_regfile:fpregs|altdpram:bank_a_rtl_0|dpram_rlo1:auto_generated|lutrama46~CLKMUX_0  to: emu:emu|quadra800:machine|wombat_cpu:cpu|ap040_core:core|ap040_fpu:g_fpu.fpu|ap040_fp_regfile:fpregs|altdpram:bank_a_rtl_0|dpram_rlo1:auto_generated|lutrama46~MEMORYREGOUT
    Info (332098): From: emu:emu|quadra800:machine|wombat_cpu:cpu|ap040_core:core|ap040_fpu:g_fpu.fpu|ap040_fp_regfile:fpregs|altdpram:bank_a_rtl_0|dpram_rlo1:auto_generated|lutrama47~CLKMUX_0  to: emu:emu|quadra800:machine|wombat_cpu:cpu|ap040_core:core|ap040_fpu:g_fpu.fpu|ap040_fp_regfile:fpregs|altdpram:bank_a_rtl_0|dpram_rlo1:auto_generated|lutrama47~MEMORYREGOUT
    Info (332098): From: emu:emu|quadra800:machine|wombat_cpu:cpu|ap040_core:core|ap040_fpu:g_fpu.fpu|ap040_fp_regfile:fpregs|altdpram:bank_a_rtl_0|dpram_rlo1:auto_generated|lutrama48~CLKMUX_0  to: emu:emu|quadra800:machine|wombat_cpu:cpu|ap040_core:core|ap040_fpu:g_fpu.fpu|ap040_fp_regfile:fpregs|altdpram:bank_a_rtl_0|dpram_rlo1:auto_generated|lutrama48~MEMORYREGOUT
    Info (332098): From: emu:emu|quadra800:machine|wombat_cpu:cpu|ap040_core:core|ap040_fpu:g_fpu.fpu|ap040_fp_regfile:fpregs|altdpram:bank_a_rtl_0|dpram_rlo1:auto_generated|lutrama49~CLKMUX_0  to: emu:emu|quadra800:machine|wombat_cpu:cpu|ap040_core:core|ap040_fpu:g_fpu.fpu|ap040_fp_regfile:fpregs|altdpram:bank_a_rtl_0|dpram_rlo1:auto_generated|lutrama49~MEMORYREGOUT
    Info (332098): From: emu:emu|quadra800:machine|wombat_cpu:cpu|ap040_core:core|ap040_fpu:g_fpu.fpu|ap040_fp_regfile:fpregs|altdpram:bank_a_rtl_0|dpram_rlo1:auto_generated|lutrama4~CLKMUX_0  to: emu:emu|quadra800:machine|wombat_cpu:cpu|ap040_core:core|ap040_fpu:g_fpu.fpu|ap040_fp_regfile:fpregs|altdpram:bank_a_rtl_0|dpram_rlo1:auto_generated|lutrama4~MEMORYREGOUT
    Info (332098): From: emu:emu|quadra800:machine|wombat_cpu:cpu|ap040_core:core|ap040_fpu:g_fpu.fpu|ap040_fp_regfile:fpregs|altdpram:bank_a_rtl_0|dpram_rlo1:auto_generated|lutrama50~CLKMUX_0  to: emu:emu|quadra800:machine|wombat_cpu:cpu|ap040_core:core|ap040_fpu:g_fpu.fpu|ap040_fp_regfile:fpregs|altdpram:bank_a_rtl_0|dpram_rlo1:auto_generated|lutrama50~MEMORYREGOUT
    Info (332098): From: emu:emu|quadra800:machine|wombat_cpu:cpu|ap040_core:core|ap040_fpu:g_fpu.fpu|ap040_fp_regfile:fpregs|altdpram:bank_a_rtl_0|dpram_rlo1:auto_generated|lutrama51~CLKMUX_0  to: emu:emu|quadra800:machine|wombat_cpu:cpu|ap040_core:core|ap040_fpu:g_fpu.fpu|ap040_fp_regfile:fpregs|altdpram:bank_a_rtl_0|dpram_rlo1:auto_generated|lutrama51~MEMORYREGOUT
    Info (332098): From: emu:emu|quadra800:machine|wombat_cpu:cpu|ap040_core:core|ap040_fpu:g_fpu.fpu|ap040_fp_regfile:fpregs|altdpram:bank_a_rtl_0|dpram_rlo1:auto_generated|lutrama52~CLKMUX_0  to: emu:emu|quadra800:machine|wombat_cpu:cpu|ap040_core:core|ap040_fpu:g_fpu.fpu|ap040_fp_regfile:fpregs|altdpram:bank_a_rtl_0|dpram_rlo1:auto_generated|lutrama52~MEMORYREGOUT
    Info (332098): From: emu:emu|quadra800:machine|wombat_cpu:cpu|ap040_core:core|ap040_fpu:g_fpu.fpu|ap040_fp_regfile:fpregs|altdpram:bank_a_rtl_0|dpram_rlo1:auto_generated|lutrama53~CLKMUX_0  to: emu:emu|quadra800:machine|wombat_cpu:cpu|ap040_core:core|ap040_fpu:g_fpu.fpu|ap040_fp_regfile:fpregs|altdpram:bank_a_rtl_0|dpram_rlo1:auto_generated|lutrama53~MEMORYREGOUT
    Info (332098): From: emu:emu|quadra800:machine|wombat_cpu:cpu|ap040_core:core|ap040_fpu:g_fpu.fpu|ap040_fp_regfile:fpregs|altdpram:bank_a_rtl_0|dpram_rlo1:auto_generated|lutrama54~CLKMUX_0  to: emu:emu|quadra800:machine|wombat_cpu:cpu|ap040_core:core|ap040_fpu:g_fpu.fpu|ap040_fp_regfile:fpregs|altdpram:bank_a_rtl_0|dpram_rlo1:auto_generated|lutrama54~MEMORYREGOUT
    Info (332098): From: emu:emu|quadra800:machine|wombat_cpu:cpu|ap040_core:core|ap040_fpu:g_fpu.fpu|ap040_fp_regfile:fpregs|altdpram:bank_a_rtl_0|dpram_rlo1:auto_generated|lutrama55~CLKMUX_0  to: emu:emu|quadra800:machine|wombat_cpu:cpu|ap040_core:core|ap040_fpu:g_fpu.fpu|ap040_fp_regfile:fpregs|altdpram:bank_a_rtl_0|dpram_rlo1:auto_generated|lutrama55~MEMORYREGOUT
    Info (332098): From: emu:emu|quadra800:machine|wombat_cpu:cpu|ap040_core:core|ap040_fpu:g_fpu.fpu|ap040_fp_regfile:fpregs|altdpram:bank_a_rtl_0|dpram_rlo1:auto_generated|lutrama56~CLKMUX_0  to: emu:emu|quadra800:machine|wombat_cpu:cpu|ap040_core:core|ap040_fpu:g_fpu.fpu|ap040_fp_regfile:fpregs|altdpram:bank_a_rtl_0|dpram_rlo1:auto_generated|lutrama56~MEMORYREGOUT
    Info (332098): From: emu:emu|quadra800:machine|wombat_cpu:cpu|ap040_core:core|ap040_fpu:g_fpu.fpu|ap040_fp_regfile:fpregs|altdpram:bank_a_rtl_0|dpram_rlo1:auto_generated|lutrama57~CLKMUX_0  to: emu:emu|quadra800:machine|wombat_cpu:cpu|ap040_core:core|ap040_fpu:g_fpu.fpu|ap040_fp_regfile:fpregs|altdpram:bank_a_rtl_0|dpram_rlo1:auto_generated|lutrama57~MEMORYREGOUT
    Info (332098): From: emu:emu|quadra800:machine|wombat_cpu:cpu|ap040_core:core|ap040_fpu:g_fpu.fpu|ap040_fp_regfile:fpregs|altdpram:bank_a_rtl_0|dpram_rlo1:auto_generated|lutrama58~CLKMUX_0  to: emu:emu|quadra800:machine|wombat_cpu:cpu|ap040_core:core|ap040_fpu:g_fpu.fpu|ap040_fp_regfile:fpregs|altdpram:bank_a_rtl_0|dpram_rlo1:auto_generated|lutrama58~MEMORYREGOUT
    Info (332098): From: emu:emu|quadra800:machine|wombat_cpu:cpu|ap040_core:core|ap040_fpu:g_fpu.fpu|ap040_fp_regfile:fpregs|altdpram:bank_a_rtl_0|dpram_rlo1:auto_generated|lutrama59~CLKMUX_0  to: emu:emu|quadra800:machine|wombat_cpu:cpu|ap040_core:core|ap040_fpu:g_fpu.fpu|ap040_fp_regfile:fpregs|altdpram:bank_a_rtl_0|dpram_rlo1:auto_generated|lutrama59~MEMORYREGOUT
    Info (332098): From: emu:emu|quadra800:machine|wombat_cpu:cpu|ap040_core:core|ap040_fpu:g_fpu.fpu|ap040_fp_regfile:fpregs|altdpram:bank_a_rtl_0|dpram_rlo1:auto_generated|lutrama5~CLKMUX_0  to: emu:emu|quadra800:machine|wombat_cpu:cpu|ap040_core:core|ap040_fpu:g_fpu.fpu|ap040_fp_regfile:fpregs|altdpram:bank_a_rtl_0|dpram_rlo1:auto_generated|lutrama5~MEMORYREGOUT
    Info (332098): From: emu:emu|quadra800:machine|wombat_cpu:cpu|ap040_core:core|ap040_fpu:g_fpu.fpu|ap040_fp_regfile:fpregs|altdpram:bank_a_rtl_0|dpram_rlo1:auto_generated|lutrama60~CLKMUX_0  to: emu:emu|quadra800:machine|wombat_cpu:cpu|ap040_core:core|ap040_fpu:g_fpu.fpu|ap040_fp_regfile:fpregs|altdpram:bank_a_rtl_0|dpram_rlo1:auto_generated|lutrama60~MEMORYREGOUT
    Info (332098): From: emu:emu|quadra800:machine|wombat_cpu:cpu|ap040_core:core|ap040_fpu:g_fpu.fpu|ap040_fp_regfile:fpregs|altdpram:bank_a_rtl_0|dpram_rlo1:auto_generated|lutrama61~CLKMUX_0  to: emu:emu|quadra800:machine|wombat_cpu:cpu|ap040_core:core|ap040_fpu:g_fpu.fpu|ap040_fp_regfile:fpregs|altdpram:bank_a_rtl_0|dpram_rlo1:auto_generated|lutrama61~MEMORYREGOUT
    Info (332098): From: emu:emu|quadra800:machine|wombat_cpu:cpu|ap040_core:core|ap040_fpu:g_fpu.fpu|ap040_fp_regfile:fpregs|altdpram:bank_a_rtl_0|dpram_rlo1:auto_generated|lutrama62~CLKMUX_0  to: emu:emu|quadra800:machine|wombat_cpu:cpu|ap040_core:core|ap040_fpu:g_fpu.fpu|ap040_fp_regfile:fpregs|altdpram:bank_a_rtl_0|dpram_rlo1:auto_generated|lutrama62~MEMORYREGOUT
    Info (332098): From: emu:emu|quadra800:machine|wombat_cpu:cpu|ap040_core:core|ap040_fpu:g_fpu.fpu|ap040_fp_regfile:fpregs|altdpram:bank_a_rtl_0|dpram_rlo1:auto_generated|lutrama63~CLKMUX_0  to: emu:emu|quadra800:machine|wombat_cpu:cpu|ap040_core:core|ap040_fpu:g_fpu.fpu|ap040_fp_regfile:fpregs|altdpram:bank_a_rtl_0|dpram_rlo1:auto_generated|lutrama63~MEMORYREGOUT
    Info (332098): From: emu:emu|quadra800:machine|wombat_cpu:cpu|ap040_core:core|ap040_fpu:g_fpu.fpu|ap040_fp_regfile:fpregs|altdpram:bank_a_rtl_0|dpram_rlo1:auto_generated|lutrama64~CLKMUX_0  to: emu:emu|quadra800:machine|wombat_cpu:cpu|ap040_core:core|ap040_fpu:g_fpu.fpu|ap040_fp_regfile:fpregs|altdpram:bank_a_rtl_0|dpram_rlo1:auto_generated|lutrama64~MEMORYREGOUT
    Info (332098): From: emu:emu|quadra800:machine|wombat_cpu:cpu|ap040_core:core|ap040_fpu:g_fpu.fpu|ap040_fp_regfile:fpregs|altdpram:bank_a_rtl_0|dpram_rlo1:auto_generated|lutrama65~CLKMUX_0  to: emu:emu|quadra800:machine|wombat_cpu:cpu|ap040_core:core|ap040_fpu:g_fpu.fpu|ap040_fp_regfile:fpregs|altdpram:bank_a_rtl_0|dpram_rlo1:auto_generated|lutrama65~MEMORYREGOUT
    Info (332098): From: emu:emu|quadra800:machine|wombat_cpu:cpu|ap040_core:core|ap040_fpu:g_fpu.fpu|ap040_fp_regfile:fpregs|altdpram:bank_a_rtl_0|dpram_rlo1:auto_generated|lutrama66~CLKMUX_0  to: emu:emu|quadra800:machine|wombat_cpu:cpu|ap040_core:core|ap040_fpu:g_fpu.fpu|ap040_fp_regfile:fpregs|altdpram:bank_a_rtl_0|dpram_rlo1:auto_generated|lutrama66~MEMORYREGOUT
    Info (332098): From: emu:emu|quadra800:machine|wombat_cpu:cpu|ap040_core:core|ap040_fpu:g_fpu.fpu|ap040_fp_regfile:fpregs|altdpram:bank_a_rtl_0|dpram_rlo1:auto_generated|lutrama67~CLKMUX_0  to: emu:emu|quadra800:machine|wombat_cpu:cpu|ap040_core:core|ap040_fpu:g_fpu.fpu|ap040_fp_regfile:fpregs|altdpram:bank_a_rtl_0|dpram_rlo1:auto_generated|lutrama67~MEMORYREGOUT
    Info (332098): From: emu:emu|quadra800:machine|wombat_cpu:cpu|ap040_core:core|ap040_fpu:g_fpu.fpu|ap040_fp_regfile:fpregs|altdpram:bank_a_rtl_0|dpram_rlo1:auto_generated|lutrama68~CLKMUX_0  to: emu:emu|quadra800:machine|wombat_cpu:cpu|ap040_core:core|ap040_fpu:g_fpu.fpu|ap040_fp_regfile:fpregs|altdpram:bank_a_rtl_0|dpram_rlo1:auto_generated|lutrama68~MEMORYREGOUT
    Info (332098): From: emu:emu|quadra800:machine|wombat_cpu:cpu|ap040_core:core|ap040_fpu:g_fpu.fpu|ap040_fp_regfile:fpregs|altdpram:bank_a_rtl_0|dpram_rlo1:auto_generated|lutrama69~CLKMUX_0  to: emu:emu|quadra800:machine|wombat_cpu:cpu|ap040_core:core|ap040_fpu:g_fpu.fpu|ap040_fp_regfile:fpregs|altdpram:bank_a_rtl_0|dpram_rlo1:auto_generated|lutrama69~MEMORYREGOUT
    Info (332098): From: emu:emu|quadra800:machine|wombat_cpu:cpu|ap040_core:core|ap040_fpu:g_fpu.fpu|ap040_fp_regfile:fpregs|altdpram:bank_a_rtl_0|dpram_rlo1:auto_generated|lutrama6~CLKMUX_0  to: emu:emu|quadra800:machine|wombat_cpu:cpu|ap040_core:core|ap040_fpu:g_fpu.fpu|ap040_fp_regfile:fpregs|altdpram:bank_a_rtl_0|dpram_rlo1:auto_generated|lutrama6~MEMORYREGOUT
    Info (332098): From: emu:emu|quadra800:machine|wombat_cpu:cpu|ap040_core:core|ap040_fpu:g_fpu.fpu|ap040_fp_regfile:fpregs|altdpram:bank_a_rtl_0|dpram_rlo1:auto_generated|lutrama70~CLKMUX_0  to: emu:emu|quadra800:machine|wombat_cpu:cpu|ap040_core:core|ap040_fpu:g_fpu.fpu|ap040_fp_regfile:fpregs|altdpram:bank_a_rtl_0|dpram_rlo1:auto_generated|lutrama70~MEMORYREGOUT
    Info (332098): From: emu:emu|quadra800:machine|wombat_cpu:cpu|ap040_core:core|ap040_fpu:g_fpu.fpu|ap040_fp_regfile:fpregs|altdpram:bank_a_rtl_0|dpram_rlo1:auto_generated|lutrama71~CLKMUX_0  to: emu:emu|quadra800:machine|wombat_cpu:cpu|ap040_core:core|ap040_fpu:g_fpu.fpu|ap040_fp_regfile:fpregs|altdpram:bank_a_rtl_0|dpram_rlo1:auto_generated|lutrama71~MEMORYREGOUT
    Info (332098): From: emu:emu|quadra800:machine|wombat_cpu:cpu|ap040_core:core|ap040_fpu:g_fpu.fpu|ap040_fp_regfile:fpregs|altdpram:bank_a_rtl_0|dpram_rlo1:auto_generated|lutrama72~CLKMUX_0  to: emu:emu|quadra800:machine|wombat_cpu:cpu|ap040_core:core|ap040_fpu:g_fpu.fpu|ap040_fp_regfile:fpregs|altdpram:bank_a_rtl_0|dpram_rlo1:auto_generated|lutrama72~MEMORYREGOUT
    Info (332098): From: emu:emu|quadra800:machine|wombat_cpu:cpu|ap040_core:core|ap040_fpu:g_fpu.fpu|ap040_fp_regfile:fpregs|altdpram:bank_a_rtl_0|dpram_rlo1:auto_generated|lutrama73~CLKMUX_0  to: emu:emu|quadra800:machine|wombat_cpu:cpu|ap040_core:core|ap040_fpu:g_fpu.fpu|ap040_fp_regfile:fpregs|altdpram:bank_a_rtl_0|dpram_rlo1:auto_generated|lutrama73~MEMORYREGOUT
    Info (332098): From: emu:emu|quadra800:machine|wombat_cpu:cpu|ap040_core:core|ap040_fpu:g_fpu.fpu|ap040_fp_regfile:fpregs|altdpram:bank_a_rtl_0|dpram_rlo1:auto_generated|lutrama74~CLKMUX_0  to: emu:emu|quadra800:machine|wombat_cpu:cpu|ap040_core:core|ap040_fpu:g_fpu.fpu|ap040_fp_regfile:fpregs|altdpram:bank_a_rtl_0|dpram_rlo1:auto_generated|lutrama74~MEMORYREGOUT
    Info (332098): From: emu:emu|quadra800:machine|wombat_cpu:cpu|ap040_core:core|ap040_fpu:g_fpu.fpu|ap040_fp_regfile:fpregs|altdpram:bank_a_rtl_0|dpram_rlo1:auto_generated|lutrama75~CLKMUX_0  to: emu:emu|quadra800:machine|wombat_cpu:cpu|ap040_core:core|ap040_fpu:g_fpu.fpu|ap040_fp_regfile:fpregs|altdpram:bank_a_rtl_0|dpram_rlo1:auto_generated|lutrama75~MEMORYREGOUT
    Info (332098): From: emu:emu|quadra800:machine|wombat_cpu:cpu|ap040_core:core|ap040_fpu:g_fpu.fpu|ap040_fp_regfile:fpregs|altdpram:bank_a_rtl_0|dpram_rlo1:auto_generated|lutrama76~CLKMUX_0  to: emu:emu|quadra800:machine|wombat_cpu:cpu|ap040_core:core|ap040_fpu:g_fpu.fpu|ap040_fp_regfile:fpregs|altdpram:bank_a_rtl_0|dpram_rlo1:auto_generated|lutrama76~MEMORYREGOUT
    Info (332098): From: emu:emu|quadra800:machine|wombat_cpu:cpu|ap040_core:core|ap040_fpu:g_fpu.fpu|ap040_fp_regfile:fpregs|altdpram:bank_a_rtl_0|dpram_rlo1:auto_generated|lutrama77~CLKMUX_0  to: emu:emu|quadra800:machine|wombat_cpu:cpu|ap040_core:core|ap040_fpu:g_fpu.fpu|ap040_fp_regfile:fpregs|altdpram:bank_a_rtl_0|dpram_rlo1:auto_generated|lutrama77~MEMORYREGOUT
    Info (332098): From: emu:emu|quadra800:machine|wombat_cpu:cpu|ap040_core:core|ap040_fpu:g_fpu.fpu|ap040_fp_regfile:fpregs|altdpram:bank_a_rtl_0|dpram_rlo1:auto_generated|lutrama78~CLKMUX_0  to: emu:emu|quadra800:machine|wombat_cpu:cpu|ap040_core:core|ap040_fpu:g_fpu.fpu|ap040_fp_regfile:fpregs|altdpram:bank_a_rtl_0|dpram_rlo1:auto_generated|lutrama78~MEMORYREGOUT
    Info (332098): From: emu:emu|quadra800:machine|wombat_cpu:cpu|ap040_core:core|ap040_fpu:g_fpu.fpu|ap040_fp_regfile:fpregs|altdpram:bank_a_rtl_0|dpram_rlo1:auto_generated|lutrama79~CLKMUX_0  to: emu:emu|quadra800:machine|wombat_cpu:cpu|ap040_core:core|ap040_fpu:g_fpu.fpu|ap040_fp_regfile:fpregs|altdpram:bank_a_rtl_0|dpram_rlo1:auto_generated|lutrama79~MEMORYREGOUT
    Info (332098): From: emu:emu|quadra800:machine|wombat_cpu:cpu|ap040_core:core|ap040_fpu:g_fpu.fpu|ap040_fp_regfile:fpregs|altdpram:bank_a_rtl_0|dpram_rlo1:auto_generated|lutrama7~CLKMUX_0  to: emu:emu|quadra800:machine|wombat_cpu:cpu|ap040_core:core|ap040_fpu:g_fpu.fpu|ap040_fp_regfile:fpregs|altdpram:bank_a_rtl_0|dpram_rlo1:auto_generated|lutrama7~MEMORYREGOUT
    Info (332098): From: emu:emu|quadra800:machine|wombat_cpu:cpu|ap040_core:core|ap040_fpu:g_fpu.fpu|ap040_fp_regfile:fpregs|altdpram:bank_a_rtl_0|dpram_rlo1:auto_generated|lutrama8~CLKMUX_0  to: emu:emu|quadra800:machine|wombat_cpu:cpu|ap040_core:core|ap040_fpu:g_fpu.fpu|ap040_fp_regfile:fpregs|altdpram:bank_a_rtl_0|dpram_rlo1:auto_generated|lutrama8~MEMORYREGOUT
    Info (332098): From: emu:emu|quadra800:machine|wombat_cpu:cpu|ap040_core:core|ap040_fpu:g_fpu.fpu|ap040_fp_regfile:fpregs|altdpram:bank_a_rtl_0|dpram_rlo1:auto_generated|lutrama9~CLKMUX_0  to: emu:emu|quadra800:machine|wombat_cpu:cpu|ap040_core:core|ap040_fpu:g_fpu.fpu|ap040_fp_regfile:fpregs|altdpram:bank_a_rtl_0|dpram_rlo1:auto_generated|lutrama9~MEMORYREGOUT
    Info (332098): From: emu:emu|quadra800:machine|wombat_cpu:cpu|ap040_core:core|ap040_fpu:g_fpu.fpu|ap040_fp_regfile:fpregs|altdpram:bank_b_rtl_0|dpram_rlo1:auto_generated|lutrama0~CLKMUX_0  to: emu:emu|quadra800:machine|wombat_cpu:cpu|ap040_core:core|ap040_fpu:g_fpu.fpu|ap040_fp_regfile:fpregs|altdpram:bank_b_rtl_0|dpram_rlo1:auto_generated|lutrama0~MEMORYREGOUT
    Info (332098): From: emu:emu|quadra800:machine|wombat_cpu:cpu|ap040_core:core|ap040_fpu:g_fpu.fpu|ap040_fp_regfile:fpregs|altdpram:bank_b_rtl_0|dpram_rlo1:auto_generated|lutrama10~CLKMUX_0  to: emu:emu|quadra800:machine|wombat_cpu:cpu|ap040_core:core|ap040_fpu:g_fpu.fpu|ap040_fp_regfile:fpregs|altdpram:bank_b_rtl_0|dpram_rlo1:auto_generated|lutrama10~MEMORYREGOUT
    Info (332098): From: emu:emu|quadra800:machine|wombat_cpu:cpu|ap040_core:core|ap040_fpu:g_fpu.fpu|ap040_fp_regfile:fpregs|altdpram:bank_b_rtl_0|dpram_rlo1:auto_generated|lutrama11~CLKMUX_0  to: emu:emu|quadra800:machine|wombat_cpu:cpu|ap040_core:core|ap040_fpu:g_fpu.fpu|ap040_fp_regfile:fpregs|altdpram:bank_b_rtl_0|dpram_rlo1:auto_generated|lutrama11~MEMORYREGOUT
    Info (332098): From: emu:emu|quadra800:machine|wombat_cpu:cpu|ap040_core:core|ap040_fpu:g_fpu.fpu|ap040_fp_regfile:fpregs|altdpram:bank_b_rtl_0|dpram_rlo1:auto_generated|lutrama12~CLKMUX_0  to: emu:emu|quadra800:machine|wombat_cpu:cpu|ap040_core:core|ap040_fpu:g_fpu.fpu|ap040_fp_regfile:fpregs|altdpram:bank_b_rtl_0|dpram_rlo1:auto_generated|lutrama12~MEMORYREGOUT
    Info (332098): From: emu:emu|quadra800:machine|wombat_cpu:cpu|ap040_core:core|ap040_fpu:g_fpu.fpu|ap040_fp_regfile:fpregs|altdpram:bank_b_rtl_0|dpram_rlo1:auto_generated|lutrama13~CLKMUX_0  to: emu:emu|quadra800:machine|wombat_cpu:cpu|ap040_core:core|ap040_fpu:g_fpu.fpu|ap040_fp_regfile:fpregs|altdpram:bank_b_rtl_0|dpram_rlo1:auto_generated|lutrama13~MEMORYREGOUT
    Info (332098): From: emu:emu|quadra800:machine|wombat_cpu:cpu|ap040_core:core|ap040_fpu:g_fpu.fpu|ap040_fp_regfile:fpregs|altdpram:bank_b_rtl_0|dpram_rlo1:auto_generated|lutrama14~CLKMUX_0  to: emu:emu|quadra800:machine|wombat_cpu:cpu|ap040_core:core|ap040_fpu:g_fpu.fpu|ap040_fp_regfile:fpregs|altdpram:bank_b_rtl_0|dpram_rlo1:auto_generated|lutrama14~MEMORYREGOUT
    Info (332098): From: emu:emu|quadra800:machine|wombat_cpu:cpu|ap040_core:core|ap040_fpu:g_fpu.fpu|ap040_fp_regfile:fpregs|altdpram:bank_b_rtl_0|dpram_rlo1:auto_generated|lutrama15~CLKMUX_0  to: emu:emu|quadra800:machine|wombat_cpu:cpu|ap040_core:core|ap040_fpu:g_fpu.fpu|ap040_fp_regfile:fpregs|altdpram:bank_b_rtl_0|dpram_rlo1:auto_generated|lutrama15~MEMORYREGOUT
    Info (332098): From: emu:emu|quadra800:machine|wombat_cpu:cpu|ap040_core:core|ap040_fpu:g_fpu.fpu|ap040_fp_regfile:fpregs|altdpram:bank_b_rtl_0|dpram_rlo1:auto_generated|lutrama16~CLKMUX_0  to: emu:emu|quadra800:machine|wombat_cpu:cpu|ap040_core:core|ap040_fpu:g_fpu.fpu|ap040_fp_regfile:fpregs|altdpram:bank_b_rtl_0|dpram_rlo1:auto_generated|lutrama16~MEMORYREGOUT
    Info (332098): From: emu:emu|quadra800:machine|wombat_cpu:cpu|ap040_core:core|ap040_fpu:g_fpu.fpu|ap040_fp_regfile:fpregs|altdpram:bank_b_rtl_0|dpram_rlo1:auto_generated|lutrama17~CLKMUX_0  to: emu:emu|quadra800:machine|wombat_cpu:cpu|ap040_core:core|ap040_fpu:g_fpu.fpu|ap040_fp_regfile:fpregs|altdpram:bank_b_rtl_0|dpram_rlo1:auto_generated|lutrama17~MEMORYREGOUT
    Info (332098): From: emu:emu|quadra800:machine|wombat_cpu:cpu|ap040_core:core|ap040_fpu:g_fpu.fpu|ap040_fp_regfile:fpregs|altdpram:bank_b_rtl_0|dpram_rlo1:auto_generated|lutrama18~CLKMUX_0  to: emu:emu|quadra800:machine|wombat_cpu:cpu|ap040_core:core|ap040_fpu:g_fpu.fpu|ap040_fp_regfile:fpregs|altdpram:bank_b_rtl_0|dpram_rlo1:auto_generated|lutrama18~MEMORYREGOUT
    Info (332098): From: emu:emu|quadra800:machine|wombat_cpu:cpu|ap040_core:core|ap040_fpu:g_fpu.fpu|ap040_fp_regfile:fpregs|altdpram:bank_b_rtl_0|dpram_rlo1:auto_generated|lutrama19~CLKMUX_0  to: emu:emu|quadra800:machine|wombat_cpu:cpu|ap040_core:core|ap040_fpu:g_fpu.fpu|ap040_fp_regfile:fpregs|altdpram:bank_b_rtl_0|dpram_rlo1:auto_generated|lutrama19~MEMORYREGOUT
    Info (332098): From: emu:emu|quadra800:machine|wombat_cpu:cpu|ap040_core:core|ap040_fpu:g_fpu.fpu|ap040_fp_regfile:fpregs|altdpram:bank_b_rtl_0|dpram_rlo1:auto_generated|lutrama1~CLKMUX_0  to: emu:emu|quadra800:machine|wombat_cpu:cpu|ap040_core:core|ap040_fpu:g_fpu.fpu|ap040_fp_regfile:fpregs|altdpram:bank_b_rtl_0|dpram_rlo1:auto_generated|lutrama1~MEMORYREGOUT
    Info (332098): From: emu:emu|quadra800:machine|wombat_cpu:cpu|ap040_core:core|ap040_fpu:g_fpu.fpu|ap040_fp_regfile:fpregs|altdpram:bank_b_rtl_0|dpram_rlo1:auto_generated|lutrama20~CLKMUX_0  to: emu:emu|quadra800:machine|wombat_cpu:cpu|ap040_core:core|ap040_fpu:g_fpu.fpu|ap040_fp_regfile:fpregs|altdpram:bank_b_rtl_0|dpram_rlo1:auto_generated|lutrama20~MEMORYREGOUT
    Info (332098): From: emu:emu|quadra800:machine|wombat_cpu:cpu|ap040_core:core|ap040_fpu:g_fpu.fpu|ap040_fp_regfile:fpregs|altdpram:bank_b_rtl_0|dpram_rlo1:auto_generated|lutrama21~CLKMUX_0  to: emu:emu|quadra800:machine|wombat_cpu:cpu|ap040_core:core|ap040_fpu:g_fpu.fpu|ap040_fp_regfile:fpregs|altdpram:bank_b_rtl_0|dpram_rlo1:auto_generated|lutrama21~MEMORYREGOUT
    Info (332098): From: emu:emu|quadra800:machine|wombat_cpu:cpu|ap040_core:core|ap040_fpu:g_fpu.fpu|ap040_fp_regfile:fpregs|altdpram:bank_b_rtl_0|dpram_rlo1:auto_generated|lutrama22~CLKMUX_0  to: emu:emu|quadra800:machine|wombat_cpu:cpu|ap040_core:core|ap040_fpu:g_fpu.fpu|ap040_fp_regfile:fpregs|altdpram:bank_b_rtl_0|dpram_rlo1:auto_generated|lutrama22~MEMORYREGOUT
    Info (332098): From: emu:emu|quadra800:machine|wombat_cpu:cpu|ap040_core:core|ap040_fpu:g_fpu.fpu|ap040_fp_regfile:fpregs|altdpram:bank_b_rtl_0|dpram_rlo1:auto_generated|lutrama23~CLKMUX_0  to: emu:emu|quadra800:machine|wombat_cpu:cpu|ap040_core:core|ap040_fpu:g_fpu.fpu|ap040_fp_regfile:fpregs|altdpram:bank_b_rtl_0|dpram_rlo1:auto_generated|lutrama23~MEMORYREGOUT
    Info (332098): From: emu:emu|quadra800:machine|wombat_cpu:cpu|ap040_core:core|ap040_fpu:g_fpu.fpu|ap040_fp_regfile:fpregs|altdpram:bank_b_rtl_0|dpram_rlo1:auto_generated|lutrama24~CLKMUX_0  to: emu:emu|quadra800:machine|wombat_cpu:cpu|ap040_core:core|ap040_fpu:g_fpu.fpu|ap040_fp_regfile:fpregs|altdpram:bank_b_rtl_0|dpram_rlo1:auto_generated|lutrama24~MEMORYREGOUT
    Info (332098): From: emu:emu|quadra800:machine|wombat_cpu:cpu|ap040_core:core|ap040_fpu:g_fpu.fpu|ap040_fp_regfile:fpregs|altdpram:bank_b_rtl_0|dpram_rlo1:auto_generated|lutrama25~CLKMUX_0  to: emu:emu|quadra800:machine|wombat_cpu:cpu|ap040_core:core|ap040_fpu:g_fpu.fpu|ap040_fp_regfile:fpregs|altdpram:bank_b_rtl_0|dpram_rlo1:auto_generated|lutrama25~MEMORYREGOUT
    Info (332098): From: emu:emu|quadra800:machine|wombat_cpu:cpu|ap040_core:core|ap040_fpu:g_fpu.fpu|ap040_fp_regfile:fpregs|altdpram:bank_b_rtl_0|dpram_rlo1:auto_generated|lutrama26~CLKMUX_0  to: emu:emu|quadra800:machine|wombat_cpu:cpu|ap040_core:core|ap040_fpu:g_fpu.fpu|ap040_fp_regfile:fpregs|altdpram:bank_b_rtl_0|dpram_rlo1:auto_generated|lutrama26~MEMORYREGOUT
    Info (332098): From: emu:emu|quadra800:machine|wombat_cpu:cpu|ap040_core:core|ap040_fpu:g_fpu.fpu|ap040_fp_regfile:fpregs|altdpram:bank_b_rtl_0|dpram_rlo1:auto_generated|lutrama27~CLKMUX_0  to: emu:emu|quadra800:machine|wombat_cpu:cpu|ap040_core:core|ap040_fpu:g_fpu.fpu|ap040_fp_regfile:fpregs|altdpram:bank_b_rtl_0|dpram_rlo1:auto_generated|lutrama27~MEMORYREGOUT
    Info (332098): From: emu:emu|quadra800:machine|wombat_cpu:cpu|ap040_core:core|ap040_fpu:g_fpu.fpu|ap040_fp_regfile:fpregs|altdpram:bank_b_rtl_0|dpram_rlo1:auto_generated|lutrama28~CLKMUX_0  to: emu:emu|quadra800:machine|wombat_cpu:cpu|ap040_core:core|ap040_fpu:g_fpu.fpu|ap040_fp_regfile:fpregs|altdpram:bank_b_rtl_0|dpram_rlo1:auto_generated|lutrama28~MEMORYREGOUT
    Info (332098): From: emu:emu|quadra800:machine|wombat_cpu:cpu|ap040_core:core|ap040_fpu:g_fpu.fpu|ap040_fp_regfile:fpregs|altdpram:bank_b_rtl_0|dpram_rlo1:auto_generated|lutrama29~CLKMUX_0  to: emu:emu|quadra800:machine|wombat_cpu:cpu|ap040_core:core|ap040_fpu:g_fpu.fpu|ap040_fp_regfile:fpregs|altdpram:bank_b_rtl_0|dpram_rlo1:auto_generated|lutrama29~MEMORYREGOUT
    Info (332098): From: emu:emu|quadra800:machine|wombat_cpu:cpu|ap040_core:core|ap040_fpu:g_fpu.fpu|ap040_fp_regfile:fpregs|altdpram:bank_b_rtl_0|dpram_rlo1:auto_generated|lutrama2~CLKMUX_0  to: emu:emu|quadra800:machine|wombat_cpu:cpu|ap040_core:core|ap040_fpu:g_fpu.fpu|ap040_fp_regfile:fpregs|altdpram:bank_b_rtl_0|dpram_rlo1:auto_generated|lutrama2~MEMORYREGOUT
    Info (332098): From: emu:emu|quadra800:machine|wombat_cpu:cpu|ap040_core:core|ap040_fpu:g_fpu.fpu|ap040_fp_regfile:fpregs|altdpram:bank_b_rtl_0|dpram_rlo1:auto_generated|lutrama30~CLKMUX_0  to: emu:emu|quadra800:machine|wombat_cpu:cpu|ap040_core:core|ap040_fpu:g_fpu.fpu|ap040_fp_regfile:fpregs|altdpram:bank_b_rtl_0|dpram_rlo1:auto_generated|lutrama30~MEMORYREGOUT
    Info (332098): From: emu:emu|quadra800:machine|wombat_cpu:cpu|ap040_core:core|ap040_fpu:g_fpu.fpu|ap040_fp_regfile:fpregs|altdpram:bank_b_rtl_0|dpram_rlo1:auto_generated|lutrama31~CLKMUX_0  to: emu:emu|quadra800:machine|wombat_cpu:cpu|ap040_core:core|ap040_fpu:g_fpu.fpu|ap040_fp_regfile:fpregs|altdpram:bank_b_rtl_0|dpram_rlo1:auto_generated|lutrama31~MEMORYREGOUT
    Info (332098): From: emu:emu|quadra800:machine|wombat_cpu:cpu|ap040_core:core|ap040_fpu:g_fpu.fpu|ap040_fp_regfile:fpregs|altdpram:bank_b_rtl_0|dpram_rlo1:auto_generated|lutrama32~CLKMUX_0  to: emu:emu|quadra800:machine|wombat_cpu:cpu|ap040_core:core|ap040_fpu:g_fpu.fpu|ap040_fp_regfile:fpregs|altdpram:bank_b_rtl_0|dpram_rlo1:auto_generated|lutrama32~MEMORYREGOUT
    Info (332098): From: emu:emu|quadra800:machine|wombat_cpu:cpu|ap040_core:core|ap040_fpu:g_fpu.fpu|ap040_fp_regfile:fpregs|altdpram:bank_b_rtl_0|dpram_rlo1:auto_generated|lutrama33~CLKMUX_0  to: emu:emu|quadra800:machine|wombat_cpu:cpu|ap040_core:core|ap040_fpu:g_fpu.fpu|ap040_fp_regfile:fpregs|altdpram:bank_b_rtl_0|dpram_rlo1:auto_generated|lutrama33~MEMORYREGOUT
    Info (332098): From: emu:emu|quadra800:machine|wombat_cpu:cpu|ap040_core:core|ap040_fpu:g_fpu.fpu|ap040_fp_regfile:fpregs|altdpram:bank_b_rtl_0|dpram_rlo1:auto_generated|lutrama34~CLKMUX_0  to: emu:emu|quadra800:machine|wombat_cpu:cpu|ap040_core:core|ap040_fpu:g_fpu.fpu|ap040_fp_regfile:fpregs|altdpram:bank_b_rtl_0|dpram_rlo1:auto_generated|lutrama34~MEMORYREGOUT
    Info (332098): From: emu:emu|quadra800:machine|wombat_cpu:cpu|ap040_core:core|ap040_fpu:g_fpu.fpu|ap040_fp_regfile:fpregs|altdpram:bank_b_rtl_0|dpram_rlo1:auto_generated|lutrama35~CLKMUX_0  to: emu:emu|quadra800:machine|wombat_cpu:cpu|ap040_core:core|ap040_fpu:g_fpu.fpu|ap040_fp_regfile:fpregs|altdpram:bank_b_rtl_0|dpram_rlo1:auto_generated|lutrama35~MEMORYREGOUT
    Info (332098): From: emu:emu|quadra800:machine|wombat_cpu:cpu|ap040_core:core|ap040_fpu:g_fpu.fpu|ap040_fp_regfile:fpregs|altdpram:bank_b_rtl_0|dpram_rlo1:auto_generated|lutrama36~CLKMUX_0  to: emu:emu|quadra800:machine|wombat_cpu:cpu|ap040_core:core|ap040_fpu:g_fpu.fpu|ap040_fp_regfile:fpregs|altdpram:bank_b_rtl_0|dpram_rlo1:auto_generated|lutrama36~MEMORYREGOUT
    Info (332098): From: emu:emu|quadra800:machine|wombat_cpu:cpu|ap040_core:core|ap040_fpu:g_fpu.fpu|ap040_fp_regfile:fpregs|altdpram:bank_b_rtl_0|dpram_rlo1:auto_generated|lutrama37~CLKMUX_0  to: emu:emu|quadra800:machine|wombat_cpu:cpu|ap040_core:core|ap040_fpu:g_fpu.fpu|ap040_fp_regfile:fpregs|altdpram:bank_b_rtl_0|dpram_rlo1:auto_generated|lutrama37~MEMORYREGOUT
    Info (332098): From: emu:emu|quadra800:machine|wombat_cpu:cpu|ap040_core:core|ap040_fpu:g_fpu.fpu|ap040_fp_regfile:fpregs|altdpram:bank_b_rtl_0|dpram_rlo1:auto_generated|lutrama38~CLKMUX_0  to: emu:emu|quadra800:machine|wombat_cpu:cpu|ap040_core:core|ap040_fpu:g_fpu.fpu|ap040_fp_regfile:fpregs|altdpram:bank_b_rtl_0|dpram_rlo1:auto_generated|lutrama38~MEMORYREGOUT
    Info (332098): From: emu:emu|quadra800:machine|wombat_cpu:cpu|ap040_core:core|ap040_fpu:g_fpu.fpu|ap040_fp_regfile:fpregs|altdpram:bank_b_rtl_0|dpram_rlo1:auto_generated|lutrama39~CLKMUX_0  to: emu:emu|quadra800:machine|wombat_cpu:cpu|ap040_core:core|ap040_fpu:g_fpu.fpu|ap040_fp_regfile:fpregs|altdpram:bank_b_rtl_0|dpram_rlo1:auto_generated|lutrama39~MEMORYREGOUT
    Info (332098): From: emu:emu|quadra800:machine|wombat_cpu:cpu|ap040_core:core|ap040_fpu:g_fpu.fpu|ap040_fp_regfile:fpregs|altdpram:bank_b_rtl_0|dpram_rlo1:auto_generated|lutrama3~CLKMUX_0  to: emu:emu|quadra800:machine|wombat_cpu:cpu|ap040_core:core|ap040_fpu:g_fpu.fpu|ap040_fp_regfile:fpregs|altdpram:bank_b_rtl_0|dpram_rlo1:auto_generated|lutrama3~MEMORYREGOUT
    Info (332098): From: emu:emu|quadra800:machine|wombat_cpu:cpu|ap040_core:core|ap040_fpu:g_fpu.fpu|ap040_fp_regfile:fpregs|altdpram:bank_b_rtl_0|dpram_rlo1:auto_generated|lutrama40~CLKMUX_0  to: emu:emu|quadra800:machine|wombat_cpu:cpu|ap040_core:core|ap040_fpu:g_fpu.fpu|ap040_fp_regfile:fpregs|altdpram:bank_b_rtl_0|dpram_rlo1:auto_generated|lutrama40~MEMORYREGOUT
    Info (332098): From: emu:emu|quadra800:machine|wombat_cpu:cpu|ap040_core:core|ap040_fpu:g_fpu.fpu|ap040_fp_regfile:fpregs|altdpram:bank_b_rtl_0|dpram_rlo1:auto_generated|lutrama41~CLKMUX_0  to: emu:emu|quadra800:machine|wombat_cpu:cpu|ap040_core:core|ap040_fpu:g_fpu.fpu|ap040_fp_regfile:fpregs|altdpram:bank_b_rtl_0|dpram_rlo1:auto_generated|lutrama41~MEMORYREGOUT
    Info (332098): From: emu:emu|quadra800:machine|wombat_cpu:cpu|ap040_core:core|ap040_fpu:g_fpu.fpu|ap040_fp_regfile:fpregs|altdpram:bank_b_rtl_0|dpram_rlo1:auto_generated|lutrama42~CLKMUX_0  to: emu:emu|quadra800:machine|wombat_cpu:cpu|ap040_core:core|ap040_fpu:g_fpu.fpu|ap040_fp_regfile:fpregs|altdpram:bank_b_rtl_0|dpram_rlo1:auto_generated|lutrama42~MEMORYREGOUT
    Info (332098): From: emu:emu|quadra800:machine|wombat_cpu:cpu|ap040_core:core|ap040_fpu:g_fpu.fpu|ap040_fp_regfile:fpregs|altdpram:bank_b_rtl_0|dpram_rlo1:auto_generated|lutrama43~CLKMUX_0  to: emu:emu|quadra800:machine|wombat_cpu:cpu|ap040_core:core|ap040_fpu:g_fpu.fpu|ap040_fp_regfile:fpregs|altdpram:bank_b_rtl_0|dpram_rlo1:auto_generated|lutrama43~MEMORYREGOUT
    Info (332098): From: emu:emu|quadra800:machine|wombat_cpu:cpu|ap040_core:core|ap040_fpu:g_fpu.fpu|ap040_fp_regfile:fpregs|altdpram:bank_b_rtl_0|dpram_rlo1:auto_generated|lutrama44~CLKMUX_0  to: emu:emu|quadra800:machine|wombat_cpu:cpu|ap040_core:core|ap040_fpu:g_fpu.fpu|ap040_fp_regfile:fpregs|altdpram:bank_b_rtl_0|dpram_rlo1:auto_generated|lutrama44~MEMORYREGOUT
    Info (332098): From: emu:emu|quadra800:machine|wombat_cpu:cpu|ap040_core:core|ap040_fpu:g_fpu.fpu|ap040_fp_regfile:fpregs|altdpram:bank_b_rtl_0|dpram_rlo1:auto_generated|lutrama45~CLKMUX_0  to: emu:emu|quadra800:machine|wombat_cpu:cpu|ap040_core:core|ap040_fpu:g_fpu.fpu|ap040_fp_regfile:fpregs|altdpram:bank_b_rtl_0|dpram_rlo1:auto_generated|lutrama45~MEMORYREGOUT
    Info (332098): From: emu:emu|quadra800:machine|wombat_cpu:cpu|ap040_core:core|ap040_fpu:g_fpu.fpu|ap040_fp_regfile:fpregs|altdpram:bank_b_rtl_0|dpram_rlo1:auto_generated|lutrama46~CLKMUX_0  to: emu:emu|quadra800:machine|wombat_cpu:cpu|ap040_core:core|ap040_fpu:g_fpu.fpu|ap040_fp_regfile:fpregs|altdpram:bank_b_rtl_0|dpram_rlo1:auto_generated|lutrama46~MEMORYREGOUT
    Info (332098): From: emu:emu|quadra800:machine|wombat_cpu:cpu|ap040_core:core|ap040_fpu:g_fpu.fpu|ap040_fp_regfile:fpregs|altdpram:bank_b_rtl_0|dpram_rlo1:auto_generated|lutrama47~CLKMUX_0  to: emu:emu|quadra800:machine|wombat_cpu:cpu|ap040_core:core|ap040_fpu:g_fpu.fpu|ap040_fp_regfile:fpregs|altdpram:bank_b_rtl_0|dpram_rlo1:auto_generated|lutrama47~MEMORYREGOUT
    Info (332098): From: emu:emu|quadra800:machine|wombat_cpu:cpu|ap040_core:core|ap040_fpu:g_fpu.fpu|ap040_fp_regfile:fpregs|altdpram:bank_b_rtl_0|dpram_rlo1:auto_generated|lutrama48~CLKMUX_0  to: emu:emu|quadra800:machine|wombat_cpu:cpu|ap040_core:core|ap040_fpu:g_fpu.fpu|ap040_fp_regfile:fpregs|altdpram:bank_b_rtl_0|dpram_rlo1:auto_generated|lutrama48~MEMORYREGOUT
    Info (332098): From: emu:emu|quadra800:machine|wombat_cpu:cpu|ap040_core:core|ap040_fpu:g_fpu.fpu|ap040_fp_regfile:fpregs|altdpram:bank_b_rtl_0|dpram_rlo1:auto_generated|lutrama49~CLKMUX_0  to: emu:emu|quadra800:machine|wombat_cpu:cpu|ap040_core:core|ap040_fpu:g_fpu.fpu|ap040_fp_regfile:fpregs|altdpram:bank_b_rtl_0|dpram_rlo1:auto_generated|lutrama49~MEMORYREGOUT
    Info (332098): From: emu:emu|quadra800:machine|wombat_cpu:cpu|ap040_core:core|ap040_fpu:g_fpu.fpu|ap040_fp_regfile:fpregs|altdpram:bank_b_rtl_0|dpram_rlo1:auto_generated|lutrama4~CLKMUX_0  to: emu:emu|quadra800:machine|wombat_cpu:cpu|ap040_core:core|ap040_fpu:g_fpu.fpu|ap040_fp_regfile:fpregs|altdpram:bank_b_rtl_0|dpram_rlo1:auto_generated|lutrama4~MEMORYREGOUT
    Info (332098): From: emu:emu|quadra800:machine|wombat_cpu:cpu|ap040_core:core|ap040_fpu:g_fpu.fpu|ap040_fp_regfile:fpregs|altdpram:bank_b_rtl_0|dpram_rlo1:auto_generated|lutrama50~CLKMUX_0  to: emu:emu|quadra800:machine|wombat_cpu:cpu|ap040_core:core|ap040_fpu:g_fpu.fpu|ap040_fp_regfile:fpregs|altdpram:bank_b_rtl_0|dpram_rlo1:auto_generated|lutrama50~MEMORYREGOUT
    Info (332098): From: emu:emu|quadra800:machine|wombat_cpu:cpu|ap040_core:core|ap040_fpu:g_fpu.fpu|ap040_fp_regfile:fpregs|altdpram:bank_b_rtl_0|dpram_rlo1:auto_generated|lutrama51~CLKMUX_0  to: emu:emu|quadra800:machine|wombat_cpu:cpu|ap040_core:core|ap040_fpu:g_fpu.fpu|ap040_fp_regfile:fpregs|altdpram:bank_b_rtl_0|dpram_rlo1:auto_generated|lutrama51~MEMORYREGOUT
    Info (332098): From: emu:emu|quadra800:machine|wombat_cpu:cpu|ap040_core:core|ap040_fpu:g_fpu.fpu|ap040_fp_regfile:fpregs|altdpram:bank_b_rtl_0|dpram_rlo1:auto_generated|lutrama52~CLKMUX_0  to: emu:emu|quadra800:machine|wombat_cpu:cpu|ap040_core:core|ap040_fpu:g_fpu.fpu|ap040_fp_regfile:fpregs|altdpram:bank_b_rtl_0|dpram_rlo1:auto_generated|lutrama52~MEMORYREGOUT
    Info (332098): From: emu:emu|quadra800:machine|wombat_cpu:cpu|ap040_core:core|ap040_fpu:g_fpu.fpu|ap040_fp_regfile:fpregs|altdpram:bank_b_rtl_0|dpram_rlo1:auto_generated|lutrama53~CLKMUX_0  to: emu:emu|quadra800:machine|wombat_cpu:cpu|ap040_core:core|ap040_fpu:g_fpu.fpu|ap040_fp_regfile:fpregs|altdpram:bank_b_rtl_0|dpram_rlo1:auto_generated|lutrama53~MEMORYREGOUT
    Info (332098): From: emu:emu|quadra800:machine|wombat_cpu:cpu|ap040_core:core|ap040_fpu:g_fpu.fpu|ap040_fp_regfile:fpregs|altdpram:bank_b_rtl_0|dpram_rlo1:auto_generated|lutrama54~CLKMUX_0  to: emu:emu|quadra800:machine|wombat_cpu:cpu|ap040_core:core|ap040_fpu:g_fpu.fpu|ap040_fp_regfile:fpregs|altdpram:bank_b_rtl_0|dpram_rlo1:auto_generated|lutrama54~MEMORYREGOUT
    Info (332098): From: emu:emu|quadra800:machine|wombat_cpu:cpu|ap040_core:core|ap040_fpu:g_fpu.fpu|ap040_fp_regfile:fpregs|altdpram:bank_b_rtl_0|dpram_rlo1:auto_generated|lutrama55~CLKMUX_0  to: emu:emu|quadra800:machine|wombat_cpu:cpu|ap040_core:core|ap040_fpu:g_fpu.fpu|ap040_fp_regfile:fpregs|altdpram:bank_b_rtl_0|dpram_rlo1:auto_generated|lutrama55~MEMORYREGOUT
    Info (332098): From: emu:emu|quadra800:machine|wombat_cpu:cpu|ap040_core:core|ap040_fpu:g_fpu.fpu|ap040_fp_regfile:fpregs|altdpram:bank_b_rtl_0|dpram_rlo1:auto_generated|lutrama56~CLKMUX_0  to: emu:emu|quadra800:machine|wombat_cpu:cpu|ap040_core:core|ap040_fpu:g_fpu.fpu|ap040_fp_regfile:fpregs|altdpram:bank_b_rtl_0|dpram_rlo1:auto_generated|lutrama56~MEMORYREGOUT
    Info (332098): From: emu:emu|quadra800:machine|wombat_cpu:cpu|ap040_core:core|ap040_fpu:g_fpu.fpu|ap040_fp_regfile:fpregs|altdpram:bank_b_rtl_0|dpram_rlo1:auto_generated|lutrama57~CLKMUX_0  to: emu:emu|quadra800:machine|wombat_cpu:cpu|ap040_core:core|ap040_fpu:g_fpu.fpu|ap040_fp_regfile:fpregs|altdpram:bank_b_rtl_0|dpram_rlo1:auto_generated|lutrama57~MEMORYREGOUT
    Info (332098): From: emu:emu|quadra800:machine|wombat_cpu:cpu|ap040_core:core|ap040_fpu:g_fpu.fpu|ap040_fp_regfile:fpregs|altdpram:bank_b_rtl_0|dpram_rlo1:auto_generated|lutrama58~CLKMUX_0  to: emu:emu|quadra800:machine|wombat_cpu:cpu|ap040_core:core|ap040_fpu:g_fpu.fpu|ap040_fp_regfile:fpregs|altdpram:bank_b_rtl_0|dpram_rlo1:auto_generated|lutrama58~MEMORYREGOUT
    Info (332098): From: emu:emu|quadra800:machine|wombat_cpu:cpu|ap040_core:core|ap040_fpu:g_fpu.fpu|ap040_fp_regfile:fpregs|altdpram:bank_b_rtl_0|dpram_rlo1:auto_generated|lutrama59~CLKMUX_0  to: emu:emu|quadra800:machine|wombat_cpu:cpu|ap040_core:core|ap040_fpu:g_fpu.fpu|ap040_fp_regfile:fpregs|altdpram:bank_b_rtl_0|dpram_rlo1:auto_generated|lutrama59~MEMORYREGOUT
    Info (332098): From: emu:emu|quadra800:machine|wombat_cpu:cpu|ap040_core:core|ap040_fpu:g_fpu.fpu|ap040_fp_regfile:fpregs|altdpram:bank_b_rtl_0|dpram_rlo1:auto_generated|lutrama5~CLKMUX_0  to: emu:emu|quadra800:machine|wombat_cpu:cpu|ap040_core:core|ap040_fpu:g_fpu.fpu|ap040_fp_regfile:fpregs|altdpram:bank_b_rtl_0|dpram_rlo1:auto_generated|lutrama5~MEMORYREGOUT
    Info (332098): From: emu:emu|quadra800:machine|wombat_cpu:cpu|ap040_core:core|ap040_fpu:g_fpu.fpu|ap040_fp_regfile:fpregs|altdpram:bank_b_rtl_0|dpram_rlo1:auto_generated|lutrama60~CLKMUX_0  to: emu:emu|quadra800:machine|wombat_cpu:cpu|ap040_core:core|ap040_fpu:g_fpu.fpu|ap040_fp_regfile:fpregs|altdpram:bank_b_rtl_0|dpram_rlo1:auto_generated|lutrama60~MEMORYREGOUT
    Info (332098): From: emu:emu|quadra800:machine|wombat_cpu:cpu|ap040_core:core|ap040_fpu:g_fpu.fpu|ap040_fp_regfile:fpregs|altdpram:bank_b_rtl_0|dpram_rlo1:auto_generated|lutrama61~CLKMUX_0  to: emu:emu|quadra800:machine|wombat_cpu:cpu|ap040_core:core|ap040_fpu:g_fpu.fpu|ap040_fp_regfile:fpregs|altdpram:bank_b_rtl_0|dpram_rlo1:auto_generated|lutrama61~MEMORYREGOUT
    Info (332098): From: emu:emu|quadra800:machine|wombat_cpu:cpu|ap040_core:core|ap040_fpu:g_fpu.fpu|ap040_fp_regfile:fpregs|altdpram:bank_b_rtl_0|dpram_rlo1:auto_generated|lutrama62~CLKMUX_0  to: emu:emu|quadra800:machine|wombat_cpu:cpu|ap040_core:core|ap040_fpu:g_fpu.fpu|ap040_fp_regfile:fpregs|altdpram:bank_b_rtl_0|dpram_rlo1:auto_generated|lutrama62~MEMORYREGOUT
    Info (332098): From: emu:emu|quadra800:machine|wombat_cpu:cpu|ap040_core:core|ap040_fpu:g_fpu.fpu|ap040_fp_regfile:fpregs|altdpram:bank_b_rtl_0|dpram_rlo1:auto_generated|lutrama63~CLKMUX_0  to: emu:emu|quadra800:machine|wombat_cpu:cpu|ap040_core:core|ap040_fpu:g_fpu.fpu|ap040_fp_regfile:fpregs|altdpram:bank_b_rtl_0|dpram_rlo1:auto_generated|lutrama63~MEMORYREGOUT
    Info (332098): From: emu:emu|quadra800:machine|wombat_cpu:cpu|ap040_core:core|ap040_fpu:g_fpu.fpu|ap040_fp_regfile:fpregs|altdpram:bank_b_rtl_0|dpram_rlo1:auto_generated|lutrama64~CLKMUX_0  to: emu:emu|quadra800:machine|wombat_cpu:cpu|ap040_core:core|ap040_fpu:g_fpu.fpu|ap040_fp_regfile:fpregs|altdpram:bank_b_rtl_0|dpram_rlo1:auto_generated|lutrama64~MEMORYREGOUT
    Info (332098): From: emu:emu|quadra800:machine|wombat_cpu:cpu|ap040_core:core|ap040_fpu:g_fpu.fpu|ap040_fp_regfile:fpregs|altdpram:bank_b_rtl_0|dpram_rlo1:auto_generated|lutrama65~CLKMUX_0  to: emu:emu|quadra800:machine|wombat_cpu:cpu|ap040_core:core|ap040_fpu:g_fpu.fpu|ap040_fp_regfile:fpregs|altdpram:bank_b_rtl_0|dpram_rlo1:auto_generated|lutrama65~MEMORYREGOUT
    Info (332098): From: emu:emu|quadra800:machine|wombat_cpu:cpu|ap040_core:core|ap040_fpu:g_fpu.fpu|ap040_fp_regfile:fpregs|altdpram:bank_b_rtl_0|dpram_rlo1:auto_generated|lutrama66~CLKMUX_0  to: emu:emu|quadra800:machine|wombat_cpu:cpu|ap040_core:core|ap040_fpu:g_fpu.fpu|ap040_fp_regfile:fpregs|altdpram:bank_b_rtl_0|dpram_rlo1:auto_generated|lutrama66~MEMORYREGOUT
    Info (332098): From: emu:emu|quadra800:machine|wombat_cpu:cpu|ap040_core:core|ap040_fpu:g_fpu.fpu|ap040_fp_regfile:fpregs|altdpram:bank_b_rtl_0|dpram_rlo1:auto_generated|lutrama67~CLKMUX_0  to: emu:emu|quadra800:machine|wombat_cpu:cpu|ap040_core:core|ap040_fpu:g_fpu.fpu|ap040_fp_regfile:fpregs|altdpram:bank_b_rtl_0|dpram_rlo1:auto_generated|lutrama67~MEMORYREGOUT
    Info (332098): From: emu:emu|quadra800:machine|wombat_cpu:cpu|ap040_core:core|ap040_fpu:g_fpu.fpu|ap040_fp_regfile:fpregs|altdpram:bank_b_rtl_0|dpram_rlo1:auto_generated|lutrama68~CLKMUX_0  to: emu:emu|quadra800:machine|wombat_cpu:cpu|ap040_core:core|ap040_fpu:g_fpu.fpu|ap040_fp_regfile:fpregs|altdpram:bank_b_rtl_0|dpram_rlo1:auto_generated|lutrama68~MEMORYREGOUT
    Info (332098): From: emu:emu|quadra800:machine|wombat_cpu:cpu|ap040_core:core|ap040_fpu:g_fpu.fpu|ap040_fp_regfile:fpregs|altdpram:bank_b_rtl_0|dpram_rlo1:auto_generated|lutrama69~CLKMUX_0  to: emu:emu|quadra800:machine|wombat_cpu:cpu|ap040_core:core|ap040_fpu:g_fpu.fpu|ap040_fp_regfile:fpregs|altdpram:bank_b_rtl_0|dpram_rlo1:auto_generated|lutrama69~MEMORYREGOUT
    Info (332098): From: emu:emu|quadra800:machine|wombat_cpu:cpu|ap040_core:core|ap040_fpu:g_fpu.fpu|ap040_fp_regfile:fpregs|altdpram:bank_b_rtl_0|dpram_rlo1:auto_generated|lutrama6~CLKMUX_0  to: emu:emu|quadra800:machine|wombat_cpu:cpu|ap040_core:core|ap040_fpu:g_fpu.fpu|ap040_fp_regfile:fpregs|altdpram:bank_b_rtl_0|dpram_rlo1:auto_generated|lutrama6~MEMORYREGOUT
    Info (332098): From: emu:emu|quadra800:machine|wombat_cpu:cpu|ap040_core:core|ap040_fpu:g_fpu.fpu|ap040_fp_regfile:fpregs|altdpram:bank_b_rtl_0|dpram_rlo1:auto_generated|lutrama70~CLKMUX_0  to: emu:emu|quadra800:machine|wombat_cpu:cpu|ap040_core:core|ap040_fpu:g_fpu.fpu|ap040_fp_regfile:fpregs|altdpram:bank_b_rtl_0|dpram_rlo1:auto_generated|lutrama70~MEMORYREGOUT
    Info (332098): From: emu:emu|quadra800:machine|wombat_cpu:cpu|ap040_core:core|ap040_fpu:g_fpu.fpu|ap040_fp_regfile:fpregs|altdpram:bank_b_rtl_0|dpram_rlo1:auto_generated|lutrama71~CLKMUX_0  to: emu:emu|quadra800:machine|wombat_cpu:cpu|ap040_core:core|ap040_fpu:g_fpu.fpu|ap040_fp_regfile:fpregs|altdpram:bank_b_rtl_0|dpram_rlo1:auto_generated|lutrama71~MEMORYREGOUT
    Info (332098): From: emu:emu|quadra800:machine|wombat_cpu:cpu|ap040_core:core|ap040_fpu:g_fpu.fpu|ap040_fp_regfile:fpregs|altdpram:bank_b_rtl_0|dpram_rlo1:auto_generated|lutrama72~CLKMUX_0  to: emu:emu|quadra800:machine|wombat_cpu:cpu|ap040_core:core|ap040_fpu:g_fpu.fpu|ap040_fp_regfile:fpregs|altdpram:bank_b_rtl_0|dpram_rlo1:auto_generated|lutrama72~MEMORYREGOUT
    Info (332098): From: emu:emu|quadra800:machine|wombat_cpu:cpu|ap040_core:core|ap040_fpu:g_fpu.fpu|ap040_fp_regfile:fpregs|altdpram:bank_b_rtl_0|dpram_rlo1:auto_generated|lutrama73~CLKMUX_0  to: emu:emu|quadra800:machine|wombat_cpu:cpu|ap040_core:core|ap040_fpu:g_fpu.fpu|ap040_fp_regfile:fpregs|altdpram:bank_b_rtl_0|dpram_rlo1:auto_generated|lutrama73~MEMORYREGOUT
    Info (332098): From: emu:emu|quadra800:machine|wombat_cpu:cpu|ap040_core:core|ap040_fpu:g_fpu.fpu|ap040_fp_regfile:fpregs|altdpram:bank_b_rtl_0|dpram_rlo1:auto_generated|lutrama74~CLKMUX_0  to: emu:emu|quadra800:machine|wombat_cpu:cpu|ap040_core:core|ap040_fpu:g_fpu.fpu|ap040_fp_regfile:fpregs|altdpram:bank_b_rtl_0|dpram_rlo1:auto_generated|lutrama74~MEMORYREGOUT
    Info (332098): From: emu:emu|quadra800:machine|wombat_cpu:cpu|ap040_core:core|ap040_fpu:g_fpu.fpu|ap040_fp_regfile:fpregs|altdpram:bank_b_rtl_0|dpram_rlo1:auto_generated|lutrama75~CLKMUX_0  to: emu:emu|quadra800:machine|wombat_cpu:cpu|ap040_core:core|ap040_fpu:g_fpu.fpu|ap040_fp_regfile:fpregs|altdpram:bank_b_rtl_0|dpram_rlo1:auto_generated|lutrama75~MEMORYREGOUT
    Info (332098): From: emu:emu|quadra800:machine|wombat_cpu:cpu|ap040_core:core|ap040_fpu:g_fpu.fpu|ap040_fp_regfile:fpregs|altdpram:bank_b_rtl_0|dpram_rlo1:auto_generated|lutrama76~CLKMUX_0  to: emu:emu|quadra800:machine|wombat_cpu:cpu|ap040_core:core|ap040_fpu:g_fpu.fpu|ap040_fp_regfile:fpregs|altdpram:bank_b_rtl_0|dpram_rlo1:auto_generated|lutrama76~MEMORYREGOUT
    Info (332098): From: emu:emu|quadra800:machine|wombat_cpu:cpu|ap040_core:core|ap040_fpu:g_fpu.fpu|ap040_fp_regfile:fpregs|altdpram:bank_b_rtl_0|dpram_rlo1:auto_generated|lutrama77~CLKMUX_0  to: emu:emu|quadra800:machine|wombat_cpu:cpu|ap040_core:core|ap040_fpu:g_fpu.fpu|ap040_fp_regfile:fpregs|altdpram:bank_b_rtl_0|dpram_rlo1:auto_generated|lutrama77~MEMORYREGOUT
    Info (332098): From: emu:emu|quadra800:machine|wombat_cpu:cpu|ap040_core:core|ap040_fpu:g_fpu.fpu|ap040_fp_regfile:fpregs|altdpram:bank_b_rtl_0|dpram_rlo1:auto_generated|lutrama78~CLKMUX_0  to: emu:emu|quadra800:machine|wombat_cpu:cpu|ap040_core:core|ap040_fpu:g_fpu.fpu|ap040_fp_regfile:fpregs|altdpram:bank_b_rtl_0|dpram_rlo1:auto_generated|lutrama78~MEMORYREGOUT
    Info (332098): From: emu:emu|quadra800:machine|wombat_cpu:cpu|ap040_core:core|ap040_fpu:g_fpu.fpu|ap040_fp_regfile:fpregs|altdpram:bank_b_rtl_0|dpram_rlo1:auto_generated|lutrama79~CLKMUX_0  to: emu:emu|quadra800:machine|wombat_cpu:cpu|ap040_core:core|ap040_fpu:g_fpu.fpu|ap040_fp_regfile:fpregs|altdpram:bank_b_rtl_0|dpram_rlo1:auto_generated|lutrama79~MEMORYREGOUT
    Info (332098): From: emu:emu|quadra800:machine|wombat_cpu:cpu|ap040_core:core|ap040_fpu:g_fpu.fpu|ap040_fp_regfile:fpregs|altdpram:bank_b_rtl_0|dpram_rlo1:auto_generated|lutrama7~CLKMUX_0  to: emu:emu|quadra800:machine|wombat_cpu:cpu|ap040_core:core|ap040_fpu:g_fpu.fpu|ap040_fp_regfile:fpregs|altdpram:bank_b_rtl_0|dpram_rlo1:auto_generated|lutrama7~MEMORYREGOUT
    Info (332098): From: emu:emu|quadra800:machine|wombat_cpu:cpu|ap040_core:core|ap040_fpu:g_fpu.fpu|ap040_fp_regfile:fpregs|altdpram:bank_b_rtl_0|dpram_rlo1:auto_generated|lutrama8~CLKMUX_0  to: emu:emu|quadra800:machine|wombat_cpu:cpu|ap040_core:core|ap040_fpu:g_fpu.fpu|ap040_fp_regfile:fpregs|altdpram:bank_b_rtl_0|dpram_rlo1:auto_generated|lutrama8~MEMORYREGOUT
    Info (332098): From: emu:emu|quadra800:machine|wombat_cpu:cpu|ap040_core:core|ap040_fpu:g_fpu.fpu|ap040_fp_regfile:fpregs|altdpram:bank_b_rtl_0|dpram_rlo1:auto_generated|lutrama9~CLKMUX_0  to: emu:emu|quadra800:machine|wombat_cpu:cpu|ap040_core:core|ap040_fpu:g_fpu.fpu|ap040_fp_regfile:fpregs|altdpram:bank_b_rtl_0|dpram_rlo1:auto_generated|lutrama9~MEMORYREGOUT
    Info (332098): From: emu:emu|quadra800:machine|wombat_cpu:cpu|ap040_core:core|ap040_regfile:regfile|altdpram:bank_a_rtl_0|dpram_8no1:auto_generated|lutrama0~CLKMUX_0  to: emu:emu|quadra800:machine|wombat_cpu:cpu|ap040_core:core|ap040_regfile:regfile|altdpram:bank_a_rtl_0|dpram_8no1:auto_generated|lutrama0~MEMORYREGOUT
    Info (332098): From: emu:emu|quadra800:machine|wombat_cpu:cpu|ap040_core:core|ap040_regfile:regfile|altdpram:bank_a_rtl_0|dpram_8no1:auto_generated|lutrama10~CLKMUX_0  to: emu:emu|quadra800:machine|wombat_cpu:cpu|ap040_core:core|ap040_regfile:regfile|altdpram:bank_a_rtl_0|dpram_8no1:auto_generated|lutrama10~MEMORYREGOUT
    Info (332098): From: emu:emu|quadra800:machine|wombat_cpu:cpu|ap040_core:core|ap040_regfile:regfile|altdpram:bank_a_rtl_0|dpram_8no1:auto_generated|lutrama11~CLKMUX_0  to: emu:emu|quadra800:machine|wombat_cpu:cpu|ap040_core:core|ap040_regfile:regfile|altdpram:bank_a_rtl_0|dpram_8no1:auto_generated|lutrama11~MEMORYREGOUT
    Info (332098): From: emu:emu|quadra800:machine|wombat_cpu:cpu|ap040_core:core|ap040_regfile:regfile|altdpram:bank_a_rtl_0|dpram_8no1:auto_generated|lutrama12~CLKMUX_0  to: emu:emu|quadra800:machine|wombat_cpu:cpu|ap040_core:core|ap040_regfile:regfile|altdpram:bank_a_rtl_0|dpram_8no1:auto_generated|lutrama12~MEMORYREGOUT
    Info (332098): From: emu:emu|quadra800:machine|wombat_cpu:cpu|ap040_core:core|ap040_regfile:regfile|altdpram:bank_a_rtl_0|dpram_8no1:auto_generated|lutrama13~CLKMUX_0  to: emu:emu|quadra800:machine|wombat_cpu:cpu|ap040_core:core|ap040_regfile:regfile|altdpram:bank_a_rtl_0|dpram_8no1:auto_generated|lutrama13~MEMORYREGOUT
    Info (332098): From: emu:emu|quadra800:machine|wombat_cpu:cpu|ap040_core:core|ap040_regfile:regfile|altdpram:bank_a_rtl_0|dpram_8no1:auto_generated|lutrama14~CLKMUX_0  to: emu:emu|quadra800:machine|wombat_cpu:cpu|ap040_core:core|ap040_regfile:regfile|altdpram:bank_a_rtl_0|dpram_8no1:auto_generated|lutrama14~MEMORYREGOUT
    Info (332098): From: emu:emu|quadra800:machine|wombat_cpu:cpu|ap040_core:core|ap040_regfile:regfile|altdpram:bank_a_rtl_0|dpram_8no1:auto_generated|lutrama15~CLKMUX_0  to: emu:emu|quadra800:machine|wombat_cpu:cpu|ap040_core:core|ap040_regfile:regfile|altdpram:bank_a_rtl_0|dpram_8no1:auto_generated|lutrama15~MEMORYREGOUT
    Info (332098): From: emu:emu|quadra800:machine|wombat_cpu:cpu|ap040_core:core|ap040_regfile:regfile|altdpram:bank_a_rtl_0|dpram_8no1:auto_generated|lutrama16~CLKMUX_0  to: emu:emu|quadra800:machine|wombat_cpu:cpu|ap040_core:core|ap040_regfile:regfile|altdpram:bank_a_rtl_0|dpram_8no1:auto_generated|lutrama16~MEMORYREGOUT
    Info (332098): From: emu:emu|quadra800:machine|wombat_cpu:cpu|ap040_core:core|ap040_regfile:regfile|altdpram:bank_a_rtl_0|dpram_8no1:auto_generated|lutrama17~CLKMUX_0  to: emu:emu|quadra800:machine|wombat_cpu:cpu|ap040_core:core|ap040_regfile:regfile|altdpram:bank_a_rtl_0|dpram_8no1:auto_generated|lutrama17~MEMORYREGOUT
    Info (332098): From: emu:emu|quadra800:machine|wombat_cpu:cpu|ap040_core:core|ap040_regfile:regfile|altdpram:bank_a_rtl_0|dpram_8no1:auto_generated|lutrama18~CLKMUX_0  to: emu:emu|quadra800:machine|wombat_cpu:cpu|ap040_core:core|ap040_regfile:regfile|altdpram:bank_a_rtl_0|dpram_8no1:auto_generated|lutrama18~MEMORYREGOUT
    Info (332098): From: emu:emu|quadra800:machine|wombat_cpu:cpu|ap040_core:core|ap040_regfile:regfile|altdpram:bank_a_rtl_0|dpram_8no1:auto_generated|lutrama19~CLKMUX_0  to: emu:emu|quadra800:machine|wombat_cpu:cpu|ap040_core:core|ap040_regfile:regfile|altdpram:bank_a_rtl_0|dpram_8no1:auto_generated|lutrama19~MEMORYREGOUT
    Info (332098): From: emu:emu|quadra800:machine|wombat_cpu:cpu|ap040_core:core|ap040_regfile:regfile|altdpram:bank_a_rtl_0|dpram_8no1:auto_generated|lutrama1~CLKMUX_0  to: emu:emu|quadra800:machine|wombat_cpu:cpu|ap040_core:core|ap040_regfile:regfile|altdpram:bank_a_rtl_0|dpram_8no1:auto_generated|lutrama1~MEMORYREGOUT
    Info (332098): From: emu:emu|quadra800:machine|wombat_cpu:cpu|ap040_core:core|ap040_regfile:regfile|altdpram:bank_a_rtl_0|dpram_8no1:auto_generated|lutrama20~CLKMUX_0  to: emu:emu|quadra800:machine|wombat_cpu:cpu|ap040_core:core|ap040_regfile:regfile|altdpram:bank_a_rtl_0|dpram_8no1:auto_generated|lutrama20~MEMORYREGOUT
    Info (332098): From: emu:emu|quadra800:machine|wombat_cpu:cpu|ap040_core:core|ap040_regfile:regfile|altdpram:bank_a_rtl_0|dpram_8no1:auto_generated|lutrama21~CLKMUX_0  to: emu:emu|quadra800:machine|wombat_cpu:cpu|ap040_core:core|ap040_regfile:regfile|altdpram:bank_a_rtl_0|dpram_8no1:auto_generated|lutrama21~MEMORYREGOUT
    Info (332098): From: emu:emu|quadra800:machine|wombat_cpu:cpu|ap040_core:core|ap040_regfile:regfile|altdpram:bank_a_rtl_0|dpram_8no1:auto_generated|lutrama22~CLKMUX_0  to: emu:emu|quadra800:machine|wombat_cpu:cpu|ap040_core:core|ap040_regfile:regfile|altdpram:bank_a_rtl_0|dpram_8no1:auto_generated|lutrama22~MEMORYREGOUT
    Info (332098): From: emu:emu|quadra800:machine|wombat_cpu:cpu|ap040_core:core|ap040_regfile:regfile|altdpram:bank_a_rtl_0|dpram_8no1:auto_generated|lutrama23~CLKMUX_0  to: emu:emu|quadra800:machine|wombat_cpu:cpu|ap040_core:core|ap040_regfile:regfile|altdpram:bank_a_rtl_0|dpram_8no1:auto_generated|lutrama23~MEMORYREGOUT
    Info (332098): From: emu:emu|quadra800:machine|wombat_cpu:cpu|ap040_core:core|ap040_regfile:regfile|altdpram:bank_a_rtl_0|dpram_8no1:auto_generated|lutrama24~CLKMUX_0  to: emu:emu|quadra800:machine|wombat_cpu:cpu|ap040_core:core|ap040_regfile:regfile|altdpram:bank_a_rtl_0|dpram_8no1:auto_generated|lutrama24~MEMORYREGOUT
    Info (332098): From: emu:emu|quadra800:machine|wombat_cpu:cpu|ap040_core:core|ap040_regfile:regfile|altdpram:bank_a_rtl_0|dpram_8no1:auto_generated|lutrama25~CLKMUX_0  to: emu:emu|quadra800:machine|wombat_cpu:cpu|ap040_core:core|ap040_regfile:regfile|altdpram:bank_a_rtl_0|dpram_8no1:auto_generated|lutrama25~MEMORYREGOUT
    Info (332098): From: emu:emu|quadra800:machine|wombat_cpu:cpu|ap040_core:core|ap040_regfile:regfile|altdpram:bank_a_rtl_0|dpram_8no1:auto_generated|lutrama26~CLKMUX_0  to: emu:emu|quadra800:machine|wombat_cpu:cpu|ap040_core:core|ap040_regfile:regfile|altdpram:bank_a_rtl_0|dpram_8no1:auto_generated|lutrama26~MEMORYREGOUT
    Info (332098): From: emu:emu|quadra800:machine|wombat_cpu:cpu|ap040_core:core|ap040_regfile:regfile|altdpram:bank_a_rtl_0|dpram_8no1:auto_generated|lutrama27~CLKMUX_0  to: emu:emu|quadra800:machine|wombat_cpu:cpu|ap040_core:core|ap040_regfile:regfile|altdpram:bank_a_rtl_0|dpram_8no1:auto_generated|lutrama27~MEMORYREGOUT
    Info (332098): From: emu:emu|quadra800:machine|wombat_cpu:cpu|ap040_core:core|ap040_regfile:regfile|altdpram:bank_a_rtl_0|dpram_8no1:auto_generated|lutrama28~CLKMUX_0  to: emu:emu|quadra800:machine|wombat_cpu:cpu|ap040_core:core|ap040_regfile:regfile|altdpram:bank_a_rtl_0|dpram_8no1:auto_generated|lutrama28~MEMORYREGOUT
    Info (332098): From: emu:emu|quadra800:machine|wombat_cpu:cpu|ap040_core:core|ap040_regfile:regfile|altdpram:bank_a_rtl_0|dpram_8no1:auto_generated|lutrama29~CLKMUX_0  to: emu:emu|quadra800:machine|wombat_cpu:cpu|ap040_core:core|ap040_regfile:regfile|altdpram:bank_a_rtl_0|dpram_8no1:auto_generated|lutrama29~MEMORYREGOUT
    Info (332098): From: emu:emu|quadra800:machine|wombat_cpu:cpu|ap040_core:core|ap040_regfile:regfile|altdpram:bank_a_rtl_0|dpram_8no1:auto_generated|lutrama2~CLKMUX_0  to: emu:emu|quadra800:machine|wombat_cpu:cpu|ap040_core:core|ap040_regfile:regfile|altdpram:bank_a_rtl_0|dpram_8no1:auto_generated|lutrama2~MEMORYREGOUT
    Info (332098): From: emu:emu|quadra800:machine|wombat_cpu:cpu|ap040_core:core|ap040_regfile:regfile|altdpram:bank_a_rtl_0|dpram_8no1:auto_generated|lutrama30~CLKMUX_0  to: emu:emu|quadra800:machine|wombat_cpu:cpu|ap040_core:core|ap040_regfile:regfile|altdpram:bank_a_rtl_0|dpram_8no1:auto_generated|lutrama30~MEMORYREGOUT
    Info (332098): From: emu:emu|quadra800:machine|wombat_cpu:cpu|ap040_core:core|ap040_regfile:regfile|altdpram:bank_a_rtl_0|dpram_8no1:auto_generated|lutrama31~CLKMUX_0  to: emu:emu|quadra800:machine|wombat_cpu:cpu|ap040_core:core|ap040_regfile:regfile|altdpram:bank_a_rtl_0|dpram_8no1:auto_generated|lutrama31~MEMORYREGOUT
    Info (332098): From: emu:emu|quadra800:machine|wombat_cpu:cpu|ap040_core:core|ap040_regfile:regfile|altdpram:bank_a_rtl_0|dpram_8no1:auto_generated|lutrama3~CLKMUX_0  to: emu:emu|quadra800:machine|wombat_cpu:cpu|ap040_core:core|ap040_regfile:regfile|altdpram:bank_a_rtl_0|dpram_8no1:auto_generated|lutrama3~MEMORYREGOUT
    Info (332098): From: emu:emu|quadra800:machine|wombat_cpu:cpu|ap040_core:core|ap040_regfile:regfile|altdpram:bank_a_rtl_0|dpram_8no1:auto_generated|lutrama4~CLKMUX_0  to: emu:emu|quadra800:machine|wombat_cpu:cpu|ap040_core:core|ap040_regfile:regfile|altdpram:bank_a_rtl_0|dpram_8no1:auto_generated|lutrama4~MEMORYREGOUT
    Info (332098): From: emu:emu|quadra800:machine|wombat_cpu:cpu|ap040_core:core|ap040_regfile:regfile|altdpram:bank_a_rtl_0|dpram_8no1:auto_generated|lutrama5~CLKMUX_0  to: emu:emu|quadra800:machine|wombat_cpu:cpu|ap040_core:core|ap040_regfile:regfile|altdpram:bank_a_rtl_0|dpram_8no1:auto_generated|lutrama5~MEMORYREGOUT
    Info (332098): From: emu:emu|quadra800:machine|wombat_cpu:cpu|ap040_core:core|ap040_regfile:regfile|altdpram:bank_a_rtl_0|dpram_8no1:auto_generated|lutrama6~CLKMUX_0  to: emu:emu|quadra800:machine|wombat_cpu:cpu|ap040_core:core|ap040_regfile:regfile|altdpram:bank_a_rtl_0|dpram_8no1:auto_generated|lutrama6~MEMORYREGOUT
    Info (332098): From: emu:emu|quadra800:machine|wombat_cpu:cpu|ap040_core:core|ap040_regfile:regfile|altdpram:bank_a_rtl_0|dpram_8no1:auto_generated|lutrama7~CLKMUX_0  to: emu:emu|quadra800:machine|wombat_cpu:cpu|ap040_core:core|ap040_regfile:regfile|altdpram:bank_a_rtl_0|dpram_8no1:auto_generated|lutrama7~MEMORYREGOUT
    Info (332098): From: emu:emu|quadra800:machine|wombat_cpu:cpu|ap040_core:core|ap040_regfile:regfile|altdpram:bank_a_rtl_0|dpram_8no1:auto_generated|lutrama8~CLKMUX_0  to: emu:emu|quadra800:machine|wombat_cpu:cpu|ap040_core:core|ap040_regfile:regfile|altdpram:bank_a_rtl_0|dpram_8no1:auto_generated|lutrama8~MEMORYREGOUT
    Info (332098): From: emu:emu|quadra800:machine|wombat_cpu:cpu|ap040_core:core|ap040_regfile:regfile|altdpram:bank_a_rtl_0|dpram_8no1:auto_generated|lutrama9~CLKMUX_0  to: emu:emu|quadra800:machine|wombat_cpu:cpu|ap040_core:core|ap040_regfile:regfile|altdpram:bank_a_rtl_0|dpram_8no1:auto_generated|lutrama9~MEMORYREGOUT
    Info (332098): From: emu:emu|quadra800:machine|wombat_cpu:cpu|ap040_core:core|ap040_regfile:regfile|altdpram:bank_b_rtl_0|dpram_8no1:auto_generated|lutrama0~CLKMUX_0  to: emu:emu|quadra800:machine|wombat_cpu:cpu|ap040_core:core|ap040_regfile:regfile|altdpram:bank_b_rtl_0|dpram_8no1:auto_generated|lutrama0~MEMORYREGOUT
    Info (332098): From: emu:emu|quadra800:machine|wombat_cpu:cpu|ap040_core:core|ap040_regfile:regfile|altdpram:bank_b_rtl_0|dpram_8no1:auto_generated|lutrama10~CLKMUX_0  to: emu:emu|quadra800:machine|wombat_cpu:cpu|ap040_core:core|ap040_regfile:regfile|altdpram:bank_b_rtl_0|dpram_8no1:auto_generated|lutrama10~MEMORYREGOUT
    Info (332098): From: emu:emu|quadra800:machine|wombat_cpu:cpu|ap040_core:core|ap040_regfile:regfile|altdpram:bank_b_rtl_0|dpram_8no1:auto_generated|lutrama11~CLKMUX_0  to: emu:emu|quadra800:machine|wombat_cpu:cpu|ap040_core:core|ap040_regfile:regfile|altdpram:bank_b_rtl_0|dpram_8no1:auto_generated|lutrama11~MEMORYREGOUT
    Info (332098): From: emu:emu|quadra800:machine|wombat_cpu:cpu|ap040_core:core|ap040_regfile:regfile|altdpram:bank_b_rtl_0|dpram_8no1:auto_generated|lutrama12~CLKMUX_0  to: emu:emu|quadra800:machine|wombat_cpu:cpu|ap040_core:core|ap040_regfile:regfile|altdpram:bank_b_rtl_0|dpram_8no1:auto_generated|lutrama12~MEMORYREGOUT
    Info (332098): From: emu:emu|quadra800:machine|wombat_cpu:cpu|ap040_core:core|ap040_regfile:regfile|altdpram:bank_b_rtl_0|dpram_8no1:auto_generated|lutrama13~CLKMUX_0  to: emu:emu|quadra800:machine|wombat_cpu:cpu|ap040_core:core|ap040_regfile:regfile|altdpram:bank_b_rtl_0|dpram_8no1:auto_generated|lutrama13~MEMORYREGOUT
    Info (332098): From: emu:emu|quadra800:machine|wombat_cpu:cpu|ap040_core:core|ap040_regfile:regfile|altdpram:bank_b_rtl_0|dpram_8no1:auto_generated|lutrama14~CLKMUX_0  to: emu:emu|quadra800:machine|wombat_cpu:cpu|ap040_core:core|ap040_regfile:regfile|altdpram:bank_b_rtl_0|dpram_8no1:auto_generated|lutrama14~MEMORYREGOUT
    Info (332098): From: emu:emu|quadra800:machine|wombat_cpu:cpu|ap040_core:core|ap040_regfile:regfile|altdpram:bank_b_rtl_0|dpram_8no1:auto_generated|lutrama15~CLKMUX_0  to: emu:emu|quadra800:machine|wombat_cpu:cpu|ap040_core:core|ap040_regfile:regfile|altdpram:bank_b_rtl_0|dpram_8no1:auto_generated|lutrama15~MEMORYREGOUT
    Info (332098): From: emu:emu|quadra800:machine|wombat_cpu:cpu|ap040_core:core|ap040_regfile:regfile|altdpram:bank_b_rtl_0|dpram_8no1:auto_generated|lutrama16~CLKMUX_0  to: emu:emu|quadra800:machine|wombat_cpu:cpu|ap040_core:core|ap040_regfile:regfile|altdpram:bank_b_rtl_0|dpram_8no1:auto_generated|lutrama16~MEMORYREGOUT
    Info (332098): From: emu:emu|quadra800:machine|wombat_cpu:cpu|ap040_core:core|ap040_regfile:regfile|altdpram:bank_b_rtl_0|dpram_8no1:auto_generated|lutrama17~CLKMUX_0  to: emu:emu|quadra800:machine|wombat_cpu:cpu|ap040_core:core|ap040_regfile:regfile|altdpram:bank_b_rtl_0|dpram_8no1:auto_generated|lutrama17~MEMORYREGOUT
    Info (332098): From: emu:emu|quadra800:machine|wombat_cpu:cpu|ap040_core:core|ap040_regfile:regfile|altdpram:bank_b_rtl_0|dpram_8no1:auto_generated|lutrama18~CLKMUX_0  to: emu:emu|quadra800:machine|wombat_cpu:cpu|ap040_core:core|ap040_regfile:regfile|altdpram:bank_b_rtl_0|dpram_8no1:auto_generated|lutrama18~MEMORYREGOUT
    Info (332098): From: emu:emu|quadra800:machine|wombat_cpu:cpu|ap040_core:core|ap040_regfile:regfile|altdpram:bank_b_rtl_0|dpram_8no1:auto_generated|lutrama19~CLKMUX_0  to: emu:emu|quadra800:machine|wombat_cpu:cpu|ap040_core:core|ap040_regfile:regfile|altdpram:bank_b_rtl_0|dpram_8no1:auto_generated|lutrama19~MEMORYREGOUT
    Info (332098): From: emu:emu|quadra800:machine|wombat_cpu:cpu|ap040_core:core|ap040_regfile:regfile|altdpram:bank_b_rtl_0|dpram_8no1:auto_generated|lutrama1~CLKMUX_0  to: emu:emu|quadra800:machine|wombat_cpu:cpu|ap040_core:core|ap040_regfile:regfile|altdpram:bank_b_rtl_0|dpram_8no1:auto_generated|lutrama1~MEMORYREGOUT
    Info (332098): From: emu:emu|quadra800:machine|wombat_cpu:cpu|ap040_core:core|ap040_regfile:regfile|altdpram:bank_b_rtl_0|dpram_8no1:auto_generated|lutrama20~CLKMUX_0  to: emu:emu|quadra800:machine|wombat_cpu:cpu|ap040_core:core|ap040_regfile:regfile|altdpram:bank_b_rtl_0|dpram_8no1:auto_generated|lutrama20~MEMORYREGOUT
    Info (332098): From: emu:emu|quadra800:machine|wombat_cpu:cpu|ap040_core:core|ap040_regfile:regfile|altdpram:bank_b_rtl_0|dpram_8no1:auto_generated|lutrama21~CLKMUX_0  to: emu:emu|quadra800:machine|wombat_cpu:cpu|ap040_core:core|ap040_regfile:regfile|altdpram:bank_b_rtl_0|dpram_8no1:auto_generated|lutrama21~MEMORYREGOUT
    Info (332098): From: emu:emu|quadra800:machine|wombat_cpu:cpu|ap040_core:core|ap040_regfile:regfile|altdpram:bank_b_rtl_0|dpram_8no1:auto_generated|lutrama22~CLKMUX_0  to: emu:emu|quadra800:machine|wombat_cpu:cpu|ap040_core:core|ap040_regfile:regfile|altdpram:bank_b_rtl_0|dpram_8no1:auto_generated|lutrama22~MEMORYREGOUT
    Info (332098): From: emu:emu|quadra800:machine|wombat_cpu:cpu|ap040_core:core|ap040_regfile:regfile|altdpram:bank_b_rtl_0|dpram_8no1:auto_generated|lutrama23~CLKMUX_0  to: emu:emu|quadra800:machine|wombat_cpu:cpu|ap040_core:core|ap040_regfile:regfile|altdpram:bank_b_rtl_0|dpram_8no1:auto_generated|lutrama23~MEMORYREGOUT
    Info (332098): From: emu:emu|quadra800:machine|wombat_cpu:cpu|ap040_core:core|ap040_regfile:regfile|altdpram:bank_b_rtl_0|dpram_8no1:auto_generated|lutrama24~CLKMUX_0  to: emu:emu|quadra800:machine|wombat_cpu:cpu|ap040_core:core|ap040_regfile:regfile|altdpram:bank_b_rtl_0|dpram_8no1:auto_generated|lutrama24~MEMORYREGOUT
    Info (332098): From: emu:emu|quadra800:machine|wombat_cpu:cpu|ap040_core:core|ap040_regfile:regfile|altdpram:bank_b_rtl_0|dpram_8no1:auto_generated|lutrama25~CLKMUX_0  to: emu:emu|quadra800:machine|wombat_cpu:cpu|ap040_core:core|ap040_regfile:regfile|altdpram:bank_b_rtl_0|dpram_8no1:auto_generated|lutrama25~MEMORYREGOUT
    Info (332098): From: emu:emu|quadra800:machine|wombat_cpu:cpu|ap040_core:core|ap040_regfile:regfile|altdpram:bank_b_rtl_0|dpram_8no1:auto_generated|lutrama26~CLKMUX_0  to: emu:emu|quadra800:machine|wombat_cpu:cpu|ap040_core:core|ap040_regfile:regfile|altdpram:bank_b_rtl_0|dpram_8no1:auto_generated|lutrama26~MEMORYREGOUT
    Info (332098): From: emu:emu|quadra800:machine|wombat_cpu:cpu|ap040_core:core|ap040_regfile:regfile|altdpram:bank_b_rtl_0|dpram_8no1:auto_generated|lutrama27~CLKMUX_0  to: emu:emu|quadra800:machine|wombat_cpu:cpu|ap040_core:core|ap040_regfile:regfile|altdpram:bank_b_rtl_0|dpram_8no1:auto_generated|lutrama27~MEMORYREGOUT
    Info (332098): From: emu:emu|quadra800:machine|wombat_cpu:cpu|ap040_core:core|ap040_regfile:regfile|altdpram:bank_b_rtl_0|dpram_8no1:auto_generated|lutrama28~CLKMUX_0  to: emu:emu|quadra800:machine|wombat_cpu:cpu|ap040_core:core|ap040_regfile:regfile|altdpram:bank_b_rtl_0|dpram_8no1:auto_generated|lutrama28~MEMORYREGOUT
    Info (332098): From: emu:emu|quadra800:machine|wombat_cpu:cpu|ap040_core:core|ap040_regfile:regfile|altdpram:bank_b_rtl_0|dpram_8no1:auto_generated|lutrama29~CLKMUX_0  to: emu:emu|quadra800:machine|wombat_cpu:cpu|ap040_core:core|ap040_regfile:regfile|altdpram:bank_b_rtl_0|dpram_8no1:auto_generated|lutrama29~MEMORYREGOUT
    Info (332098): From: emu:emu|quadra800:machine|wombat_cpu:cpu|ap040_core:core|ap040_regfile:regfile|altdpram:bank_b_rtl_0|dpram_8no1:auto_generated|lutrama2~CLKMUX_0  to: emu:emu|quadra800:machine|wombat_cpu:cpu|ap040_core:core|ap040_regfile:regfile|altdpram:bank_b_rtl_0|dpram_8no1:auto_generated|lutrama2~MEMORYREGOUT
    Info (332098): From: emu:emu|quadra800:machine|wombat_cpu:cpu|ap040_core:core|ap040_regfile:regfile|altdpram:bank_b_rtl_0|dpram_8no1:auto_generated|lutrama30~CLKMUX_0  to: emu:emu|quadra800:machine|wombat_cpu:cpu|ap040_core:core|ap040_regfile:regfile|altdpram:bank_b_rtl_0|dpram_8no1:auto_generated|lutrama30~MEMORYREGOUT
    Info (332098): From: emu:emu|quadra800:machine|wombat_cpu:cpu|ap040_core:core|ap040_regfile:regfile|altdpram:bank_b_rtl_0|dpram_8no1:auto_generated|lutrama31~CLKMUX_0  to: emu:emu|quadra800:machine|wombat_cpu:cpu|ap040_core:core|ap040_regfile:regfile|altdpram:bank_b_rtl_0|dpram_8no1:auto_generated|lutrama31~MEMORYREGOUT
    Info (332098): From: emu:emu|quadra800:machine|wombat_cpu:cpu|ap040_core:core|ap040_regfile:regfile|altdpram:bank_b_rtl_0|dpram_8no1:auto_generated|lutrama3~CLKMUX_0  to: emu:emu|quadra800:machine|wombat_cpu:cpu|ap040_core:core|ap040_regfile:regfile|altdpram:bank_b_rtl_0|dpram_8no1:auto_generated|lutrama3~MEMORYREGOUT
    Info (332098): From: emu:emu|quadra800:machine|wombat_cpu:cpu|ap040_core:core|ap040_regfile:regfile|altdpram:bank_b_rtl_0|dpram_8no1:auto_generated|lutrama4~CLKMUX_0  to: emu:emu|quadra800:machine|wombat_cpu:cpu|ap040_core:core|ap040_regfile:regfile|altdpram:bank_b_rtl_0|dpram_8no1:auto_generated|lutrama4~MEMORYREGOUT
    Info (332098): From: emu:emu|quadra800:machine|wombat_cpu:cpu|ap040_core:core|ap040_regfile:regfile|altdpram:bank_b_rtl_0|dpram_8no1:auto_generated|lutrama5~CLKMUX_0  to: emu:emu|quadra800:machine|wombat_cpu:cpu|ap040_core:core|ap040_regfile:regfile|altdpram:bank_b_rtl_0|dpram_8no1:auto_generated|lutrama5~MEMORYREGOUT
    Info (332098): From: emu:emu|quadra800:machine|wombat_cpu:cpu|ap040_core:core|ap040_regfile:regfile|altdpram:bank_b_rtl_0|dpram_8no1:auto_generated|lutrama6~CLKMUX_0  to: emu:emu|quadra800:machine|wombat_cpu:cpu|ap040_core:core|ap040_regfile:regfile|altdpram:bank_b_rtl_0|dpram_8no1:auto_generated|lutrama6~MEMORYREGOUT
    Info (332098): From: emu:emu|quadra800:machine|wombat_cpu:cpu|ap040_core:core|ap040_regfile:regfile|altdpram:bank_b_rtl_0|dpram_8no1:auto_generated|lutrama7~CLKMUX_0  to: emu:emu|quadra800:machine|wombat_cpu:cpu|ap040_core:core|ap040_regfile:regfile|altdpram:bank_b_rtl_0|dpram_8no1:auto_generated|lutrama7~MEMORYREGOUT
    Info (332098): From: emu:emu|quadra800:machine|wombat_cpu:cpu|ap040_core:core|ap040_regfile:regfile|altdpram:bank_b_rtl_0|dpram_8no1:auto_generated|lutrama8~CLKMUX_0  to: emu:emu|quadra800:machine|wombat_cpu:cpu|ap040_core:core|ap040_regfile:regfile|altdpram:bank_b_rtl_0|dpram_8no1:auto_generated|lutrama8~MEMORYREGOUT
    Info (332098): From: emu:emu|quadra800:machine|wombat_cpu:cpu|ap040_core:core|ap040_regfile:regfile|altdpram:bank_b_rtl_0|dpram_8no1:auto_generated|lutrama9~CLKMUX_0  to: emu:emu|quadra800:machine|wombat_cpu:cpu|ap040_core:core|ap040_regfile:regfile|altdpram:bank_b_rtl_0|dpram_8no1:auto_generated|lutrama9~MEMORYREGOUT
    Info (332098): From: emu:emu|quadra800:machine|wombat_cpu:cpu|ap040_core:core|ap040_regfile:regfile|altdpram:bank_f_rtl_0|dpram_h8o1:auto_generated|lutrama0~CLKMUX_0  to: emu:emu|quadra800:machine|wombat_cpu:cpu|ap040_core:core|ap040_regfile:regfile|altdpram:bank_f_rtl_0|dpram_h8o1:auto_generated|lutrama0~MEMORYREGOUT
    Info (332098): From: emu:emu|quadra800:machine|wombat_cpu:cpu|ap040_core:core|ap040_regfile:regfile|altdpram:bank_f_rtl_0|dpram_h8o1:auto_generated|lutrama10~CLKMUX_0  to: emu:emu|quadra800:machine|wombat_cpu:cpu|ap040_core:core|ap040_regfile:regfile|altdpram:bank_f_rtl_0|dpram_h8o1:auto_generated|lutrama10~MEMORYREGOUT
    Info (332098): From: emu:emu|quadra800:machine|wombat_cpu:cpu|ap040_core:core|ap040_regfile:regfile|altdpram:bank_f_rtl_0|dpram_h8o1:auto_generated|lutrama11~CLKMUX_0  to: emu:emu|quadra800:machine|wombat_cpu:cpu|ap040_core:core|ap040_regfile:regfile|altdpram:bank_f_rtl_0|dpram_h8o1:auto_generated|lutrama11~MEMORYREGOUT
    Info (332098): From: emu:emu|quadra800:machine|wombat_cpu:cpu|ap040_core:core|ap040_regfile:regfile|altdpram:bank_f_rtl_0|dpram_h8o1:auto_generated|lutrama12~CLKMUX_0  to: emu:emu|quadra800:machine|wombat_cpu:cpu|ap040_core:core|ap040_regfile:regfile|altdpram:bank_f_rtl_0|dpram_h8o1:auto_generated|lutrama12~MEMORYREGOUT
    Info (332098): From: emu:emu|quadra800:machine|wombat_cpu:cpu|ap040_core:core|ap040_regfile:regfile|altdpram:bank_f_rtl_0|dpram_h8o1:auto_generated|lutrama13~CLKMUX_0  to: emu:emu|quadra800:machine|wombat_cpu:cpu|ap040_core:core|ap040_regfile:regfile|altdpram:bank_f_rtl_0|dpram_h8o1:auto_generated|lutrama13~MEMORYREGOUT
    Info (332098): From: emu:emu|quadra800:machine|wombat_cpu:cpu|ap040_core:core|ap040_regfile:regfile|altdpram:bank_f_rtl_0|dpram_h8o1:auto_generated|lutrama14~CLKMUX_0  to: emu:emu|quadra800:machine|wombat_cpu:cpu|ap040_core:core|ap040_regfile:regfile|altdpram:bank_f_rtl_0|dpram_h8o1:auto_generated|lutrama14~MEMORYREGOUT
    Info (332098): From: emu:emu|quadra800:machine|wombat_cpu:cpu|ap040_core:core|ap040_regfile:regfile|altdpram:bank_f_rtl_0|dpram_h8o1:auto_generated|lutrama15~CLKMUX_0  to: emu:emu|quadra800:machine|wombat_cpu:cpu|ap040_core:core|ap040_regfile:regfile|altdpram:bank_f_rtl_0|dpram_h8o1:auto_generated|lutrama15~MEMORYREGOUT
    Info (332098): From: emu:emu|quadra800:machine|wombat_cpu:cpu|ap040_core:core|ap040_regfile:regfile|altdpram:bank_f_rtl_0|dpram_h8o1:auto_generated|lutrama16~CLKMUX_0  to: emu:emu|quadra800:machine|wombat_cpu:cpu|ap040_core:core|ap040_regfile:regfile|altdpram:bank_f_rtl_0|dpram_h8o1:auto_generated|lutrama16~MEMORYREGOUT
    Info (332098): From: emu:emu|quadra800:machine|wombat_cpu:cpu|ap040_core:core|ap040_regfile:regfile|altdpram:bank_f_rtl_0|dpram_h8o1:auto_generated|lutrama17~CLKMUX_0  to: emu:emu|quadra800:machine|wombat_cpu:cpu|ap040_core:core|ap040_regfile:regfile|altdpram:bank_f_rtl_0|dpram_h8o1:auto_generated|lutrama17~MEMORYREGOUT
    Info (332098): From: emu:emu|quadra800:machine|wombat_cpu:cpu|ap040_core:core|ap040_regfile:regfile|altdpram:bank_f_rtl_0|dpram_h8o1:auto_generated|lutrama18~CLKMUX_0  to: emu:emu|quadra800:machine|wombat_cpu:cpu|ap040_core:core|ap040_regfile:regfile|altdpram:bank_f_rtl_0|dpram_h8o1:auto_generated|lutrama18~MEMORYREGOUT
    Info (332098): From: emu:emu|quadra800:machine|wombat_cpu:cpu|ap040_core:core|ap040_regfile:regfile|altdpram:bank_f_rtl_0|dpram_h8o1:auto_generated|lutrama19~CLKMUX_0  to: emu:emu|quadra800:machine|wombat_cpu:cpu|ap040_core:core|ap040_regfile:regfile|altdpram:bank_f_rtl_0|dpram_h8o1:auto_generated|lutrama19~MEMORYREGOUT
    Info (332098): From: emu:emu|quadra800:machine|wombat_cpu:cpu|ap040_core:core|ap040_regfile:regfile|altdpram:bank_f_rtl_0|dpram_h8o1:auto_generated|lutrama1~CLKMUX_0  to: emu:emu|quadra800:machine|wombat_cpu:cpu|ap040_core:core|ap040_regfile:regfile|altdpram:bank_f_rtl_0|dpram_h8o1:auto_generated|lutrama1~MEMORYREGOUT
    Info (332098): From: emu:emu|quadra800:machine|wombat_cpu:cpu|ap040_core:core|ap040_regfile:regfile|altdpram:bank_f_rtl_0|dpram_h8o1:auto_generated|lutrama20~CLKMUX_0  to: emu:emu|quadra800:machine|wombat_cpu:cpu|ap040_core:core|ap040_regfile:regfile|altdpram:bank_f_rtl_0|dpram_h8o1:auto_generated|lutrama20~MEMORYREGOUT
    Info (332098): From: emu:emu|quadra800:machine|wombat_cpu:cpu|ap040_core:core|ap040_regfile:regfile|altdpram:bank_f_rtl_0|dpram_h8o1:auto_generated|lutrama21~CLKMUX_0  to: emu:emu|quadra800:machine|wombat_cpu:cpu|ap040_core:core|ap040_regfile:regfile|altdpram:bank_f_rtl_0|dpram_h8o1:auto_generated|lutrama21~MEMORYREGOUT
    Info (332098): From: emu:emu|quadra800:machine|wombat_cpu:cpu|ap040_core:core|ap040_regfile:regfile|altdpram:bank_f_rtl_0|dpram_h8o1:auto_generated|lutrama22~CLKMUX_0  to: emu:emu|quadra800:machine|wombat_cpu:cpu|ap040_core:core|ap040_regfile:regfile|altdpram:bank_f_rtl_0|dpram_h8o1:auto_generated|lutrama22~MEMORYREGOUT
    Info (332098): From: emu:emu|quadra800:machine|wombat_cpu:cpu|ap040_core:core|ap040_regfile:regfile|altdpram:bank_f_rtl_0|dpram_h8o1:auto_generated|lutrama23~CLKMUX_0  to: emu:emu|quadra800:machine|wombat_cpu:cpu|ap040_core:core|ap040_regfile:regfile|altdpram:bank_f_rtl_0|dpram_h8o1:auto_generated|lutrama23~MEMORYREGOUT
    Info (332098): From: emu:emu|quadra800:machine|wombat_cpu:cpu|ap040_core:core|ap040_regfile:regfile|altdpram:bank_f_rtl_0|dpram_h8o1:auto_generated|lutrama24~CLKMUX_0  to: emu:emu|quadra800:machine|wombat_cpu:cpu|ap040_core:core|ap040_regfile:regfile|altdpram:bank_f_rtl_0|dpram_h8o1:auto_generated|lutrama24~MEMORYREGOUT
    Info (332098): From: emu:emu|quadra800:machine|wombat_cpu:cpu|ap040_core:core|ap040_regfile:regfile|altdpram:bank_f_rtl_0|dpram_h8o1:auto_generated|lutrama25~CLKMUX_0  to: emu:emu|quadra800:machine|wombat_cpu:cpu|ap040_core:core|ap040_regfile:regfile|altdpram:bank_f_rtl_0|dpram_h8o1:auto_generated|lutrama25~MEMORYREGOUT
    Info (332098): From: emu:emu|quadra800:machine|wombat_cpu:cpu|ap040_core:core|ap040_regfile:regfile|altdpram:bank_f_rtl_0|dpram_h8o1:auto_generated|lutrama26~CLKMUX_0  to: emu:emu|quadra800:machine|wombat_cpu:cpu|ap040_core:core|ap040_regfile:regfile|altdpram:bank_f_rtl_0|dpram_h8o1:auto_generated|lutrama26~MEMORYREGOUT
    Info (332098): From: emu:emu|quadra800:machine|wombat_cpu:cpu|ap040_core:core|ap040_regfile:regfile|altdpram:bank_f_rtl_0|dpram_h8o1:auto_generated|lutrama27~CLKMUX_0  to: emu:emu|quadra800:machine|wombat_cpu:cpu|ap040_core:core|ap040_regfile:regfile|altdpram:bank_f_rtl_0|dpram_h8o1:auto_generated|lutrama27~MEMORYREGOUT
    Info (332098): From: emu:emu|quadra800:machine|wombat_cpu:cpu|ap040_core:core|ap040_regfile:regfile|altdpram:bank_f_rtl_0|dpram_h8o1:auto_generated|lutrama28~CLKMUX_0  to: emu:emu|quadra800:machine|wombat_cpu:cpu|ap040_core:core|ap040_regfile:regfile|altdpram:bank_f_rtl_0|dpram_h8o1:auto_generated|lutrama28~MEMORYREGOUT
    Info (332098): From: emu:emu|quadra800:machine|wombat_cpu:cpu|ap040_core:core|ap040_regfile:regfile|altdpram:bank_f_rtl_0|dpram_h8o1:auto_generated|lutrama29~CLKMUX_0  to: emu:emu|quadra800:machine|wombat_cpu:cpu|ap040_core:core|ap040_regfile:regfile|altdpram:bank_f_rtl_0|dpram_h8o1:auto_generated|lutrama29~MEMORYREGOUT
    Info (332098): From: emu:emu|quadra800:machine|wombat_cpu:cpu|ap040_core:core|ap040_regfile:regfile|altdpram:bank_f_rtl_0|dpram_h8o1:auto_generated|lutrama2~CLKMUX_0  to: emu:emu|quadra800:machine|wombat_cpu:cpu|ap040_core:core|ap040_regfile:regfile|altdpram:bank_f_rtl_0|dpram_h8o1:auto_generated|lutrama2~MEMORYREGOUT
    Info (332098): From: emu:emu|quadra800:machine|wombat_cpu:cpu|ap040_core:core|ap040_regfile:regfile|altdpram:bank_f_rtl_0|dpram_h8o1:auto_generated|lutrama30~CLKMUX_0  to: emu:emu|quadra800:machine|wombat_cpu:cpu|ap040_core:core|ap040_regfile:regfile|altdpram:bank_f_rtl_0|dpram_h8o1:auto_generated|lutrama30~MEMORYREGOUT
    Info (332098): From: emu:emu|quadra800:machine|wombat_cpu:cpu|ap040_core:core|ap040_regfile:regfile|altdpram:bank_f_rtl_0|dpram_h8o1:auto_generated|lutrama31~CLKMUX_0  to: emu:emu|quadra800:machine|wombat_cpu:cpu|ap040_core:core|ap040_regfile:regfile|altdpram:bank_f_rtl_0|dpram_h8o1:auto_generated|lutrama31~MEMORYREGOUT
    Info (332098): From: emu:emu|quadra800:machine|wombat_cpu:cpu|ap040_core:core|ap040_regfile:regfile|altdpram:bank_f_rtl_0|dpram_h8o1:auto_generated|lutrama3~CLKMUX_0  to: emu:emu|quadra800:machine|wombat_cpu:cpu|ap040_core:core|ap040_regfile:regfile|altdpram:bank_f_rtl_0|dpram_h8o1:auto_generated|lutrama3~MEMORYREGOUT
    Info (332098): From: emu:emu|quadra800:machine|wombat_cpu:cpu|ap040_core:core|ap040_regfile:regfile|altdpram:bank_f_rtl_0|dpram_h8o1:auto_generated|lutrama4~CLKMUX_0  to: emu:emu|quadra800:machine|wombat_cpu:cpu|ap040_core:core|ap040_regfile:regfile|altdpram:bank_f_rtl_0|dpram_h8o1:auto_generated|lutrama4~MEMORYREGOUT
    Info (332098): From: emu:emu|quadra800:machine|wombat_cpu:cpu|ap040_core:core|ap040_regfile:regfile|altdpram:bank_f_rtl_0|dpram_h8o1:auto_generated|lutrama5~CLKMUX_0  to: emu:emu|quadra800:machine|wombat_cpu:cpu|ap040_core:core|ap040_regfile:regfile|altdpram:bank_f_rtl_0|dpram_h8o1:auto_generated|lutrama5~MEMORYREGOUT
    Info (332098): From: emu:emu|quadra800:machine|wombat_cpu:cpu|ap040_core:core|ap040_regfile:regfile|altdpram:bank_f_rtl_0|dpram_h8o1:auto_generated|lutrama6~CLKMUX_0  to: emu:emu|quadra800:machine|wombat_cpu:cpu|ap040_core:core|ap040_regfile:regfile|altdpram:bank_f_rtl_0|dpram_h8o1:auto_generated|lutrama6~MEMORYREGOUT
    Info (332098): From: emu:emu|quadra800:machine|wombat_cpu:cpu|ap040_core:core|ap040_regfile:regfile|altdpram:bank_f_rtl_0|dpram_h8o1:auto_generated|lutrama7~CLKMUX_0  to: emu:emu|quadra800:machine|wombat_cpu:cpu|ap040_core:core|ap040_regfile:regfile|altdpram:bank_f_rtl_0|dpram_h8o1:auto_generated|lutrama7~MEMORYREGOUT
    Info (332098): From: emu:emu|quadra800:machine|wombat_cpu:cpu|ap040_core:core|ap040_regfile:regfile|altdpram:bank_f_rtl_0|dpram_h8o1:auto_generated|lutrama8~CLKMUX_0  to: emu:emu|quadra800:machine|wombat_cpu:cpu|ap040_core:core|ap040_regfile:regfile|altdpram:bank_f_rtl_0|dpram_h8o1:auto_generated|lutrama8~MEMORYREGOUT
    Info (332098): From: emu:emu|quadra800:machine|wombat_cpu:cpu|ap040_core:core|ap040_regfile:regfile|altdpram:bank_f_rtl_0|dpram_h8o1:auto_generated|lutrama9~CLKMUX_0  to: emu:emu|quadra800:machine|wombat_cpu:cpu|ap040_core:core|ap040_regfile:regfile|altdpram:bank_f_rtl_0|dpram_h8o1:auto_generated|lutrama9~MEMORYREGOUT
    Info (332098): From: emu:emu|sdram_beat32:sdr|altdpram:wq_mem|dpram_9fq1:auto_generated|lutrama0~CLKMUX_0  to: emu:emu|sdram_beat32:sdr|altdpram:wq_mem|dpram_9fq1:auto_generated|lutrama0~MEMORYREGOUT
    Info (332098): From: emu:emu|sdram_beat32:sdr|altdpram:wq_mem|dpram_9fq1:auto_generated|lutrama10~CLKMUX_0  to: emu:emu|sdram_beat32:sdr|altdpram:wq_mem|dpram_9fq1:auto_generated|lutrama10~MEMORYREGOUT
    Info (332098): From: emu:emu|sdram_beat32:sdr|altdpram:wq_mem|dpram_9fq1:auto_generated|lutrama11~CLKMUX_0  to: emu:emu|sdram_beat32:sdr|altdpram:wq_mem|dpram_9fq1:auto_generated|lutrama11~MEMORYREGOUT
    Info (332098): From: emu:emu|sdram_beat32:sdr|altdpram:wq_mem|dpram_9fq1:auto_generated|lutrama12~CLKMUX_0  to: emu:emu|sdram_beat32:sdr|altdpram:wq_mem|dpram_9fq1:auto_generated|lutrama12~MEMORYREGOUT
    Info (332098): From: emu:emu|sdram_beat32:sdr|altdpram:wq_mem|dpram_9fq1:auto_generated|lutrama13~CLKMUX_0  to: emu:emu|sdram_beat32:sdr|altdpram:wq_mem|dpram_9fq1:auto_generated|lutrama13~MEMORYREGOUT
    Info (332098): From: emu:emu|sdram_beat32:sdr|altdpram:wq_mem|dpram_9fq1:auto_generated|lutrama14~CLKMUX_0  to: emu:emu|sdram_beat32:sdr|altdpram:wq_mem|dpram_9fq1:auto_generated|lutrama14~MEMORYREGOUT
    Info (332098): From: emu:emu|sdram_beat32:sdr|altdpram:wq_mem|dpram_9fq1:auto_generated|lutrama15~CLKMUX_0  to: emu:emu|sdram_beat32:sdr|altdpram:wq_mem|dpram_9fq1:auto_generated|lutrama15~MEMORYREGOUT
    Info (332098): From: emu:emu|sdram_beat32:sdr|altdpram:wq_mem|dpram_9fq1:auto_generated|lutrama16~CLKMUX_0  to: emu:emu|sdram_beat32:sdr|altdpram:wq_mem|dpram_9fq1:auto_generated|lutrama16~MEMORYREGOUT
    Info (332098): From: emu:emu|sdram_beat32:sdr|altdpram:wq_mem|dpram_9fq1:auto_generated|lutrama17~CLKMUX_0  to: emu:emu|sdram_beat32:sdr|altdpram:wq_mem|dpram_9fq1:auto_generated|lutrama17~MEMORYREGOUT
    Info (332098): From: emu:emu|sdram_beat32:sdr|altdpram:wq_mem|dpram_9fq1:auto_generated|lutrama18~CLKMUX_0  to: emu:emu|sdram_beat32:sdr|altdpram:wq_mem|dpram_9fq1:auto_generated|lutrama18~MEMORYREGOUT
    Info (332098): From: emu:emu|sdram_beat32:sdr|altdpram:wq_mem|dpram_9fq1:auto_generated|lutrama19~CLKMUX_0  to: emu:emu|sdram_beat32:sdr|altdpram:wq_mem|dpram_9fq1:auto_generated|lutrama19~MEMORYREGOUT
    Info (332098): From: emu:emu|sdram_beat32:sdr|altdpram:wq_mem|dpram_9fq1:auto_generated|lutrama1~CLKMUX_0  to: emu:emu|sdram_beat32:sdr|altdpram:wq_mem|dpram_9fq1:auto_generated|lutrama1~MEMORYREGOUT
    Info (332098): From: emu:emu|sdram_beat32:sdr|altdpram:wq_mem|dpram_9fq1:auto_generated|lutrama20~CLKMUX_0  to: emu:emu|sdram_beat32:sdr|altdpram:wq_mem|dpram_9fq1:auto_generated|lutrama20~MEMORYREGOUT
    Info (332098): From: emu:emu|sdram_beat32:sdr|altdpram:wq_mem|dpram_9fq1:auto_generated|lutrama21~CLKMUX_0  to: emu:emu|sdram_beat32:sdr|altdpram:wq_mem|dpram_9fq1:auto_generated|lutrama21~MEMORYREGOUT
    Info (332098): From: emu:emu|sdram_beat32:sdr|altdpram:wq_mem|dpram_9fq1:auto_generated|lutrama22~CLKMUX_0  to: emu:emu|sdram_beat32:sdr|altdpram:wq_mem|dpram_9fq1:auto_generated|lutrama22~MEMORYREGOUT
    Info (332098): From: emu:emu|sdram_beat32:sdr|altdpram:wq_mem|dpram_9fq1:auto_generated|lutrama23~CLKMUX_0  to: emu:emu|sdram_beat32:sdr|altdpram:wq_mem|dpram_9fq1:auto_generated|lutrama23~MEMORYREGOUT
    Info (332098): From: emu:emu|sdram_beat32:sdr|altdpram:wq_mem|dpram_9fq1:auto_generated|lutrama24~CLKMUX_0  to: emu:emu|sdram_beat32:sdr|altdpram:wq_mem|dpram_9fq1:auto_generated|lutrama24~MEMORYREGOUT
    Info (332098): From: emu:emu|sdram_beat32:sdr|altdpram:wq_mem|dpram_9fq1:auto_generated|lutrama25~CLKMUX_0  to: emu:emu|sdram_beat32:sdr|altdpram:wq_mem|dpram_9fq1:auto_generated|lutrama25~MEMORYREGOUT
    Info (332098): From: emu:emu|sdram_beat32:sdr|altdpram:wq_mem|dpram_9fq1:auto_generated|lutrama26~CLKMUX_0  to: emu:emu|sdram_beat32:sdr|altdpram:wq_mem|dpram_9fq1:auto_generated|lutrama26~MEMORYREGOUT
    Info (332098): From: emu:emu|sdram_beat32:sdr|altdpram:wq_mem|dpram_9fq1:auto_generated|lutrama27~CLKMUX_0  to: emu:emu|sdram_beat32:sdr|altdpram:wq_mem|dpram_9fq1:auto_generated|lutrama27~MEMORYREGOUT
    Info (332098): From: emu:emu|sdram_beat32:sdr|altdpram:wq_mem|dpram_9fq1:auto_generated|lutrama28~CLKMUX_0  to: emu:emu|sdram_beat32:sdr|altdpram:wq_mem|dpram_9fq1:auto_generated|lutrama28~MEMORYREGOUT
    Info (332098): From: emu:emu|sdram_beat32:sdr|altdpram:wq_mem|dpram_9fq1:auto_generated|lutrama29~CLKMUX_0  to: emu:emu|sdram_beat32:sdr|altdpram:wq_mem|dpram_9fq1:auto_generated|lutrama29~MEMORYREGOUT
    Info (332098): From: emu:emu|sdram_beat32:sdr|altdpram:wq_mem|dpram_9fq1:auto_generated|lutrama2~CLKMUX_0  to: emu:emu|sdram_beat32:sdr|altdpram:wq_mem|dpram_9fq1:auto_generated|lutrama2~MEMORYREGOUT
    Info (332098): From: emu:emu|sdram_beat32:sdr|altdpram:wq_mem|dpram_9fq1:auto_generated|lutrama30~CLKMUX_0  to: emu:emu|sdram_beat32:sdr|altdpram:wq_mem|dpram_9fq1:auto_generated|lutrama30~MEMORYREGOUT
    Info (332098): From: emu:emu|sdram_beat32:sdr|altdpram:wq_mem|dpram_9fq1:auto_generated|lutrama31~CLKMUX_0  to: emu:emu|sdram_beat32:sdr|altdpram:wq_mem|dpram_9fq1:auto_generated|lutrama31~MEMORYREGOUT
    Info (332098): From: emu:emu|sdram_beat32:sdr|altdpram:wq_mem|dpram_9fq1:auto_generated|lutrama32~CLKMUX_0  to: emu:emu|sdram_beat32:sdr|altdpram:wq_mem|dpram_9fq1:auto_generated|lutrama32~MEMORYREGOUT
    Info (332098): From: emu:emu|sdram_beat32:sdr|altdpram:wq_mem|dpram_9fq1:auto_generated|lutrama33~CLKMUX_0  to: emu:emu|sdram_beat32:sdr|altdpram:wq_mem|dpram_9fq1:auto_generated|lutrama33~MEMORYREGOUT
    Info (332098): From: emu:emu|sdram_beat32:sdr|altdpram:wq_mem|dpram_9fq1:auto_generated|lutrama34~CLKMUX_0  to: emu:emu|sdram_beat32:sdr|altdpram:wq_mem|dpram_9fq1:auto_generated|lutrama34~MEMORYREGOUT
    Info (332098): From: emu:emu|sdram_beat32:sdr|altdpram:wq_mem|dpram_9fq1:auto_generated|lutrama35~CLKMUX_0  to: emu:emu|sdram_beat32:sdr|altdpram:wq_mem|dpram_9fq1:auto_generated|lutrama35~MEMORYREGOUT
    Info (332098): From: emu:emu|sdram_beat32:sdr|altdpram:wq_mem|dpram_9fq1:auto_generated|lutrama36~CLKMUX_0  to: emu:emu|sdram_beat32:sdr|altdpram:wq_mem|dpram_9fq1:auto_generated|lutrama36~MEMORYREGOUT
    Info (332098): From: emu:emu|sdram_beat32:sdr|altdpram:wq_mem|dpram_9fq1:auto_generated|lutrama37~CLKMUX_0  to: emu:emu|sdram_beat32:sdr|altdpram:wq_mem|dpram_9fq1:auto_generated|lutrama37~MEMORYREGOUT
    Info (332098): From: emu:emu|sdram_beat32:sdr|altdpram:wq_mem|dpram_9fq1:auto_generated|lutrama38~CLKMUX_0  to: emu:emu|sdram_beat32:sdr|altdpram:wq_mem|dpram_9fq1:auto_generated|lutrama38~MEMORYREGOUT
    Info (332098): From: emu:emu|sdram_beat32:sdr|altdpram:wq_mem|dpram_9fq1:auto_generated|lutrama39~CLKMUX_0  to: emu:emu|sdram_beat32:sdr|altdpram:wq_mem|dpram_9fq1:auto_generated|lutrama39~MEMORYREGOUT
    Info (332098): From: emu:emu|sdram_beat32:sdr|altdpram:wq_mem|dpram_9fq1:auto_generated|lutrama3~CLKMUX_0  to: emu:emu|sdram_beat32:sdr|altdpram:wq_mem|dpram_9fq1:auto_generated|lutrama3~MEMORYREGOUT
    Info (332098): From: emu:emu|sdram_beat32:sdr|altdpram:wq_mem|dpram_9fq1:auto_generated|lutrama40~CLKMUX_0  to: emu:emu|sdram_beat32:sdr|altdpram:wq_mem|dpram_9fq1:auto_generated|lutrama40~MEMORYREGOUT
    Info (332098): From: emu:emu|sdram_beat32:sdr|altdpram:wq_mem|dpram_9fq1:auto_generated|lutrama41~CLKMUX_0  to: emu:emu|sdram_beat32:sdr|altdpram:wq_mem|dpram_9fq1:auto_generated|lutrama41~MEMORYREGOUT
    Info (332098): From: emu:emu|sdram_beat32:sdr|altdpram:wq_mem|dpram_9fq1:auto_generated|lutrama42~CLKMUX_0  to: emu:emu|sdram_beat32:sdr|altdpram:wq_mem|dpram_9fq1:auto_generated|lutrama42~MEMORYREGOUT
    Info (332098): From: emu:emu|sdram_beat32:sdr|altdpram:wq_mem|dpram_9fq1:auto_generated|lutrama43~CLKMUX_0  to: emu:emu|sdram_beat32:sdr|altdpram:wq_mem|dpram_9fq1:auto_generated|lutrama43~MEMORYREGOUT
    Info (332098): From: emu:emu|sdram_beat32:sdr|altdpram:wq_mem|dpram_9fq1:auto_generated|lutrama44~CLKMUX_0  to: emu:emu|sdram_beat32:sdr|altdpram:wq_mem|dpram_9fq1:auto_generated|lutrama44~MEMORYREGOUT
    Info (332098): From: emu:emu|sdram_beat32:sdr|altdpram:wq_mem|dpram_9fq1:auto_generated|lutrama45~CLKMUX_0  to: emu:emu|sdram_beat32:sdr|altdpram:wq_mem|dpram_9fq1:auto_generated|lutrama45~MEMORYREGOUT
    Info (332098): From: emu:emu|sdram_beat32:sdr|altdpram:wq_mem|dpram_9fq1:auto_generated|lutrama46~CLKMUX_0  to: emu:emu|sdram_beat32:sdr|altdpram:wq_mem|dpram_9fq1:auto_generated|lutrama46~MEMORYREGOUT
    Info (332098): From: emu:emu|sdram_beat32:sdr|altdpram:wq_mem|dpram_9fq1:auto_generated|lutrama47~CLKMUX_0  to: emu:emu|sdram_beat32:sdr|altdpram:wq_mem|dpram_9fq1:auto_generated|lutrama47~MEMORYREGOUT
    Info (332098): From: emu:emu|sdram_beat32:sdr|altdpram:wq_mem|dpram_9fq1:auto_generated|lutrama48~CLKMUX_0  to: emu:emu|sdram_beat32:sdr|altdpram:wq_mem|dpram_9fq1:auto_generated|lutrama48~MEMORYREGOUT
    Info (332098): From: emu:emu|sdram_beat32:sdr|altdpram:wq_mem|dpram_9fq1:auto_generated|lutrama49~CLKMUX_0  to: emu:emu|sdram_beat32:sdr|altdpram:wq_mem|dpram_9fq1:auto_generated|lutrama49~MEMORYREGOUT
    Info (332098): From: emu:emu|sdram_beat32:sdr|altdpram:wq_mem|dpram_9fq1:auto_generated|lutrama4~CLKMUX_0  to: emu:emu|sdram_beat32:sdr|altdpram:wq_mem|dpram_9fq1:auto_generated|lutrama4~MEMORYREGOUT
    Info (332098): From: emu:emu|sdram_beat32:sdr|altdpram:wq_mem|dpram_9fq1:auto_generated|lutrama50~CLKMUX_0  to: emu:emu|sdram_beat32:sdr|altdpram:wq_mem|dpram_9fq1:auto_generated|lutrama50~MEMORYREGOUT
    Info (332098): From: emu:emu|sdram_beat32:sdr|altdpram:wq_mem|dpram_9fq1:auto_generated|lutrama51~CLKMUX_0  to: emu:emu|sdram_beat32:sdr|altdpram:wq_mem|dpram_9fq1:auto_generated|lutrama51~MEMORYREGOUT
    Info (332098): From: emu:emu|sdram_beat32:sdr|altdpram:wq_mem|dpram_9fq1:auto_generated|lutrama52~CLKMUX_0  to: emu:emu|sdram_beat32:sdr|altdpram:wq_mem|dpram_9fq1:auto_generated|lutrama52~MEMORYREGOUT
    Info (332098): From: emu:emu|sdram_beat32:sdr|altdpram:wq_mem|dpram_9fq1:auto_generated|lutrama53~CLKMUX_0  to: emu:emu|sdram_beat32:sdr|altdpram:wq_mem|dpram_9fq1:auto_generated|lutrama53~MEMORYREGOUT
    Info (332098): From: emu:emu|sdram_beat32:sdr|altdpram:wq_mem|dpram_9fq1:auto_generated|lutrama54~CLKMUX_0  to: emu:emu|sdram_beat32:sdr|altdpram:wq_mem|dpram_9fq1:auto_generated|lutrama54~MEMORYREGOUT
    Info (332098): From: emu:emu|sdram_beat32:sdr|altdpram:wq_mem|dpram_9fq1:auto_generated|lutrama55~CLKMUX_0  to: emu:emu|sdram_beat32:sdr|altdpram:wq_mem|dpram_9fq1:auto_generated|lutrama55~MEMORYREGOUT
    Info (332098): From: emu:emu|sdram_beat32:sdr|altdpram:wq_mem|dpram_9fq1:auto_generated|lutrama56~CLKMUX_0  to: emu:emu|sdram_beat32:sdr|altdpram:wq_mem|dpram_9fq1:auto_generated|lutrama56~MEMORYREGOUT
    Info (332098): From: emu:emu|sdram_beat32:sdr|altdpram:wq_mem|dpram_9fq1:auto_generated|lutrama57~CLKMUX_0  to: emu:emu|sdram_beat32:sdr|altdpram:wq_mem|dpram_9fq1:auto_generated|lutrama57~MEMORYREGOUT
    Info (332098): From: emu:emu|sdram_beat32:sdr|altdpram:wq_mem|dpram_9fq1:auto_generated|lutrama58~CLKMUX_0  to: emu:emu|sdram_beat32:sdr|altdpram:wq_mem|dpram_9fq1:auto_generated|lutrama58~MEMORYREGOUT
    Info (332098): From: emu:emu|sdram_beat32:sdr|altdpram:wq_mem|dpram_9fq1:auto_generated|lutrama59~CLKMUX_0  to: emu:emu|sdram_beat32:sdr|altdpram:wq_mem|dpram_9fq1:auto_generated|lutrama59~MEMORYREGOUT
    Info (332098): From: emu:emu|sdram_beat32:sdr|altdpram:wq_mem|dpram_9fq1:auto_generated|lutrama5~CLKMUX_0  to: emu:emu|sdram_beat32:sdr|altdpram:wq_mem|dpram_9fq1:auto_generated|lutrama5~MEMORYREGOUT
    Info (332098): From: emu:emu|sdram_beat32:sdr|altdpram:wq_mem|dpram_9fq1:auto_generated|lutrama60~CLKMUX_0  to: emu:emu|sdram_beat32:sdr|altdpram:wq_mem|dpram_9fq1:auto_generated|lutrama60~MEMORYREGOUT
    Info (332098): From: emu:emu|sdram_beat32:sdr|altdpram:wq_mem|dpram_9fq1:auto_generated|lutrama6~CLKMUX_0  to: emu:emu|sdram_beat32:sdr|altdpram:wq_mem|dpram_9fq1:auto_generated|lutrama6~MEMORYREGOUT
    Info (332098): From: emu:emu|sdram_beat32:sdr|altdpram:wq_mem|dpram_9fq1:auto_generated|lutrama7~CLKMUX_0  to: emu:emu|sdram_beat32:sdr|altdpram:wq_mem|dpram_9fq1:auto_generated|lutrama7~MEMORYREGOUT
    Info (332098): From: emu:emu|sdram_beat32:sdr|altdpram:wq_mem|dpram_9fq1:auto_generated|lutrama8~CLKMUX_0  to: emu:emu|sdram_beat32:sdr|altdpram:wq_mem|dpram_9fq1:auto_generated|lutrama8~MEMORYREGOUT
    Info (332098): From: emu:emu|sdram_beat32:sdr|altdpram:wq_mem|dpram_9fq1:auto_generated|lutrama9~CLKMUX_0  to: emu:emu|sdram_beat32:sdr|altdpram:wq_mem|dpram_9fq1:auto_generated|lutrama9~MEMORYREGOUT
    Info (332098): Cell: emu|pllv|altera_pll_i|cyclonev_pll|counter[0].output_counter  from: vco0ph[0]  to: divclk
    Info (332098): Cell: emu|pllv|altera_pll_i|cyclonev_pll|fpll_0|REFCLK_SELECT  from: clkin[0]  to: clkout
    Info (332098): Cell: emu|pllv|altera_pll_i|cyclonev_pll|fpll_0|fpll  from: refclkin  to: fbclk
    Info (332098): Cell: emu|pll|pll_inst|altera_pll_i|general[0].gpll~FRACTIONAL_PLL  from: refclkin  to: fbclk
    Info (332098): Cell: emu|pll|pll_inst|altera_pll_i|general[0].gpll~PLL_OUTPUT_COUNTER  from: vco0ph[0]  to: divclk
    Info (332098): Cell: emu|pll|pll_inst|altera_pll_i|general[0].gpll~PLL_REFCLK_SELECT  from: clkin[2]  to: clkout
    Info (332098): Cell: emu|pll|pll_inst|altera_pll_i|general[1].gpll~PLL_OUTPUT_COUNTER  from: vco0ph[0]  to: divclk
    Info (332098): Cell: pll_audio|pll_audio_inst|altera_pll_i|general[0].gpll~FRACTIONAL_PLL  from: refclkin  to: fbclk
    Info (332098): Cell: pll_audio|pll_audio_inst|altera_pll_i|general[0].gpll~PLL_OUTPUT_COUNTER  from: vco0ph[0]  to: divclk
    Info (332098): Cell: pll_audio|pll_audio_inst|altera_pll_i|general[0].gpll~PLL_REFCLK_SELECT  from: clkin[0]  to: clkout
    Info (332098): Cell: pll_hdmi|pll_hdmi_inst|altera_pll_i|cyclonev_pll|counter[0].output_counter  from: vco0ph[0]  to: divclk
    Info (332098): Cell: pll_hdmi|pll_hdmi_inst|altera_pll_i|cyclonev_pll|fpll_0|REFCLK_SELECT  from: clkin[0]  to: clkout
    Info (332098): Cell: pll_hdmi|pll_hdmi_inst|altera_pll_i|cyclonev_pll|fpll_0|fpll  from: refclkin  to: fbclk
    Info (332098): From: sysmem|fpga_interfaces|f2sdram|cmd_port_clk_0  to: sysmem_lite:sysmem|sysmem_HPS_fpga_interfaces:fpga_interfaces|f2sdram~FF_762
    Info (332098): From: sysmem|fpga_interfaces|f2sdram|cmd_port_clk_1  to: sysmem_lite:sysmem|sysmem_HPS_fpga_interfaces:fpga_interfaces|f2sdram~FF_827
    Info (332098): From: sysmem|fpga_interfaces|f2sdram|cmd_port_clk_2  to: sysmem_lite:sysmem|sysmem_HPS_fpga_interfaces:fpga_interfaces|f2sdram~FF_920
    Info (332098): From: sysmem|fpga_interfaces|f2sdram|rd_clk_0  to: sysmem_lite:sysmem|sysmem_HPS_fpga_interfaces:fpga_interfaces|f2sdram~FF_7
    Info (332098): From: sysmem|fpga_interfaces|f2sdram|rd_clk_1  to: sysmem_lite:sysmem|sysmem_HPS_fpga_interfaces:fpga_interfaces|f2sdram~FF_6
    Info (332098): From: sysmem|fpga_interfaces|f2sdram|rd_clk_2  to: sysmem_lite:sysmem|sysmem_HPS_fpga_interfaces:fpga_interfaces|f2sdram~FF_5
    Info (332098): From: sysmem|fpga_interfaces|f2sdram|rd_clk_3  to: sysmem_lite:sysmem|sysmem_HPS_fpga_interfaces:fpga_interfaces|f2sdram~FF_4
    Info (332098): From: sysmem|fpga_interfaces|f2sdram|wr_clk_0  to: sysmem_lite:sysmem|sysmem_HPS_fpga_interfaces:fpga_interfaces|f2sdram~FF_3
    Info (332098): From: sysmem|fpga_interfaces|f2sdram|wr_clk_1  to: sysmem_lite:sysmem|sysmem_HPS_fpga_interfaces:fpga_interfaces|f2sdram~FF_2
    Info (332098): From: sysmem|fpga_interfaces|f2sdram|wr_clk_2  to: sysmem_lite:sysmem|sysmem_HPS_fpga_interfaces:fpga_interfaces|f2sdram~FF_1
    Info (332098): From: sysmem|fpga_interfaces|f2sdram|wr_clk_3  to: sysmem_lite:sysmem|sysmem_HPS_fpga_interfaces:fpga_interfaces|f2sdram~FF_0
Info (332123): Deriving Clock Uncertainty. Please refer to report_sdc in TimeQuest to see clock uncertainties.
Info (332115): Report Timing: Found 6 setup paths (0 violated).  Worst case slack is 0.597
    Info (332115): -from_clock [get_clocks {emu|pll|pll_inst|altera_pll_i|general[0].gpll~PLL_OUTPUT_COUNTER|divclk}]
    Info (332115): -to_clock [get_clocks {emu|pll|pll_inst|altera_pll_i|general[1].gpll~PLL_OUTPUT_COUNTER|divclk}]
    Info (332115): -setup
    Info (332115): -npaths 6
    Info (332115): -detail summary
    Info (332115): -file {scratch/cross_sys2ram_s23.txt}
Info (332115): Report Timing: Found 6 setup paths (0 violated).  Worst case slack is 0.360
    Info (332115): -from_clock [get_clocks {emu|pll|pll_inst|altera_pll_i|general[1].gpll~PLL_OUTPUT_COUNTER|divclk}]
    Info (332115): -to_clock [get_clocks {emu|pll|pll_inst|altera_pll_i|general[0].gpll~PLL_OUTPUT_COUNTER|divclk}]
    Info (332115): -setup
    Info (332115): -npaths 6
    Info (332115): -detail summary
    Info (332115): -file {scratch/cross_ram2sys_s23.txt}
Info (23030): Evaluation of Tcl script ../../scripts/cpu/timequest_cross_domain.tcl was successful
Info: Quartus Prime TimeQuest Timing Analyzer was successful. 0 errors, 4 warnings
    Info: Peak virtual memory: 1838 megabytes
    Info: Processing ended: Fri Sep 25 18:01:36 2026
    Info: Elapsed time: 00:00:06
    Info: Total CPU time (on all processors): 00:00:05
