CONFIG_END	pc	cacr	tc
CONFIG_END	000B2EBC	80008000	0000C000
ENABLED_CYCLES	ic	dc	mmu
ENABLED_CYCLES	1304100000	1304100000	1304100000
SUMMARY	cycles	dispatches	clocks_per_dispatch	rd_accept_samples	look_hit_cycles	ipred_hit_cycles
SUMMARY	1304100000	394599824	3.304867	260558040	380590545	10173444
STATE	id	cycles	entries	percent
STATE	3	146401813	52332360	11.226272
STATE	4	159867800	139512108	12.258861
STATE	5	310259	310259	0.023791
STATE	8	44051564	28458493	3.377928
STATE	9	316122689	117564121	24.240679
STATE	10	125741771	74810236	9.642034
STATE	11	6959894	6959894	0.533693
STATE	13	14799720	14783638	1.134861
STATE	15	13407129	13407129	1.028075
STATE	16	941256	941256	0.072177
STATE	17	285477	285477	0.021891
STATE	18	4507	4507	0.000346
STATE	19	6753433	6753433	0.517862
STATE	20	102119676	102119676	7.830663
STATE	21	1646099	1646099	0.126225
STATE	22	5176413	5176413	0.396934
STATE	23	1658615	1658615	0.127185
STATE	24	3307031	3307031	0.253587
STATE	26	15519253	15519253	1.190036
STATE	27	2804332	2804332	0.215040
STATE	28	13695908	13695908	1.050219
STATE	29	3145	3145	0.000241
STATE	30	8336887	1252138	0.639283
STATE	31	1935	1935	0.000148
STATE	32	931	931	0.000071
STATE	34	1544169	866106	0.118409
STATE	35	869864	869864	0.066702
STATE	36	869864	869864	0.066702
STATE	37	869864	869864	0.066702
STATE	38	3758	3758	0.000288
STATE	39	869864	869864	0.066702
STATE	41	869864	869864	0.066702
STATE	42	869864	869864	0.066702
STATE	43	41501	41501	0.003182
STATE	44	41501	41501	0.003182
STATE	45	41501	41501	0.003182
STATE	46	41501	41501	0.003182
STATE	47	41501	41501	0.003182
STATE	48	108506	108506	0.008320
STATE	49	336	336	0.000026
STATE	51	5155314	5154821	0.395316
STATE	52	851314	851314	0.065280
STATE	53	2769114	2768775	0.212339
STATE	55	1593666	1593666	0.122204
STATE	56	5781589	5781589	0.443339
STATE	57	717578	717578	0.055025
STATE	58	423258	423258	0.032456
STATE	59	29086	29086	0.002230
STATE	62	5324326	5324326	0.408276
STATE	65	5324323	5324323	0.408276
STATE	68	5868459	5868459	0.450001
STATE	69	5305514	5305514	0.406833
STATE	70	20592397	20592397	1.579050
STATE	78	5452	5452	0.000418
STATE	79	5452	5452	0.000418
STATE	81	106927	106927	0.008199
STATE	82	100809	76356	0.007730
STATE	87	15427	15427	0.001183
STATE	89	148191	148191	0.011363
STATE	90	148191	148191	0.011363
STATE	91	148191	148191	0.011363
STATE	92	148191	148191	0.011363
STATE	96	148191	148191	0.011363
STATE	97	148191	148191	0.011363
STATE	98	109155	109155	0.008370
STATE	99	3145	3145	0.000241
STATE	102	562945	562945	0.043167
STATE	103	9077	9077	0.000696
STATE	104	9077	9077	0.000696
STATE	106	30606	10202	0.002347
STATE	107	1106201	15427	0.084825
STATE	112	360781	360781	0.027665
STATE	113	360781	360781	0.027665
STATE	114	29919	29919	0.002294
STATE	115	7948	7948	0.000609
STATE	116	29919	29919	0.002294
STATE	117	330862	330862	0.025371
STATE	118	330862	330862	0.025371
STATE	119	16443	16443	0.001261
STATE	120	330862	330862	0.025371
STATE	121	69244	69244	0.005310
STATE	122	26	26	0.000002
STATE	129	8062	8062	0.000618
STATE	130	360781	360781	0.027665
STATE	131	360781	360781	0.027665
STATE	132	69244	69244	0.005310
STATE	133	6068617	45997	0.465349
STATE	151	7534	7534	0.000578
STATE	152	18	18	0.000001
STATE	153	1134030	524113	0.086959
STATE	154	16610	16610	0.001274
STATE	155	40999	40999	0.003144
STATE	156	930	930	0.000071
STATE	157	23582	23582	0.001808
STATE	158	146758	146758	0.011254
STATE	160	1054795	334028	0.080883
STATE	161	251007	251007	0.019248
STATE	162	126382	77219	0.009691
STATE	163	49276	49276	0.003779
STATE	164	141485	141485	0.010849
STATE	165	250241	250241	0.019189
STATE	167	13207	6714	0.001013
STATE	171	18	18	0.000001
STATE	173	43176	43176	0.003311
STATE	175	3496	92	0.000268
STATE	176	712	20	0.000055
STATE	177	11442	11442	0.000877
STATE	178	15991459	6957176	1.226245
STATE	179	6087529	6087529	0.466799
STATE	180	869647	869647	0.066686
STATE	181	37198	37198	0.002852
STATE	182	48854	48854	0.003746
STATE	183	48854	48854	0.003746
STATE	190	144663605	78441078	11.092984
STATE	191	3758	3758	0.000288
STATE	250	64607914	41136893	4.954215
MEM	name	value
MEM	mrd_cycles_cst0	184455790
MEM	mrd_cycles_cst1	28453623
MEM	mrd_cycles_cst2	9
MEM	mrd_cycles_cst4	80922153
MEM	mrd_cycles_cst5	5732664
MEM	mrd_cycles_cst6	16558450
MEM	mwr_cycles_cst0	89742004
MEM	mwr_cycles_cst1	4222316
MEM	mwr_cycles_cst4	20898234
MEM	mwr_cycles_cst5	4081343
MEM	mwr_cycles_cst6	6797874
MEM	mrd_cycles_sb_pending	37917818
MEM	mwr_cycles_sb_pending	39586007
MEM	data_tagwrite_entries	5957347
MEM	instr_tagwrite_entries	12189532
MEM	sb_push_signal_samples	75170648
MEM	sb_full_request_samples	20
MEM	read_with_store_pending_samples	3046609
MEM	pass_cycles_write	77580399
MEM	pass_cycles_read	13170487
REFILL_META	clock_sample	post_eval_rising_edge
REFILL_META	duration	C_FILL_through_C_TAGW_complete_bracket_spans_only
REFILL_META	mrd_overlap	core_state_9_and_C_FILL_same_sample
REFILL_META	states	issued_is_registered_state_local_match_is_combinational_setup_is_neither
REFILL_PARTIAL	start	0
REFILL_PARTIAL	end	0
REFILL_PARTIAL	aborted	9
REFILL_REGION	bank	region	fill_entries	fill_samples	tagwrite_samples	issued_state_samples	local_match_samples	setup_state_samples	mrd_overlap_samples	completed
REFILL_REGION	data	ram	5684003	56775557	5683998	34039555	17106454	5629548	46964076	5683998
REFILL_REGION	data	rom	273353	2531514	273349	1438110	0	1093404	1222052	273349
REFILL_REGION	instruction	ram	8202327	83632647	8202327	50823339	24605938	8203370	20858877	8202327
REFILL_REGION	instruction	rom	3987205	40750030	3987205	24801210	0	15948820	11877148	3987205
REFILL_SAMPLE	bank	region	fill_cnt	r_issued	fill_acked	clocks
REFILL_SAMPLE	data	ram	0	0	0	5684003
REFILL_SAMPLE	data	ram	0	1	0	34038535
REFILL_SAMPLE	data	ram	1	0	0	740068
REFILL_SAMPLE	data	ram	1	0	1	4943935
REFILL_SAMPLE	data	ram	1	1	0	64
REFILL_SAMPLE	data	ram	1	1	1	276
REFILL_SAMPLE	data	ram	2	0	0	125907
REFILL_SAMPLE	data	ram	2	0	1	5558091
REFILL_SAMPLE	data	ram	2	1	1	340
REFILL_SAMPLE	data	ram	3	0	0	125907
REFILL_SAMPLE	data	ram	3	0	1	5558091
REFILL_SAMPLE	data	ram	3	1	1	340
REFILL_SAMPLE	data	rom	0	0	0	273353
REFILL_SAMPLE	data	rom	0	1	0	618063
REFILL_SAMPLE	data	rom	1	0	0	136
REFILL_SAMPLE	data	rom	1	0	1	273217
REFILL_SAMPLE	data	rom	1	1	0	132
REFILL_SAMPLE	data	rom	1	1	1	273217
REFILL_SAMPLE	data	rom	2	0	1	273349
REFILL_SAMPLE	data	rom	2	1	1	273349
REFILL_SAMPLE	data	rom	3	0	1	273349
REFILL_SAMPLE	data	rom	3	1	1	273349
REFILL_SAMPLE	instruction	ram	0	0	0	8202327
REFILL_SAMPLE	instruction	ram	0	1	0	50822166
REFILL_SAMPLE	instruction	ram	1	0	1	8202327
REFILL_SAMPLE	instruction	ram	1	1	1	391
REFILL_SAMPLE	instruction	ram	2	0	1	8202327
REFILL_SAMPLE	instruction	ram	2	1	1	391
REFILL_SAMPLE	instruction	ram	3	0	1	8202327
REFILL_SAMPLE	instruction	ram	3	1	1	391
REFILL_SAMPLE	instruction	rom	0	0	0	3987205
REFILL_SAMPLE	instruction	rom	0	1	0	12839595
REFILL_SAMPLE	instruction	rom	1	0	1	3987205
REFILL_SAMPLE	instruction	rom	1	1	1	3987205
REFILL_SAMPLE	instruction	rom	2	0	1	3987205
REFILL_SAMPLE	instruction	rom	2	1	1	3987205
REFILL_SAMPLE	instruction	rom	3	0	1	3987205
REFILL_SAMPLE	instruction	rom	3	1	1	3987205
REFILL_DURATION	bank	region	clocks	complete_fills
REFILL_DURATION	data	ram	5	55480
REFILL_DURATION	instruction	ram	5	130
REFILL_DURATION	data	rom	9	101063
REFILL_DURATION	instruction	rom	9	14278
REFILL_DURATION	data	ram	11	5433061
REFILL_DURATION	data	rom	11	172156
REFILL_DURATION	instruction	ram	11	7161049
REFILL_DURATION	instruction	rom	11	3431176
REFILL_DURATION	data	ram	12	138050
REFILL_DURATION	data	rom	12	130
REFILL_DURATION	instruction	ram	12	588068
REFILL_DURATION	instruction	rom	12	326738
REFILL_DURATION	data	ram	13	42346
REFILL_DURATION	instruction	ram	13	366355
REFILL_DURATION	instruction	rom	13	152990
REFILL_DURATION	data	ram	14	14713
REFILL_DURATION	instruction	ram	14	72234
REFILL_DURATION	instruction	rom	14	32694
REFILL_DURATION	data	ram	15	257
REFILL_DURATION	instruction	ram	15	209
REFILL_DURATION	data	ram	16	66
REFILL_DURATION	instruction	ram	16	14070
REFILL_DURATION	instruction	rom	16	14211
REFILL_DURATION	data	ram	17	9
REFILL_DURATION	instruction	ram	17	96
REFILL_DURATION	instruction	rom	17	1145
REFILL_DURATION	data	ram	18	9
REFILL_DURATION	instruction	ram	18	38
REFILL_DURATION	instruction	rom	18	13973
REFILL_DURATION	data	ram	19	7
REFILL_DURATION	instruction	ram	19	53
REFILL_DURATION	instruction	ram	20	25
CACHE_STATE	id	cycles	percent
CACHE_STATE	0	947877610	72.684427
CACHE_STATE	1	57747252	4.428131
CACHE_STATE	2	9	0.000001
CACHE_STATE	4	183689748	14.085557
CACHE_STATE	5	18146879	1.391525
CACHE_STATE	6	90750886	6.958890
CACHE_STATE	7	5887616	0.451470
TRANSITION	from	to	count
TRANSITION	3	4	52332032
TRANSITION	3	34	328
TRANSITION	4	3	13924847
TRANSITION	4	8	8814937
TRANSITION	4	9	4115016
TRANSITION	4	10	307738
TRANSITION	4	11	3823739
TRANSITION	4	13	1658665
TRANSITION	4	20	30967859
TRANSITION	4	34	828363
TRANSITION	4	43	41501
TRANSITION	4	48	100860
TRANSITION	4	51	313866
TRANSITION	4	53	1800951
TRANSITION	4	62	2903690
TRANSITION	4	65	2171404
TRANSITION	4	68	4779205
TRANSITION	4	78	5452
TRANSITION	4	81	56172
TRANSITION	4	87	15427
TRANSITION	4	89	141223
TRANSITION	4	98	78630
TRANSITION	4	104	9062
TRANSITION	4	106	10202
TRANSITION	4	112	350807
TRANSITION	4	133	45997
TRANSITION	4	153	61939
TRANSITION	4	167	5776
TRANSITION	4	181	828
TRANSITION	4	190	38592103
TRANSITION	4	250	23585849
TRANSITION	5	3	107107
TRANSITION	5	4	101225
TRANSITION	5	20	101323
TRANSITION	5	51	9
TRANSITION	5	53	4
TRANSITION	5	56	60
TRANSITION	5	181	311
TRANSITION	5	190	220
TRANSITION	8	13	10219594
TRANSITION	8	15	2455610
TRANSITION	8	16	932697
TRANSITION	8	18	4507
TRANSITION	8	19	6753433
TRANSITION	8	20	3880043
TRANSITION	8	48	7646
TRANSITION	8	51	524359
TRANSITION	8	53	52634
TRANSITION	8	62	2391692
TRANSITION	8	68	1089254
TRANSITION	8	81	50755
TRANSITION	8	89	6968
TRANSITION	8	98	30525
TRANSITION	8	104	15
TRANSITION	8	112	9974
TRANSITION	8	153	24616
TRANSITION	8	157	11791
TRANSITION	8	167	938
TRANSITION	8	177	11442
TRANSITION	9	3	10807218
TRANSITION	9	4	31256631
TRANSITION	9	8	81931
TRANSITION	9	10	12727079
TRANSITION	9	11	510389
TRANSITION	9	13	314862
TRANSITION	9	15	2527356
TRANSITION	9	17	285477
TRANSITION	9	20	19779783
TRANSITION	9	23	1658537
TRANSITION	9	27	2804332
TRANSITION	9	28	151737
TRANSITION	9	42	869864
TRANSITION	9	44	41501
TRANSITION	9	45	41501
TRANSITION	9	46	41501
TRANSITION	9	49	336
TRANSITION	9	51	2056668
TRANSITION	9	53	23517
TRANSITION	9	55	1138
TRANSITION	9	56	31128
TRANSITION	9	62	14216
TRANSITION	9	65	1249923
TRANSITION	9	70	2936026
TRANSITION	9	118	330848
TRANSITION	9	119	16443
TRANSITION	9	153	22033
TRANSITION	9	160	146758
TRANSITION	9	162	26767
TRANSITION	9	165	105233
TRANSITION	9	171	18
TRANSITION	9	175	92
TRANSITION	9	181	3547
TRANSITION	9	190	13568409
TRANSITION	9	250	13131322
TRANSITION	10	3	6684904
TRANSITION	10	4	7026924
TRANSITION	10	9	3740049
TRANSITION	10	13	1242234
TRANSITION	10	20	13937817
TRANSITION	10	36	869864
TRANSITION	10	37	869864
TRANSITION	10	38	3758
TRANSITION	10	39	869864
TRANSITION	10	51	302115
TRANSITION	10	52	851314
TRANSITION	10	53	602927
TRANSITION	10	55	71579
TRANSITION	10	56	3321091
TRANSITION	10	57	717578
TRANSITION	10	62	14717
TRANSITION	10	65	1331246
TRANSITION	10	70	11787912
TRANSITION	10	96	148191
TRANSITION	10	122	26
TRANSITION	10	153	100140
TRANSITION	10	161	251007
TRANSITION	10	162	22396
TRANSITION	10	165	108756
TRANSITION	10	176	20
TRANSITION	10	181	4304
TRANSITION	10	183	48854
TRANSITION	10	190	15461063
TRANSITION	10	250	4419722
TRANSITION	11	8	3834453
TRANSITION	11	26	2055515
TRANSITION	11	55	625285
TRANSITION	11	56	133117
TRANSITION	11	58	99
TRANSITION	11	59	375
TRANSITION	11	102	1758
TRANSITION	11	117	301591
TRANSITION	11	151	7534
TRANSITION	11	152	18
TRANSITION	11	155	148
TRANSITION	13	3	282916
TRANSITION	13	4	3271861
TRANSITION	13	9	5455617
TRANSITION	13	10	1223230
TRANSITION	13	20	1093781
TRANSITION	13	22	330801
TRANSITION	13	26	1794531
TRANSITION	13	51	10684
TRANSITION	13	53	82
TRANSITION	13	55	58376
TRANSITION	13	56	635849
TRANSITION	13	62	2
TRANSITION	13	102	560985
TRANSITION	13	117	29271
TRANSITION	13	155	35398
TRANSITION	13	181	142
TRANSITION	13	190	112
TRANSITION	15	8	932697
TRANSITION	15	9	1850250
TRANSITION	15	16	8559
TRANSITION	15	22	1861
TRANSITION	15	26	10326862
TRANSITION	15	55	102272
TRANSITION	15	56	14275
TRANSITION	15	58	170353
TRANSITION	16	9	285477
TRANSITION	16	22	654457
TRANSITION	16	55	946
TRANSITION	16	58	376
TRANSITION	17	8	4507
TRANSITION	17	22	17852
TRANSITION	17	26	1562
TRANSITION	17	55	13854
TRANSITION	17	56	241855
TRANSITION	17	58	394
TRANSITION	17	155	5453
TRANSITION	18	22	1290
TRANSITION	18	26	112
TRANSITION	18	58	3105
TRANSITION	19	22	4170152
TRANSITION	19	26	1340671
TRANSITION	19	55	691964
TRANSITION	19	56	272802
TRANSITION	19	58	248931
TRANSITION	19	59	28711
TRANSITION	19	102	202
TRANSITION	20	8	14766735
TRANSITION	20	9	51871685
TRANSITION	20	10	10439707
TRANSITION	20	11	1515769
TRANSITION	20	15	8424163
TRANSITION	20	21	1646099
TRANSITION	20	24	2390
TRANSITION	20	28	4658078
TRANSITION	20	190	8795050
TRANSITION	21	24	1646099
TRANSITION	22	9	5176413
TRANSITION	23	3	4
TRANSITION	23	20	2
TRANSITION	23	24	1658542
TRANSITION	23	53	10
TRANSITION	23	190	57
TRANSITION	24	11	175191
TRANSITION	24	28	3131840
TRANSITION	26	9	1808416
TRANSITION	26	10	12011862
TRANSITION	26	28	1698975
TRANSITION	27	28	2804332
TRANSITION	28	3	120873
TRANSITION	28	4	4709503
TRANSITION	28	5	95438
TRANSITION	28	10	6969022
TRANSITION	28	13	67235
TRANSITION	28	20	25811
TRANSITION	28	29	3145
TRANSITION	28	30	1243061
TRANSITION	28	51	171032
TRANSITION	28	53	14912
TRANSITION	28	65	1082
TRANSITION	28	103	9077
TRANSITION	28	181	775
TRANSITION	28	190	264942
TRANSITION	29	99	3145
TRANSITION	30	3	188
TRANSITION	30	4	967426
TRANSITION	30	13	41155
TRANSITION	30	20	236649
TRANSITION	30	31	1935
TRANSITION	30	55	1
TRANSITION	30	65	5
TRANSITION	30	181	168
TRANSITION	30	190	4611
TRANSITION	31	4	1877
TRANSITION	31	20	57
TRANSITION	31	181	1
TRANSITION	32	30	931
TRANSITION	34	35	866106
TRANSITION	35	10	869864
TRANSITION	36	10	869864
TRANSITION	37	10	869864
TRANSITION	38	10	3758
TRANSITION	39	41	869864
TRANSITION	41	9	869864
TRANSITION	42	34	217
TRANSITION	42	178	869647
TRANSITION	43	9	41501
TRANSITION	44	9	41501
TRANSITION	45	9	41501
TRANSITION	46	47	41501
TRANSITION	47	3	22151
TRANSITION	47	181	19350
TRANSITION	48	9	108506
TRANSITION	49	181	336
TRANSITION	51	3	3120335
TRANSITION	51	4	1208476
TRANSITION	51	10	671554
TRANSITION	51	13	15259
TRANSITION	51	20	118193
TRANSITION	51	56	13710
TRANSITION	51	62	9
TRANSITION	51	153	930
TRANSITION	51	181	128
TRANSITION	51	190	6227
TRANSITION	52	3	851235
TRANSITION	52	181	79
TRANSITION	53	3	94538
TRANSITION	53	4	2085598
TRANSITION	53	13	7
TRANSITION	53	20	549585
TRANSITION	53	51	21398
TRANSITION	53	65	135
TRANSITION	53	181	77
TRANSITION	53	190	17437
TRANSITION	55	3	1566998
TRANSITION	55	4	26522
TRANSITION	55	181	146
TRANSITION	56	10	5781589
TRANSITION	57	3	717467
TRANSITION	57	181	111
TRANSITION	58	3	44517
TRANSITION	58	4	201017
TRANSITION	58	13	13745
TRANSITION	58	20	163885
TRANSITION	58	56	52
TRANSITION	58	181	42
TRANSITION	59	10	29086
TRANSITION	62	10	5324326
TRANSITION	65	9	5324323
TRANSITION	68	11	562945
TRANSITION	68	69	5305514
TRANSITION	69	70	5305514
TRANSITION	70	3	28744
TRANSITION	70	4	2733797
TRANSITION	70	9	2936026
TRANSITION	70	10	11787912
TRANSITION	70	13	3770
TRANSITION	70	20	2471892
TRANSITION	70	51	14742
TRANSITION	70	53	40
TRANSITION	70	55	14105
TRANSITION	70	56	28933
TRANSITION	70	65	538700
TRANSITION	70	153	18087
TRANSITION	70	181	1357
TRANSITION	70	190	14292
TRANSITION	78	79	5452
TRANSITION	79	3	91
TRANSITION	79	4	2366
TRANSITION	79	20	2995
TRANSITION	81	5	30571
TRANSITION	81	82	76356
TRANSITION	82	5	76356
TRANSITION	87	107	15427
TRANSITION	89	90	148191
TRANSITION	90	91	148191
TRANSITION	91	92	148191
TRANSITION	92	9	148191
TRANSITION	96	97	148191
TRANSITION	97	4	147779
TRANSITION	97	51	202
TRANSITION	97	53	150
TRANSITION	97	181	60
TRANSITION	98	3	164
TRANSITION	98	4	35
TRANSITION	98	5	107874
TRANSITION	98	20	1082
TRANSITION	99	3	67
TRANSITION	99	4	2395
TRANSITION	99	20	347
TRANSITION	99	190	336
TRANSITION	102	70	562945
TRANSITION	103	30	8146
TRANSITION	103	32	931
TRANSITION	104	20	9077
TRANSITION	106	3	10202
TRANSITION	107	3	15427
TRANSITION	112	113	360781
TRANSITION	113	11	330862
TRANSITION	113	114	29919
TRANSITION	114	115	7948
TRANSITION	114	116	21971
TRANSITION	115	116	7948
TRANSITION	116	130	29919
TRANSITION	117	9	330862
TRANSITION	118	9	16443
TRANSITION	118	120	314419
TRANSITION	119	120	16443
TRANSITION	120	130	330862
TRANSITION	121	10	69244
TRANSITION	122	10	26
TRANSITION	129	4	4987
TRANSITION	129	20	2190
TRANSITION	129	153	882
TRANSITION	129	181	3
TRANSITION	130	131	360781
TRANSITION	131	3	6116
TRANSITION	131	4	248291
TRANSITION	131	20	28897
TRANSITION	131	129	8062
TRANSITION	131	132	69244
TRANSITION	131	181	43
TRANSITION	131	190	128
TRANSITION	132	121	69244
TRANSITION	133	3	45965
TRANSITION	133	181	32
TRANSITION	151	10	3776
TRANSITION	151	182	3758
TRANSITION	152	9	18
TRANSITION	153	8	11442
TRANSITION	153	11	40999
TRANSITION	153	154	16610
TRANSITION	153	156	930
TRANSITION	153	157	11791
TRANSITION	153	158	128627
TRANSITION	153	160	174549
TRANSITION	153	164	95989
TRANSITION	153	173	43176
TRANSITION	154	162	16610
TRANSITION	155	158	18131
TRANSITION	155	162	11446
TRANSITION	155	164	11422
TRANSITION	156	160	930
TRANSITION	157	8	11791
TRANSITION	157	160	11791
TRANSITION	158	9	146758
TRANSITION	160	3	695
TRANSITION	160	4	29609
TRANSITION	160	10	84083
TRANSITION	160	20	12130
TRANSITION	160	53	31628
TRANSITION	160	153	166390
TRANSITION	160	181	37
TRANSITION	160	190	5698
TRANSITION	160	191	3758
TRANSITION	161	4	435
TRANSITION	161	10	166924
TRANSITION	161	20	83373
TRANSITION	161	153	269
TRANSITION	161	181	6
TRANSITION	162	4	5937
TRANSITION	162	9	26767
TRANSITION	162	20	13120
TRANSITION	162	65	3757
TRANSITION	162	153	5237
TRANSITION	162	163	22396
TRANSITION	162	181	5
TRANSITION	163	3	1209
TRANSITION	163	4	16662
TRANSITION	163	10	22396
TRANSITION	163	20	9008
TRANSITION	163	181	1
TRANSITION	164	9	105233
TRANSITION	164	165	36252
TRANSITION	165	4	9753
TRANSITION	165	10	108756
TRANSITION	165	20	5225
TRANSITION	165	51	640
TRANSITION	165	153	91769
TRANSITION	165	164	34074
TRANSITION	165	181	24
TRANSITION	167	3	1924
TRANSITION	167	4	640
TRANSITION	167	20	435
TRANSITION	167	51	930
TRANSITION	167	153	1854
TRANSITION	167	181	1
TRANSITION	167	190	930
TRANSITION	171	4	18
TRANSITION	173	4	4811
TRANSITION	173	20	5060
TRANSITION	173	153	6425
TRANSITION	173	163	26880
TRANSITION	175	23	78
TRANSITION	175	118	14
TRANSITION	176	5	20
TRANSITION	177	3	300
TRANSITION	177	4	3458
TRANSITION	177	20	3758
TRANSITION	177	153	3926
TRANSITION	178	179	6087529
TRANSITION	178	180	869647
TRANSITION	179	178	6087529
TRANSITION	180	3	869647
TRANSITION	181	34	37198
TRANSITION	182	10	48854
TRANSITION	183	4	3756
TRANSITION	183	181	2
TRANSITION	183	182	45096
TRANSITION	190	3	12611513
TRANSITION	190	4	32479180
TRANSITION	190	9	379746
TRANSITION	190	13	1205820
TRANSITION	190	20	28176308
TRANSITION	190	28	1250946
TRANSITION	190	51	1738176
TRANSITION	190	53	241402
TRANSITION	190	55	14146
TRANSITION	190	56	292881
TRANSITION	190	65	28071
TRANSITION	190	153	19616
TRANSITION	190	181	3273
TRANSITION	191	35	3758
TRANSITION	250	3	394998
TRANSITION	250	4	629107
TRANSITION	250	9	32743957
TRANSITION	250	10	4419722
TRANSITION	250	13	1292
TRANSITION	250	20	439991
TRANSITION	250	53	518
TRANSITION	250	56	795836
TRANSITION	250	181	2009
TRANSITION	250	190	1709463
F4SITE	F4E9	0009AD6E	30452
F4SITE	F4E9	40887126	107
F4SITE	F4E9	408E9B18	440
F4SITE	F4F1	0009AD6A	367
F4SITE	F4F1	40887122	3
F4SITE	F4F8	0009AD20	18
F4SITE	F4F8	40885032	14610
F4CALL	0009AD6E	00000000	304
F4CALL	0009AD6E	00000030	158
F4CALL	0009AD6E	00000A60	143
F4CALL	0009AD6E	00000C90	123
F4CALL	0009AD6E	6214FFFF	27574
F4CALL	0009AD6E	94F80000	100
F4CALL	0009AD6E	E2E60000	126
F4CALL	40885032	40804088	104
F4CALL	40885032	40887824	14156
F4CALL	40885032	50300003	126
OPCODE	opcode	dispatches	percent
OPCODE	2270	12123078	3.072246
OPCODE	206E	11084787	2.809121
OPCODE	3A30	11072788	2.806080
OPCODE	5243	9995645	2.533109
OPCODE	0C43	9239635	2.341520
OPCODE	4E75	8505085	2.155370
OPCODE	204A	7697549	1.950723
OPCODE	D0C3	6702943	1.698669
OPCODE	0C44	6004677	1.521713
OPCODE	4E56	5323990	1.349212
OPCODE	4E5E	5323987	1.349212
OPCODE	E588	5247315	1.329781
OPCODE	2008	5169361	1.310026
OPCODE	3431	4799748	1.216358
OPCODE	3800	4660004	1.180944
OPCODE	3003	4582669	1.161346
OPCODE	3005	4505026	1.141670
OPCODE	D044	4502437	1.141013
OPCODE	4232	4499700	1.140320
OPCODE	5240	4330888	1.097539
OPCODE	302E	3966261	1.005135
OPCODE	306E	3266706	0.827853
OPCODE	D0C4	3114931	0.789390
OPCODE	4870	3026414	0.766958
OPCODE	4EBA	2920418	0.740096
OPCODE	48E7	2919872	0.739958
OPCODE	41ED	2813743	0.713062
OPCODE	6F18	2741040	0.694638
OPCODE	B66D	2505000	0.634820
OPCODE	6DCA	2504980	0.634815
OPCODE	4EB9	2467257	0.625255
OPCODE	671E	2464912	0.624661
OPCODE	15BC	2457300	0.622732
OPCODE	4A32	2457300	0.622732
OPCODE	4CDF	2380335	0.603228
OPCODE	D0C0	2377566	0.602526
OPCODE	5241	2304708	0.584062
OPCODE	B270	2298032	0.582370
OPCODE	48C0	2248681	0.569864
OPCODE	6700	2156156	0.546416
OPCODE	D080	2131903	0.540270
OPCODE	3270	1966384	0.498324
OPCODE	3043	1947174	0.493455
OPCODE	2F0A	1899940	0.481485
OPCODE	6608	1789866	0.453590
OPCODE	4A70	1785712	0.452537
OPCODE	51C9	1768388	0.448147
OPCODE	B083	1763489	0.446906
OPCODE	D482	1760026	0.446028
OPCODE	D180	1760022	0.446027
OPCODE	2208	1710719	0.433533
OPCODE	4A52	1679506	0.425623
OPCODE	BE70	1672580	0.423867
OPCODE	D2C0	1650528	0.418279
OPCODE	6716	1646037	0.417141
OPCODE	6600	1626561	0.412205
OPCODE	6FC0	1622721	0.411232
OPCODE	204C	1607885	0.407472
OPCODE	E589	1600779	0.405671
OPCODE	6FC6	1600007	0.405476
OPCODE	D452	1599965	0.405465
OPCODE	C5F1	1599962	0.405464
OPCODE	12D0	1550062	0.392819
OPCODE	52AE	1550062	0.392819
OPCODE	4252	1523565	0.386104
OPCODE	3183	1492275	0.378174
OPCODE	5344	1449849	0.367423
OPCODE	6604	1431242	0.362707
OPCODE	3004	1402051	0.355310
OPCODE	5343	1358299	0.344222
OPCODE	672E	1344497	0.340724
OPCODE	201B	1342413	0.340196
OPCODE	6ECA	1341687	0.340012
OPCODE	3F00	1313355	0.332832
OPCODE	D7C0	1275259	0.323178
OPCODE	246E	1254582	0.317938
OPCODE	264A	1252756	0.317475
OPCODE	3C05	1249841	0.316736
OPCODE	3193	1249840	0.316736
OPCODE	3686	1249840	0.316736
OPCODE	D0C1	1202607	0.304766
OPCODE	7000	1074056	0.272189
OPCODE	1012	1050317	0.266173
OPCODE	B013	1050000	0.266092
OPCODE	D1C0	1041077	0.263831
OPCODE	3181	1039945	0.263544
OPCODE	286E	1016772	0.257672
OPCODE	67EE	1000379	0.253517
OPCODE	5340	996609	0.252562
OPCODE	B0B8	994018	0.251905
OPCODE	4FEF	992766	0.251588
OPCODE	3080	957319	0.242605
OPCODE	4A12	954850	0.241979
OPCODE	528B	950006	0.240752
OPCODE	528A	950002	0.240751
OPCODE	4A50	926429	0.234777
OPCODE	362E	898808	0.227777
OPCODE	245F	896643	0.227228
OPCODE	241F	885333	0.224362
OPCODE	2F02	885061	0.224293
OPCODE	6EFA	861342	0.218282
OPCODE	0C42	844301	0.213964
OPCODE	6EF4	843622	0.213792
OPCODE	3803	841384	0.213225
OPCODE	6DF4	828962	0.210077
OPCODE	246F	828556	0.209974
OPCODE	2F4A	828363	0.209925
OPCODE	341A	828363	0.209925
OPCODE	226E	817389	0.207144
OPCODE	22D8	810329	0.205355
OPCODE	4EF9	792296	0.200785
OPCODE	2009	792141	0.200745
OPCODE	204B	791850	0.200672
OPCODE	486E	791769	0.200651
OPCODE	D0C2	790267	0.200270
OPCODE	2F0C	777588	0.197057
OPCODE	205F	771977	0.195635
OPCODE	3011	756198	0.191637
OPCODE	3290	755871	0.191554
OPCODE	3182	737221	0.186828
OPCODE	3F2E	705591	0.178812
OPCODE	B644	679620	0.172230
OPCODE	2046	675433	0.171169
OPCODE	266E	673724	0.170736
OPCODE	302D	670265	0.169859
OPCODE	382E	664457	0.168388
OPCODE	3042	663255	0.168083
OPCODE	D043	662156	0.167804
OPCODE	2045	661504	0.167639
OPCODE	33B0	656355	0.166334
OPCODE	2F70	650313	0.164803
OPCODE	0442	649790	0.164671
OPCODE	52AD	649500	0.164597
OPCODE	51C8	625395	0.158488
OPCODE	6002	621462	0.157492
OPCODE	200C	610487	0.154710
OPCODE	584F	602999	0.152813
OPCODE	3C2E	602814	0.152766
OPCODE	7600	595898	0.151013
OPCODE	5247	572708	0.145136
OPCODE	3A03	570178	0.144495
OPCODE	DA43	569711	0.144377
OPCODE	D845	569708	0.144376
OPCODE	5645	569707	0.144376
OPCODE	31BC	566664	0.143605
OPCODE	670E	559536	0.141798
OPCODE	4CEE	549737	0.139315
OPCODE	2E9F	541666	0.137270
OPCODE	5E40	540000	0.136848
OPCODE	4ED0	538764	0.136534
OPCODE	2040	534798	0.135529
OPCODE	2047	531383	0.134664
OPCODE	6006	522136	0.132320
OPCODE	9043	517537	0.131155
OPCODE	4E71	512792	0.129952
OPCODE	6706	510748	0.129434
OPCODE	6100	508473	0.128858
OPCODE	2F38	506942	0.128470
OPCODE	2C08	504211	0.127778
OPCODE	3F04	503485	0.127594
OPCODE	3B70	492020	0.124688
OPCODE	3430	491518	0.124561
OPCODE	D041	484281	0.122727
OPCODE	2F05	477910	0.121113
OPCODE	6704	475865	0.120594
OPCODE	3F03	474767	0.120316
OPCODE	6710	457119	0.115844
OPCODE	322E	451996	0.114545
OPCODE	225F	451881	0.114516
OPCODE	3B40	451868	0.114513
OPCODE	4842	444638	0.112681
OPCODE	0C97	439580	0.111399
OPCODE	0C40	437215	0.110800
OPCODE	2E08	432931	0.109714
OPCODE	2F2E	431243	0.109286
OPCODE	2F08	424292	0.107525
OPCODE	558F	422779	0.107141
OPCODE	3006	394340	0.099934
OPCODE	6000	387076	0.098093
OPCODE	661C	386579	0.097967
OPCODE	4250	380979	0.096548
OPCODE	2F0B	380378	0.096396
OPCODE	6758	380015	0.096304
OPCODE	C0B8	378930	0.096029
OPCODE	0240	378201	0.095844
OPCODE	6CBE	377940	0.095778
OPCODE	4A80	376289	0.095360
OPCODE	0838	375516	0.095164
OPCODE	C1FC	374202	0.094831
OPCODE	676E	363164	0.092033
OPCODE	224A	362068	0.091756
OPCODE	31AE	360410	0.091336
OPCODE	3E30	356314	0.090298
OPCODE	206D	355504	0.090092
OPCODE	598F	355463	0.090082
OPCODE	2052	352068	0.089222
OPCODE	504F	346898	0.087911
OPCODE	7A00	343912	0.087155
OPCODE	6FCE	339297	0.085985
OPCODE	4A11	336333	0.085234
OPCODE	1A2B	336209	0.085203
OPCODE	6FCC	335934	0.085133
OPCODE	6AF8	334831	0.084853
OPCODE	3F05	331520	0.084014
OPCODE	2F10	327411	0.082973
OPCODE	3045	322133	0.081635
OPCODE	4A40	318411	0.080692
OPCODE	2F09	318041	0.080598
OPCODE	3D70	317525	0.080468
OPCODE	5C4F	314566	0.079718
OPCODE	544F	312369	0.079161
OPCODE	3029	311936	0.079051
OPCODE	D2C3	310458	0.078677
OPCODE	41FA	297399	0.075367
OPCODE	4A43	291512	0.073875
OPCODE	4A6D	287614	0.072888
OPCODE	603C	286453	0.072593
OPCODE	66F2	282791	0.071665
OPCODE	2055	281693	0.071387
OPCODE	6634	273966	0.069429
OPCODE	3D6D	268418	0.068023
OPCODE	2250	267200	0.067714
OPCODE	3044	260205	0.065941
OPCODE	43ED	259584	0.065784
OPCODE	7601	255989	0.064873
OPCODE	660E	249273	0.063171
OPCODE	0C46	247805	0.062799
OPCODE	3243	246609	0.062496
OPCODE	3600	246205	0.062394
OPCODE	306D	245958	0.062331
OPCODE	2A1F	245767	0.062283
OPCODE	31AD	245745	0.062277
OPCODE	6F5E	245745	0.062277
OPCODE	6602	245332	0.062172
OPCODE	102E	244393	0.061934
OPCODE	2601	242964	0.061572
OPCODE	6D02	242625	0.061486
OPCODE	BC70	242130	0.061361
OPCODE	4EB0	240727	0.061005
OPCODE	3030	233683	0.059220
OPCODE	2F01	229508	0.058162
OPCODE	2A78	225624	0.057178
OPCODE	B3D6	225266	0.057087
OPCODE	0C6C	224929	0.057002
OPCODE	6C04	224924	0.057001
OPCODE	6426	224865	0.056986
OPCODE	670C	223389	0.056612
OPCODE	2211	222446	0.056373
OPCODE	4A10	222310	0.056338
OPCODE	4242	222061	0.056275
OPCODE	223C	221233	0.056065
OPCODE	D3C1	219934	0.055736
OPCODE	C282	219923	0.055733
OPCODE	221F	215148	0.054523
OPCODE	6708	211904	0.053701
OPCODE	6004	210110	0.053246
OPCODE	3F3C	208622	0.052869
OPCODE	3001	208393	0.052811
OPCODE	2078	208146	0.052749
OPCODE	0280	206458	0.052321
OPCODE	2400	206457	0.052321
OPCODE	548F	205058	0.051966
OPCODE	4270	204930	0.051934
OPCODE	671A	203888	0.051670
OPCODE	7400	202515	0.051322
OPCODE	2002	201356	0.051028
OPCODE	6E26	199254	0.050495
OPCODE	47FA	199209	0.050484
OPCODE	2978	197856	0.050141
OPCODE	4880	194960	0.049407
OPCODE	0C38	194674	0.049335
OPCODE	4A00	194215	0.049218
OPCODE	6606	193774	0.049106
OPCODE	0640	192524	0.048790
OPCODE	7002	183040	0.046386
OPCODE	662E	182939	0.046361
OPCODE	2A2E	182871	0.046343
OPCODE	317C	182441	0.046234
OPCODE	3202	182379	0.046219
OPCODE	3200	181212	0.045923
OPCODE	0242	179397	0.045463
OPCODE	6530	178614	0.045265
OPCODE	1401	178611	0.045264
OPCODE	41EE	176355	0.044692
OPCODE	200B	174379	0.044191
OPCODE	2070	174345	0.044183
OPCODE	0C50	173101	0.043867
OPCODE	4A1F	172337	0.043674
OPCODE	81FC	169421	0.042935
OPCODE	6D20	169052	0.042841
OPCODE	4881	169051	0.042841
OPCODE	B228	169051	0.042841
OPCODE	9228	169048	0.042840
OPCODE	E541	169045	0.042840
OPCODE	102C	168932	0.042811
OPCODE	A829	168503	0.042702
OPCODE	4868	168480	0.042696
OPCODE	2A40	168397	0.042675
OPCODE	1200	165757	0.042006
OPCODE	660C	165654	0.041980
OPCODE	7001	165502	0.041942
OPCODE	2F20	163675	0.041479
OPCODE	2478	163605	0.041461
OPCODE	6504	163422	0.041415
OPCODE	61FF	163081	0.041328
OPCODE	21CA	161645	0.040964
OPCODE	21CB	161353	0.040890
OPCODE	47FB	161339	0.040887
OPCODE	47F9	161308	0.040879
OPCODE	486D	160648	0.040712
OPCODE	5C48	158574	0.040186
OPCODE	5548	158515	0.040171
OPCODE	4840	156377	0.039629
OPCODE	F217	156146	0.039571
OPCODE	2290	156127	0.039566
OPCODE	6FD6	153468	0.038892
OPCODE	0C80	152107	0.038547
OPCODE	C1C1	151161	0.038307
OPCODE	5441	150164	0.038055
OPCODE	B22E	150000	0.038013
OPCODE	BA2D	150000	0.038013
OPCODE	7066	150000	0.038013
OPCODE	0800	148749	0.037696
OPCODE	51CA	147386	0.037351
OPCODE	670A	145419	0.036852
OPCODE	B0AC	140909	0.035709
OPCODE	285F	140835	0.035691
OPCODE	200D	140572	0.035624
OPCODE	2F00	140223	0.035535
OPCODE	2F3A	139708	0.035405
OPCODE	70FF	136396	0.034566
OPCODE	2D6E	136102	0.034491
OPCODE	4240	134008	0.033960
OPCODE	202E	133395	0.033805
OPCODE	4A2C	133394	0.033805
OPCODE	E9D4	129096	0.032716
OPCODE	1F05	128008	0.032440
OPCODE	224B	127932	0.032421
OPCODE	426E	127866	0.032404
OPCODE	720F	126484	0.032054
OPCODE	2050	125800	0.031880
OPCODE	0C6F	123137	0.031206
OPCODE	6032	123064	0.031187
OPCODE	9A44	122890	0.031143
OPCODE	9A43	122871	0.031138
OPCODE	7A06	122865	0.031137
OPCODE	4258	121243	0.030726
OPCODE	5380	120888	0.030636
OPCODE	57C0	120412	0.030515
OPCODE	0C00	119346	0.030245
OPCODE	3D40	118553	0.030044
OPCODE	D443	117153	0.029689
OPCODE	5242	116719	0.029579
OPCODE	2D40	114731	0.029075
OPCODE	301F	114707	0.029069
OPCODE	4400	114586	0.029039
OPCODE	1D43	114512	0.029020
OPCODE	4A81	113876	0.028859
OPCODE	2007	113351	0.028726
OPCODE	3400	113327	0.028719
OPCODE	4843	113178	0.028682
OPCODE	4480	113011	0.028639
OPCODE	2D6C	112449	0.028497
OPCODE	9280	112421	0.028490
OPCODE	60F4	112420	0.028490
OPCODE	2401	111865	0.028349
OPCODE	4A28	111648	0.028294
OPCODE	C0C1	111106	0.028157
OPCODE	6C0C	110524	0.028009
OPCODE	6F0C	110384	0.027974
OPCODE	D082	110257	0.027941
OPCODE	C4C1	110022	0.027882
OPCODE	C6C0	110010	0.027879
OPCODE	0681	110000	0.027876
OPCODE	B06D	110000	0.027876
OPCODE	6394	110000	0.027876
OPCODE	BA6D	109680	0.027795
OPCODE	600C	109111	0.027651
OPCODE	2E00	109100	0.027648
OPCODE	F200	108624	0.027528
OPCODE	4E74	108506	0.027498
OPCODE	5088	107947	0.027356
OPCODE	2F3C	107391	0.027215
OPCODE	6724	106666	0.027031
OPCODE	2F2D	106435	0.026973
OPCODE	4267	106361	0.026954
OPCODE	2278	104973	0.026602
OPCODE	2D7C	104918	0.026588
OPCODE	262E	104698	0.026533
OPCODE	6702	104590	0.026505
OPCODE	F623	104173	0.026400
OPCODE	226F	103371	0.026196
OPCODE	4EFB	103172	0.026146
OPCODE	0C2D	101220	0.025651
OPCODE	C1EE	100446	0.025455
OPCODE	9044	100204	0.025394
OPCODE	2252	100077	0.025362
OPCODE	1B7C	100059	0.025357
OPCODE	B02E	100031	0.025350
OPCODE	B86E	100016	0.025346
OPCODE	1F3C	100007	0.025344
OPCODE	6ED8	100000	0.025342
OPCODE	5205	100000	0.025342
OPCODE	7200	99959	0.025332
OPCODE	2878	99720	0.025271
OPCODE	2D4C	99031	0.025097
OPCODE	F21F	98847	0.025050
OPCODE	20AF	98315	0.024915
OPCODE	A873	98315	0.024915
OPCODE	6E0C	97306	0.024659
OPCODE	6C0E	96234	0.024388
OPCODE	6720	94367	0.023915
OPCODE	1003	93535	0.023704
OPCODE	661A	93402	0.023670
OPCODE	2840	92974	0.023562
OPCODE	007C	92944	0.023554
OPCODE	662A	92630	0.023474
OPCODE	4278	92502	0.023442
OPCODE	5188	92365	0.023407
OPCODE	4AAD	92130	0.023348
OPCODE	3805	91435	0.023172
OPCODE	D045	91424	0.023169
OPCODE	08F8	90208	0.022861
OPCODE	3606	89677	0.022726
OPCODE	3A2E	89609	0.022709
OPCODE	6740	89428	0.022663
OPCODE	B645	89370	0.022648
OPCODE	BC44	89088	0.022577
OPCODE	1F38	88814	0.022507
OPCODE	11DF	88803	0.022505
OPCODE	2F14	88716	0.022483
OPCODE	2C40	88678	0.022473
OPCODE	2849	88622	0.022459
OPCODE	4A38	88605	0.022454
OPCODE	908E	88547	0.022440
OPCODE	D9C3	88547	0.022440
OPCODE	2C78	88542	0.022438
OPCODE	200E	88486	0.022424
OPCODE	209F	88441	0.022413
OPCODE	20DF	88439	0.022412
OPCODE	30DF	88439	0.022412
OPCODE	594F	88395	0.022401
OPCODE	662C	87435	0.022158
OPCODE	206B	86944	0.022033
OPCODE	602A	86708	0.021974
OPCODE	4AB8	85819	0.021748
OPCODE	E748	85777	0.021738
OPCODE	2068	85510	0.021670
OPCODE	B0AB	85482	0.021663
OPCODE	0C5F	85396	0.021641
OPCODE	2010	85341	0.021627
OPCODE	3EB8	85279	0.021612
OPCODE	660A	85192	0.021589
OPCODE	2EB8	84891	0.021513
OPCODE	295F	84855	0.021504
OPCODE	2D5F	84437	0.021398
OPCODE	B9F8	84261	0.021354
OPCODE	2F30	84260	0.021353
OPCODE	296B	84203	0.021339
OPCODE	66D2	84198	0.021338
OPCODE	6674	84187	0.021335
OPCODE	2A41	84185	0.021334
OPCODE	220D	84185	0.021334
OPCODE	A88F	84185	0.021334
OPCODE	65F2	84100	0.021313
OPCODE	A924	84093	0.021311
OPCODE	08B8	83936	0.021271
OPCODE	C2B8	83274	0.021103
OPCODE	286D	83212	0.021088
OPCODE	9240	83011	0.021037
OPCODE	6712	82988	0.021031
OPCODE	3A00	82691	0.020956
OPCODE	3205	82124	0.020812
OPCODE	43EE	82050	0.020793
OPCODE	0641	81087	0.020549
OPCODE	674C	80451	0.020388
OPCODE	2448	79725	0.020204
OPCODE	3F06	79043	0.020031
OPCODE	6B3A	78849	0.019982
OPCODE	200A	78807	0.019971
OPCODE	2244	78444	0.019879
OPCODE	E9D0	78428	0.019875
OPCODE	2240	78348	0.019855
OPCODE	6B00	78010	0.019769
OPCODE	6762	77855	0.019730
OPCODE	6384	77751	0.019704
OPCODE	51CF	77724	0.019697
OPCODE	286B	77007	0.019515
OPCODE	6C18	76463	0.019377
OPCODE	3028	76443	0.019372
OPCODE	6B0C	76431	0.019369
OPCODE	203A	76424	0.019367
OPCODE	4E7B	76356	0.019350
OPCODE	2038	75608	0.019161
OPCODE	6D0C	75559	0.019148
OPCODE	C029	75486	0.019130
OPCODE	3038	75429	0.019115
OPCODE	B1CB	75378	0.019102
OPCODE	202C	75094	0.019030
OPCODE	4E90	74863	0.018972
OPCODE	2051	74751	0.018943
OPCODE	0C41	74577	0.018899
OPCODE	4ED1	74018	0.018758
OPCODE	3D6E	73730	0.018685
OPCODE	6130	73309	0.018578
OPCODE	2D6D	72987	0.018496
OPCODE	2C49	72783	0.018445
OPCODE	9DE8	72680	0.018419
OPCODE	224C	72375	0.018341
OPCODE	6030	72315	0.018326
OPCODE	4A6C	71578	0.018139
OPCODE	C084	71510	0.018122
OPCODE	6106	71193	0.018042
OPCODE	4A68	71027	0.018000
OPCODE	D3C0	70932	0.017976
OPCODE	3D47	70870	0.017960
OPCODE	4A47	70462	0.017857
OPCODE	3014	70092	0.017763
OPCODE	0C52	70035	0.017748
OPCODE	3612	69927	0.017721
OPCODE	62EA	69909	0.017716
OPCODE	D1C1	69719	0.017668
OPCODE	D685	69423	0.017593
OPCODE	5382	69415	0.017591
OPCODE	EFD1	69066	0.017503
OPCODE	2210	68812	0.017438
OPCODE	8195	68738	0.017420
OPCODE	DC84	68696	0.017409
OPCODE	2037	68688	0.017407
OPCODE	6008	66982	0.016975
OPCODE	6622	66538	0.016862
OPCODE	2F03	66437	0.016837
OPCODE	261F	66171	0.016769
OPCODE	D040	65361	0.016564
OPCODE	303B	65068	0.016490
OPCODE	265F	64743	0.016407
OPCODE	7009	64695	0.016395
OPCODE	66E8	64479	0.016340
OPCODE	584C	64462	0.016336
OPCODE	422D	64241	0.016280
OPCODE	701E	64022	0.016225
OPCODE	6618	63923	0.016199
OPCODE	2678	63913	0.016197
OPCODE	66F0	62983	0.015961
OPCODE	41EB	61630	0.015618
OPCODE	0C68	61346	0.015546
OPCODE	6A44	61272	0.015528
OPCODE	65A6	61128	0.015491
OPCODE	6734	60964	0.015450
OPCODE	4A2E	60946	0.015445
OPCODE	6D00	60550	0.015345
OPCODE	819D	60358	0.015296
OPCODE	201F	60273	0.015274
OPCODE	2668	59984	0.015201
OPCODE	2269	59271	0.015021
OPCODE	3F07	58925	0.014933
OPCODE	082A	58380	0.014795
OPCODE	6C10	58281	0.014770
OPCODE	2178	58271	0.014767
OPCODE	554F	58233	0.014757
OPCODE	51CB	58116	0.014728
OPCODE	6730	58024	0.014705
OPCODE	1432	57604	0.014598
OPCODE	4EFA	57551	0.014585
OPCODE	4247	56964	0.014436
OPCODE	4A02	56891	0.014417
OPCODE	40E7	56404	0.014294
OPCODE	46DF	56378	0.014287
OPCODE	321A	56356	0.014282
OPCODE	60EA	56317	0.014272
OPCODE	220B	56234	0.014251
OPCODE	B243	56136	0.014226
OPCODE	A874	56119	0.014222
OPCODE	2453	56101	0.014217
OPCODE	6F1C	56004	0.014193
OPCODE	266D	55857	0.014155
OPCODE	6014	55855	0.014155
OPCODE	4207	55795	0.014140
OPCODE	B440	55155	0.013977
OPCODE	DBCB	54953	0.013926
OPCODE	D9CA	54953	0.013926
OPCODE	6D04	54079	0.013705
OPCODE	5341	53774	0.013627
OPCODE	7803	53454	0.013546
OPCODE	3018	53420	0.013538
OPCODE	906E	53232	0.013490
OPCODE	357C	53144	0.013468
OPCODE	3D7C	53055	0.013445
OPCODE	2054	52931	0.013414
OPCODE	6022	52375	0.013273
OPCODE	D2C1	52084	0.013199
OPCODE	5A41	52038	0.013188
OPCODE	1D7C	52013	0.013181
OPCODE	1B40	51914	0.013156
OPCODE	7014	51337	0.013010
OPCODE	601A	51222	0.012981
OPCODE	66F4	51189	0.012972
OPCODE	3408	50706	0.012850
OPCODE	6732	50657	0.012838
OPCODE	526E	50432	0.012781
OPCODE	3F28	50426	0.012779
OPCODE	B7CC	50373	0.012766
OPCODE	906D	50350	0.012760
OPCODE	3B7C	50284	0.012743
OPCODE	40C0	50259	0.012737
OPCODE	B280	50239	0.012732
OPCODE	6FE0	50221	0.012727
OPCODE	316A	50210	0.012724
OPCODE	2808	50206	0.012723
OPCODE	6024	50190	0.012719
OPCODE	0C04	50181	0.012717
OPCODE	7005	50155	0.012710
OPCODE	720A	50086	0.012693
OPCODE	3F2D	50084	0.012692
OPCODE	6DF2	50058	0.012686
OPCODE	2F12	50016	0.012675
OPCODE	1004	50013	0.012674
OPCODE	6FE8	50007	0.012673
OPCODE	162E	50004	0.012672
OPCODE	1F03	50003	0.012672
OPCODE	2092	50000	0.012671
OPCODE	14BC	50000	0.012671
OPCODE	1483	50000	0.012671
OPCODE	1600	50000	0.012671
OPCODE	5270	50000	0.012671
OPCODE	1F2A	50000	0.012671
OPCODE	1F32	50000	0.012671
OPCODE	89EE	50000	0.012671
OPCODE	D250	50000	0.012671
OPCODE	862D	50000	0.012671
OPCODE	1F33	50000	0.012671
OPCODE	7A41	50000	0.012671
OPCODE	7841	50000	0.012671
OPCODE	2028	49431	0.012527
OPCODE	6026	49131	0.012451
OPCODE	0801	48984	0.012414
OPCODE	24C6	48946	0.012404
OPCODE	43E9	48639	0.012326
OPCODE	3272	47901	0.012139
OPCODE	2006	47498	0.012037
OPCODE	663A	47290	0.011984
OPCODE	43F8	47073	0.011929
OPCODE	6620	47072	0.011929
OPCODE	6500	46853	0.011874
OPCODE	6F04	46231	0.011716
OPCODE	203C	45823	0.011613
OPCODE	672A	45460	0.011521
OPCODE	0829	44909	0.011381
OPCODE	2640	44815	0.011357
OPCODE	41EA	44727	0.011335
OPCODE	6614	44588	0.011300
OPCODE	42AE	43945	0.011137
OPCODE	6722	43570	0.011042
OPCODE	F620	43568	0.011041
OPCODE	6718	43263	0.010964
OPCODE	2F07	43142	0.010933
OPCODE	4AAE	43133	0.010931
OPCODE	2014	43090	0.010920
OPCODE	3E1F	43048	0.010909
OPCODE	0811	42862	0.010862
OPCODE	1080	42767	0.010838
OPCODE	0C45	42722	0.010827
OPCODE	45FA	42721	0.010826
OPCODE	08D1	42630	0.010803
OPCODE	486B	42559	0.010785
OPCODE	5540	42503	0.010771
OPCODE	B093	42406	0.010747
OPCODE	266C	42302	0.010720
OPCODE	4A53	42251	0.010707
OPCODE	7004	42168	0.010686
OPCODE	6C12	42155	0.010683
OPCODE	2251	42104	0.010670
OPCODE	67F2	42093	0.010667
OPCODE	D4C7	42003	0.010644
OPCODE	2F0F	41998	0.010643
OPCODE	B0AD	41814	0.010597
OPCODE	F218	41752	0.010581
OPCODE	1D47	41612	0.010545
OPCODE	4E73	41501	0.010517
OPCODE	302F	41039	0.010400
OPCODE	9082	40985	0.010386
OPCODE	0281	40933	0.010373
OPCODE	5245	40740	0.010324
OPCODE	244B	40712	0.010317
OPCODE	6034	40077	0.010156
OPCODE	6FD0	40000	0.010137
OPCODE	2215	39420	0.009990
OPCODE	700A	39306	0.009961
OPCODE	41F8	38968	0.009875
OPCODE	4E93	38559	0.009772
OPCODE	24D1	37882	0.009600
OPCODE	707F	37749	0.009566
OPCODE	422E	37278	0.009447
OPCODE	6404	36236	0.009183
OPCODE	46C0	36164	0.009165
OPCODE	222E	36145	0.009160
OPCODE	76FF	35876	0.009092
OPCODE	3228	35384	0.008967
OPCODE	6646	35344	0.008957
OPCODE	2228	34630	0.008776
OPCODE	7217	34620	0.008773
OPCODE	307B	34620	0.008773
OPCODE	2AC6	34517	0.008747
OPCODE	6E0A	34400	0.008718
OPCODE	4680	34070	0.008634
OPCODE	42A8	33930	0.008599
OPCODE	600A	33552	0.008503
OPCODE	264F	33273	0.008432
OPCODE	B058	33023	0.008369
OPCODE	1018	32914	0.008341
OPCODE	4A05	32437	0.008220
OPCODE	2229	32417	0.008215
OPCODE	275F	32043	0.008120
OPCODE	60FF	31885	0.008080
OPCODE	0241	31762	0.008049
OPCODE	2209	31624	0.008014
OPCODE	B1D6	31285	0.007928
OPCODE	24D9	31112	0.007884
OPCODE	F4E9	30999	0.007856
OPCODE	2469	30991	0.007854
OPCODE	2F2F	30628	0.007762
OPCODE	4E7A	30571	0.007747
OPCODE	3010	30535	0.007738
OPCODE	7201	30517	0.007734
OPCODE	20D9	30395	0.007703
OPCODE	3238	30362	0.007694
OPCODE	6626	30341	0.007689
OPCODE	0CAF	30243	0.007664
OPCODE	2E2E	30163	0.007644
OPCODE	4AAB	30101	0.007628
OPCODE	C100	29930	0.007585
OPCODE	0247	29893	0.007576
OPCODE	4A07	29862	0.007568
OPCODE	6FBA	29470	0.007468
OPCODE	504A	29384	0.007447
OPCODE	2253	29226	0.007406
OPCODE	6016	29178	0.007394
OPCODE	3013	29107	0.007376
OPCODE	3D5F	29107	0.007376
OPCODE	2940	28969	0.007341
OPCODE	57C3	28906	0.007325
OPCODE	41E8	28858	0.007313
OPCODE	2F28	28797	0.007298
OPCODE	6752	28713	0.007276
OPCODE	4878	28708	0.007275
OPCODE	6638	28686	0.007270
OPCODE	4869	28680	0.007268
OPCODE	4A5F	28657	0.007262
OPCODE	B06C	28605	0.007249
OPCODE	600E	28589	0.007245
OPCODE	B7FC	28517	0.007227
OPCODE	4403	28487	0.007219
OPCODE	508F	28472	0.007215
OPCODE	2C00	28435	0.007206
OPCODE	3218	28413	0.007200
OPCODE	3232	28412	0.007200
OPCODE	7006	28405	0.007198
OPCODE	DFC0	28327	0.007179
OPCODE	0647	28324	0.007178
OPCODE	663C	28257	0.007161
OPCODE	6632	28247	0.007158
OPCODE	A049	28229	0.007154
OPCODE	C078	28213	0.007150
OPCODE	7010	28165	0.007138
OPCODE	2238	28162	0.007137
OPCODE	207A	28142	0.007132
OPCODE	6B12	28138	0.007131
OPCODE	6746	28124	0.007127
OPCODE	08AA	28118	0.007126
OPCODE	6636	28107	0.007123
OPCODE	2450	28071	0.007114
OPCODE	62EC	28070	0.007114
OPCODE	D8FC	28031	0.007104
OPCODE	676A	28026	0.007102
OPCODE	2A81	28024	0.007102
OPCODE	1141	28018	0.007100
OPCODE	4254	28017	0.007100
OPCODE	1178	28012	0.007099
OPCODE	3F7A	28012	0.007099
OPCODE	4A54	28006	0.007097
OPCODE	E359	28000	0.007096
OPCODE	1D5F	27994	0.007094
OPCODE	7012	27991	0.007094
OPCODE	260C	27990	0.007093
OPCODE	103A	27977	0.007090
OPCODE	675A	27977	0.007090
OPCODE	677E	27977	0.007090
OPCODE	5D43	27970	0.007088
OPCODE	303A	27965	0.007087
OPCODE	70FC	27959	0.007085
OPCODE	D0A9	27956	0.007085
OPCODE	5543	27955	0.007084
OPCODE	6C08	27844	0.007056
OPCODE	F227	27840	0.007055
OPCODE	1EBC	27757	0.007034
OPCODE	B054	27742	0.007030
OPCODE	B051	27644	0.007006
OPCODE	D1C4	27533	0.006977
OPCODE	38BC	27515	0.006973
OPCODE	2810	27420	0.006949
OPCODE	F22E	27338	0.006928
OPCODE	C8B8	27289	0.006916
OPCODE	C0A9	27232	0.006901
OPCODE	6FB8	27007	0.006844
OPCODE	6E10	27005	0.006844
OPCODE	C081	26861	0.006807
OPCODE	08A9	26819	0.006797
OPCODE	5244	26295	0.006664
OPCODE	082B	25588	0.006485
OPCODE	6714	25491	0.006460
OPCODE	6FCA	24448	0.006196
OPCODE	B380	24376	0.006177
OPCODE	E098	23944	0.006068
OPCODE	2D41	23626	0.005987
OPCODE	1033	23416	0.005934
OPCODE	6E00	23239	0.005889
OPCODE	F23C	23233	0.005888
OPCODE	6A04	23179	0.005874
OPCODE	6748	22881	0.005799
OPCODE	2049	22850	0.005791
OPCODE	B66E	22686	0.005749
OPCODE	6CF4	22453	0.005690
OPCODE	2248	22434	0.005685
OPCODE	6A02	22105	0.005602
OPCODE	E9EE	22010	0.005578
OPCODE	43FA	21969	0.005567
OPCODE	2449	21613	0.005477
OPCODE	5342	21545	0.005460
OPCODE	32D8	21531	0.005456
OPCODE	3230	21451	0.005436
OPCODE	342E	21448	0.005435
OPCODE	0C01	21426	0.005430
OPCODE	3428	21264	0.005389
OPCODE	42A7	21241	0.005383
OPCODE	6900	21121	0.005353
OPCODE	6616	21109	0.005349
OPCODE	671C	20967	0.005313
OPCODE	D3CE	20939	0.005306
OPCODE	5368	20863	0.005287
OPCODE	1010	20824	0.005277
OPCODE	6028	20467	0.005187
OPCODE	6D06	20403	0.005171
OPCODE	206F	20204	0.005120
OPCODE	4A6E	20164	0.005110
OPCODE	0891	20141	0.005104
OPCODE	4271	19968	0.005060
OPCODE	C284	19920	0.005048
OPCODE	4A78	19718	0.004997
OPCODE	2011	19700	0.004992
OPCODE	202D	19635	0.004976
OPCODE	4AA8	19615	0.004971
OPCODE	43E8	19450	0.004929
OPCODE	3012	19393	0.004915
OPCODE	72FF	19336	0.004900
OPCODE	B041	19173	0.004859
OPCODE	F201	18970	0.004807
OPCODE	2440	18964	0.004806
OPCODE	6728	18961	0.004805
OPCODE	2F04	18874	0.004783
OPCODE	6104	18846	0.004776
OPCODE	D081	18736	0.004748
OPCODE	4A94	18444	0.004674
OPCODE	22FB	18192	0.004610
OPCODE	4238	18014	0.004565
OPCODE	C085	17775	0.004505
OPCODE	7E00	17774	0.004504
OPCODE	4E91	17760	0.004501
OPCODE	4A13	17677	0.004480
OPCODE	4A42	17575	0.004454
OPCODE	4A2A	17573	0.004453
OPCODE	1F00	17535	0.004444
OPCODE	422C	17527	0.004442
OPCODE	95CA	17511	0.004438
OPCODE	6E04	17453	0.004423
OPCODE	6B16	17328	0.004391
OPCODE	675C	17234	0.004367
OPCODE	BF80	17216	0.004363
OPCODE	6736	17177	0.004353
OPCODE	3E10	17132	0.004342
OPCODE	101F	17057	0.004323
OPCODE	51CC	17031	0.004316
OPCODE	536E	17020	0.004313
OPCODE	E149	16994	0.004307
OPCODE	2043	16935	0.004292
OPCODE	4841	16907	0.004285
OPCODE	56C8	16901	0.004283
OPCODE	4A2D	16815	0.004261
OPCODE	4A41	16778	0.004252
OPCODE	6B04	16768	0.004249
OPCODE	2212	16762	0.004248
OPCODE	57CC	16718	0.004237
OPCODE	6A0C	16615	0.004211
OPCODE	B050	16571	0.004199
OPCODE	5448	16552	0.004195
OPCODE	9081	16531	0.004189
OPCODE	C1C5	16520	0.004187
OPCODE	5180	16446	0.004168
OPCODE	C210	16423	0.004162
OPCODE	3628	16369	0.004148
OPCODE	2029	16243	0.004116
OPCODE	6744	16203	0.004106
OPCODE	D480	16185	0.004102
OPCODE	6726	16172	0.004098
OPCODE	303C	16078	0.004075
OPCODE	226D	16025	0.004061
OPCODE	4A29	15921	0.004035
OPCODE	A055	15912	0.004032
OPCODE	74F4	15884	0.004025
OPCODE	6664	15866	0.004021
OPCODE	2242	15702	0.003979
OPCODE	226B	15691	0.003976
OPCODE	B3DA	15609	0.003956
OPCODE	672C	15607	0.003955
OPCODE	4642	15575	0.003947
OPCODE	0C28	15551	0.003941
OPCODE	4A2B	15546	0.003940
OPCODE	7420	15538	0.003938
OPCODE	2013	15530	0.003936
OPCODE	0C51	15522	0.003934
OPCODE	6B06	15520	0.003933
OPCODE	43EB	15518	0.003933
OPCODE	2F17	15514	0.003932
OPCODE	8481	15500	0.003928
OPCODE	74FC	15498	0.003928
OPCODE	9288	15498	0.003928
OPCODE	B5CB	15455	0.003917
OPCODE	F569	15427	0.003910
OPCODE	3409	15427	0.003910
OPCODE	6010	15400	0.003903
OPCODE	2848	15370	0.003895
OPCODE	6506	15318	0.003882
OPCODE	E44A	15306	0.003879
OPCODE	9242	15268	0.003869
OPCODE	3A04	15183	0.003848
OPCODE	6EC6	15177	0.003846
OPCODE	6D0E	15156	0.003841
OPCODE	4A6A	15116	0.003831
OPCODE	0C81	15072	0.003820
OPCODE	0C47	15039	0.003811
OPCODE	2243	14989	0.003799
OPCODE	C644	14987	0.003798
OPCODE	C445	14987	0.003798
OPCODE	8642	14987	0.003798
OPCODE	BB42	14987	0.003798
OPCODE	E842	14987	0.003798
OPCODE	602C	14983	0.003797
OPCODE	6088	14974	0.003795
OPCODE	383C	14966	0.003793
OPCODE	4AAC	14935	0.003785
OPCODE	D441	14934	0.003785
OPCODE	027C	14930	0.003784
OPCODE	4645	14924	0.003782
OPCODE	7405	14924	0.003782
OPCODE	B544	14924	0.003782
OPCODE	6F8A	14905	0.003777
OPCODE	4A93	14850	0.003763
OPCODE	6628	14825	0.003757
OPCODE	2D4B	14801	0.003751
OPCODE	2412	14781	0.003746
OPCODE	2442	14758	0.003740
OPCODE	61DA	14752	0.003738
OPCODE	661E	14752	0.003738
OPCODE	6112	14722	0.003731
OPCODE	2D78	14671	0.003718
OPCODE	6F16	14650	0.003713
OPCODE	B9CB	14636	0.003709
OPCODE	F4F8	14628	0.003707
OPCODE	2600	14599	0.003700
OPCODE	D5C1	14587	0.003697
OPCODE	0807	14583	0.003696
OPCODE	7202	14576	0.003694
OPCODE	673C	14558	0.003689
OPCODE	2A08	14440	0.003659
OPCODE	A025	14432	0.003657
OPCODE	3141	14425	0.003656
OPCODE	C1C6	14420	0.003654
OPCODE	C083	14420	0.003654
OPCODE	7802	14405	0.003651
OPCODE	2C10	14404	0.003650
OPCODE	268C	14403	0.003650
OPCODE	6630	14402	0.003650
OPCODE	486C	14378	0.003644
OPCODE	30C0	14378	0.003644
OPCODE	43EC	14378	0.003644
OPCODE	6054	14371	0.003642
OPCODE	49EE	14366	0.003641
OPCODE	294B	14359	0.003639
OPCODE	48C7	14350	0.003637
OPCODE	2431	14335	0.003633
OPCODE	60E2	14322	0.003629
OPCODE	6640	14309	0.003626
OPCODE	422F	14307	0.003626
OPCODE	B478	14281	0.003619
OPCODE	A02E	14270	0.003616
OPCODE	A029	14260	0.003614
OPCODE	6B1E	14256	0.003613
OPCODE	382A	14245	0.003610
OPCODE	EA46	14242	0.003609
OPCODE	720C	14240	0.003609
OPCODE	6624	14240	0.003609
OPCODE	3C1F	14239	0.003608
OPCODE	208B	14237	0.003608
OPCODE	1E03	14236	0.003608
OPCODE	2D48	14236	0.003608
OPCODE	7003	14236	0.003608
OPCODE	E542	14227	0.003605
OPCODE	1940	14227	0.003605
OPCODE	70E4	14227	0.003605
OPCODE	4EB2	14227	0.003605
OPCODE	0929	14227	0.003605
OPCODE	6200	14211	0.003601
OPCODE	A02A	14209	0.003601
OPCODE	2B40	14208	0.003601
OPCODE	3E00	14208	0.003601
OPCODE	E048	14203	0.003599
OPCODE	D094	14200	0.003599
OPCODE	7008	14195	0.003597
OPCODE	9090	14194	0.003597
OPCODE	51CE	14185	0.003595
OPCODE	B252	14182	0.003594
OPCODE	7041	14182	0.003594
OPCODE	70EF	14182	0.003594
OPCODE	30E9	14177	0.003593
OPCODE	A204	14177	0.003593
OPCODE	700C	14177	0.003593
OPCODE	B094	14174	0.003592
OPCODE	21EE	14168	0.003590
OPCODE	2E80	14167	0.003590
OPCODE	5C53	14160	0.003588
OPCODE	2E38	14160	0.003588
OPCODE	6E5A	14147	0.003585
OPCODE	67F8	14147	0.003585
OPCODE	3017	14145	0.003585
OPCODE	6300	14144	0.003584
OPCODE	4205	14139	0.003583
OPCODE	5740	14138	0.003583
OPCODE	7204	14130	0.003581
OPCODE	610A	14126	0.003580
OPCODE	6038	14123	0.003579
OPCODE	4246	14113	0.003577
OPCODE	D159	14111	0.003576
OPCODE	D359	14111	0.003576
OPCODE	2468	14104	0.003574
OPCODE	5D4F	14094	0.003572
OPCODE	61EE	14093	0.003571
OPCODE	4A04	14092	0.003571
OPCODE	22B8	14089	0.003570
OPCODE	2D6B	14081	0.003568
OPCODE	3E2A	14072	0.003566
OPCODE	3F40	14071	0.003566
OPCODE	2D70	14063	0.003564
OPCODE	630A	14062	0.003564
OPCODE	6A12	14059	0.003563
OPCODE	61BC	14057	0.003562
OPCODE	1C2E	14057	0.003562
OPCODE	3D46	14051	0.003561
OPCODE	2F6C	14048	0.003560
OPCODE	D7CC	14046	0.003560
OPCODE	6754	14045	0.003559
OPCODE	6F3E	14044	0.003559
OPCODE	A01C	14044	0.003559
OPCODE	66A8	14042	0.003559
OPCODE	526C	14042	0.003559
OPCODE	703C	14039	0.003558
OPCODE	70FE	14038	0.003558
OPCODE	61E2	14038	0.003558
OPCODE	2D54	14036	0.003557
OPCODE	6650	14034	0.003557
OPCODE	247A	14034	0.003557
OPCODE	296A	14030	0.003556
OPCODE	21EB	14030	0.003556
OPCODE	9091	14030	0.003556
OPCODE	426F	14029	0.003555
OPCODE	676C	14028	0.003555
OPCODE	A871	14025	0.003554
OPCODE	E940	14018	0.003552
OPCODE	7240	14017	0.003552
OPCODE	2F7A	14017	0.003552
OPCODE	5C8F	14015	0.003552
OPCODE	E358	14012	0.003551
OPCODE	6678	14011	0.003551
OPCODE	287A	14010	0.003550
OPCODE	1969	14010	0.003550
OPCODE	1978	14010	0.003550
OPCODE	4204	14010	0.003550
OPCODE	3A38	14010	0.003550
OPCODE	0254	14010	0.003550
OPCODE	3146	14010	0.003550
OPCODE	522E	14010	0.003550
OPCODE	A970	14010	0.003550
OPCODE	1A2E	14010	0.003550
OPCODE	276E	14008	0.003550
OPCODE	B9DF	14006	0.003549
OPCODE	BE46	14006	0.003549
OPCODE	E540	14004	0.003549
OPCODE	A030	14003	0.003549
OPCODE	4A97	14001	0.003548
OPCODE	9CAA	14001	0.003548
OPCODE	2851	13999	0.003548
OPCODE	C038	13999	0.003548
OPCODE	A8AE	13999	0.003548
OPCODE	633C	13999	0.003548
OPCODE	143A	13999	0.003548
OPCODE	0C59	13999	0.003548
OPCODE	A031	13997	0.003547
OPCODE	60FA	13996	0.003547
OPCODE	536C	13995	0.003547
OPCODE	665A	13995	0.003547
OPCODE	362C	13994	0.003546
OPCODE	721A	13994	0.003546
OPCODE	1A07	13993	0.003546
OPCODE	A972	13993	0.003546
OPCODE	6E3A	13993	0.003546
OPCODE	A97F	13987	0.003545
OPCODE	ABF7	13986	0.003544
OPCODE	227B	13986	0.003544
OPCODE	A9B4	13986	0.003544
OPCODE	A0DD	13986	0.003544
OPCODE	6D16	13983	0.003544
OPCODE	2638	13980	0.003543
OPCODE	3638	13978	0.003542
OPCODE	6F48	13978	0.003542
OPCODE	51D0	13978	0.003542
OPCODE	50D0	13978	0.003542
OPCODE	60B6	13978	0.003542
OPCODE	3412	13978	0.003542
OPCODE	A911	13976	0.003542
OPCODE	A980	13974	0.003541
OPCODE	4293	13974	0.003541
OPCODE	3083	13974	0.003541
OPCODE	67B2	13973	0.003541
OPCODE	6518	13967	0.003540
OPCODE	3D42	13954	0.003536
OPCODE	8041	13895	0.003521
OPCODE	4EF0	13882	0.003518
OPCODE	E548	13865	0.003514
OPCODE	322F	13821	0.003503
OPCODE	B9ED	13806	0.003499
OPCODE	102D	13789	0.003494
OPCODE	DAC8	13785	0.003493
OPCODE	D8C8	13785	0.003493
OPCODE	A8E2	13769	0.003489
OPCODE	6212	13706	0.003473
OPCODE	B7C9	13656	0.003461
OPCODE	66D6	13645	0.003458
OPCODE	B189	13637	0.003456
OPCODE	66D0	13633	0.003455
OPCODE	2B49	13624	0.003453
OPCODE	2268	13409	0.003398
OPCODE	3806	13339	0.003380
OPCODE	082E	13326	0.003377
OPCODE	E9D3	13287	0.003367
OPCODE	B181	13262	0.003361
OPCODE	202B	13053	0.003308
OPCODE	4A83	12971	0.003287
OPCODE	2AC0	12962	0.003285
OPCODE	422B	12935	0.003278
OPCODE	65CA	12894	0.003268
OPCODE	B7CA	12814	0.003247
OPCODE	D010	12792	0.003242
OPCODE	4A14	12789	0.003241
OPCODE	7230	12775	0.003237
OPCODE	B311	12775	0.003237
OPCODE	0A11	12774	0.003237
OPCODE	11A9	12774	0.003237
OPCODE	08EB	12772	0.003237
OPCODE	284A	12729	0.003226
OPCODE	C195	12645	0.003205
OPCODE	6A1E	12623	0.003199
OPCODE	66FF	12597	0.003192
OPCODE	0880	12516	0.003172
OPCODE	C1C4	12320	0.003122
OPCODE	6B14	12297	0.003116
OPCODE	3219	12254	0.003105
OPCODE	B3CA	12172	0.003085
OPCODE	B388	12147	0.003078
OPCODE	D0AC	12113	0.003070
OPCODE	6D12	12072	0.003059
OPCODE	3480	12030	0.003049
OPCODE	D4C2	12024	0.003047
OPCODE	0286	11979	0.003036
OPCODE	2D6A	11760	0.002980
OPCODE	C086	11737	0.002974
OPCODE	BE8B	11723	0.002971
OPCODE	C082	11560	0.002930
OPCODE	7040	11069	0.002805
OPCODE	78FF	10871	0.002755
OPCODE	4681	10825	0.002743
OPCODE	D2B1	10752	0.002725
OPCODE	2ADC	10690	0.002709
OPCODE	4A46	10560	0.002676
OPCODE	C200	10549	0.002673
OPCODE	1038	10479	0.002656
OPCODE	0C6D	10479	0.002656
OPCODE	3206	10462	0.002651
OPCODE	D2AE	10387	0.002632
OPCODE	216E	10339	0.002620
OPCODE	20AE	10235	0.002594
OPCODE	3D6A	10222	0.002590
OPCODE	316E	10205	0.002586
OPCODE	F518	10202	0.002585
OPCODE	11C1	10202	0.002585
OPCODE	2005	10162	0.002575
OPCODE	5345	10062	0.002550
OPCODE	D4C0	10034	0.002543
OPCODE	6EB4	10000	0.002534
OPCODE	CE81	9856	0.002498
OPCODE	8287	9856	0.002498
OPCODE	2AC1	9856	0.002498
OPCODE	0686	9856	0.002498
OPCODE	E9D2	9856	0.002498
OPCODE	2815	9856	0.002498
OPCODE	28C4	9856	0.002498
OPCODE	B641	9758	0.002473
OPCODE	0881	9662	0.002449
OPCODE	51CD	9621	0.002438
OPCODE	E449	9576	0.002427
OPCODE	7800	9547	0.002419
OPCODE	7801	9545	0.002419
OPCODE	50EE	9479	0.002402
OPCODE	226C	9440	0.002392
OPCODE	103B	9343	0.002368
OPCODE	2214	9306	0.002358
OPCODE	C087	9304	0.002358
OPCODE	16F4	9216	0.002336
OPCODE	DE84	9216	0.002336
OPCODE	1CD4	9216	0.002336
OPCODE	137C	9068	0.002298
OPCODE	2200	8991	0.002279
OPCODE	4A84	8975	0.002274
OPCODE	D1EB	8881	0.002251
OPCODE	B692	8551	0.002167
OPCODE	57CD	8551	0.002167
OPCODE	122B	8465	0.002145
OPCODE	B084	8411	0.002132
OPCODE	C440	8371	0.002121
OPCODE	3D41	8366	0.002120
OPCODE	6B26	8360	0.002119
OPCODE	0284	8341	0.002114
OPCODE	6738	8325	0.002110
OPCODE	65AA	8223	0.002084
OPCODE	2C14	8211	0.002081
OPCODE	E16B	8203	0.002079
OPCODE	D9C6	8201	0.002078
OPCODE	E88C	8200	0.002078
OPCODE	B9D0	8199	0.002078
OPCODE	1814	8192	0.002076
OPCODE	F23A	8060	0.002043
OPCODE	701F	8031	0.002035
OPCODE	2069	8005	0.002029
OPCODE	6F00	7958	0.002017
OPCODE	D243	7938	0.002012
OPCODE	6F12	7851	0.001990
OPCODE	E5A8	7750	0.001964
OPCODE	D9C1	7749	0.001964
OPCODE	486A	7705	0.001953
OPCODE	2059	7684	0.001947
OPCODE	D2F1	7599	0.001926
OPCODE	B842	7558	0.001915
OPCODE	F327	7534	0.001909
OPCODE	0817	7516	0.001905
OPCODE	0C2F	7516	0.001905
OPCODE	0C05	7511	0.001903
OPCODE	4A01	7509	0.001903
OPCODE	1A19	7493	0.001899
OPCODE	366E	7424	0.001881
OPCODE	3E3C	7416	0.001879
OPCODE	282E	7407	0.001877
OPCODE	588F	7366	0.001867
OPCODE	2A01	7324	0.001856
OPCODE	6126	7319	0.001855
OPCODE	9A6E	7307	0.001852
OPCODE	DBC4	7270	0.001842
OPCODE	2018	7260	0.001840
OPCODE	102B	7258	0.001839
OPCODE	280A	7242	0.001835
OPCODE	48AE	7242	0.001835
OPCODE	D442	7232	0.001833
OPCODE	601C	7220	0.001830
OPCODE	22C5	7196	0.001824
OPCODE	3C02	7192	0.001823
OPCODE	BA6E	7191	0.001822
OPCODE	D8AE	7176	0.001819
OPCODE	7220	7170	0.001817
OPCODE	1CEC	7168	0.001817
OPCODE	9C44	7162	0.001815
OPCODE	4C00	7156	0.001813
OPCODE	3630	7153	0.001813
OPCODE	3099	7149	0.001812
OPCODE	E04B	7143	0.001810
OPCODE	D66E	7143	0.001810
OPCODE	D9AE	7143	0.001810
OPCODE	62B4	7143	0.001810
OPCODE	2830	7143	0.001810
OPCODE	1D6E	7129	0.001807
OPCODE	E169	7123	0.001805
OPCODE	3C03	7122	0.001805
OPCODE	DE2E	7121	0.001805
OPCODE	DAC6	7121	0.001805
OPCODE	D9C4	7121	0.001805
OPCODE	E16A	7121	0.001805
OPCODE	E29C	7121	0.001805
OPCODE	E384	7121	0.001805
OPCODE	E4A4	7121	0.001805
OPCODE	380B	7121	0.001805
OPCODE	C8C0	7121	0.001805
OPCODE	E54E	7121	0.001805
OPCODE	2D49	7052	0.001787
OPCODE	3E2E	7017	0.001778
OPCODE	0287	7013	0.001777
OPCODE	1418	7013	0.001777
OPCODE	E088	6997	0.001773
OPCODE	F207	6978	0.001768
OPCODE	12C0	6971	0.001767
OPCODE	6A18	6967	0.001766
OPCODE	487A	6951	0.001762
OPCODE	D002	6912	0.001752
OPCODE	DC83	6912	0.001752
OPCODE	2428	6903	0.001749
OPCODE	201A	6890	0.001746
OPCODE	1017	6863	0.001739
OPCODE	DACB	6861	0.001739
OPCODE	6168	6847	0.001735
OPCODE	429A	6816	0.001727
OPCODE	256E	6729	0.001705
OPCODE	6A06	6671	0.001691
OPCODE	7020	6603	0.001673
OPCODE	6F14	6600	0.001673
OPCODE	6A10	6566	0.001664
OPCODE	BBCB	6553	0.001661
OPCODE	42AA	6552	0.001660
OPCODE	6F0A	6546	0.001659
OPCODE	663E	6534	0.001656
OPCODE	022B	6491	0.001645
OPCODE	2C05	6464	0.001638
OPCODE	B46E	6448	0.001634
OPCODE	002B	6440	0.001632
OPCODE	5346	6433	0.001630
OPCODE	3406	6432	0.001630
OPCODE	6170	6411	0.001625
OPCODE	0201	6410	0.001624
OPCODE	1743	6399	0.001622
OPCODE	6794	6395	0.001621
OPCODE	162B	6393	0.001620
OPCODE	08AB	6392	0.001620
OPCODE	4845	6388	0.001619
OPCODE	176B	6388	0.001619
OPCODE	4483	6387	0.001619
OPCODE	1741	6387	0.001619
OPCODE	0003	6387	0.001619
OPCODE	1601	6387	0.001619
OPCODE	E90B	6387	0.001619
OPCODE	E809	6387	0.001619
OPCODE	C12B	6387	0.001619
OPCODE	0211	6387	0.001619
OPCODE	1343	6387	0.001619
OPCODE	0029	6387	0.001619
OPCODE	6A4E	6387	0.001619
OPCODE	C600	6387	0.001619
OPCODE	C211	6387	0.001619
OPCODE	7640	6387	0.001619
OPCODE	617A	6387	0.001619
OPCODE	244C	6380	0.001617
OPCODE	2A00	6340	0.001607
OPCODE	E8C1	6324	0.001603
OPCODE	4443	6238	0.001581
OPCODE	323C	6221	0.001577
OPCODE	396C	6221	0.001577
OPCODE	2619	6219	0.001576
OPCODE	C640	6218	0.001576
OPCODE	E54C	6218	0.001576
OPCODE	9284	6218	0.001576
OPCODE	DC43	6218	0.001576
OPCODE	7820	6218	0.001576
OPCODE	3046	6218	0.001576
OPCODE	94C4	6218	0.001576
OPCODE	96C4	6218	0.001576
OPCODE	9C80	6218	0.001576
OPCODE	8029	6210	0.001574
OPCODE	7080	6210	0.001574
OPCODE	3C00	6196	0.001570
OPCODE	2480	6191	0.001569
OPCODE	6FAA	6161	0.001561
OPCODE	B06E	6146	0.001558
OPCODE	45EA	6146	0.001558
OPCODE	6610	6084	0.001542
OPCODE	6A16	6044	0.001532
OPCODE	6076	6023	0.001526
OPCODE	63EA	6019	0.001525
OPCODE	2445	6015	0.001524
OPCODE	41E9	6011	0.001523
OPCODE	4A85	6008	0.001523
OPCODE	2022	5986	0.001517
OPCODE	2E03	5986	0.001517
OPCODE	8081	5976	0.001514
OPCODE	3403	5960	0.001510
OPCODE	D282	5930	0.001503
OPCODE	2003	5917	0.001499
OPCODE	6D34	5916	0.001499
OPCODE	0200	5909	0.001497
OPCODE	22C0	5868	0.001487
OPCODE	60C8	5858	0.001485
OPCODE	D481	5858	0.001485
OPCODE	4ED2	5819	0.001475
OPCODE	4ED4	5803	0.001471
OPCODE	B458	5703	0.001445
OPCODE	DACC	5698	0.001444
OPCODE	302B	5656	0.001433
OPCODE	2415	5625	0.001425
OPCODE	67F6	5610	0.001422
OPCODE	B085	5607	0.001421
OPCODE	B258	5596	0.001418
OPCODE	1013	5587	0.001416
OPCODE	0285	5579	0.001414
OPCODE	1A14	5576	0.001413
OPCODE	E88D	5576	0.001413
OPCODE	60B0	5550	0.001406
OPCODE	B658	5545	0.001405
OPCODE	B858	5544	0.001405
OPCODE	3D43	5524	0.001400
OPCODE	1232	5520	0.001399
OPCODE	1169	5466	0.001385
OPCODE	28C5	5454	0.001382
OPCODE	F236	5453	0.001382
OPCODE	B300	5448	0.001381
OPCODE	C301	5408	0.001371
OPCODE	C904	5408	0.001371
OPCODE	C502	5408	0.001371
OPCODE	CB05	5408	0.001371
OPCODE	C703	5408	0.001371
OPCODE	323B	5383	0.001364
OPCODE	6B10	5374	0.001362
OPCODE	56CB	5349	0.001356
OPCODE	C004	5320	0.001348
OPCODE	49FA	5276	0.001337
OPCODE	34FC	5257	0.001332
OPCODE	48C1	5249	0.001330
OPCODE	D281	5155	0.001306
OPCODE	56EE	5126	0.001299
OPCODE	2452	5109	0.001295
OPCODE	5C88	5104	0.001293
OPCODE	8001	5085	0.001289
OPCODE	43F0	5070	0.001285
OPCODE	122F	5062	0.001283
OPCODE	A9EC	5060	0.001282
OPCODE	EB88	5060	0.001282
OPCODE	812F	5060	0.001282
OPCODE	5588	5060	0.001282
OPCODE	302A	5052	0.001280
OPCODE	45EE	5044	0.001278
OPCODE	2080	4995	0.001266
OPCODE	4A6B	4896	0.001241
OPCODE	B091	4874	0.001235
OPCODE	93C9	4871	0.001234
OPCODE	B480	4842	0.001227
OPCODE	E288	4809	0.001219
OPCODE	2004	4807	0.001218
OPCODE	2411	4805	0.001218
OPCODE	D881	4768	0.001208
OPCODE	8480	4761	0.001207
OPCODE	C485	4755	0.001205
OPCODE	2A82	4755	0.001205
OPCODE	67D0	4748	0.001203
OPCODE	B1CA	4732	0.001199
OPCODE	65D4	4726	0.001198
OPCODE	2D42	4722	0.001197
OPCODE	4EAD	4667	0.001183
OPCODE	34C0	4641	0.001176
OPCODE	11FC	4615	0.001170
OPCODE	1029	4610	0.001168
OPCODE	740F	4526	0.001147
OPCODE	6538	4521	0.001146
OPCODE	6B50	4480	0.001135
OPCODE	9041	4474	0.001134
OPCODE	2C33	4467	0.001132
OPCODE	2854	4445	0.001126
OPCODE	3019	4431	0.001123
OPCODE	D280	4403	0.001116
OPCODE	22D0	4386	0.001112
OPCODE	4846	4384	0.001111
OPCODE	EFC2	4384	0.001111
OPCODE	2855	4379	0.001110
OPCODE	6E22	4370	0.001107
OPCODE	2800	4365	0.001106
OPCODE	2D44	4247	0.001076
OPCODE	C3C0	4224	0.001070
OPCODE	9244	4214	0.001068
OPCODE	74FF	4202	0.001065
OPCODE	B3F8	4202	0.001065
OPCODE	6E08	4166	0.001056
OPCODE	24C0	4117	0.001043
OPCODE	2D45	4031	0.001022
OPCODE	0828	4013	0.001017
OPCODE	9051	3999	0.001013
OPCODE	6BDC	3973	0.001007
OPCODE	4A90	3956	0.001003
OPCODE	6D18	3928	0.000995
OPCODE	2654	3911	0.000991
OPCODE	674A	3891	0.000986
OPCODE	0C6E	3882	0.000984
OPCODE	6B02	3868	0.000980
OPCODE	D1AE	3858	0.000978
OPCODE	2D43	3847	0.000975
OPCODE	D0F0	3846	0.000975
OPCODE	6402	3831	0.000971
OPCODE	E509	3829	0.000970
OPCODE	E9E8	3825	0.000969
OPCODE	2A0E	3796	0.000962
OPCODE	48EE	3786	0.000959
OPCODE	6B0E	3784	0.000959
OPCODE	802E	3766	0.000954
OPCODE	266B	3765	0.000954
OPCODE	E788	3760	0.000953
OPCODE	0401	3758	0.000952
OPCODE	C02E	3758	0.000952
OPCODE	81AE	3758	0.000952
OPCODE	EDC0	3758	0.000952
OPCODE	4210	3697	0.000937
OPCODE	2081	3679	0.000932
OPCODE	2089	3679	0.000932
OPCODE	6D1C	3662	0.000928
OPCODE	20A9	3646	0.000924
OPCODE	2828	3646	0.000924
OPCODE	32E8	3644	0.000923
OPCODE	2A09	3632	0.000920
OPCODE	6114	3621	0.000918
OPCODE	2A28	3618	0.000917
OPCODE	47EB	3596	0.000911
OPCODE	2001	3571	0.000905
OPCODE	601E	3555	0.000901
OPCODE	67F4	3541	0.000897
OPCODE	9083	3536	0.000896
OPCODE	2447	3519	0.000892
OPCODE	4643	3514	0.000891
OPCODE	B646	3506	0.000888
OPCODE	8200	3505	0.000888
OPCODE	3C28	3501	0.000887
OPCODE	B2A9	3497	0.000886
OPCODE	8E86	3489	0.000884
OPCODE	8C87	3489	0.000884
OPCODE	2E09	3489	0.000884
OPCODE	5383	3489	0.000884
OPCODE	BF46	3489	0.000884
OPCODE	E08E	3489	0.000884
OPCODE	584B	3489	0.000884
OPCODE	61C6	3450	0.000874
OPCODE	2D4F	3436	0.000871
OPCODE	60BC	3423	0.000867
OPCODE	6446	3418	0.000866
OPCODE	673E	3407	0.000863
OPCODE	B081	3400	0.000862
OPCODE	21F8	3399	0.000861
OPCODE	6A08	3382	0.000857
OPCODE	C4B8	3367	0.000853
OPCODE	356E	3360	0.000851
OPCODE	2204	3356	0.000850
OPCODE	4C98	3355	0.000850
OPCODE	6A0A	3346	0.000848
OPCODE	2819	3325	0.000843
OPCODE	6756	3306	0.000838
OPCODE	E9C1	3288	0.000833
OPCODE	D3C2	3287	0.000833
OPCODE	67E0	3278	0.000831
OPCODE	6B2A	3267	0.000828
OPCODE	6012	3266	0.000828
OPCODE	67E8	3225	0.000817
OPCODE	2255	3207	0.000813
OPCODE	227A	3203	0.000812
OPCODE	6648	3192	0.000809
OPCODE	D0FB	3143	0.000797
OPCODE	1E80	3142	0.000796
OPCODE	6A34	3139	0.000795
OPCODE	D7CE	3138	0.000795
OPCODE	282A	3132	0.000794
OPCODE	4844	3122	0.000791
OPCODE	286A	3114	0.000789
OPCODE	E808	3107	0.000787
OPCODE	262A	3105	0.000787
OPCODE	0197	3105	0.000787
OPCODE	52A9	3105	0.000787
OPCODE	B681	3102	0.000786
OPCODE	5542	3102	0.000786
OPCODE	E9E9	3100	0.000786
OPCODE	2470	3100	0.000786
OPCODE	0680	3088	0.000783
OPCODE	6416	3059	0.000775
OPCODE	E9C0	2957	0.000749
OPCODE	4684	2954	0.000749
OPCODE	4227	2952	0.000748
OPCODE	0642	2952	0.000748
OPCODE	B042	2943	0.000746
OPCODE	E980	2916	0.000739
OPCODE	D5CE	2915	0.000739
OPCODE	D0A8	2904	0.000736
OPCODE	2A06	2885	0.000731
OPCODE	24C5	2884	0.000731
OPCODE	C892	2884	0.000731
OPCODE	CA84	2884	0.000731
OPCODE	8A84	2884	0.000731
OPCODE	21DF	2877	0.000729
OPCODE	4218	2846	0.000721
OPCODE	5289	2846	0.000721
OPCODE	2245	2826	0.000716
OPCODE	0812	2825	0.000716
OPCODE	4A69	2812	0.000713
OPCODE	1014	2775	0.000703
OPCODE	1229	2774	0.000703
OPCODE	2241	2769	0.000702
OPCODE	B3C8	2763	0.000700
OPCODE	322A	2760	0.000699
OPCODE	E888	2754	0.000698
OPCODE	1D42	2704	0.000685
OPCODE	E208	2703	0.000685
OPCODE	91AE	2698	0.000684
OPCODE	9440	2688	0.000681
OPCODE	4241	2682	0.000680
OPCODE	21EF	2675	0.000678
OPCODE	E881	2655	0.000673
OPCODE	60CC	2612	0.000662
OPCODE	D4C3	2612	0.000662
OPCODE	6070	2608	0.000661
OPCODE	2053	2607	0.000661
OPCODE	6C06	2602	0.000659
OPCODE	D083	2598	0.000658
OPCODE	4440	2591	0.000657
OPCODE	2F48	2573	0.000652
OPCODE	6102	2559	0.000649
OPCODE	66A0	2554	0.000647
OPCODE	654E	2538	0.000643
OPCODE	D245	2503	0.000634
OPCODE	28C0	2492	0.000632
OPCODE	9481	2489	0.000631
OPCODE	7007	2488	0.000631
OPCODE	B070	2484	0.000629
OPCODE	21C8	2476	0.000627
OPCODE	2608	2439	0.000618
OPCODE	C2FC	2427	0.000615
OPCODE	C094	2418	0.000613
OPCODE	52B8	2417	0.000613
OPCODE	5246	2397	0.000607
OPCODE	B202	2392	0.000606
OPCODE	1429	2392	0.000606
OPCODE	0883	2381	0.000603
OPCODE	46FC	2378	0.000603
OPCODE	7620	2378	0.000603
OPCODE	2817	2370	0.000601
OPCODE	6ED4	2369	0.000600
OPCODE	D7C9	2368	0.000600
OPCODE	D5C9	2368	0.000600
OPCODE	DBC8	2368	0.000600
OPCODE	D4C4	2368	0.000600
OPCODE	2C2F	2368	0.000600
OPCODE	C882	2368	0.000600
OPCODE	BFC0	2364	0.000599
OPCODE	BFD1	2364	0.000599
OPCODE	E999	2354	0.000597
OPCODE	4401	2354	0.000597
OPCODE	9681	2354	0.000597
OPCODE	E899	2354	0.000597
OPCODE	3819	2354	0.000597
OPCODE	A193	2354	0.000597
OPCODE	2A19	2354	0.000597
OPCODE	D981	2354	0.000597
OPCODE	9381	2354	0.000597
OPCODE	3C01	2344	0.000594
OPCODE	0685	2334	0.000591
OPCODE	9087	2321	0.000588
OPCODE	3140	2319	0.000588
OPCODE	6018	2315	0.000587
OPCODE	2A6E	2298	0.000582
OPCODE	C283	2294	0.000581
OPCODE	24D8	2286	0.000579
OPCODE	65E6	2281	0.000578
OPCODE	664A	2263	0.000573
OPCODE	2034	2246	0.000569
OPCODE	2483	2238	0.000567
OPCODE	936E	2236	0.000567
OPCODE	221A	2219	0.000562
OPCODE	3801	2209	0.000560
OPCODE	4290	2180	0.000552
OPCODE	B5C8	2177	0.000552
OPCODE	20FB	2176	0.000551
OPCODE	34C1	2174	0.000551
OPCODE	B647	2168	0.000549
OPCODE	202F	2167	0.000549
OPCODE	4876	2164	0.000548
OPCODE	2D76	2164	0.000548
OPCODE	2036	2164	0.000548
OPCODE	3236	2164	0.000548
OPCODE	B5CC	2157	0.000547
OPCODE	5848	2155	0.000546
OPCODE	3F01	2147	0.000544
OPCODE	286C	2142	0.000543
OPCODE	6F02	2137	0.000542
OPCODE	5141	2131	0.000540
OPCODE	6660	2124	0.000538
OPCODE	5280	2111	0.000535
OPCODE	6C00	2106	0.000534
OPCODE	9045	2104	0.000533
OPCODE	7401	2102	0.000533
OPCODE	D046	2101	0.000532
OPCODE	C3C5	2100	0.000532
OPCODE	C3C4	2100	0.000532
OPCODE	9245	2100	0.000532
OPCODE	1212	2097	0.000531
OPCODE	6612	2092	0.000530
OPCODE	B0A8	2080	0.000527
OPCODE	5C40	2077	0.000526
OPCODE	30C2	2071	0.000525
OPCODE	2438	2069	0.000524
OPCODE	486F	2060	0.000522
OPCODE	8310	2057	0.000521
OPCODE	5181	2057	0.000521
OPCODE	0210	2057	0.000521
OPCODE	6658	2056	0.000521
OPCODE	62D8	2052	0.000520
OPCODE	30C1	2037	0.000516
OPCODE	DEC0	2035	0.000516
OPCODE	D680	2029	0.000514
OPCODE	2341	2027	0.000514
OPCODE	302C	2013	0.000510
OPCODE	56C0	2012	0.000510
OPCODE	6D14	2010	0.000509
OPCODE	2488	2009	0.000509
OPCODE	6F3A	2005	0.000508
OPCODE	30C3	2002	0.000507
OPCODE	30C4	1994	0.000505
OPCODE	B090	1990	0.000504
OPCODE	12E8	1987	0.000504
OPCODE	21D0	1959	0.000496
OPCODE	3818	1944	0.000493
OPCODE	0802	1938	0.000491
OPCODE	2145	1911	0.000484
OPCODE	6420	1908	0.000484
OPCODE	673A	1907	0.000483
OPCODE	2F5F	1906	0.000483
OPCODE	2941	1902	0.000482
OPCODE	202A	1889	0.000479
OPCODE	0440	1887	0.000478
OPCODE	2E6E	1886	0.000478
OPCODE	50F8	1881	0.000477
OPCODE	B4B8	1877	0.000476
OPCODE	B078	1864	0.000472
OPCODE	44FB	1861	0.000472
OPCODE	F281	1860	0.000471
OPCODE	0080	1860	0.000471
OPCODE	6048	1848	0.000468
OPCODE	6162	1845	0.000468
OPCODE	D444	1829	0.000464
OPCODE	61EA	1825	0.000462
OPCODE	3151	1822	0.000462
OPCODE	50D9	1822	0.000462
OPCODE	32D0	1822	0.000462
OPCODE	92AE	1822	0.000462
OPCODE	A901	1822	0.000462
OPCODE	2949	1822	0.000462
OPCODE	E959	1821	0.000461
OPCODE	5238	1821	0.000461
OPCODE	E859	1821	0.000461
OPCODE	606A	1816	0.000460
OPCODE	2246	1815	0.000460
OPCODE	E499	1815	0.000460
OPCODE	2618	1808	0.000458
OPCODE	41F0	1805	0.000457
OPCODE	B278	1804	0.000457
OPCODE	9251	1803	0.000457
OPCODE	3007	1802	0.000457
OPCODE	EFC6	1800	0.000456
OPCODE	E9C5	1800	0.000456
OPCODE	C447	1800	0.000456
OPCODE	2378	1798	0.000456
OPCODE	2D68	1793	0.000454
OPCODE	222C	1791	0.000454
OPCODE	34D8	1789	0.000453
OPCODE	66EA	1780	0.000451
OPCODE	08C0	1775	0.000450
OPCODE	5538	1767	0.000448
OPCODE	B7D6	1767	0.000448
OPCODE	6B5E	1767	0.000448
OPCODE	E9C2	1764	0.000447
OPCODE	EFC1	1764	0.000447
OPCODE	D16E	1762	0.000447
OPCODE	D1C2	1762	0.000447
OPCODE	2075	1762	0.000447
OPCODE	C285	1755	0.000445
OPCODE	2044	1753	0.000444
OPCODE	3203	1752	0.000444
OPCODE	B580	1740	0.000441
OPCODE	CF46	1738	0.000440
OPCODE	BE6E	1737	0.000440
OPCODE	6EAE	1728	0.000438
OPCODE	C247	1714	0.000434
OPCODE	B2B0	1710	0.000433
OPCODE	E448	1695	0.000430
OPCODE	6E28	1695	0.000430
OPCODE	6408	1693	0.000429
OPCODE	20C0	1684	0.000427
OPCODE	D8EE	1680	0.000426
OPCODE	E1A9	1678	0.000425
OPCODE	1230	1678	0.000425
OPCODE	4A45	1669	0.000423
OPCODE	60C0	1662	0.000421
OPCODE	C240	1657	0.000420
OPCODE	2032	1655	0.000419
OPCODE	1019	1648	0.000418
OPCODE	6124	1620	0.000411
OPCODE	2D4D	1608	0.000408
OPCODE	22DF	1607	0.000407
OPCODE	2F11	1604	0.000406
OPCODE	2254	1603	0.000406
OPCODE	6042	1603	0.000406
OPCODE	3180	1602	0.000406
OPCODE	22E8	1602	0.000406
OPCODE	5149	1600	0.000405
OPCODE	3250	1596	0.000404
OPCODE	D0C9	1595	0.000404
OPCODE	B3FA	1595	0.000404
OPCODE	12DC	1594	0.000404
OPCODE	4441	1591	0.000403
OPCODE	D06E	1590	0.000403
OPCODE	E9D1	1579	0.000400
OPCODE	261A	1578	0.000400
OPCODE	28C1	1578	0.000400
OPCODE	6A2E	1576	0.000399
OPCODE	6C14	1571	0.000398
OPCODE	18D8	1566	0.000397
OPCODE	91C8	1562	0.000396
OPCODE	6772	1561	0.000396
OPCODE	2230	1556	0.000394
OPCODE	244D	1553	0.000394
OPCODE	B231	1550	0.000393
OPCODE	2272	1550	0.000393
OPCODE	60A2	1550	0.000393
OPCODE	B0AE	1547	0.000392
OPCODE	41F1	1543	0.000391
OPCODE	B1EE	1541	0.000391
OPCODE	4E92	1539	0.000390
OPCODE	34BC	1532	0.000388
OPCODE	0001	1526	0.000387
OPCODE	2041	1516	0.000384
OPCODE	6C4A	1515	0.000384
OPCODE	2F29	1509	0.000382
OPCODE	6FF4	1506	0.000382
OPCODE	9201	1505	0.000381
OPCODE	76F9	1500	0.000380
OPCODE	10D9	1488	0.000377
OPCODE	60DE	1484	0.000376
OPCODE	0882	1481	0.000375
OPCODE	67E2	1463	0.000371
OPCODE	4EED	1462	0.000371
OPCODE	BBFC	1462	0.000371
OPCODE	0243	1460	0.000370
OPCODE	4243	1458	0.000369
OPCODE	1D40	1455	0.000369
OPCODE	65E2	1455	0.000369
OPCODE	321F	1453	0.000368
OPCODE	E1AC	1451	0.000368
OPCODE	2C56	1448	0.000367
OPCODE	9069	1445	0.000366
OPCODE	E28A	1445	0.000366
OPCODE	4481	1440	0.000365
OPCODE	0803	1437	0.000364
OPCODE	66E0	1436	0.000364
OPCODE	3828	1434	0.000363
OPCODE	43EF	1432	0.000363
OPCODE	08AE	1430	0.000362
OPCODE	8A87	1428	0.000362
OPCODE	8886	1428	0.000362
OPCODE	E1AD	1428	0.000362
OPCODE	B9EE	1426	0.000361
OPCODE	22DC	1424	0.000361
OPCODE	61CE	1422	0.000360
OPCODE	2648	1404	0.000356
OPCODE	2C2E	1400	0.000355
OPCODE	240A	1397	0.000354
OPCODE	3F02	1388	0.000352
OPCODE	504B	1384	0.000351
OPCODE	D853	1384	0.000351
OPCODE	22C1	1368	0.000347
OPCODE	56C3	1361	0.000345
OPCODE	D240	1360	0.000345
OPCODE	6D26	1356	0.000344
OPCODE	5278	1355	0.000343
OPCODE	5378	1355	0.000343
OPCODE	60DA	1355	0.000343
OPCODE	3619	1354	0.000343
OPCODE	B21A	1352	0.000343
OPCODE	E819	1352	0.000343
OPCODE	246C	1346	0.000341
OPCODE	6A32	1345	0.000341
OPCODE	2C5F	1344	0.000341
OPCODE	2F0E	1344	0.000341
OPCODE	7050	1336	0.000339
OPCODE	206C	1334	0.000338
OPCODE	1281	1332	0.000338
OPCODE	177C	1332	0.000338
OPCODE	5385	1327	0.000336
OPCODE	C02B	1327	0.000336
OPCODE	9651	1326	0.000336
OPCODE	6F1A	1326	0.000336
OPCODE	9459	1326	0.000336
OPCODE	D9C0	1325	0.000336
OPCODE	C480	1315	0.000333
OPCODE	603A	1314	0.000333
OPCODE	337C	1313	0.000333
OPCODE	E84A	1302	0.000330
OPCODE	D0FC	1301	0.000330
OPCODE	2388	1297	0.000329
OPCODE	3D5C	1294	0.000328
OPCODE	B452	1288	0.000326
OPCODE	4A1B	1280	0.000324
OPCODE	F294	1279	0.000324
OPCODE	6150	1279	0.000324
OPCODE	6B3C	1277	0.000324
OPCODE	42B8	1272	0.000322
OPCODE	51EE	1264	0.000320
OPCODE	023C	1252	0.000317
OPCODE	1480	1248	0.000316
OPCODE	7A01	1224	0.000310
OPCODE	3740	1202	0.000305
OPCODE	10FC	1202	0.000305
OPCODE	9EC0	1201	0.000304
OPCODE	5589	1199	0.000304
OPCODE	946E	1194	0.000303
OPCODE	12D8	1194	0.000303
OPCODE	2F50	1194	0.000303
OPCODE	60B4	1193	0.000302
OPCODE	6406	1193	0.000302
OPCODE	7C00	1190	0.000302
OPCODE	301B	1188	0.000301
OPCODE	3633	1186	0.000301
OPCODE	B005	1183	0.000300
OPCODE	235F	1179	0.000299
OPCODE	2F57	1177	0.000298
OPCODE	90B8	1176	0.000298
OPCODE	A893	1174	0.000298
OPCODE	5286	1171	0.000297
OPCODE	56C9	1164	0.000295
OPCODE	D08F	1160	0.000294
OPCODE	2202	1155	0.000293
OPCODE	1D68	1146	0.000290
OPCODE	B898	1140	0.000289
OPCODE	26C6	1140	0.000289
OPCODE	1006	1138	0.000288
OPCODE	D086	1136	0.000288
OPCODE	6A00	1129	0.000286
OPCODE	41EC	1125	0.000285
OPCODE	2288	1124	0.000285
OPCODE	342B	1115	0.000283
OPCODE	C280	1114	0.000282
OPCODE	56CA	1107	0.000281
OPCODE	301A	1104	0.000280
OPCODE	57EE	1100	0.000279
OPCODE	6444	1098	0.000278
OPCODE	6D0A	1098	0.000278
OPCODE	242B	1097	0.000278
OPCODE	3082	1096	0.000278
OPCODE	6448	1094	0.000277
OPCODE	02AE	1094	0.000277
OPCODE	D46E	1094	0.000277
OPCODE	E348	1093	0.000277
OPCODE	E440	1092	0.000277
OPCODE	6F0E	1092	0.000277
OPCODE	E198	1092	0.000277
OPCODE	B481	1091	0.000276
OPCODE	CF45	1088	0.000276
OPCODE	1400	1088	0.000276
OPCODE	55C0	1087	0.000275
OPCODE	2076	1086	0.000275
OPCODE	C602	1082	0.000274
OPCODE	5FE7	1082	0.000274
OPCODE	6A28	1082	0.000274
OPCODE	C12E	1082	0.000274
OPCODE	D368	1082	0.000274
OPCODE	56C2	1082	0.000274
OPCODE	200F	1082	0.000274
OPCODE	D141	1082	0.000274
OPCODE	9D6E	1082	0.000274
OPCODE	862E	1082	0.000274
OPCODE	A884	1078	0.000273
OPCODE	E6A8	1077	0.000273
OPCODE	D36B	1077	0.000273
OPCODE	43F2	1070	0.000271
OPCODE	5640	1070	0.000271
OPCODE	6FD4	1067	0.000270
OPCODE	1411	1067	0.000270
OPCODE	916E	1052	0.000267
OPCODE	49EC	1046	0.000265
OPCODE	1481	1045	0.000265
OPCODE	47EE	1045	0.000265
OPCODE	0810	1043	0.000264
OPCODE	306C	1035	0.000262
OPCODE	D1C9	1035	0.000262
OPCODE	21EC	1032	0.000262
OPCODE	6B0A	1024	0.000260
OPCODE	12C6	1024	0.000260
OPCODE	2203	1022	0.000259
OPCODE	60E8	1015	0.000257
OPCODE	67F0	1011	0.000256
OPCODE	2F40	1010	0.000256
OPCODE	65E4	1004	0.000254
OPCODE	B087	1002	0.000254
OPCODE	2C09	1002	0.000254
OPCODE	6FC4	1000	0.000253
OPCODE	4A06	997	0.000253
OPCODE	1F7C	996	0.000252
OPCODE	14EB	994	0.000252
OPCODE	E84B	987	0.000250
OPCODE	6C16	979	0.000248
OPCODE	5140	976	0.000247
OPCODE	121A	976	0.000247
OPCODE	226A	968	0.000245
OPCODE	C481	966	0.000245
OPCODE	322B	964	0.000244
OPCODE	612A	963	0.000244
OPCODE	0877	960	0.000243
OPCODE	2E01	959	0.000243
OPCODE	48E6	959	0.000243
OPCODE	5080	957	0.000243
OPCODE	2F2C	954	0.000242
OPCODE	E290	953	0.000242
OPCODE	6F58	951	0.000241
OPCODE	2D1F	950	0.000241
OPCODE	2F1E	950	0.000241
OPCODE	4A92	948	0.000240
OPCODE	D241	947	0.000240
OPCODE	5357	944	0.000239
OPCODE	60AA	942	0.000239
OPCODE	2418	940	0.000238
OPCODE	E368	938	0.000238
OPCODE	0CAE	935	0.000237
OPCODE	780F	935	0.000237
OPCODE	C843	935	0.000237
OPCODE	4444	935	0.000237
OPCODE	6B1A	934	0.000237
OPCODE	21C9	933	0.000236
OPCODE	E9C6	931	0.000236
OPCODE	4C44	931	0.000236
OPCODE	4C05	931	0.000236
OPCODE	9786	931	0.000236
OPCODE	9287	931	0.000236
OPCODE	691A	931	0.000236
OPCODE	3EBC	930	0.000236
OPCODE	3E81	930	0.000236
OPCODE	4CD7	930	0.000236
OPCODE	B2BA	930	0.000236
OPCODE	6568	930	0.000236
OPCODE	F283	930	0.000236
OPCODE	F285	930	0.000236
OPCODE	6A3E	926	0.000235
OPCODE	8198	919	0.000233
OPCODE	D0AE	918	0.000233
OPCODE	6F10	914	0.000232
OPCODE	AB1D	914	0.000232
OPCODE	B26E	909	0.000230
OPCODE	E248	909	0.000230
OPCODE	E280	905	0.000229
OPCODE	2650	904	0.000229
OPCODE	E96B	903	0.000229
OPCODE	D641	903	0.000229
OPCODE	A853	900	0.000228
OPCODE	A855	900	0.000228
OPCODE	2012	900	0.000228
OPCODE	3D5B	899	0.000228
OPCODE	2E28	887	0.000225
OPCODE	2A10	882	0.000224
OPCODE	3342	878	0.000223
OPCODE	1005	876	0.000222
OPCODE	3204	873	0.000221
OPCODE	B069	872	0.000221
OPCODE	F210	872	0.000221
OPCODE	2802	870	0.000220
OPCODE	201C	870	0.000220
OPCODE	3429	867	0.000220
OPCODE	61E8	866	0.000219
OPCODE	58AC	856	0.000217
OPCODE	363C	853	0.000216
OPCODE	0805	846	0.000214
OPCODE	3F11	842	0.000213
OPCODE	2191	841	0.000213
OPCODE	31A9	841	0.000213
OPCODE	60F2	840	0.000213
OPCODE	B251	836	0.000212
OPCODE	342A	829	0.000210
OPCODE	640A	829	0.000210
OPCODE	BA47	827	0.000210
OPCODE	3002	826	0.000209
OPCODE	C06E	821	0.000208
OPCODE	0643	820	0.000208
OPCODE	C6B8	818	0.000207
OPCODE	B044	818	0.000207
OPCODE	4CDE	811	0.000206
OPCODE	7224	808	0.000205
OPCODE	5888	802	0.000203
OPCODE	9053	801	0.000203
OPCODE	BC5B	794	0.000201
OPCODE	D0BC	792	0.000201
OPCODE	5040	792	0.000201
OPCODE	284E	788	0.000200
OPCODE	2348	780	0.000198
OPCODE	EA81	774	0.000196
OPCODE	2F2B	774	0.000196
OPCODE	9088	762	0.000193
OPCODE	C14D	762	0.000193
OPCODE	B4AC	756	0.000192
OPCODE	70F0	749	0.000190
OPCODE	20EE	748	0.000190
OPCODE	6310	745	0.000189
OPCODE	7208	745	0.000189
OPCODE	32C1	743	0.000188
OPCODE	5189	742	0.000188
OPCODE	74F0	742	0.000188
OPCODE	C010	740	0.000188
OPCODE	5889	740	0.000188
OPCODE	8510	740	0.000188
OPCODE	8111	740	0.000188
OPCODE	C411	740	0.000188
OPCODE	B511	740	0.000188
OPCODE	20CE	740	0.000188
OPCODE	B110	740	0.000188
OPCODE	2489	740	0.000188
OPCODE	664E	739	0.000187
OPCODE	1001	738	0.000187
OPCODE	D278	732	0.000186
OPCODE	32FC	729	0.000185
OPCODE	614E	729	0.000185
OPCODE	243C	728	0.000184
OPCODE	BDF8	728	0.000184
OPCODE	B451	727	0.000184
OPCODE	1684	725	0.000184
OPCODE	536F	722	0.000183
OPCODE	61A6	721	0.000183
OPCODE	A9EE	720	0.000182
OPCODE	B099	720	0.000182
OPCODE	E14D	716	0.000181
OPCODE	4EB5	714	0.000181
OPCODE	5049	712	0.000180
OPCODE	2D4A	710	0.000180
OPCODE	2656	709	0.000180
OPCODE	48C2	706	0.000179
OPCODE	EA48	705	0.000179
OPCODE	43EA	703	0.000178
OPCODE	4206	702	0.000178
OPCODE	2F6F	698	0.000177
OPCODE	9FAC	696	0.000176
OPCODE	D269	696	0.000176
OPCODE	C947	693	0.000176
OPCODE	65BC	690	0.000175
OPCODE	2C68	690	0.000175
OPCODE	3410	689	0.000175
OPCODE	B9E8	688	0.000174
OPCODE	B297	687	0.000174
OPCODE	A01F	687	0.000174
OPCODE	D0EE	686	0.000174
OPCODE	A88C	681	0.000173
OPCODE	A31E	679	0.000172
OPCODE	322C	678	0.000172
OPCODE	2A6D	673	0.000171
OPCODE	32C0	670	0.000170
OPCODE	D440	669	0.000170
OPCODE	426C	663	0.000168
OPCODE	664C	660	0.000167
OPCODE	1419	658	0.000167
OPCODE	5300	652	0.000165
OPCODE	66DE	651	0.000165
OPCODE	6E0E	650	0.000165
OPCODE	665C	650	0.000165
OPCODE	6508	647	0.000164
OPCODE	B284	643	0.000163
OPCODE	7203	642	0.000163
OPCODE	640E	642	0.000163
OPCODE	1D78	641	0.000162
OPCODE	0092	641	0.000162
OPCODE	254E	641	0.000162
OPCODE	2868	640	0.000162
OPCODE	F295	640	0.000162
OPCODE	F292	640	0.000162
OPCODE	5501	640	0.000162
OPCODE	5201	640	0.000162
OPCODE	20C1	639	0.000162
OPCODE	1011	635	0.000161
OPCODE	0480	635	0.000161
OPCODE	4A87	632	0.000160
OPCODE	2F06	631	0.000160
OPCODE	0282	631	0.000160
OPCODE	7EFF	630	0.000160
OPCODE	41F9	627	0.000159
OPCODE	5882	624	0.000158
OPCODE	E158	624	0.000158
OPCODE	E508	624	0.000158
OPCODE	41FB	624	0.000158
OPCODE	EBC0	624	0.000158
OPCODE	3604	623	0.000158
OPCODE	22AE	623	0.000158
OPCODE	7052	615	0.000156
OPCODE	6B28	613	0.000155
OPCODE	2A5F	609	0.000154
OPCODE	2F0D	609	0.000154
OPCODE	1140	608	0.000154
OPCODE	66E6	606	0.000154
OPCODE	4269	604	0.000153
OPCODE	1BAD	602	0.000153
OPCODE	92AA	602	0.000153
OPCODE	B887	601	0.000152
OPCODE	2A04	601	0.000152
OPCODE	1219	598	0.000152
OPCODE	21F0	596	0.000151
OPCODE	6118	595	0.000151
OPCODE	B673	593	0.000150
OPCODE	08E8	593	0.000150
OPCODE	B4B1	592	0.000150
OPCODE	30D9	592	0.000150
OPCODE	45E8	591	0.000150
OPCODE	0C6B	590	0.000150
OPCODE	65F0	588	0.000149
OPCODE	2602	587	0.000149
OPCODE	2649	585	0.000148
OPCODE	E9A9	582	0.000147
OPCODE	B7EE	582	0.000147
OPCODE	3941	576	0.000146
OPCODE	6308	572	0.000145
OPCODE	6D42	569	0.000144
OPCODE	B443	565	0.000143
OPCODE	619A	565	0.000143
OPCODE	61B0	565	0.000143
OPCODE	2031	563	0.000143
OPCODE	3287	561	0.000142
OPCODE	66EE	561	0.000142
OPCODE	66F8	561	0.000142
OPCODE	220F	560	0.000142
OPCODE	67DA	558	0.000141
OPCODE	B082	557	0.000141
OPCODE	3419	556	0.000141
OPCODE	2C2A	556	0.000141
OPCODE	5BC8	552	0.000140
OPCODE	3802	551	0.000140
OPCODE	D7CD	550	0.000139
OPCODE	224D	548	0.000139
OPCODE	6A22	547	0.000139
OPCODE	234C	545	0.000138
OPCODE	D7D3	544	0.000138
OPCODE	2A55	541	0.000137
OPCODE	2E41	540	0.000137
OPCODE	D290	539	0.000137
OPCODE	2281	539	0.000137
OPCODE	3601	539	0.000137
OPCODE	A065	538	0.000136
OPCODE	284B	537	0.000136
OPCODE	6060	537	0.000136
OPCODE	B2AA	533	0.000135
OPCODE	129F	531	0.000135
OPCODE	1F11	531	0.000135
OPCODE	3A01	531	0.000135
OPCODE	A024	528	0.000134
OPCODE	2948	526	0.000133
OPCODE	C042	526	0.000133
OPCODE	6B34	526	0.000133
OPCODE	2435	524	0.000133
OPCODE	60F0	523	0.000133
OPCODE	A862	522	0.000132
OPCODE	610C	521	0.000132
OPCODE	60AE	519	0.000132
OPCODE	2F80	518	0.000131
OPCODE	3F70	516	0.000131
OPCODE	9042	516	0.000131
OPCODE	3009	514	0.000130
OPCODE	4A44	514	0.000130
OPCODE	9048	513	0.000130
OPCODE	48C5	513	0.000130
OPCODE	C443	511	0.000129
OPCODE	B841	510	0.000129
OPCODE	6A0E	508	0.000129
OPCODE	48C6	505	0.000128
OPCODE	205A	504	0.000128
OPCODE	225A	504	0.000128
OPCODE	0245	502	0.000127
OPCODE	B05B	499	0.000126
OPCODE	614A	499	0.000126
OPCODE	22C6	498	0.000126
OPCODE	55C7	498	0.000126
OPCODE	906B	498	0.000126
OPCODE	43FB	497	0.000126
OPCODE	2655	496	0.000126
OPCODE	1759	496	0.000126
OPCODE	2149	493	0.000125
OPCODE	30EE	492	0.000125
OPCODE	5048	492	0.000125
OPCODE	D2C5	490	0.000124
OPCODE	43F9	490	0.000124
OPCODE	0446	489	0.000124
OPCODE	2A07	489	0.000124
OPCODE	341B	488	0.000124
OPCODE	2806	488	0.000124
OPCODE	BC45	488	0.000124
OPCODE	7A0F	488	0.000124
OPCODE	C694	486	0.000123
OPCODE	2883	486	0.000123
OPCODE	8685	486	0.000123
OPCODE	2E2A	485	0.000123
OPCODE	2B41	484	0.000123
OPCODE	C02D	482	0.000122
OPCODE	1B6B	482	0.000122
OPCODE	1082	482	0.000122
OPCODE	082D	482	0.000122
OPCODE	50ED	482	0.000122
OPCODE	BA40	481	0.000122
OPCODE	6E14	481	0.000122
OPCODE	2455	480	0.000122
OPCODE	3404	480	0.000122
OPCODE	2019	478	0.000121
OPCODE	D259	477	0.000121
OPCODE	C2C2	477	0.000121
OPCODE	4ED3	477	0.000121
OPCODE	5BEE	476	0.000121
OPCODE	B741	476	0.000121
OPCODE	BC6E	476	0.000121
OPCODE	8641	476	0.000121
OPCODE	D8C6	475	0.000120
OPCODE	242E	475	0.000120
OPCODE	DAC7	475	0.000120
OPCODE	1F40	473	0.000120
OPCODE	C243	471	0.000119
OPCODE	3D44	470	0.000119
OPCODE	3C2B	469	0.000119
OPCODE	1238	468	0.000119
OPCODE	61D8	467	0.000118
OPCODE	4298	466	0.000118
OPCODE	61E0	465	0.000118
OPCODE	0C82	464	0.000118
OPCODE	2471	463	0.000117
OPCODE	6D7A	463	0.000117
OPCODE	558C	463	0.000117
OPCODE	E0AC	463	0.000117
OPCODE	6E6E	462	0.000117
OPCODE	4251	461	0.000117
OPCODE	3D50	459	0.000116
OPCODE	0C11	459	0.000116
OPCODE	E34A	458	0.000116
OPCODE	E678	458	0.000116
OPCODE	45F3	458	0.000116
OPCODE	66EC	458	0.000116
OPCODE	6F08	457	0.000116
OPCODE	0804	456	0.000116
OPCODE	21CC	455	0.000115
OPCODE	2140	453	0.000115
OPCODE	6A76	451	0.000114
OPCODE	F624	450	0.000114
OPCODE	B894	450	0.000114
OPCODE	0441	450	0.000114
OPCODE	397C	449	0.000114
OPCODE	2042	449	0.000114
OPCODE	6116	449	0.000114
OPCODE	504C	448	0.000114
OPCODE	D2C8	447	0.000113
OPCODE	4244	446	0.000113
OPCODE	6F22	444	0.000113
OPCODE	E058	443	0.000112
OPCODE	816E	442	0.000112
OPCODE	5248	441	0.000112
OPCODE	D644	441	0.000112
OPCODE	0657	441	0.000112
OPCODE	2818	441	0.000112
OPCODE	0000	441	0.000112
OPCODE	74B0	441	0.000112
OPCODE	8242	440	0.000112
OPCODE	F280	435	0.000110
OPCODE	9282	434	0.000110
OPCODE	92C8	434	0.000110
OPCODE	B0AA	434	0.000110
OPCODE	C4C4	430	0.000109
OPCODE	B047	430	0.000109
OPCODE	236E	430	0.000109
OPCODE	57CA	427	0.000108
OPCODE	49E9	427	0.000108
OPCODE	1813	427	0.000108
OPCODE	DE47	426	0.000108
OPCODE	604C	426	0.000108
OPCODE	B242	424	0.000107
OPCODE	611E	423	0.000107
OPCODE	B282	423	0.000107
OPCODE	208C	423	0.000107
OPCODE	9FC2	418	0.000106
OPCODE	A023	417	0.000106
OPCODE	B001	416	0.000105
OPCODE	D8C7	416	0.000105
OPCODE	D6EB	415	0.000105
OPCODE	3A1A	415	0.000105
OPCODE	4EB6	414	0.000105
OPCODE	6230	413	0.000105
OPCODE	6208	413	0.000105
OPCODE	BEAD	412	0.000104
OPCODE	1830	412	0.000104
OPCODE	1630	412	0.000104
OPCODE	6328	412	0.000104
OPCODE	D844	412	0.000104
OPCODE	91CA	407	0.000103
OPCODE	DA87	407	0.000103
OPCODE	D986	407	0.000103
OPCODE	D3CA	407	0.000103
OPCODE	D584	407	0.000103
OPCODE	2D47	405	0.000103
OPCODE	6C02	405	0.000103
OPCODE	1C3C	403	0.000102
OPCODE	0228	401	0.000102
OPCODE	42A9	399	0.000101
OPCODE	60DC	398	0.000101
OPCODE	E0A9	398	0.000101
OPCODE	2C02	398	0.000101
OPCODE	67DC	398	0.000101
OPCODE	D091	397	0.000101
OPCODE	D3D1	397	0.000101
OPCODE	6792	396	0.000100
OPCODE	3401	396	0.000100
OPCODE	4E94	396	0.000100
OPCODE	B26B	394	0.000100
OPCODE	41F6	394	0.000100
OPCODE	B46B	394	0.000100
OPCODE	6E20	392	0.000099
OPCODE	B1F8	391	0.000099
OPCODE	7E02	387	0.000098
OPCODE	D093	387	0.000098
OPCODE	6196	387	0.000098
OPCODE	9A8E	387	0.000098
OPCODE	2C1C	385	0.000098
OPCODE	262D	385	0.000098
OPCODE	6B30	383	0.000097
OPCODE	D085	382	0.000097
OPCODE	4A51	381	0.000097
OPCODE	2D51	381	0.000097
OPCODE	6D10	380	0.000096
OPCODE	5445	378	0.000096
OPCODE	7AFF	378	0.000096
OPCODE	31E8	376	0.000095
OPCODE	A822	376	0.000095
OPCODE	2889	375	0.000095
OPCODE	6C32	374	0.000095
OPCODE	6438	374	0.000095
OPCODE	B1C9	373	0.000095
OPCODE	926D	371	0.000094
OPCODE	0C70	370	0.000094
OPCODE	BEAC	370	0.000094
OPCODE	F4F1	370	0.000094
OPCODE	B38B	369	0.000094
OPCODE	56CC	369	0.000094
OPCODE	2271	368	0.000093
OPCODE	D06A	368	0.000093
OPCODE	2169	366	0.000093
OPCODE	B308	365	0.000092
OPCODE	4ED5	364	0.000092
OPCODE	D158	364	0.000092
OPCODE	C095	362	0.000092
OPCODE	8086	362	0.000092
OPCODE	CC85	362	0.000092
OPCODE	5347	361	0.000091
OPCODE	650C	360	0.000091
OPCODE	322D	359	0.000091
OPCODE	5381	358	0.000091
OPCODE	6FF2	358	0.000091
OPCODE	6D5C	358	0.000091
OPCODE	E741	357	0.000090
OPCODE	3413	354	0.000090
OPCODE	4BEE	353	0.000089
OPCODE	C94D	352	0.000089
OPCODE	B244	350	0.000089
OPCODE	E580	350	0.000089
OPCODE	D684	350	0.000089
OPCODE	D3AE	350	0.000089
OPCODE	620C	349	0.000088
OPCODE	49C7	348	0.000088
OPCODE	56C7	348	0.000088
OPCODE	4A76	348	0.000088
OPCODE	E858	348	0.000088
OPCODE	E04A	347	0.000088
OPCODE	2A02	346	0.000088
OPCODE	2405	344	0.000087
OPCODE	2653	341	0.000086
OPCODE	8328	340	0.000086
OPCODE	B9D3	340	0.000086
OPCODE	5488	340	0.000086
OPCODE	C099	340	0.000086
OPCODE	EA80	338	0.000086
OPCODE	E480	338	0.000086
OPCODE	4245	337	0.000085
OPCODE	DE86	337	0.000085
OPCODE	4E5C	336	0.000085
OPCODE	4E54	336	0.000085
OPCODE	6A14	335	0.000085
OPCODE	1A00	335	0.000085
OPCODE	E2AB	334	0.000085
OPCODE	3810	334	0.000085
OPCODE	EA82	334	0.000085
OPCODE	C291	334	0.000085
OPCODE	C295	334	0.000085
OPCODE	E1AA	334	0.000085
OPCODE	3808	333	0.000084
OPCODE	1007	331	0.000084
OPCODE	E282	330	0.000084
OPCODE	49F3	330	0.000084
OPCODE	1282	329	0.000083
OPCODE	31C0	329	0.000083
OPCODE	06A1	328	0.000083
OPCODE	3602	328	0.000083
OPCODE	142C	328	0.000083
OPCODE	5261	328	0.000083
OPCODE	2275	328	0.000083
OPCODE	22C2	328	0.000083
OPCODE	0651	328	0.000083
OPCODE	B6AC	326	0.000083
OPCODE	C06B	324	0.000082
OPCODE	650A	323	0.000082
OPCODE	A04A	323	0.000082
OPCODE	6CF6	323	0.000082
OPCODE	08D2	322	0.000082
OPCODE	0892	322	0.000082
OPCODE	34D9	322	0.000082
OPCODE	610E	322	0.000082
OPCODE	377C	321	0.000081
OPCODE	3B45	320	0.000081
OPCODE	08C1	320	0.000081
OPCODE	BC85	319	0.000081
OPCODE	3D68	319	0.000081
OPCODE	6020	318	0.000081
OPCODE	1028	318	0.000081
OPCODE	2D58	318	0.000081
OPCODE	EFA9	317	0.000080
OPCODE	6516	317	0.000080
OPCODE	906C	315	0.000080
OPCODE	ED49	314	0.000080
OPCODE	3C10	313	0.000079
OPCODE	9443	311	0.000079
OPCODE	4685	310	0.000079
OPCODE	65CE	310	0.000079
OPCODE	60D8	309	0.000078
OPCODE	28AE	309	0.000078
OPCODE	2542	309	0.000078
OPCODE	6306	309	0.000078
OPCODE	E189	309	0.000078
OPCODE	2410	309	0.000078
OPCODE	926B	308	0.000078
OPCODE	C149	308	0.000078
OPCODE	2950	307	0.000078
OPCODE	D052	307	0.000078
OPCODE	741F	305	0.000077
OPCODE	EBA9	305	0.000077
OPCODE	6644	304	0.000077
OPCODE	7205	304	0.000077
OPCODE	A82A	304	0.000077
OPCODE	D301	304	0.000077
OPCODE	DBC1	303	0.000077
OPCODE	DBC0	303	0.000077
OPCODE	5880	303	0.000077
OPCODE	96C0	303	0.000077
OPCODE	7054	302	0.000077
OPCODE	84FC	302	0.000077
OPCODE	1541	301	0.000076
OPCODE	D5AA	301	0.000076
OPCODE	45E9	301	0.000076
OPCODE	9611	301	0.000076
OPCODE	40C3	301	0.000076
OPCODE	46C3	301	0.000076
OPCODE	C601	301	0.000076
OPCODE	1F02	301	0.000076
OPCODE	C229	301	0.000076
OPCODE	D62A	301	0.000076
OPCODE	1482	301	0.000076
OPCODE	D2A9	301	0.000076
OPCODE	E94A	301	0.000076
OPCODE	93AA	301	0.000076
OPCODE	9411	301	0.000076
OPCODE	220A	300	0.000076
OPCODE	4A86	300	0.000076
OPCODE	5268	300	0.000076
OPCODE	6DB4	300	0.000076
OPCODE	2E88	299	0.000076
OPCODE	611C	298	0.000076
OPCODE	E298	298	0.000076
OPCODE	E29A	298	0.000076
OPCODE	9682	298	0.000076
OPCODE	2C0A	298	0.000076
OPCODE	9478	298	0.000076
OPCODE	EE8C	298	0.000076
OPCODE	1744	298	0.000076
OPCODE	E08C	298	0.000076
OPCODE	3838	298	0.000076
OPCODE	9078	298	0.000076
OPCODE	7C1F	296	0.000075
OPCODE	80FC	291	0.000074
OPCODE	5489	290	0.000073
OPCODE	22C4	290	0.000073
OPCODE	45F8	289	0.000073
OPCODE	2C04	288	0.000073
OPCODE	EA89	285	0.000072
OPCODE	2803	284	0.000072
OPCODE	94C0	283	0.000072
OPCODE	2850	283	0.000072
OPCODE	70F8	283	0.000072
OPCODE	D358	283	0.000072
OPCODE	7603	282	0.000071
OPCODE	6D3C	280	0.000071
OPCODE	6B08	279	0.000071
OPCODE	2141	278	0.000070
OPCODE	6E02	278	0.000070
OPCODE	E24C	275	0.000070
OPCODE	0447	275	0.000070
OPCODE	D087	274	0.000069
OPCODE	6CEC	272	0.000069
OPCODE	246A	271	0.000069
OPCODE	2845	271	0.000069
OPCODE	4268	271	0.000069
OPCODE	BA70	270	0.000068
OPCODE	6220	269	0.000068
OPCODE	722A	269	0.000068
OPCODE	00AE	269	0.000068
OPCODE	082F	269	0.000068
OPCODE	D843	269	0.000068
OPCODE	C0C3	268	0.000068
OPCODE	66D4	268	0.000068
OPCODE	1E00	268	0.000068
OPCODE	2441	267	0.000068
OPCODE	584E	266	0.000067
OPCODE	6D52	266	0.000067
OPCODE	E9D6	266	0.000067
OPCODE	604A	266	0.000067
OPCODE	4291	264	0.000067
OPCODE	643C	264	0.000067
OPCODE	2968	263	0.000067
OPCODE	6148	263	0.000067
OPCODE	E4AD	262	0.000066
OPCODE	3F38	262	0.000066
OPCODE	C052	262	0.000066
OPCODE	3C18	260	0.000066
OPCODE	3A3C	260	0.000066
OPCODE	0244	259	0.000066
OPCODE	12C1	259	0.000066
OPCODE	6510	258	0.000065
OPCODE	B5FC	258	0.000065
OPCODE	08EC	257	0.000065
OPCODE	5449	257	0.000065
OPCODE	1A12	257	0.000065
OPCODE	1485	257	0.000065
OPCODE	5287	256	0.000065
OPCODE	526D	256	0.000065
OPCODE	536D	256	0.000065
OPCODE	9A87	255	0.000065
OPCODE	9685	255	0.000065
OPCODE	3812	254	0.000064
OPCODE	D6FC	254	0.000064
OPCODE	1345	253	0.000064
OPCODE	EF6D	252	0.000064
OPCODE	62B8	252	0.000064
OPCODE	D4C5	252	0.000064
OPCODE	4AB1	252	0.000064
OPCODE	2274	252	0.000064
OPCODE	D7F3	252	0.000064
OPCODE	B682	251	0.000064
OPCODE	D885	251	0.000064
OPCODE	518A	251	0.000064
OPCODE	34E9	250	0.000063
OPCODE	34A9	250	0.000063
OPCODE	67EA	250	0.000063
OPCODE	B05A	250	0.000063
OPCODE	0040	249	0.000063
OPCODE	204E	249	0.000063
OPCODE	3229	249	0.000063
OPCODE	08AC	249	0.000063
OPCODE	6136	249	0.000063
OPCODE	319F	249	0.000063
OPCODE	C0AC	248	0.000063
OPCODE	E84C	248	0.000063
OPCODE	BC6B	248	0.000063
OPCODE	B7D4	246	0.000062
OPCODE	9584	246	0.000062
OPCODE	9986	246	0.000062
OPCODE	D1CA	246	0.000062
OPCODE	93CA	246	0.000062
OPCODE	5841	245	0.000062
OPCODE	B483	245	0.000062
OPCODE	204F	245	0.000062
OPCODE	6122	245	0.000062
OPCODE	3332	244	0.000062
OPCODE	DA44	244	0.000062
OPCODE	6120	244	0.000062
OPCODE	DC47	244	0.000062
OPCODE	D593	244	0.000062
OPCODE	6CBC	244	0.000062
OPCODE	D78C	244	0.000062
OPCODE	9EC4	244	0.000062
OPCODE	DE46	244	0.000062
OPCODE	3E18	244	0.000062
OPCODE	E342	244	0.000062
OPCODE	E668	244	0.000062
OPCODE	4A99	244	0.000062
OPCODE	3618	244	0.000062
OPCODE	BA29	244	0.000062
OPCODE	92C4	244	0.000062
OPCODE	2682	244	0.000062
OPCODE	0644	244	0.000062
OPCODE	0887	244	0.000062
OPCODE	C05A	244	0.000062
OPCODE	E946	244	0.000062
OPCODE	0204	244	0.000062
OPCODE	2702	244	0.000062
OPCODE	E445	244	0.000062
OPCODE	5549	244	0.000062
OPCODE	C4C5	244	0.000062
OPCODE	C4C6	244	0.000062
OPCODE	3A18	244	0.000062
OPCODE	1A10	244	0.000062
OPCODE	6B32	244	0.000062
OPCODE	6D2A	244	0.000062
OPCODE	9969	244	0.000062
OPCODE	3345	244	0.000062
OPCODE	4263	244	0.000062
OPCODE	2458	243	0.000062
OPCODE	B485	243	0.000062
OPCODE	70C6	242	0.000061
OPCODE	D880	241	0.000061
OPCODE	2E1F	241	0.000061
OPCODE	206A	241	0.000061
OPCODE	5D40	241	0.000061
OPCODE	66B6	240	0.000061
OPCODE	926A	240	0.000061
OPCODE	C041	240	0.000061
OPCODE	6C46	240	0.000061
OPCODE	C8C1	240	0.000061
OPCODE	CBC0	240	0.000061
OPCODE	E05A	240	0.000061
OPCODE	4469	240	0.000061
OPCODE	6642	239	0.000061
OPCODE	31B2	238	0.000060
OPCODE	1210	238	0.000060
OPCODE	DAFC	238	0.000060
OPCODE	2641	238	0.000060
OPCODE	B06B	237	0.000060
OPCODE	BF84	236	0.000060
OPCODE	8992	236	0.000060
OPCODE	197C	236	0.000060
OPCODE	2A18	236	0.000060
OPCODE	D5CB	236	0.000060
OPCODE	43F1	234	0.000059
OPCODE	1211	233	0.000059
OPCODE	2308	233	0.000059
OPCODE	0C87	233	0.000059
OPCODE	8280	233	0.000059
OPCODE	6EC8	233	0.000059
OPCODE	61B2	232	0.000059
OPCODE	5210	232	0.000059
OPCODE	6198	232	0.000059
OPCODE	2207	232	0.000059
OPCODE	2419	232	0.000059
OPCODE	1180	232	0.000059
OPCODE	343C	231	0.000059
OPCODE	0054	230	0.000058
OPCODE	45F1	230	0.000058
OPCODE	42AC	230	0.000058
OPCODE	99CC	229	0.000058
OPCODE	2E48	227	0.000058
OPCODE	6778	227	0.000058
OPCODE	4857	226	0.000057
OPCODE	0057	226	0.000057
OPCODE	3A06	226	0.000057
OPCODE	65D8	225	0.000057
OPCODE	E16F	225	0.000057
OPCODE	C091	224	0.000057
OPCODE	8083	224	0.000057
OPCODE	4A5A	224	0.000057
OPCODE	0C6A	223	0.000057
OPCODE	4A82	222	0.000056
OPCODE	50E7	222	0.000056
OPCODE	C0FC	222	0.000056
OPCODE	6F06	222	0.000056
OPCODE	6C38	222	0.000056
OPCODE	6D54	220	0.000056
OPCODE	5545	220	0.000056
OPCODE	60EC	220	0.000056
OPCODE	A9EB	220	0.000056
OPCODE	4BFA	220	0.000056
OPCODE	B543	220	0.000056
OPCODE	A322	220	0.000056
OPCODE	911C	219	0.000055
OPCODE	101C	219	0.000055
OPCODE	6B4A	219	0.000055
OPCODE	3E1A	219	0.000055
OPCODE	9C47	219	0.000055
OPCODE	3C12	219	0.000055
OPCODE	264C	217	0.000055
OPCODE	80C1	217	0.000055
OPCODE	3A2C	216	0.000055
OPCODE	2652	215	0.000054
OPCODE	3210	215	0.000054
OPCODE	7030	215	0.000054
OPCODE	8CAE	215	0.000054
OPCODE	603E	214	0.000054
OPCODE	C840	214	0.000054
OPCODE	6052	214	0.000054
OPCODE	3207	212	0.000054
OPCODE	6804	212	0.000054
OPCODE	4CAE	212	0.000054
OPCODE	6DF0	211	0.000053
OPCODE	6D9A	211	0.000053
OPCODE	2A4F	211	0.000053
OPCODE	E38E	211	0.000053
OPCODE	B9FC	210	0.000053
OPCODE	4CD3	210	0.000053
OPCODE	545B	210	0.000053
OPCODE	DF6B	210	0.000053
OPCODE	48D3	210	0.000053
OPCODE	61B6	209	0.000053
OPCODE	284F	209	0.000053
OPCODE	6742	209	0.000053
OPCODE	93CC	209	0.000053
OPCODE	61CA	209	0.000053
OPCODE	3609	209	0.000053
OPCODE	224F	209	0.000053
OPCODE	1202	209	0.000053
OPCODE	3A11	209	0.000053
OPCODE	61BA	209	0.000053
OPCODE	341F	209	0.000053
OPCODE	554B	209	0.000053
OPCODE	61D2	209	0.000053
OPCODE	4CD0	209	0.000053
OPCODE	7E0A	208	0.000053
OPCODE	620A	208	0.000053
OPCODE	30C7	208	0.000053
OPCODE	E968	207	0.000052
OPCODE	286F	207	0.000052
OPCODE	3482	207	0.000052
OPCODE	518F	206	0.000052
OPCODE	D851	206	0.000052
OPCODE	026E	206	0.000052
OPCODE	60D2	205	0.000052
OPCODE	6DC8	205	0.000052
OPCODE	66E4	203	0.000051
OPCODE	B843	203	0.000051
OPCODE	A8E4	202	0.000051
OPCODE	2368	201	0.000051
OPCODE	1340	201	0.000051
OPCODE	6D08	201	0.000051
OPCODE	2142	201	0.000051
OPCODE	5387	201	0.000051
OPCODE	0831	201	0.000051
OPCODE	6C0A	200	0.000051
OPCODE	D7D4	199	0.000050
OPCODE	6672	198	0.000050
OPCODE	61C2	198	0.000050
OPCODE	3F14	197	0.000050
OPCODE	B680	197	0.000050
OPCODE	E538	197	0.000050
OPCODE	9250	197	0.000050
OPCODE	BF00	197	0.000050
OPCODE	223B	197	0.000050
OPCODE	1C00	196	0.000050
OPCODE	207C	195	0.000049
OPCODE	0C84	195	0.000049
OPCODE	0C07	194	0.000049
OPCODE	6D24	194	0.000049
OPCODE	B1E9	194	0.000049
OPCODE	C684	194	0.000049
OPCODE	BC2C	193	0.000049
OPCODE	B5EC	193	0.000049
OPCODE	56C6	193	0.000049
OPCODE	2E10	192	0.000049
OPCODE	47EC	192	0.000049
OPCODE	20C7	190	0.000048
OPCODE	B068	190	0.000048
OPCODE	425B	188	0.000048
OPCODE	C0E9	187	0.000047
OPCODE	E848	187	0.000047
OPCODE	C0AB	187	0.000047
OPCODE	0C78	186	0.000047
OPCODE	B240	185	0.000047
OPCODE	1205	185	0.000047
OPCODE	9883	185	0.000047
OPCODE	B81C	184	0.000047
OPCODE	1884	184	0.000047
OPCODE	528C	184	0.000047
OPCODE	1944	184	0.000047
OPCODE	E16E	184	0.000047
OPCODE	9C41	184	0.000047
OPCODE	3407	184	0.000047
OPCODE	B814	184	0.000047
OPCODE	3035	184	0.000047
OPCODE	61CC	184	0.000047
OPCODE	DE41	184	0.000047
OPCODE	E56C	184	0.000047
OPCODE	7810	184	0.000047
OPCODE	162C	183	0.000046
OPCODE	5989	183	0.000046
OPCODE	1228	183	0.000046
OPCODE	BE90	183	0.000046
OPCODE	5480	183	0.000046
OPCODE	48D0	182	0.000046
OPCODE	4486	182	0.000046
OPCODE	2157	182	0.000046
OPCODE	D8C0	182	0.000046
OPCODE	21ED	182	0.000046
OPCODE	AA14	182	0.000046
OPCODE	0202	182	0.000046
OPCODE	2151	182	0.000046
OPCODE	8401	181	0.000046
OPCODE	611A	181	0.000046
OPCODE	1834	181	0.000046
OPCODE	0C98	180	0.000046
OPCODE	B490	179	0.000045
OPCODE	254A	179	0.000045
OPCODE	9252	179	0.000045
OPCODE	CEB0	179	0.000045
OPCODE	6D1A	178	0.000045
OPCODE	66FA	178	0.000045
OPCODE	61C4	178	0.000045
OPCODE	4A30	176	0.000045
OPCODE	6134	175	0.000044
OPCODE	9642	173	0.000044
OPCODE	B1C1	173	0.000044
OPCODE	5741	173	0.000044
OPCODE	B0A9	172	0.000044
OPCODE	6F44	172	0.000044
OPCODE	4257	171	0.000043
OPCODE	1E01	171	0.000043
OPCODE	1203	171	0.000043
OPCODE	7E01	171	0.000043
OPCODE	64F0	170	0.000043
OPCODE	6E82	170	0.000043
OPCODE	9BCD	170	0.000043
OPCODE	21FC	170	0.000043
OPCODE	0890	169	0.000043
OPCODE	7C07	169	0.000043
OPCODE	D5F2	169	0.000043
OPCODE	D46B	169	0.000043
OPCODE	EDC1	169	0.000043
OPCODE	1204	169	0.000043
OPCODE	1E2E	169	0.000043
OPCODE	C446	169	0.000043
OPCODE	56E8	168	0.000043
OPCODE	B642	168	0.000043
OPCODE	50C1	168	0.000043
OPCODE	7E0F	168	0.000043
OPCODE	9047	168	0.000043
OPCODE	5282	168	0.000043
OPCODE	ECE8	168	0.000043
OPCODE	6E76	168	0.000043
OPCODE	3F29	168	0.000043
OPCODE	EDE8	168	0.000043
OPCODE	102F	168	0.000043
OPCODE	2E6C	167	0.000042
OPCODE	DC93	167	0.000042
OPCODE	294F	167	0.000042
OPCODE	294D	167	0.000042
OPCODE	2C36	167	0.000042
OPCODE	2F19	167	0.000042
OPCODE	6774	166	0.000042
OPCODE	61BE	166	0.000042
OPCODE	4CD8	166	0.000042
OPCODE	E549	166	0.000042
OPCODE	2A2C	166	0.000042
OPCODE	2A54	165	0.000042
OPCODE	60E6	165	0.000042
OPCODE	4A71	164	0.000042
OPCODE	0683	164	0.000042
OPCODE	D681	164	0.000042
OPCODE	CAEE	164	0.000042
OPCODE	EA4D	164	0.000042
OPCODE	E58B	164	0.000042
OPCODE	6400	164	0.000042
OPCODE	C6C1	164	0.000042
OPCODE	3435	164	0.000042
OPCODE	D1F0	163	0.000041
OPCODE	3F3A	162	0.000041
OPCODE	EFA8	162	0.000041
OPCODE	B2FC	162	0.000041
OPCODE	2490	162	0.000041
OPCODE	67D8	161	0.000041
OPCODE	20B8	160	0.000041
OPCODE	E218	160	0.000041
OPCODE	CE53	160	0.000041
OPCODE	D100	160	0.000041
OPCODE	E219	160	0.000041
OPCODE	9C81	159	0.000040
OPCODE	6142	159	0.000040
OPCODE	C4FC	159	0.000040
OPCODE	ED59	158	0.000040
OPCODE	2F21	158	0.000040
OPCODE	48C3	158	0.000040
OPCODE	1C03	158	0.000040
OPCODE	3E06	158	0.000040
OPCODE	3438	158	0.000040
OPCODE	BEAE	157	0.000040
OPCODE	266F	157	0.000040
OPCODE	2880	157	0.000040
OPCODE	66D8	156	0.000040
OPCODE	7A04	156	0.000040
OPCODE	2F2A	155	0.000039
OPCODE	6080	155	0.000039
OPCODE	220C	155	0.000039
OPCODE	652A	154	0.000039
OPCODE	2D50	154	0.000039
OPCODE	6E48	153	0.000039
OPCODE	2082	153	0.000039
OPCODE	721F	153	0.000039
OPCODE	4299	152	0.000039
OPCODE	621C	152	0.000039
OPCODE	B5C0	152	0.000039
OPCODE	D152	152	0.000039
OPCODE	2801	151	0.000038
OPCODE	926C	151	0.000038
OPCODE	B269	151	0.000038
OPCODE	246D	150	0.000038
OPCODE	D1C3	150	0.000038
OPCODE	2420	150	0.000038
OPCODE	0C54	150	0.000038
OPCODE	22E0	150	0.000038
OPCODE	5887	150	0.000038
OPCODE	32C5	149	0.000038
OPCODE	E78A	149	0.000038
OPCODE	9A84	149	0.000038
OPCODE	7A10	149	0.000038
OPCODE	DBC5	149	0.000038
OPCODE	2870	149	0.000038
OPCODE	E685	149	0.000038
OPCODE	D645	149	0.000038
OPCODE	EF6E	149	0.000038
OPCODE	EEAD	149	0.000038
OPCODE	3078	149	0.000038
OPCODE	C8C2	149	0.000038
OPCODE	EEAA	149	0.000038
OPCODE	D551	149	0.000038
OPCODE	9C40	149	0.000038
OPCODE	B245	149	0.000038
OPCODE	91C2	149	0.000038
OPCODE	32C3	149	0.000038
OPCODE	32C2	149	0.000038
OPCODE	E58A	149	0.000038
OPCODE	1E30	149	0.000038
OPCODE	3285	149	0.000038
OPCODE	EA8D	149	0.000038
OPCODE	4DEC	148	0.000038
OPCODE	3256	148	0.000038
OPCODE	6B4E	148	0.000038
OPCODE	4847	148	0.000038
OPCODE	360B	148	0.000038
OPCODE	65E8	148	0.000038
OPCODE	2C45	148	0.000038
OPCODE	E9AE	147	0.000037
OPCODE	9C6D	147	0.000037
OPCODE	B095	147	0.000037
OPCODE	CC80	147	0.000037
OPCODE	E44B	147	0.000037
OPCODE	666E	146	0.000037
OPCODE	8043	146	0.000037
OPCODE	2C1F	145	0.000037
OPCODE	BE92	144	0.000036
OPCODE	E250	144	0.000036
OPCODE	0246	144	0.000036
OPCODE	1280	144	0.000036
OPCODE	0042	144	0.000036
OPCODE	421C	144	0.000036
OPCODE	D640	144	0.000036
OPCODE	65F6	144	0.000036
OPCODE	B4A8	143	0.000036
OPCODE	9286	143	0.000036
OPCODE	6FF0	143	0.000036
OPCODE	30BC	142	0.000036
OPCODE	222A	141	0.000036
OPCODE	A069	141	0.000036
OPCODE	4683	140	0.000035
OPCODE	2482	140	0.000035
OPCODE	6110	140	0.000035
OPCODE	31DF	140	0.000035
OPCODE	7210	139	0.000035
OPCODE	3947	138	0.000035
OPCODE	61A4	138	0.000035
OPCODE	3F5F	138	0.000035
OPCODE	6768	138	0.000035
OPCODE	E749	138	0.000035
OPCODE	D244	138	0.000035
OPCODE	61DE	138	0.000035
OPCODE	2A03	137	0.000035
OPCODE	3142	136	0.000034
OPCODE	B652	136	0.000034
OPCODE	AA15	136	0.000034
OPCODE	618E	136	0.000034
OPCODE	0C34	136	0.000034
OPCODE	2D46	135	0.000034
OPCODE	619C	135	0.000034
OPCODE	469B	135	0.000034
OPCODE	9641	135	0.000034
OPCODE	215F	135	0.000034
OPCODE	A851	135	0.000034
OPCODE	294C	134	0.000034
OPCODE	4442	134	0.000034
OPCODE	288C	134	0.000034
OPCODE	A050	134	0.000034
OPCODE	4646	134	0.000034
OPCODE	30FC	133	0.000034
OPCODE	46EF	133	0.000034
OPCODE	4886	133	0.000034
OPCODE	B9C9	133	0.000034
OPCODE	605C	133	0.000034
OPCODE	666C	133	0.000034
OPCODE	2385	132	0.000033
OPCODE	A06A	132	0.000033
OPCODE	1030	132	0.000033
OPCODE	4698	131	0.000033
OPCODE	08A8	131	0.000033
OPCODE	E400	130	0.000033
OPCODE	18C5	130	0.000033
OPCODE	4259	130	0.000033
OPCODE	1705	130	0.000033
OPCODE	DC44	130	0.000033
OPCODE	1C38	129	0.000033
OPCODE	B446	129	0.000033
OPCODE	4850	129	0.000033
OPCODE	21C7	129	0.000033
OPCODE	9E91	129	0.000033
OPCODE	11C0	129	0.000033
OPCODE	2E11	129	0.000033
OPCODE	7402	128	0.000032
OPCODE	E140	128	0.000032
OPCODE	700F	128	0.000032
OPCODE	4A2F	128	0.000032
OPCODE	9A86	128	0.000032
OPCODE	3280	128	0.000032
OPCODE	6182	128	0.000032
OPCODE	9A82	128	0.000032
OPCODE	0190	128	0.000032
OPCODE	EDC6	128	0.000032
OPCODE	2035	128	0.000032
OPCODE	D7C4	128	0.000032
OPCODE	802B	128	0.000032
OPCODE	6B3E	128	0.000032
OPCODE	2404	127	0.000032
OPCODE	7410	127	0.000032
OPCODE	24C8	127	0.000032
OPCODE	A96F	126	0.000032
OPCODE	361A	126	0.000032
OPCODE	8050	126	0.000032
OPCODE	67AE	126	0.000032
OPCODE	8058	126	0.000032
OPCODE	208A	126	0.000032
OPCODE	57C5	126	0.000032
OPCODE	B250	125	0.000032
OPCODE	49F4	125	0.000032
OPCODE	2403	125	0.000032
OPCODE	7A03	125	0.000032
OPCODE	24E9	125	0.000032
OPCODE	56F8	125	0.000032
OPCODE	66E2	125	0.000032
OPCODE	08EA	125	0.000032
OPCODE	216C	125	0.000032
OPCODE	B1C0	124	0.000031
OPCODE	283C	124	0.000031
OPCODE	0C2A	124	0.000031
OPCODE	4201	124	0.000031
OPCODE	3040	124	0.000031
OPCODE	4A91	123	0.000031
OPCODE	296E	123	0.000031
OPCODE	6304	123	0.000031
OPCODE	A122	123	0.000031
OPCODE	AA33	123	0.000031
OPCODE	2063	122	0.000031
OPCODE	D5C2	121	0.000031
OPCODE	22B0	121	0.000031
OPCODE	3370	121	0.000031
OPCODE	2680	120	0.000030
OPCODE	2548	120	0.000030
OPCODE	2484	120	0.000030
OPCODE	93C8	120	0.000030
OPCODE	BE86	119	0.000030
OPCODE	6058	119	0.000030
OPCODE	612C	119	0.000030
OPCODE	2030	119	0.000030
OPCODE	3940	119	0.000030
OPCODE	5043	119	0.000030
OPCODE	D882	119	0.000030
OPCODE	604E	119	0.000030
OPCODE	3E2B	118	0.000030
OPCODE	142B	118	0.000030
OPCODE	2747	118	0.000030
OPCODE	6418	118	0.000030
OPCODE	522A	118	0.000030
OPCODE	6FEE	118	0.000030
OPCODE	6DFA	118	0.000030
OPCODE	6788	117	0.000030
OPCODE	61D4	117	0.000030
OPCODE	B880	117	0.000030
OPCODE	57C8	117	0.000030
OPCODE	7C7F	117	0.000030
OPCODE	3D78	117	0.000030
OPCODE	DA46	116	0.000029
OPCODE	97D4	116	0.000029
OPCODE	7CFF	116	0.000029
OPCODE	3E09	116	0.000029
OPCODE	E54D	116	0.000029
OPCODE	082C	116	0.000029
OPCODE	2946	116	0.000029
OPCODE	D2C7	116	0.000029
OPCODE	2408	115	0.000029
OPCODE	2C07	115	0.000029
OPCODE	DEFC	115	0.000029
OPCODE	2C2B	115	0.000029
OPCODE	6D2E	114	0.000029
OPCODE	D86D	114	0.000029
OPCODE	EAC0	114	0.000029
OPCODE	594A	114	0.000029
OPCODE	E8C0	114	0.000029
OPCODE	B444	114	0.000029
OPCODE	D66D	114	0.000029
OPCODE	2A4B	114	0.000029
OPCODE	2E2F	114	0.000029
OPCODE	2340	113	0.000029
OPCODE	C0A8	113	0.000029
OPCODE	7048	113	0.000029
OPCODE	1142	112	0.000028
OPCODE	2E6D	112	0.000028
OPCODE	50E9	112	0.000028
OPCODE	66F6	112	0.000028
OPCODE	01D0	112	0.000028
OPCODE	08B0	112	0.000028
OPCODE	6E06	111	0.000028
OPCODE	C07C	110	0.000028
OPCODE	70F2	110	0.000028
OPCODE	3C38	110	0.000028
OPCODE	E7A8	110	0.000028
OPCODE	362A	109	0.000028
OPCODE	4A17	109	0.000028
OPCODE	60B2	108	0.000027
OPCODE	47F1	107	0.000027
OPCODE	426D	107	0.000027
OPCODE	4A03	107	0.000027
OPCODE	42AB	107	0.000027
OPCODE	A8E6	107	0.000027
OPCODE	B02C	106	0.000027
OPCODE	2669	106	0.000027
OPCODE	A889	106	0.000027
OPCODE	6354	105	0.000027
OPCODE	2417	105	0.000027
OPCODE	2D09	105	0.000027
OPCODE	225E	105	0.000027
OPCODE	6750	105	0.000027
OPCODE	9489	105	0.000027
OPCODE	5200	105	0.000027
OPCODE	635A	105	0.000027
OPCODE	80EC	105	0.000027
OPCODE	5C8A	105	0.000027
OPCODE	2073	105	0.000027
OPCODE	623E	105	0.000027
OPCODE	D488	105	0.000027
OPCODE	B291	105	0.000027
OPCODE	70DA	105	0.000027
OPCODE	928F	104	0.000026
OPCODE	2E49	104	0.000026
OPCODE	E281	104	0.000026
OPCODE	228E	103	0.000026
OPCODE	B5C9	102	0.000026
OPCODE	C043	102	0.000026
OPCODE	BC6C	102	0.000026
OPCODE	31F8	102	0.000026
OPCODE	A891	102	0.000026
OPCODE	B08C	102	0.000026
OPCODE	3418	102	0.000026
OPCODE	49E8	101	0.000026
OPCODE	BE53	101	0.000026
OPCODE	2F13	101	0.000026
OPCODE	3742	100	0.000025
OPCODE	12FC	100	0.000025
OPCODE	C685	100	0.000025
OPCODE	2683	100	0.000025
OPCODE	3368	100	0.000025
OPCODE	38DB	100	0.000025
OPCODE	66DA	99	0.000025
OPCODE	B086	99	0.000025
OPCODE	6098	99	0.000025
OPCODE	34D1	99	0.000025
OPCODE	E180	98	0.000025
OPCODE	3199	98	0.000025
OPCODE	5D42	98	0.000025
OPCODE	2180	98	0.000025
OPCODE	70CD	98	0.000025
OPCODE	B1FC	98	0.000025
OPCODE	E388	98	0.000025
OPCODE	11D9	98	0.000025
OPCODE	3978	97	0.000025
OPCODE	B844	97	0.000025
OPCODE	12BC	97	0.000025
OPCODE	6C44	97	0.000025
OPCODE	222F	96	0.000024
OPCODE	2C28	96	0.000024
OPCODE	66CC	96	0.000024
OPCODE	0041	96	0.000024
OPCODE	C899	96	0.000024
OPCODE	61F6	96	0.000024
OPCODE	9CFC	95	0.000024
OPCODE	4DEE	95	0.000024
OPCODE	31EC	95	0.000024
OPCODE	D7E8	95	0.000024
OPCODE	5845	94	0.000024
OPCODE	102A	94	0.000024
OPCODE	6B38	94	0.000024
OPCODE	6CD6	92	0.000023
OPCODE	A825	92	0.000023
OPCODE	6D78	92	0.000023
OPCODE	0894	92	0.000023
OPCODE	97CB	92	0.000023
OPCODE	2740	92	0.000023
OPCODE	47EA	91	0.000023
OPCODE	B859	91	0.000023
OPCODE	0C53	91	0.000023
OPCODE	E988	91	0.000023
OPCODE	5945	90	0.000023
OPCODE	4AAA	90	0.000023
OPCODE	B098	90	0.000023
OPCODE	7C01	90	0.000023
OPCODE	A975	90	0.000023
OPCODE	3E05	90	0.000023
OPCODE	6666	90	0.000023
OPCODE	2A69	90	0.000023
OPCODE	665E	89	0.000023
OPCODE	2071	89	0.000023
OPCODE	B5E9	89	0.000023
OPCODE	602E	89	0.000023
OPCODE	6066	88	0.000022
OPCODE	2A31	88	0.000022
OPCODE	2942	88	0.000022
OPCODE	396D	88	0.000022
OPCODE	48F8	88	0.000022
OPCODE	242A	88	0.000022
OPCODE	2E57	87	0.000022
OPCODE	606C	87	0.000022
OPCODE	66C0	87	0.000022
OPCODE	5544	87	0.000022
OPCODE	4214	87	0.000022
OPCODE	2280	86	0.000022
OPCODE	6204	86	0.000022
OPCODE	9C85	86	0.000022
OPCODE	1E2B	86	0.000022
OPCODE	7E1F	86	0.000022
OPCODE	6318	85	0.000022
OPCODE	2097	85	0.000022
OPCODE	67BC	85	0.000022
OPCODE	B229	85	0.000022
OPCODE	2D9F	85	0.000022
OPCODE	41F7	85	0.000022
OPCODE	7626	84	0.000021
OPCODE	22C8	84	0.000021
OPCODE	A002	84	0.000021
OPCODE	3982	84	0.000021
OPCODE	E410	84	0.000021
OPCODE	84F8	84	0.000021
OPCODE	D5C0	84	0.000021
OPCODE	47F8	84	0.000021
OPCODE	E188	84	0.000021
OPCODE	95C0	83	0.000021
OPCODE	9441	83	0.000021
OPCODE	48B8	83	0.000021
OPCODE	97C0	83	0.000021
OPCODE	C18C	83	0.000021
OPCODE	3F2C	83	0.000021
OPCODE	E0AE	83	0.000021
OPCODE	6B5C	83	0.000021
OPCODE	4686	83	0.000021
OPCODE	A9A0	82	0.000021
OPCODE	2853	82	0.000021
OPCODE	442E	82	0.000021
OPCODE	EA8A	81	0.000021
OPCODE	B7E8	81	0.000021
OPCODE	2E2B	81	0.000021
OPCODE	20C2	81	0.000021
OPCODE	31FC	81	0.000021
OPCODE	60D6	81	0.000021
OPCODE	6668	80	0.000020
OPCODE	80F8	80	0.000020
OPCODE	3F6F	80	0.000020
OPCODE	6072	80	0.000020
OPCODE	28A8	80	0.000020
OPCODE	2205	80	0.000020
OPCODE	3340	79	0.000020
OPCODE	122C	79	0.000020
OPCODE	3169	79	0.000020
OPCODE	72FE	79	0.000020
OPCODE	6044	79	0.000020
OPCODE	6766	79	0.000020
OPCODE	D08C	79	0.000020
OPCODE	B290	78	0.000020
OPCODE	B670	78	0.000020
OPCODE	60EE	78	0.000020
OPCODE	A8D9	78	0.000020
OPCODE	0CAD	78	0.000020
OPCODE	C1C7	78	0.000020
OPCODE	122A	78	0.000020
OPCODE	82FC	78	0.000020
OPCODE	651C	77	0.000020
OPCODE	B2B8	77	0.000020
OPCODE	3320	77	0.000020
OPCODE	11F8	77	0.000020
OPCODE	A03C	77	0.000020
OPCODE	90FC	77	0.000020
OPCODE	2807	76	0.000019
OPCODE	5281	76	0.000019
OPCODE	A8D8	76	0.000019
OPCODE	D5D4	76	0.000019
OPCODE	A830	76	0.000019
OPCODE	2B78	76	0.000019
OPCODE	60F8	75	0.000019
OPCODE	2F49	75	0.000019
OPCODE	2F68	75	0.000019
OPCODE	BC84	75	0.000019
OPCODE	62F4	75	0.000019
OPCODE	677A	75	0.000019
OPCODE	47E8	75	0.000019
OPCODE	2611	75	0.000019
OPCODE	3341	74	0.000019
OPCODE	214A	74	0.000019
OPCODE	216B	74	0.000019
OPCODE	5285	74	0.000019
OPCODE	7044	74	0.000019
OPCODE	6C5A	74	0.000019
OPCODE	67D4	74	0.000019
OPCODE	A887	74	0.000019
OPCODE	60C4	74	0.000019
OPCODE	A8E5	74	0.000019
OPCODE	B089	74	0.000019
OPCODE	E38F	74	0.000019
OPCODE	7403	74	0.000019
OPCODE	6C90	73	0.000018
OPCODE	6EF8	73	0.000018
OPCODE	300D	73	0.000018
OPCODE	667C	73	0.000018
OPCODE	2409	73	0.000018
OPCODE	6046	72	0.000018
OPCODE	00AC	72	0.000018
OPCODE	C0E8	72	0.000018
OPCODE	4A73	72	0.000018
OPCODE	3411	72	0.000018
OPCODE	9269	72	0.000018
OPCODE	6FDC	72	0.000018
OPCODE	7C02	72	0.000018
OPCODE	88EA	71	0.000018
OPCODE	D651	71	0.000018
OPCODE	D687	71	0.000018
OPCODE	86EA	71	0.000018
OPCODE	277C	71	0.000018
OPCODE	DEC7	71	0.000018
OPCODE	8CFC	71	0.000018
OPCODE	C4EA	71	0.000018
OPCODE	C544	71	0.000018
OPCODE	2C13	71	0.000018
OPCODE	D04D	71	0.000018
OPCODE	2A13	71	0.000018
OPCODE	49F8	71	0.000018
OPCODE	CCEA	71	0.000018
OPCODE	C6C6	71	0.000018
OPCODE	84EA	71	0.000018
OPCODE	45F2	71	0.000018
OPCODE	E781	71	0.000018
OPCODE	300F	71	0.000018
OPCODE	3031	71	0.000018
OPCODE	381A	71	0.000018
OPCODE	2605	71	0.000018
OPCODE	384B	71	0.000018
OPCODE	E7AA	70	0.000018
OPCODE	6074	70	0.000018
OPCODE	A8E0	70	0.000018
OPCODE	CA83	70	0.000018
OPCODE	CC84	70	0.000018
OPCODE	49F0	70	0.000018
OPCODE	CC94	70	0.000018
OPCODE	E0AB	70	0.000018
OPCODE	28C6	70	0.000018
OPCODE	B897	70	0.000018
OPCODE	DF53	70	0.000018
OPCODE	0C83	70	0.000018
OPCODE	6128	70	0.000018
OPCODE	C286	70	0.000018
OPCODE	2612	70	0.000018
OPCODE	642A	70	0.000018
OPCODE	6414	70	0.000018
OPCODE	8C81	70	0.000018
OPCODE	307C	69	0.000017
OPCODE	4883	69	0.000017
OPCODE	5288	69	0.000017
OPCODE	DDA8	69	0.000017
OPCODE	704A	69	0.000017
OPCODE	AA1A	69	0.000017
OPCODE	DA86	69	0.000017
OPCODE	6FD8	69	0.000017
OPCODE	9E86	69	0.000017
OPCODE	EA88	69	0.000017
OPCODE	A88A	69	0.000017
OPCODE	426B	68	0.000017
OPCODE	AA19	68	0.000017
OPCODE	C188	68	0.000017
OPCODE	9843	68	0.000017
OPCODE	C068	68	0.000017
OPCODE	4292	68	0.000017
OPCODE	C589	68	0.000017
OPCODE	4BED	67	0.000017
OPCODE	3A1F	67	0.000017
OPCODE	632A	67	0.000017
OPCODE	BBCC	66	0.000017
OPCODE	909B	66	0.000017
OPCODE	6B18	66	0.000017
OPCODE	66C8	66	0.000017
OPCODE	A22E	66	0.000017
OPCODE	6348	66	0.000017
OPCODE	2A48	65	0.000016
OPCODE	2F41	65	0.000016
OPCODE	4229	65	0.000016
OPCODE	E0AD	65	0.000016
OPCODE	90AB	65	0.000016
OPCODE	4AA9	65	0.000016
OPCODE	289F	64	0.000016
OPCODE	42AF	64	0.000016
OPCODE	BE40	64	0.000016
OPCODE	67E6	64	0.000016
OPCODE	31C6	64	0.000016
OPCODE	D7C2	64	0.000016
OPCODE	3F7C	64	0.000016
OPCODE	6036	64	0.000016
OPCODE	6EF2	64	0.000016
OPCODE	6D44	64	0.000016
OPCODE	956E	64	0.000016
OPCODE	2217	64	0.000016
OPCODE	2E3C	63	0.000016
OPCODE	2A6C	63	0.000016
OPCODE	6F40	63	0.000016
OPCODE	B846	63	0.000016
OPCODE	2A75	63	0.000016
OPCODE	335A	63	0.000016
OPCODE	C34D	63	0.000016
OPCODE	24F4	62	0.000016
OPCODE	926E	62	0.000016
OPCODE	246B	62	0.000016
OPCODE	20CC	62	0.000016
OPCODE	C22B	62	0.000016
OPCODE	D0E8	62	0.000016
OPCODE	5849	62	0.000016
OPCODE	5349	62	0.000016
OPCODE	95D4	62	0.000016
OPCODE	E54F	61	0.000015
OPCODE	7091	61	0.000015
OPCODE	234A	61	0.000015
OPCODE	4213	61	0.000015
OPCODE	B268	61	0.000015
OPCODE	609E	61	0.000015
OPCODE	0878	61	0.000015
OPCODE	6DC0	61	0.000015
OPCODE	C1C2	61	0.000015
OPCODE	D042	60	0.000015
OPCODE	3233	60	0.000015
OPCODE	C641	60	0.000015
OPCODE	E780	60	0.000015
OPCODE	2D59	60	0.000015
OPCODE	5D8F	60	0.000015
OPCODE	B26A	60	0.000015
OPCODE	690E	60	0.000015
OPCODE	60C2	60	0.000015
OPCODE	D7EE	60	0.000015
OPCODE	B060	60	0.000015
OPCODE	DBEE	60	0.000015
OPCODE	2E2C	60	0.000015
OPCODE	D28C	59	0.000015
OPCODE	DA85	59	0.000015
OPCODE	5541	59	0.000015
OPCODE	2350	59	0.000015
OPCODE	425C	59	0.000015
OPCODE	536B	59	0.000015
OPCODE	265E	59	0.000015
OPCODE	A998	59	0.000015
OPCODE	2943	59	0.000015
OPCODE	196B	59	0.000015
OPCODE	526B	59	0.000015
OPCODE	E18D	59	0.000015
OPCODE	2D0B	59	0.000015
OPCODE	532D	58	0.000015
OPCODE	805F	58	0.000015
OPCODE	6C3C	58	0.000015
OPCODE	216A	58	0.000015
OPCODE	7602	58	0.000015
OPCODE	D804	58	0.000015
OPCODE	C047	58	0.000015
OPCODE	2352	58	0.000015
OPCODE	E0AF	58	0.000015
OPCODE	A8A3	58	0.000015
OPCODE	522D	58	0.000015
OPCODE	BA59	58	0.000015
OPCODE	D06C	58	0.000015
OPCODE	6316	58	0.000015
OPCODE	08E9	58	0.000015
OPCODE	5BC1	58	0.000015
OPCODE	5001	57	0.000014
OPCODE	7207	57	0.000014
OPCODE	D2C2	57	0.000014
OPCODE	E08A	57	0.000014
OPCODE	E18E	57	0.000014
OPCODE	9C42	57	0.000014
OPCODE	514F	57	0.000014
OPCODE	6698	57	0.000014
OPCODE	B1CC	56	0.000014
OPCODE	C22D	56	0.000014
OPCODE	1768	56	0.000014
OPCODE	B028	56	0.000014
OPCODE	B046	56	0.000014
OPCODE	D001	56	0.000014
OPCODE	2D73	56	0.000014
OPCODE	7280	56	0.000014
OPCODE	2B4F	56	0.000014
OPCODE	2A50	56	0.000014
OPCODE	A089	56	0.000014
OPCODE	49EB	56	0.000014
OPCODE	6C22	56	0.000014
OPCODE	262B	56	0.000014
OPCODE	9669	55	0.000014
OPCODE	C044	55	0.000014
OPCODE	9869	55	0.000014
OPCODE	D6C0	55	0.000014
OPCODE	12A8	55	0.000014
OPCODE	2881	55	0.000014
OPCODE	B847	55	0.000014
OPCODE	E2AD	55	0.000014
OPCODE	B393	55	0.000014
OPCODE	EA4B	55	0.000014
OPCODE	EA4C	55	0.000014
OPCODE	0C14	55	0.000014
OPCODE	11EB	55	0.000014
OPCODE	51C4	54	0.000014
OPCODE	3A10	54	0.000014
OPCODE	51C6	54	0.000014
OPCODE	2852	54	0.000014
OPCODE	67C8	54	0.000014
OPCODE	6FBE	54	0.000014
OPCODE	4217	54	0.000014
OPCODE	7AFC	54	0.000014
OPCODE	6050	54	0.000014
OPCODE	724E	54	0.000014
OPCODE	BEA8	54	0.000014
OPCODE	0BC3	53	0.000013
OPCODE	3352	53	0.000013
OPCODE	217C	53	0.000013
OPCODE	3E29	53	0.000013
OPCODE	6694	52	0.000013
OPCODE	C2AE	52	0.000013
OPCODE	3629	52	0.000013
OPCODE	D740	52	0.000013
OPCODE	30C6	52	0.000013
OPCODE	0C69	52	0.000013
OPCODE	6B76	52	0.000013
OPCODE	6C26	51	0.000013
OPCODE	266A	51	0.000013
OPCODE	3C29	51	0.000013
OPCODE	6FC8	51	0.000013
OPCODE	2171	51	0.000013
OPCODE	9452	51	0.000013
OPCODE	5987	50	0.000013
OPCODE	B06A	50	0.000013
OPCODE	ED40	50	0.000013
OPCODE	7610	50	0.000013
OPCODE	A1AD	50	0.000013
OPCODE	46C1	50	0.000013
OPCODE	2F6D	50	0.000013
OPCODE	40C1	50	0.000013
OPCODE	E240	50	0.000013
OPCODE	6F30	50	0.000013
OPCODE	3945	49	0.000012
OPCODE	3768	49	0.000012
OPCODE	2D53	49	0.000012
OPCODE	50C6	49	0.000012
OPCODE	60C6	49	0.000012
OPCODE	A8DD	49	0.000012
OPCODE	A89E	49	0.000012
OPCODE	92F8	49	0.000012
OPCODE	B7C0	49	0.000012
OPCODE	A260	49	0.000012
OPCODE	7023	49	0.000012
OPCODE	2A2B	49	0.000012
OPCODE	3405	49	0.000012
OPCODE	5840	49	0.000012
OPCODE	92A8	49	0.000012
OPCODE	740E	48	0.000012
OPCODE	A88B	48	0.000012
OPCODE	261B	48	0.000012
OPCODE	2C1B	48	0.000012
OPCODE	95A8	48	0.000012
OPCODE	281B	48	0.000012
OPCODE	117C	48	0.000012
OPCODE	D169	48	0.000012
OPCODE	D5A8	48	0.000012
OPCODE	45F4	48	0.000012
OPCODE	2A1B	48	0.000012
OPCODE	30D2	48	0.000012
OPCODE	B101	48	0.000012
OPCODE	22C3	48	0.000012
OPCODE	2540	48	0.000012
OPCODE	6D40	48	0.000012
OPCODE	4EB4	48	0.000012
OPCODE	58AE	48	0.000012
OPCODE	36C5	48	0.000012
OPCODE	36C6	48	0.000012
OPCODE	A0A5	48	0.000012
OPCODE	D4F2	47	0.000012
OPCODE	61A8	47	0.000012
OPCODE	61DC	47	0.000012
OPCODE	30B1	47	0.000012
OPCODE	2A49	47	0.000012
OPCODE	2B4B	46	0.000012
OPCODE	2842	46	0.000012
OPCODE	AA42	46	0.000012
OPCODE	6B54	46	0.000012
OPCODE	A90B	46	0.000012
OPCODE	AAA2	46	0.000012
OPCODE	D090	46	0.000012
OPCODE	3946	46	0.000012
OPCODE	66DC	46	0.000012
OPCODE	BA6B	46	0.000012
OPCODE	281F	46	0.000012
OPCODE	4482	46	0.000012
OPCODE	BC87	45	0.000011
OPCODE	A8E9	45	0.000011
OPCODE	7614	45	0.000011
OPCODE	C348	45	0.000011
OPCODE	6DE6	45	0.000011
OPCODE	60E0	45	0.000011
OPCODE	CA47	45	0.000011
OPCODE	A9EF	45	0.000011
OPCODE	D092	45	0.000011
OPCODE	446F	45	0.000011
OPCODE	720E	45	0.000011
OPCODE	6EE4	45	0.000011
OPCODE	61A2	44	0.000011
OPCODE	6572	44	0.000011
OPCODE	3F78	44	0.000011
OPCODE	82C0	44	0.000011
OPCODE	BE82	44	0.000011
OPCODE	16DC	44	0.000011
OPCODE	C0D4	44	0.000011
OPCODE	641A	44	0.000011
OPCODE	D6E8	44	0.000011
OPCODE	262F	44	0.000011
OPCODE	9484	44	0.000011
OPCODE	5307	44	0.000011
OPCODE	E54B	44	0.000011
OPCODE	B3CB	44	0.000011
OPCODE	70CE	44	0.000011
OPCODE	204D	43	0.000011
OPCODE	8042	43	0.000011
OPCODE	6F42	43	0.000011
OPCODE	D26D	43	0.000011
OPCODE	4BEB	43	0.000011
OPCODE	47F7	43	0.000011
OPCODE	263C	43	0.000011
OPCODE	E488	43	0.000011
OPCODE	9068	43	0.000011
OPCODE	700D	43	0.000011
OPCODE	60E4	43	0.000011
OPCODE	906A	43	0.000011
OPCODE	08C3	43	0.000011
OPCODE	B5D9	43	0.000011
OPCODE	B474	42	0.000011
OPCODE	A879	42	0.000011
OPCODE	B5F1	42	0.000011
OPCODE	5384	42	0.000011
OPCODE	A869	42	0.000011
OPCODE	21CE	42	0.000011
OPCODE	6056	42	0.000011
OPCODE	3F33	42	0.000011
OPCODE	D1A9	42	0.000011
OPCODE	740C	42	0.000011
OPCODE	2057	42	0.000011
OPCODE	7206	42	0.000011
OPCODE	B0B4	42	0.000011
OPCODE	D168	42	0.000011
OPCODE	2282	41	0.000010
OPCODE	60F6	41	0.000010
OPCODE	C0AE	41	0.000010
OPCODE	B08A	41	0.000010
OPCODE	296C	41	0.000010
OPCODE	B200	41	0.000010
OPCODE	6E1E	40	0.000010
OPCODE	2B44	40	0.000010
OPCODE	4ED6	40	0.000010
OPCODE	361F	40	0.000010
OPCODE	6DA8	40	0.000010
OPCODE	214D	40	0.000010
OPCODE	AA64	40	0.000010
OPCODE	6654	40	0.000010
OPCODE	7025	40	0.000010
OPCODE	296D	40	0.000010
OPCODE	70ED	40	0.000010
OPCODE	A8DC	40	0.000010
OPCODE	21C0	40	0.000010
OPCODE	747E	40	0.000010
OPCODE	D1A8	40	0.000010
OPCODE	D284	40	0.000010
OPCODE	3F57	40	0.000010
OPCODE	2B6B	40	0.000010
OPCODE	D485	40	0.000010
OPCODE	11D0	40	0.000010
OPCODE	0CA2	40	0.000010
OPCODE	176C	40	0.000010
OPCODE	4DFA	40	0.000010
OPCODE	3F30	40	0.000010
OPCODE	2B45	40	0.000010
OPCODE	D8C5	40	0.000010
OPCODE	E9A8	39	0.000010
OPCODE	B7ED	39	0.000010
OPCODE	9159	39	0.000010
OPCODE	B687	39	0.000010
OPCODE	A9ED	39	0.000010
OPCODE	70F9	39	0.000010
OPCODE	9359	39	0.000010
OPCODE	E7A9	39	0.000010
OPCODE	022A	38	0.000010
OPCODE	653A	38	0.000010
OPCODE	2454	38	0.000010
OPCODE	E840	38	0.000010
OPCODE	0CAC	38	0.000010
OPCODE	BAAC	38	0.000010
OPCODE	08C7	38	0.000010
OPCODE	2E05	38	0.000010
OPCODE	234F	37	0.000009
OPCODE	A868	37	0.000009
OPCODE	A994	37	0.000009
OPCODE	9285	37	0.000009
OPCODE	218C	37	0.000009
OPCODE	EA49	37	0.000009
OPCODE	C34A	37	0.000009
OPCODE	5C44	37	0.000009
OPCODE	E681	36	0.000009
OPCODE	2964	36	0.000009
OPCODE	D490	36	0.000009
OPCODE	2320	36	0.000009
OPCODE	91A8	36	0.000009
OPCODE	518B	36	0.000009
OPCODE	9190	36	0.000009
OPCODE	CA81	36	0.000009
OPCODE	7A1F	36	0.000009
OPCODE	22D2	36	0.000009
OPCODE	8441	36	0.000009
OPCODE	0C32	36	0.000009
OPCODE	53EE	36	0.000009
OPCODE	3380	36	0.000009
OPCODE	2017	35	0.000009
OPCODE	08D0	35	0.000009
OPCODE	241A	35	0.000009
OPCODE	2C01	35	0.000009
OPCODE	A93A	35	0.000009
OPCODE	9050	35	0.000009
OPCODE	0181	35	0.000009
OPCODE	54C0	35	0.000009
OPCODE	6676	35	0.000009
OPCODE	9868	35	0.000009
OPCODE	422A	35	0.000009
OPCODE	B9EB	35	0.000009
OPCODE	B3CC	34	0.000009
OPCODE	46C2	34	0.000009
OPCODE	327C	34	0.000009
OPCODE	5262	34	0.000009
OPCODE	43D2	34	0.000009
OPCODE	6D82	34	0.000009
OPCODE	40C2	34	0.000009
OPCODE	3543	34	0.000009
OPCODE	6D3E	34	0.000009
OPCODE	D9D0	34	0.000009
OPCODE	74FE	34	0.000009
OPCODE	6C1E	34	0.000009
OPCODE	2873	34	0.000009
OPCODE	6146	34	0.000009
OPCODE	524B	34	0.000009
OPCODE	6E18	34	0.000009
OPCODE	214B	33	0.000008
OPCODE	A80A	33	0.000008
OPCODE	B259	33	0.000008
OPCODE	B659	33	0.000008
OPCODE	E48E	33	0.000008
OPCODE	3D45	33	0.000008
OPCODE	0214	33	0.000008
OPCODE	3E2C	33	0.000008
OPCODE	B459	33	0.000008
OPCODE	A05A	33	0.000008
OPCODE	2283	33	0.000008
OPCODE	A8A9	33	0.000008
OPCODE	D0AA	33	0.000008
OPCODE	5940	33	0.000008
OPCODE	2328	32	0.000008
OPCODE	3F2F	32	0.000008
OPCODE	0682	32	0.000008
OPCODE	A08F	32	0.000008
OPCODE	342C	32	0.000008
OPCODE	E8A1	32	0.000008
OPCODE	DFAC	32	0.000008
OPCODE	4682	32	0.000008
OPCODE	31E1	32	0.000008
OPCODE	C5EC	32	0.000008
OPCODE	6C48	32	0.000008
OPCODE	CE03	32	0.000008
OPCODE	6062	32	0.000008
OPCODE	B0FC	32	0.000008
OPCODE	3E2D	32	0.000008
OPCODE	6410	32	0.000008
OPCODE	0257	32	0.000008
OPCODE	3942	32	0.000008
OPCODE	6760	31	0.000008
OPCODE	588A	31	0.000008
OPCODE	E84E	31	0.000008
OPCODE	6D28	31	0.000008
OPCODE	E641	31	0.000008
OPCODE	48C4	31	0.000008
OPCODE	9EFC	31	0.000008
OPCODE	2607	31	0.000008
OPCODE	300C	31	0.000008
OPCODE	EF8E	31	0.000008
OPCODE	C2C4	31	0.000008
OPCODE	8640	31	0.000008
OPCODE	7C0F	31	0.000008
OPCODE	BE80	31	0.000008
OPCODE	36BC	31	0.000008
OPCODE	BC47	31	0.000008
OPCODE	2085	31	0.000008
OPCODE	5284	31	0.000008
OPCODE	3E0B	31	0.000008
OPCODE	6652	31	0.000008
OPCODE	8046	31	0.000008
OPCODE	8047	31	0.000008
OPCODE	360D	31	0.000008
OPCODE	0CA9	31	0.000008
OPCODE	382C	31	0.000008
OPCODE	D647	31	0.000008
OPCODE	CC40	31	0.000008
OPCODE	631E	31	0.000008
OPCODE	D8C1	31	0.000008
OPCODE	5148	31	0.000008
OPCODE	6590	30	0.000008
OPCODE	C06C	30	0.000008
OPCODE	6E12	30	0.000008
OPCODE	A8A1	30	0.000008
OPCODE	3747	30	0.000008
OPCODE	4A9F	30	0.000008
OPCODE	2486	30	0.000008
OPCODE	613C	30	0.000008
OPCODE	6C34	30	0.000008
OPCODE	E2AA	30	0.000008
OPCODE	1091	30	0.000008
OPCODE	9168	30	0.000008
OPCODE	605E	30	0.000008
OPCODE	3186	30	0.000008
OPCODE	B7EC	30	0.000008
OPCODE	9DC0	29	0.000007
OPCODE	294E	29	0.000007
OPCODE	006B	29	0.000007
OPCODE	968D	29	0.000007
OPCODE	9A68	29	0.000007
OPCODE	CAC1	29	0.000007
OPCODE	9A59	29	0.000007
OPCODE	7404	29	0.000007
OPCODE	6312	29	0.000007
OPCODE	6F2A	29	0.000007
OPCODE	7647	29	0.000007
OPCODE	9859	29	0.000007
OPCODE	3E12	29	0.000007
OPCODE	1828	29	0.000007
OPCODE	A809	29	0.000007
OPCODE	41D4	29	0.000007
OPCODE	DDC0	29	0.000007
OPCODE	61B8	29	0.000007
OPCODE	965F	29	0.000007
OPCODE	D483	29	0.000007
OPCODE	3D00	29	0.000007
OPCODE	EE4A	29	0.000007
OPCODE	2874	29	0.000007
OPCODE	EF8A	29	0.000007
OPCODE	962A	29	0.000007
OPCODE	50E8	29	0.000007
OPCODE	2550	29	0.000007
OPCODE	B128	29	0.000007
OPCODE	AA17	29	0.000007
OPCODE	5A40	29	0.000007
OPCODE	0A80	29	0.000007
OPCODE	E291	29	0.000007
OPCODE	56E7	29	0.000007
OPCODE	E582	29	0.000007
OPCODE	0A3C	29	0.000007
OPCODE	E399	29	0.000007
OPCODE	4A56	29	0.000007
OPCODE	BB86	29	0.000007
OPCODE	2144	29	0.000007
OPCODE	216F	29	0.000007
OPCODE	763B	29	0.000007
OPCODE	3607	29	0.000007
OPCODE	43D4	29	0.000007
OPCODE	B292	29	0.000007
OPCODE	57E7	29	0.000007
OPCODE	A9C6	29	0.000007
OPCODE	301E	29	0.000007
OPCODE	0C10	29	0.000007
OPCODE	2481	28	0.000007
OPCODE	0C2C	28	0.000007
OPCODE	A87A	28	0.000007
OPCODE	E24D	28	0.000007
OPCODE	62F2	28	0.000007
OPCODE	E249	28	0.000007
OPCODE	BB9B	28	0.000007
OPCODE	65EA	28	0.000007
OPCODE	8E00	28	0.000007
OPCODE	9E80	28	0.000007
OPCODE	2150	28	0.000007
OPCODE	B854	28	0.000007
OPCODE	6E58	28	0.000007
OPCODE	6064	28	0.000007
OPCODE	AA44	28	0.000007
OPCODE	D06F	28	0.000007
OPCODE	3829	28	0.000007
OPCODE	A863	28	0.000007
OPCODE	A803	28	0.000007
OPCODE	43F4	28	0.000007
OPCODE	41F4	28	0.000007
OPCODE	D06B	28	0.000007
OPCODE	6D1E	28	0.000007
OPCODE	3C2D	28	0.000007
OPCODE	2E0B	27	0.000007
OPCODE	A8DF	27	0.000007
OPCODE	615A	27	0.000007
OPCODE	508C	27	0.000007
OPCODE	60A0	27	0.000007
OPCODE	B053	27	0.000007
OPCODE	90AE	27	0.000007
OPCODE	B043	27	0.000007
OPCODE	66C2	26	0.000007
OPCODE	674E	26	0.000007
OPCODE	4640	26	0.000007
OPCODE	64EC	26	0.000007
OPCODE	3A2A	26	0.000007
OPCODE	62F0	26	0.000007
OPCODE	E658	26	0.000007
OPCODE	BEAB	26	0.000007
OPCODE	A126	26	0.000007
OPCODE	A722	26	0.000007
OPCODE	4228	26	0.000007
OPCODE	5A80	26	0.000007
OPCODE	182E	26	0.000007
OPCODE	7278	26	0.000007
OPCODE	2958	25	0.000006
OPCODE	E8A0	25	0.000006
OPCODE	262C	25	0.000006
OPCODE	4A59	25	0.000006
OPCODE	70FD	25	0.000006
OPCODE	CC81	25	0.000006
OPCODE	01C1	25	0.000006
OPCODE	3E80	25	0.000006
OPCODE	60D4	25	0.000006
OPCODE	98FC	25	0.000006
OPCODE	6DA2	25	0.000006
OPCODE	3944	25	0.000006
OPCODE	229F	25	0.000006
OPCODE	A87B	25	0.000006
OPCODE	A01B	25	0.000006
OPCODE	3C3C	25	0.000006
OPCODE	A939	25	0.000006
OPCODE	7078	25	0.000006
OPCODE	D095	25	0.000006
OPCODE	A949	24	0.000006
OPCODE	21C1	24	0.000006
OPCODE	0C06	24	0.000006
OPCODE	2451	24	0.000006
OPCODE	3C2C	24	0.000006
OPCODE	D111	24	0.000006
OPCODE	0294	24	0.000006
OPCODE	6FEA	24	0.000006
OPCODE	6C76	24	0.000006
OPCODE	D642	24	0.000006
OPCODE	1434	24	0.000006
OPCODE	297C	24	0.000006
OPCODE	6E1A	24	0.000006
OPCODE	5C42	24	0.000006
OPCODE	C543	24	0.000006
OPCODE	1EB8	24	0.000006
OPCODE	6DF8	24	0.000006
OPCODE	32E9	24	0.000006
OPCODE	254B	24	0.000006
OPCODE	DE87	24	0.000006
OPCODE	376D	24	0.000006
OPCODE	36AD	24	0.000006
OPCODE	AA27	24	0.000006
OPCODE	BA43	24	0.000006
OPCODE	36A8	24	0.000006
OPCODE	3631	24	0.000006
OPCODE	2147	24	0.000006
OPCODE	D16F	24	0.000006
OPCODE	E1AB	23	0.000006
OPCODE	B26C	23	0.000006
OPCODE	6AC0	23	0.000006
OPCODE	0259	23	0.000006
OPCODE	A899	23	0.000006
OPCODE	986E	23	0.000006
OPCODE	E411	23	0.000006
OPCODE	A898	23	0.000006
OPCODE	DBE8	23	0.000006
OPCODE	5C49	23	0.000006
OPCODE	966E	23	0.000006
OPCODE	E709	23	0.000006
OPCODE	E319	23	0.000006
OPCODE	2A68	23	0.000006
OPCODE	3298	23	0.000006
OPCODE	723C	23	0.000006
OPCODE	2407	23	0.000006
OPCODE	D157	23	0.000006
OPCODE	5258	22	0.000006
OPCODE	2A6F	22	0.000006
OPCODE	30EA	22	0.000006
OPCODE	3F19	22	0.000006
OPCODE	20EA	22	0.000006
OPCODE	70F3	22	0.000006
OPCODE	20C5	22	0.000006
OPCODE	5358	22	0.000006
OPCODE	9086	22	0.000006
OPCODE	2206	22	0.000006
OPCODE	3D69	22	0.000006
OPCODE	50EB	22	0.000006
OPCODE	4C2F	22	0.000006
OPCODE	D150	22	0.000006
OPCODE	0450	22	0.000006
OPCODE	51E8	22	0.000006
OPCODE	6302	22	0.000006
OPCODE	8082	22	0.000006
OPCODE	1618	22	0.000006
OPCODE	60B8	22	0.000006
OPCODE	9582	22	0.000006
OPCODE	0701	22	0.000006
OPCODE	30AA	22	0.000006
OPCODE	45EC	22	0.000006
OPCODE	A8DE	22	0.000006
OPCODE	7021	22	0.000006
OPCODE	0A00	22	0.000006
OPCODE	D2BC	21	0.000005
OPCODE	3C04	21	0.000005
OPCODE	7013	21	0.000005
OPCODE	6F50	21	0.000005
OPCODE	90A8	21	0.000005
OPCODE	DE80	21	0.000005
OPCODE	740A	21	0.000005
OPCODE	544C	21	0.000005
OPCODE	4C46	21	0.000005
OPCODE	2C38	21	0.000005
OPCODE	91A9	21	0.000005
OPCODE	9444	21	0.000005
OPCODE	6B6A	21	0.000005
OPCODE	2EB1	21	0.000005
OPCODE	60CA	21	0.000005
OPCODE	6524	21	0.000005
OPCODE	7642	21	0.000005
OPCODE	66CE	21	0.000005
OPCODE	9259	21	0.000005
OPCODE	E2A0	21	0.000005
OPCODE	276C	21	0.000005
OPCODE	E4A1	21	0.000005
OPCODE	780D	21	0.000005
OPCODE	6EAC	21	0.000005
OPCODE	A89B	21	0.000005
OPCODE	336E	21	0.000005
OPCODE	5743	21	0.000005
OPCODE	ED98	21	0.000005
OPCODE	2898	21	0.000005
OPCODE	7615	21	0.000005
OPCODE	223A	21	0.000005
OPCODE	224E	21	0.000005
OPCODE	6E32	20	0.000005
OPCODE	0128	20	0.000005
OPCODE	2A12	20	0.000005
OPCODE	6DE2	20	0.000005
OPCODE	A8B5	20	0.000005
OPCODE	D1AD	20	0.000005
OPCODE	4A88	20	0.000005
OPCODE	2857	20	0.000005
OPCODE	6A2A	20	0.000005
OPCODE	2A0B	20	0.000005
OPCODE	4851	20	0.000005
OPCODE	0CB8	20	0.000005
OPCODE	D088	20	0.000005
OPCODE	D068	20	0.000005
OPCODE	6068	20	0.000005
OPCODE	6D9C	20	0.000005
OPCODE	6F82	20	0.000005
OPCODE	B5F8	20	0.000005
OPCODE	47ED	20	0.000005
OPCODE	3211	20	0.000005
OPCODE	92FC	20	0.000005
OPCODE	3354	20	0.000005
OPCODE	BFC4	20	0.000005
OPCODE	D084	19	0.000005
OPCODE	3F2A	19	0.000005
OPCODE	902C	19	0.000005
OPCODE	9040	19	0.000005
OPCODE	C343	19	0.000005
OPCODE	3F2B	19	0.000005
OPCODE	7604	19	0.000005
OPCODE	006C	19	0.000005
OPCODE	0C18	19	0.000005
OPCODE	141C	19	0.000005
OPCODE	5440	19	0.000005
OPCODE	C0EA	19	0.000005
OPCODE	2953	19	0.000005
OPCODE	B62C	19	0.000005
OPCODE	026B	19	0.000005
OPCODE	6D22	19	0.000005
OPCODE	2886	19	0.000005
OPCODE	7228	19	0.000005
OPCODE	2C2C	19	0.000005
OPCODE	D02C	19	0.000005
OPCODE	6214	19	0.000005
OPCODE	6D38	19	0.000005
OPCODE	70D5	19	0.000005
OPCODE	2887	19	0.000005
OPCODE	675E	19	0.000005
OPCODE	8128	19	0.000005
OPCODE	A8D4	18	0.000005
OPCODE	2E42	18	0.000005
OPCODE	2B4C	18	0.000005
OPCODE	60BE	18	0.000005
OPCODE	9258	18	0.000005
OPCODE	BE6B	18	0.000005
OPCODE	B653	18	0.000005
OPCODE	A8A8	18	0.000005
OPCODE	6CD8	18	0.000005
OPCODE	F35F	18	0.000005
OPCODE	652C	18	0.000005
OPCODE	3744	18	0.000005
OPCODE	70DD	18	0.000005
OPCODE	9283	18	0.000005
OPCODE	D957	18	0.000005
OPCODE	AA34	18	0.000005
OPCODE	208F	18	0.000005
OPCODE	C001	18	0.000005
OPCODE	6CEA	18	0.000005
OPCODE	9058	18	0.000005
OPCODE	2628	18	0.000005
OPCODE	6FDE	18	0.000005
OPCODE	D057	18	0.000005
OPCODE	D059	18	0.000005
OPCODE	0C2E	18	0.000005
OPCODE	908F	18	0.000005
OPCODE	21E8	18	0.000005
OPCODE	8194	18	0.000005
OPCODE	E880	18	0.000005
OPCODE	3D6B	18	0.000005
OPCODE	240F	18	0.000005
OPCODE	966A	18	0.000005
OPCODE	52AC	18	0.000005
OPCODE	DC87	18	0.000005
OPCODE	E782	18	0.000005
OPCODE	5C43	18	0.000005
OPCODE	3F10	18	0.000005
OPCODE	522C	18	0.000005
OPCODE	1F07	18	0.000005
OPCODE	A198	18	0.000005
OPCODE	2642	18	0.000005
OPCODE	615C	18	0.000005
OPCODE	6512	18	0.000005
OPCODE	5CC0	17	0.000004
OPCODE	DC82	17	0.000004
OPCODE	B08E	17	0.000004
OPCODE	196E	17	0.000004
OPCODE	4CF8	17	0.000004
OPCODE	7808	17	0.000004
OPCODE	A89D	17	0.000004
OPCODE	A98D	17	0.000004
OPCODE	C028	17	0.000004
OPCODE	64CA	17	0.000004
OPCODE	7213	17	0.000004
OPCODE	341C	17	0.000004
OPCODE	45EB	17	0.000004
OPCODE	52AB	17	0.000004
OPCODE	536A	16	0.000004
OPCODE	2658	16	0.000004
OPCODE	D26A	16	0.000004
OPCODE	6D32	16	0.000004
OPCODE	21CD	16	0.000004
OPCODE	C441	16	0.000004
OPCODE	3338	16	0.000004
OPCODE	26DC	16	0.000004
OPCODE	1F2F	16	0.000004
OPCODE	3484	16	0.000004
OPCODE	3544	16	0.000004
OPCODE	650E	16	0.000004
OPCODE	21E1	16	0.000004
OPCODE	2746	16	0.000004
OPCODE	1A31	16	0.000004
OPCODE	2748	16	0.000004
OPCODE	6536	16	0.000004
OPCODE	5580	16	0.000004
OPCODE	B83A	16	0.000004
OPCODE	6684	16	0.000004
OPCODE	6ED6	16	0.000004
OPCODE	BE41	16	0.000004
OPCODE	8800	16	0.000004
OPCODE	183B	16	0.000004
OPCODE	16BC	16	0.000004
OPCODE	ABC9	16	0.000004
OPCODE	ABCA	16	0.000004
OPCODE	1740	16	0.000004
OPCODE	1803	16	0.000004
OPCODE	181B	16	0.000004
OPCODE	802D	16	0.000004
OPCODE	182A	16	0.000004
OPCODE	D06D	16	0.000004
OPCODE	3081	16	0.000004
OPCODE	1941	16	0.000004
OPCODE	806E	16	0.000004
OPCODE	B0AF	16	0.000004
OPCODE	2338	16	0.000004
OPCODE	3A2B	16	0.000004
OPCODE	80BC	16	0.000004
OPCODE	2A4C	16	0.000004
OPCODE	3214	16	0.000004
OPCODE	9A6B	16	0.000004
OPCODE	A04C	16	0.000004
OPCODE	E04C	16	0.000004
OPCODE	0044	16	0.000004
OPCODE	294A	16	0.000004
OPCODE	4C41	16	0.000004
OPCODE	A87C	16	0.000004
OPCODE	5905	16	0.000004
OPCODE	426A	16	0.000004
OPCODE	E144	16	0.000004
OPCODE	DE6E	16	0.000004
OPCODE	E0A1	16	0.000004
OPCODE	4297	16	0.000004
OPCODE	2647	16	0.000004
OPCODE	42AD	16	0.000004
OPCODE	DA45	16	0.000004
OPCODE	E14C	16	0.000004
OPCODE	E450	16	0.000004
OPCODE	DB45	16	0.000004
OPCODE	10C1	16	0.000004
OPCODE	5847	16	0.000004
OPCODE	5C41	16	0.000004
OPCODE	A8A7	16	0.000004
OPCODE	3D01	15	0.000004
OPCODE	B66C	15	0.000004
OPCODE	6C2C	15	0.000004
OPCODE	B891	15	0.000004
OPCODE	C046	15	0.000004
OPCODE	B8A9	15	0.000004
OPCODE	6FE6	15	0.000004
OPCODE	7088	15	0.000004
OPCODE	3807	15	0.000004
OPCODE	32BC	15	0.000004
OPCODE	3F1E	15	0.000004
OPCODE	CD40	15	0.000004
OPCODE	6DD0	15	0.000004
OPCODE	9DC1	15	0.000004
OPCODE	67A6	15	0.000004
OPCODE	DDC1	15	0.000004
OPCODE	B450	15	0.000004
OPCODE	242C	15	0.000004
OPCODE	9EAB	15	0.000004
OPCODE	6DA4	15	0.000004
OPCODE	B468	15	0.000004
OPCODE	240C	15	0.000004
OPCODE	605A	15	0.000004
OPCODE	0C85	15	0.000004
OPCODE	6172	15	0.000004
OPCODE	1A30	15	0.000004
OPCODE	613E	15	0.000004
OPCODE	280B	15	0.000004
OPCODE	6152	15	0.000004
OPCODE	7416	15	0.000004
OPCODE	2631	15	0.000004
OPCODE	6782	15	0.000004
OPCODE	70FB	15	0.000004
OPCODE	DE85	15	0.000004
OPCODE	E349	15	0.000004
OPCODE	6656	15	0.000004
OPCODE	9268	14	0.000004
OPCODE	B3EE	14	0.000004
OPCODE	6E42	14	0.000004
OPCODE	3178	14	0.000004
OPCODE	31EE	14	0.000004
OPCODE	6BF0	14	0.000004
OPCODE	4CB8	14	0.000004
OPCODE	4274	14	0.000004
OPCODE	651E	14	0.000004
OPCODE	268A	14	0.000004
OPCODE	2A7A	14	0.000004
OPCODE	651A	14	0.000004
OPCODE	9E81	14	0.000004
OPCODE	2774	14	0.000004
OPCODE	D6C1	14	0.000004
OPCODE	2213	14	0.000004
OPCODE	7024	14	0.000004
OPCODE	BE68	14	0.000004
OPCODE	6082	14	0.000004
OPCODE	282B	14	0.000004
OPCODE	966B	14	0.000004
OPCODE	B092	14	0.000004
OPCODE	2023	14	0.000004
OPCODE	24C3	14	0.000004
OPCODE	E049	14	0.000004
OPCODE	2688	14	0.000004
OPCODE	45FB	14	0.000004
OPCODE	52A8	14	0.000004
OPCODE	A207	14	0.000004
OPCODE	66B0	14	0.000004
OPCODE	616E	14	0.000004
OPCODE	222D	14	0.000004
OPCODE	3034	14	0.000004
OPCODE	640C	14	0.000004
OPCODE	2088	14	0.000004
OPCODE	90AD	14	0.000004
OPCODE	B46A	14	0.000004
OPCODE	A81E	14	0.000004
OPCODE	6E4E	14	0.000004
OPCODE	E64A	14	0.000004
OPCODE	2805	14	0.000004
OPCODE	36AE	14	0.000004
OPCODE	A823	14	0.000004
OPCODE	B3EA	14	0.000004
OPCODE	7A02	14	0.000004
OPCODE	3084	14	0.000004
OPCODE	6502	14	0.000004
OPCODE	D1AB	14	0.000004
OPCODE	3F42	13	0.000003
OPCODE	BD90	13	0.000003
OPCODE	A950	13	0.000003
OPCODE	9FC1	13	0.000003
OPCODE	3C07	13	0.000003
OPCODE	11B3	13	0.000003
OPCODE	A162	13	0.000003
OPCODE	EA84	13	0.000003
OPCODE	376C	13	0.000003
OPCODE	329F	13	0.000003
OPCODE	532C	13	0.000003
OPCODE	2E30	13	0.000003
OPCODE	7218	13	0.000003
OPCODE	2D69	13	0.000003
OPCODE	282F	13	0.000003
OPCODE	2C3C	13	0.000003
OPCODE	B287	13	0.000003
OPCODE	E688	13	0.000003
OPCODE	4C90	13	0.000003
OPCODE	BB98	13	0.000003
OPCODE	607E	13	0.000003
OPCODE	B640	13	0.000003
OPCODE	EA83	13	0.000003
OPCODE	21D8	12	0.000003
OPCODE	C4C0	12	0.000003
OPCODE	22DB	12	0.000003
OPCODE	395F	12	0.000003
OPCODE	7018	12	0.000003
OPCODE	A800	12	0.000003
OPCODE	C2C0	12	0.000003
OPCODE	DEC1	12	0.000003
OPCODE	5DEE	12	0.000003
OPCODE	4873	12	0.000003
OPCODE	A522	12	0.000003
OPCODE	0101	12	0.000003
OPCODE	2F31	12	0.000003
OPCODE	2692	12	0.000003
OPCODE	2260	12	0.000003
OPCODE	5302	12	0.000003
OPCODE	49F9	12	0.000003
OPCODE	A892	12	0.000003
OPCODE	6FD2	12	0.000003
OPCODE	544A	12	0.000003
OPCODE	E740	12	0.000003
OPCODE	66A2	12	0.000003
OPCODE	EF6A	12	0.000003
OPCODE	49EA	12	0.000003
OPCODE	2D03	12	0.000003
OPCODE	6B1C	12	0.000003
OPCODE	9A80	12	0.000003
OPCODE	116F	12	0.000003
OPCODE	EBAA	12	0.000003
OPCODE	278A	12	0.000003
OPCODE	2146	12	0.000003
OPCODE	E68A	12	0.000003
OPCODE	0014	12	0.000003
OPCODE	613A	12	0.000003
OPCODE	A955	12	0.000003
OPCODE	2D57	12	0.000003
OPCODE	44FC	12	0.000003
OPCODE	6132	12	0.000003
OPCODE	A927	12	0.000003
OPCODE	5251	12	0.000003
OPCODE	261E	12	0.000003
OPCODE	6CC2	12	0.000003
OPCODE	5886	12	0.000003
OPCODE	EFAA	12	0.000003
OPCODE	5350	12	0.000003
OPCODE	AA67	12	0.000003
OPCODE	026C	12	0.000003
OPCODE	AA43	12	0.000003
OPCODE	EAAA	12	0.000003
OPCODE	66BC	12	0.000003
OPCODE	2F69	12	0.000003
OPCODE	2B48	12	0.000003
OPCODE	0C90	12	0.000003
OPCODE	2633	12	0.000003
OPCODE	1A1F	11	0.000003
OPCODE	6D6A	11	0.000003
OPCODE	0268	11	0.000003
OPCODE	906F	11	0.000003
OPCODE	1F01	11	0.000003
OPCODE	701A	11	0.000003
OPCODE	BE6C	11	0.000003
OPCODE	E44C	11	0.000003
OPCODE	222B	11	0.000003
OPCODE	4EF2	11	0.000003
OPCODE	5949	11	0.000003
OPCODE	3605	11	0.000003
OPCODE	95AE	11	0.000003
OPCODE	A033	11	0.000003
OPCODE	276B	11	0.000003
OPCODE	66BE	11	0.000003
OPCODE	C093	11	0.000003
OPCODE	6574	11	0.000003
OPCODE	B7E9	11	0.000003
OPCODE	E8A9	11	0.000003
OPCODE	4A98	11	0.000003
OPCODE	7216	11	0.000003
OPCODE	E289	11	0.000003
OPCODE	5681	11	0.000003
OPCODE	5481	11	0.000003
OPCODE	2890	11	0.000003
OPCODE	93AE	11	0.000003
OPCODE	A9E0	11	0.000003
OPCODE	2493	11	0.000003
OPCODE	288B	11	0.000003
OPCODE	26A8	11	0.000003
OPCODE	2C0C	11	0.000003
OPCODE	6DB6	11	0.000003
OPCODE	D047	11	0.000003
OPCODE	3A29	11	0.000003
OPCODE	D2D0	11	0.000003
OPCODE	3D54	11	0.000003
OPCODE	6FE2	10	0.000003
OPCODE	3C19	10	0.000003
OPCODE	EFAE	10	0.000003
OPCODE	2838	10	0.000003
OPCODE	E789	10	0.000003
OPCODE	A817	10	0.000003
OPCODE	8357	10	0.000003
OPCODE	360C	10	0.000003
OPCODE	D289	10	0.000003
OPCODE	0C15	10	0.000003
OPCODE	2970	10	0.000003
OPCODE	6040	10	0.000003
OPCODE	6670	10	0.000003
OPCODE	B6FC	10	0.000003
OPCODE	EAD0	10	0.000003
OPCODE	6EC2	10	0.000003
OPCODE	E287	10	0.000003
OPCODE	6E30	10	0.000003
OPCODE	163B	10	0.000003
OPCODE	E24A	10	0.000003
OPCODE	B650	10	0.000003
OPCODE	7E08	10	0.000003
OPCODE	A888	10	0.000003
OPCODE	D0AB	10	0.000003
OPCODE	C218	10	0.000003
OPCODE	24AE	10	0.000003
OPCODE	3087	10	0.000003
OPCODE	A8B0	10	0.000003
OPCODE	61AE	10	0.000003
OPCODE	0052	10	0.000003
OPCODE	C090	10	0.000003
OPCODE	257C	10	0.000003
OPCODE	A860	10	0.000003
OPCODE	3831	10	0.000003
OPCODE	3B43	10	0.000003
OPCODE	C642	10	0.000003
OPCODE	CBC7	10	0.000003
OPCODE	2549	10	0.000003
OPCODE	84C1	10	0.000003
OPCODE	6144	10	0.000003
OPCODE	11EE	10	0.000003
OPCODE	99AC	10	0.000003
OPCODE	BA84	10	0.000003
OPCODE	5CEE	10	0.000003
OPCODE	E34D	10	0.000003
OPCODE	BA87	10	0.000003
OPCODE	DEB8	10	0.000003
OPCODE	96FC	10	0.000003
OPCODE	97C4	10	0.000003
OPCODE	62DE	10	0.000003
OPCODE	5301	10	0.000003
OPCODE	A99B	10	0.000003
OPCODE	A034	10	0.000003
OPCODE	2A3C	10	0.000003
OPCODE	2E13	10	0.000003
OPCODE	E64B	10	0.000003
OPCODE	D340	10	0.000003
OPCODE	3D6F	10	0.000003
OPCODE	BE28	10	0.000003
OPCODE	5486	10	0.000003
OPCODE	A990	10	0.000003
OPCODE	21AC	9	0.000002
OPCODE	2809	9	0.000002
OPCODE	C0FA	9	0.000002
OPCODE	9C87	9	0.000002
OPCODE	21AA	9	0.000002
OPCODE	8114	9	0.000002
OPCODE	9881	9	0.000002
OPCODE	3E28	9	0.000002
OPCODE	6520	9	0.000002
OPCODE	1628	9	0.000002
OPCODE	D5C8	9	0.000002
OPCODE	5290	9	0.000002
OPCODE	6D30	9	0.000002
OPCODE	B685	9	0.000002
OPCODE	36B8	9	0.000002
OPCODE	8841	9	0.000002
OPCODE	162F	9	0.000002
OPCODE	2087	9	0.000002
OPCODE	C05F	9	0.000002
OPCODE	A9A2	9	0.000002
OPCODE	5087	9	0.000002
OPCODE	1297	9	0.000002
OPCODE	C045	9	0.000002
OPCODE	B8AC	9	0.000002
OPCODE	BCAA	9	0.000002
OPCODE	D26B	9	0.000002
OPCODE	5390	9	0.000002
OPCODE	7805	9	0.000002
OPCODE	D66C	9	0.000002
OPCODE	9BAC	9	0.000002
OPCODE	1206	9	0.000002
OPCODE	D3AC	9	0.000002
OPCODE	A9E1	9	0.000002
OPCODE	2C6C	9	0.000002
OPCODE	9046	9	0.000002
OPCODE	5082	9	0.000002
OPCODE	2D81	9	0.000002
OPCODE	3745	9	0.000002
OPCODE	3830	9	0.000002
OPCODE	218A	9	0.000002
OPCODE	D7C6	9	0.000002
OPCODE	3743	9	0.000002
OPCODE	91CC	9	0.000002
OPCODE	6E36	9	0.000002
OPCODE	6F26	9	0.000002
OPCODE	5881	9	0.000002
OPCODE	A81F	9	0.000002
OPCODE	3381	9	0.000002
OPCODE	DBAB	9	0.000002
OPCODE	2406	9	0.000002
OPCODE	9492	9	0.000002
OPCODE	2841	9	0.000002
OPCODE	C2AC	9	0.000002
OPCODE	2944	9	0.000002
OPCODE	6228	9	0.000002
OPCODE	1E2C	9	0.000002
OPCODE	EA58	9	0.000002
OPCODE	AA52	9	0.000002
OPCODE	31C2	9	0.000002
OPCODE	2545	9	0.000002
OPCODE	2547	9	0.000002
OPCODE	816A	9	0.000002
OPCODE	284D	9	0.000002
OPCODE	DEAE	9	0.000002
OPCODE	E04D	9	0.000002
OPCODE	A11A	9	0.000002
OPCODE	7034	9	0.000002
OPCODE	DFAE	9	0.000002
OPCODE	C680	9	0.000002
OPCODE	1A29	9	0.000002
OPCODE	90BA	9	0.000002
OPCODE	6514	9	0.000002
OPCODE	E48F	9	0.000002
OPCODE	9EAE	9	0.000002
OPCODE	966C	9	0.000002
OPCODE	8240	9	0.000002
OPCODE	1002	9	0.000002
OPCODE	2C12	9	0.000002
OPCODE	E586	9	0.000002
OPCODE	E243	9	0.000002
OPCODE	3541	9	0.000002
OPCODE	9FA8	9	0.000002
OPCODE	9E83	9	0.000002
OPCODE	A870	9	0.000002
OPCODE	1B43	8	0.000002
OPCODE	49F1	8	0.000002
OPCODE	3A14	8	0.000002
OPCODE	36DC	8	0.000002
OPCODE	20C4	8	0.000002
OPCODE	CB49	8	0.000002
OPCODE	CC6B	8	0.000002
OPCODE	2B4A	8	0.000002
OPCODE	7E04	8	0.000002
OPCODE	20AC	8	0.000002
OPCODE	C484	8	0.000002
OPCODE	3E36	8	0.000002
OPCODE	1A2C	8	0.000002
OPCODE	1A03	8	0.000002
OPCODE	48E0	8	0.000002
OPCODE	BD40	8	0.000002
OPCODE	631A	8	0.000002
OPCODE	6314	8	0.000002
OPCODE	C12C	8	0.000002
OPCODE	429B	8	0.000002
OPCODE	7A07	8	0.000002
OPCODE	2A61	8	0.000002
OPCODE	D4B8	8	0.000002
OPCODE	BE52	8	0.000002
OPCODE	D8C3	8	0.000002
OPCODE	72FB	8	0.000002
OPCODE	D605	8	0.000002
OPCODE	CA2B	8	0.000002
OPCODE	122E	8	0.000002
OPCODE	CA82	8	0.000002
OPCODE	C1ED	8	0.000002
OPCODE	05C0	8	0.000002
OPCODE	E908	8	0.000002
OPCODE	E306	8	0.000002
OPCODE	700E	8	0.000002
OPCODE	381D	8	0.000002
OPCODE	DBC3	8	0.000002
OPCODE	143B	8	0.000002
OPCODE	723A	8	0.000002
OPCODE	D053	8	0.000002
OPCODE	4CD9	8	0.000002
OPCODE	E942	8	0.000002
OPCODE	1F68	8	0.000002
OPCODE	2074	8	0.000002
OPCODE	1F2E	8	0.000002
OPCODE	E2A8	8	0.000002
OPCODE	5BCB	8	0.000002
OPCODE	2C1D	8	0.000002
OPCODE	D2E9	8	0.000002
OPCODE	44DF	8	0.000002
OPCODE	1801	8	0.000002
OPCODE	CCAB	8	0.000002
OPCODE	7C1E	8	0.000002
OPCODE	1E12	8	0.000002
OPCODE	E0AA	8	0.000002
OPCODE	6276	8	0.000002
OPCODE	6454	8	0.000002
OPCODE	1D46	8	0.000002
OPCODE	2A1D	8	0.000002
OPCODE	E241	8	0.000002
OPCODE	C2DF	8	0.000002
OPCODE	5C4B	8	0.000002
OPCODE	3B46	8	0.000002
OPCODE	3884	8	0.000002
OPCODE	6210	8	0.000002
OPCODE	1605	8	0.000002
OPCODE	EF4B	8	0.000002
OPCODE	EB5A	8	0.000002
OPCODE	AA2A	8	0.000002
OPCODE	7042	8	0.000002
OPCODE	A9F1	8	0.000002
OPCODE	0068	8	0.000002
OPCODE	2277	8	0.000002
OPCODE	A9B2	8	0.000002
OPCODE	B3D7	8	0.000002
OPCODE	70DC	8	0.000002
OPCODE	B3E8	8	0.000002
OPCODE	2F61	8	0.000002
OPCODE	E98E	8	0.000002
OPCODE	5389	8	0.000002
OPCODE	B454	8	0.000002
OPCODE	5388	8	0.000002
OPCODE	B46D	8	0.000002
OPCODE	A938	8	0.000002
OPCODE	254C	8	0.000002
OPCODE	361C	8	0.000002
OPCODE	EF48	8	0.000002
OPCODE	30F8	8	0.000002
OPCODE	BCA8	8	0.000002
OPCODE	22EF	8	0.000002
OPCODE	0110	8	0.000002
OPCODE	22CD	8	0.000002
OPCODE	BC80	8	0.000002
OPCODE	26C0	8	0.000002
OPCODE	BC78	8	0.000002
OPCODE	6798	8	0.000002
OPCODE	A815	8	0.000002
OPCODE	B868	8	0.000002
OPCODE	A80D	8	0.000002
OPCODE	2EAF	8	0.000002
OPCODE	2F18	8	0.000002
OPCODE	5400	8	0.000002
OPCODE	9C83	8	0.000002
OPCODE	C0C4	7	0.000002
OPCODE	7011	7	0.000002
OPCODE	A43C	7	0.000002
OPCODE	A41C	7	0.000002
OPCODE	2F78	7	0.000002
OPCODE	A8EC	7	0.000002
OPCODE	5250	7	0.000002
OPCODE	703E	7	0.000002
OPCODE	DEBC	7	0.000002
OPCODE	301C	7	0.000002
OPCODE	B4FC	7	0.000002
OPCODE	2E12	7	0.000002
OPCODE	A9AF	7	0.000002
OPCODE	2B6E	7	0.000002
OPCODE	D1EE	7	0.000002
OPCODE	6E1C	7	0.000002
OPCODE	1619	7	0.000002
OPCODE	AA94	7	0.000002
OPCODE	6ABA	7	0.000002
OPCODE	6770	7	0.000002
OPCODE	1819	7	0.000002
OPCODE	45F9	7	0.000002
OPCODE	CE6E	7	0.000002
OPCODE	45F7	7	0.000002
OPCODE	26AC	7	0.000002
OPCODE	282C	7	0.000002
OPCODE	6EE8	7	0.000002
OPCODE	7016	7	0.000002
OPCODE	BAA8	7	0.000002
OPCODE	9EA8	7	0.000002
OPCODE	70EE	7	0.000002
OPCODE	2E91	7	0.000002
OPCODE	3814	7	0.000002
OPCODE	9840	7	0.000002
OPCODE	720B	7	0.000002
OPCODE	4EF6	7	0.000002
OPCODE	6C24	7	0.000002
OPCODE	BC8A	7	0.000002
OPCODE	6C20	7	0.000002
OPCODE	9644	7	0.000002
OPCODE	1431	6	0.000002
OPCODE	A027	6	0.000002
OPCODE	9084	6	0.000002
OPCODE	6430	6	0.000002
OPCODE	306A	6	0.000002
OPCODE	B845	6	0.000002
OPCODE	0BC4	6	0.000002
OPCODE	D26E	6	0.000002
OPCODE	C401	6	0.000002
OPCODE	53AE	6	0.000002
OPCODE	617C	6	0.000002
OPCODE	1F06	6	0.000002
OPCODE	6C5C	6	0.000002
OPCODE	2257	6	0.000002
OPCODE	6C4C	6	0.000002
OPCODE	32F8	6	0.000002
OPCODE	A9A8	6	0.000002
OPCODE	0C12	6	0.000002
OPCODE	6C3E	6	0.000002
OPCODE	1E31	6	0.000002
OPCODE	A943	6	0.000002
OPCODE	7244	6	0.000002
OPCODE	BCAE	6	0.000002
OPCODE	7022	6	0.000002
OPCODE	CA38	6	0.000002
OPCODE	B0BA	6	0.000002
OPCODE	CD38	6	0.000002
OPCODE	546E	6	0.000002
OPCODE	58AF	6	0.000002
OPCODE	9207	6	0.000002
OPCODE	3143	6	0.000002
OPCODE	6356	6	0.000002
OPCODE	2429	6	0.000002
OPCODE	7E94	6	0.000002
OPCODE	7E10	6	0.000002
OPCODE	61AA	6	0.000002
OPCODE	321C	6	0.000002
OPCODE	244F	6	0.000002
OPCODE	56C5	6	0.000002
OPCODE	2293	6	0.000002
OPCODE	AA68	6	0.000002
OPCODE	1631	6	0.000002
OPCODE	51E9	6	0.000002
OPCODE	9CFA	6	0.000002
OPCODE	E286	6	0.000002
OPCODE	20BC	6	0.000002
OPCODE	2286	6	0.000002
OPCODE	E259	6	0.000002
OPCODE	5AEE	6	0.000002
OPCODE	376E	6	0.000002
OPCODE	44C0	6	0.000002
OPCODE	1171	6	0.000002
OPCODE	0094	6	0.000002
OPCODE	A90C	6	0.000002
OPCODE	B5D0	6	0.000002
OPCODE	A8FA	6	0.000002
OPCODE	A8ED	6	0.000002
OPCODE	3F1A	6	0.000002
OPCODE	A836	6	0.000002
OPCODE	B678	6	0.000002
OPCODE	2F4D	6	0.000002
OPCODE	6B40	6	0.000002
OPCODE	A8B2	6	0.000002
OPCODE	5369	6	0.000002
OPCODE	D768	6	0.000002
OPCODE	666A	6	0.000002
OPCODE	A11E	6	0.000002
OPCODE	B4A9	6	0.000002
OPCODE	A86C	6	0.000002
OPCODE	21AF	6	0.000002
OPCODE	6548	6	0.000002
OPCODE	A440	6	0.000002
OPCODE	2219	6	0.000002
OPCODE	94FC	6	0.000002
OPCODE	3613	6	0.000002
OPCODE	6C30	6	0.000002
OPCODE	2651	6	0.000002
OPCODE	5701	6	0.000002
OPCODE	78FE	6	0.000002
OPCODE	6D48	6	0.000002
OPCODE	ABEB	5	0.000001
OPCODE	AA1F	5	0.000001
OPCODE	0A33	5	0.000001
OPCODE	0C9F	5	0.000001
OPCODE	2EA8	5	0.000001
OPCODE	B052	5	0.000001
OPCODE	A876	5	0.000001
OPCODE	6D4A	5	0.000001
OPCODE	D0B8	5	0.000001
OPCODE	A068	5	0.000001
OPCODE	721C	5	0.000001
OPCODE	A146	5	0.000001
OPCODE	A09D	5	0.000001
OPCODE	31C7	5	0.000001
OPCODE	31C3	5	0.000001
OPCODE	94A9	5	0.000001
OPCODE	9480	5	0.000001
OPCODE	57C9	5	0.000001
OPCODE	2E4B	5	0.000001
OPCODE	0A30	5	0.000001
OPCODE	9A40	5	0.000001
OPCODE	E7A1	5	0.000001
OPCODE	1942	5	0.000001
OPCODE	002C	5	0.000001
OPCODE	316B	5	0.000001
OPCODE	315F	5	0.000001
OPCODE	1882	5	0.000001
OPCODE	3147	5	0.000001
OPCODE	A821	5	0.000001
OPCODE	ED6D	5	0.000001
OPCODE	3E38	5	0.000001
OPCODE	A90A	5	0.000001
OPCODE	5B40	5	0.000001
OPCODE	D2C4	5	0.000001
OPCODE	A90D	5	0.000001
OPCODE	78F8	5	0.000001
OPCODE	A9A3	5	0.000001
OPCODE	A992	5	0.000001
OPCODE	A004	5	0.000001
OPCODE	A9BA	5	0.000001
OPCODE	A005	5	0.000001
OPCODE	EDAD	5	0.000001
OPCODE	D3C5	5	0.000001
OPCODE	A91C	5	0.000001
OPCODE	45D1	5	0.000001
OPCODE	EE49	5	0.000001
OPCODE	11D1	5	0.000001
OPCODE	A922	5	0.000001
OPCODE	7CEF	5	0.000001
OPCODE	E76C	5	0.000001
OPCODE	D0EF	5	0.000001
OPCODE	A885	5	0.000001
OPCODE	A886	5	0.000001
OPCODE	93E8	5	0.000001
OPCODE	A923	5	0.000001
OPCODE	60A8	5	0.000001
OPCODE	72A9	5	0.000001
OPCODE	AA12	5	0.000001
OPCODE	0A6E	5	0.000001
OPCODE	60BA	5	0.000001
OPCODE	7CEE	5	0.000001
OPCODE	6B52	5	0.000001
OPCODE	A9DA	5	0.000001
OPCODE	1414	5	0.000001
OPCODE	1147	5	0.000001
OPCODE	618C	5	0.000001
OPCODE	6184	5	0.000001
OPCODE	20F8	5	0.000001
OPCODE	BE50	5	0.000001
OPCODE	22CA	5	0.000001
OPCODE	6332	5	0.000001
OPCODE	20DA	5	0.000001
OPCODE	3832	5	0.000001
OPCODE	6EDA	5	0.000001
OPCODE	C745	5	0.000001
OPCODE	E949	5	0.000001
OPCODE	7036	5	0.000001
OPCODE	0251	5	0.000001
OPCODE	362B	5	0.000001
OPCODE	67CC	5	0.000001
OPCODE	C2E9	5	0.000001
OPCODE	2846	5	0.000001
OPCODE	214C	5	0.000001
OPCODE	2760	5	0.000001
OPCODE	3540	5	0.000001
OPCODE	908A	5	0.000001
OPCODE	B2AE	5	0.000001
OPCODE	B740	5	0.000001
OPCODE	6EEA	5	0.000001
OPCODE	387C	5	0.000001
OPCODE	B9C0	5	0.000001
OPCODE	3632	5	0.000001
OPCODE	E982	5	0.000001
OPCODE	C4E8	5	0.000001
OPCODE	022C	5	0.000001
OPCODE	362D	5	0.000001
OPCODE	8151	5	0.000001
OPCODE	249F	4	0.000001
OPCODE	2457	4	0.000001
OPCODE	6B60	4	0.000001
OPCODE	A00A	4	0.000001
OPCODE	2A38	4	0.000001
OPCODE	4877	4	0.000001
OPCODE	A001	4	0.000001
OPCODE	A011	4	0.000001
OPCODE	3D9F	4	0.000001
OPCODE	B3C5	4	0.000001
OPCODE	66B8	4	0.000001
OPCODE	3F68	4	0.000001
OPCODE	10DA	4	0.000001
OPCODE	AA31	4	0.000001
OPCODE	2D08	4	0.000001
OPCODE	9E8B	4	0.000001
OPCODE	BA83	4	0.000001
OPCODE	BA82	4	0.000001
OPCODE	D16C	4	0.000001
OPCODE	4253	4	0.000001
OPCODE	47EF	4	0.000001
OPCODE	4A6F	4	0.000001
OPCODE	08B1	4	0.000001
OPCODE	1C1F	4	0.000001
OPCODE	26C2	4	0.000001
OPCODE	C007	4	0.000001
OPCODE	61B4	4	0.000001
OPCODE	A064	4	0.000001
OPCODE	AA06	4	0.000001
OPCODE	26C5	4	0.000001
OPCODE	A99A	4	0.000001
OPCODE	2646	4	0.000001
OPCODE	12AA	4	0.000001
OPCODE	8E40	4	0.000001
OPCODE	C2EE	4	0.000001
OPCODE	A9A4	4	0.000001
OPCODE	5C80	4	0.000001
OPCODE	26CC	4	0.000001
OPCODE	D2E8	4	0.000001
OPCODE	B6A9	4	0.000001
OPCODE	6452	4	0.000001
OPCODE	A999	4	0.000001
OPCODE	3346	4	0.000001
OPCODE	A8A5	4	0.000001
OPCODE	6166	4	0.000001
OPCODE	3347	4	0.000001
OPCODE	248C	4	0.000001
OPCODE	205E	4	0.000001
OPCODE	6B24	4	0.000001
OPCODE	9054	4	0.000001
OPCODE	6B2C	4	0.000001
OPCODE	2829	4	0.000001
OPCODE	1383	4	0.000001
OPCODE	EC08	4	0.000001
OPCODE	D26C	4	0.000001
OPCODE	5147	4	0.000001
OPCODE	04B8	4	0.000001
OPCODE	1320	4	0.000001
OPCODE	E6AD	4	0.000001
OPCODE	A81A	4	0.000001
OPCODE	26CA	4	0.000001
OPCODE	1E14	4	0.000001
OPCODE	6B58	4	0.000001
OPCODE	E6AC	4	0.000001
OPCODE	D299	4	0.000001
OPCODE	5041	4	0.000001
OPCODE	2E4A	4	0.000001
OPCODE	1E28	4	0.000001
OPCODE	6350	4	0.000001
OPCODE	622E	4	0.000001
OPCODE	A23C	4	0.000001
OPCODE	A20C	4	0.000001
OPCODE	B09F	4	0.000001
OPCODE	236A	4	0.000001
OPCODE	2741	4	0.000001
OPCODE	4CD2	4	0.000001
OPCODE	608A	4	0.000001
OPCODE	1A13	4	0.000001
OPCODE	9A41	4	0.000001
OPCODE	6A1A	4	0.000001
OPCODE	3685	4	0.000001
OPCODE	21EA	4	0.000001
OPCODE	B073	4	0.000001
OPCODE	6D70	4	0.000001
OPCODE	9CAB	4	0.000001
OPCODE	B06F	4	0.000001
OPCODE	7609	4	0.000001
OPCODE	B7F8	4	0.000001
OPCODE	722C	4	0.000001
OPCODE	2061	4	0.000001
OPCODE	36C3	4	0.000001
OPCODE	702A	4	0.000001
OPCODE	588B	4	0.000001
OPCODE	A8E7	4	0.000001
OPCODE	2A4A	4	0.000001
OPCODE	0CB1	4	0.000001
OPCODE	36C4	4	0.000001
OPCODE	0229	4	0.000001
OPCODE	51F8	4	0.000001
OPCODE	06B8	4	0.000001
OPCODE	2344	4	0.000001
OPCODE	EA50	4	0.000001
OPCODE	C0BC	4	0.000001
OPCODE	BE45	4	0.000001
OPCODE	6B48	4	0.000001
OPCODE	41EF	4	0.000001
OPCODE	5941	4	0.000001
OPCODE	A908	4	0.000001
OPCODE	66C6	4	0.000001
OPCODE	242D	4	0.000001
OPCODE	D099	4	0.000001
OPCODE	727F	4	0.000001
OPCODE	7E20	4	0.000001
OPCODE	B029	4	0.000001
OPCODE	9E7C	4	0.000001
OPCODE	242F	4	0.000001
OPCODE	22BC	4	0.000001
OPCODE	50C5	4	0.000001
OPCODE	B700	4	0.000001
OPCODE	B285	4	0.000001
OPCODE	A0A4	4	0.000001
OPCODE	6764	4	0.000001
OPCODE	63E4	4	0.000001
OPCODE	7015	4	0.000001
OPCODE	A919	4	0.000001
OPCODE	36C7	4	0.000001
OPCODE	D4D2	4	0.000001
OPCODE	6E7E	4	0.000001
OPCODE	6AF6	4	0.000001
OPCODE	4A9C	4	0.000001
OPCODE	2E04	4	0.000001
OPCODE	9254	4	0.000001
OPCODE	7094	4	0.000001
OPCODE	241D	4	0.000001
OPCODE	702B	4	0.000001
OPCODE	5187	4	0.000001
OPCODE	6E40	4	0.000001
OPCODE	B5ED	3	0.000001
OPCODE	7209	3	0.000001
OPCODE	6FF8	3	0.000001
OPCODE	1218	3	0.000001
OPCODE	3E01	3	0.000001
OPCODE	2E02	3	0.000001
OPCODE	D3C4	3	0.000001
OPCODE	4457	3	0.000001
OPCODE	4233	3	0.000001
OPCODE	A461	3	0.000001
OPCODE	1F1A	3	0.000001
OPCODE	D484	3	0.000001
OPCODE	E648	3	0.000001
OPCODE	B491	3	0.000001
OPCODE	2015	3	0.000001
OPCODE	11EF	3	0.000001
OPCODE	A90E	3	0.000001
OPCODE	7849	3	0.000001
OPCODE	A90F	3	0.000001
OPCODE	D3E9	3	0.000001
OPCODE	2A14	3	0.000001
OPCODE	6D4E	3	0.000001
OPCODE	48E8	3	0.000001
OPCODE	30E4	3	0.000001
OPCODE	55C3	3	0.000001
OPCODE	AA32	3	0.000001
OPCODE	9E84	3	0.000001
OPCODE	3A02	3	0.000001
OPCODE	72FC	3	0.000001
OPCODE	D0EA	3	0.000001
OPCODE	D0D0	3	0.000001
OPCODE	63EE	3	0.000001
OPCODE	28AB	3	0.000001
OPCODE	63D8	3	0.000001
OPCODE	4879	3	0.000001
OPCODE	BE85	3	0.000001
OPCODE	6E54	3	0.000001
OPCODE	DABC	3	0.000001
OPCODE	5980	3	0.000001
OPCODE	5328	3	0.000001
OPCODE	620E	3	0.000001
OPCODE	91EE	3	0.000001
OPCODE	7618	3	0.000001
OPCODE	D96E	3	0.000001
OPCODE	5680	3	0.000001
OPCODE	0310	3	0.000001
OPCODE	6F4A	3	0.000001
OPCODE	A877	3	0.000001
OPCODE	227C	3	0.000001
OPCODE	D3AA	3	0.000001
OPCODE	A8AA	3	0.000001
OPCODE	B9EA	3	0.000001
OPCODE	D2D8	3	0.000001
OPCODE	8193	3	0.000001
OPCODE	4602	3	0.000001
OPCODE	A020	3	0.000001
OPCODE	B7EA	3	0.000001
OPCODE	4CED	3	0.000001
OPCODE	A9E3	3	0.000001
OPCODE	D16A	3	0.000001
OPCODE	1D41	3	0.000001
OPCODE	7093	3	0.000001
OPCODE	642C	3	0.000001
OPCODE	926F	3	0.000001
OPCODE	0213	3	0.000001
OPCODE	2B7C	3	0.000001
OPCODE	5202	3	0.000001
OPCODE	67EC	3	0.000001
OPCODE	22FC	3	0.000001
OPCODE	0293	3	0.000001
OPCODE	B7D2	2	0.000001
OPCODE	7028	2	0.000001
OPCODE	A02B	2	0.000001
OPCODE	2A90	2	0.000001
OPCODE	0CAB	2	0.000001
OPCODE	6078	2	0.000001
OPCODE	A854	2	0.000001
OPCODE	A71E	2	0.000001
OPCODE	3F32	2	0.000001
OPCODE	A833	2	0.000001
OPCODE	4641	2	0.000001
OPCODE	66AE	2	0.000001
OPCODE	C0AA	2	0.000001
OPCODE	2A42	2	0.000001
OPCODE	7606	2	0.000001
OPCODE	4871	2	0.000001
OPCODE	205C	2	0.000001
OPCODE	A804	2	0.000001
OPCODE	A81D	2	0.000001
OPCODE	DBC2	2	0.000001
OPCODE	A80C	2	0.000001
OPCODE	594C	2	0.000001
OPCODE	08AF	2	0.000001
OPCODE	BA46	2	0.000001
OPCODE	A000	2	0.000001
OPCODE	0C03	2	0.000001
OPCODE	0C02	2	0.000001
OPCODE	2954	2	0.000001
OPCODE	03C0	2	0.000001
OPCODE	892B	2	0.000001
OPCODE	9E6E	2	0.000001
OPCODE	2617	2	0.000001
OPCODE	280F	2	0.000001
OPCODE	E28B	2	0.000001
OPCODE	0A44	2	0.000001
OPCODE	2EA9	2	0.000001
OPCODE	7064	2	0.000001
OPCODE	20E9	2	0.000001
OPCODE	6EEC	2	0.000001
OPCODE	2E89	2	0.000001
OPCODE	594B	2	0.000001
OPCODE	9794	2	0.000001
OPCODE	7236	2	0.000001
OPCODE	97AC	2	0.000001
OPCODE	002A	2	0.000001
OPCODE	E3A8	2	0.000001
OPCODE	5894	2	0.000001
OPCODE	6D36	2	0.000001
OPCODE	97CA	2	0.000001
OPCODE	BCAC	2	0.000001
OPCODE	E059	2	0.000001
OPCODE	A346	2	0.000001
OPCODE	DE42	2	0.000001
OPCODE	7440	2	0.000001
OPCODE	A128	2	0.000001
OPCODE	B840	2	0.000001
OPCODE	5497	2	0.000001
OPCODE	276A	2	0.000001
OPCODE	668A	2	0.000001
OPCODE	A079	2	0.000001
OPCODE	6D58	2	0.000001
OPCODE	0C57	2	0.000001
OPCODE	DFED	2	0.000001
OPCODE	0300	2	0.000001
OPCODE	0444	2	0.000001
OPCODE	E069	2	0.000001
OPCODE	E089	2	0.000001
OPCODE	2083	2	0.000001
OPCODE	0081	2	0.000001
OPCODE	E09B	2	0.000001
OPCODE	9030	2	0.000001
OPCODE	0302	2	0.000001
OPCODE	A039	2	0.000001
OPCODE	A02F	2	0.000001
OPCODE	EF4A	2	0.000001
OPCODE	0C29	2	0.000001
OPCODE	2609	2	0.000001
OPCODE	260A	2	0.000001
OPCODE	AA2B	2	0.000001
OPCODE	2670	2	0.000001
OPCODE	D1CE	2	0.000001
OPCODE	1540	2	0.000001
OPCODE	4CEA	2	0.000001
OPCODE	D183	2	0.000001
OPCODE	308B	2	0.000001
OPCODE	7E03	2	0.000001
OPCODE	AA29	2	0.000001
OPCODE	B2AF	2	0.000001
OPCODE	D1E8	2	0.000001
OPCODE	AA2C	2	0.000001
OPCODE	61D6	2	0.000001
OPCODE	C4EE	2	0.000001
OPCODE	5089	2	0.000001
OPCODE	228A	2	0.000001
OPCODE	63F0	2	0.000001
OPCODE	16C1	2	0.000001
OPCODE	1B54	2	0.000001
OPCODE	A9C3	2	0.000001
OPCODE	5217	2	0.000001
OPCODE	6B20	2	0.000001
OPCODE	D36C	2	0.000001
OPCODE	6164	2	0.000001
OPCODE	D354	2	0.000001
OPCODE	A9A1	2	0.000001
OPCODE	6176	2	0.000001
OPCODE	12C2	2	0.000001
OPCODE	12DB	2	0.000001
OPCODE	1800	2	0.000001
OPCODE	D283	2	0.000001
OPCODE	618A	2	0.000001
OPCODE	3957	2	0.000001
OPCODE	7C03	2	0.000001
OPCODE	D25F	2	0.000001
OPCODE	1403	2	0.000001
OPCODE	EBD7	2	0.000001
OPCODE	A9E2	2	0.000001
OPCODE	5257	2	0.000001
OPCODE	E849	2	0.000001
OPCODE	B0A0	2	0.000001
OPCODE	1943	2	0.000001
OPCODE	316D	2	0.000001
OPCODE	C8AE	2	0.000001
OPCODE	6F2E	2	0.000001
OPCODE	E7B8	2	0.000001
OPCODE	CD4B	2	0.000001
OPCODE	91CE	2	0.000001
OPCODE	18AD	2	0.000001
OPCODE	B141	2	0.000001
OPCODE	6F34	2	0.000001
OPCODE	22E9	2	0.000001
OPCODE	80D7	2	0.000001
OPCODE	B1ED	2	0.000001
OPCODE	1946	2	0.000001
OPCODE	67E4	2	0.000001
OPCODE	1947	2	0.000001
OPCODE	6F62	2	0.000001
OPCODE	B038	2	0.000001
OPCODE	63D0	2	0.000001
OPCODE	2687	2	0.000001
OPCODE	3208	2	0.000001
OPCODE	240D	2	0.000001
OPCODE	D078	2	0.000001
OPCODE	70AB	2	0.000001
OPCODE	6F6C	2	0.000001
OPCODE	B07A	2	0.000001
OPCODE	219F	2	0.000001
OPCODE	C6C2	2	0.000001
OPCODE	6A20	2	0.000001
OPCODE	6202	2	0.000001
OPCODE	B08B	2	0.000001
OPCODE	3144	2	0.000001
OPCODE	51AE	2	0.000001
OPCODE	C82B	2	0.000001
OPCODE	B097	2	0.000001
OPCODE	6B46	2	0.000001
OPCODE	10D1	2	0.000001
OPCODE	10E9	2	0.000001
OPCODE	93C0	2	0.000001
OPCODE	A8DA	2	0.000001
OPCODE	A8DB	2	0.000001
OPCODE	6EBA	2	0.000001
OPCODE	C189	2	0.000001
OPCODE	7806	2	0.000001
OPCODE	D6D0	2	0.000001
OPCODE	10C2	2	0.000001
OPCODE	C192	2	0.000001
OPCODE	2024	2	0.000001
OPCODE	116E	2	0.000001
OPCODE	3568	2	0.000001
OPCODE	D66A	2	0.000001
OPCODE	5254	2	0.000001
OPCODE	907C	2	0.000001
OPCODE	92B8	2	0.000001
OPCODE	3943	2	0.000001
OPCODE	1031	2	0.000001
OPCODE	82AE	2	0.000001
OPCODE	24D5	2	0.000001
OPCODE	6BD6	2	0.000001
OPCODE	8283	2	0.000001
OPCODE	101A	2	0.000001
OPCODE	905F	2	0.000001
OPCODE	76EB	2	0.000001
OPCODE	C0EE	2	0.000001
OPCODE	66BA	2	0.000001
OPCODE	A906	2	0.000001
OPCODE	60AC	2	0.000001
OPCODE	6B72	2	0.000001
OPCODE	A896	2	0.000001
OPCODE	3F21	2	0.000001
OPCODE	103C	2	0.000001
OPCODE	A897	2	0.000001
OPCODE	274A	2	0.000001
OPCODE	D7EB	2	0.000001
OPCODE	50EA	2	0.000001
OPCODE	7032	2	0.000001
OPCODE	2888	2	0.000001
OPCODE	5283	2	0.000001
OPCODE	A91B	2	0.000001
OPCODE	1F29	2	0.000001
OPCODE	A91F	2	0.000001
OPCODE	1F28	2	0.000001
OPCODE	C242	2	0.000001
OPCODE	288A	2	0.000001
OPCODE	A937	2	0.000001
OPCODE	0482	2	0.000001
OPCODE	A95D	2	0.000001
OPCODE	9085	2	0.000001
OPCODE	7A9D	2	0.000001
OPCODE	614C	2	0.000001
OPCODE	4BF9	2	0.000001
OPCODE	C293	2	0.000001
OPCODE	A915	2	0.000001
OPCODE	78E0	2	0.000001
OPCODE	3E14	2	0.000001
OPCODE	1F6A	2	0.000001
OPCODE	342F	2	0.000001
OPCODE	3417	2	0.000001
OPCODE	7068	1	0.000000
OPCODE	70C0	1	0.000000
OPCODE	56EF	1	0.000000
OPCODE	006E	1	0.000000
OPCODE	7029	1	0.000000
OPCODE	7038	1	0.000000
OPCODE	0028	1	0.000000
OPCODE	E587	1	0.000000
OPCODE	E847	1	0.000000
OPCODE	5351	1	0.000000
OPCODE	5494	1	0.000000
OPCODE	7035	1	0.000000
OPCODE	7085	1	0.000000
OPCODE	EDA8	1	0.000000
OPCODE	07B2	1	0.000000
OPCODE	705B	1	0.000000
OPCODE	066D	1	0.000000
OPCODE	584A	1	0.000000
OPCODE	EC88	1	0.000000
OPCODE	EB98	1	0.000000
OPCODE	E9D7	1	0.000000
OPCODE	02AC	1	0.000000
OPCODE	56D8	1	0.000000
OPCODE	705D	1	0.000000
OPCODE	0086	1	0.000000
OPCODE	4647	1	0.000000
OPCODE	548C	1	0.000000
OPCODE	EB48	1	0.000000
OPCODE	07F2	1	0.000000
OPCODE	EE98	1	0.000000
OPCODE	705C	1	0.000000
OPCODE	0069	1	0.000000
OPCODE	0646	1	0.000000
OPCODE	554C	1	0.000000
OPCODE	AA07	1	0.000000
OPCODE	6A1C	1	0.000000
OPCODE	240B	1	0.000000
OPCODE	6A56	1	0.000000
OPCODE	2E06	1	0.000000
OPCODE	51C5	1	0.000000
OPCODE	309F	1	0.000000
OPCODE	2E0C	1	0.000000
OPCODE	AA41	1	0.000000
OPCODE	309A	1	0.000000
OPCODE	AA1E	1	0.000000
OPCODE	AA0E	1	0.000000
OPCODE	AA0D	1	0.000000
OPCODE	AA08	1	0.000000
OPCODE	237C	1	0.000000
OPCODE	A9D2	1	0.000000
OPCODE	A9CE	1	0.000000
OPCODE	A9CD	1	0.000000
OPCODE	A9C8	1	0.000000
OPCODE	3068	1	0.000000
OPCODE	A991	1	0.000000
OPCODE	A98B	1	0.000000
OPCODE	A983	1	0.000000
OPCODE	A982	1	0.000000
OPCODE	A981	1	0.000000
OPCODE	A97D	1	0.000000
OPCODE	A97C	1	0.000000
OPCODE	90AA	1	0.000000
OPCODE	66B4	1	0.000000
OPCODE	B7DF	1	0.000000
OPCODE	B7C4	1	0.000000
OPCODE	21C2	1	0.000000
OPCODE	356A	1	0.000000
OPCODE	B5F3	1	0.000000
OPCODE	B441	1	0.000000
OPCODE	2264	1	0.000000
OPCODE	908B	1	0.000000
OPCODE	3292	1	0.000000
OPCODE	9093	1	0.000000
OPCODE	6E72	1	0.000000
OPCODE	B298	1	0.000000
OPCODE	3024	1	0.000000
OPCODE	677C	1	0.000000
OPCODE	31EB	1	0.000000
OPCODE	90C0	1	0.000000
OPCODE	B1EF	1	0.000000
OPCODE	9154	1	0.000000
OPCODE	26AE	1	0.000000
OPCODE	B102	1	0.000000
OPCODE	6926	1	0.000000
OPCODE	234B	1	0.000000
OPCODE	6928	1	0.000000
OPCODE	2369	1	0.000000
OPCODE	3154	1	0.000000
OPCODE	6CF8	1	0.000000
OPCODE	2F24	1	0.000000
OPCODE	A05F	1	0.000000
OPCODE	A05E	1	0.000000
OPCODE	A059	1	0.000000
OPCODE	A058	1	0.000000
OPCODE	A051	1	0.000000
OPCODE	A03B	1	0.000000
OPCODE	255F	1	0.000000
OPCODE	2610	1	0.000000
OPCODE	6C42	1	0.000000
OPCODE	9FC0	1	0.000000
OPCODE	966D	1	0.000000
OPCODE	9E40	1	0.000000
OPCODE	6D7C	1	0.000000
OPCODE	9C6A	1	0.000000
OPCODE	2629	1	0.000000
OPCODE	2EAB	1	0.000000
OPCODE	2E82	1	0.000000
OPCODE	2E81	1	0.000000
OPCODE	9A7C	1	0.000000
OPCODE	9A6A	1	0.000000
OPCODE	9A47	1	0.000000
OPCODE	9885	1	0.000000
OPCODE	6D2C	1	0.000000
OPCODE	986D	1	0.000000
OPCODE	986B	1	0.000000
OPCODE	93C1	1	0.000000
OPCODE	A96E	1	0.000000
OPCODE	A969	1	0.000000
OPCODE	A95F	1	0.000000
OPCODE	A958	1	0.000000
OPCODE	A956	1	0.000000
OPCODE	A954	1	0.000000
OPCODE	A92D	1	0.000000
OPCODE	A92A	1	0.000000
OPCODE	A913	1	0.000000
OPCODE	A909	1	0.000000
OPCODE	248B	1	0.000000
OPCODE	2657	1	0.000000
OPCODE	4A57	1	0.000000
OPCODE	2752	1	0.000000
OPCODE	3000	1	0.000000
OPCODE	24A9	1	0.000000
OPCODE	A87F	1	0.000000
OPCODE	A87E	1	0.000000
OPCODE	A87D	1	0.000000
OPCODE	A86F	1	0.000000
OPCODE	A84A	1	0.000000
OPCODE	A807	1	0.000000
OPCODE	A805	1	0.000000
OPCODE	A801	1	0.000000
OPCODE	A746	1	0.000000
OPCODE	2F42	1	0.000000
OPCODE	7A0E	1	0.000000
OPCODE	6090	1	0.000000
OPCODE	76F7	1	0.000000
OPCODE	D884	1	0.000000
OPCODE	1034	1	0.000000
OPCODE	2893	1	0.000000
OPCODE	3F13	1	0.000000
OPCODE	D730	1	0.000000
OPCODE	3F08	1	0.000000
OPCODE	780C	1	0.000000
OPCODE	3E08	1	0.000000
OPCODE	3E03	1	0.000000
OPCODE	3E02	1	0.000000
OPCODE	6138	1	0.000000
OPCODE	D938	1	0.000000
OPCODE	1213	1	0.000000
OPCODE	D3C3	1	0.000000
OPCODE	617E	1	0.000000
OPCODE	D294	1	0.000000
OPCODE	6188	1	0.000000
OPCODE	1413	1	0.000000
OPCODE	D1D0	1	0.000000
OPCODE	D1C5	1	0.000000
OPCODE	D154	1	0.000000
OPCODE	162A	1	0.000000
OPCODE	3C2A	1	0.000000
OPCODE	7E07	1	0.000000
OPCODE	7017	1	0.000000
OPCODE	5948	1	0.000000
OPCODE	2957	1	0.000000
OPCODE	7245	1	0.000000
OPCODE	E28C	1	0.000000
OPCODE	701B	1	0.000000
OPCODE	E246	1	0.000000
OPCODE	5BC0	1	0.000000
OPCODE	5BC2	1	0.000000
OPCODE	5BC6	1	0.000000
OPCODE	E18A	1	0.000000
OPCODE	4294	1	0.000000
OPCODE	E14F	1	0.000000
OPCODE	5C47	1	0.000000
OPCODE	7E27	1	0.000000
OPCODE	5C89	1	0.000000
OPCODE	5D88	1	0.000000
OPCODE	5E80	1	0.000000
OPCODE	41D3	1	0.000000
OPCODE	0C86	1	0.000000
OPCODE	700B	1	0.000000
OPCODE	760A	1	0.000000
OPCODE	D9C8	1	0.000000
OPCODE	D9C7	1	0.000000
OPCODE	607A	1	0.000000
OPCODE	D9C2	1	0.000000
OPCODE	D96A	1	0.000000
OPCODE	83FC	1	0.000000
OPCODE	64F2	1	0.000000
OPCODE	81C1	1	0.000000
OPCODE	C27C	1	0.000000
OPCODE	8229	1	0.000000
OPCODE	C1C3	1	0.000000
OPCODE	6F1E	1	0.000000
OPCODE	3880	1	0.000000
OPCODE	82F8	1	0.000000
OPCODE	C09F	1	0.000000
OPCODE	2C4F	1	0.000000
OPCODE	2064	1	0.000000
OPCODE	382D	1	0.000000
OPCODE	382B	1	0.000000
OPCODE	6F28	1	0.000000
OPCODE	381F	1	0.000000
OPCODE	20AB	1	0.000000
OPCODE	20AD	1	0.000000
OPCODE	3741	1	0.000000
OPCODE	36AA	1	0.000000
OPCODE	20E4	1	0.000000
OPCODE	BA6C	1	0.000000
OPCODE	8A40	1	0.000000
OPCODE	2D74	1	0.000000
OPCODE	2778	1	0.000000
OPCODE	216D	1	0.000000
OPCODE	2768	1	0.000000
OPCODE	6F3C	1	0.000000
OPCODE	61E6	1	0.000000
OPCODE	6206	1	0.000000
OPCODE	CFFC	1	0.000000
OPCODE	CEAC	1	0.000000
OPCODE	49C2	1	0.000000
OPCODE	6234	1	0.000000
OPCODE	CE46	1	0.000000
OPCODE	CE45	1	0.000000
OPCODE	CDFC	1	0.000000
OPCODE	4AAF	1	0.000000
OPCODE	CC42	1	0.000000
OPCODE	CBC3	1	0.000000
OPCODE	E38D	1	0.000000
OPCODE	C9C3	1	0.000000
OPCODE	6322	1	0.000000
OPCODE	526F	1	0.000000
OPCODE	3A1C	1	0.000000
OPCODE	49D0	1	0.000000
OPCODE	1C1B	1	0.000000
OPCODE	1C28	1	0.000000
OPCODE	396B	1	0.000000
OPCODE	1D6C	1	0.000000
OPCODE	C3EE	1	0.000000
OPCODE	C342	1	0.000000
OPCODE	6498	1	0.000000
FPU_GUARD_META	format	fpu-guard-profile-v2-enabled
FPU_GUARD_META	post_round_predicate	candidate6c_guard_independent_of_FPCR_enables
FPU_GUARD_META	sample	pre_eval_inputs_committed_start_inclusive_stop_exclusive
FPU_GUARD_META	counts	new_fp_command_branch_events_not_retirements_or_unique_requests
FPU_GUARD_META	side_bits	cr_we,fm_we,bsun_req,fp_reset,frestore_idle,frestore_unimp,fsave_ack,pend_capture
FPU_GUARD_SUMMARY	edges	raw	restore	pending	unexpected_single_class	enable_rejected_55ff_normal	context_dropped	eligible_post_round	eligible_post_mismatch	reconciles
FPU_GUARD_SUMMARY	1304100000	334028	0	0	0	0	1216	1280	0	1
FPU_GUARD_BUCKET	precision	enables	raw	single	exp_zero	exp_normal	exp_allones	old_guard_73bc	guard_55ff	guard_6c
FPU_GUARD_BUCKET	0	0	164973	1280	0	1280	0	1280	1280	1280
FPU_GUARD_BUCKET	0	32	169055	0	0	0	0	0	0	0
FPU_GUARD_REJECT_SIDE	0	0
FPU_GUARD_REJECT_SIDE	1	0
FPU_GUARD_REJECT_SIDE	2	0
FPU_GUARD_REJECT_SIDE	3	0
FPU_GUARD_REJECT_SIDE	4	0
FPU_GUARD_REJECT_SIDE	5	0
FPU_GUARD_REJECT_SIDE	6	0
FPU_GUARD_REJECT_SIDE	7	0
FPU_GUARD_CONTEXT	profile_edge	pc	fpcr	opclass	side_bits	old_guard_73bc	guard_55ff	guard_6c
FPU_GUARD_CONTEXT	22735740	408EEAB8	00000000	2	0	1	1	1
FPU_GUARD_CONTEXT	22735919	408EEB2C	00000000	2	0	1	1	1
FPU_GUARD_CONTEXT	22760426	408EEAB8	00000000	2	0	1	1	1
FPU_GUARD_CONTEXT	22760609	408EEB2C	00000000	2	0	1	1	1
FPU_GUARD_CONTEXT	22773001	408EEAB8	00000000	2	0	1	1	1
FPU_GUARD_CONTEXT	22773169	408EEB2C	00000000	2	0	1	1	1
FPU_GUARD_CONTEXT	22785424	408EEAB8	00000000	2	0	1	1	1
FPU_GUARD_CONTEXT	22785533	408EEB2C	00000000	2	0	1	1	1
FPU_GUARD_CONTEXT	22793828	408EEAB8	00000000	2	0	1	1	1
FPU_GUARD_CONTEXT	22793933	408EEB2C	00000000	2	0	1	1	1
FPU_GUARD_CONTEXT	22802076	408EEAB8	00000000	2	0	1	1	1
FPU_GUARD_CONTEXT	22802185	408EEB2C	00000000	2	0	1	1	1
FPU_GUARD_CONTEXT	22810249	408EEAB8	00000000	2	0	1	1	1
FPU_GUARD_CONTEXT	22810354	408EEB2C	00000000	2	0	1	1	1
FPU_GUARD_CONTEXT	22818497	408EEAB8	00000000	2	0	1	1	1
FPU_GUARD_CONTEXT	22818606	408EEB2C	00000000	2	0	1	1	1
FPU_GUARD_CONTEXT	22826670	408EEAB8	00000000	2	0	1	1	1
FPU_GUARD_CONTEXT	22826775	408EEB2C	00000000	2	0	1	1	1
FPU_GUARD_CONTEXT	22834918	408EEAB8	00000000	2	0	1	1	1
FPU_GUARD_CONTEXT	22835027	408EEB2C	00000000	2	0	1	1	1
FPU_GUARD_CONTEXT	22843091	408EEAB8	00000000	2	0	1	1	1
FPU_GUARD_CONTEXT	22843196	408EEB2C	00000000	2	0	1	1	1
FPU_GUARD_CONTEXT	22851339	408EEAB8	00000000	2	0	1	1	1
FPU_GUARD_CONTEXT	22851448	408EEB2C	00000000	2	0	1	1	1
FPU_GUARD_CONTEXT	22859512	408EEAB8	00000000	2	0	1	1	1
FPU_GUARD_CONTEXT	22859617	408EEB2C	00000000	2	0	1	1	1
FPU_GUARD_CONTEXT	22867760	408EEAB8	00000000	2	0	1	1	1
FPU_GUARD_CONTEXT	22867869	408EEB2C	00000000	2	0	1	1	1
FPU_GUARD_CONTEXT	22875933	408EEAB8	00000000	2	0	1	1	1
FPU_GUARD_CONTEXT	22876038	408EEB2C	00000000	2	0	1	1	1
FPU_GUARD_CONTEXT	22885309	408EEAB8	00000000	2	0	1	1	1
FPU_GUARD_CONTEXT	22885418	408EEB2C	00000000	2	0	1	1	1
FPU_GUARD_CONTEXT	22893608	408EEAB8	00000000	2	0	1	1	1
FPU_GUARD_CONTEXT	22893713	408EEB2C	00000000	2	0	1	1	1
FPU_GUARD_CONTEXT	22901856	408EEAB8	00000000	2	0	1	1	1
FPU_GUARD_CONTEXT	22901965	408EEB2C	00000000	2	0	1	1	1
FPU_GUARD_CONTEXT	22910029	408EEAB8	00000000	2	0	1	1	1
FPU_GUARD_CONTEXT	22910134	408EEB2C	00000000	2	0	1	1	1
FPU_GUARD_CONTEXT	22918277	408EEAB8	00000000	2	0	1	1	1
FPU_GUARD_CONTEXT	22918386	408EEB2C	00000000	2	0	1	1	1
FPU_GUARD_CONTEXT	22926450	408EEAB8	00000000	2	0	1	1	1
FPU_GUARD_CONTEXT	22926555	408EEB2C	00000000	2	0	1	1	1
FPU_GUARD_CONTEXT	22934698	408EEAB8	00000000	2	0	1	1	1
FPU_GUARD_CONTEXT	22934807	408EEB2C	00000000	2	0	1	1	1
FPU_GUARD_CONTEXT	22944171	408EEAB8	00000000	2	0	1	1	1
FPU_GUARD_CONTEXT	22944276	408EEB2C	00000000	2	0	1	1	1
FPU_GUARD_CONTEXT	22952419	408EEAB8	00000000	2	0	1	1	1
FPU_GUARD_CONTEXT	22952528	408EEB2C	00000000	2	0	1	1	1
FPU_GUARD_CONTEXT	22960592	408EEAB8	00000000	2	0	1	1	1
FPU_GUARD_CONTEXT	22960697	408EEB2C	00000000	2	0	1	1	1
FPU_GUARD_CONTEXT	22968840	408EEAB8	00000000	2	0	1	1	1
FPU_GUARD_CONTEXT	22968949	408EEB2C	00000000	2	0	1	1	1
FPU_GUARD_CONTEXT	22977013	408EEAB8	00000000	2	0	1	1	1
FPU_GUARD_CONTEXT	22977118	408EEB2C	00000000	2	0	1	1	1
FPU_GUARD_CONTEXT	22988205	408EEAB8	00000000	2	0	1	1	1
FPU_GUARD_CONTEXT	22988314	408EEB2C	00000000	2	0	1	1	1
FPU_GUARD_CONTEXT	22996631	408EEAB8	00000000	2	0	1	1	1
FPU_GUARD_CONTEXT	22996736	408EEB2C	00000000	2	0	1	1	1
FPU_GUARD_CONTEXT	23004879	408EEAB8	00000000	2	0	1	1	1
FPU_GUARD_CONTEXT	23004988	408EEB2C	00000000	2	0	1	1	1
FPU_GUARD_CONTEXT	23013052	408EEAB8	00000000	2	0	1	1	1
FPU_GUARD_CONTEXT	23013157	408EEB2C	00000000	2	0	1	1	1
FPU_GUARD_CONTEXT	23021300	408EEAB8	00000000	2	0	1	1	1
FPU_GUARD_CONTEXT	23021409	408EEB2C	00000000	2	0	1	1	1
