CONFIG_END	pc	cacr	tc
CONFIG_END	0005ED36	80008000	0000C000
ENABLED_CYCLES	ic	dc	mmu
ENABLED_CYCLES	1304100000	1304100000	1304100000
SUMMARY	cycles	dispatches	clocks_per_dispatch	rd_accept_samples	look_hit_cycles	ipred_hit_cycles
SUMMARY	1304100000	196410002	6.639682	197104816	311429079	18616072
STATE	id	cycles	entries	percent
STATE	3	212266124	43285676	16.276829
STATE	4	97852806	85576150	7.503474
STATE	5	504997	504997	0.038724
STATE	8	63386533	37410039	4.860558
STATE	9	388690468	73666885	29.805266
STATE	10	129631796	50825038	9.940326
STATE	11	17643865	17643865	1.352953
STATE	13	15171141	15140602	1.163342
STATE	15	6366667	6366667	0.488204
STATE	16	1823594	1823594	0.139835
STATE	17	490850	490850	0.037639
STATE	18	4533	4533	0.000348
STATE	19	11558196	11558196	0.886297
STATE	20	66377352	66377352	5.089897
STATE	21	1660434	1660434	0.127324
STATE	22	8964390	8964390	0.687401
STATE	23	2291671	2291671	0.175728
STATE	24	3954402	3954402	0.303228
STATE	26	7179566	7179566	0.550538
STATE	27	4869168	4869168	0.373374
STATE	28	14103822	14103822	1.081499
STATE	29	2365	2365	0.000181
STATE	30	2075373	224892	0.159142
STATE	31	104	104	0.000008
STATE	34	3116740	1729045	0.238995
STATE	35	1734266	1734266	0.132986
STATE	36	1734266	1734266	0.132986
STATE	37	1734266	1734266	0.132986
STATE	38	5221	5221	0.000400
STATE	39	1734266	1734266	0.132986
STATE	41	1734266	1734266	0.132986
STATE	42	1734266	1734266	0.132986
STATE	43	43028	43028	0.003299
STATE	44	43028	43028	0.003299
STATE	45	43028	43028	0.003299
STATE	46	43028	43028	0.003299
STATE	47	43028	43028	0.003299
STATE	48	7917	7917	0.000607
STATE	49	477	477	0.000037
STATE	51	3134349	3133875	0.240346
STATE	52	1608164	1608164	0.123316
STATE	53	424595	424284	0.032558
STATE	55	2659336	2659336	0.203921
STATE	56	2717150	2717150	0.208354
STATE	57	632930	632930	0.048534
STATE	58	823717	823717	0.063164
STATE	59	59168	59168	0.004537
STATE	62	2506264	2506264	0.192183
STATE	65	2506263	2506263	0.192183
STATE	68	4049144	4049144	0.310493
STATE	69	2911509	2911509	0.223258
STATE	70	15264082	15264082	1.170469
STATE	78	4656	4656	0.000357
STATE	79	4656	4656	0.000357
STATE	81	135940	135940	0.010424
STATE	82	111079	75386	0.008518
STATE	87	30348	30348	0.002327
STATE	89	66283	66283	0.005083
STATE	90	66283	66283	0.005083
STATE	91	66283	66283	0.005083
STATE	92	66283	66283	0.005083
STATE	96	66283	66283	0.005083
STATE	97	66283	66283	0.005083
STATE	98	198871	198871	0.015250
STATE	99	2365	2365	0.000181
STATE	102	1137635	1137635	0.087235
STATE	103	1725	1725	0.000132
STATE	104	1725	1725	0.000132
STATE	106	22590	7530	0.001732
STATE	107	2182970	30348	0.167393
STATE	112	214263	214263	0.016430
STATE	113	214263	214263	0.016430
STATE	114	10634	10634	0.000815
STATE	115	2500	2500	0.000192
STATE	116	10634	10634	0.000815
STATE	117	203629	203629	0.015615
STATE	118	203629	203629	0.015615
STATE	119	3452	3452	0.000265
STATE	120	203629	203629	0.015615
STATE	121	69058	69058	0.005295
STATE	122	27	27	0.000002
STATE	129	2518	2518	0.000193
STATE	130	214263	214263	0.016430
STATE	131	214263	214263	0.016430
STATE	132	69058	69058	0.005295
STATE	133	12044512	91263	0.923588
STATE	134	930	930	0.000071
STATE	135	930	930	0.000071
STATE	136	930	930	0.000071
STATE	137	930	930	0.000071
STATE	151	10460	10460	0.000802
STATE	152	18	18	0.000001
STATE	153	22316597	11741432	1.711264
STATE	154	214	214	0.000016
STATE	155	7838035	7838035	0.601030
STATE	156	44460	44460	0.003409
STATE	157	36667	36667	0.002812
STATE	158	5716267	5716267	0.438330
STATE	160	34452900	11666048	2.641891
STATE	161	3024543	3024543	0.231926
STATE	162	74197	42451	0.005690
STATE	163	21581	21581	0.001655
STATE	164	90962	90962	0.006975
STATE	165	234935	234935	0.018015
STATE	167	65	65	0.000005
STATE	171	18	18	0.000001
STATE	173	11196	11196	0.000859
STATE	175	5481	128	0.000420
STATE	176	766	19	0.000059
STATE	177	15689	15689	0.001203
STATE	178	31672721	13870536	2.428703
STATE	179	12136719	12136719	0.930659
STATE	180	1733817	1733817	0.132951
STATE	181	36732	36732	0.002817
STATE	182	67873	67873	0.005205
STATE	183	67873	67873	0.005205
STATE	190	53146422	31677944	4.075333
STATE	191	5240	5221	0.000402
STATE	250	3503263	3399155	0.268635
MEM	name	value
MEM	mrd_cycles_cst0	162840937
MEM	mrd_cycles_cst1	41362211
MEM	mrd_cycles_cst2	8
MEM	mrd_cycles_cst4	158765016
MEM	mrd_cycles_cst5	11165678
MEM	mrd_cycles_cst6	14556618
MEM	mwr_cycles_cst0	67126844
MEM	mwr_cycles_cst1	5710484
MEM	mwr_cycles_cst4	41953654
MEM	mwr_cycles_cst5	8219943
MEM	mwr_cycles_cst6	6620871
MEM	mrd_cycles_sb_pending	35365916
MEM	mwr_cycles_sb_pending	31129219
MEM	data_tagwrite_entries	11518425
MEM	instr_tagwrite_entries	24556165
MEM	sb_push_signal_samples	50939252
MEM	sb_full_request_samples	2
MEM	read_with_store_pending_samples	6079135
MEM	pass_cycles_write	53315304
MEM	pass_cycles_read	12447744
REFILL_META	clock_sample	post_eval_rising_edge
REFILL_META	duration	C_FILL_through_C_TAGW_complete_bracket_spans_only
REFILL_META	mrd_overlap	core_state_9_and_C_FILL_same_sample
REFILL_META	states	issued_is_registered_state_local_match_is_combinational_setup_is_neither
REFILL_PARTIAL	start	1
REFILL_PARTIAL	end	0
REFILL_PARTIAL	aborted	8
REFILL_REGION	bank	region	fill_entries	fill_samples	tagwrite_samples	issued_state_samples	local_match_samples	setup_state_samples	mrd_overlap_samples	completed
REFILL_REGION	data	ram	10963988	109489686	10963985	65633739	33006127	10849820	90497230	10963984
REFILL_REGION	data	rom	554444	5131608	554440	2913840	0	2217768	2435471	554440
REFILL_REGION	instruction	ram	16701958	170314935	16701958	103507103	50104951	16702881	42393937	16701958
REFILL_REGION	instruction	rom	7854207	80310596	7854207	48893768	0	31416828	23438378	7854207
REFILL_SAMPLE	bank	region	fill_cnt	r_issued	fill_acked	clocks
REFILL_SAMPLE	data	ram	0	0	0	10963988
REFILL_SAMPLE	data	ram	0	1	0	65633295
REFILL_SAMPLE	data	ram	1	0	0	1485633
REFILL_SAMPLE	data	ram	1	0	1	9478356
REFILL_SAMPLE	data	ram	1	1	0	81
REFILL_SAMPLE	data	ram	1	1	1	67
REFILL_SAMPLE	data	ram	2	0	0	250193
REFILL_SAMPLE	data	ram	2	0	1	10713792
REFILL_SAMPLE	data	ram	2	1	1	148
REFILL_SAMPLE	data	ram	3	0	0	250193
REFILL_SAMPLE	data	ram	3	0	1	10713792
REFILL_SAMPLE	data	ram	3	1	1	148
REFILL_SAMPLE	data	rom	0	0	0	554444
REFILL_SAMPLE	data	rom	0	1	0	1250520
REFILL_SAMPLE	data	rom	1	0	0	105
REFILL_SAMPLE	data	rom	1	0	1	554339
REFILL_SAMPLE	data	rom	1	1	0	101
REFILL_SAMPLE	data	rom	1	1	1	554339
REFILL_SAMPLE	data	rom	2	0	1	554440
REFILL_SAMPLE	data	rom	2	1	1	554440
REFILL_SAMPLE	data	rom	3	0	1	554440
REFILL_SAMPLE	data	rom	3	1	1	554440
REFILL_SAMPLE	instruction	ram	0	0	0	16701958
REFILL_SAMPLE	instruction	ram	0	1	0	103506050
REFILL_SAMPLE	instruction	ram	1	0	1	16701958
REFILL_SAMPLE	instruction	ram	1	1	1	351
REFILL_SAMPLE	instruction	ram	2	0	1	16701958
REFILL_SAMPLE	instruction	ram	2	1	1	351
REFILL_SAMPLE	instruction	ram	3	0	1	16701958
REFILL_SAMPLE	instruction	ram	3	1	1	351
REFILL_SAMPLE	instruction	rom	0	0	0	7854207
REFILL_SAMPLE	instruction	rom	0	1	0	25331147
REFILL_SAMPLE	instruction	rom	1	0	1	7854207
REFILL_SAMPLE	instruction	rom	1	1	1	7854207
REFILL_SAMPLE	instruction	rom	2	0	1	7854207
REFILL_SAMPLE	instruction	rom	2	1	1	7854207
REFILL_SAMPLE	instruction	rom	3	0	1	7854207
REFILL_SAMPLE	instruction	rom	3	1	1	7854207
REFILL_DURATION	bank	region	clocks	complete_fills
REFILL_DURATION	data	ram	5	114616
REFILL_DURATION	instruction	ram	5	130
REFILL_DURATION	data	rom	9	206471
REFILL_DURATION	instruction	rom	9	29626
REFILL_DURATION	data	ram	11	10458658
REFILL_DURATION	data	rom	11	347839
REFILL_DURATION	instruction	ram	11	14582638
REFILL_DURATION	instruction	rom	11	6762970
REFILL_DURATION	data	ram	12	274198
REFILL_DURATION	data	rom	12	130
REFILL_DURATION	instruction	ram	12	1182222
REFILL_DURATION	instruction	rom	12	604425
REFILL_DURATION	data	ram	13	86534
REFILL_DURATION	instruction	ram	13	756784
REFILL_DURATION	instruction	rom	13	331844
REFILL_DURATION	data	ram	14	29826
REFILL_DURATION	instruction	ram	14	150327
REFILL_DURATION	instruction	rom	14	64029
REFILL_DURATION	data	ram	15	44
REFILL_DURATION	instruction	ram	15	245
REFILL_DURATION	data	ram	16	85
REFILL_DURATION	instruction	ram	16	29450
REFILL_DURATION	instruction	rom	16	29673
REFILL_DURATION	data	ram	17	10
REFILL_DURATION	instruction	ram	17	69
REFILL_DURATION	instruction	rom	17	2267
REFILL_DURATION	data	ram	18	10
REFILL_DURATION	instruction	ram	18	27
REFILL_DURATION	instruction	rom	18	29373
REFILL_DURATION	data	ram	19	3
REFILL_DURATION	instruction	ram	19	63
REFILL_DURATION	instruction	ram	20	3
CACHE_STATE	id	cycles	percent
CACHE_STATE	0	741349460	56.847593
CACHE_STATE	1	83984405	6.440028
CACHE_STATE	2	8	0.000001
CACHE_STATE	4	365246825	28.007578
CACHE_STATE	5	36074590	2.766244
CACHE_STATE	6	65763048	5.042792
CACHE_STATE	7	11681664	0.895764
TRANSITION	from	to	count
TRANSITION	3	4	43285050
TRANSITION	3	34	626
TRANSITION	4	3	11048517
TRANSITION	4	8	6480005
TRANSITION	4	9	7207892
TRANSITION	4	10	557356
TRANSITION	4	11	5712904
TRANSITION	4	13	802468
TRANSITION	4	20	26558087
TRANSITION	4	34	1691238
TRANSITION	4	43	43028
TRANSITION	4	48	6261
TRANSITION	4	51	610885
TRANSITION	4	53	65699
TRANSITION	4	62	1630457
TRANSITION	4	65	357673
TRANSITION	4	68	2734793
TRANSITION	4	78	4656
TRANSITION	4	81	60406
TRANSITION	4	87	30348
TRANSITION	4	89	63707
TRANSITION	4	98	138265
TRANSITION	4	104	1701
TRANSITION	4	106	7530
TRANSITION	4	112	211445
TRANSITION	4	133	91263
TRANSITION	4	134	930
TRANSITION	4	153	19000
TRANSITION	4	167	65
TRANSITION	4	181	901
TRANSITION	4	190	16264602
TRANSITION	4	250	3174068
TRANSITION	5	3	136148
TRANSITION	5	4	176009
TRANSITION	5	20	192156
TRANSITION	5	51	3
TRANSITION	5	53	4
TRANSITION	5	56	53
TRANSITION	5	181	544
TRANSITION	5	190	80
TRANSITION	8	13	13596863
TRANSITION	8	15	4324778
TRANSITION	8	16	1816611
TRANSITION	8	18	4533
TRANSITION	8	19	11558196
TRANSITION	8	20	2642967
TRANSITION	8	48	1656
TRANSITION	8	51	1033282
TRANSITION	8	53	91747
TRANSITION	8	62	816640
TRANSITION	8	68	1314351
TRANSITION	8	81	75534
TRANSITION	8	89	2576
TRANSITION	8	98	60606
TRANSITION	8	104	24
TRANSITION	8	112	2818
TRANSITION	8	153	28488
TRANSITION	8	157	22680
TRANSITION	8	177	15689
TRANSITION	9	3	12283564
TRANSITION	9	4	10144908
TRANSITION	9	8	119215
TRANSITION	9	10	8684341
TRANSITION	9	11	1061579
TRANSITION	9	13	128996
TRANSITION	9	15	516958
TRANSITION	9	17	490850
TRANSITION	9	20	13574961
TRANSITION	9	23	2291573
TRANSITION	9	27	4869168
TRANSITION	9	28	1421
TRANSITION	9	42	1734266
TRANSITION	9	44	43028
TRANSITION	9	45	43028
TRANSITION	9	46	43028
TRANSITION	9	49	477
TRANSITION	9	51	412578
TRANSITION	9	53	23344
TRANSITION	9	55	550
TRANSITION	9	56	61321
TRANSITION	9	62	29610
TRANSITION	9	65	725541
TRANSITION	9	70	2025031
TRANSITION	9	118	203617
TRANSITION	9	119	3452
TRANSITION	9	136	930
TRANSITION	9	137	930
TRANSITION	9	153	1543783
TRANSITION	9	160	5716249
TRANSITION	9	162	15922
TRANSITION	9	165	42971
TRANSITION	9	171	18
TRANSITION	9	175	128
TRANSITION	9	181	4239
TRANSITION	9	190	6623774
TRANSITION	9	250	201536
TRANSITION	10	3	4253310
TRANSITION	10	4	7306083
TRANSITION	10	9	2701152
TRANSITION	10	13	389827
TRANSITION	10	20	9657206
TRANSITION	10	36	1734266
TRANSITION	10	37	1734266
TRANSITION	10	38	5221
TRANSITION	10	39	1734266
TRANSITION	10	51	231694
TRANSITION	10	52	1608164
TRANSITION	10	53	70275
TRANSITION	10	55	147701
TRANSITION	10	56	1071016
TRANSITION	10	57	632930
TRANSITION	10	62	29539
TRANSITION	10	65	236167
TRANSITION	10	70	9189907
TRANSITION	10	96	66283
TRANSITION	10	122	27
TRANSITION	10	153	18611
TRANSITION	10	161	3024543
TRANSITION	10	162	15824
TRANSITION	10	165	143973
TRANSITION	10	176	19
TRANSITION	10	181	4225
TRANSITION	10	183	67873
TRANSITION	10	190	4727118
TRANSITION	10	250	23551
TRANSITION	11	8	13635679
TRANSITION	11	26	2475037
TRANSITION	11	55	1136090
TRANSITION	11	56	205173
TRANSITION	11	58	111
TRANSITION	11	59	95
TRANSITION	11	102	757
TRANSITION	11	117	180425
TRANSITION	11	151	10460
TRANSITION	11	152	18
TRANSITION	11	155	20
TRANSITION	13	3	330529
TRANSITION	13	4	716687
TRANSITION	13	9	3742917
TRANSITION	13	10	828792
TRANSITION	13	20	1119256
TRANSITION	13	22	493690
TRANSITION	13	26	1609418
TRANSITION	13	51	588
TRANSITION	13	53	81
TRANSITION	13	55	2642
TRANSITION	13	56	520655
TRANSITION	13	62	2
TRANSITION	13	102	1136674
TRANSITION	13	117	23204
TRANSITION	13	135	930
TRANSITION	13	153	4544
TRANSITION	13	155	4609736
TRANSITION	13	181	145
TRANSITION	13	190	112
TRANSITION	15	8	1816611
TRANSITION	15	9	340590
TRANSITION	15	16	6983
TRANSITION	15	22	1
TRANSITION	15	26	517687
TRANSITION	15	55	92043
TRANSITION	15	56	29891
TRANSITION	15	58	334741
TRANSITION	15	155	3228120
TRANSITION	16	9	490849
TRANSITION	16	22	1332184
TRANSITION	16	55	165
TRANSITION	16	58	396
TRANSITION	17	8	4533
TRANSITION	17	22	11343
TRANSITION	17	26	703
TRANSITION	17	55	28941
TRANSITION	17	56	444777
TRANSITION	17	58	394
TRANSITION	17	155	159
TRANSITION	18	22	1276
TRANSITION	18	26	152
TRANSITION	18	58	3105
TRANSITION	19	22	7125896
TRANSITION	19	26	2576569
TRANSITION	19	55	1192233
TRANSITION	19	56	119251
TRANSITION	19	58	484970
TRANSITION	19	59	59073
TRANSITION	19	102	204
TRANSITION	20	8	15315627
TRANSITION	20	9	32279987
TRANSITION	20	10	7800506
TRANSITION	20	11	1378443
TRANSITION	20	15	1524931
TRANSITION	20	21	1660434
TRANSITION	20	24	2390
TRANSITION	20	28	2688283
TRANSITION	20	190	3726751
TRANSITION	21	24	1660434
TRANSITION	22	9	8964390
TRANSITION	23	3	4
TRANSITION	23	20	23
TRANSITION	23	24	2291578
TRANSITION	23	53	10
TRANSITION	23	190	56
TRANSITION	24	11	310710
TRANSITION	24	28	3643692
TRANSITION	26	9	2048763
TRANSITION	26	10	2552344
TRANSITION	26	28	2578459
TRANSITION	27	28	4869168
TRANSITION	28	3	239464
TRANSITION	28	4	6863919
TRANSITION	28	5	170601
TRANSITION	28	10	6098242
TRANSITION	28	13	30363
TRANSITION	28	20	21909
TRANSITION	28	29	2365
TRANSITION	28	30	223167
TRANSITION	28	51	294492
TRANSITION	28	53	29713
TRANSITION	28	65	225
TRANSITION	28	103	1725
TRANSITION	28	181	1228
TRANSITION	28	190	126409
TRANSITION	29	99	2365
TRANSITION	30	3	115
TRANSITION	30	4	96280
TRANSITION	30	13	42542
TRANSITION	30	20	40915
TRANSITION	30	31	104
TRANSITION	30	55	1
TRANSITION	30	65	5
TRANSITION	30	153	40486
TRANSITION	30	181	38
TRANSITION	30	190	4406
TRANSITION	31	4	34
TRANSITION	31	20	70
TRANSITION	34	35	1729045
TRANSITION	35	10	1734266
TRANSITION	36	10	1734266
TRANSITION	37	10	1734266
TRANSITION	38	10	5221
TRANSITION	39	41	1734266
TRANSITION	41	9	1734266
TRANSITION	42	34	449
TRANSITION	42	178	1733817
TRANSITION	43	9	43028
TRANSITION	44	9	43028
TRANSITION	45	9	43028
TRANSITION	46	47	43028
TRANSITION	47	3	23643
TRANSITION	47	181	19385
TRANSITION	48	9	7917
TRANSITION	49	181	477
TRANSITION	51	3	1172858
TRANSITION	51	4	323848
TRANSITION	51	10	1272861
TRANSITION	51	13	30390
TRANSITION	51	20	203042
TRANSITION	51	56	28825
TRANSITION	51	62	16
TRANSITION	51	153	6
TRANSITION	51	181	100
TRANSITION	51	190	101929
TRANSITION	52	3	1607989
TRANSITION	52	181	175
TRANSITION	53	3	115122
TRANSITION	53	4	211411
TRANSITION	53	13	7
TRANSITION	53	20	53390
TRANSITION	53	51	30901
TRANSITION	53	65	133
TRANSITION	53	181	22
TRANSITION	53	190	13298
TRANSITION	55	3	2627137
TRANSITION	55	4	31993
TRANSITION	55	181	206
TRANSITION	56	10	2717150
TRANSITION	57	3	632814
TRANSITION	57	181	116
TRANSITION	58	3	91461
TRANSITION	58	4	400934
TRANSITION	58	13	28899
TRANSITION	58	20	302316
TRANSITION	58	56	37
TRANSITION	58	181	70
TRANSITION	59	10	59168
TRANSITION	62	10	2506264
TRANSITION	65	9	2506263
TRANSITION	68	11	1137635
TRANSITION	68	69	2911509
TRANSITION	69	70	2911509
TRANSITION	70	3	59551
TRANSITION	70	4	1115021
TRANSITION	70	9	2025031
TRANSITION	70	10	9189907
TRANSITION	70	13	1838
TRANSITION	70	20	1589526
TRANSITION	70	51	30153
TRANSITION	70	53	40
TRANSITION	70	55	29487
TRANSITION	70	56	59151
TRANSITION	70	65	1122460
TRANSITION	70	153	10671
TRANSITION	70	181	1377
TRANSITION	70	190	29869
TRANSITION	78	79	4656
TRANSITION	79	3	69
TRANSITION	79	4	2034
TRANSITION	79	20	2553
TRANSITION	81	5	60554
TRANSITION	81	82	75386
TRANSITION	82	5	75386
TRANSITION	87	107	30348
TRANSITION	89	90	66283
TRANSITION	90	91	66283
TRANSITION	91	92	66283
TRANSITION	92	9	66283
TRANSITION	96	97	66283
TRANSITION	97	4	66044
TRANSITION	97	51	186
TRANSITION	97	53	15
TRANSITION	97	181	38
TRANSITION	98	3	164
TRANSITION	98	4	45
TRANSITION	98	5	198437
TRANSITION	98	20	225
TRANSITION	99	3	46
TRANSITION	99	4	1698
TRANSITION	99	20	376
TRANSITION	99	190	245
TRANSITION	102	70	1137635
TRANSITION	103	30	1725
TRANSITION	104	20	1725
TRANSITION	106	3	7530
TRANSITION	107	3	30348
TRANSITION	112	113	214263
TRANSITION	113	11	203629
TRANSITION	113	114	10634
TRANSITION	114	115	2500
TRANSITION	114	116	8134
TRANSITION	115	116	2500
TRANSITION	116	130	10634
TRANSITION	117	9	203629
TRANSITION	118	9	3452
TRANSITION	118	120	200177
TRANSITION	119	120	3452
TRANSITION	120	130	203629
TRANSITION	121	10	69058
TRANSITION	122	10	27
TRANSITION	129	4	2167
TRANSITION	129	20	252
TRANSITION	129	153	98
TRANSITION	129	181	1
TRANSITION	130	131	214263
TRANSITION	131	3	1469
TRANSITION	131	4	135770
TRANSITION	131	20	5354
TRANSITION	131	129	2518
TRANSITION	131	132	69058
TRANSITION	131	181	22
TRANSITION	131	190	72
TRANSITION	132	121	69058
TRANSITION	133	3	91203
TRANSITION	133	181	60
TRANSITION	134	11	930
TRANSITION	135	9	930
TRANSITION	136	9	930
TRANSITION	137	51	930
TRANSITION	151	10	5239
TRANSITION	151	182	5221
TRANSITION	152	9	18
TRANSITION	153	8	15689
TRANSITION	153	11	7838035
TRANSITION	153	154	214
TRANSITION	153	156	44460
TRANSITION	153	157	13987
TRANSITION	153	158	786320
TRANSITION	153	160	3009420
TRANSITION	153	164	22111
TRANSITION	153	173	11196
TRANSITION	154	162	214
TRANSITION	155	158	4929929
TRANSITION	155	160	2881932
TRANSITION	155	162	10491
TRANSITION	155	164	15683
TRANSITION	156	160	44460
TRANSITION	157	8	22680
TRANSITION	157	160	13987
TRANSITION	158	9	5716267
TRANSITION	160	3	11
TRANSITION	160	4	2011992
TRANSITION	160	10	2916348
TRANSITION	160	20	16477
TRANSITION	160	51	5184
TRANSITION	160	153	6709777
TRANSITION	160	181	1038
TRANSITION	160	191	5221
TRANSITION	161	4	512875
TRANSITION	161	10	108195
TRANSITION	161	20	773560
TRANSITION	161	56	8990
TRANSITION	161	153	1620390
TRANSITION	161	181	533
TRANSITION	162	4	111
TRANSITION	162	9	15922
TRANSITION	162	20	5335
TRANSITION	162	65	5219
TRANSITION	162	153	35
TRANSITION	162	163	15824
TRANSITION	162	181	5
TRANSITION	163	3	28
TRANSITION	163	4	253
TRANSITION	163	10	15824
TRANSITION	163	20	5476
TRANSITION	164	9	42971
TRANSITION	164	165	47991
TRANSITION	165	4	14323
TRANSITION	165	10	143973
TRANSITION	165	20	1065
TRANSITION	165	153	22396
TRANSITION	165	164	53168
TRANSITION	165	181	10
TRANSITION	167	20	65
TRANSITION	171	4	18
TRANSITION	173	4	206
TRANSITION	173	153	5233
TRANSITION	173	163	5757
TRANSITION	175	23	98
TRANSITION	175	118	12
TRANSITION	175	158	18
TRANSITION	176	5	19
TRANSITION	177	3	57
TRANSITION	177	4	5164
TRANSITION	177	20	5221
TRANSITION	177	153	5247
TRANSITION	178	179	12136719
TRANSITION	178	180	1733817
TRANSITION	179	178	12136719
TRANSITION	180	3	1733817
TRANSITION	181	34	36732
TRANSITION	182	10	67873
TRANSITION	183	4	5215
TRANSITION	183	181	6
TRANSITION	183	182	62652
TRANSITION	190	3	6798406
TRANSITION	190	4	12100904
TRANSITION	190	9	188529
TRANSITION	190	13	88170
TRANSITION	190	20	9602080
TRANSITION	190	28	322799
TRANSITION	190	51	482999
TRANSITION	190	53	142838
TRANSITION	190	55	29483
TRANSITION	190	56	148810
TRANSITION	190	65	58840
TRANSITION	190	153	1712667
TRANSITION	190	181	1419
TRANSITION	191	35	5221
TRANSITION	250	3	302
TRANSITION	250	4	45154
TRANSITION	250	9	3248852
TRANSITION	250	10	23551
TRANSITION	250	13	239
TRANSITION	250	20	1764
TRANSITION	250	53	518
TRANSITION	250	56	19200
TRANSITION	250	181	352
TRANSITION	250	190	59223
F4SITE	F4E9	0009AD6E	60638
F4SITE	F4E9	40887126	107
F4SITE	F4E9	408E9B18	160
F4SITE	F4F1	0009AD6A	353
F4SITE	F4F1	40887122	3
F4SITE	F4F8	0009AD20	17
F4SITE	F4F8	40885032	29985
F4CALL	0009AD6E	00000000	123
F4CALL	0009AD6E	00000A60	126
F4CALL	0009AD6E	00000C90	116
F4CALL	0009AD6E	0000FFFF	104
F4CALL	0009AD6E	0624FFFF	101
F4CALL	0009AD6E	6214FFFF	57948
F4CALL	0009AD6E	E2E60000	546
F4CALL	40885032	40887824	29553
F4CALL	40885032	50300003	162
OPCODE	opcode	dispatches	percent
OPCODE	4E75	8287884	4.219685
OPCODE	F22E	4526705	2.304722
OPCODE	2008	3008255	1.531620
OPCODE	F200	2986754	1.520673
OPCODE	5343	2851353	1.451735
OPCODE	672E	2821634	1.436604
OPCODE	201B	2820659	1.436108
OPCODE	6ECA	2819765	1.435652
OPCODE	E788	2571583	1.309293
OPCODE	0C42	2509240	1.277552
OPCODE	4E56	2505966	1.275885
OPCODE	4E5E	2505965	1.275885
OPCODE	48E7	2015778	1.026311
OPCODE	4EBA	1881898	0.958148
OPCODE	241F	1810241	0.921664
OPCODE	2F02	1809983	0.921533
OPCODE	2F0A	1785596	0.909117
OPCODE	245F	1726027	0.878788
OPCODE	286E	1720321	0.875883
OPCODE	246F	1691410	0.861163
OPCODE	2F4A	1691238	0.861075
OPCODE	341A	1691238	0.861075
OPCODE	E588	1594813	0.811982
OPCODE	E589	1594024	0.811580
OPCODE	48C0	1512857	0.770255
OPCODE	4EF9	1398974	0.712272
OPCODE	205F	1352893	0.688811
OPCODE	2F70	1329262	0.676779
OPCODE	0442	1328738	0.676512
OPCODE	7000	1321070	0.672608
OPCODE	F232	1282520	0.652981
OPCODE	200C	1270388	0.646804
OPCODE	F230	1177600	0.599562
OPCODE	B0B8	1132616	0.576659
OPCODE	4CEE	1129615	0.575131
OPCODE	2F0C	1129603	0.575125
OPCODE	2E9F	1121221	0.570857
OPCODE	2F38	1040409	0.529713
OPCODE	4E71	1027905	0.523347
OPCODE	2040	1020448	0.519550
OPCODE	22D8	1013569	0.516048
OPCODE	4ED0	1005471	0.511925
OPCODE	6006	977475	0.497671
OPCODE	3043	963176	0.490391
OPCODE	6100	942394	0.479810
OPCODE	0C97	914411	0.465562
OPCODE	225F	906363	0.461465
OPCODE	4CDF	892601	0.454458
OPCODE	558F	883280	0.449712
OPCODE	6EFA	863362	0.439571
OPCODE	3003	857823	0.436751
OPCODE	2209	829972	0.422571
OPCODE	2208	826019	0.420559
OPCODE	3044	825805	0.420450
OPCODE	3045	825603	0.420347
OPCODE	6706	822975	0.419009
OPCODE	2270	809698	0.412249
OPCODE	5242	798774	0.406687
OPCODE	F212	770560	0.392322
OPCODE	2073	768105	0.391072
OPCODE	2046	768020	0.391029
OPCODE	24AE	768010	0.391024
OPCODE	F231	768000	0.391019
OPCODE	3242	768000	0.391019
OPCODE	3042	768000	0.391019
OPCODE	C0B8	741559	0.377557
OPCODE	598F	739781	0.376651
OPCODE	0240	721994	0.367595
OPCODE	0838	695443	0.354077
OPCODE	6604	682547	0.347511
OPCODE	3029	648475	0.330164
OPCODE	2F08	640461	0.326084
OPCODE	0C40	640215	0.325958
OPCODE	2F09	637835	0.324747
OPCODE	6608	627957	0.319717
OPCODE	6700	621640	0.316501
OPCODE	486E	612568	0.311882
OPCODE	266E	611964	0.311575
OPCODE	66F2	589457	0.300116
OPCODE	2055	564028	0.287169
OPCODE	2250	559634	0.284932
OPCODE	41FA	547793	0.278903
OPCODE	661C	538235	0.274036
OPCODE	4A80	536314	0.273058
OPCODE	5243	491443	0.250213
OPCODE	6602	486204	0.247545
OPCODE	2A78	471241	0.239927
OPCODE	0C6C	470924	0.239766
OPCODE	2F01	458810	0.233598
OPCODE	584F	456494	0.232419
OPCODE	5240	444241	0.226180
OPCODE	4EB0	443577	0.225842
OPCODE	4A40	429143	0.218493
OPCODE	221F	429050	0.218446
OPCODE	671A	414626	0.211102
OPCODE	2978	412874	0.210210
OPCODE	D045	411741	0.209633
OPCODE	2047	411223	0.209370
OPCODE	3004	410053	0.208774
OPCODE	27AE	409600	0.208543
OPCODE	6708	406857	0.207147
OPCODE	6000	393644	0.200420
OPCODE	2F2E	392054	0.199610
OPCODE	0C38	391364	0.199259
OPCODE	7002	382923	0.194961
OPCODE	670E	376774	0.191830
OPCODE	47FA	366925	0.186816
OPCODE	3202	366515	0.186607
OPCODE	0242	363198	0.184918
OPCODE	7600	362937	0.184785
OPCODE	6530	362567	0.184597
OPCODE	1401	362537	0.184582
OPCODE	3200	358412	0.182482
OPCODE	200B	357770	0.182155
OPCODE	6606	357365	0.181948
OPCODE	0C50	356768	0.181645
OPCODE	2070	356083	0.181296
OPCODE	204B	355220	0.180856
OPCODE	4A1F	354507	0.180493
OPCODE	102C	353894	0.180181
OPCODE	6E26	353249	0.179853
OPCODE	6D20	353247	0.179852
OPCODE	4881	353246	0.179851
OPCODE	B228	353246	0.179851
OPCODE	9228	353243	0.179850
OPCODE	E541	353240	0.179848
OPCODE	A829	352696	0.179571
OPCODE	2A40	352695	0.179571
OPCODE	4A11	351350	0.178886
OPCODE	2078	343544	0.174912
OPCODE	2478	331181	0.168617
OPCODE	61FF	330467	0.168254
OPCODE	21CA	329245	0.167631
OPCODE	21CB	329021	0.167517
OPCODE	47FB	329006	0.167510
OPCODE	47F9	328965	0.167489
OPCODE	7601	326741	0.166357
OPCODE	504F	326442	0.166204
OPCODE	206D	323107	0.164506
OPCODE	7A00	300408	0.152949
OPCODE	1A2B	299232	0.152351
OPCODE	6AF8	297987	0.151717
OPCODE	B0AC	294833	0.150111
OPCODE	285F	294659	0.150022
OPCODE	200D	294112	0.149744
OPCODE	206E	292668	0.149009
OPCODE	2009	292638	0.148993
OPCODE	4A10	290631	0.147972
OPCODE	6704	289646	0.147470
OPCODE	6600	289041	0.147162
OPCODE	4A2C	269117	0.137018
OPCODE	317C	268153	0.136527
OPCODE	202E	261975	0.133382
OPCODE	0800	256572	0.130631
OPCODE	670C	254701	0.129678
OPCODE	660E	253263	0.128946
OPCODE	B3D6	243275	0.123861
OPCODE	6426	242928	0.123684
OPCODE	6710	242463	0.123447
OPCODE	670A	240071	0.122230
OPCODE	2211	240008	0.122197
OPCODE	426E	239772	0.122077
OPCODE	548F	238966	0.121667
OPCODE	D3C1	238364	0.121360
OPCODE	C282	238356	0.121356
OPCODE	301F	236757	0.120542
OPCODE	2007	236200	0.120259
OPCODE	2F00	236026	0.120170
OPCODE	1D43	235804	0.120057
OPCODE	41ED	235547	0.119926
OPCODE	60F4	235516	0.119910
OPCODE	2D6C	235457	0.119880
OPCODE	D1C0	233261	0.118762
OPCODE	0C43	232999	0.118629
OPCODE	B66E	231454	0.117842
OPCODE	D3C0	229408	0.116801
OPCODE	6C04	219621	0.111818
OPCODE	2D40	219534	0.111773
OPCODE	2F3A	217018	0.110492
OPCODE	0C6F	216574	0.110266
OPCODE	6724	215352	0.109644
OPCODE	5088	213993	0.108952
OPCODE	2F3C	211370	0.107617
OPCODE	4267	210560	0.107204
OPCODE	262E	210041	0.106940
OPCODE	3005	209291	0.106558
OPCODE	2E00	209009	0.106415
OPCODE	226F	208234	0.106020
OPCODE	3F3C	207619	0.105707
OPCODE	2878	207106	0.105446
OPCODE	D043	206960	0.105371
OPCODE	D046	206901	0.105341
OPCODE	2D4C	206598	0.105187
OPCODE	D044	206091	0.104929
OPCODE	20AF	206031	0.104898
OPCODE	A873	206031	0.104898
OPCODE	224A	205887	0.104825
OPCODE	7400	205716	0.104738
OPCODE	3243	205169	0.104460
OPCODE	6FE0	204800	0.104272
OPCODE	7001	198789	0.101211
OPCODE	6702	189460	0.096461
OPCODE	2400	188215	0.095828
OPCODE	2840	184478	0.093925
OPCODE	6720	184318	0.093843
OPCODE	661A	184052	0.093708
OPCODE	5188	182604	0.092971
OPCODE	4278	182155	0.092742
OPCODE	2002	181977	0.092652
OPCODE	2C78	180048	0.091669
OPCODE	1F38	179984	0.091637
OPCODE	11DF	179963	0.091626
OPCODE	2F14	179924	0.091606
OPCODE	2C40	179862	0.091575
OPCODE	2849	179832	0.091559
OPCODE	908E	179755	0.091520
OPCODE	D9C3	179755	0.091520
OPCODE	200E	179694	0.091489
OPCODE	08F8	179546	0.091414
OPCODE	6740	179505	0.091393
OPCODE	662C	178974	0.091123
OPCODE	70FF	178355	0.090807
OPCODE	594F	177830	0.090540
OPCODE	602A	177547	0.090396
OPCODE	0C5F	177314	0.090277
OPCODE	6E0C	177311	0.090276
OPCODE	3EB8	177302	0.090271
OPCODE	2EB8	177014	0.090125
OPCODE	295F	176979	0.090107
OPCODE	B0AB	176927	0.090080
OPCODE	E748	176831	0.090032
OPCODE	2D5F	176678	0.089954
OPCODE	2F30	176581	0.089904
OPCODE	B9F8	176550	0.089888
OPCODE	296B	176525	0.089876
OPCODE	6674	176504	0.089865
OPCODE	A88F	176502	0.089864
OPCODE	2A41	176502	0.089864
OPCODE	220D	176502	0.089864
OPCODE	66D2	176488	0.089857
OPCODE	65F2	176388	0.089806
OPCODE	A924	176381	0.089802
OPCODE	08B8	175430	0.089318
OPCODE	286D	174514	0.088852
OPCODE	302E	168219	0.085647
OPCODE	007C	168108	0.085590
OPCODE	51C8	164594	0.083801
OPCODE	6002	157726	0.080304
OPCODE	660A	156407	0.079633
OPCODE	3028	155970	0.079410
OPCODE	286B	154308	0.078564
OPCODE	662A	154308	0.078564
OPCODE	6B3A	153014	0.077905
OPCODE	6B0C	152803	0.077798
OPCODE	2240	152705	0.077748
OPCODE	202C	151707	0.077240
OPCODE	200A	151355	0.077061
OPCODE	4FEF	150906	0.076832
OPCODE	4EB9	150869	0.076813
OPCODE	6B00	150287	0.076517
OPCODE	2051	150171	0.076458
OPCODE	6130	149463	0.076097
OPCODE	3038	149371	0.076051
OPCODE	2E08	149346	0.076038
OPCODE	2C49	149203	0.075965
OPCODE	9DE8	149129	0.075927
OPCODE	6C18	148350	0.075531
OPCODE	6106	147957	0.075331
OPCODE	2050	147860	0.075281
OPCODE	224C	147849	0.075276
OPCODE	2278	147814	0.075258
OPCODE	4A6C	147797	0.075249
OPCODE	3D47	147746	0.075223
OPCODE	4A47	147451	0.075073
OPCODE	3014	147015	0.074851
OPCODE	0C52	146962	0.074824
OPCODE	3612	146927	0.074806
OPCODE	62EA	146907	0.074796
OPCODE	43EE	140247	0.071405
OPCODE	2068	136141	0.069315
OPCODE	2038	133545	0.067993
OPCODE	6712	133486	0.067963
OPCODE	6F00	131993	0.067203
OPCODE	4E90	131990	0.067201
OPCODE	4A38	131678	0.067042
OPCODE	2010	131323	0.066862
OPCODE	206B	130483	0.066434
OPCODE	4AB8	129636	0.066003
OPCODE	4ED1	127472	0.064901
OPCODE	6734	124120	0.063194
OPCODE	0C00	123959	0.063112
OPCODE	203A	122660	0.062451
OPCODE	6008	121617	0.061920
OPCODE	2668	121455	0.061837
OPCODE	2269	120777	0.061492
OPCODE	201F	120442	0.061322
OPCODE	0C68	120292	0.061245
OPCODE	2178	119727	0.060958
OPCODE	4A28	119452	0.060818
OPCODE	6730	119373	0.060777
OPCODE	1432	118664	0.060416
OPCODE	4247	118366	0.060265
OPCODE	554F	118324	0.060243
OPCODE	082A	118317	0.060240
OPCODE	220B	118014	0.060086
OPCODE	60EA	117868	0.060011
OPCODE	321A	117799	0.059976
OPCODE	2290	117696	0.059924
OPCODE	A874	117685	0.059918
OPCODE	2453	117682	0.059917
OPCODE	B243	117674	0.059912
OPCODE	2F2D	117647	0.059899
OPCODE	6F1C	117602	0.059876
OPCODE	266D	117142	0.059642
OPCODE	4207	117131	0.059636
OPCODE	246E	116227	0.059176
OPCODE	41EE	112382	0.057218
OPCODE	41EB	107761	0.054865
OPCODE	B646	102419	0.052146
OPCODE	40E7	101097	0.051472
OPCODE	46DF	101071	0.051459
OPCODE	4A68	98274	0.050035
OPCODE	B7CC	97274	0.049526
OPCODE	6622	97120	0.049448
OPCODE	51CA	96038	0.048897
OPCODE	2054	96033	0.048894
OPCODE	40C0	95700	0.048725
OPCODE	B280	95638	0.048693
OPCODE	660C	94921	0.048328
OPCODE	6618	94514	0.048121
OPCODE	2678	94427	0.048076
OPCODE	66F0	94143	0.047932
OPCODE	0801	94009	0.047864
OPCODE	2028	93861	0.047788
OPCODE	2F0B	93041	0.047371
OPCODE	6620	93033	0.047367
OPCODE	43E9	93024	0.047362
OPCODE	4A50	92698	0.047196
OPCODE	0829	92666	0.047180
OPCODE	6500	92204	0.046945
OPCODE	4EFB	92154	0.046919
OPCODE	663A	92094	0.046889
OPCODE	6004	91907	0.046793
OPCODE	0C80	91758	0.046718
OPCODE	43F8	91419	0.046545
OPCODE	4A43	90896	0.046279
OPCODE	6732	90661	0.046159
OPCODE	672A	90491	0.046073
OPCODE	4A00	90488	0.046071
OPCODE	6614	90030	0.045838
OPCODE	2640	89827	0.045734
OPCODE	1003	89701	0.045670
OPCODE	2014	89189	0.045410
OPCODE	41EA	89098	0.045363
OPCODE	3E1F	89033	0.045330
OPCODE	45FA	88903	0.045264
OPCODE	5540	88876	0.045250
OPCODE	5C4F	88787	0.045205
OPCODE	6026	88722	0.045172
OPCODE	08D1	88669	0.045145
OPCODE	2F07	88663	0.045142
OPCODE	486B	88631	0.045126
OPCODE	B093	88561	0.045090
OPCODE	4AAD	88303	0.044959
OPCODE	67F2	88285	0.044949
OPCODE	266C	88267	0.044940
OPCODE	6C12	88213	0.044913
OPCODE	4A53	88192	0.044902
OPCODE	2F0F	88181	0.044896
OPCODE	D4C7	88175	0.044893
OPCODE	4250	88148	0.044880
OPCODE	7004	88058	0.044834
OPCODE	B0AD	87640	0.044621
OPCODE	4A6D	87603	0.044602
OPCODE	1D47	87556	0.044578
OPCODE	C1FC	83562	0.042545
OPCODE	302C	79036	0.040240
OPCODE	4880	75666	0.038525
OPCODE	C029	75614	0.038498
OPCODE	4E7B	75386	0.038382
OPCODE	2448	73899	0.037625
OPCODE	0281	73627	0.037486
OPCODE	1080	73119	0.037228
OPCODE	203C	72272	0.036796
OPCODE	102E	71723	0.036517
OPCODE	3018	71155	0.036228
OPCODE	E9D0	70331	0.035808
OPCODE	2006	69881	0.035579
OPCODE	5382	69332	0.035300
OPCODE	D685	69295	0.035281
OPCODE	EFD1	69015	0.035138
OPCODE	42AE	68810	0.035034
OPCODE	DC84	68690	0.034973
OPCODE	2037	68688	0.034972
OPCODE	5340	68098	0.034671
OPCODE	B1CB	68035	0.034639
OPCODE	700C	67923	0.034582
OPCODE	76FF	66418	0.033816
OPCODE	46C0	66400	0.033807
OPCODE	6F04	66346	0.033779
OPCODE	222E	65964	0.033585
OPCODE	674C	65182	0.033187
OPCODE	0280	64339	0.032757
OPCODE	2251	64331	0.032753
OPCODE	3228	63747	0.032456
OPCODE	41F8	63519	0.032340
OPCODE	6E0A	63188	0.032171
OPCODE	4A05	63174	0.032164
OPCODE	42A8	62931	0.032041
OPCODE	204C	62858	0.032003
OPCODE	600A	62352	0.031746
OPCODE	2229	62180	0.031658
OPCODE	4AAE	62071	0.031603
OPCODE	2469	61999	0.031566
OPCODE	2215	61816	0.031473
OPCODE	60FF	61616	0.031371
OPCODE	6716	61211	0.031165
OPCODE	3238	60937	0.031025
OPCODE	F4E9	60905	0.031009
OPCODE	3010	60876	0.030994
OPCODE	0CAF	60822	0.030967
OPCODE	2E2E	60680	0.030895
OPCODE	B058	60614	0.030861
OPCODE	4E7A	60554	0.030830
OPCODE	7201	60542	0.030824
OPCODE	20D9	60402	0.030753
OPCODE	4A07	60027	0.030562
OPCODE	6626	60019	0.030558
OPCODE	4AAB	60013	0.030555
OPCODE	2940	59891	0.030493
OPCODE	2253	59861	0.030478
OPCODE	C2B8	59737	0.030414
OPCODE	3013	59688	0.030389
OPCODE	3232	59646	0.030368
OPCODE	3F2E	59622	0.030356
OPCODE	2F2F	59536	0.030312
OPCODE	508F	59459	0.030273
OPCODE	244B	59443	0.030265
OPCODE	6752	59433	0.030260
OPCODE	B06C	59403	0.030244
OPCODE	4A5F	59389	0.030237
OPCODE	6016	59377	0.030231
OPCODE	57C3	59346	0.030215
OPCODE	41E8	59306	0.030195
OPCODE	600E	59305	0.030194
OPCODE	4403	59254	0.030169
OPCODE	3F06	59206	0.030144
OPCODE	6638	59202	0.030142
OPCODE	2F28	59198	0.030140
OPCODE	7006	59184	0.030133
OPCODE	B7FC	59177	0.030129
OPCODE	DFC0	59112	0.030096
OPCODE	302D	59109	0.030095
OPCODE	4878	59070	0.030075
OPCODE	0247	59062	0.030071
OPCODE	2C00	59061	0.030070
OPCODE	4869	59058	0.030069
OPCODE	3D5F	59033	0.030056
OPCODE	6B12	58978	0.030028
OPCODE	663C	58972	0.030025
OPCODE	6632	58966	0.030022
OPCODE	7010	58929	0.030003
OPCODE	207A	58921	0.029999
OPCODE	6746	58920	0.029998
OPCODE	08AA	58908	0.029992
OPCODE	A049	58894	0.029985
OPCODE	2238	58868	0.029972
OPCODE	0647	58860	0.029968
OPCODE	6636	58860	0.029968
OPCODE	3218	58856	0.029966
OPCODE	2450	58846	0.029961
OPCODE	2D6D	58839	0.029957
OPCODE	62EC	58820	0.029948
OPCODE	676A	58809	0.029942
OPCODE	2A81	58808	0.029941
OPCODE	6634	58807	0.029941
OPCODE	4A52	58805	0.029940
OPCODE	260C	58800	0.029937
OPCODE	7012	58800	0.029937
OPCODE	C078	58797	0.029936
OPCODE	1141	58788	0.029931
OPCODE	D8FC	58787	0.029931
OPCODE	4254	58787	0.029931
OPCODE	3F7A	58782	0.029928
OPCODE	1178	58782	0.029928
OPCODE	1F05	58778	0.029926
OPCODE	1D5F	58778	0.029926
OPCODE	4A54	58773	0.029924
OPCODE	E359	58770	0.029922
OPCODE	5D43	58769	0.029922
OPCODE	303A	58763	0.029919
OPCODE	103A	58761	0.029918
OPCODE	675A	58761	0.029918
OPCODE	677E	58761	0.029918
OPCODE	5543	58755	0.029914
OPCODE	D0A9	58754	0.029914
OPCODE	70FC	58494	0.029782
OPCODE	224B	58485	0.029777
OPCODE	6C08	58356	0.029711
OPCODE	1EBC	58298	0.029682
OPCODE	B054	58287	0.029676
OPCODE	B051	57941	0.029500
OPCODE	38BC	57833	0.029445
OPCODE	C0A9	57552	0.029302
OPCODE	6722	55892	0.028457
OPCODE	6718	55506	0.028260
OPCODE	9082	55299	0.028155
OPCODE	25AE	55020	0.028013
OPCODE	422E	52675	0.026819
OPCODE	4258	49408	0.025156
OPCODE	5380	49174	0.025036
OPCODE	4840	48717	0.024804
OPCODE	D1C1	45962	0.023401
OPCODE	2210	45266	0.023047
OPCODE	F201	43906	0.022354
OPCODE	4E73	43028	0.021907
OPCODE	F620	42958	0.021872
OPCODE	48C1	42819	0.021801
OPCODE	0811	42724	0.021752
OPCODE	08A9	42194	0.021483
OPCODE	5244	42115	0.021442
OPCODE	0640	42080	0.021425
OPCODE	9240	40254	0.020495
OPCODE	7200	39690	0.020208
OPCODE	3006	39506	0.020114
OPCODE	43FA	39294	0.020006
OPCODE	3204	39220	0.019968
OPCODE	81FC	38609	0.019657
OPCODE	3940	38518	0.019611
OPCODE	0641	38492	0.019598
OPCODE	3800	38491	0.019597
OPCODE	4E93	38436	0.019569
OPCODE	83FC	38401	0.019551
OPCODE	21AE	38400	0.019551
OPCODE	2072	38400	0.019551
OPCODE	65A6	38354	0.019528
OPCODE	F227	38282	0.019491
OPCODE	6A44	38125	0.019411
OPCODE	707F	37813	0.019252
OPCODE	6D06	37337	0.019010
OPCODE	6714	37280	0.018981
OPCODE	6748	36660	0.018665
OPCODE	6616	36394	0.018530
OPCODE	0C01	36384	0.018525
OPCODE	2049	36313	0.018488
OPCODE	6A02	36313	0.018488
OPCODE	57C0	35779	0.018216
OPCODE	D081	35690	0.018171
OPCODE	6104	35656	0.018154
OPCODE	0891	35377	0.018012
OPCODE	2248	35177	0.017910
OPCODE	202D	35132	0.017887
OPCODE	302F	35126	0.017884
OPCODE	6646	35018	0.017829
OPCODE	0241	34971	0.017805
OPCODE	2D7C	34908	0.017773
OPCODE	4AA8	34876	0.017757
OPCODE	7217	34685	0.017659
OPCODE	307B	34685	0.017659
OPCODE	24D1	34582	0.017607
OPCODE	4A6E	34218	0.017422
OPCODE	4A94	34189	0.017407
OPCODE	F23A	34141	0.017383
OPCODE	43E8	34058	0.017340
OPCODE	671C	34032	0.017327
OPCODE	3428	33976	0.017299
OPCODE	2011	33629	0.017122
OPCODE	2440	33618	0.017116
OPCODE	6404	33597	0.017106
OPCODE	E149	33383	0.016997
OPCODE	42A7	33298	0.016953
OPCODE	2043	33296	0.016952
OPCODE	E9D4	33177	0.016892
OPCODE	7E00	33152	0.016879
OPCODE	4E91	33136	0.016871
OPCODE	6E04	33074	0.016839
OPCODE	6728	33061	0.016833
OPCODE	422C	32980	0.016791
OPCODE	4A2A	32978	0.016790
OPCODE	51CB	32923	0.016762
OPCODE	1F00	32784	0.016692
OPCODE	4A42	32675	0.016636
OPCODE	675C	32631	0.016614
OPCODE	6A04	32385	0.016488
OPCODE	6E00	32237	0.016413
OPCODE	4A2D	32124	0.016356
OPCODE	101F	32116	0.016352
OPCODE	F22C	32090	0.016338
OPCODE	2D41	32000	0.016292
OPCODE	275F	31958	0.016271
OPCODE	4A41	31870	0.016226
OPCODE	56C8	31731	0.016155
OPCODE	6736	31626	0.016102
OPCODE	6B04	31528	0.016052
OPCODE	5448	31499	0.016037
OPCODE	B1D6	31460	0.016018
OPCODE	9081	31402	0.015988
OPCODE	4868	31391	0.015982
OPCODE	720F	31355	0.015964
OPCODE	D480	31333	0.015953
OPCODE	5180	31307	0.015940
OPCODE	4A78	31287	0.015929
OPCODE	C210	31282	0.015927
OPCODE	3C2E	31277	0.015924
OPCODE	4238	31190	0.015880
OPCODE	6726	31130	0.015849
OPCODE	6B16	31091	0.015830
OPCODE	226D	31032	0.015800
OPCODE	2242	31028	0.015798
OPCODE	74F4	31017	0.015792
OPCODE	2449	30988	0.015777
OPCODE	4642	30961	0.015763
OPCODE	6010	30888	0.015726
OPCODE	D040	30791	0.015677
OPCODE	B050	30779	0.015671
OPCODE	7420	30729	0.015645
OPCODE	303C	30718	0.015640
OPCODE	3628	30700	0.015631
OPCODE	8481	30691	0.015626
OPCODE	9288	30689	0.015625
OPCODE	74FC	30689	0.015625
OPCODE	A055	30645	0.015603
OPCODE	2848	30624	0.015592
OPCODE	672C	30598	0.015579
OPCODE	2412	30553	0.015556
OPCODE	6FCA	30541	0.015550
OPCODE	9242	30452	0.015504
OPCODE	6EC6	30378	0.015467
OPCODE	2442	30374	0.015465
OPCODE	3409	30348	0.015451
OPCODE	F569	30348	0.015451
OPCODE	4AAC	30339	0.015447
OPCODE	0C28	30331	0.015443
OPCODE	027C	30329	0.015442
OPCODE	E44A	30312	0.015433
OPCODE	6506	30305	0.015429
OPCODE	544F	30302	0.015428
OPCODE	6A0C	30302	0.015428
OPCODE	4A6A	30273	0.015413
OPCODE	0C81	30272	0.015413
OPCODE	6088	30247	0.015400
OPCODE	4A93	30244	0.015398
OPCODE	4A2E	30226	0.015389
OPCODE	6014	30222	0.015387
OPCODE	2243	30190	0.015371
OPCODE	D0C2	30189	0.015370
OPCODE	C445	30188	0.015370
OPCODE	C644	30188	0.015370
OPCODE	8642	30188	0.015370
OPCODE	E842	30188	0.015370
OPCODE	BB42	30188	0.015370
OPCODE	3A04	30171	0.015361
OPCODE	383C	30140	0.015345
OPCODE	D441	30138	0.015344
OPCODE	6628	30137	0.015344
OPCODE	7405	30126	0.015338
OPCODE	B544	30126	0.015338
OPCODE	4645	30126	0.015338
OPCODE	2F03	30120	0.015335
OPCODE	2A08	30117	0.015334
OPCODE	603C	30107	0.015329
OPCODE	2029	30107	0.015329
OPCODE	4A2B	30106	0.015328
OPCODE	6744	30101	0.015326
OPCODE	661E	30085	0.015317
OPCODE	2D4B	30081	0.015315
OPCODE	226B	30068	0.015309
OPCODE	0C51	30065	0.015307
OPCODE	3141	30041	0.015295
OPCODE	6B06	30007	0.015278
OPCODE	303B	30006	0.015277
OPCODE	F4F8	30002	0.015275
OPCODE	43EB	30002	0.015275
OPCODE	6630	29987	0.015268
OPCODE	4400	29981	0.015264
OPCODE	0807	29966	0.015257
OPCODE	7009	29957	0.015252
OPCODE	2431	29955	0.015251
OPCODE	2600	29952	0.015250
OPCODE	2D78	29951	0.015249
OPCODE	265F	29947	0.015247
OPCODE	7802	29934	0.015241
OPCODE	60E2	29933	0.015240
OPCODE	30C0	29931	0.015239
OPCODE	0C47	29925	0.015236
OPCODE	66E8	29905	0.015226
OPCODE	7202	29900	0.015223
OPCODE	43EC	29885	0.015216
OPCODE	208B	29873	0.015210
OPCODE	6664	29872	0.015209
OPCODE	6B1E	29871	0.015208
OPCODE	261F	29864	0.015205
OPCODE	673C	29863	0.015204
OPCODE	B478	29862	0.015204
OPCODE	486C	29857	0.015201
OPCODE	720C	29856	0.015201
OPCODE	E542	29843	0.015194
OPCODE	70E4	29843	0.015194
OPCODE	0929	29843	0.015194
OPCODE	4EB2	29843	0.015194
OPCODE	6112	29829	0.015187
OPCODE	2F17	29825	0.015185
OPCODE	6028	29803	0.015174
OPCODE	7041	29797	0.015171
OPCODE	70EF	29797	0.015171
OPCODE	B252	29797	0.015171
OPCODE	A204	29793	0.015169
OPCODE	30E9	29793	0.015169
OPCODE	268C	29792	0.015168
OPCODE	2C10	29790	0.015167
OPCODE	B9CB	29779	0.015162
OPCODE	662E	29763	0.015154
OPCODE	A025	29754	0.015149
OPCODE	294B	29750	0.015147
OPCODE	6054	29748	0.015146
OPCODE	6030	29697	0.015120
OPCODE	49EE	29683	0.015113
OPCODE	1940	29683	0.015113
OPCODE	6640	29681	0.015112
OPCODE	F23C	29676	0.015109
OPCODE	6D0E	29653	0.015097
OPCODE	A029	29633	0.015087
OPCODE	6624	29632	0.015087
OPCODE	382A	29630	0.015086
OPCODE	A02E	29626	0.015084
OPCODE	7003	29601	0.015071
OPCODE	6200	29600	0.015071
OPCODE	3C1F	29586	0.015063
OPCODE	D094	29585	0.015063
OPCODE	A02A	29582	0.015061
OPCODE	61DA	29579	0.015060
OPCODE	2B40	29574	0.015057
OPCODE	48C7	29571	0.015056
OPCODE	B094	29561	0.015051
OPCODE	21EE	29555	0.015048
OPCODE	9090	29555	0.015048
OPCODE	2E80	29551	0.015046
OPCODE	7204	29545	0.015043
OPCODE	2E38	29545	0.015043
OPCODE	5C53	29545	0.015043
OPCODE	4205	29543	0.015041
OPCODE	3017	29530	0.015035
OPCODE	6300	29519	0.015029
OPCODE	610A	29519	0.015029
OPCODE	5D4F	29511	0.015025
OPCODE	2468	29499	0.015019
OPCODE	4246	29499	0.015019
OPCODE	D159	29497	0.015018
OPCODE	4A04	29497	0.015018
OPCODE	D359	29497	0.015018
OPCODE	422D	29496	0.015018
OPCODE	6038	29486	0.015012
OPCODE	1E03	29480	0.015009
OPCODE	61EE	29477	0.015008
OPCODE	6A12	29471	0.015005
OPCODE	2D6B	29467	0.015003
OPCODE	5740	29467	0.015003
OPCODE	3E00	29461	0.015000
OPCODE	3E2A	29459	0.014999
OPCODE	422F	29459	0.014999
OPCODE	6754	29454	0.014996
OPCODE	1C2E	29453	0.014996
OPCODE	630A	29448	0.014993
OPCODE	67F8	29442	0.014990
OPCODE	3F40	29442	0.014990
OPCODE	526C	29441	0.014990
OPCODE	66A8	29440	0.014989
OPCODE	70FE	29440	0.014989
OPCODE	2D54	29438	0.014988
OPCODE	3D46	29436	0.014987
OPCODE	22B8	29436	0.014987
OPCODE	A01C	29433	0.014985
OPCODE	61E2	29433	0.014985
OPCODE	2F6C	29432	0.014985
OPCODE	D7CC	29431	0.014984
OPCODE	6F3E	29431	0.014984
OPCODE	2D70	29431	0.014984
OPCODE	247A	29429	0.014983
OPCODE	703C	29426	0.014982
OPCODE	95CA	29421	0.014979
OPCODE	296A	29417	0.014977
OPCODE	21EB	29417	0.014977
OPCODE	701E	29417	0.014977
OPCODE	9091	29417	0.014977
OPCODE	676C	29413	0.014975
OPCODE	426F	29412	0.014975
OPCODE	61BC	29411	0.014974
OPCODE	A871	29410	0.014974
OPCODE	276E	29408	0.014973
OPCODE	E540	29406	0.014972
OPCODE	522E	29405	0.014971
OPCODE	6E5A	29404	0.014971
OPCODE	E940	29403	0.014970
OPCODE	6650	29402	0.014970
OPCODE	7240	29402	0.014970
OPCODE	2F7A	29402	0.014970
OPCODE	5C8F	29400	0.014969
OPCODE	E358	29397	0.014967
OPCODE	6678	29396	0.014967
OPCODE	3A38	29396	0.014967
OPCODE	287A	29395	0.014966
OPCODE	4204	29395	0.014966
OPCODE	1A2E	29395	0.014966
OPCODE	1978	29395	0.014966
OPCODE	1969	29395	0.014966
OPCODE	3146	29395	0.014966
OPCODE	0254	29395	0.014966
OPCODE	A970	29395	0.014966
OPCODE	536C	29393	0.014965
OPCODE	B9DF	29391	0.014964
OPCODE	BE46	29391	0.014964
OPCODE	665A	29390	0.014964
OPCODE	A030	29388	0.014963
OPCODE	A97F	29387	0.014962
OPCODE	362C	29387	0.014962
OPCODE	721A	29387	0.014962
OPCODE	4A97	29386	0.014962
OPCODE	A0DD	29386	0.014962
OPCODE	ABF7	29386	0.014962
OPCODE	9CAA	29386	0.014962
OPCODE	227B	29386	0.014962
OPCODE	A9B4	29386	0.014962
OPCODE	143A	29384	0.014961
OPCODE	633C	29384	0.014961
OPCODE	C038	29384	0.014961
OPCODE	A8AE	29384	0.014961
OPCODE	0C59	29384	0.014961
OPCODE	2851	29384	0.014961
OPCODE	A031	29382	0.014960
OPCODE	60FA	29381	0.014959
OPCODE	504A	29381	0.014959
OPCODE	2638	29379	0.014958
OPCODE	1A07	29378	0.014957
OPCODE	A972	29378	0.014957
OPCODE	6D16	29378	0.014957
OPCODE	6E3A	29378	0.014957
OPCODE	50D0	29377	0.014957
OPCODE	6F48	29377	0.014957
OPCODE	60B6	29377	0.014957
OPCODE	3638	29377	0.014957
OPCODE	51D0	29377	0.014957
OPCODE	3412	29377	0.014957
OPCODE	A911	29375	0.014956
OPCODE	3083	29374	0.014955
OPCODE	4293	29374	0.014955
OPCODE	6F8A	29374	0.014955
OPCODE	A980	29374	0.014955
OPCODE	67B2	29373	0.014955
OPCODE	6518	29354	0.014945
OPCODE	E048	29254	0.014894
OPCODE	602C	29184	0.014859
OPCODE	6F16	29112	0.014822
OPCODE	102D	29002	0.014766
OPCODE	322F	28983	0.014756
OPCODE	4EF0	28976	0.014753
OPCODE	B9ED	28949	0.014739
OPCODE	A8E2	28896	0.014712
OPCODE	6212	28872	0.014700
OPCODE	8041	28869	0.014698
OPCODE	B7C9	28816	0.014671
OPCODE	3E10	28809	0.014668
OPCODE	B189	28809	0.014668
OPCODE	66D6	28808	0.014667
OPCODE	66D0	28796	0.014661
OPCODE	43ED	28792	0.014659
OPCODE	2B49	28784	0.014655
OPCODE	3806	28458	0.014489
OPCODE	D1C4	27990	0.014251
OPCODE	2810	27904	0.014207
OPCODE	C8B8	27784	0.014146
OPCODE	D7C0	27764	0.014136
OPCODE	6FB0	25700	0.013085
OPCODE	51CF	25563	0.013015
OPCODE	BC45	25562	0.013015
OPCODE	3C04	25561	0.013014
OPCODE	082B	25547	0.013007
OPCODE	DC6E	25500	0.012983
OPCODE	1033	23416	0.011922
OPCODE	F623	23280	0.011853
OPCODE	2228	22999	0.011710
OPCODE	1010	22167	0.011286
OPCODE	6CF4	21471	0.010932
OPCODE	E9EE	20884	0.010633
OPCODE	382E	20797	0.010589
OPCODE	2C2E	20583	0.010480
OPCODE	6FA8	20277	0.010324
OPCODE	7401	20269	0.010320
OPCODE	0C44	20181	0.010275
OPCODE	082E	19920	0.010142
OPCODE	5368	19885	0.010124
OPCODE	4A13	19877	0.010120
OPCODE	3F04	19731	0.010046
OPCODE	3A2E	19638	0.009998
OPCODE	3F05	19591	0.009975
OPCODE	584C	19354	0.009854
OPCODE	4292	19261	0.009807
OPCODE	6052	19249	0.009800
OPCODE	6FCC	19201	0.009776
OPCODE	4680	19136	0.009743
OPCODE	D3CE	18482	0.009410
OPCODE	2013	18310	0.009322
OPCODE	8195	18238	0.009286
OPCODE	C1C5	17780	0.009052
OPCODE	C084	17256	0.008786
OPCODE	1018	16804	0.008556
OPCODE	F22A	16800	0.008554
OPCODE	57CC	16697	0.008501
OPCODE	51CC	16516	0.008409
OPCODE	B86E	16420	0.008360
OPCODE	2212	16377	0.008338
OPCODE	B041	16258	0.008278
OPCODE	7008	15819	0.008054
OPCODE	B3DA	15606	0.007946
OPCODE	B7CA	15521	0.007902
OPCODE	C085	15444	0.007863
OPCODE	F210	15316	0.007798
OPCODE	B5CB	15288	0.007784
OPCODE	819D	14939	0.007606
OPCODE	D5C1	14590	0.007428
OPCODE	C1C6	14420	0.007342
OPCODE	2ADC	14410	0.007337
OPCODE	6B14	13770	0.007011
OPCODE	5342	13758	0.007005
OPCODE	4A29	13569	0.006909
OPCODE	D0AC	13401	0.006823
OPCODE	4240	13285	0.006764
OPCODE	24D9	13136	0.006688
OPCODE	422B	12895	0.006565
OPCODE	4A83	12779	0.006506
OPCODE	D010	12760	0.006497
OPCODE	4841	12749	0.006491
OPCODE	B311	12741	0.006487
OPCODE	4A14	12741	0.006487
OPCODE	7230	12741	0.006487
OPCODE	11A9	12740	0.006486
OPCODE	0A11	12740	0.006486
OPCODE	08EB	12738	0.006485
OPCODE	284A	12731	0.006482
OPCODE	65CA	12682	0.006457
OPCODE	6A1E	12625	0.006428
OPCODE	66FF	12580	0.006405
OPCODE	C1C3	12320	0.006273
OPCODE	C082	12295	0.006260
OPCODE	D9CA	12262	0.006243
OPCODE	DBCB	12262	0.006243
OPCODE	7040	12255	0.006239
OPCODE	202B	12189	0.006206
OPCODE	C086	11730	0.005972
OPCODE	BE8B	11723	0.005969
OPCODE	1200	11722	0.005968
OPCODE	F21F	11255	0.005730
OPCODE	51CE	11184	0.005694
OPCODE	2268	11013	0.005607
OPCODE	3219	10612	0.005403
OPCODE	3408	10525	0.005359
OPCODE	F327	10460	0.005326
OPCODE	0817	10442	0.005316
OPCODE	0C2F	10442	0.005316
OPCODE	D4C0	10129	0.005157
OPCODE	2005	10104	0.005144
OPCODE	0286	9720	0.004949
OPCODE	4A84	9646	0.004911
OPCODE	2214	9519	0.004846
OPCODE	0284	9483	0.004828
OPCODE	65AA	9480	0.004827
OPCODE	E88C	9465	0.004819
OPCODE	2C14	9463	0.004818
OPCODE	D9C6	9458	0.004815
OPCODE	B9D0	9456	0.004814
OPCODE	1814	9448	0.004810
OPCODE	226C	9436	0.004804
OPCODE	B084	9390	0.004781
OPCODE	C081	9384	0.004778
OPCODE	C087	9312	0.004741
OPCODE	1CD4	9216	0.004692
OPCODE	16F4	9216	0.004692
OPCODE	DE84	9216	0.004692
OPCODE	6FE4	8991	0.004578
OPCODE	D1EB	8881	0.004522
OPCODE	2D48	8872	0.004517
OPCODE	2AC6	8844	0.004503
OPCODE	588F	8825	0.004493
OPCODE	122B	8799	0.004480
OPCODE	137C	8676	0.004417
OPCODE	57CD	8664	0.004411
OPCODE	B692	8664	0.004411
OPCODE	6D00	8629	0.004393
OPCODE	D9C1	8343	0.004248
OPCODE	1017	8326	0.004239
OPCODE	4845	8241	0.004196
OPCODE	4E74	7917	0.004031
OPCODE	264F	7859	0.004001
OPCODE	BF80	7854	0.003999
OPCODE	51C9	7826	0.003985
OPCODE	2200	7728	0.003935
OPCODE	1038	7724	0.003933
OPCODE	2069	7560	0.003849
OPCODE	11C1	7530	0.003834
OPCODE	F518	7530	0.003834
OPCODE	102B	7308	0.003721
OPCODE	2A00	7259	0.003696
OPCODE	226E	7243	0.003688
OPCODE	B380	7213	0.003672
OPCODE	22C5	7204	0.003668
OPCODE	0200	7202	0.003667
OPCODE	7220	7190	0.003661
OPCODE	C083	7189	0.003660
OPCODE	1CEC	7168	0.003650
OPCODE	3099	7149	0.003640
OPCODE	E088	6999	0.003563
OPCODE	1418	6999	0.003563
OPCODE	601C	6997	0.003562
OPCODE	12C0	6963	0.003545
OPCODE	D002	6912	0.003519
OPCODE	DC83	6912	0.003519
OPCODE	201A	6840	0.003483
OPCODE	429A	6816	0.003470
OPCODE	D282	6807	0.003466
OPCODE	00AE	6790	0.003457
OPCODE	42AA	6720	0.003421
OPCODE	6168	6698	0.003410
OPCODE	BBCB	6553	0.003336
OPCODE	6A10	6539	0.003329
OPCODE	022B	6505	0.003312
OPCODE	4A02	6450	0.003284
OPCODE	002B	6434	0.003276
OPCODE	72FF	6410	0.003264
OPCODE	22FB	6400	0.003258
OPCODE	6170	6396	0.003256
OPCODE	1743	6382	0.003249
OPCODE	6794	6378	0.003247
OPCODE	162B	6376	0.003246
OPCODE	08AB	6375	0.003246
OPCODE	6126	6373	0.003245
OPCODE	176B	6371	0.003244
OPCODE	E90B	6370	0.003243
OPCODE	C12B	6370	0.003243
OPCODE	C211	6370	0.003243
OPCODE	617A	6370	0.003243
OPCODE	C600	6370	0.003243
OPCODE	E809	6370	0.003243
OPCODE	1741	6370	0.003243
OPCODE	0003	6370	0.003243
OPCODE	0029	6370	0.003243
OPCODE	4483	6370	0.003243
OPCODE	1601	6370	0.003243
OPCODE	6A4E	6370	0.003243
OPCODE	7640	6370	0.003243
OPCODE	0211	6370	0.003243
OPCODE	1343	6370	0.003243
OPCODE	4A01	6237	0.003176
OPCODE	396C	6221	0.003167
OPCODE	8029	6210	0.003162
OPCODE	7080	6210	0.003162
OPCODE	4A85	6189	0.003151
OPCODE	671E	6184	0.003149
OPCODE	6FAA	6161	0.003137
OPCODE	600C	6146	0.003129
OPCODE	B085	6033	0.003072
OPCODE	3D40	6010	0.003060
OPCODE	0285	6007	0.003058
OPCODE	E88D	6004	0.003057
OPCODE	1A14	6004	0.003057
OPCODE	DAC8	5976	0.003043
OPCODE	60B0	5976	0.003043
OPCODE	D8C8	5976	0.003043
OPCODE	41E9	5907	0.003007
OPCODE	6D34	5901	0.003004
OPCODE	B3CA	5884	0.002996
OPCODE	81AE	5861	0.002984
OPCODE	60C8	5858	0.002983
OPCODE	C195	5820	0.002963
OPCODE	6A18	5813	0.002960
OPCODE	204A	5805	0.002956
OPCODE	E298	5640	0.002872
OPCODE	67F6	5610	0.002856
OPCODE	1013	5587	0.002845
OPCODE	E5A8	5540	0.002821
OPCODE	1232	5520	0.002810
OPCODE	740F	5474	0.002787
OPCODE	2004	5414	0.002756
OPCODE	6A16	5385	0.002742
OPCODE	56CB	5359	0.002728
OPCODE	6B02	5339	0.002718
OPCODE	C004	5320	0.002709
OPCODE	D0F0	5318	0.002708
OPCODE	6F12	5285	0.002691
OPCODE	D2F1	5283	0.002690
OPCODE	48EE	5249	0.002672
OPCODE	2601	5240	0.002668
OPCODE	802E	5229	0.002662
OPCODE	0401	5221	0.002658
OPCODE	EDC0	5221	0.002658
OPCODE	C02E	5221	0.002658
OPCODE	6610	5189	0.002642
OPCODE	D881	5134	0.002614
OPCODE	C284	5105	0.002599
OPCODE	4A12	5075	0.002584
OPCODE	2415	5032	0.002562
OPCODE	342E	4937	0.002514
OPCODE	487A	4903	0.002496
OPCODE	DACB	4902	0.002496
OPCODE	2AC0	4873	0.002481
OPCODE	3230	4851	0.002470
OPCODE	6900	4826	0.002457
OPCODE	B181	4776	0.002432
OPCODE	B1CA	4733	0.002410
OPCODE	65D4	4727	0.002407
OPCODE	43F0	4629	0.002357
OPCODE	2411	4617	0.002351
OPCODE	B641	4560	0.002322
OPCODE	2003	4550	0.002317
OPCODE	4EAD	4542	0.002313
OPCODE	206F	4508	0.002295
OPCODE	3019	4497	0.002290
OPCODE	D281	4491	0.002287
OPCODE	6B50	4480	0.002281
OPCODE	34FC	4477	0.002279
OPCODE	3206	4470	0.002276
OPCODE	6B10	4443	0.002262
OPCODE	536E	4403	0.002242
OPCODE	2D49	4323	0.002201
OPCODE	2854	4321	0.002200
OPCODE	1029	4317	0.002198
OPCODE	D280	4309	0.002194
OPCODE	C3C0	4224	0.002151
OPCODE	9243	4200	0.002138
OPCODE	E9D3	4198	0.002137
OPCODE	2619	4122	0.002099
OPCODE	2428	4101	0.002088
OPCODE	1229	4051	0.002063
OPCODE	E288	4043	0.002058
OPCODE	2452	4031	0.002052
OPCODE	51CD	4004	0.002039
OPCODE	E548	3990	0.002031
OPCODE	E881	3934	0.002003
OPCODE	8081	3898	0.001985
OPCODE	6E22	3892	0.001982
OPCODE	674A	3871	0.001971
OPCODE	B440	3870	0.001970
OPCODE	8480	3868	0.001969
OPCODE	B3F8	3864	0.001967
OPCODE	2A82	3862	0.001966
OPCODE	C485	3862	0.001966
OPCODE	103B	3853	0.001962
OPCODE	6B0E	3825	0.001947
OPCODE	22C0	3809	0.001939
OPCODE	4241	3805	0.001937
OPCODE	9440	3804	0.001937
OPCODE	34C0	3781	0.001925
OPCODE	D0AE	3746	0.001907
OPCODE	E080	3720	0.001894
OPCODE	3D6E	3689	0.001878
OPCODE	601E	3689	0.001878
OPCODE	0642	3686	0.001877
OPCODE	266B	3680	0.001874
OPCODE	7603	3673	0.001870
OPCODE	C100	3670	0.001869
OPCODE	9481	3650	0.001858
OPCODE	E449	3627	0.001847
OPCODE	B06E	3617	0.001842
OPCODE	F211	3614	0.001840
OPCODE	F219	3614	0.001840
OPCODE	4844	3585	0.001825
OPCODE	D080	3584	0.001825
OPCODE	2089	3581	0.001823
OPCODE	C2FC	3560	0.001813
OPCODE	2059	3560	0.001813
OPCODE	C4B8	3555	0.001810
OPCODE	B202	3529	0.001797
OPCODE	1429	3529	0.001797
OPCODE	D245	3505	0.001785
OPCODE	9087	3492	0.001778
OPCODE	D3C2	3481	0.001772
OPCODE	B846	3475	0.001769
OPCODE	0880	3472	0.001768
OPCODE	3805	3471	0.001767
OPCODE	3819	3470	0.001767
OPCODE	D981	3470	0.001767
OPCODE	E999	3470	0.001767
OPCODE	A193	3470	0.001767
OPCODE	2A19	3470	0.001767
OPCODE	9381	3470	0.001767
OPCODE	9681	3470	0.001767
OPCODE	E899	3470	0.001767
OPCODE	4401	3470	0.001767
OPCODE	61C6	3453	0.001758
OPCODE	65E6	3450	0.001757
OPCODE	6D18	3441	0.001752
OPCODE	B842	3431	0.001747
OPCODE	2080	3400	0.001731
OPCODE	6114	3399	0.001731
OPCODE	B081	3391	0.001726
OPCODE	6446	3360	0.001711
OPCODE	60BC	3354	0.001708
OPCODE	2018	3345	0.001703
OPCODE	E980	3314	0.001687
OPCODE	45EE	3273	0.001666
OPCODE	6756	3245	0.001652
OPCODE	4681	3231	0.001645
OPCODE	6E08	3216	0.001637
OPCODE	EA46	3200	0.001629
OPCODE	3D42	3195	0.001627
OPCODE	676E	3176	0.001617
OPCODE	6B2A	3163	0.001610
OPCODE	2204	3146	0.001602
OPCODE	1E80	3143	0.001600
OPCODE	D0FB	3141	0.001599
OPCODE	D5CE	3139	0.001598
OPCODE	227A	3135	0.001596
OPCODE	282A	3132	0.001595
OPCODE	67E8	3129	0.001593
OPCODE	D041	3121	0.001589
OPCODE	0201	3116	0.001586
OPCODE	286A	3114	0.001585
OPCODE	357C	3108	0.001582
OPCODE	E808	3107	0.001582
OPCODE	52A9	3105	0.001581
OPCODE	262A	3105	0.001581
OPCODE	0197	3105	0.001581
OPCODE	D7CE	3090	0.001573
OPCODE	6A34	3090	0.001573
OPCODE	D1AE	3086	0.001571
OPCODE	D243	3078	0.001567
OPCODE	0812	3038	0.001547
OPCODE	3012	3033	0.001544
OPCODE	0828	3022	0.001539
OPCODE	78FF	3019	0.001537
OPCODE	67F4	3018	0.001537
OPCODE	6A0A	3008	0.001531
OPCODE	B388	3001	0.001528
OPCODE	1014	2999	0.001527
OPCODE	2447	2995	0.001525
OPCODE	E888	2982	0.001518
OPCODE	2800	2958	0.001506
OPCODE	B3C8	2952	0.001503
OPCODE	E098	2936	0.001495
OPCODE	C301	2912	0.001483
OPCODE	C703	2912	0.001483
OPCODE	C502	2912	0.001483
OPCODE	C904	2912	0.001483
OPCODE	CB05	2912	0.001483
OPCODE	6402	2832	0.001442
OPCODE	4218	2790	0.001420
OPCODE	D481	2788	0.001419
OPCODE	4643	2732	0.001391
OPCODE	2081	2687	0.001368
OPCODE	6B7C	2684	0.001367
OPCODE	B1AE	2684	0.001367
OPCODE	3A00	2679	0.001364
OPCODE	B480	2631	0.001340
OPCODE	6738	2625	0.001336
OPCODE	C440	2624	0.001336
OPCODE	9041	2622	0.001335
OPCODE	4210	2613	0.001330
OPCODE	32D8	2608	0.001328
OPCODE	3D41	2606	0.001327
OPCODE	6538	2579	0.001313
OPCODE	3480	2560	0.001303
OPCODE	6D1C	2558	0.001302
OPCODE	B458	2552	0.001299
OPCODE	2A09	2532	0.001289
OPCODE	7800	2511	0.001278
OPCODE	B258	2503	0.001274
OPCODE	D2B1	2489	0.001267
OPCODE	2245	2478	0.001262
OPCODE	B658	2471	0.001258
OPCODE	B858	2470	0.001258
OPCODE	2D6E	2461	0.001253
OPCODE	BA6E	2457	0.001251
OPCODE	2D68	2449	0.001247
OPCODE	2053	2447	0.001246
OPCODE	B2A9	2439	0.001242
OPCODE	52B8	2417	0.001231
OPCODE	5345	2412	0.001228
OPCODE	46FC	2378	0.001211
OPCODE	B5CC	2370	0.001207
OPCODE	BFC0	2368	0.001206
OPCODE	BFD1	2368	0.001206
OPCODE	B070	2368	0.001206
OPCODE	D2AE	2355	0.001199
OPCODE	60CC	2349	0.001196
OPCODE	322E	2344	0.001193
OPCODE	B580	2340	0.001191
OPCODE	701F	2340	0.001191
OPCODE	7801	2335	0.001189
OPCODE	2AC1	2320	0.001181
OPCODE	CE81	2320	0.001181
OPCODE	28C4	2320	0.001181
OPCODE	2815	2320	0.001181
OPCODE	0686	2320	0.001181
OPCODE	8287	2320	0.001181
OPCODE	E9D2	2320	0.001181
OPCODE	24C6	2292	0.001167
OPCODE	62D8	2280	0.001161
OPCODE	3400	2260	0.001151
OPCODE	3601	2244	0.001143
OPCODE	6A06	2227	0.001134
OPCODE	6F0A	2223	0.001132
OPCODE	2341	2216	0.001128
OPCODE	E9E9	2216	0.001128
OPCODE	2470	2216	0.001128
OPCODE	02AE	2212	0.001126
OPCODE	50EE	2206	0.001123
OPCODE	0680	2203	0.001122
OPCODE	4A90	2196	0.001118
OPCODE	28C5	2187	0.001113
OPCODE	6416	2174	0.001107
OPCODE	66A0	2161	0.001100
OPCODE	4870	2150	0.001095
OPCODE	654E	2143	0.001091
OPCODE	3C01	2130	0.001084
OPCODE	B5C8	2128	0.001083
OPCODE	3205	2124	0.001081
OPCODE	B847	2120	0.001079
OPCODE	9045	2104	0.001071
OPCODE	C3C5	2100	0.001069
OPCODE	C3C3	2100	0.001069
OPCODE	9245	2100	0.001069
OPCODE	2654	2087	0.001063
OPCODE	B091	2086	0.001062
OPCODE	2241	2083	0.001061
OPCODE	7007	2076	0.001057
OPCODE	2D4F	2075	0.001056
OPCODE	B681	2070	0.001054
OPCODE	3007	2056	0.001047
OPCODE	5141	2014	0.001025
OPCODE	34C1	2011	0.001024
OPCODE	2001	2010	0.001023
OPCODE	D442	1998	0.001017
OPCODE	0C45	1984	0.001010
OPCODE	2378	1981	0.001009
OPCODE	91AE	1978	0.001007
OPCODE	2D59	1978	0.001007
OPCODE	24C0	1951	0.000993
OPCODE	D2C1	1947	0.000991
OPCODE	302B	1943	0.000989
OPCODE	584B	1938	0.000987
OPCODE	B042	1934	0.000985
OPCODE	3203	1914	0.000974
OPCODE	2034	1905	0.000970
OPCODE	673A	1900	0.000967
OPCODE	47EB	1883	0.000959
OPCODE	5246	1880	0.000957
OPCODE	9280	1876	0.000955
OPCODE	6420	1874	0.000954
OPCODE	D444	1839	0.000936
OPCODE	3E3C	1837	0.000935
OPCODE	366E	1830	0.000932
OPCODE	E16B	1825	0.000929
OPCODE	6612	1818	0.000926
OPCODE	5341	1817	0.000925
OPCODE	2618	1802	0.000917
OPCODE	EFC6	1800	0.000916
OPCODE	E9C5	1800	0.000916
OPCODE	C447	1800	0.000916
OPCODE	1B40	1798	0.000915
OPCODE	20FB	1784	0.000908
OPCODE	4242	1772	0.000902
OPCODE	3403	1768	0.000900
OPCODE	D0FC	1761	0.000897
OPCODE	0C05	1747	0.000889
OPCODE	BE6E	1741	0.000886
OPCODE	1212	1734	0.000883
OPCODE	41F0	1730	0.000881
OPCODE	3818	1730	0.000881
OPCODE	6EAE	1728	0.000880
OPCODE	1019	1724	0.000878
OPCODE	1A19	1721	0.000876
OPCODE	280A	1720	0.000876
OPCODE	C247	1714	0.000873
OPCODE	9A6E	1709	0.000870
OPCODE	5247	1697	0.000864
OPCODE	2A01	1691	0.000861
OPCODE	4EFA	1677	0.000854
OPCODE	48AE	1677	0.000854
OPCODE	4A46	1675	0.000853
OPCODE	60C0	1674	0.000852
OPCODE	3C02	1673	0.000852
OPCODE	3D7C	1668	0.000849
OPCODE	663E	1658	0.000844
OPCODE	4227	1657	0.000844
OPCODE	4C00	1648	0.000839
OPCODE	4440	1647	0.000839
OPCODE	302A	1645	0.000838
OPCODE	0C6E	1644	0.000837
OPCODE	9C44	1641	0.000835
OPCODE	DBC4	1635	0.000832
OPCODE	3F00	1633	0.000831
OPCODE	4843	1620	0.000825
OPCODE	D443	1619	0.000824
OPCODE	3630	1619	0.000824
OPCODE	2483	1617	0.000823
OPCODE	4ED2	1610	0.000820
OPCODE	D66E	1609	0.000819
OPCODE	E04B	1609	0.000819
OPCODE	D8AE	1609	0.000819
OPCODE	62B4	1609	0.000819
OPCODE	2830	1609	0.000819
OPCODE	D9AE	1609	0.000819
OPCODE	1D6E	1608	0.000819
OPCODE	5848	1607	0.000818
OPCODE	6012	1605	0.000817
OPCODE	3D70	1602	0.000816
OPCODE	E169	1602	0.000816
OPCODE	E16A	1600	0.000815
OPCODE	DE2E	1600	0.000815
OPCODE	E54E	1600	0.000815
OPCODE	D9C4	1600	0.000815
OPCODE	E384	1600	0.000815
OPCODE	380B	1600	0.000815
OPCODE	DAC6	1600	0.000815
OPCODE	E4A4	1600	0.000815
OPCODE	E29C	1600	0.000815
OPCODE	3C03	1600	0.000815
OPCODE	C8C0	1600	0.000815
OPCODE	7020	1594	0.000812
OPCODE	12DC	1594	0.000812
OPCODE	22DF	1573	0.000801
OPCODE	20C0	1573	0.000801
OPCODE	2F11	1570	0.000799
OPCODE	B0AE	1570	0.000799
OPCODE	22E8	1568	0.000798
OPCODE	18D8	1566	0.000797
OPCODE	5149	1566	0.000797
OPCODE	3250	1562	0.000795
OPCODE	B3FA	1561	0.000795
OPCODE	2246	1561	0.000795
OPCODE	D0C9	1561	0.000795
OPCODE	4481	1550	0.000789
OPCODE	5346	1549	0.000789
OPCODE	486F	1536	0.000782
OPCODE	2C05	1535	0.000782
OPCODE	56EE	1533	0.000781
OPCODE	91C8	1526	0.000777
OPCODE	93C9	1522	0.000775
OPCODE	2438	1519	0.000773
OPCODE	DACC	1504	0.000766
OPCODE	2044	1503	0.000765
OPCODE	0210	1501	0.000764
OPCODE	5181	1501	0.000764
OPCODE	8310	1501	0.000764
OPCODE	5245	1494	0.000761
OPCODE	11FC	1494	0.000761
OPCODE	2052	1491	0.000759
OPCODE	4842	1486	0.000757
OPCODE	CF46	1482	0.000755
OPCODE	2A0E	1482	0.000755
OPCODE	673E	1481	0.000754
OPCODE	0810	1474	0.000750
OPCODE	206C	1464	0.000745
OPCODE	74FF	1462	0.000744
OPCODE	4A69	1455	0.000741
OPCODE	0440	1455	0.000741
OPCODE	6C00	1453	0.000740
OPCODE	6E28	1451	0.000739
OPCODE	0480	1447	0.000737
OPCODE	BBFC	1446	0.000736
OPCODE	4EED	1446	0.000736
OPCODE	202A	1445	0.000736
OPCODE	0C2D	1440	0.000733
OPCODE	22DC	1428	0.000727
OPCODE	4C98	1422	0.000724
OPCODE	65E2	1418	0.000722
OPCODE	3001	1410	0.000718
OPCODE	5542	1406	0.000716
OPCODE	D06E	1406	0.000716
OPCODE	D680	1399	0.000712
OPCODE	0080	1399	0.000712
OPCODE	2488	1389	0.000707
OPCODE	3046	1388	0.000707
OPCODE	362E	1387	0.000706
OPCODE	3406	1386	0.000706
OPCODE	D853	1384	0.000705
OPCODE	504B	1384	0.000705
OPCODE	6B26	1382	0.000704
OPCODE	B9EE	1372	0.000699
OPCODE	4A6B	1371	0.000698
OPCODE	2145	1363	0.000694
OPCODE	4443	1360	0.000692
OPCODE	177C	1358	0.000691
OPCODE	C640	1358	0.000691
OPCODE	7820	1358	0.000691
OPCODE	94C4	1358	0.000691
OPCODE	9284	1358	0.000691
OPCODE	9C80	1358	0.000691
OPCODE	96C4	1358	0.000691
OPCODE	DC43	1358	0.000691
OPCODE	E54C	1358	0.000691
OPCODE	66E0	1354	0.000689
OPCODE	3619	1354	0.000689
OPCODE	E28A	1345	0.000685
OPCODE	2041	1342	0.000683
OPCODE	0C41	1338	0.000681
OPCODE	C480	1335	0.000680
OPCODE	6022	1328	0.000676
OPCODE	22D0	1317	0.000671
OPCODE	B7D6	1316	0.000670
OPCODE	4E92	1311	0.000667
OPCODE	6162	1295	0.000659
OPCODE	9044	1292	0.000658
OPCODE	9051	1282	0.000653
OPCODE	700A	1282	0.000653
OPCODE	6B3C	1280	0.000652
OPCODE	4A1B	1280	0.000652
OPCODE	6D04	1278	0.000651
OPCODE	21C8	1276	0.000650
OPCODE	56C0	1269	0.000646
OPCODE	67E0	1268	0.000646
OPCODE	E499	1265	0.000644
OPCODE	21DF	1265	0.000644
OPCODE	D9C0	1257	0.000640
OPCODE	6F14	1257	0.000640
OPCODE	4243	1254	0.000638
OPCODE	D1C2	1249	0.000636
OPCODE	1480	1239	0.000631
OPCODE	0802	1231	0.000627
OPCODE	B452	1231	0.000627
OPCODE	0282	1228	0.000625
OPCODE	C094	1227	0.000625
OPCODE	2A2E	1223	0.000623
OPCODE	282E	1219	0.000621
OPCODE	61CE	1215	0.000619
OPCODE	286C	1209	0.000616
OPCODE	2032	1209	0.000616
OPCODE	5286	1208	0.000615
OPCODE	12D8	1207	0.000615
OPCODE	C02B	1207	0.000615
OPCODE	3633	1206	0.000614
OPCODE	22C1	1205	0.000614
OPCODE	B2B0	1204	0.000613
OPCODE	264A	1201	0.000611
OPCODE	E819	1200	0.000611
OPCODE	B21A	1200	0.000611
OPCODE	1230	1192	0.000607
OPCODE	28C1	1191	0.000606
OPCODE	261A	1191	0.000606
OPCODE	3828	1188	0.000605
OPCODE	1169	1179	0.000600
OPCODE	2A6E	1178	0.000600
OPCODE	1D7C	1178	0.000600
OPCODE	201C	1170	0.000596
OPCODE	3D5C	1164	0.000593
OPCODE	5241	1153	0.000587
OPCODE	6102	1152	0.000587
OPCODE	E9D1	1147	0.000584
OPCODE	6400	1145	0.000583
OPCODE	2648	1138	0.000579
OPCODE	D086	1136	0.000578
OPCODE	6A2E	1134	0.000577
OPCODE	6648	1133	0.000577
OPCODE	56CA	1133	0.000577
OPCODE	67D0	1132	0.000576
OPCODE	2855	1125	0.000573
OPCODE	301A	1124	0.000572
OPCODE	6772	1119	0.000570
OPCODE	2230	1114	0.000567
OPCODE	B231	1108	0.000564
OPCODE	60A2	1108	0.000564
OPCODE	2272	1108	0.000564
OPCODE	B1EE	1094	0.000557
OPCODE	B481	1093	0.000556
OPCODE	24D8	1086	0.000553
OPCODE	B451	1082	0.000551
OPCODE	42B8	1080	0.000550
OPCODE	43EA	1078	0.000549
OPCODE	6A00	1074	0.000547
OPCODE	E1AC	1071	0.000545
OPCODE	C240	1067	0.000543
OPCODE	323C	1065	0.000542
OPCODE	2D50	1064	0.000542
OPCODE	B46E	1060	0.000540
OPCODE	0803	1059	0.000539
OPCODE	30C2	1059	0.000539
OPCODE	4A06	1057	0.000538
OPCODE	6042	1055	0.000537
OPCODE	49EC	1055	0.000537
OPCODE	28C0	1054	0.000537
OPCODE	601A	1054	0.000537
OPCODE	E348	1053	0.000536
OPCODE	8886	1050	0.000535
OPCODE	E1AD	1050	0.000535
OPCODE	8A87	1050	0.000535
OPCODE	B005	1050	0.000535
OPCODE	5C40	1048	0.000534
OPCODE	640A	1043	0.000531
OPCODE	3E2E	1041	0.000530
OPCODE	6A08	1037	0.000528
OPCODE	E282	1034	0.000526
OPCODE	1006	1033	0.000526
OPCODE	30C1	1025	0.000522
OPCODE	12C6	1024	0.000521
OPCODE	21F8	1023	0.000521
OPCODE	1411	1022	0.000520
OPCODE	DEC0	1022	0.000520
OPCODE	E988	1020	0.000519
OPCODE	2F29	1017	0.000518
OPCODE	6FB8	1015	0.000517
OPCODE	2650	1013	0.000516
OPCODE	60DA	1010	0.000514
OPCODE	221A	1008	0.000513
OPCODE	321F	1001	0.000510
OPCODE	9EC0	999	0.000509
OPCODE	D1C9	997	0.000508
OPCODE	306C	997	0.000508
OPCODE	1481	997	0.000508
OPCODE	CF45	996	0.000507
OPCODE	66F4	988	0.000503
OPCODE	226A	983	0.000500
OPCODE	2F10	983	0.000500
OPCODE	6F3A	983	0.000500
OPCODE	47EE	982	0.000500
OPCODE	30C3	980	0.000499
OPCODE	30C4	972	0.000495
OPCODE	4A45	964	0.000491
OPCODE	6FAC	960	0.000489
OPCODE	60E8	960	0.000489
OPCODE	2288	951	0.000484
OPCODE	3D43	948	0.000483
OPCODE	26C6	948	0.000483
OPCODE	E880	948	0.000483
OPCODE	B898	948	0.000483
OPCODE	61E8	946	0.000482
OPCODE	B087	945	0.000481
OPCODE	2F1E	940	0.000479
OPCODE	2D1F	940	0.000479
OPCODE	5080	933	0.000475
OPCODE	6FE8	931	0.000474
OPCODE	3D7A	930	0.000473
OPCODE	04FA	930	0.000473
OPCODE	EC80	930	0.000473
OPCODE	92AA	928	0.000472
OPCODE	222C	928	0.000472
OPCODE	916E	923	0.000470
OPCODE	56C9	920	0.000468
OPCODE	E84A	920	0.000468
OPCODE	E290	916	0.000466
OPCODE	3D6A	916	0.000466
OPCODE	E280	907	0.000462
OPCODE	D082	901	0.000459
OPCODE	14EB	900	0.000458
OPCODE	2480	899	0.000458
OPCODE	E198	896	0.000456
OPCODE	3080	896	0.000456
OPCODE	5280	894	0.000455
OPCODE	426C	894	0.000455
OPCODE	45EA	892	0.000454
OPCODE	1400	892	0.000454
OPCODE	6406	884	0.000450
OPCODE	8198	882	0.000449
OPCODE	9251	879	0.000448
OPCODE	21EF	873	0.000444
OPCODE	322A	870	0.000443
OPCODE	7014	867	0.000441
OPCODE	342A	863	0.000439
OPCODE	243C	862	0.000439
OPCODE	C280	861	0.000438
OPCODE	4441	860	0.000438
OPCODE	6504	855	0.000435
OPCODE	1D42	855	0.000435
OPCODE	4EB5	855	0.000435
OPCODE	1001	853	0.000434
OPCODE	C481	852	0.000434
OPCODE	2F2C	850	0.000433
OPCODE	2E6E	846	0.000431
OPCODE	0C46	845	0.000430
OPCODE	B251	838	0.000427
OPCODE	202F	837	0.000426
OPCODE	48E6	837	0.000426
OPCODE	D16E	837	0.000426
OPCODE	2E28	836	0.000426
OPCODE	21EC	830	0.000423
OPCODE	2012	829	0.000422
OPCODE	6F02	828	0.000422
OPCODE	2255	825	0.000420
OPCODE	2F04	821	0.000418
OPCODE	2802	819	0.000417
OPCODE	C283	818	0.000416
OPCODE	322B	817	0.000416
OPCODE	3140	812	0.000413
OPCODE	240A	807	0.000411
OPCODE	58AC	806	0.000410
OPCODE	4CDE	802	0.000408
OPCODE	B069	801	0.000408
OPCODE	45E8	799	0.000407
OPCODE	2418	795	0.000405
OPCODE	D0BC	795	0.000405
OPCODE	606A	795	0.000405
OPCODE	1005	792	0.000403
OPCODE	BA47	788	0.000401
OPCODE	20A9	788	0.000401
OPCODE	32E8	786	0.000400
OPCODE	301B	783	0.000399
OPCODE	E1A9	783	0.000399
OPCODE	363C	782	0.000398
OPCODE	3F03	781	0.000398
OPCODE	66EA	779	0.000397
OPCODE	66DE	777	0.000396
OPCODE	34D8	769	0.000392
OPCODE	E448	767	0.000391
OPCODE	2401	760	0.000387
OPCODE	2348	758	0.000386
OPCODE	4290	758	0.000386
OPCODE	7208	756	0.000385
OPCODE	6C10	751	0.000382
OPCODE	0CAE	750	0.000382
OPCODE	B099	750	0.000382
OPCODE	486D	747	0.000380
OPCODE	B4AC	746	0.000380
OPCODE	7C00	742	0.000378
OPCODE	2254	739	0.000376
OPCODE	2388	738	0.000376
OPCODE	2022	734	0.000374
OPCODE	2E03	734	0.000374
OPCODE	6408	733	0.000373
OPCODE	6018	733	0.000373
OPCODE	D278	732	0.000373
OPCODE	6660	731	0.000372
OPCODE	6B0A	725	0.000369
OPCODE	2F50	724	0.000369
OPCODE	0882	721	0.000367
OPCODE	5344	715	0.000364
OPCODE	5049	711	0.000362
OPCODE	90B8	707	0.000360
OPCODE	1BAD	703	0.000358
OPCODE	6124	701	0.000357
OPCODE	2819	701	0.000357
OPCODE	6F58	700	0.000356
OPCODE	5BC8	700	0.000356
OPCODE	60B4	699	0.000356
OPCODE	D269	696	0.000354
OPCODE	9FAC	696	0.000354
OPCODE	4846	693	0.000353
OPCODE	65BC	690	0.000351
OPCODE	D08F	689	0.000351
OPCODE	1684	688	0.000350
OPCODE	1419	688	0.000350
OPCODE	21C9	685	0.000349
OPCODE	3D5B	685	0.000349
OPCODE	C285	681	0.000347
OPCODE	B0A8	680	0.000346
OPCODE	4684	680	0.000346
OPCODE	4A92	679	0.000346
OPCODE	41F1	675	0.000344
OPCODE	C14D	674	0.000343
OPCODE	60F2	665	0.000339
OPCODE	B9E8	664	0.000338
OPCODE	08C0	663	0.000338
OPCODE	41EC	662	0.000337
OPCODE	4206	661	0.000337
OPCODE	B647	659	0.000336
OPCODE	2A06	655	0.000333
OPCODE	906E	653	0.000332
OPCODE	C892	652	0.000332
OPCODE	6BDC	652	0.000332
OPCODE	CA84	652	0.000332
OPCODE	24C5	652	0.000332
OPCODE	8A84	652	0.000332
OPCODE	664A	651	0.000331
OPCODE	3604	649	0.000330
OPCODE	6444	646	0.000329
OPCODE	0482	642	0.000327
OPCODE	6448	642	0.000327
OPCODE	612A	641	0.000326
OPCODE	EE80	640	0.000326
OPCODE	2608	633	0.000322
OPCODE	E14D	632	0.000322
OPCODE	4A87	632	0.000322
OPCODE	D646	630	0.000321
OPCODE	2A6D	629	0.000320
OPCODE	D8EE	627	0.000319
OPCODE	4ED3	627	0.000319
OPCODE	65E4	626	0.000319
OPCODE	6B28	626	0.000319
OPCODE	DAC7	625	0.000318
OPCODE	D8C6	625	0.000318
OPCODE	1759	624	0.000318
OPCODE	2F2B	621	0.000316
OPCODE	D0A8	618	0.000315
OPCODE	2D4D	616	0.000314
OPCODE	32C1	613	0.000312
OPCODE	3F01	613	0.000312
OPCODE	5A41	609	0.000310
OPCODE	9282	607	0.000309
OPCODE	2F48	606	0.000309
OPCODE	6118	605	0.000308
OPCODE	4ED4	605	0.000308
OPCODE	B673	603	0.000307
OPCODE	D241	603	0.000307
OPCODE	B887	601	0.000306
OPCODE	5888	599	0.000305
OPCODE	6A14	598	0.000304
OPCODE	48C2	595	0.000303
OPCODE	2868	593	0.000302
OPCODE	B4B1	592	0.000301
OPCODE	30D9	592	0.000301
OPCODE	322C	589	0.000300
OPCODE	9053	589	0.000300
OPCODE	B282	589	0.000300
OPCODE	65F0	588	0.000299
OPCODE	4269	585	0.000298
OPCODE	664C	585	0.000298
OPCODE	397C	576	0.000293
OPCODE	E859	575	0.000293
OPCODE	E959	575	0.000293
OPCODE	2149	575	0.000293
OPCODE	6308	572	0.000291
OPCODE	602E	572	0.000291
OPCODE	6758	572	0.000291
OPCODE	EA81	567	0.000289
OPCODE	2817	562	0.000286
OPCODE	C882	560	0.000285
OPCODE	6ED4	560	0.000285
OPCODE	D7C9	560	0.000285
OPCODE	2C2F	560	0.000285
OPCODE	DBC8	560	0.000285
OPCODE	D4C4	560	0.000285
OPCODE	D5C9	560	0.000285
OPCODE	5882	558	0.000284
OPCODE	619A	554	0.000282
OPCODE	2602	554	0.000282
OPCODE	2D44	550	0.000280
OPCODE	1D78	549	0.000280
OPCODE	B443	548	0.000279
OPCODE	7EFF	546	0.000278
OPCODE	2948	546	0.000278
OPCODE	66EE	546	0.000278
OPCODE	2F0D	544	0.000277
OPCODE	20EE	544	0.000277
OPCODE	21F0	544	0.000277
OPCODE	2A5F	544	0.000277
OPCODE	1D40	544	0.000277
OPCODE	234C	543	0.000276
OPCODE	B044	542	0.000276
OPCODE	2140	541	0.000275
OPCODE	3002	540	0.000275
OPCODE	70F0	539	0.000274
OPCODE	BC5B	537	0.000273
OPCODE	2B41	536	0.000273
OPCODE	66E6	536	0.000273
OPCODE	56C3	536	0.000273
OPCODE	50ED	534	0.000272
OPCODE	936E	534	0.000272
OPCODE	1B6B	534	0.000272
OPCODE	082D	534	0.000272
OPCODE	C02D	534	0.000272
OPCODE	B2AA	533	0.000271
OPCODE	60F0	532	0.000271
OPCODE	32FC	532	0.000271
OPCODE	74F0	531	0.000270
OPCODE	B894	531	0.000270
OPCODE	5189	531	0.000270
OPCODE	0243	530	0.000270
OPCODE	B511	529	0.000269
OPCODE	20CE	529	0.000269
OPCODE	C411	529	0.000269
OPCODE	C010	529	0.000269
OPCODE	B110	529	0.000269
OPCODE	8510	529	0.000269
OPCODE	2489	529	0.000269
OPCODE	8111	529	0.000269
OPCODE	5889	529	0.000269
OPCODE	32C0	529	0.000269
OPCODE	2435	524	0.000267
OPCODE	21D0	523	0.000266
OPCODE	7203	523	0.000266
OPCODE	C6B8	522	0.000266
OPCODE	2649	521	0.000265
OPCODE	5261	520	0.000265
OPCODE	0651	520	0.000265
OPCODE	06A1	520	0.000265
OPCODE	D2C0	518	0.000264
OPCODE	2F80	518	0.000264
OPCODE	2244	517	0.000263
OPCODE	C947	517	0.000263
OPCODE	3F70	516	0.000263
OPCODE	3F07	514	0.000262
OPCODE	6060	512	0.000261
OPCODE	6D0A	512	0.000261
OPCODE	E04A	512	0.000261
OPCODE	2655	510	0.000260
OPCODE	6A0E	508	0.000259
OPCODE	B090	507	0.000258
OPCODE	2F20	506	0.000258
OPCODE	205A	504	0.000257
OPCODE	67DA	504	0.000257
OPCODE	225A	504	0.000257
OPCODE	EFC2	504	0.000257
OPCODE	22AE	503	0.000256
OPCODE	D7CD	502	0.000256
OPCODE	3419	502	0.000256
OPCODE	B05B	499	0.000254
OPCODE	6A32	498	0.000254
OPCODE	22C6	498	0.000254
OPCODE	41F9	497	0.000253
OPCODE	9069	497	0.000253
OPCODE	0883	494	0.000252
OPCODE	B7EE	494	0.000252
OPCODE	284E	494	0.000252
OPCODE	1282	494	0.000252
OPCODE	2C56	493	0.000251
OPCODE	61B0	493	0.000251
OPCODE	2941	493	0.000251
OPCODE	2F06	492	0.000250
OPCODE	08AE	491	0.000250
OPCODE	284B	491	0.000250
OPCODE	5048	491	0.000250
OPCODE	2C33	489	0.000249
OPCODE	129F	489	0.000249
OPCODE	D4C3	489	0.000249
OPCODE	1F11	489	0.000249
OPCODE	9042	487	0.000248
OPCODE	55C7	486	0.000247
OPCODE	A024	486	0.000247
OPCODE	43EF	483	0.000246
OPCODE	254E	482	0.000245
OPCODE	0092	482	0.000245
OPCODE	3F02	481	0.000245
OPCODE	6FC0	480	0.000244
OPCODE	0C6D	479	0.000244
OPCODE	0C6B	478	0.000243
OPCODE	1140	478	0.000243
OPCODE	BC6E	477	0.000243
OPCODE	08E8	476	0.000242
OPCODE	DE86	473	0.000241
OPCODE	2542	472	0.000240
OPCODE	C200	471	0.000240
OPCODE	2A55	468	0.000238
OPCODE	D259	465	0.000237
OPCODE	C2C2	465	0.000237
OPCODE	9443	465	0.000237
OPCODE	5C48	465	0.000237
OPCODE	D7D3	464	0.000236
OPCODE	D2A9	464	0.000236
OPCODE	1482	464	0.000236
OPCODE	1541	464	0.000236
OPCODE	C601	464	0.000236
OPCODE	D5AA	464	0.000236
OPCODE	46C3	464	0.000236
OPCODE	C229	464	0.000236
OPCODE	93AA	464	0.000236
OPCODE	9411	464	0.000236
OPCODE	D62A	464	0.000236
OPCODE	E94A	464	0.000236
OPCODE	9611	464	0.000236
OPCODE	66F8	464	0.000236
OPCODE	1F02	464	0.000236
OPCODE	45E9	464	0.000236
OPCODE	40C3	464	0.000236
OPCODE	20C1	462	0.000235
OPCODE	2471	462	0.000235
OPCODE	7050	461	0.000235
OPCODE	66EC	460	0.000234
OPCODE	2F5F	455	0.000232
OPCODE	C042	454	0.000231
OPCODE	5278	453	0.000231
OPCODE	6D26	453	0.000231
OPCODE	12E8	453	0.000231
OPCODE	5378	453	0.000231
OPCODE	2F40	452	0.000230
OPCODE	60AE	451	0.000230
OPCODE	2036	450	0.000229
OPCODE	2D76	450	0.000229
OPCODE	3236	450	0.000229
OPCODE	B082	450	0.000229
OPCODE	61D8	450	0.000229
OPCODE	4876	450	0.000229
OPCODE	50F8	450	0.000229
OPCODE	5D40	449	0.000229
OPCODE	6310	448	0.000228
OPCODE	61E0	448	0.000228
OPCODE	504C	448	0.000228
OPCODE	D085	448	0.000228
OPCODE	6E0E	448	0.000228
OPCODE	D2C8	447	0.000228
OPCODE	246C	445	0.000227
OPCODE	2883	444	0.000226
OPCODE	C694	444	0.000226
OPCODE	8685	444	0.000226
OPCODE	B078	441	0.000225
OPCODE	F217	440	0.000224
OPCODE	2275	439	0.000224
OPCODE	0C82	438	0.000223
OPCODE	4A81	437	0.000222
OPCODE	2031	436	0.000222
OPCODE	B0AA	436	0.000222
OPCODE	6778	436	0.000222
OPCODE	614E	435	0.000221
OPCODE	92C8	434	0.000221
OPCODE	BDF8	433	0.000220
OPCODE	2C2A	432	0.000220
OPCODE	1F40	431	0.000219
OPCODE	224D	431	0.000219
OPCODE	3D50	429	0.000218
OPCODE	220F	426	0.000217
OPCODE	3342	425	0.000216
OPCODE	3429	425	0.000216
OPCODE	E9A9	424	0.000216
OPCODE	D240	420	0.000214
OPCODE	603A	420	0.000214
OPCODE	B242	419	0.000213
OPCODE	2C5F	419	0.000213
OPCODE	2F0E	419	0.000213
OPCODE	3A1A	418	0.000213
OPCODE	D6EB	418	0.000213
OPCODE	D8C7	416	0.000212
OPCODE	1813	416	0.000212
OPCODE	49E9	416	0.000212
OPCODE	2D45	415	0.000211
OPCODE	2656	414	0.000211
OPCODE	9459	414	0.000211
OPCODE	6048	414	0.000211
OPCODE	9651	414	0.000211
OPCODE	57CA	414	0.000211
OPCODE	6F1A	413	0.000210
OPCODE	B4B8	413	0.000210
OPCODE	DE47	413	0.000210
OPCODE	6A22	412	0.000210
OPCODE	3F28	412	0.000210
OPCODE	B278	411	0.000209
OPCODE	2D4A	410	0.000209
OPCODE	DA87	409	0.000208
OPCODE	604C	408	0.000208
OPCODE	208C	408	0.000208
OPCODE	3C2B	408	0.000208
OPCODE	91CA	407	0.000207
OPCODE	D986	407	0.000207
OPCODE	42A9	407	0.000207
OPCODE	D584	407	0.000207
OPCODE	2A02	407	0.000207
OPCODE	D3CA	407	0.000207
OPCODE	2E41	405	0.000206
OPCODE	3F11	404	0.000206
OPCODE	2191	403	0.000205
OPCODE	31A9	403	0.000205
OPCODE	5548	402	0.000205
OPCODE	0228	396	0.000202
OPCODE	61EA	396	0.000202
OPCODE	6792	396	0.000202
OPCODE	337C	395	0.000201
OPCODE	023C	395	0.000201
OPCODE	2C68	395	0.000201
OPCODE	B26B	394	0.000201
OPCODE	41F6	394	0.000201
OPCODE	B46B	394	0.000201
OPCODE	49F3	394	0.000201
OPCODE	2949	393	0.000200
OPCODE	3151	393	0.000200
OPCODE	92AE	393	0.000200
OPCODE	32D0	393	0.000200
OPCODE	50D9	393	0.000200
OPCODE	A901	393	0.000200
OPCODE	B297	392	0.000200
OPCODE	5238	392	0.000200
OPCODE	A01F	392	0.000200
OPCODE	526E	391	0.000199
OPCODE	6D42	391	0.000199
OPCODE	236E	390	0.000199
OPCODE	3941	390	0.000199
OPCODE	43FB	390	0.000199
OPCODE	2C02	390	0.000199
OPCODE	C06E	386	0.000197
OPCODE	6438	386	0.000197
OPCODE	BC85	385	0.000196
OPCODE	5387	385	0.000196
OPCODE	0001	385	0.000196
OPCODE	6208	381	0.000194
OPCODE	6F08	380	0.000193
OPCODE	E9C1	378	0.000192
OPCODE	2019	377	0.000192
OPCODE	A822	377	0.000192
OPCODE	2C1C	375	0.000191
OPCODE	0245	375	0.000191
OPCODE	65CE	375	0.000191
OPCODE	2889	375	0.000191
OPCODE	6C32	375	0.000191
OPCODE	3287	374	0.000190
OPCODE	67E2	374	0.000190
OPCODE	5538	373	0.000190
OPCODE	6B5E	373	0.000190
OPCODE	6116	372	0.000189
OPCODE	60DE	371	0.000189
OPCODE	E580	371	0.000189
OPCODE	3D44	370	0.000188
OPCODE	A31E	369	0.000188
OPCODE	6306	368	0.000187
OPCODE	1007	367	0.000187
OPCODE	60DC	366	0.000186
OPCODE	4A86	364	0.000185
OPCODE	43F9	364	0.000185
OPCODE	D844	364	0.000185
OPCODE	2806	362	0.000184
OPCODE	E0A9	362	0.000184
OPCODE	2169	362	0.000184
OPCODE	209F	362	0.000184
OPCODE	2A07	361	0.000184
OPCODE	20DF	360	0.000183
OPCODE	A023	360	0.000183
OPCODE	30DF	360	0.000183
OPCODE	2E2A	359	0.000183
OPCODE	906B	359	0.000183
OPCODE	9201	359	0.000183
OPCODE	7224	359	0.000183
OPCODE	D158	358	0.000182
OPCODE	21CC	356	0.000181
OPCODE	F4F1	356	0.000181
OPCODE	BEAD	355	0.000181
OPCODE	6328	355	0.000181
OPCODE	4A51	355	0.000181
OPCODE	2455	354	0.000180
OPCODE	3A03	352	0.000179
OPCODE	B308	352	0.000179
OPCODE	C295	351	0.000179
OPCODE	3802	350	0.000178
OPCODE	E741	350	0.000178
OPCODE	5BEE	350	0.000178
OPCODE	8641	350	0.000178
OPCODE	B741	350	0.000178
OPCODE	2D42	349	0.000178
OPCODE	2042	349	0.000178
OPCODE	B1F8	347	0.000177
OPCODE	E248	347	0.000177
OPCODE	2075	347	0.000177
OPCODE	1C3C	346	0.000176
OPCODE	D3D1	345	0.000176
OPCODE	3740	345	0.000176
OPCODE	D091	345	0.000176
OPCODE	4EB6	344	0.000175
OPCODE	C095	344	0.000175
OPCODE	CC85	344	0.000175
OPCODE	8086	344	0.000175
OPCODE	7E02	343	0.000175
OPCODE	9A8E	343	0.000175
OPCODE	6196	343	0.000175
OPCODE	242E	343	0.000175
OPCODE	51EE	342	0.000174
OPCODE	5488	341	0.000174
OPCODE	262D	341	0.000174
OPCODE	5268	340	0.000173
OPCODE	604A	338	0.000172
OPCODE	664E	338	0.000172
OPCODE	6D7A	337	0.000172
OPCODE	2D51	337	0.000172
OPCODE	C0AC	337	0.000172
OPCODE	8328	336	0.000171
OPCODE	E509	336	0.000171
OPCODE	B9D3	336	0.000171
OPCODE	6E6E	336	0.000171
OPCODE	EA82	334	0.000170
OPCODE	6D5C	334	0.000170
OPCODE	48C6	334	0.000170
OPCODE	EA80	334	0.000170
OPCODE	E1AA	334	0.000170
OPCODE	E2AB	334	0.000170
OPCODE	C291	334	0.000170
OPCODE	4298	333	0.000170
OPCODE	E480	332	0.000169
OPCODE	B300	331	0.000169
OPCODE	1028	330	0.000168
OPCODE	6C06	330	0.000168
OPCODE	60D8	330	0.000168
OPCODE	D0C0	328	0.000167
OPCODE	B1C9	327	0.000166
OPCODE	B6AC	326	0.000166
OPCODE	6F0C	326	0.000166
OPCODE	08D2	322	0.000164
OPCODE	5140	322	0.000164
OPCODE	0892	322	0.000164
OPCODE	1630	321	0.000163
OPCODE	2D47	321	0.000163
OPCODE	1830	321	0.000163
OPCODE	5347	319	0.000162
OPCODE	1210	318	0.000162
OPCODE	D093	317	0.000161
OPCODE	1012	317	0.000161
OPCODE	197C	316	0.000161
OPCODE	C06B	316	0.000161
OPCODE	1A00	316	0.000161
OPCODE	BA40	316	0.000161
OPCODE	ED49	314	0.000160
OPCODE	C1EE	313	0.000159
OPCODE	BEAC	313	0.000159
OPCODE	5210	312	0.000159
OPCODE	650A	312	0.000159
OPCODE	1180	312	0.000159
OPCODE	7620	311	0.000158
OPCODE	2D58	310	0.000158
OPCODE	6B34	308	0.000157
OPCODE	67EE	308	0.000157
OPCODE	6A3E	307	0.000156
OPCODE	421C	306	0.000156
OPCODE	1E00	305	0.000155
OPCODE	2271	305	0.000155
OPCODE	D301	304	0.000155
OPCODE	610C	302	0.000154
OPCODE	A82A	302	0.000154
OPCODE	650C	302	0.000154
OPCODE	B047	301	0.000153
OPCODE	D06A	301	0.000153
OPCODE	4E94	300	0.000153
OPCODE	30EE	300	0.000153
OPCODE	2A04	300	0.000153
OPCODE	4E54	298	0.000152
OPCODE	4E5C	298	0.000152
OPCODE	377C	296	0.000151
OPCODE	946E	295	0.000150
OPCODE	3030	295	0.000150
OPCODE	6644	294	0.000150
OPCODE	3401	294	0.000150
OPCODE	6CF6	293	0.000149
OPCODE	E189	290	0.000148
OPCODE	620C	290	0.000148
OPCODE	22C4	290	0.000148
OPCODE	5489	290	0.000148
OPCODE	926D	289	0.000147
OPCODE	1D68	289	0.000147
OPCODE	5300	289	0.000147
OPCODE	66D4	288	0.000147
OPCODE	22C2	288	0.000147
OPCODE	7054	288	0.000147
OPCODE	3A2C	287	0.000146
OPCODE	244C	285	0.000145
OPCODE	94C0	283	0.000144
OPCODE	2850	281	0.000143
OPCODE	246A	281	0.000143
OPCODE	28AE	280	0.000143
OPCODE	9FC2	280	0.000143
OPCODE	6D3C	280	0.000143
OPCODE	D087	279	0.000142
OPCODE	235F	279	0.000142
OPCODE	2950	279	0.000142
OPCODE	5381	278	0.000142
OPCODE	643C	278	0.000142
OPCODE	614A	278	0.000142
OPCODE	E0AC	277	0.000141
OPCODE	2281	276	0.000141
OPCODE	D290	276	0.000141
OPCODE	A893	274	0.000140
OPCODE	6148	273	0.000139
OPCODE	EE8C	272	0.000138
OPCODE	1744	272	0.000138
OPCODE	9682	272	0.000138
OPCODE	E29A	272	0.000138
OPCODE	E08C	272	0.000138
OPCODE	2C0A	272	0.000138
OPCODE	6516	272	0.000138
OPCODE	B843	271	0.000138
OPCODE	4BEE	271	0.000138
OPCODE	6B30	271	0.000138
OPCODE	6DE2	270	0.000137
OPCODE	5449	270	0.000137
OPCODE	D358	268	0.000136
OPCODE	322D	268	0.000136
OPCODE	49C7	266	0.000135
OPCODE	4A76	266	0.000135
OPCODE	56C7	266	0.000135
OPCODE	E858	266	0.000135
OPCODE	4ED5	265	0.000135
OPCODE	C0C1	264	0.000134
OPCODE	E24C	264	0.000134
OPCODE	31E8	263	0.000134
OPCODE	2968	261	0.000133
OPCODE	B06B	261	0.000133
OPCODE	2845	260	0.000132
OPCODE	7AFF	260	0.000132
OPCODE	2E88	260	0.000132
OPCODE	34D9	259	0.000132
OPCODE	906D	258	0.000131
OPCODE	D843	258	0.000131
OPCODE	342B	258	0.000131
OPCODE	286F	258	0.000131
OPCODE	6220	258	0.000131
OPCODE	5549	257	0.000131
OPCODE	4A99	257	0.000131
OPCODE	610E	257	0.000131
OPCODE	5287	256	0.000130
OPCODE	526D	256	0.000130
OPCODE	536D	256	0.000130
OPCODE	48C5	255	0.000130
OPCODE	08EC	255	0.000130
OPCODE	3229	255	0.000130
OPCODE	722A	255	0.000130
OPCODE	9A87	255	0.000130
OPCODE	9685	255	0.000130
OPCODE	3404	254	0.000129
OPCODE	4AB1	254	0.000129
OPCODE	2308	253	0.000129
OPCODE	67EA	253	0.000129
OPCODE	42AC	253	0.000129
OPCODE	62B8	252	0.000128
OPCODE	206A	251	0.000128
OPCODE	80FC	250	0.000127
OPCODE	1A12	249	0.000127
OPCODE	558C	249	0.000127
OPCODE	1485	249	0.000127
OPCODE	5385	248	0.000126
OPCODE	B7D4	247	0.000126
OPCODE	08AC	247	0.000126
OPCODE	31C0	247	0.000126
OPCODE	C149	247	0.000126
OPCODE	5589	247	0.000126
OPCODE	2405	246	0.000125
OPCODE	9584	246	0.000125
OPCODE	D1CA	246	0.000125
OPCODE	A065	246	0.000125
OPCODE	93CA	246	0.000125
OPCODE	9986	246	0.000125
OPCODE	2410	245	0.000125
OPCODE	EA48	245	0.000125
OPCODE	E38E	245	0.000125
OPCODE	4A30	245	0.000125
OPCODE	518A	244	0.000124
OPCODE	B682	244	0.000124
OPCODE	BC6B	244	0.000124
OPCODE	70C6	243	0.000124
OPCODE	67F0	242	0.000123
OPCODE	57EE	242	0.000123
OPCODE	D641	242	0.000123
OPCODE	E96B	242	0.000123
OPCODE	66B6	241	0.000123
OPCODE	242B	241	0.000123
OPCODE	C099	241	0.000123
OPCODE	3810	239	0.000122
OPCODE	2641	238	0.000121
OPCODE	1238	238	0.000121
OPCODE	1281	238	0.000121
OPCODE	DAFC	238	0.000121
OPCODE	D46E	237	0.000121
OPCODE	6F0E	236	0.000120
OPCODE	D5CB	236	0.000120
OPCODE	2A18	236	0.000120
OPCODE	926B	235	0.000120
OPCODE	E440	235	0.000120
OPCODE	906C	234	0.000119
OPCODE	C94D	234	0.000119
OPCODE	2202	234	0.000119
OPCODE	B483	234	0.000119
OPCODE	1211	233	0.000119
OPCODE	EBA9	232	0.000118
OPCODE	2207	232	0.000118
OPCODE	741F	232	0.000118
OPCODE	E84B	231	0.000118
OPCODE	8CAE	231	0.000118
OPCODE	6510	230	0.000117
OPCODE	0054	230	0.000117
OPCODE	55C0	230	0.000117
OPCODE	DBC1	230	0.000117
OPCODE	D052	230	0.000117
OPCODE	2C04	230	0.000117
OPCODE	96C0	230	0.000117
OPCODE	45F1	230	0.000117
OPCODE	DBC0	230	0.000117
OPCODE	5880	230	0.000117
OPCODE	343C	229	0.000117
OPCODE	2653	229	0.000117
OPCODE	C0AB	229	0.000117
OPCODE	2076	229	0.000117
OPCODE	10D9	228	0.000116
OPCODE	99CC	228	0.000116
OPCODE	3413	228	0.000116
OPCODE	3207	227	0.000116
OPCODE	C602	225	0.000115
OPCODE	5FE7	225	0.000115
OPCODE	65D8	225	0.000115
OPCODE	C12E	225	0.000115
OPCODE	6A28	225	0.000115
OPCODE	D141	225	0.000115
OPCODE	56C2	225	0.000115
OPCODE	9D6E	225	0.000115
OPCODE	4A82	225	0.000115
OPCODE	D368	225	0.000115
OPCODE	200F	225	0.000115
OPCODE	862E	225	0.000115
OPCODE	C0FC	225	0.000115
OPCODE	5040	223	0.000114
OPCODE	0C87	223	0.000114
OPCODE	1228	223	0.000114
OPCODE	4244	223	0.000114
OPCODE	43F1	223	0.000114
OPCODE	6C38	222	0.000113
OPCODE	B244	222	0.000113
OPCODE	E16F	222	0.000113
OPCODE	A884	221	0.000113
OPCODE	31B2	221	0.000113
OPCODE	70F8	220	0.000112
OPCODE	E6A8	220	0.000112
OPCODE	D36B	220	0.000112
OPCODE	5545	220	0.000112
OPCODE	0C6A	219	0.000112
OPCODE	3C12	219	0.000112
OPCODE	3808	219	0.000112
OPCODE	C443	219	0.000112
OPCODE	9C47	219	0.000112
OPCODE	43F2	219	0.000112
OPCODE	DF6B	219	0.000112
OPCODE	911C	219	0.000112
OPCODE	5640	219	0.000112
OPCODE	101C	219	0.000112
OPCODE	3E1A	219	0.000112
OPCODE	3602	219	0.000112
OPCODE	6032	218	0.000111
OPCODE	6F06	218	0.000111
OPCODE	204E	218	0.000111
OPCODE	6B4A	218	0.000111
OPCODE	2F57	217	0.000110
OPCODE	584E	217	0.000110
OPCODE	E9D6	217	0.000110
OPCODE	C4C4	216	0.000110
OPCODE	1011	216	0.000110
OPCODE	2A54	216	0.000110
OPCODE	8280	215	0.000109
OPCODE	341F	215	0.000109
OPCODE	4685	215	0.000109
OPCODE	6C46	214	0.000109
OPCODE	12C1	211	0.000107
OPCODE	603E	211	0.000107
OPCODE	B5FC	211	0.000107
OPCODE	4CD3	210	0.000107
OPCODE	545B	210	0.000107
OPCODE	48D3	210	0.000107
OPCODE	6DF0	210	0.000107
OPCODE	620A	209	0.000106
OPCODE	316A	208	0.000106
OPCODE	1219	206	0.000105
OPCODE	3F38	205	0.000104
OPCODE	9088	204	0.000104
OPCODE	B9FC	204	0.000104
OPCODE	D7D4	203	0.000103
OPCODE	2F05	203	0.000103
OPCODE	2808	203	0.000103
OPCODE	60D2	203	0.000103
OPCODE	21ED	203	0.000103
OPCODE	C243	201	0.000102
OPCODE	C091	200	0.000102
OPCODE	142C	200	0.000102
OPCODE	8083	200	0.000102
OPCODE	0831	199	0.000101
OPCODE	34E9	198	0.000101
OPCODE	B38B	198	0.000101
OPCODE	34A9	198	0.000101
OPCODE	0057	198	0.000101
OPCODE	B05A	198	0.000101
OPCODE	56CC	198	0.000101
OPCODE	1C00	197	0.000100
OPCODE	E9C2	196	0.000100
OPCODE	3F14	196	0.000100
OPCODE	EFC1	196	0.000100
OPCODE	2E10	195	0.000099
OPCODE	2368	194	0.000099
OPCODE	6742	194	0.000099
OPCODE	3C00	193	0.000098
OPCODE	B1E9	192	0.000098
OPCODE	56C6	191	0.000097
OPCODE	4BFA	191	0.000097
OPCODE	47EC	191	0.000097
OPCODE	BC2C	191	0.000097
OPCODE	B5EC	191	0.000097
OPCODE	67DC	190	0.000097
OPCODE	0C84	190	0.000097
OPCODE	20C7	190	0.000097
OPCODE	425B	188	0.000096
OPCODE	E848	187	0.000095
OPCODE	A04A	187	0.000095
OPCODE	B1C1	187	0.000095
OPCODE	6C0A	187	0.000095
OPCODE	264C	187	0.000095
OPCODE	0190	186	0.000095
OPCODE	B240	186	0.000095
OPCODE	46EF	186	0.000095
OPCODE	DE41	184	0.000094
OPCODE	3407	184	0.000094
OPCODE	1944	184	0.000094
OPCODE	E56C	184	0.000094
OPCODE	9C41	184	0.000094
OPCODE	3803	184	0.000094
OPCODE	61CC	184	0.000094
OPCODE	B814	184	0.000094
OPCODE	528C	184	0.000094
OPCODE	E16E	184	0.000094
OPCODE	B81C	184	0.000094
OPCODE	1884	184	0.000094
OPCODE	3035	184	0.000094
OPCODE	50E7	184	0.000094
OPCODE	7810	184	0.000094
OPCODE	721F	183	0.000093
OPCODE	296E	183	0.000093
OPCODE	7A01	182	0.000093
OPCODE	A322	182	0.000093
OPCODE	0C70	181	0.000092
OPCODE	B068	181	0.000092
OPCODE	9883	181	0.000092
OPCODE	1F7C	180	0.000092
OPCODE	48D0	180	0.000092
OPCODE	2157	180	0.000092
OPCODE	0C98	180	0.000092
OPCODE	66E4	180	0.000092
OPCODE	2151	180	0.000092
OPCODE	224F	180	0.000092
OPCODE	BE90	180	0.000092
OPCODE	5480	179	0.000091
OPCODE	0040	179	0.000091
OPCODE	A8E4	179	0.000091
OPCODE	D8C0	178	0.000091
OPCODE	5289	178	0.000091
OPCODE	E538	178	0.000091
OPCODE	223B	178	0.000091
OPCODE	BF00	178	0.000091
OPCODE	2880	175	0.000089
OPCODE	2C08	175	0.000089
OPCODE	6804	174	0.000089
OPCODE	926A	174	0.000089
OPCODE	60AA	172	0.000088
OPCODE	2A2C	172	0.000088
OPCODE	20B8	172	0.000088
OPCODE	EA89	171	0.000087
OPCODE	34D1	171	0.000087
OPCODE	3A11	171	0.000087
OPCODE	4257	171	0.000087
OPCODE	30C7	170	0.000087
OPCODE	3600	170	0.000087
OPCODE	6134	170	0.000087
OPCODE	B642	170	0.000087
OPCODE	7E0A	170	0.000087
OPCODE	1C03	170	0.000087
OPCODE	3D68	170	0.000087
OPCODE	1834	169	0.000086
OPCODE	0C04	169	0.000086
OPCODE	1E01	169	0.000086
OPCODE	6E82	168	0.000086
OPCODE	026E	168	0.000086
OPCODE	21FC	168	0.000086
OPCODE	9BCD	168	0.000086
OPCODE	D851	168	0.000086
OPCODE	605C	168	0.000086
OPCODE	323B	167	0.000085
OPCODE	244D	167	0.000085
OPCODE	102F	167	0.000085
OPCODE	61BE	167	0.000085
OPCODE	6774	166	0.000085
OPCODE	2F6F	166	0.000085
OPCODE	207C	166	0.000085
OPCODE	3947	166	0.000085
OPCODE	E4AD	165	0.000084
OPCODE	66FA	164	0.000083
OPCODE	204F	164	0.000083
OPCODE	3435	164	0.000083
OPCODE	4444	163	0.000083
OPCODE	49FA	163	0.000083
OPCODE	780F	163	0.000083
OPCODE	6EC8	163	0.000083
OPCODE	C843	163	0.000083
OPCODE	AA14	163	0.000083
OPCODE	6D08	162	0.000082
OPCODE	3F3A	162	0.000082
OPCODE	B2FC	162	0.000082
OPCODE	223C	162	0.000082
OPCODE	3F29	161	0.000082
OPCODE	2F2A	161	0.000082
OPCODE	D100	160	0.000081
OPCODE	8242	160	0.000081
OPCODE	E218	160	0.000081
OPCODE	6110	160	0.000081
OPCODE	F236	159	0.000081
OPCODE	2E48	158	0.000080
OPCODE	DC93	158	0.000080
OPCODE	BEAE	158	0.000080
OPCODE	142B	158	0.000080
OPCODE	2F21	157	0.000080
OPCODE	3606	156	0.000079
OPCODE	E219	155	0.000079
OPCODE	6142	155	0.000079
OPCODE	5741	155	0.000079
OPCODE	C4FC	155	0.000079
OPCODE	536F	154	0.000078
OPCODE	7E01	154	0.000078
OPCODE	2F19	153	0.000078
OPCODE	ED59	153	0.000078
OPCODE	61A6	153	0.000078
OPCODE	2E6D	152	0.000077
OPCODE	A9EE	152	0.000077
OPCODE	1142	152	0.000077
OPCODE	319F	152	0.000077
OPCODE	E8C1	152	0.000077
OPCODE	1202	152	0.000077
OPCODE	08B0	152	0.000077
OPCODE	01D0	152	0.000077
OPCODE	C1C1	151	0.000077
OPCODE	5887	151	0.000077
OPCODE	D5F2	150	0.000076
OPCODE	6D1A	150	0.000076
OPCODE	7E0F	150	0.000076
OPCODE	C446	150	0.000076
OPCODE	D46B	150	0.000076
OPCODE	4A2F	150	0.000076
OPCODE	7C07	150	0.000076
OPCODE	B269	150	0.000076
OPCODE	2C36	149	0.000076
OPCODE	652A	149	0.000076
OPCODE	294F	148	0.000075
OPCODE	2E6C	148	0.000075
OPCODE	61C4	148	0.000075
OPCODE	220C	148	0.000075
OPCODE	B5C0	148	0.000075
OPCODE	621C	148	0.000075
OPCODE	294D	148	0.000075
OPCODE	518F	148	0.000075
OPCODE	B845	147	0.000075
OPCODE	2141	147	0.000075
OPCODE	CE53	147	0.000075
OPCODE	0C07	147	0.000075
OPCODE	64F0	146	0.000074
OPCODE	604E	146	0.000074
OPCODE	6658	145	0.000074
OPCODE	6C02	145	0.000074
OPCODE	1E2E	145	0.000074
OPCODE	4268	144	0.000073
OPCODE	BE92	144	0.000073
OPCODE	8043	144	0.000073
OPCODE	E208	144	0.000073
OPCODE	0042	144	0.000073
OPCODE	65F6	144	0.000073
OPCODE	D1C3	144	0.000073
OPCODE	B0A9	143	0.000073
OPCODE	2C1F	143	0.000073
OPCODE	B4A8	143	0.000073
OPCODE	7402	142	0.000072
OPCODE	7205	142	0.000072
OPCODE	2A4F	142	0.000072
OPCODE	6304	141	0.000072
OPCODE	08A8	141	0.000072
OPCODE	DEFC	141	0.000072
OPCODE	222A	141	0.000072
OPCODE	6FF0	140	0.000071
OPCODE	284F	140	0.000071
OPCODE	61DE	140	0.000071
OPCODE	60E6	140	0.000071
OPCODE	67D8	140	0.000071
OPCODE	4CD0	140	0.000071
OPCODE	554B	140	0.000071
OPCODE	93CC	140	0.000071
OPCODE	3609	140	0.000071
OPCODE	E749	140	0.000071
OPCODE	D244	138	0.000070
OPCODE	61A4	138	0.000070
OPCODE	E368	138	0.000070
OPCODE	2D43	138	0.000070
OPCODE	2385	138	0.000070
OPCODE	2828	137	0.000070
OPCODE	288C	136	0.000069
OPCODE	0881	136	0.000069
OPCODE	66D8	136	0.000069
OPCODE	3142	136	0.000069
OPCODE	294C	136	0.000069
OPCODE	B9C9	136	0.000069
OPCODE	618E	136	0.000069
OPCODE	E968	135	0.000069
OPCODE	215F	135	0.000069
OPCODE	2A03	135	0.000069
OPCODE	2801	134	0.000068
OPCODE	D640	134	0.000068
OPCODE	666C	133	0.000068
OPCODE	B680	133	0.000068
OPCODE	B652	132	0.000067
OPCODE	2D46	132	0.000067
OPCODE	1030	132	0.000067
OPCODE	57C5	131	0.000067
OPCODE	611E	131	0.000067
OPCODE	D1F0	131	0.000067
OPCODE	3009	131	0.000067
OPCODE	6E48	131	0.000067
OPCODE	18C5	130	0.000066
OPCODE	9048	130	0.000066
OPCODE	E400	130	0.000066
OPCODE	1705	130	0.000066
OPCODE	DC44	130	0.000066
OPCODE	6080	130	0.000066
OPCODE	1280	129	0.000066
OPCODE	4245	129	0.000066
OPCODE	9641	129	0.000066
OPCODE	C684	128	0.000065
OPCODE	5445	128	0.000065
OPCODE	283C	128	0.000065
OPCODE	30FC	128	0.000065
OPCODE	A050	128	0.000065
OPCODE	6F10	127	0.000065
OPCODE	AA15	127	0.000065
OPCODE	70DA	127	0.000065
OPCODE	AB1D	127	0.000065
OPCODE	E9C0	127	0.000065
OPCODE	6762	127	0.000065
OPCODE	3082	126	0.000064
OPCODE	D7C4	126	0.000064
OPCODE	9A82	126	0.000064
OPCODE	7C1F	126	0.000064
OPCODE	9A86	126	0.000064
OPCODE	A96F	126	0.000064
OPCODE	2082	126	0.000064
OPCODE	C1C4	126	0.000064
OPCODE	08EA	126	0.000064
OPCODE	0C78	125	0.000064
OPCODE	EBC0	125	0.000064
OPCODE	216C	125	0.000064
OPCODE	4CAE	125	0.000064
OPCODE	56F8	125	0.000064
OPCODE	6FB6	125	0.000064
OPCODE	B250	125	0.000064
OPCODE	E158	125	0.000064
OPCODE	66E2	125	0.000064
OPCODE	6024	125	0.000064
OPCODE	41FB	125	0.000064
OPCODE	E508	125	0.000064
OPCODE	BE86	125	0.000064
OPCODE	0C34	124	0.000063
OPCODE	C0E9	124	0.000063
OPCODE	0C2A	124	0.000063
OPCODE	22B0	124	0.000063
OPCODE	3370	124	0.000063
OPCODE	10FC	124	0.000063
OPCODE	360B	124	0.000063
OPCODE	4847	124	0.000063
OPCODE	4201	123	0.000063
OPCODE	E44B	123	0.000063
OPCODE	B26E	123	0.000063
OPCODE	6DC8	123	0.000063
OPCODE	6750	122	0.000062
OPCODE	2548	121	0.000062
OPCODE	66F6	121	0.000062
OPCODE	2403	120	0.000061
OPCODE	121A	120	0.000061
OPCODE	6058	120	0.000061
OPCODE	D5C2	120	0.000061
OPCODE	B1C0	120	0.000061
OPCODE	216E	119	0.000061
OPCODE	2484	119	0.000061
OPCODE	0805	119	0.000061
OPCODE	AA33	119	0.000061
OPCODE	2490	119	0.000061
OPCODE	45F8	119	0.000061
OPCODE	162C	119	0.000061
OPCODE	0202	119	0.000061
OPCODE	97D4	118	0.000060
OPCODE	522A	118	0.000060
OPCODE	8401	118	0.000060
OPCODE	D882	118	0.000060
OPCODE	4A17	118	0.000060
OPCODE	57C8	118	0.000060
OPCODE	6DFA	118	0.000060
OPCODE	2946	118	0.000060
OPCODE	3D78	117	0.000060
OPCODE	7C7F	117	0.000060
OPCODE	6D24	117	0.000060
OPCODE	4A70	117	0.000060
OPCODE	4486	117	0.000060
OPCODE	612C	117	0.000060
OPCODE	A122	117	0.000060
OPCODE	254A	116	0.000059
OPCODE	6D02	116	0.000059
OPCODE	4A91	116	0.000059
OPCODE	CEB0	116	0.000059
OPCODE	B490	116	0.000059
OPCODE	082C	116	0.000059
OPCODE	9252	116	0.000059
OPCODE	C0A8	116	0.000059
OPCODE	3E2B	116	0.000059
OPCODE	48C3	116	0.000059
OPCODE	A069	115	0.000059
OPCODE	22E0	115	0.000059
OPCODE	D0EE	115	0.000059
OPCODE	61D4	115	0.000059
OPCODE	2420	115	0.000059
OPCODE	4A44	114	0.000058
OPCODE	B859	114	0.000058
OPCODE	80C1	114	0.000058
OPCODE	594A	114	0.000058
OPCODE	6D10	113	0.000058
OPCODE	A853	113	0.000058
OPCODE	A855	113	0.000058
OPCODE	B880	113	0.000058
OPCODE	D3AE	112	0.000057
OPCODE	2408	112	0.000057
OPCODE	2340	112	0.000057
OPCODE	700F	112	0.000057
OPCODE	3410	111	0.000057
OPCODE	7C01	111	0.000057
OPCODE	A88C	110	0.000056
OPCODE	00AC	110	0.000056
OPCODE	47F1	110	0.000056
OPCODE	2C07	110	0.000056
OPCODE	266F	110	0.000056
OPCODE	C07C	110	0.000056
OPCODE	4A73	110	0.000056
OPCODE	3C38	109	0.000055
OPCODE	50E9	108	0.000055
OPCODE	84FC	108	0.000055
OPCODE	6136	108	0.000055
OPCODE	1205	107	0.000054
OPCODE	A06A	107	0.000054
OPCODE	6182	107	0.000054
OPCODE	1E2B	107	0.000054
OPCODE	220A	106	0.000054
OPCODE	70F2	106	0.000054
OPCODE	3A01	106	0.000054
OPCODE	246D	106	0.000054
OPCODE	42AB	105	0.000053
OPCODE	362A	105	0.000053
OPCODE	306E	105	0.000053
OPCODE	60B2	105	0.000053
OPCODE	3801	104	0.000053
OPCODE	4A03	104	0.000053
OPCODE	B5C9	104	0.000053
OPCODE	611A	104	0.000053
OPCODE	6C14	104	0.000053
OPCODE	7A03	104	0.000053
OPCODE	2652	103	0.000052
OPCODE	2458	103	0.000052
OPCODE	B485	103	0.000052
OPCODE	11C0	103	0.000052
OPCODE	49E8	102	0.000052
OPCODE	B08C	102	0.000052
OPCODE	3418	102	0.000052
OPCODE	31F8	102	0.000052
OPCODE	3F5F	102	0.000052
OPCODE	B02C	102	0.000052
OPCODE	E549	102	0.000052
OPCODE	6FD6	102	0.000052
OPCODE	2D09	101	0.000051
OPCODE	24C8	101	0.000051
OPCODE	66DA	101	0.000051
OPCODE	80EC	101	0.000051
OPCODE	5C8A	101	0.000051
OPCODE	486A	101	0.000051
OPCODE	242A	101	0.000051
OPCODE	B291	101	0.000051
OPCODE	225E	101	0.000051
OPCODE	5200	101	0.000051
OPCODE	7048	101	0.000051
OPCODE	635A	101	0.000051
OPCODE	6354	101	0.000051
OPCODE	D488	101	0.000051
OPCODE	623E	101	0.000051
OPCODE	9489	101	0.000051
OPCODE	38DB	100	0.000051
OPCODE	C685	100	0.000051
OPCODE	C6C1	100	0.000051
OPCODE	8BFC	100	0.000051
OPCODE	CAEE	100	0.000051
OPCODE	5441	100	0.000051
OPCODE	208A	100	0.000051
OPCODE	70CD	100	0.000051
OPCODE	B086	100	0.000051
OPCODE	D681	100	0.000051
OPCODE	0683	100	0.000051
OPCODE	E58B	100	0.000051
OPCODE	EA4D	100	0.000051
OPCODE	2E1F	100	0.000051
OPCODE	67AE	100	0.000051
OPCODE	6672	99	0.000050
OPCODE	6D2E	99	0.000050
OPCODE	122C	99	0.000050
OPCODE	C18C	99	0.000050
OPCODE	2482	99	0.000050
OPCODE	65E8	99	0.000050
OPCODE	93C8	99	0.000050
OPCODE	24E9	99	0.000050
OPCODE	B841	98	0.000050
OPCODE	BC6C	98	0.000050
OPCODE	5D42	98	0.000050
OPCODE	2A10	98	0.000050
OPCODE	B1FC	98	0.000050
OPCODE	3011	98	0.000050
OPCODE	6FEE	97	0.000049
OPCODE	3C10	97	0.000049
OPCODE	82FC	97	0.000049
OPCODE	677A	97	0.000049
OPCODE	5281	97	0.000049
OPCODE	D7E8	97	0.000049
OPCODE	2C28	97	0.000049
OPCODE	3742	96	0.000049
OPCODE	2B78	96	0.000049
OPCODE	3978	96	0.000049
OPCODE	6C44	96	0.000049
OPCODE	A862	96	0.000049
OPCODE	2683	96	0.000049
OPCODE	9C81	96	0.000049
OPCODE	4299	96	0.000049
OPCODE	3F2C	96	0.000049
OPCODE	9CFC	96	0.000049
OPCODE	6666	96	0.000049
OPCODE	7210	96	0.000049
OPCODE	6E06	96	0.000049
OPCODE	3E06	96	0.000049
OPCODE	2063	96	0.000049
OPCODE	D440	96	0.000049
OPCODE	4DEE	96	0.000049
OPCODE	3E09	95	0.000048
OPCODE	BE53	95	0.000048
OPCODE	6098	95	0.000048
OPCODE	0041	95	0.000048
OPCODE	E388	95	0.000048
OPCODE	66CC	95	0.000048
OPCODE	E54D	95	0.000048
OPCODE	D2C7	95	0.000048
OPCODE	222F	95	0.000048
OPCODE	DA46	95	0.000048
OPCODE	97CB	95	0.000048
OPCODE	0441	95	0.000048
OPCODE	2680	94	0.000048
OPCODE	31EC	94	0.000048
OPCODE	2203	94	0.000048
OPCODE	2F13	94	0.000048
OPCODE	A8E6	94	0.000048
OPCODE	20C2	93	0.000047
OPCODE	1203	93	0.000047
OPCODE	A889	93	0.000047
OPCODE	2A31	92	0.000047
OPCODE	396D	92	0.000047
OPCODE	A825	92	0.000047
OPCODE	2A69	92	0.000047
OPCODE	C589	92	0.000047
OPCODE	6788	92	0.000047
OPCODE	B001	92	0.000047
OPCODE	2030	91	0.000046
OPCODE	1204	91	0.000046
OPCODE	47EA	91	0.000046
OPCODE	2740	91	0.000046
OPCODE	B844	91	0.000046
OPCODE	4214	90	0.000046
OPCODE	4AAA	90	0.000046
OPCODE	666E	90	0.000046
OPCODE	2404	90	0.000046
OPCODE	E781	90	0.000046
OPCODE	720A	90	0.000046
OPCODE	2942	89	0.000045
OPCODE	1082	89	0.000045
OPCODE	0894	89	0.000045
OPCODE	2071	89	0.000045
OPCODE	665E	89	0.000045
OPCODE	6766	89	0.000045
OPCODE	E188	89	0.000045
OPCODE	A002	88	0.000045
OPCODE	E410	88	0.000045
OPCODE	6E14	88	0.000045
OPCODE	48F8	88	0.000045
OPCODE	9C85	87	0.000044
OPCODE	C043	87	0.000044
OPCODE	926C	87	0.000044
OPCODE	6B38	87	0.000044
OPCODE	84F8	87	0.000044
OPCODE	B7E8	87	0.000044
OPCODE	2E57	86	0.000044
OPCODE	6318	86	0.000044
OPCODE	4442	86	0.000044
OPCODE	67D4	86	0.000044
OPCODE	7E1F	86	0.000044
OPCODE	667C	85	0.000043
OPCODE	3368	85	0.000043
OPCODE	67BC	85	0.000043
OPCODE	2D9F	85	0.000043
OPCODE	641A	85	0.000043
OPCODE	90AB	85	0.000043
OPCODE	611C	85	0.000043
OPCODE	0643	85	0.000043
OPCODE	4252	85	0.000043
OPCODE	6F18	85	0.000043
OPCODE	6CD6	84	0.000043
OPCODE	2097	84	0.000043
OPCODE	2419	84	0.000043
OPCODE	6230	84	0.000043
OPCODE	6072	84	0.000043
OPCODE	B229	84	0.000043
OPCODE	41F7	84	0.000043
OPCODE	95C0	83	0.000042
OPCODE	31DF	83	0.000042
OPCODE	48B8	83	0.000042
OPCODE	B095	83	0.000042
OPCODE	97C0	83	0.000042
OPCODE	CC80	83	0.000042
OPCODE	102A	83	0.000042
OPCODE	6C0C	83	0.000042
OPCODE	9C6D	83	0.000042
OPCODE	E9AE	83	0.000042
OPCODE	D5C0	83	0.000042
OPCODE	651C	83	0.000042
OPCODE	9286	83	0.000042
OPCODE	2853	82	0.000042
OPCODE	6D44	82	0.000042
OPCODE	31FC	82	0.000042
OPCODE	442E	82	0.000042
OPCODE	6D52	82	0.000042
OPCODE	C22B	82	0.000042
OPCODE	61F6	82	0.000042
OPCODE	A9A0	81	0.000041
OPCODE	D740	81	0.000041
OPCODE	246B	81	0.000041
OPCODE	6768	81	0.000041
OPCODE	0246	81	0.000041
OPCODE	6B5C	81	0.000041
OPCODE	4213	81	0.000041
OPCODE	6204	80	0.000041
OPCODE	3F6F	80	0.000041
OPCODE	B543	80	0.000041
OPCODE	80F8	80	0.000041
OPCODE	28A8	80	0.000041
OPCODE	5D8F	80	0.000041
OPCODE	C641	80	0.000041
OPCODE	D5D4	80	0.000041
OPCODE	49F4	80	0.000041
OPCODE	B270	80	0.000041
OPCODE	A9EB	80	0.000041
OPCODE	6D54	80	0.000041
OPCODE	11F8	79	0.000040
OPCODE	B290	79	0.000040
OPCODE	D08C	79	0.000040
OPCODE	1B7C	79	0.000040
OPCODE	3169	79	0.000040
OPCODE	7602	79	0.000040
OPCODE	619C	79	0.000040
OPCODE	2E2B	79	0.000040
OPCODE	2807	78	0.000040
OPCODE	D804	78	0.000040
OPCODE	6668	78	0.000040
OPCODE	4646	78	0.000040
OPCODE	6D0C	78	0.000040
OPCODE	5BC1	78	0.000040
OPCODE	805F	78	0.000040
OPCODE	60EE	78	0.000040
OPCODE	4886	78	0.000040
OPCODE	3982	78	0.000040
OPCODE	2352	78	0.000040
OPCODE	BA59	78	0.000040
OPCODE	122A	78	0.000040
OPCODE	B089	78	0.000040
OPCODE	BC84	77	0.000039
OPCODE	62F4	77	0.000039
OPCODE	B2B8	77	0.000039
OPCODE	469B	77	0.000039
OPCODE	47E8	77	0.000039
OPCODE	90FC	77	0.000039
OPCODE	A03C	77	0.000039
OPCODE	7207	77	0.000039
OPCODE	2F49	77	0.000039
OPCODE	7280	76	0.000039
OPCODE	214A	76	0.000039
OPCODE	216B	76	0.000039
OPCODE	6020	76	0.000039
OPCODE	2D73	76	0.000039
OPCODE	5989	76	0.000039
OPCODE	B1CC	76	0.000039
OPCODE	2B4F	76	0.000039
OPCODE	A830	76	0.000039
OPCODE	1768	76	0.000039
OPCODE	C22D	76	0.000039
OPCODE	2A50	76	0.000039
OPCODE	2417	76	0.000039
OPCODE	B028	76	0.000039
OPCODE	D001	76	0.000039
OPCODE	A089	76	0.000039
OPCODE	E38F	75	0.000038
OPCODE	2F68	75	0.000038
OPCODE	6D78	75	0.000038
OPCODE	4AA9	75	0.000038
OPCODE	B644	75	0.000038
OPCODE	4259	74	0.000038
OPCODE	2A28	74	0.000038
OPCODE	928F	74	0.000038
OPCODE	9269	74	0.000038
OPCODE	E281	74	0.000038
OPCODE	2747	74	0.000038
OPCODE	D090	74	0.000038
OPCODE	2E49	74	0.000038
OPCODE	228E	74	0.000038
OPCODE	60D6	74	0.000038
OPCODE	D651	73	0.000037
OPCODE	86EA	73	0.000037
OPCODE	21C7	73	0.000037
OPCODE	60C4	73	0.000037
OPCODE	7C02	73	0.000037
OPCODE	84EA	73	0.000037
OPCODE	CCEA	73	0.000037
OPCODE	C4EA	73	0.000037
OPCODE	9E91	73	0.000037
OPCODE	2C09	73	0.000037
OPCODE	2605	73	0.000037
OPCODE	1C38	73	0.000037
OPCODE	606C	73	0.000037
OPCODE	2E11	73	0.000037
OPCODE	3031	73	0.000037
OPCODE	8CFC	73	0.000037
OPCODE	2A13	73	0.000037
OPCODE	DF53	73	0.000037
OPCODE	C6C6	73	0.000037
OPCODE	6C5A	73	0.000037
OPCODE	88EA	73	0.000037
OPCODE	6C0E	73	0.000037
OPCODE	D687	73	0.000037
OPCODE	2803	72	0.000037
OPCODE	A8D9	72	0.000037
OPCODE	6B3E	72	0.000037
OPCODE	B446	72	0.000037
OPCODE	C0D4	72	0.000037
OPCODE	C0E8	72	0.000037
OPCODE	4883	72	0.000037
OPCODE	3280	72	0.000037
OPCODE	0244	72	0.000037
OPCODE	6FDC	72	0.000037
OPCODE	EDC6	72	0.000037
OPCODE	3411	72	0.000037
OPCODE	2035	72	0.000037
OPCODE	2142	72	0.000037
OPCODE	72FE	72	0.000037
OPCODE	2611	72	0.000037
OPCODE	E140	71	0.000036
OPCODE	DDA8	71	0.000036
OPCODE	6D14	71	0.000036
OPCODE	802B	71	0.000036
OPCODE	0447	71	0.000036
OPCODE	9E86	71	0.000036
OPCODE	3A3C	71	0.000036
OPCODE	0C83	71	0.000036
OPCODE	DA86	71	0.000036
OPCODE	277C	71	0.000036
OPCODE	4251	71	0.000036
OPCODE	2C2B	71	0.000036
OPCODE	9078	70	0.000036
OPCODE	4480	70	0.000036
OPCODE	3838	70	0.000036
OPCODE	2E2F	70	0.000036
OPCODE	D86D	70	0.000036
OPCODE	D66D	70	0.000036
OPCODE	3A1F	70	0.000036
OPCODE	2612	70	0.000036
OPCODE	2A4B	70	0.000036
OPCODE	B444	70	0.000036
OPCODE	9478	70	0.000036
OPCODE	632A	69	0.000035
OPCODE	E7A8	69	0.000035
OPCODE	66C8	69	0.000035
OPCODE	49F0	69	0.000035
OPCODE	A8D8	69	0.000035
OPCODE	6050	69	0.000035
OPCODE	C188	68	0.000035
OPCODE	307C	68	0.000035
OPCODE	6FD8	68	0.000035
OPCODE	5288	68	0.000035
OPCODE	3812	68	0.000035
OPCODE	BBCC	68	0.000035
OPCODE	6348	68	0.000035
OPCODE	08E9	67	0.000034
OPCODE	0C11	67	0.000034
OPCODE	D684	67	0.000034
OPCODE	60F8	67	0.000034
OPCODE	2A6C	67	0.000034
OPCODE	6128	67	0.000034
OPCODE	2A48	67	0.000034
OPCODE	A8E5	66	0.000034
OPCODE	909B	66	0.000034
OPCODE	6B18	66	0.000034
OPCODE	42AF	65	0.000033
OPCODE	C068	65	0.000033
OPCODE	B897	65	0.000033
OPCODE	6C90	65	0.000033
OPCODE	2E3C	65	0.000033
OPCODE	F280	65	0.000033
OPCODE	3F7C	65	0.000033
OPCODE	0804	65	0.000033
OPCODE	642A	65	0.000033
OPCODE	B670	65	0.000033
OPCODE	95D4	65	0.000033
OPCODE	2F41	65	0.000033
OPCODE	6414	65	0.000033
OPCODE	4BED	65	0.000033
OPCODE	289F	65	0.000033
OPCODE	2274	64	0.000033
OPCODE	EF6D	64	0.000033
OPCODE	6044	64	0.000033
OPCODE	7CFF	64	0.000033
OPCODE	3340	64	0.000033
OPCODE	6B08	64	0.000033
OPCODE	6034	64	0.000033
OPCODE	6EF2	64	0.000033
OPCODE	6E02	64	0.000033
OPCODE	67E6	64	0.000033
OPCODE	D7F3	64	0.000033
OPCODE	D4C5	64	0.000033
OPCODE	4229	63	0.000032
OPCODE	0446	63	0.000032
OPCODE	2217	63	0.000032
OPCODE	A22E	63	0.000032
OPCODE	AA19	62	0.000032
OPCODE	20CC	62	0.000032
OPCODE	3946	62	0.000032
OPCODE	7403	62	0.000032
OPCODE	5849	62	0.000032
OPCODE	31C6	62	0.000032
OPCODE	7A0F	62	0.000032
OPCODE	5349	62	0.000032
OPCODE	AA1A	62	0.000032
OPCODE	341B	62	0.000032
OPCODE	0C69	62	0.000032
OPCODE	D0E8	62	0.000032
OPCODE	526B	61	0.000031
OPCODE	B268	61	0.000031
OPCODE	DA85	61	0.000031
OPCODE	2D0B	61	0.000031
OPCODE	300D	61	0.000031
OPCODE	196B	61	0.000031
OPCODE	2669	61	0.000031
OPCODE	C047	61	0.000031
OPCODE	EA88	61	0.000031
OPCODE	2943	61	0.000031
OPCODE	2A75	61	0.000031
OPCODE	266A	61	0.000031
OPCODE	C34D	61	0.000031
OPCODE	EFA9	61	0.000031
OPCODE	609E	61	0.000031
OPCODE	2171	61	0.000031
OPCODE	536B	61	0.000031
OPCODE	265E	61	0.000031
OPCODE	0878	61	0.000031
OPCODE	E18D	61	0.000031
OPCODE	2441	61	0.000031
OPCODE	7091	61	0.000031
OPCODE	2E2C	60	0.000031
OPCODE	D2C5	60	0.000031
OPCODE	3233	60	0.000031
OPCODE	E0AF	60	0.000031
OPCODE	E240	60	0.000031
OPCODE	E780	60	0.000031
OPCODE	2350	60	0.000031
OPCODE	5541	60	0.000031
OPCODE	B26A	60	0.000031
OPCODE	BC87	60	0.000031
OPCODE	926E	60	0.000031
OPCODE	45F2	59	0.000030
OPCODE	D5A8	59	0.000030
OPCODE	DEC7	59	0.000030
OPCODE	E08A	59	0.000030
OPCODE	2C13	59	0.000030
OPCODE	A1AD	59	0.000030
OPCODE	D04D	59	0.000030
OPCODE	300F	59	0.000030
OPCODE	95A8	59	0.000030
OPCODE	9C42	59	0.000030
OPCODE	D2C2	59	0.000030
OPCODE	6D12	59	0.000030
OPCODE	384B	59	0.000030
OPCODE	425C	59	0.000030
OPCODE	5001	59	0.000030
OPCODE	E18E	59	0.000030
OPCODE	9642	59	0.000030
OPCODE	6DF2	58	0.000030
OPCODE	D042	58	0.000030
OPCODE	A891	58	0.000030
OPCODE	2409	58	0.000030
OPCODE	E678	58	0.000030
OPCODE	E0AD	58	0.000030
OPCODE	522D	58	0.000030
OPCODE	C1C2	58	0.000030
OPCODE	532D	58	0.000030
OPCODE	45F3	58	0.000030
OPCODE	E34A	58	0.000030
OPCODE	B060	57	0.000029
OPCODE	30B1	57	0.000029
OPCODE	61A8	57	0.000029
OPCODE	514F	57	0.000029
OPCODE	6698	57	0.000029
OPCODE	A998	57	0.000029
OPCODE	262B	56	0.000029
OPCODE	E54F	56	0.000029
OPCODE	6316	56	0.000029
OPCODE	D06C	56	0.000029
OPCODE	B046	56	0.000029
OPCODE	9250	56	0.000029
OPCODE	4683	56	0.000029
OPCODE	2852	56	0.000029
OPCODE	67C8	55	0.000028
OPCODE	6C16	55	0.000028
OPCODE	6046	55	0.000028
OPCODE	3A10	55	0.000028
OPCODE	216A	54	0.000027
OPCODE	6B76	54	0.000027
OPCODE	4A5A	54	0.000027
OPCODE	956E	54	0.000027
OPCODE	C2AE	54	0.000027
OPCODE	30C6	54	0.000027
OPCODE	3320	54	0.000027
OPCODE	5282	54	0.000027
OPCODE	D7C2	54	0.000027
OPCODE	C0C3	54	0.000027
OPCODE	263C	53	0.000027
OPCODE	6642	53	0.000027
OPCODE	4CD8	53	0.000027
OPCODE	A8DD	53	0.000027
OPCODE	0BC3	53	0.000027
OPCODE	BE40	53	0.000027
OPCODE	5987	53	0.000027
OPCODE	7005	52	0.000026
OPCODE	6C22	52	0.000026
OPCODE	6F22	52	0.000026
OPCODE	46C2	52	0.000026
OPCODE	327C	52	0.000026
OPCODE	A975	52	0.000026
OPCODE	7206	52	0.000026
OPCODE	E9E8	52	0.000026
OPCODE	5384	52	0.000026
OPCODE	40C2	52	0.000026
OPCODE	426B	52	0.000026
OPCODE	D28C	52	0.000026
OPCODE	A8E0	52	0.000026
OPCODE	6A76	52	0.000026
OPCODE	5285	51	0.000026
OPCODE	6DC0	51	0.000026
OPCODE	3768	51	0.000026
OPCODE	6C26	51	0.000026
OPCODE	49EB	51	0.000026
OPCODE	2A2B	51	0.000026
OPCODE	E058	51	0.000026
OPCODE	3405	51	0.000026
OPCODE	740E	50	0.000025
OPCODE	ED40	50	0.000025
OPCODE	3629	50	0.000025
OPCODE	361F	50	0.000025
OPCODE	92A8	50	0.000025
OPCODE	816E	50	0.000025
OPCODE	5544	50	0.000025
OPCODE	3945	50	0.000025
OPCODE	6E20	50	0.000025
OPCODE	2F6D	50	0.000025
OPCODE	4291	50	0.000025
OPCODE	40C1	50	0.000025
OPCODE	46C1	50	0.000025
OPCODE	45F4	50	0.000025
OPCODE	724E	50	0.000025
OPCODE	B06A	50	0.000025
OPCODE	AAA2	50	0.000025
OPCODE	6F30	50	0.000025
OPCODE	0000	49	0.000025
OPCODE	5248	49	0.000025
OPCODE	A9ED	49	0.000025
OPCODE	5284	49	0.000025
OPCODE	D644	49	0.000025
OPCODE	74B0	49	0.000025
OPCODE	2818	49	0.000025
OPCODE	60C2	49	0.000025
OPCODE	92F8	49	0.000025
OPCODE	0C53	49	0.000025
OPCODE	0657	49	0.000025
OPCODE	B098	48	0.000024
OPCODE	66DC	48	0.000024
OPCODE	22C3	48	0.000024
OPCODE	6694	48	0.000024
OPCODE	36C6	48	0.000024
OPCODE	36C5	48	0.000024
OPCODE	7023	48	0.000024
OPCODE	361A	48	0.000024
OPCODE	261B	48	0.000024
OPCODE	A260	48	0.000024
OPCODE	58AE	48	0.000024
OPCODE	281B	48	0.000024
OPCODE	A0A5	48	0.000024
OPCODE	30D2	48	0.000024
OPCODE	690E	48	0.000024
OPCODE	6D40	48	0.000024
OPCODE	2C1B	48	0.000024
OPCODE	2B4B	48	0.000024
OPCODE	2540	48	0.000024
OPCODE	2A1B	48	0.000024
OPCODE	C052	48	0.000024
OPCODE	241A	48	0.000024
OPCODE	4EB4	48	0.000024
OPCODE	EFA8	48	0.000024
OPCODE	2D53	48	0.000024
OPCODE	4482	48	0.000024
OPCODE	2A49	48	0.000024
OPCODE	B101	47	0.000024
OPCODE	BEA8	47	0.000024
OPCODE	D4F2	47	0.000024
OPCODE	43D2	47	0.000024
OPCODE	9083	47	0.000024
OPCODE	D169	47	0.000024
OPCODE	A88B	47	0.000024
OPCODE	D6E8	46	0.000023
OPCODE	3B7C	46	0.000023
OPCODE	217C	46	0.000023
OPCODE	BA6B	46	0.000023
OPCODE	7610	46	0.000023
OPCODE	82C0	46	0.000023
OPCODE	6572	46	0.000023
OPCODE	9484	46	0.000023
OPCODE	7614	46	0.000023
OPCODE	70CE	46	0.000023
OPCODE	D0AA	46	0.000023
OPCODE	5C88	46	0.000023
OPCODE	61A2	46	0.000023
OPCODE	A05A	46	0.000023
OPCODE	117C	46	0.000023
OPCODE	2252	46	0.000023
OPCODE	BE82	46	0.000023
OPCODE	B7C0	46	0.000023
OPCODE	720E	46	0.000023
OPCODE	204D	45	0.000023
OPCODE	C348	45	0.000023
OPCODE	E54B	45	0.000023
OPCODE	6F42	45	0.000023
OPCODE	F624	45	0.000023
OPCODE	2282	45	0.000023
OPCODE	20AE	45	0.000023
OPCODE	9868	45	0.000023
OPCODE	A9EF	45	0.000023
OPCODE	6676	45	0.000023
OPCODE	3438	44	0.000022
OPCODE	4BEB	44	0.000022
OPCODE	A879	44	0.000022
OPCODE	6146	44	0.000022
OPCODE	3543	44	0.000022
OPCODE	3341	44	0.000022
OPCODE	A8E9	44	0.000022
OPCODE	B3CB	44	0.000022
OPCODE	D092	44	0.000022
OPCODE	21CE	44	0.000022
OPCODE	3F78	43	0.000022
OPCODE	60F6	43	0.000022
OPCODE	4640	43	0.000022
OPCODE	B5D9	43	0.000022
OPCODE	C0AE	43	0.000022
OPCODE	8042	43	0.000022
OPCODE	2842	43	0.000022
OPCODE	5043	43	0.000022
OPCODE	66C0	43	0.000022
OPCODE	281F	43	0.000022
OPCODE	60E0	42	0.000021
OPCODE	D0C4	42	0.000021
OPCODE	2B6B	42	0.000021
OPCODE	296C	42	0.000021
OPCODE	A89E	42	0.000021
OPCODE	723C	42	0.000021
OPCODE	D1A8	42	0.000021
OPCODE	3F33	42	0.000021
OPCODE	21C0	42	0.000021
OPCODE	A869	42	0.000021
OPCODE	60C6	42	0.000021
OPCODE	A8A3	42	0.000021
OPCODE	176C	42	0.000021
OPCODE	D1A9	42	0.000021
OPCODE	60E4	42	0.000021
OPCODE	740C	42	0.000021
OPCODE	6E1E	42	0.000021
OPCODE	296D	42	0.000021
OPCODE	214D	42	0.000021
OPCODE	2B45	42	0.000021
OPCODE	70ED	42	0.000021
OPCODE	2B44	42	0.000021
OPCODE	A851	41	0.000021
OPCODE	C2C4	41	0.000021
OPCODE	8047	41	0.000021
OPCODE	CA47	41	0.000021
OPCODE	8046	41	0.000021
OPCODE	0CA9	41	0.000021
OPCODE	700D	41	0.000021
OPCODE	8640	41	0.000021
OPCODE	D8C1	41	0.000021
OPCODE	3E0B	41	0.000021
OPCODE	5940	41	0.000021
OPCODE	6D28	41	0.000021
OPCODE	B7ED	41	0.000021
OPCODE	E641	41	0.000021
OPCODE	D885	41	0.000021
OPCODE	300C	41	0.000021
OPCODE	30BC	41	0.000021
OPCODE	906A	41	0.000021
OPCODE	B5F1	41	0.000021
OPCODE	B200	41	0.000021
OPCODE	5840	41	0.000021
OPCODE	D647	41	0.000021
OPCODE	360D	41	0.000021
OPCODE	022A	40	0.000020
OPCODE	0CA2	40	0.000020
OPCODE	7025	40	0.000020
OPCODE	EA8A	40	0.000020
OPCODE	6B6A	40	0.000020
OPCODE	54C0	40	0.000020
OPCODE	D485	40	0.000020
OPCODE	4ED6	40	0.000020
OPCODE	D284	40	0.000020
OPCODE	5743	40	0.000020
OPCODE	D6FC	40	0.000020
OPCODE	3F57	40	0.000020
OPCODE	747E	40	0.000020
OPCODE	3F30	40	0.000020
OPCODE	3C18	40	0.000020
OPCODE	4DFA	40	0.000020
OPCODE	2486	40	0.000020
OPCODE	6B54	40	0.000020
OPCODE	6DA8	40	0.000020
OPCODE	2A6F	40	0.000020
OPCODE	D083	40	0.000020
OPCODE	AA64	40	0.000020
OPCODE	E291	39	0.000020
OPCODE	7404	39	0.000020
OPCODE	AA17	39	0.000020
OPCODE	B687	39	0.000020
OPCODE	965F	39	0.000020
OPCODE	D483	39	0.000020
OPCODE	5A40	39	0.000020
OPCODE	962A	39	0.000020
OPCODE	34BC	39	0.000020
OPCODE	3607	39	0.000020
OPCODE	EE4A	39	0.000020
OPCODE	EF8A	39	0.000020
OPCODE	3E12	39	0.000020
OPCODE	CAC1	39	0.000020
OPCODE	E399	39	0.000020
OPCODE	E582	39	0.000020
OPCODE	0A3C	39	0.000020
OPCODE	7647	39	0.000020
OPCODE	2550	39	0.000020
OPCODE	6654	39	0.000020
OPCODE	9859	39	0.000020
OPCODE	A9C6	39	0.000020
OPCODE	B474	39	0.000020
OPCODE	66C2	39	0.000020
OPCODE	9A59	39	0.000020
OPCODE	9A68	39	0.000020
OPCODE	B292	39	0.000020
OPCODE	763B	39	0.000020
OPCODE	56E7	39	0.000020
OPCODE	1828	39	0.000020
OPCODE	2E05	39	0.000020
OPCODE	57E7	39	0.000020
OPCODE	968D	39	0.000020
OPCODE	E250	39	0.000020
OPCODE	B0B4	39	0.000020
OPCODE	B128	39	0.000020
OPCODE	9359	39	0.000020
OPCODE	2205	39	0.000020
OPCODE	60EC	39	0.000020
OPCODE	1345	39	0.000020
OPCODE	9159	39	0.000020
OPCODE	0A80	39	0.000020
OPCODE	A90B	39	0.000020
OPCODE	4857	38	0.000019
OPCODE	653A	38	0.000019
OPCODE	BAAC	38	0.000019
OPCODE	E840	38	0.000019
OPCODE	5845	38	0.000019
OPCODE	6ED6	38	0.000019
OPCODE	2EB1	38	0.000019
OPCODE	2454	38	0.000019
OPCODE	D490	38	0.000019
OPCODE	47ED	38	0.000019
OPCODE	9068	38	0.000019
OPCODE	C34A	38	0.000019
OPCODE	12BC	38	0.000019
OPCODE	0CAC	38	0.000019
OPCODE	08C7	37	0.000019
OPCODE	AA42	37	0.000019
OPCODE	006C	37	0.000019
OPCODE	E7A9	37	0.000019
OPCODE	218C	37	0.000019
OPCODE	6214	37	0.000019
OPCODE	A868	37	0.000019
OPCODE	47F8	36	0.000018
OPCODE	A994	36	0.000018
OPCODE	22D2	36	0.000018
OPCODE	B659	36	0.000018
OPCODE	D168	36	0.000018
OPCODE	0CAD	36	0.000018
OPCODE	262F	36	0.000018
OPCODE	C1C7	36	0.000018
OPCODE	2320	36	0.000018
OPCODE	B259	36	0.000018
OPCODE	B459	36	0.000018
OPCODE	0214	36	0.000018
OPCODE	C041	36	0.000018
OPCODE	082F	36	0.000018
OPCODE	3F2D	36	0.000018
OPCODE	2017	36	0.000018
OPCODE	6062	36	0.000018
OPCODE	3380	36	0.000018
OPCODE	3C3C	36	0.000018
OPCODE	A8DC	36	0.000018
OPCODE	0C54	36	0.000018
OPCODE	2057	36	0.000018
OPCODE	EA8D	35	0.000018
OPCODE	9C40	35	0.000018
OPCODE	3E2D	35	0.000018
OPCODE	2C45	35	0.000018
OPCODE	4850	35	0.000018
OPCODE	32C5	35	0.000018
OPCODE	D26D	35	0.000018
OPCODE	E58A	35	0.000018
OPCODE	91C2	35	0.000018
OPCODE	9582	35	0.000018
OPCODE	D645	35	0.000018
OPCODE	B645	35	0.000018
OPCODE	9050	35	0.000018
OPCODE	32C3	35	0.000018
OPCODE	9A84	35	0.000018
OPCODE	47F7	35	0.000018
OPCODE	0181	35	0.000018
OPCODE	E488	35	0.000018
OPCODE	DBC5	35	0.000018
OPCODE	D551	35	0.000018
OPCODE	B9EB	35	0.000018
OPCODE	2870	35	0.000018
OPCODE	32C2	35	0.000018
OPCODE	6E18	35	0.000018
OPCODE	0287	35	0.000018
OPCODE	7A10	35	0.000018
OPCODE	C8C2	35	0.000018
OPCODE	49F8	35	0.000018
OPCODE	E78A	35	0.000018
OPCODE	3078	35	0.000018
OPCODE	4217	35	0.000018
OPCODE	422A	35	0.000018
OPCODE	9285	35	0.000018
OPCODE	3270	35	0.000018
OPCODE	196E	35	0.000018
OPCODE	EEAA	35	0.000018
OPCODE	4DEC	35	0.000018
OPCODE	EEAD	35	0.000018
OPCODE	3256	35	0.000018
OPCODE	B245	35	0.000018
OPCODE	EF6E	35	0.000018
OPCODE	A93A	35	0.000018
OPCODE	8082	35	0.000018
OPCODE	61DC	35	0.000018
OPCODE	3285	35	0.000018
OPCODE	1E30	35	0.000018
OPCODE	E685	35	0.000018
OPCODE	6B4E	35	0.000018
OPCODE	6C1E	34	0.000017
OPCODE	6D32	34	0.000017
OPCODE	B3CC	34	0.000017
OPCODE	ED98	34	0.000017
OPCODE	16BC	34	0.000017
OPCODE	7A1F	34	0.000017
OPCODE	2873	34	0.000017
OPCODE	BC47	34	0.000017
OPCODE	CA81	34	0.000017
OPCODE	5C44	34	0.000017
OPCODE	E681	34	0.000017
OPCODE	6524	34	0.000017
OPCODE	1740	34	0.000017
OPCODE	80BC	34	0.000017
OPCODE	214B	34	0.000017
OPCODE	3E2C	34	0.000017
OPCODE	2C01	34	0.000017
OPCODE	3E05	34	0.000017
OPCODE	1941	34	0.000017
OPCODE	4297	34	0.000017
OPCODE	D9D0	34	0.000017
OPCODE	5945	34	0.000017
OPCODE	802D	34	0.000017
OPCODE	C441	34	0.000017
OPCODE	6D3E	34	0.000017
OPCODE	6EAC	34	0.000017
OPCODE	524B	34	0.000017
OPCODE	4C41	34	0.000017
OPCODE	3F2F	34	0.000017
OPCODE	B5E9	34	0.000017
OPCODE	E0A1	34	0.000017
OPCODE	3747	33	0.000017
OPCODE	A8A9	33	0.000017
OPCODE	3D45	33	0.000017
OPCODE	BE80	33	0.000017
OPCODE	0257	33	0.000017
OPCODE	631E	33	0.000017
OPCODE	E84C	33	0.000017
OPCODE	6056	33	0.000017
OPCODE	6EF8	33	0.000017
OPCODE	7410	33	0.000017
OPCODE	6652	33	0.000017
OPCODE	E48E	33	0.000017
OPCODE	E8A1	33	0.000017
OPCODE	2280	33	0.000017
OPCODE	6064	33	0.000017
OPCODE	3942	32	0.000016
OPCODE	381A	32	0.000016
OPCODE	A887	32	0.000016
OPCODE	6CBC	32	0.000016
OPCODE	C5EC	32	0.000016
OPCODE	7044	32	0.000016
OPCODE	B0FC	32	0.000016
OPCODE	2206	32	0.000016
OPCODE	342C	32	0.000016
OPCODE	3A06	32	0.000016
OPCODE	2328	32	0.000016
OPCODE	6066	32	0.000016
OPCODE	0682	32	0.000016
OPCODE	4686	32	0.000016
OPCODE	DFAC	32	0.000016
OPCODE	A80A	32	0.000016
OPCODE	31E1	32	0.000016
OPCODE	CE03	32	0.000016
OPCODE	E0AE	32	0.000016
OPCODE	297C	31	0.000016
OPCODE	9EFC	31	0.000016
OPCODE	EF8E	31	0.000016
OPCODE	446F	31	0.000016
OPCODE	5841	31	0.000016
OPCODE	3B40	31	0.000016
OPCODE	6C34	31	0.000016
OPCODE	7030	31	0.000016
OPCODE	2607	31	0.000016
OPCODE	5148	31	0.000016
OPCODE	2144	31	0.000016
OPCODE	D880	31	0.000016
OPCODE	6122	31	0.000016
OPCODE	B02E	31	0.000016
OPCODE	6074	31	0.000016
OPCODE	3E18	30	0.000015
OPCODE	9E80	30	0.000015
OPCODE	9EC4	30	0.000015
OPCODE	6B32	30	0.000015
OPCODE	4A9F	30	0.000015
OPCODE	3345	30	0.000015
OPCODE	CBC0	30	0.000015
OPCODE	3C2D	30	0.000015
OPCODE	6D2A	30	0.000015
OPCODE	E342	30	0.000015
OPCODE	0887	30	0.000015
OPCODE	89FC	30	0.000015
OPCODE	B7EC	30	0.000015
OPCODE	0644	30	0.000015
OPCODE	E668	30	0.000015
OPCODE	DA44	30	0.000015
OPCODE	4469	30	0.000015
OPCODE	3332	30	0.000015
OPCODE	1A10	30	0.000015
OPCODE	A08F	30	0.000015
OPCODE	3A18	30	0.000015
OPCODE	0204	30	0.000015
OPCODE	9969	30	0.000015
OPCODE	6120	30	0.000015
OPCODE	E946	30	0.000015
OPCODE	22C8	30	0.000015
OPCODE	6198	30	0.000015
OPCODE	92C4	30	0.000015
OPCODE	D593	30	0.000015
OPCODE	C8C1	30	0.000015
OPCODE	2702	30	0.000015
OPCODE	61B2	30	0.000015
OPCODE	C05A	30	0.000015
OPCODE	1091	30	0.000015
OPCODE	4263	30	0.000015
OPCODE	3618	30	0.000015
OPCODE	DE46	30	0.000015
OPCODE	E05A	30	0.000015
OPCODE	BA29	30	0.000015
OPCODE	2682	30	0.000015
OPCODE	DC47	30	0.000015
OPCODE	E445	30	0.000015
OPCODE	C4C5	30	0.000015
OPCODE	D78C	30	0.000015
OPCODE	16DC	30	0.000015
OPCODE	C4C6	30	0.000015
OPCODE	3040	30	0.000015
OPCODE	6D1E	29	0.000015
OPCODE	48C4	29	0.000015
OPCODE	53EE	29	0.000015
OPCODE	613C	29	0.000015
OPCODE	C544	29	0.000015
OPCODE	A8A1	29	0.000015
OPCODE	9441	29	0.000015
OPCODE	3210	29	0.000015
OPCODE	006B	29	0.000015
OPCODE	50E8	29	0.000015
OPCODE	382C	29	0.000015
OPCODE	2E01	29	0.000015
OPCODE	6F2A	29	0.000015
OPCODE	A863	28	0.000014
OPCODE	DDC0	28	0.000014
OPCODE	90AE	28	0.000014
OPCODE	A803	28	0.000014
OPCODE	C840	28	0.000014
OPCODE	E0AB	28	0.000014
OPCODE	4A56	28	0.000014
OPCODE	C286	28	0.000014
OPCODE	B053	28	0.000014
OPCODE	3199	28	0.000014
OPCODE	62F2	28	0.000014
OPCODE	11D9	28	0.000014
OPCODE	2150	28	0.000014
OPCODE	6D82	28	0.000014
OPCODE	41F4	28	0.000014
OPCODE	2180	28	0.000014
OPCODE	E7AA	28	0.000014
OPCODE	41D4	28	0.000014
OPCODE	301E	28	0.000014
OPCODE	BB86	28	0.000014
OPCODE	216F	28	0.000014
OPCODE	CC94	28	0.000014
OPCODE	43F4	28	0.000014
OPCODE	A87A	28	0.000014
OPCODE	3D00	28	0.000014
OPCODE	D06F	28	0.000014
OPCODE	6E12	28	0.000014
OPCODE	43D4	28	0.000014
OPCODE	9DC0	28	0.000014
OPCODE	7626	28	0.000014
OPCODE	E180	28	0.000014
OPCODE	9168	28	0.000014
OPCODE	294E	28	0.000014
OPCODE	28C6	28	0.000014
OPCODE	61C2	28	0.000014
OPCODE	8C81	28	0.000014
OPCODE	CA83	28	0.000014
OPCODE	0C2C	28	0.000014
OPCODE	2874	28	0.000014
OPCODE	8E00	28	0.000014
OPCODE	CC84	28	0.000014
OPCODE	74FE	27	0.000014
OPCODE	D06B	27	0.000014
OPCODE	E249	27	0.000014
OPCODE	704A	27	0.000014
OPCODE	A126	27	0.000014
OPCODE	0890	27	0.000014
OPCODE	B043	27	0.000014
OPCODE	A88A	27	0.000014
OPCODE	EDC1	27	0.000014
OPCODE	508C	27	0.000014
OPCODE	4A59	27	0.000014
OPCODE	DC82	27	0.000014
OPCODE	3C2C	27	0.000014
OPCODE	234A	27	0.000014
OPCODE	6E76	26	0.000013
OPCODE	E9A8	26	0.000013
OPCODE	6E58	26	0.000013
OPCODE	A01B	26	0.000013
OPCODE	3352	26	0.000013
OPCODE	6E1A	26	0.000013
OPCODE	2E0B	26	0.000013
OPCODE	B854	26	0.000013
OPCODE	8441	26	0.000013
OPCODE	56E8	26	0.000013
OPCODE	229F	26	0.000013
OPCODE	2147	26	0.000013
OPCODE	3A2A	26	0.000013
OPCODE	182E	26	0.000013
OPCODE	0294	26	0.000013
OPCODE	EDE8	26	0.000013
OPCODE	3E29	26	0.000013
OPCODE	60A0	26	0.000013
OPCODE	0C06	26	0.000013
OPCODE	518B	26	0.000013
OPCODE	62F0	26	0.000013
OPCODE	65EA	26	0.000013
OPCODE	ECE8	26	0.000013
OPCODE	50C1	26	0.000013
OPCODE	BEAB	26	0.000013
OPCODE	D482	26	0.000013
OPCODE	3E80	26	0.000013
OPCODE	674E	26	0.000013
OPCODE	70FD	26	0.000013
OPCODE	5A80	26	0.000013
OPCODE	60D4	26	0.000013
OPCODE	8001	26	0.000013
OPCODE	9047	26	0.000013
OPCODE	376D	25	0.000013
OPCODE	01C1	25	0.000013
OPCODE	A722	25	0.000013
OPCODE	9A44	25	0.000013
OPCODE	36A8	25	0.000013
OPCODE	A939	25	0.000013
OPCODE	36AD	25	0.000013
OPCODE	3829	25	0.000013
OPCODE	98FC	25	0.000013
OPCODE	08C3	25	0.000013
OPCODE	1EB8	24	0.000012
OPCODE	BA43	24	0.000012
OPCODE	9452	24	0.000012
OPCODE	A87B	24	0.000012
OPCODE	C543	24	0.000012
OPCODE	A949	24	0.000012
OPCODE	CC81	24	0.000012
OPCODE	D16F	24	0.000012
OPCODE	1434	24	0.000012
OPCODE	AA27	24	0.000012
OPCODE	D095	24	0.000012
OPCODE	21C1	24	0.000012
OPCODE	3631	24	0.000012
OPCODE	6CEC	24	0.000012
OPCODE	DE80	24	0.000012
OPCODE	E2A0	24	0.000012
OPCODE	DE87	24	0.000012
OPCODE	E319	24	0.000012
OPCODE	E411	24	0.000012
OPCODE	262C	24	0.000012
OPCODE	6DF8	24	0.000012
OPCODE	740A	24	0.000012
OPCODE	E4A1	24	0.000012
OPCODE	D642	24	0.000012
OPCODE	D2BC	24	0.000012
OPCODE	5307	24	0.000012
OPCODE	254B	24	0.000012
OPCODE	3C29	24	0.000012
OPCODE	5C42	24	0.000012
OPCODE	E8A0	24	0.000012
OPCODE	E709	24	0.000012
OPCODE	335A	24	0.000012
OPCODE	32E9	24	0.000012
OPCODE	6F40	24	0.000012
OPCODE	D111	23	0.000012
OPCODE	D157	23	0.000012
OPCODE	3944	23	0.000012
OPCODE	2085	23	0.000012
OPCODE	6760	23	0.000012
OPCODE	0A00	23	0.000012
OPCODE	2958	23	0.000012
OPCODE	DBE8	23	0.000012
OPCODE	2A68	23	0.000012
OPCODE	7021	23	0.000012
OPCODE	6EE4	23	0.000012
OPCODE	615A	23	0.000012
OPCODE	9843	23	0.000012
OPCODE	7078	23	0.000012
OPCODE	20C5	22	0.000011
OPCODE	6C76	22	0.000011
OPCODE	EA49	22	0.000011
OPCODE	66CE	22	0.000011
OPCODE	A8DE	22	0.000011
OPCODE	51E8	22	0.000011
OPCODE	C4C1	22	0.000011
OPCODE	2A1F	22	0.000011
OPCODE	5358	22	0.000011
OPCODE	6410	22	0.000011
OPCODE	D150	22	0.000011
OPCODE	5258	22	0.000011
OPCODE	D180	22	0.000011
OPCODE	6A2A	22	0.000011
OPCODE	3F19	22	0.000011
OPCODE	0128	22	0.000011
OPCODE	234F	22	0.000011
OPCODE	0450	22	0.000011
OPCODE	2407	22	0.000011
OPCODE	3D69	22	0.000011
OPCODE	45EC	22	0.000011
OPCODE	4C2F	22	0.000011
OPCODE	60B8	22	0.000011
OPCODE	1618	22	0.000011
OPCODE	0701	22	0.000011
OPCODE	50EB	22	0.000011
OPCODE	6302	22	0.000011
OPCODE	4851	22	0.000011
OPCODE	30EA	22	0.000011
OPCODE	30AA	22	0.000011
OPCODE	20EA	22	0.000011
OPCODE	E1AB	21	0.000011
OPCODE	986E	21	0.000011
OPCODE	2C38	21	0.000011
OPCODE	4C46	21	0.000011
OPCODE	3290	21	0.000011
OPCODE	4A88	21	0.000011
OPCODE	91A9	21	0.000011
OPCODE	9444	21	0.000011
OPCODE	A11E	21	0.000011
OPCODE	9259	21	0.000011
OPCODE	223A	21	0.000011
OPCODE	61B8	21	0.000011
OPCODE	6D9A	21	0.000011
OPCODE	8050	21	0.000011
OPCODE	8058	21	0.000011
OPCODE	A8DF	21	0.000011
OPCODE	966E	21	0.000011
OPCODE	2881	20	0.000010
OPCODE	D068	20	0.000010
OPCODE	A89B	20	0.000010
OPCODE	BFC4	20	0.000010
OPCODE	D088	20	0.000010
OPCODE	6C3C	20	0.000010
OPCODE	A8B5	20	0.000010
OPCODE	0C14	20	0.000010
OPCODE	0CB8	20	0.000010
OPCODE	6E32	20	0.000010
OPCODE	2A0B	20	0.000010
OPCODE	12A8	20	0.000010
OPCODE	7278	20	0.000010
OPCODE	90A8	20	0.000010
OPCODE	6512	20	0.000010
OPCODE	544C	20	0.000010
OPCODE	24F4	20	0.000010
OPCODE	4698	20	0.000010
OPCODE	8194	20	0.000010
OPCODE	3211	20	0.000010
OPCODE	D1AD	20	0.000010
OPCODE	BE6C	20	0.000010
OPCODE	11EB	20	0.000010
OPCODE	B393	19	0.000010
OPCODE	0C18	19	0.000010
OPCODE	615C	19	0.000010
OPCODE	D02C	19	0.000010
OPCODE	51C6	19	0.000010
OPCODE	51C4	19	0.000010
OPCODE	8128	19	0.000010
OPCODE	3D6B	19	0.000010
OPCODE	ABC9	19	0.000010
OPCODE	C044	19	0.000010
OPCODE	61CA	19	0.000010
OPCODE	61B6	19	0.000010
OPCODE	2898	19	0.000010
OPCODE	026B	19	0.000010
OPCODE	224E	19	0.000010
OPCODE	E2AD	19	0.000010
OPCODE	61BA	19	0.000010
OPCODE	C0EA	19	0.000010
OPCODE	6D38	19	0.000010
OPCODE	61D2	19	0.000010
OPCODE	902C	19	0.000010
OPCODE	9669	19	0.000010
OPCODE	7AFC	19	0.000010
OPCODE	B62C	19	0.000010
OPCODE	7604	19	0.000010
OPCODE	7013	19	0.000010
OPCODE	EA4B	19	0.000010
OPCODE	D084	19	0.000010
OPCODE	9869	19	0.000010
OPCODE	1340	19	0.000010
OPCODE	B5F8	19	0.000010
OPCODE	605E	19	0.000010
OPCODE	EA4C	19	0.000010
OPCODE	6068	19	0.000010
OPCODE	2C2C	19	0.000010
OPCODE	5440	19	0.000010
OPCODE	3F2A	19	0.000010
OPCODE	D6C0	19	0.000010
OPCODE	675E	19	0.000010
OPCODE	7228	19	0.000010
OPCODE	3F2B	19	0.000010
OPCODE	276C	18	0.000009
OPCODE	D059	18	0.000009
OPCODE	D057	18	0.000009
OPCODE	9283	18	0.000009
OPCODE	E782	18	0.000009
OPCODE	C001	18	0.000009
OPCODE	5C43	18	0.000009
OPCODE	0C2E	18	0.000009
OPCODE	A198	18	0.000009
OPCODE	3298	18	0.000009
OPCODE	3214	18	0.000009
OPCODE	4CF8	18	0.000009
OPCODE	141C	18	0.000009
OPCODE	E8C0	18	0.000009
OPCODE	522C	18	0.000009
OPCODE	C05F	18	0.000009
OPCODE	2B4C	18	0.000009
OPCODE	208F	18	0.000009
OPCODE	52AC	18	0.000009
OPCODE	C06C	18	0.000009
OPCODE	C343	18	0.000009
OPCODE	6AC0	18	0.000009
OPCODE	BE6B	18	0.000009
OPCODE	2E42	18	0.000009
OPCODE	3744	18	0.000009
OPCODE	0259	18	0.000009
OPCODE	21E8	18	0.000009
OPCODE	2953	18	0.000009
OPCODE	652C	18	0.000009
OPCODE	A8A8	18	0.000009
OPCODE	B653	18	0.000009
OPCODE	AA34	18	0.000009
OPCODE	A899	18	0.000009
OPCODE	A898	18	0.000009
OPCODE	6CD8	18	0.000009
OPCODE	6CEA	18	0.000009
OPCODE	EAC0	18	0.000009
OPCODE	DC87	18	0.000009
OPCODE	966A	18	0.000009
OPCODE	1F07	18	0.000009
OPCODE	9040	18	0.000009
OPCODE	1E2C	18	0.000009
OPCODE	3F10	18	0.000009
OPCODE	F35F	18	0.000009
OPCODE	9058	18	0.000009
OPCODE	A04C	18	0.000009
OPCODE	240F	18	0.000009
OPCODE	9258	18	0.000009
OPCODE	908F	18	0.000009
OPCODE	70D5	18	0.000009
OPCODE	9086	18	0.000009
OPCODE	A815	17	0.000009
OPCODE	C2DF	17	0.000009
OPCODE	0068	17	0.000009
OPCODE	4228	17	0.000009
OPCODE	1801	17	0.000009
OPCODE	7042	17	0.000009
OPCODE	1A03	17	0.000009
OPCODE	E98E	17	0.000009
OPCODE	3A2B	17	0.000009
OPCODE	64CA	17	0.000009
OPCODE	B868	17	0.000009
OPCODE	6454	17	0.000009
OPCODE	66B0	17	0.000009
OPCODE	7A07	17	0.000009
OPCODE	EAD0	17	0.000009
OPCODE	0110	17	0.000009
OPCODE	7808	17	0.000009
OPCODE	70DC	17	0.000009
OPCODE	70DD	17	0.000009
OPCODE	723A	17	0.000009
OPCODE	9C83	17	0.000009
OPCODE	DEAE	17	0.000009
OPCODE	CA2B	17	0.000009
OPCODE	CC6B	17	0.000009
OPCODE	2642	17	0.000009
OPCODE	2074	17	0.000009
OPCODE	2647	17	0.000009
OPCODE	70F9	17	0.000009
OPCODE	9268	17	0.000009
OPCODE	B08E	17	0.000009
OPCODE	341C	17	0.000009
OPCODE	C12C	17	0.000009
OPCODE	1A2C	17	0.000009
OPCODE	6276	17	0.000009
OPCODE	1B43	17	0.000009
OPCODE	631A	17	0.000009
OPCODE	C028	17	0.000009
OPCODE	2A4C	16	0.000008
OPCODE	294A	16	0.000008
OPCODE	2338	16	0.000008
OPCODE	1A31	16	0.000008
OPCODE	E144	16	0.000008
OPCODE	3338	16	0.000008
OPCODE	D26A	16	0.000008
OPCODE	E14C	16	0.000008
OPCODE	B8A9	16	0.000008
OPCODE	0044	16	0.000008
OPCODE	E04C	16	0.000008
OPCODE	5CC0	16	0.000008
OPCODE	1803	16	0.000008
OPCODE	3484	16	0.000008
OPCODE	5C49	16	0.000008
OPCODE	7213	16	0.000008
OPCODE	5C41	16	0.000008
OPCODE	A89D	16	0.000008
OPCODE	5905	16	0.000008
OPCODE	3544	16	0.000008
OPCODE	B891	16	0.000008
OPCODE	52AB	16	0.000008
OPCODE	36AE	16	0.000008
OPCODE	426A	16	0.000008
OPCODE	ABCA	16	0.000008
OPCODE	10C1	16	0.000008
OPCODE	650E	16	0.000008
OPCODE	8200	16	0.000008
OPCODE	8800	16	0.000008
OPCODE	36BC	16	0.000008
OPCODE	1F2F	16	0.000008
OPCODE	6536	16	0.000008
OPCODE	45EB	16	0.000008
OPCODE	806E	16	0.000008
OPCODE	B0AF	16	0.000008
OPCODE	2F12	16	0.000008
OPCODE	536A	16	0.000008
OPCODE	21E1	16	0.000008
OPCODE	183B	16	0.000008
OPCODE	1A30	16	0.000008
OPCODE	182A	16	0.000008
OPCODE	181B	16	0.000008
OPCODE	D957	16	0.000008
OPCODE	3081	16	0.000008
OPCODE	21CD	16	0.000008
OPCODE	242C	16	0.000008
OPCODE	26DC	16	0.000008
OPCODE	6FF2	16	0.000008
OPCODE	2748	16	0.000008
OPCODE	2746	16	0.000008
OPCODE	0C32	16	0.000008
OPCODE	9EAB	16	0.000008
OPCODE	A809	16	0.000008
OPCODE	280B	16	0.000008
OPCODE	DA45	16	0.000008
OPCODE	D06D	16	0.000008
OPCODE	DB45	16	0.000008
OPCODE	B83A	16	0.000008
OPCODE	5580	15	0.000008
OPCODE	9A6B	15	0.000008
OPCODE	67A6	15	0.000008
OPCODE	6782	15	0.000008
OPCODE	6656	15	0.000008
OPCODE	2283	15	0.000008
OPCODE	4CB8	15	0.000008
OPCODE	5847	15	0.000008
OPCODE	257C	15	0.000008
OPCODE	6F44	15	0.000008
OPCODE	2631	15	0.000008
OPCODE	32BC	15	0.000008
OPCODE	2964	15	0.000008
OPCODE	C046	15	0.000008
OPCODE	52A8	15	0.000008
OPCODE	2023	15	0.000008
OPCODE	0C10	15	0.000008
OPCODE	2688	15	0.000008
OPCODE	AA44	15	0.000008
OPCODE	9E81	15	0.000008
OPCODE	DE6E	15	0.000008
OPCODE	B3EA	15	0.000008
OPCODE	316E	15	0.000008
OPCODE	2886	15	0.000008
OPCODE	A87C	15	0.000008
OPCODE	BE41	15	0.000008
OPCODE	2887	15	0.000008
OPCODE	BB9B	15	0.000008
OPCODE	6312	15	0.000008
OPCODE	3D01	14	0.000007
OPCODE	3F1E	14	0.000007
OPCODE	282B	14	0.000007
OPCODE	3C28	14	0.000007
OPCODE	6082	14	0.000007
OPCODE	2A7A	14	0.000007
OPCODE	E349	14	0.000007
OPCODE	607E	14	0.000007
OPCODE	222D	14	0.000007
OPCODE	2088	14	0.000007
OPCODE	2F31	14	0.000007
OPCODE	31EE	14	0.000007
OPCODE	7A02	14	0.000007
OPCODE	613E	14	0.000007
OPCODE	7088	14	0.000007
OPCODE	6684	14	0.000007
OPCODE	A162	14	0.000007
OPCODE	CD40	14	0.000007
OPCODE	50C6	14	0.000007
OPCODE	A81E	14	0.000007
OPCODE	B450	14	0.000007
OPCODE	7024	14	0.000007
OPCODE	B468	14	0.000007
OPCODE	5357	14	0.000007
OPCODE	B092	14	0.000007
OPCODE	6070	14	0.000007
OPCODE	9DC1	14	0.000007
OPCODE	6BF0	14	0.000007
OPCODE	6C2C	14	0.000007
OPCODE	0C85	14	0.000007
OPCODE	7218	14	0.000007
OPCODE	240C	14	0.000007
OPCODE	70FB	14	0.000007
OPCODE	E049	14	0.000007
OPCODE	9244	14	0.000007
OPCODE	7416	14	0.000007
OPCODE	E64A	14	0.000007
OPCODE	DDC1	14	0.000007
OPCODE	2D57	13	0.000007
OPCODE	268A	13	0.000007
OPCODE	3034	13	0.000007
OPCODE	7A04	13	0.000007
OPCODE	4274	13	0.000007
OPCODE	A522	13	0.000007
OPCODE	A823	13	0.000007
OPCODE	613A	13	0.000007
OPCODE	532C	13	0.000007
OPCODE	6E4E	13	0.000007
OPCODE	605A	13	0.000007
OPCODE	A207	13	0.000007
OPCODE	2E30	13	0.000007
OPCODE	4C90	13	0.000007
OPCODE	966B	13	0.000007
OPCODE	D6C1	13	0.000007
OPCODE	DEC1	13	0.000007
OPCODE	651E	13	0.000007
OPCODE	E688	13	0.000007
OPCODE	6D22	13	0.000007
OPCODE	11B3	13	0.000007
OPCODE	0014	13	0.000007
OPCODE	3C07	13	0.000007
OPCODE	2857	13	0.000007
OPCODE	A950	13	0.000007
OPCODE	329F	13	0.000007
OPCODE	3F42	13	0.000007
OPCODE	640C	13	0.000007
OPCODE	5886	13	0.000007
OPCODE	4682	13	0.000007
OPCODE	588A	13	0.000007
OPCODE	B46A	13	0.000007
OPCODE	6132	13	0.000007
OPCODE	616E	13	0.000007
OPCODE	2C3C	13	0.000007
OPCODE	2213	13	0.000007
OPCODE	3178	13	0.000007
OPCODE	2774	13	0.000007
OPCODE	3084	13	0.000007
OPCODE	2A12	13	0.000007
OPCODE	6E42	13	0.000007
OPCODE	B08B	12	0.000006
OPCODE	31BC	12	0.000006
OPCODE	E740	12	0.000006
OPCODE	026C	12	0.000006
OPCODE	2890	12	0.000006
OPCODE	1004	12	0.000006
OPCODE	6D9E	12	0.000006
OPCODE	116F	12	0.000006
OPCODE	544A	12	0.000006
OPCODE	A800	12	0.000006
OPCODE	3180	12	0.000006
OPCODE	6502	12	0.000006
OPCODE	EAAA	12	0.000006
OPCODE	A892	12	0.000006
OPCODE	AA67	12	0.000006
OPCODE	3087	12	0.000006
OPCODE	44FC	12	0.000006
OPCODE	22DB	12	0.000006
OPCODE	6CC2	12	0.000006
OPCODE	95AE	12	0.000006
OPCODE	B287	12	0.000006
OPCODE	C093	12	0.000006
OPCODE	EF6A	12	0.000006
OPCODE	70F3	12	0.000006
OPCODE	66BC	12	0.000006
OPCODE	EFAA	12	0.000006
OPCODE	6B1C	12	0.000006
OPCODE	D8C5	12	0.000006
OPCODE	0C90	12	0.000006
OPCODE	2D03	12	0.000006
OPCODE	2146	12	0.000006
OPCODE	5DEE	12	0.000006
OPCODE	2260	12	0.000006
OPCODE	49F9	12	0.000006
OPCODE	C4C0	12	0.000006
OPCODE	B640	12	0.000006
OPCODE	EBAA	12	0.000006
OPCODE	E658	12	0.000006
OPCODE	261E	12	0.000006
OPCODE	278A	12	0.000006
OPCODE	E68A	12	0.000006
OPCODE	2F69	12	0.000006
OPCODE	6172	12	0.000006
OPCODE	4873	12	0.000006
OPCODE	5350	12	0.000006
OPCODE	11D0	12	0.000006
OPCODE	A9E0	12	0.000006
OPCODE	C2C0	12	0.000006
OPCODE	49EA	12	0.000006
OPCODE	5251	12	0.000006
OPCODE	BE68	12	0.000006
OPCODE	26A8	12	0.000006
OPCODE	7018	12	0.000006
OPCODE	9A80	12	0.000006
OPCODE	2633	12	0.000006
OPCODE	66A2	12	0.000006
OPCODE	222B	11	0.000006
OPCODE	DA43	11	0.000006
OPCODE	3605	11	0.000006
OPCODE	6040	11	0.000006
OPCODE	1A1F	11	0.000006
OPCODE	D1AB	11	0.000006
OPCODE	62DE	11	0.000006
OPCODE	E789	11	0.000006
OPCODE	60BA	11	0.000006
OPCODE	90AD	11	0.000006
OPCODE	3D54	11	0.000006
OPCODE	D2D0	11	0.000006
OPCODE	61AE	11	0.000006
OPCODE	E44C	11	0.000006
OPCODE	6FE2	11	0.000006
OPCODE	6FEA	11	0.000006
OPCODE	906F	11	0.000006
OPCODE	288B	11	0.000006
OPCODE	0101	11	0.000006
OPCODE	E34D	11	0.000006
OPCODE	2C0C	11	0.000006
OPCODE	1F01	11	0.000006
OPCODE	EFAE	11	0.000006
OPCODE	395F	11	0.000006
OPCODE	7E08	11	0.000006
OPCODE	A817	11	0.000006
OPCODE	2628	11	0.000006
OPCODE	2970	11	0.000006
OPCODE	CBC7	11	0.000006
OPCODE	C090	11	0.000006
OPCODE	5486	11	0.000006
OPCODE	8357	11	0.000006
OPCODE	6C48	11	0.000006
OPCODE	E2AA	11	0.000006
OPCODE	BA84	11	0.000006
OPCODE	E586	10	0.000005
OPCODE	2406	10	0.000005
OPCODE	26C0	10	0.000005
OPCODE	9FA8	10	0.000005
OPCODE	2A3C	10	0.000005
OPCODE	A860	10	0.000005
OPCODE	25BC	10	0.000005
OPCODE	C6C0	10	0.000005
OPCODE	7805	10	0.000005
OPCODE	92FC	10	0.000005
OPCODE	E84E	10	0.000005
OPCODE	5290	10	0.000005
OPCODE	2C12	10	0.000005
OPCODE	A888	10	0.000005
OPCODE	2087	10	0.000005
OPCODE	42B2	10	0.000005
OPCODE	DEB8	10	0.000005
OPCODE	3E36	10	0.000005
OPCODE	CC40	10	0.000005
OPCODE	7216	10	0.000005
OPCODE	3831	10	0.000005
OPCODE	A8B0	10	0.000005
OPCODE	9EAE	10	0.000005
OPCODE	A8D4	10	0.000005
OPCODE	276B	10	0.000005
OPCODE	B650	10	0.000005
OPCODE	3E28	10	0.000005
OPCODE	5CEE	10	0.000005
OPCODE	9C87	10	0.000005
OPCODE	A870	10	0.000005
OPCODE	5881	10	0.000005
OPCODE	2658	10	0.000005
OPCODE	9E83	10	0.000005
OPCODE	163B	10	0.000005
OPCODE	6D6A	10	0.000005
OPCODE	6EC2	10	0.000005
OPCODE	E24A	10	0.000005
OPCODE	5087	10	0.000005
OPCODE	5390	10	0.000005
OPCODE	6574	10	0.000005
OPCODE	E287	10	0.000005
OPCODE	E450	10	0.000005
OPCODE	0268	10	0.000005
OPCODE	5082	10	0.000005
OPCODE	2451	10	0.000005
OPCODE	9046	10	0.000005
OPCODE	376E	10	0.000005
OPCODE	4EF2	10	0.000005
OPCODE	8114	10	0.000005
OPCODE	3B46	10	0.000005
OPCODE	0052	10	0.000005
OPCODE	3C19	10	0.000005
OPCODE	9492	10	0.000005
OPCODE	36B8	10	0.000005
OPCODE	6228	10	0.000005
OPCODE	BA87	10	0.000005
OPCODE	3D6F	10	0.000005
OPCODE	6152	10	0.000005
OPCODE	B6FC	10	0.000005
OPCODE	11EE	10	0.000005
OPCODE	D0AB	10	0.000005
OPCODE	A98D	10	0.000005
OPCODE	D7C6	10	0.000005
OPCODE	2E13	10	0.000005
OPCODE	7C0F	10	0.000005
OPCODE	A99B	10	0.000005
OPCODE	376C	10	0.000005
OPCODE	6144	10	0.000005
OPCODE	2F18	10	0.000005
OPCODE	D289	10	0.000005
OPCODE	D047	10	0.000005
OPCODE	6670	10	0.000005
OPCODE	97C4	10	0.000005
OPCODE	2549	10	0.000005
OPCODE	0C15	10	0.000005
OPCODE	4EF6	9	0.000005
OPCODE	3745	9	0.000005
OPCODE	3830	9	0.000005
OPCODE	B685	9	0.000005
OPCODE	B8AC	9	0.000005
OPCODE	3743	9	0.000005
OPCODE	2D81	9	0.000005
OPCODE	EA58	9	0.000005
OPCODE	2944	9	0.000005
OPCODE	6F26	9	0.000005
OPCODE	DBAB	9	0.000005
OPCODE	2838	9	0.000005
OPCODE	2841	9	0.000005
OPCODE	A81F	9	0.000005
OPCODE	6E36	9	0.000005
OPCODE	6E30	9	0.000005
OPCODE	284D	9	0.000005
OPCODE	6D30	9	0.000005
OPCODE	1628	9	0.000005
OPCODE	A11A	9	0.000005
OPCODE	DFAE	9	0.000005
OPCODE	162F	9	0.000005
OPCODE	6ABA	9	0.000005
OPCODE	E04D	9	0.000005
OPCODE	C680	9	0.000005
OPCODE	2C6C	9	0.000005
OPCODE	BCAA	9	0.000005
OPCODE	A9A2	9	0.000005
OPCODE	A9E1	9	0.000005
OPCODE	C2AC	9	0.000005
OPCODE	2547	9	0.000005
OPCODE	91CC	9	0.000005
OPCODE	91A8	9	0.000005
OPCODE	9190	9	0.000005
OPCODE	90BA	9	0.000005
OPCODE	D1FC	9	0.000005
OPCODE	8841	9	0.000005
OPCODE	D3AC	9	0.000005
OPCODE	8240	9	0.000005
OPCODE	816A	9	0.000005
OPCODE	2545	9	0.000005
OPCODE	3541	9	0.000005
OPCODE	7E04	9	0.000005
OPCODE	9881	9	0.000005
OPCODE	D5C8	9	0.000005
OPCODE	99AC	9	0.000005
OPCODE	256E	9	0.000005
OPCODE	9BAC	9	0.000005
OPCODE	1002	9	0.000005
OPCODE	12FC	9	0.000005
OPCODE	6F82	9	0.000005
OPCODE	E48F	9	0.000005
OPCODE	2F78	9	0.000005
OPCODE	21AC	9	0.000005
OPCODE	1A29	9	0.000005
OPCODE	AA52	9	0.000005
OPCODE	31C2	9	0.000005
OPCODE	6514	9	0.000005
OPCODE	6520	9	0.000005
OPCODE	C0FA	9	0.000005
OPCODE	60BE	9	0.000005
OPCODE	218A	9	0.000005
OPCODE	21AA	9	0.000005
OPCODE	EF4B	8	0.000004
OPCODE	D8C3	8	0.000004
OPCODE	6210	8	0.000004
OPCODE	22CD	8	0.000004
OPCODE	7034	8	0.000004
OPCODE	D845	8	0.000004
OPCODE	EF48	8	0.000004
OPCODE	D053	8	0.000004
OPCODE	4A98	8	0.000004
OPCODE	22EF	8	0.000004
OPCODE	9EA8	8	0.000004
OPCODE	700E	8	0.000004
OPCODE	D605	8	0.000004
OPCODE	30F8	8	0.000004
OPCODE	4CD9	8	0.000004
OPCODE	6314	8	0.000004
OPCODE	2809	8	0.000004
OPCODE	E306	8	0.000004
OPCODE	6418	8	0.000004
OPCODE	A41C	8	0.000004
OPCODE	A43C	8	0.000004
OPCODE	A9F1	8	0.000004
OPCODE	1E12	8	0.000004
OPCODE	E2A8	8	0.000004
OPCODE	143B	8	0.000004
OPCODE	DBC3	8	0.000004
OPCODE	3A29	8	0.000004
OPCODE	361C	8	0.000004
OPCODE	BC80	8	0.000004
OPCODE	BC78	8	0.000004
OPCODE	05C0	8	0.000004
OPCODE	D26B	8	0.000004
OPCODE	5BCB	8	0.000004
OPCODE	5C4B	8	0.000004
OPCODE	1206	8	0.000004
OPCODE	BC44	8	0.000004
OPCODE	6076	8	0.000004
OPCODE	429B	8	0.000004
OPCODE	D2E9	8	0.000004
OPCODE	BE52	8	0.000004
OPCODE	1F2E	8	0.000004
OPCODE	426D	8	0.000004
OPCODE	BAA8	8	0.000004
OPCODE	1297	8	0.000004
OPCODE	966C	8	0.000004
OPCODE	E908	8	0.000004
OPCODE	48E0	8	0.000004
OPCODE	D4B8	8	0.000004
OPCODE	7C1E	8	0.000004
OPCODE	49F1	8	0.000004
OPCODE	122E	8	0.000004
OPCODE	1F68	8	0.000004
OPCODE	254C	8	0.000004
OPCODE	E942	8	0.000004
OPCODE	D152	8	0.000004
OPCODE	BE28	8	0.000004
OPCODE	D66C	8	0.000004
OPCODE	72FB	8	0.000004
OPCODE	C484	8	0.000004
OPCODE	5400	8	0.000004
OPCODE	2277	8	0.000004
OPCODE	2A1D	8	0.000004
OPCODE	3A14	8	0.000004
OPCODE	E0AA	8	0.000004
OPCODE	381D	8	0.000004
OPCODE	B5ED	8	0.000004
OPCODE	2A61	8	0.000004
OPCODE	6798	8	0.000004
OPCODE	A938	8	0.000004
OPCODE	3807	8	0.000004
OPCODE	2B4A	8	0.000004
OPCODE	2B6E	8	0.000004
OPCODE	2C1D	8	0.000004
OPCODE	5389	8	0.000004
OPCODE	2257	8	0.000004
OPCODE	B454	8	0.000004
OPCODE	BCA8	8	0.000004
OPCODE	20C4	8	0.000004
OPCODE	A9B2	8	0.000004
OPCODE	665C	8	0.000004
OPCODE	5388	8	0.000004
OPCODE	20AC	8	0.000004
OPCODE	2F61	8	0.000004
OPCODE	E241	8	0.000004
OPCODE	E243	8	0.000004
OPCODE	36DC	8	0.000004
OPCODE	B46D	8	0.000004
OPCODE	2EAF	8	0.000004
OPCODE	CB49	8	0.000004
OPCODE	1D46	8	0.000004
OPCODE	1605	8	0.000004
OPCODE	A80D	8	0.000004
OPCODE	B3E8	8	0.000004
OPCODE	C1ED	8	0.000004
OPCODE	C045	8	0.000004
OPCODE	CCAB	8	0.000004
OPCODE	44DF	8	0.000004
OPCODE	EB5A	8	0.000004
OPCODE	AA2A	8	0.000004
OPCODE	6594	8	0.000004
OPCODE	DE85	8	0.000004
OPCODE	CA82	8	0.000004
OPCODE	B66C	8	0.000004
OPCODE	DEBC	8	0.000004
OPCODE	3884	8	0.000004
OPCODE	BD40	8	0.000004
OPCODE	2E91	7	0.000004
OPCODE	7615	7	0.000004
OPCODE	6E10	7	0.000004
OPCODE	282C	7	0.000004
OPCODE	A9AF	7	0.000004
OPCODE	6E1C	7	0.000004
OPCODE	6EE8	7	0.000004
OPCODE	D1EE	7	0.000004
OPCODE	336E	7	0.000004
OPCODE	2E12	7	0.000004
OPCODE	301C	7	0.000004
OPCODE	BC8A	7	0.000004
OPCODE	720B	7	0.000004
OPCODE	703E	7	0.000004
OPCODE	45F7	7	0.000004
OPCODE	AA94	7	0.000004
OPCODE	A8EC	7	0.000004
OPCODE	1F3C	7	0.000004
OPCODE	3814	7	0.000004
OPCODE	5250	7	0.000004
OPCODE	6C24	7	0.000004
OPCODE	26AC	7	0.000004
OPCODE	7016	7	0.000004
OPCODE	651A	7	0.000004
OPCODE	5645	7	0.000004
OPCODE	1619	7	0.000004
OPCODE	780D	7	0.000004
OPCODE	6C20	7	0.000004
OPCODE	7660	7	0.000004
OPCODE	7630	7	0.000004
OPCODE	1819	7	0.000004
OPCODE	9644	7	0.000004
OPCODE	B4FC	7	0.000004
OPCODE	C0C4	7	0.000004
OPCODE	45D1	6	0.000003
OPCODE	1E31	6	0.000003
OPCODE	0094	6	0.000003
OPCODE	E286	6	0.000003
OPCODE	E259	6	0.000003
OPCODE	08D0	6	0.000003
OPCODE	C401	6	0.000003
OPCODE	1631	6	0.000003
OPCODE	0BC4	6	0.000003
OPCODE	CA38	6	0.000003
OPCODE	0C12	6	0.000003
OPCODE	CD38	6	0.000003
OPCODE	1431	6	0.000003
OPCODE	D768	6	0.000003
OPCODE	D0C1	6	0.000003
OPCODE	1171	6	0.000003
OPCODE	D26E	6	0.000003
OPCODE	6036	6	0.000003
OPCODE	6C4C	6	0.000003
OPCODE	A943	6	0.000003
OPCODE	AA68	6	0.000003
OPCODE	6770	6	0.000003
OPCODE	A9A8	6	0.000003
OPCODE	61AA	6	0.000003
OPCODE	5369	6	0.000003
OPCODE	306A	6	0.000003
OPCODE	A440	6	0.000003
OPCODE	A86C	6	0.000003
OPCODE	20BC	6	0.000003
OPCODE	3613	6	0.000003
OPCODE	6332	6	0.000003
OPCODE	B4A9	6	0.000003
OPCODE	666A	6	0.000003
OPCODE	3F1A	6	0.000003
OPCODE	B5D0	6	0.000003
OPCODE	B66D	6	0.000003
OPCODE	B678	6	0.000003
OPCODE	32F8	6	0.000003
OPCODE	53AE	6	0.000003
OPCODE	2429	6	0.000003
OPCODE	2286	6	0.000003
OPCODE	6548	6	0.000003
OPCODE	3147	6	0.000003
OPCODE	2F4D	6	0.000003
OPCODE	21AF	6	0.000003
OPCODE	7E94	6	0.000003
OPCODE	9207	6	0.000003
OPCODE	94FC	6	0.000003
OPCODE	2219	6	0.000003
OPCODE	7E10	6	0.000003
OPCODE	58AF	6	0.000003
OPCODE	282F	6	0.000003
OPCODE	528B	6	0.000003
OPCODE	3143	6	0.000003
OPCODE	A027	6	0.000003
OPCODE	78FE	6	0.000003
OPCODE	2651	6	0.000003
OPCODE	A836	6	0.000003
OPCODE	51E9	6	0.000003
OPCODE	244F	6	0.000003
OPCODE	9A43	6	0.000003
OPCODE	A8ED	6	0.000003
OPCODE	2E04	6	0.000003
OPCODE	A8FA	6	0.000003
OPCODE	A068	6	0.000003
OPCODE	56C5	6	0.000003
OPCODE	67CC	6	0.000003
OPCODE	66BE	6	0.000003
OPCODE	70EE	6	0.000003
OPCODE	9840	6	0.000003
OPCODE	5AEE	6	0.000003
OPCODE	7244	6	0.000003
OPCODE	5701	6	0.000003
OPCODE	6356	6	0.000003
OPCODE	617C	6	0.000003
OPCODE	A8B2	6	0.000003
OPCODE	6C30	6	0.000003
OPCODE	BCAE	6	0.000003
OPCODE	2293	6	0.000003
OPCODE	7011	6	0.000003
OPCODE	321C	6	0.000003
OPCODE	44C0	6	0.000003
OPCODE	A90C	6	0.000003
OPCODE	7022	6	0.000003
OPCODE	1F06	6	0.000003
OPCODE	022C	5	0.000003
OPCODE	387C	5	0.000003
OPCODE	6D70	5	0.000003
OPCODE	A992	5	0.000003
OPCODE	A8A7	5	0.000003
OPCODE	3047	5	0.000003
OPCODE	A9A3	5	0.000003
OPCODE	2846	5	0.000003
OPCODE	9084	5	0.000003
OPCODE	11D1	5	0.000003
OPCODE	A9BA	5	0.000003
OPCODE	5302	5	0.000003
OPCODE	C2E9	5	0.000003
OPCODE	6B52	5	0.000003
OPCODE	1882	5	0.000003
OPCODE	908A	5	0.000003
OPCODE	41EF	5	0.000003
OPCODE	C745	5	0.000003
OPCODE	A91C	5	0.000003
OPCODE	94A9	5	0.000003
OPCODE	6C3E	5	0.000003
OPCODE	EE49	5	0.000003
OPCODE	ED6D	5	0.000003
OPCODE	A90D	5	0.000003
OPCODE	3832	5	0.000003
OPCODE	A90A	5	0.000003
OPCODE	9480	5	0.000003
OPCODE	EDAD	5	0.000003
OPCODE	9A40	5	0.000003
OPCODE	A885	5	0.000003
OPCODE	A886	5	0.000003
OPCODE	E76C	5	0.000003
OPCODE	2D69	5	0.000003
OPCODE	D0EF	5	0.000003
OPCODE	9CFA	5	0.000003
OPCODE	6C5C	5	0.000003
OPCODE	E24D	5	0.000003
OPCODE	A876	5	0.000003
OPCODE	6D4A	5	0.000003
OPCODE	6D48	5	0.000003
OPCODE	2EA8	5	0.000003
OPCODE	9E7C	5	0.000003
OPCODE	5941	5	0.000003
OPCODE	C4E8	5	0.000003
OPCODE	3E38	5	0.000003
OPCODE	93E8	5	0.000003
OPCODE	A955	5	0.000003
OPCODE	2E4B	5	0.000003
OPCODE	E7A1	5	0.000003
OPCODE	A927	5	0.000003
OPCODE	A923	5	0.000003
OPCODE	A922	5	0.000003
OPCODE	20F8	5	0.000003
OPCODE	B740	5	0.000003
OPCODE	002C	5	0.000003
OPCODE	60A8	5	0.000003
OPCODE	45FB	5	0.000003
OPCODE	6184	5	0.000003
OPCODE	618C	5	0.000003
OPCODE	20DA	5	0.000003
OPCODE	57C9	5	0.000003
OPCODE	22CA	5	0.000003
OPCODE	E949	5	0.000003
OPCODE	2760	5	0.000003
OPCODE	78F8	5	0.000003
OPCODE	E982	5	0.000003
OPCODE	B2AE	5	0.000003
OPCODE	0A33	5	0.000003
OPCODE	214C	5	0.000003
OPCODE	546E	5	0.000003
OPCODE	7E20	5	0.000003
OPCODE	701A	5	0.000003
OPCODE	0A6E	5	0.000003
OPCODE	7036	5	0.000003
OPCODE	31C7	5	0.000003
OPCODE	362B	5	0.000003
OPCODE	2692	5	0.000003
OPCODE	0C9F	5	0.000003
OPCODE	362D	5	0.000003
OPCODE	7064	5	0.000003
OPCODE	8FFC	5	0.000003
OPCODE	60CA	5	0.000003
OPCODE	B9C0	5	0.000003
OPCODE	A09D	5	0.000003
OPCODE	31C3	5	0.000003
OPCODE	3632	5	0.000003
OPCODE	A146	5	0.000003
OPCODE	1414	5	0.000003
OPCODE	72A9	5	0.000003
OPCODE	316B	5	0.000003
OPCODE	6350	5	0.000003
OPCODE	6EEA	5	0.000003
OPCODE	AA1F	5	0.000003
OPCODE	3540	5	0.000003
OPCODE	6EDA	5	0.000003
OPCODE	AA43	5	0.000003
OPCODE	ABEB	5	0.000003
OPCODE	D3C5	5	0.000003
OPCODE	2481	5	0.000003
OPCODE	D0B8	5	0.000003
OPCODE	B052	5	0.000003
OPCODE	0251	5	0.000003
OPCODE	8DFC	5	0.000003
OPCODE	8E40	5	0.000003
OPCODE	A821	5	0.000003
OPCODE	9043	5	0.000003
OPCODE	315F	5	0.000003
OPCODE	6B40	5	0.000003
OPCODE	B0BA	5	0.000003
OPCODE	8151	5	0.000003
OPCODE	0A30	5	0.000003
OPCODE	24C3	5	0.000003
OPCODE	21D8	5	0.000003
OPCODE	6430	5	0.000003
OPCODE	1942	5	0.000003
OPCODE	AA12	5	0.000003
OPCODE	5949	4	0.000002
OPCODE	BE45	4	0.000002
OPCODE	5187	4	0.000002
OPCODE	12AA	4	0.000002
OPCODE	9FC1	4	0.000002
OPCODE	6B24	4	0.000002
OPCODE	D0C3	4	0.000002
OPCODE	A00A	4	0.000002
OPCODE	A011	4	0.000002
OPCODE	A005	4	0.000002
OPCODE	D099	4	0.000002
OPCODE	6B2C	4	0.000002
OPCODE	A004	4	0.000002
OPCODE	A001	4	0.000002
OPCODE	1383	4	0.000002
OPCODE	A033	4	0.000002
OPCODE	9E8B	4	0.000002
OPCODE	6B48	4	0.000002
OPCODE	1320	4	0.000002
OPCODE	6B58	4	0.000002
OPCODE	6B1A	4	0.000002
OPCODE	22BC	4	0.000002
OPCODE	26CC	4	0.000002
OPCODE	36C7	4	0.000002
OPCODE	10DA	4	0.000002
OPCODE	36C4	4	0.000002
OPCODE	2829	4	0.000002
OPCODE	04B8	4	0.000002
OPCODE	588B	4	0.000002
OPCODE	36C3	4	0.000002
OPCODE	D4D2	4	0.000002
OPCODE	7CEF	4	0.000002
OPCODE	7CEE	4	0.000002
OPCODE	7803	4	0.000002
OPCODE	7609	4	0.000002
OPCODE	2741	4	0.000002
OPCODE	249F	4	0.000002
OPCODE	26CA	4	0.000002
OPCODE	26C5	4	0.000002
OPCODE	727F	4	0.000002
OPCODE	3685	4	0.000002
OPCODE	26C2	4	0.000002
OPCODE	722C	4	0.000002
OPCODE	721C	4	0.000002
OPCODE	2646	4	0.000002
OPCODE	7015	4	0.000002
OPCODE	7094	4	0.000002
OPCODE	0CB1	4	0.000002
OPCODE	702B	4	0.000002
OPCODE	702A	4	0.000002
OPCODE	D26C	4	0.000002
OPCODE	6B60	4	0.000002
OPCODE	EA84	4	0.000002
OPCODE	EA83	4	0.000002
OPCODE	6B72	4	0.000002
OPCODE	9A41	4	0.000002
OPCODE	51F8	4	0.000002
OPCODE	D16C	4	0.000002
OPCODE	EA50	4	0.000002
OPCODE	2344	4	0.000002
OPCODE	236A	4	0.000002
OPCODE	0229	4	0.000002
OPCODE	9254	4	0.000002
OPCODE	241D	4	0.000002
OPCODE	9CAB	4	0.000002
OPCODE	6DB6	4	0.000002
OPCODE	242D	4	0.000002
OPCODE	242F	4	0.000002
OPCODE	D299	4	0.000002
OPCODE	6E40	4	0.000002
OPCODE	9054	4	0.000002
OPCODE	2457	4	0.000002
OPCODE	D2E8	4	0.000002
OPCODE	6E7E	4	0.000002
OPCODE	248C	4	0.000002
OPCODE	2493	4	0.000002
OPCODE	1147	4	0.000002
OPCODE	1E28	4	0.000002
OPCODE	A9DA	4	0.000002
OPCODE	205E	4	0.000002
OPCODE	3F68	4	0.000002
OPCODE	6508	4	0.000002
OPCODE	C2EE	4	0.000002
OPCODE	6166	4	0.000002
OPCODE	A9A4	4	0.000002
OPCODE	A99A	4	0.000002
OPCODE	A999	4	0.000002
OPCODE	B7E9	4	0.000002
OPCODE	1E14	4	0.000002
OPCODE	4A6F	4	0.000002
OPCODE	C007	4	0.000002
OPCODE	3347	4	0.000002
OPCODE	4A9C	4	0.000002
OPCODE	3D9F	4	0.000002
OPCODE	B7F8	4	0.000002
OPCODE	2045	4	0.000002
OPCODE	5C4A	4	0.000002
OPCODE	E6AC	4	0.000002
OPCODE	08B1	4	0.000002
OPCODE	4CD2	4	0.000002
OPCODE	2E4A	4	0.000002
OPCODE	A919	4	0.000002
OPCODE	E6AD	4	0.000002
OPCODE	66B8	4	0.000002
OPCODE	1C1F	4	0.000002
OPCODE	B3C5	4	0.000002
OPCODE	47EF	4	0.000002
OPCODE	61B4	4	0.000002
OPCODE	B285	4	0.000002
OPCODE	B3D7	4	0.000002
OPCODE	C0BC	4	0.000002
OPCODE	608A	4	0.000002
OPCODE	4877	4	0.000002
OPCODE	B09F	4	0.000002
OPCODE	21EA	4	0.000002
OPCODE	B3EE	4	0.000002
OPCODE	B073	4	0.000002
OPCODE	5C80	4	0.000002
OPCODE	B06F	4	0.000002
OPCODE	622E	4	0.000002
OPCODE	B029	4	0.000002
OPCODE	1A13	4	0.000002
OPCODE	AA31	4	0.000002
OPCODE	B6A9	4	0.000002
OPCODE	B700	4	0.000002
OPCODE	3346	4	0.000002
OPCODE	642C	4	0.000002
OPCODE	6452	4	0.000002
OPCODE	2061	4	0.000002
OPCODE	AA06	4	0.000002
OPCODE	06B8	4	0.000002
OPCODE	6764	4	0.000002
OPCODE	BB98	4	0.000002
OPCODE	0685	4	0.000002
OPCODE	5041	4	0.000002
OPCODE	5B40	4	0.000002
OPCODE	A23C	4	0.000002
OPCODE	BA83	4	0.000002
OPCODE	A20C	4	0.000002
OPCODE	A8A5	4	0.000002
OPCODE	6A1A	4	0.000002
OPCODE	2D08	4	0.000002
OPCODE	50C5	4	0.000002
OPCODE	2A38	4	0.000002
OPCODE	A8E7	4	0.000002
OPCODE	162E	4	0.000002
OPCODE	5147	4	0.000002
OPCODE	BE50	4	0.000002
OPCODE	6AF6	4	0.000002
OPCODE	66C6	4	0.000002
OPCODE	A064	4	0.000002
OPCODE	A908	4	0.000002
OPCODE	BD90	4	0.000002
OPCODE	396E	4	0.000002
OPCODE	2A4A	4	0.000002
OPCODE	A0A4	4	0.000002
OPCODE	A81A	4	0.000002
OPCODE	BA82	4	0.000002
OPCODE	B491	3	0.000002
OPCODE	84C1	3	0.000002
OPCODE	72FC	3	0.000002
OPCODE	5328	3	0.000002
OPCODE	D96E	3	0.000002
OPCODE	D2D8	3	0.000002
OPCODE	48E8	3	0.000002
OPCODE	5980	3	0.000002
OPCODE	D3AA	3	0.000002
OPCODE	4233	3	0.000002
OPCODE	C218	3	0.000002
OPCODE	A020	3	0.000002
OPCODE	8193	3	0.000002
OPCODE	4457	3	0.000002
OPCODE	6F9A	3	0.000002
OPCODE	6F4A	3	0.000002
OPCODE	DABC	3	0.000002
OPCODE	B26C	3	0.000002
OPCODE	31AE	3	0.000002
OPCODE	1F03	3	0.000002
OPCODE	6FF8	3	0.000002
OPCODE	1F1A	3	0.000002
OPCODE	D484	3	0.000002
OPCODE	4879	3	0.000002
OPCODE	4602	3	0.000002
OPCODE	7618	3	0.000002
OPCODE	620E	3	0.000002
OPCODE	BE85	3	0.000002
OPCODE	A034	3	0.000002
OPCODE	A461	3	0.000002
OPCODE	D3E9	3	0.000002
OPCODE	2A14	3	0.000002
OPCODE	D3C4	3	0.000002
OPCODE	30E4	3	0.000002
OPCODE	AA32	3	0.000002
OPCODE	227C	3	0.000002
OPCODE	926F	3	0.000002
OPCODE	3E01	3	0.000002
OPCODE	B7EA	3	0.000002
OPCODE	3B43	3	0.000002
OPCODE	0293	3	0.000002
OPCODE	70F7	3	0.000002
OPCODE	4AAF	3	0.000002
OPCODE	3D6D	3	0.000002
OPCODE	A8AA	3	0.000002
OPCODE	6C4A	3	0.000002
OPCODE	1218	3	0.000002
OPCODE	2E02	3	0.000002
OPCODE	0310	3	0.000002
OPCODE	55C3	3	0.000002
OPCODE	0213	3	0.000002
OPCODE	A90F	3	0.000002
OPCODE	A90E	3	0.000002
OPCODE	2015	3	0.000002
OPCODE	28AB	3	0.000002
OPCODE	7093	3	0.000002
OPCODE	D16A	3	0.000002
OPCODE	4CED	3	0.000002
OPCODE	5202	3	0.000002
OPCODE	B9EA	3	0.000002
OPCODE	E648	3	0.000002
OPCODE	67EC	3	0.000002
OPCODE	5680	3	0.000002
OPCODE	5301	3	0.000002
OPCODE	3A02	3	0.000002
OPCODE	7209	3	0.000002
OPCODE	9E84	3	0.000002
OPCODE	306D	3	0.000002
OPCODE	11EF	3	0.000002
OPCODE	A877	3	0.000002
OPCODE	A990	3	0.000002
OPCODE	2B48	3	0.000002
OPCODE	D0D0	3	0.000002
OPCODE	D0EA	3	0.000002
OPCODE	91EE	3	0.000002
OPCODE	6D4E	3	0.000002
OPCODE	A9E3	3	0.000002
OPCODE	22FC	3	0.000002
OPCODE	D2C3	3	0.000002
OPCODE	276A	2	0.000001
OPCODE	E849	2	0.000001
OPCODE	614C	2	0.000001
OPCODE	6176	2	0.000001
OPCODE	60AC	2	0.000001
OPCODE	0444	2	0.000001
OPCODE	0C57	2	0.000001
OPCODE	0300	2	0.000001
OPCODE	03C0	2	0.000001
OPCODE	6164	2	0.000001
OPCODE	274A	2	0.000001
OPCODE	0302	2	0.000001
OPCODE	3208	2	0.000001
OPCODE	618A	2	0.000001
OPCODE	67E4	2	0.000001
OPCODE	6D58	2	0.000001
OPCODE	2EA9	2	0.000001
OPCODE	6D36	2	0.000001
OPCODE	2888	2	0.000001
OPCODE	288A	2	0.000001
OPCODE	2E89	2	0.000001
OPCODE	DE42	2	0.000001
OPCODE	668A	2	0.000001
OPCODE	66AE	2	0.000001
OPCODE	0C03	2	0.000001
OPCODE	0C02	2	0.000001
OPCODE	6BD6	2	0.000001
OPCODE	66BA	2	0.000001
OPCODE	2A90	2	0.000001
OPCODE	342F	2	0.000001
OPCODE	6B46	2	0.000001
OPCODE	2A42	2	0.000001
OPCODE	E09B	2	0.000001
OPCODE	E089	2	0.000001
OPCODE	594C	2	0.000001
OPCODE	E069	2	0.000001
OPCODE	E059	2	0.000001
OPCODE	6B20	2	0.000001
OPCODE	6A20	2	0.000001
OPCODE	DFED	2	0.000001
OPCODE	2954	2	0.000001
OPCODE	594B	2	0.000001
OPCODE	0A44	2	0.000001
OPCODE	DBC2	2	0.000001
OPCODE	6F6C	2	0.000001
OPCODE	6F62	2	0.000001
OPCODE	61D6	2	0.000001
OPCODE	3568	2	0.000001
OPCODE	6F34	2	0.000001
OPCODE	316D	2	0.000001
OPCODE	E3A8	2	0.000001
OPCODE	6202	2	0.000001
OPCODE	280F	2	0.000001
OPCODE	3144	2	0.000001
OPCODE	0C29	2	0.000001
OPCODE	6EF4	2	0.000001
OPCODE	5894	2	0.000001
OPCODE	61C0	2	0.000001
OPCODE	63D0	2	0.000001
OPCODE	6EBA	2	0.000001
OPCODE	63F0	2	0.000001
OPCODE	640E	2	0.000001
OPCODE	308B	2	0.000001
OPCODE	6E72	2	0.000001
OPCODE	64EC	2	0.000001
OPCODE	E28B	2	0.000001
OPCODE	6DF4	2	0.000001
OPCODE	E289	2	0.000001
OPCODE	08AF	2	0.000001
OPCODE	E7B8	2	0.000001
OPCODE	3417	2	0.000001
OPCODE	228A	2	0.000001
OPCODE	A804	2	0.000001
OPCODE	C0AA	2	0.000001
OPCODE	1540	2	0.000001
OPCODE	50EA	2	0.000001
OPCODE	EBD7	2	0.000001
OPCODE	EC08	2	0.000001
OPCODE	A80C	2	0.000001
OPCODE	CE6E	2	0.000001
OPCODE	A81D	2	0.000001
OPCODE	CD4B	2	0.000001
OPCODE	3957	2	0.000001
OPCODE	A833	2	0.000001
OPCODE	5089	2	0.000001
OPCODE	A854	2	0.000001
OPCODE	A878	2	0.000001
OPCODE	B1ED	2	0.000001
OPCODE	A896	2	0.000001
OPCODE	A897	2	0.000001
OPCODE	A8DA	2	0.000001
OPCODE	219F	2	0.000001
OPCODE	D078	2	0.000001
OPCODE	122F	2	0.000001
OPCODE	9E6E	2	0.000001
OPCODE	22E9	2	0.000001
OPCODE	A000	2	0.000001
OPCODE	12C2	2	0.000001
OPCODE	A02B	2	0.000001
OPCODE	A02F	2	0.000001
OPCODE	A039	2	0.000001
OPCODE	1403	2	0.000001
OPCODE	A8DB	2	0.000001
OPCODE	20E9	2	0.000001
OPCODE	51AE	2	0.000001
OPCODE	3943	2	0.000001
OPCODE	1B54	2	0.000001
OPCODE	A079	2	0.000001
OPCODE	A128	2	0.000001
OPCODE	A346	2	0.000001
OPCODE	A71E	2	0.000001
OPCODE	B2AF	2	0.000001
OPCODE	A9C3	2	0.000001
OPCODE	C189	2	0.000001
OPCODE	C192	2	0.000001
OPCODE	B038	2	0.000001
OPCODE	3E14	2	0.000001
OPCODE	AA2C	2	0.000001
OPCODE	AA2B	2	0.000001
OPCODE	AA29	2	0.000001
OPCODE	A9A1	2	0.000001
OPCODE	1947	2	0.000001
OPCODE	B07A	2	0.000001
OPCODE	3F21	2	0.000001
OPCODE	3F32	2	0.000001
OPCODE	C242	2	0.000001
OPCODE	18AD	2	0.000001
OPCODE	A9E2	2	0.000001
OPCODE	C293	2	0.000001
OPCODE	1946	2	0.000001
OPCODE	1943	2	0.000001
OPCODE	0081	2	0.000001
OPCODE	A91B	2	0.000001
OPCODE	C8AE	2	0.000001
OPCODE	B141	2	0.000001
OPCODE	C0EE	2	0.000001
OPCODE	A906	2	0.000001
OPCODE	B0A0	2	0.000001
OPCODE	C82B	2	0.000001
OPCODE	C6C2	2	0.000001
OPCODE	16C1	2	0.000001
OPCODE	A915	2	0.000001
OPCODE	12DB	2	0.000001
OPCODE	4CEA	2	0.000001
OPCODE	A91F	2	0.000001
OPCODE	4BF9	2	0.000001
OPCODE	A937	2	0.000001
OPCODE	C4EE	2	0.000001
OPCODE	A95D	2	0.000001
OPCODE	EF4A	2	0.000001
OPCODE	B097	2	0.000001
OPCODE	1800	2	0.000001
OPCODE	7C03	2	0.000001
OPCODE	76EB	2	0.000001
OPCODE	5497	2	0.000001
OPCODE	1F6A	2	0.000001
OPCODE	7806	2	0.000001
OPCODE	2024	2	0.000001
OPCODE	B840	2	0.000001
OPCODE	205C	2	0.000001
OPCODE	78E0	2	0.000001
OPCODE	B7D2	2	0.000001
OPCODE	7A9D	2	0.000001
OPCODE	BA46	2	0.000001
OPCODE	1031	2	0.000001
OPCODE	7E03	2	0.000001
OPCODE	5481	2	0.000001
OPCODE	7E06	2	0.000001
OPCODE	103C	2	0.000001
OPCODE	80D7	2	0.000001
OPCODE	9A47	2	0.000001
OPCODE	10C2	2	0.000001
OPCODE	10D1	2	0.000001
OPCODE	7236	2	0.000001
OPCODE	7032	2	0.000001
OPCODE	2687	2	0.000001
OPCODE	E8A9	2	0.000001
OPCODE	D7EB	2	0.000001
OPCODE	0CAB	2	0.000001
OPCODE	5681	2	0.000001
OPCODE	70AB	2	0.000001
OPCODE	2670	2	0.000001
OPCODE	BCAC	2	0.000001
OPCODE	D6D0	2	0.000001
OPCODE	24D5	2	0.000001
OPCODE	7440	2	0.000001
OPCODE	D66A	2	0.000001
OPCODE	1F28	2	0.000001
OPCODE	2617	2	0.000001
OPCODE	1F29	2	0.000001
OPCODE	101A	2	0.000001
OPCODE	260A	2	0.000001
OPCODE	2609	2	0.000001
OPCODE	7606	2	0.000001
OPCODE	5257	2	0.000001
OPCODE	91CE	2	0.000001
OPCODE	D25F	2	0.000001
OPCODE	10E9	2	0.000001
OPCODE	5283	2	0.000001
OPCODE	92B8	2	0.000001
OPCODE	93AE	2	0.000001
OPCODE	93C0	2	0.000001
OPCODE	2083	2	0.000001
OPCODE	D1E8	2	0.000001
OPCODE	1D41	2	0.000001
OPCODE	240D	2	0.000001
OPCODE	D1CE	2	0.000001
OPCODE	5254	2	0.000001
OPCODE	4641	2	0.000001
OPCODE	446E	2	0.000001
OPCODE	5217	2	0.000001
OPCODE	D183	2	0.000001
OPCODE	9794	2	0.000001
OPCODE	97AC	2	0.000001
OPCODE	97CA	2	0.000001
OPCODE	528A	2	0.000001
OPCODE	8283	2	0.000001
OPCODE	82AE	2	0.000001
OPCODE	116E	2	0.000001
OPCODE	45F9	2	0.000001
OPCODE	D36C	2	0.000001
OPCODE	892B	2	0.000001
OPCODE	D354	2	0.000001
OPCODE	9030	2	0.000001
OPCODE	9085	2	0.000001
OPCODE	002A	2	0.000001
OPCODE	D283	2	0.000001
OPCODE	907C	2	0.000001
OPCODE	905F	2	0.000001
OPCODE	0069	1	0.000001
OPCODE	066D	1	0.000001
OPCODE	0028	1	0.000001
OPCODE	6090	1	0.000001
OPCODE	4647	1	0.000001
OPCODE	4253	1	0.000001
OPCODE	3292	1	0.000001
OPCODE	44FB	1	0.000001
OPCODE	4871	1	0.000001
OPCODE	0646	1	0.000001
OPCODE	006E	1	0.000001
OPCODE	607A	1	0.000001
OPCODE	E587	1	0.000001
OPCODE	4294	1	0.000001
OPCODE	3741	1	0.000001
OPCODE	396B	1	0.000001
OPCODE	EB98	1	0.000001
OPCODE	EB48	1	0.000001
OPCODE	51C5	1	0.000001
OPCODE	3880	1	0.000001
OPCODE	382D	1	0.000001
OPCODE	382B	1	0.000001
OPCODE	381F	1	0.000001
OPCODE	5948	1	0.000001
OPCODE	526F	1	0.000001
OPCODE	E9D7	1	0.000001
OPCODE	5351	1	0.000001
OPCODE	EC88	1	0.000001
OPCODE	356A	1	0.000001
OPCODE	E847	1	0.000001
OPCODE	584A	1	0.000001
OPCODE	548C	1	0.000001
OPCODE	5494	1	0.000001
OPCODE	360C	1	0.000001
OPCODE	36AA	1	0.000001
OPCODE	554C	1	0.000001
OPCODE	56EF	1	0.000001
OPCODE	56D8	1	0.000001
OPCODE	02AC	1	0.000001
OPCODE	3E04	1	0.000001
OPCODE	49C2	1	0.000001
OPCODE	49D0	1	0.000001
OPCODE	41D3	1	0.000001
OPCODE	E64B	1	0.000001
OPCODE	3F13	1	0.000001
OPCODE	4A57	1	0.000001
OPCODE	3354	1	0.000001
OPCODE	3F08	1	0.000001
OPCODE	5E80	1	0.000001
OPCODE	3E08	1	0.000001
OPCODE	5D88	1	0.000001
OPCODE	0086	1	0.000001
OPCODE	5C89	1	0.000001
OPCODE	3E02	1	0.000001
OPCODE	EE98	1	0.000001
OPCODE	5C47	1	0.000001
OPCODE	3C2A	1	0.000001
OPCODE	5BC6	1	0.000001
OPCODE	5BC2	1	0.000001
OPCODE	5BC0	1	0.000001
OPCODE	3C05	1	0.000001
OPCODE	EDA8	1	0.000001
OPCODE	3A1C	1	0.000001
OPCODE	CC42	1	0.000001
OPCODE	A05F	1	0.000001
OPCODE	A746	1	0.000001
OPCODE	A801	1	0.000001
OPCODE	CFFC	1	0.000001
OPCODE	A805	1	0.000001
OPCODE	A807	1	0.000001
OPCODE	CEAC	1	0.000001
OPCODE	CE46	1	0.000001
OPCODE	CE45	1	0.000001
OPCODE	CDFC	1	0.000001
OPCODE	A84A	1	0.000001
OPCODE	A86F	1	0.000001
OPCODE	A05E	1	0.000001
OPCODE	CBC4	1	0.000001
OPCODE	A87D	1	0.000001
OPCODE	A87E	1	0.000001
OPCODE	A87F	1	0.000001
OPCODE	A8A2	1	0.000001
OPCODE	162A	1	0.000001
OPCODE	A909	1	0.000001
OPCODE	C7C4	1	0.000001
OPCODE	A913	1	0.000001
OPCODE	C642	1	0.000001
OPCODE	A92A	1	0.000001
OPCODE	986D	1	0.000001
OPCODE	240B	1	0.000001
OPCODE	93C1	1	0.000001
OPCODE	237C	1	0.000001
OPCODE	D1D0	1	0.000001
OPCODE	1213	1	0.000001
OPCODE	D1C5	1	0.000001
OPCODE	2369	1	0.000001
OPCODE	234B	1	0.000001
OPCODE	966D	1	0.000001
OPCODE	96FC	1	0.000001
OPCODE	986B	1	0.000001
OPCODE	A92D	1	0.000001
OPCODE	D154	1	0.000001
OPCODE	9A6A	1	0.000001
OPCODE	9A7C	1	0.000001
OPCODE	9C6A	1	0.000001
OPCODE	9E40	1	0.000001
OPCODE	9FC0	1	0.000001
OPCODE	A03B	1	0.000001
OPCODE	A051	1	0.000001
OPCODE	1413	1	0.000001
OPCODE	A058	1	0.000001
OPCODE	A059	1	0.000001
OPCODE	C09F	1	0.000001
OPCODE	AA0E	1	0.000001
OPCODE	C27C	1	0.000001
OPCODE	AA18	1	0.000001
OPCODE	AA1E	1	0.000001
OPCODE	AA24	1	0.000001
OPCODE	AA28	1	0.000001
OPCODE	AA41	1	0.000001
OPCODE	21C2	1	0.000001
OPCODE	B102	1	0.000001
OPCODE	B1EF	1	0.000001
OPCODE	216D	1	0.000001
OPCODE	B298	1	0.000001
OPCODE	AA0D	1	0.000001
OPCODE	20E4	1	0.000001
OPCODE	1C1B	1	0.000001
OPCODE	1C28	1	0.000001
OPCODE	B441	1	0.000001
OPCODE	20AB	1	0.000001
OPCODE	B5F3	1	0.000001
OPCODE	2064	1	0.000001
OPCODE	B7C4	1	0.000001
OPCODE	1D6C	1	0.000001
OPCODE	B7DF	1	0.000001
OPCODE	BA6C	1	0.000001
OPCODE	A982	1	0.000001
OPCODE	A954	1	0.000001
OPCODE	A956	1	0.000001
OPCODE	A958	1	0.000001
OPCODE	A95F	1	0.000001
OPCODE	A969	1	0.000001
OPCODE	A96D	1	0.000001
OPCODE	A96E	1	0.000001
OPCODE	2264	1	0.000001
OPCODE	A97C	1	0.000001
OPCODE	A97D	1	0.000001
OPCODE	A981	1	0.000001
OPCODE	9154	1	0.000001
OPCODE	A983	1	0.000001
OPCODE	A98B	1	0.000001
OPCODE	A991	1	0.000001
OPCODE	C3EE	1	0.000001
OPCODE	C342	1	0.000001
OPCODE	A9C8	1	0.000001
OPCODE	A9CD	1	0.000001
OPCODE	A9CE	1	0.000001
OPCODE	A9D2	1	0.000001
OPCODE	AA07	1	0.000001
OPCODE	AA08	1	0.000001
OPCODE	6A56	1	0.000001
OPCODE	2E81	1	0.000001
OPCODE	66B4	1	0.000001
OPCODE	E18A	1	0.000001
OPCODE	2E0C	1	0.000001
OPCODE	2E06	1	0.000001
OPCODE	2D74	1	0.000001
OPCODE	E14F	1	0.000001
OPCODE	2C4F	1	0.000001
OPCODE	677C	1	0.000001
OPCODE	6926	1	0.000001
OPCODE	6928	1	0.000001
OPCODE	6A1C	1	0.000001
OPCODE	2E82	1	0.000001
OPCODE	2957	1	0.000001
OPCODE	6C42	1	0.000001
OPCODE	6CF8	1	0.000001
OPCODE	2893	1	0.000001
OPCODE	6D2C	1	0.000001
OPCODE	6D7C	1	0.000001
OPCODE	6EF0	1	0.000001
OPCODE	6F1E	1	0.000001
OPCODE	6F28	1	0.000001
OPCODE	6F3C	1	0.000001
OPCODE	2778	1	0.000001
OPCODE	309F	1	0.000001
OPCODE	6138	1	0.000001
OPCODE	07B2	1	0.000001
OPCODE	07F2	1	0.000001
OPCODE	617E	1	0.000001
OPCODE	6188	1	0.000001
OPCODE	61E6	1	0.000001
OPCODE	3154	1	0.000001
OPCODE	6206	1	0.000001
OPCODE	E38D	1	0.000001
OPCODE	622A	1	0.000001
OPCODE	6322	1	0.000001
OPCODE	2768	1	0.000001
OPCODE	309A	1	0.000001
OPCODE	6498	1	0.000001
OPCODE	E28C	1	0.000001
OPCODE	3068	1	0.000001
OPCODE	3024	1	0.000001
OPCODE	65E0	1	0.000001
OPCODE	3000	1	0.000001
OPCODE	2F42	1	0.000001
OPCODE	2F24	1	0.000001
OPCODE	2EAB	1	0.000001
OPCODE	E246	1	0.000001
OPCODE	24A9	1	0.000001
OPCODE	2629	1	0.000001
OPCODE	2610	1	0.000001
OPCODE	760C	1	0.000001
OPCODE	76F7	1	0.000001
OPCODE	780A	1	0.000001
OPCODE	255F	1	0.000001
OPCODE	7A0E	1	0.000001
OPCODE	1034	1	0.000001
OPCODE	7E07	1	0.000001
OPCODE	7E27	1	0.000001
OPCODE	81C1	1	0.000001
OPCODE	7245	1	0.000001
OPCODE	8229	1	0.000001
OPCODE	D3C3	1	0.000001
OPCODE	82F8	1	0.000001
OPCODE	248B	1	0.000001
OPCODE	D340	1	0.000001
OPCODE	8A40	1	0.000001
OPCODE	D294	1	0.000001
OPCODE	908B	1	0.000001
OPCODE	9093	1	0.000001
OPCODE	90AA	1	0.000001
OPCODE	90C0	1	0.000001
OPCODE	D884	1	0.000001
OPCODE	D9C8	1	0.000001
OPCODE	D9C7	1	0.000001
OPCODE	2752	1	0.000001
OPCODE	D9C2	1	0.000001
OPCODE	D96A	1	0.000001
OPCODE	700B	1	0.000001
OPCODE	D938	1	0.000001
OPCODE	0C86	1	0.000001
OPCODE	26AE	1	0.000001
OPCODE	7017	1	0.000001
OPCODE	701B	1	0.000001
OPCODE	31EB	1	0.000001
OPCODE	7029	1	0.000001
OPCODE	7035	1	0.000001
OPCODE	7038	1	0.000001
OPCODE	705B	1	0.000001
OPCODE	705C	1	0.000001
OPCODE	705D	1	0.000001
OPCODE	7068	1	0.000001
OPCODE	7085	1	0.000001
OPCODE	70C0	1	0.000001
OPCODE	2657	1	0.000001
OPCODE	D730	1	0.000001
FPU_GUARD_META	format	fpu-guard-profile-v2-enabled
FPU_GUARD_META	post_round_predicate	candidate6c_guard_independent_of_FPCR_enables
FPU_GUARD_META	sample	pre_eval_inputs_committed_start_inclusive_stop_exclusive
FPU_GUARD_META	counts	new_fp_command_branch_events_not_retirements_or_unique_requests
FPU_GUARD_META	side_bits	cr_we,fm_we,bsun_req,fp_reset,frestore_idle,frestore_unimp,fsave_ack,pend_capture
FPU_GUARD_SUMMARY	edges	raw	restore	pending	unexpected_single_class	enable_rejected_55ff_normal	context_dropped	eligible_post_round	eligible_post_mismatch	reconciles
FPU_GUARD_SUMMARY	1304100000	11666048	0	0	0	5346934	5347800	5347864	0	1
FPU_GUARD_BUCKET	precision	enables	raw	single	exp_zero	exp_normal	exp_allones	old_guard_73bc	guard_55ff	guard_6c
FPU_GUARD_BUCKET	0	0	140224	930	0	930	0	930	930	930
FPU_GUARD_BUCKET	0	32	11525824	5584580	237646	5346934	0	0	0	5346934
FPU_GUARD_REJECT_SIDE	0	0
FPU_GUARD_REJECT_SIDE	1	0
FPU_GUARD_REJECT_SIDE	2	0
FPU_GUARD_REJECT_SIDE	3	0
FPU_GUARD_REJECT_SIDE	4	0
FPU_GUARD_REJECT_SIDE	5	0
FPU_GUARD_REJECT_SIDE	6	0
FPU_GUARD_REJECT_SIDE	7	0
FPU_GUARD_CONTEXT	profile_edge	pc	fpcr	opclass	side_bits	old_guard_73bc	guard_55ff	guard_6c
FPU_GUARD_CONTEXT	24597791	4089278E	00000000	2	0	1	1	1
FPU_GUARD_CONTEXT	24602736	4089278E	00000000	2	0	1	1	1
FPU_GUARD_CONTEXT	24604797	4089278E	00000000	2	0	1	1	1
FPU_GUARD_CONTEXT	24606858	4089278E	00000000	2	0	1	1	1
FPU_GUARD_CONTEXT	24608919	4089278E	00000000	2	0	1	1	1
FPU_GUARD_CONTEXT	24610980	4089278E	00000000	2	0	1	1	1
FPU_GUARD_CONTEXT	24613041	4089278E	00000000	2	0	1	1	1
FPU_GUARD_CONTEXT	24615102	4089278E	00000000	2	0	1	1	1
FPU_GUARD_CONTEXT	24617163	4089278E	00000000	2	0	1	1	1
FPU_GUARD_CONTEXT	24619224	4089278E	00000000	2	0	1	1	1
FPU_GUARD_CONTEXT	24621285	4089278E	00000000	2	0	1	1	1
FPU_GUARD_CONTEXT	24623346	4089278E	00000000	2	0	1	1	1
FPU_GUARD_CONTEXT	24625407	4089278E	00000000	2	0	1	1	1
FPU_GUARD_CONTEXT	24627468	4089278E	00000000	2	0	1	1	1
FPU_GUARD_CONTEXT	24629529	4089278E	00000000	2	0	1	1	1
FPU_GUARD_CONTEXT	24631590	4089278E	00000000	2	0	1	1	1
FPU_GUARD_CONTEXT	24633651	4089278E	00000000	2	0	1	1	1
FPU_GUARD_CONTEXT	24635712	4089278E	00000000	2	0	1	1	1
FPU_GUARD_CONTEXT	24637773	4089278E	00000000	2	0	1	1	1
FPU_GUARD_CONTEXT	24639834	4089278E	00000000	2	0	1	1	1
FPU_GUARD_CONTEXT	24641895	4089278E	00000000	2	0	1	1	1
FPU_GUARD_CONTEXT	24643956	4089278E	00000000	2	0	1	1	1
FPU_GUARD_CONTEXT	24646017	4089278E	00000000	2	0	1	1	1
FPU_GUARD_CONTEXT	24648078	4089278E	00000000	2	0	1	1	1
FPU_GUARD_CONTEXT	24650139	4089278E	00000000	2	0	1	1	1
FPU_GUARD_CONTEXT	24652200	4089278E	00000000	2	0	1	1	1
FPU_GUARD_CONTEXT	24654261	4089278E	00000000	2	0	1	1	1
FPU_GUARD_CONTEXT	24656322	4089278E	00000000	2	0	1	1	1
FPU_GUARD_CONTEXT	24658383	4089278E	00000000	2	0	1	1	1
FPU_GUARD_CONTEXT	24660444	4089278E	00000000	2	0	1	1	1
FPU_GUARD_CONTEXT	24662505	4089278E	00000000	2	0	1	1	1
FPU_GUARD_CONTEXT	24664566	4089278E	00000000	2	0	1	1	1
FPU_GUARD_CONTEXT	24666627	4089278E	00000000	2	0	1	1	1
FPU_GUARD_CONTEXT	24668688	4089278E	00000000	2	0	1	1	1
FPU_GUARD_CONTEXT	24670749	4089278E	00000000	2	0	1	1	1
FPU_GUARD_CONTEXT	24672810	4089278E	00000000	2	0	1	1	1
FPU_GUARD_CONTEXT	24674871	4089278E	00000000	2	0	1	1	1
FPU_GUARD_CONTEXT	24676932	4089278E	00000000	2	0	1	1	1
FPU_GUARD_CONTEXT	24678993	4089278E	00000000	2	0	1	1	1
FPU_GUARD_CONTEXT	24681054	4089278E	00000000	2	0	1	1	1
FPU_GUARD_CONTEXT	24683115	4089278E	00000000	2	0	1	1	1
FPU_GUARD_CONTEXT	24685176	4089278E	00000000	2	0	1	1	1
FPU_GUARD_CONTEXT	24687237	4089278E	00000000	2	0	1	1	1
FPU_GUARD_CONTEXT	24689298	4089278E	00000000	2	0	1	1	1
FPU_GUARD_CONTEXT	24691359	4089278E	00000000	2	0	1	1	1
FPU_GUARD_CONTEXT	24693420	4089278E	00000000	2	0	1	1	1
FPU_GUARD_CONTEXT	24695481	4089278E	00000000	2	0	1	1	1
FPU_GUARD_CONTEXT	24697542	4089278E	00000000	2	0	1	1	1
FPU_GUARD_CONTEXT	24699603	4089278E	00000000	2	0	1	1	1
FPU_GUARD_CONTEXT	24702631	4089278E	00000000	2	0	1	1	1
FPU_GUARD_CONTEXT	24704692	4089278E	00000000	2	0	1	1	1
FPU_GUARD_CONTEXT	24706753	4089278E	00000000	2	0	1	1	1
FPU_GUARD_CONTEXT	24708814	4089278E	00000000	2	0	1	1	1
FPU_GUARD_CONTEXT	24710875	4089278E	00000000	2	0	1	1	1
FPU_GUARD_CONTEXT	24712936	4089278E	00000000	2	0	1	1	1
FPU_GUARD_CONTEXT	24714997	4089278E	00000000	2	0	1	1	1
FPU_GUARD_CONTEXT	24717058	4089278E	00000000	2	0	1	1	1
FPU_GUARD_CONTEXT	24719119	4089278E	00000000	2	0	1	1	1
FPU_GUARD_CONTEXT	24721180	4089278E	00000000	2	0	1	1	1
FPU_GUARD_CONTEXT	24723241	4089278E	00000000	2	0	1	1	1
FPU_GUARD_CONTEXT	24725302	4089278E	00000000	2	0	1	1	1
FPU_GUARD_CONTEXT	24727363	4089278E	00000000	2	0	1	1	1
FPU_GUARD_CONTEXT	24729424	4089278E	00000000	2	0	1	1	1
FPU_GUARD_CONTEXT	24731485	4089278E	00000000	2	0	1	1	1
