CONFIG_END	pc	cacr	tc
CONFIG_END	4081C940	80008000	0000C000
ENABLED_CYCLES	ic	dc	mmu
ENABLED_CYCLES	544636928	544636928	544636928
SUMMARY	cycles	dispatches	clocks_per_dispatch	rd_accept_samples	look_hit_cycles	ipred_hit_cycles
SUMMARY	544636928	82759773	6.580938	54343339	73931572	3357816
STATE	id	cycles	entries	percent
STATE	3	47485742	11262296	8.718789
STATE	4	42831152	35035929	7.864166
STATE	5	274864	274864	0.050467
STATE	8	17018504	8032389	3.124743
STATE	9	201149505	34810213	36.932770
STATE	10	81909835	26076995	15.039347
STATE	11	2457405	2457405	0.451201
STATE	13	3055224	3049805	0.560965
STATE	15	1105336	1105336	0.202949
STATE	16	687148	687148	0.126166
STATE	17	587797	587797	0.107925
STATE	18	5518	5518	0.001013
STATE	19	2671830	2671830	0.490571
STATE	20	27853656	27853656	5.114170
STATE	21	528260	528260	0.096993
STATE	22	2248410	2248410	0.412827
STATE	23	641073	641073	0.117706
STATE	24	1170205	1170205	0.214860
STATE	26	1183139	1183139	0.217234
STATE	27	1403948	1403948	0.257777
STATE	28	4410828	4410828	0.809866
STATE	29	98644	98644	0.018112
STATE	30	302368	28357	0.055517
STATE	31	574	574	0.000105
STATE	34	253856	137520	0.046610
STATE	35	137532	137532	0.025252
STATE	36	137532	137532	0.025252
STATE	37	137532	137532	0.025252
STATE	38	12	12	0.000002
STATE	39	137532	137532	0.025252
STATE	41	137532	137532	0.025252
STATE	42	137532	137532	0.025252
STATE	43	15717	15717	0.002886
STATE	44	15717	15717	0.002886
STATE	45	15717	15717	0.002886
STATE	46	15717	15717	0.002886
STATE	47	15717	15717	0.002886
STATE	48	97359	97359	0.017876
STATE	49	105	105	0.000019
STATE	51	943393	915145	0.173215
STATE	52	372141	372141	0.068328
STATE	53	4715738	4714529	0.865850
STATE	55	773063	773063	0.141941
STATE	56	797476	797476	0.146423
STATE	57	92112	92112	0.016913
STATE	58	281473	281473	0.051681
STATE	59	10598	10598	0.001946
STATE	62	178769	178769	0.032824
STATE	65	178770	178770	0.032824
STATE	68	812729	812729	0.149224
STATE	69	595269	595269	0.109296
STATE	70	3625575	3625575	0.665687
STATE	78	120099	120099	0.022051
STATE	79	120099	120099	0.022051
STATE	81	186924	186924	0.034321
STATE	82	297179	183892	0.054565
STATE	87	1540	1540	0.000283
STATE	89	2505331	2505331	0.460000
STATE	90	2505331	2505331	0.460000
STATE	91	2505331	2505331	0.460000
STATE	92	10021324	10021324	1.840001
STATE	93	10021324	10021324	1.840001
STATE	94	10021324	10021324	1.840001
STATE	95	10021324	10021324	1.840001
STATE	96	2505331	2505331	0.460000
STATE	97	2505331	2505331	0.460000
STATE	98	44367	44367	0.008146
STATE	99	98644	98644	0.018112
STATE	102	217460	217460	0.039928
STATE	103	3976	3976	0.000730
STATE	104	3976	3976	0.000730
STATE	106	91200	30400	0.016745
STATE	107	91797	1540	0.016855
STATE	112	278212	278212	0.051082
STATE	113	278212	278212	0.051082
STATE	114	39566	39566	0.007265
STATE	115	6384	6384	0.001172
STATE	116	39566	39566	0.007265
STATE	117	238646	238646	0.043817
STATE	118	238646	238646	0.043817
STATE	119	3632	3632	0.000667
STATE	120	238646	238646	0.043817
STATE	121	81890	81890	0.015036
STATE	122	42	42	0.000008
STATE	129	6384	6384	0.001172
STATE	130	278212	278212	0.051082
STATE	131	278212	278212	0.051082
STATE	132	81890	81890	0.015036
STATE	133	1929316	14057	0.354239
STATE	151	30	30	0.000006
STATE	152	6	6	0.000001
STATE	153	1117	840	0.000205
STATE	154	62	62	0.000011
STATE	155	128	128	0.000024
STATE	157	16	16	0.000003
STATE	158	120	120	0.000022
STATE	160	966	273	0.000177
STATE	161	381	381	0.000070
STATE	162	536	322	0.000098
STATE	163	304	304	0.000056
STATE	164	214	214	0.000039
STATE	165	466	466	0.000086
STATE	167	18	18	0.000003
STATE	171	6	6	0.000001
STATE	173	319	319	0.000059
STATE	175	6608	176	0.001213
STATE	176	666	25	0.000122
STATE	177	40	40	0.000007
STATE	178	3263565	1099952	0.599218
STATE	179	962458	962458	0.176716
STATE	180	137494	137494	0.025245
STATE	181	15606	15606	0.002865
STATE	182	156	156	0.000029
STATE	183	156	156	0.000029
STATE	190	24730730	14839498	4.540774
STATE	191	12	12	0.000002
STATE	250	1894900	1355676	0.347920
MEM	name	value
MEM	mrd_cycles_cst0	65623106
MEM	mrd_cycles_cst1	7477794
MEM	mrd_cycles_cst4	49448719
MEM	mrd_cycles_cst5	2650264
MEM	mrd_cycles_cst6	75949622
MEM	mwr_cycles_cst0	43308922
MEM	mwr_cycles_cst1	706584
MEM	mwr_cycles_cst4	19593554
MEM	mwr_cycles_cst5	1408933
MEM	mwr_cycles_cst6	16891842
MEM	mrd_cycles_sb_pending	21516612
MEM	mwr_cycles_sb_pending	34560407
MEM	data_tagwrite_entries	2261243
MEM	instr_tagwrite_entries	3453586
MEM	sb_push_signal_samples	26023359
MEM	sb_full_request_samples	418861
MEM	read_with_store_pending_samples	7724352
MEM	pass_cycles_write	27594077
MEM	pass_cycles_read	74995756
CACHE_STATE	id	cycles	percent
CACHE_STATE	0	309965286	56.912279
CACHE_STATE	1	15017722	2.757382
CACHE_STATE	4	109549962	20.114310
CACHE_STATE	5	5714829	1.049292
CACHE_STATE	6	102589833	18.836371
CACHE_STATE	7	1799296	0.330366
TRANSITION	from	to	count
TRANSITION	3	4	11262234
TRANSITION	3	34	61
TRANSITION	4	3	3809589
TRANSITION	4	8	1273037
TRANSITION	4	9	1496194
TRANSITION	4	10	203735
TRANSITION	4	11	1779313
TRANSITION	4	13	90606
TRANSITION	4	20	13663712
TRANSITION	4	34	121815
TRANSITION	4	43	15717
TRANSITION	4	48	85517
TRANSITION	4	51	78423
TRANSITION	4	53	70875
TRANSITION	4	62	121245
TRANSITION	4	65	62889
TRANSITION	4	68	648596
TRANSITION	4	78	120099
TRANSITION	4	81	123120
TRANSITION	4	87	1540
TRANSITION	4	89	2481580
TRANSITION	4	98	41458
TRANSITION	4	104	2591
TRANSITION	4	106	30400
TRANSITION	4	112	256592
TRANSITION	4	133	14057
TRANSITION	4	153	118
TRANSITION	4	167	18
TRANSITION	4	181	255
TRANSITION	4	190	7413738
TRANSITION	4	250	1029100
TRANSITION	5	3	187098
TRANSITION	5	4	46561
TRANSITION	5	20	40966
TRANSITION	5	53	6
TRANSITION	5	56	74
TRANSITION	5	181	131
TRANSITION	5	190	28
TRANSITION	8	13	2646541
TRANSITION	8	15	819952
TRANSITION	8	16	660996
TRANSITION	8	18	5518
TRANSITION	8	19	2671830
TRANSITION	8	20	665601
TRANSITION	8	48	11842
TRANSITION	8	51	173282
TRANSITION	8	53	43764
TRANSITION	8	62	55390
TRANSITION	8	68	164133
TRANSITION	8	81	63804
TRANSITION	8	89	23751
TRANSITION	8	98	2909
TRANSITION	8	104	1385
TRANSITION	8	112	21620
TRANSITION	8	153	23
TRANSITION	8	157	8
TRANSITION	8	177	40
TRANSITION	9	3	2203397
TRANSITION	9	4	7837461
TRANSITION	9	8	6967
TRANSITION	9	10	3081365
TRANSITION	9	11	51941
TRANSITION	9	13	154992
TRANSITION	9	15	8850
TRANSITION	9	17	587797
TRANSITION	9	20	4552610
TRANSITION	9	23	640937
TRANSITION	9	27	1403948
TRANSITION	9	28	3484
TRANSITION	9	42	137532
TRANSITION	9	44	15717
TRANSITION	9	45	15717
TRANSITION	9	46	15717
TRANSITION	9	49	105
TRANSITION	9	51	306701
TRANSITION	9	53	57556
TRANSITION	9	55	16333
TRANSITION	9	56	55055
TRANSITION	9	62	1168
TRANSITION	9	65	54155
TRANSITION	9	70	416202
TRANSITION	9	93	10021324
TRANSITION	9	118	238606
TRANSITION	9	119	3632
TRANSITION	9	153	110
TRANSITION	9	160	120
TRANSITION	9	162	129
TRANSITION	9	165	130
TRANSITION	9	171	6
TRANSITION	9	175	176
TRANSITION	9	181	1527
TRANSITION	9	190	2836781
TRANSITION	9	250	81965
TRANSITION	10	3	748114
TRANSITION	10	4	1769486
TRANSITION	10	9	2406295
TRANSITION	10	13	67654
TRANSITION	10	20	2056822
TRANSITION	10	36	137532
TRANSITION	10	37	137532
TRANSITION	10	38	12
TRANSITION	10	39	137532
TRANSITION	10	51	98196
TRANSITION	10	52	372141
TRANSITION	10	53	2884347
TRANSITION	10	55	11293
TRANSITION	10	56	48916
TRANSITION	10	57	92112
TRANSITION	10	62	953
TRANSITION	10	65	14731
TRANSITION	10	70	2396644
TRANSITION	10	95	10021324
TRANSITION	10	122	42
TRANSITION	10	153	158
TRANSITION	10	161	381
TRANSITION	10	162	85
TRANSITION	10	165	252
TRANSITION	10	176	25
TRANSITION	10	181	1706
TRANSITION	10	183	156
TRANSITION	10	190	2427943
TRANSITION	10	250	244611
TRANSITION	11	8	1261275
TRANSITION	11	26	158160
TRANSITION	11	55	587508
TRANSITION	11	56	67539
TRANSITION	11	58	113
TRANSITION	11	59	8539
TRANSITION	11	102	157278
TRANSITION	11	117	216955
TRANSITION	11	151	30
TRANSITION	11	152	6
TRANSITION	11	155	2
TRANSITION	13	3	39653
TRANSITION	13	4	90391
TRANSITION	13	9	1704843
TRANSITION	13	10	178488
TRANSITION	13	20	255764
TRANSITION	13	22	172376
TRANSITION	13	26	373268
TRANSITION	13	51	1678
TRANSITION	13	53	634
TRANSITION	13	55	2436
TRANSITION	13	56	148414
TRANSITION	13	62	5
TRANSITION	13	102	59818
TRANSITION	13	117	21691
TRANSITION	13	155	82
TRANSITION	13	181	18
TRANSITION	13	190	246
TRANSITION	15	8	660996
TRANSITION	15	9	202365
TRANSITION	15	16	26152
TRANSITION	15	22	1
TRANSITION	15	26	86880
TRANSITION	15	55	19552
TRANSITION	15	56	1018
TRANSITION	15	58	108372
TRANSITION	16	9	587797
TRANSITION	16	22	97215
TRANSITION	16	55	1320
TRANSITION	16	58	816
TRANSITION	17	8	5518
TRANSITION	17	22	95365
TRANSITION	17	26	621
TRANSITION	17	55	3726
TRANSITION	17	56	403005
TRANSITION	17	58	79518
TRANSITION	17	155	44
TRANSITION	18	22	3824
TRANSITION	18	26	398
TRANSITION	18	58	1296
TRANSITION	19	22	1879629
TRANSITION	19	26	563812
TRANSITION	19	55	127810
TRANSITION	19	56	6798
TRANSITION	19	58	91358
TRANSITION	19	59	2059
TRANSITION	19	102	364
TRANSITION	20	8	4824548
TRANSITION	20	9	13661017
TRANSITION	20	10	5591049
TRANSITION	20	11	99112
TRANSITION	20	15	276534
TRANSITION	20	21	528260
TRANSITION	20	24	1006
TRANSITION	20	28	1365689
TRANSITION	20	190	1506441
TRANSITION	21	24	528260
TRANSITION	22	9	2248410
TRANSITION	23	3	4
TRANSITION	23	20	4
TRANSITION	23	24	640939
TRANSITION	23	53	14
TRANSITION	23	190	112
TRANSITION	24	11	70805
TRANSITION	24	28	1099400
TRANSITION	26	9	499976
TRANSITION	26	10	279578
TRANSITION	26	28	403585
TRANSITION	27	28	1403948
TRANSITION	28	3	32411
TRANSITION	28	4	1668954
TRANSITION	28	5	43846
TRANSITION	28	10	2382238
TRANSITION	28	13	646
TRANSITION	28	20	20430
TRANSITION	28	29	98644
TRANSITION	28	30	24381
TRANSITION	28	51	119333
TRANSITION	28	53	4552
TRANSITION	28	55	2
TRANSITION	28	65	170
TRANSITION	28	103	3976
TRANSITION	28	181	313
TRANSITION	28	190	10932
TRANSITION	29	99	98644
TRANSITION	30	3	220
TRANSITION	30	4	10007
TRANSITION	30	20	17191
TRANSITION	30	31	574
TRANSITION	30	65	6
TRANSITION	30	181	2
TRANSITION	30	190	357
TRANSITION	31	4	22
TRANSITION	31	20	552
TRANSITION	34	35	137520
TRANSITION	35	10	137532
TRANSITION	36	10	137532
TRANSITION	37	10	137532
TRANSITION	38	10	12
TRANSITION	39	41	137532
TRANSITION	41	9	137532
TRANSITION	42	34	38
TRANSITION	42	178	137494
TRANSITION	43	9	15717
TRANSITION	44	9	15717
TRANSITION	45	9	15717
TRANSITION	46	47	15717
TRANSITION	47	3	7724
TRANSITION	47	181	7993
TRANSITION	48	9	97359
TRANSITION	49	181	105
TRANSITION	51	3	355099
TRANSITION	51	4	99016
TRANSITION	51	10	215688
TRANSITION	51	13	2654
TRANSITION	51	20	240238
TRANSITION	51	56	1433
TRANSITION	51	62	8
TRANSITION	51	181	26
TRANSITION	51	190	983
TRANSITION	52	3	372105
TRANSITION	52	181	36
TRANSITION	53	3	332697
TRANSITION	53	4	3225711
TRANSITION	53	13	18
TRANSITION	53	20	790326
TRANSITION	53	51	6401
TRANSITION	53	56	1
TRANSITION	53	65	583
TRANSITION	53	181	84
TRANSITION	53	190	358708
TRANSITION	55	3	745454
TRANSITION	55	4	27570
TRANSITION	55	181	39
TRANSITION	56	10	797476
TRANSITION	57	3	92065
TRANSITION	57	181	47
TRANSITION	58	3	4881
TRANSITION	58	4	100104
TRANSITION	58	13	1027
TRANSITION	58	20	175399
TRANSITION	58	56	33
TRANSITION	58	181	29
TRANSITION	59	10	10598
TRANSITION	62	10	178769
TRANSITION	65	9	178770
TRANSITION	68	11	217460
TRANSITION	68	69	595269
TRANSITION	69	70	595269
TRANSITION	70	3	80573
TRANSITION	70	4	453539
TRANSITION	70	9	416202
TRANSITION	70	10	2396644
TRANSITION	70	13	18927
TRANSITION	70	20	208608
TRANSITION	70	51	1701
TRANSITION	70	53	107
TRANSITION	70	55	1059
TRANSITION	70	56	2360
TRANSITION	70	65	44379
TRANSITION	70	153	74
TRANSITION	70	181	272
TRANSITION	70	190	1130
TRANSITION	78	79	120099
TRANSITION	79	3	686
TRANSITION	79	4	61639
TRANSITION	79	20	57749
TRANSITION	79	56	23
TRANSITION	79	181	2
TRANSITION	81	5	3032
TRANSITION	81	82	183892
TRANSITION	82	5	183892
TRANSITION	87	107	1540
TRANSITION	89	90	2505331
TRANSITION	90	91	2505331
TRANSITION	91	92	2505331
TRANSITION	92	9	10021324
TRANSITION	93	92	7515993
TRANSITION	93	94	2505331
TRANSITION	94	10	10021324
TRANSITION	95	94	7515993
TRANSITION	95	96	2505331
TRANSITION	96	97	2505331
TRANSITION	97	4	2290817
TRANSITION	97	51	126
TRANSITION	97	53	212279
TRANSITION	97	181	2109
TRANSITION	98	3	112
TRANSITION	98	4	16
TRANSITION	98	5	44069
TRANSITION	98	20	170
TRANSITION	99	3	737
TRANSITION	99	4	48661
TRANSITION	99	20	1723
TRANSITION	99	181	4
TRANSITION	99	190	47519
TRANSITION	102	70	217460
TRANSITION	103	30	3976
TRANSITION	104	20	3976
TRANSITION	106	3	30400
TRANSITION	107	3	1540
TRANSITION	112	113	278212
TRANSITION	113	11	238646
TRANSITION	113	114	39566
TRANSITION	114	115	6384
TRANSITION	114	116	33182
TRANSITION	115	116	6384
TRANSITION	116	130	39566
TRANSITION	117	9	238646
TRANSITION	118	9	3632
TRANSITION	118	120	235014
TRANSITION	119	120	3632
TRANSITION	120	130	238646
TRANSITION	121	10	81890
TRANSITION	122	10	42
TRANSITION	129	4	6239
TRANSITION	129	20	100
TRANSITION	129	153	44
TRANSITION	129	181	1
TRANSITION	130	131	278212
TRANSITION	131	3	1086
TRANSITION	131	4	185029
TRANSITION	131	20	3683
TRANSITION	131	129	6384
TRANSITION	131	132	81890
TRANSITION	131	181	51
TRANSITION	131	190	89
TRANSITION	132	121	81890
TRANSITION	133	3	14031
TRANSITION	133	181	26
TRANSITION	151	10	18
TRANSITION	151	182	12
TRANSITION	152	9	6
TRANSITION	153	8	40
TRANSITION	153	11	128
TRANSITION	153	154	62
TRANSITION	153	157	8
TRANSITION	153	158	76
TRANSITION	153	160	145
TRANSITION	153	164	62
TRANSITION	153	173	319
TRANSITION	154	162	62
TRANSITION	155	158	44
TRANSITION	155	162	46
TRANSITION	155	164	38
TRANSITION	157	8	8
TRANSITION	157	160	8
TRANSITION	158	9	120
TRANSITION	160	4	4
TRANSITION	160	10	145
TRANSITION	160	20	68
TRANSITION	160	153	44
TRANSITION	160	191	12
TRANSITION	161	4	18
TRANSITION	161	10	236
TRANSITION	161	20	115
TRANSITION	161	153	12
TRANSITION	162	4	38
TRANSITION	162	9	129
TRANSITION	162	20	51
TRANSITION	162	65	12
TRANSITION	162	153	7
TRANSITION	162	163	85
TRANSITION	163	3	6
TRANSITION	163	4	101
TRANSITION	163	10	85
TRANSITION	163	20	112
TRANSITION	164	9	130
TRANSITION	164	165	84
TRANSITION	165	4	15
TRANSITION	165	10	252
TRANSITION	165	20	6
TRANSITION	165	153	79
TRANSITION	165	164	114
TRANSITION	167	20	18
TRANSITION	171	4	6
TRANSITION	173	4	78
TRANSITION	173	153	22
TRANSITION	173	163	219
TRANSITION	175	23	136
TRANSITION	175	118	40
TRANSITION	176	5	25
TRANSITION	177	3	12
TRANSITION	177	20	12
TRANSITION	177	153	16
TRANSITION	178	179	962458
TRANSITION	178	180	137494
TRANSITION	179	178	962458
TRANSITION	180	3	137494
TRANSITION	181	34	15606
TRANSITION	182	10	156
TRANSITION	183	4	12
TRANSITION	183	182	144
TRANSITION	190	3	2058912
TRANSITION	190	4	5832222
TRANSITION	190	9	42388
TRANSITION	190	13	66560
TRANSITION	190	20	5068362
TRANSITION	190	28	134722
TRANSITION	190	51	129300
TRANSITION	190	53	1439556
TRANSITION	190	55	2024
TRANSITION	190	56	62804
TRANSITION	190	65	1845
TRANSITION	190	153	133
TRANSITION	190	181	670
TRANSITION	191	35	12
TRANSITION	250	3	6196
TRANSITION	250	4	19978
TRANSITION	250	9	819927
TRANSITION	250	10	244611
TRANSITION	250	13	180
TRANSITION	250	20	29288
TRANSITION	250	51	3
TRANSITION	250	53	839
TRANSITION	250	56	3
TRANSITION	250	181	160
TRANSITION	250	190	234491
OPCODE	opcode	dispatches	percent
OPCODE	51CA	2327541	2.812406
OPCODE	22C4	2058218	2.486979
OPCODE	F624	1699885	2.053999
OPCODE	4E75	1542465	1.863786
OPCODE	6EFA	1516499	1.832411
OPCODE	2ADC	1284114	1.551616
OPCODE	B041	931530	1.125583
OPCODE	B0B8	915912	1.106712
OPCODE	F623	789053	0.953426
OPCODE	51C9	753552	0.910529
OPCODE	3018	731943	0.884419
OPCODE	B3CA	714814	0.863722
OPCODE	6D06	713039	0.861577
OPCODE	1981	679073	0.820535
OPCODE	B452	664194	0.802557
OPCODE	6DFA	652931	0.788947
OPCODE	B451	634471	0.766642
OPCODE	594A	619360	0.748383
OPCODE	B481	560514	0.677278
OPCODE	6002	550034	0.664615
OPCODE	1018	548992	0.663356
OPCODE	51CE	526678	0.636394
OPCODE	51CD	521323	0.629923
OPCODE	202E	511293	0.617804
OPCODE	3219	491405	0.593773
OPCODE	5043	477745	0.577267
OPCODE	66C0	471718	0.569985
OPCODE	6706	443372	0.535734
OPCODE	22C0	439492	0.531045
OPCODE	5380	424419	0.512832
OPCODE	4258	424006	0.512333
OPCODE	4A11	401358	0.484967
OPCODE	4681	396067	0.478574
OPCODE	4EB0	381852	0.461398
OPCODE	D040	365247	0.441334
OPCODE	0C40	360911	0.436095
OPCODE	2602	358819	0.433567
OPCODE	302E	351726	0.424996
OPCODE	B3D6	349263	0.422020
OPCODE	5849	348058	0.420564
OPCODE	6426	347300	0.419648
OPCODE	2211	345865	0.417914
OPCODE	C282	343256	0.414762
OPCODE	D3C1	343232	0.414733
OPCODE	6E06	340692	0.411664
OPCODE	D8C7	330024	0.398773
OPCODE	2883	325744	0.393602
OPCODE	8685	325744	0.393602
OPCODE	C694	325744	0.393602
OPCODE	BE6E	318997	0.385449
OPCODE	4EBA	313594	0.378921
OPCODE	4E71	313186	0.378428
OPCODE	48E7	311720	0.376656
OPCODE	7A00	311110	0.375919
OPCODE	1A2B	302396	0.365390
OPCODE	6AF8	301149	0.363883
OPCODE	D685	294077	0.355338
OPCODE	4CDF	267333	0.323023
OPCODE	6C04	267229	0.322897
OPCODE	5343	265253	0.320510
OPCODE	34C0	263090	0.317896
OPCODE	51CB	259377	0.313410
OPCODE	4A42	256301	0.309693
OPCODE	2011	255246	0.308418
OPCODE	2480	253016	0.305723
OPCODE	264F	252650	0.305281
OPCODE	22D2	252360	0.304931
OPCODE	342E	251818	0.304276
OPCODE	6708	244349	0.295251
OPCODE	0C50	240579	0.290696
OPCODE	C084	237131	0.286529
OPCODE	6F04	237081	0.286469
OPCODE	34C1	233422	0.282048
OPCODE	72FF	226511	0.273697
OPCODE	9980	226364	0.273519
OPCODE	2040	223945	0.270596
OPCODE	7000	219035	0.264664
OPCODE	246E	214506	0.259191
OPCODE	DA87	212896	0.257246
OPCODE	D986	212895	0.257245
OPCODE	D584	212895	0.257245
OPCODE	91CA	212895	0.257245
OPCODE	D3CA	212895	0.257245
OPCODE	701F	212546	0.256823
OPCODE	4ED4	212221	0.256430
OPCODE	C240	210648	0.254529
OPCODE	E0A9	210079	0.253842
OPCODE	DFAE	209692	0.253374
OPCODE	8081	207086	0.250225
OPCODE	2050	206786	0.249863
OPCODE	6718	205602	0.248432
OPCODE	4A2E	204788	0.247449
OPCODE	4ED0	202010	0.244092
OPCODE	2001	201880	0.243935
OPCODE	76FF	200425	0.242177
OPCODE	48C1	198509	0.239862
OPCODE	D4C0	198445	0.239784
OPCODE	2D41	198232	0.239527
OPCODE	322E	197592	0.238754
OPCODE	2018	196757	0.237745
OPCODE	B058	193725	0.234081
OPCODE	9685	190973	0.230756
OPCODE	9A87	190973	0.230756
OPCODE	9584	190959	0.230739
OPCODE	93CA	190959	0.230739
OPCODE	D1CA	190959	0.230739
OPCODE	9986	190959	0.230739
OPCODE	47EE	186923	0.225862
OPCODE	48C2	186921	0.225860
OPCODE	C0B8	184687	0.223160
OPCODE	4E7B	183892	0.222200
OPCODE	9440	183691	0.221957
OPCODE	B242	183650	0.221907
OPCODE	B46B	183526	0.221757
OPCODE	B26B	183524	0.221755
OPCODE	B05B	183276	0.221455
OPCODE	6C32	182800	0.220880
OPCODE	E1A9	182394	0.220390
OPCODE	C042	182288	0.220262
OPCODE	0240	182260	0.220228
OPCODE	D2C0	181944	0.219846
OPCODE	EA80	181762	0.219626
OPCODE	EA82	181760	0.219624
OPCODE	E2AB	181760	0.219624
OPCODE	E1AA	181760	0.219624
OPCODE	C291	181760	0.219624
OPCODE	4840	181310	0.219080
OPCODE	32D8	178238	0.215368
OPCODE	600C	177409	0.214366
OPCODE	4E5E	175178	0.211670
OPCODE	4E56	175177	0.211669
OPCODE	B042	174984	0.211436
OPCODE	4841	174685	0.211075
OPCODE	6D00	173192	0.209271
OPCODE	206E	170579	0.206113
OPCODE	D1AE	167631	0.202551
OPCODE	226E	166699	0.201425
OPCODE	34FC	161684	0.195365
OPCODE	51C8	160915	0.194436
OPCODE	B26A	159778	0.193062
OPCODE	6DF2	159767	0.193049
OPCODE	B269	154813	0.187063
OPCODE	6EF2	154196	0.186318
OPCODE	0C03	153622	0.185624
OPCODE	2078	152832	0.184669
OPCODE	24C5	150416	0.181750
OPCODE	2010	150306	0.181617
OPCODE	6100	149182	0.180259
OPCODE	2F0A	149093	0.180152
OPCODE	6000	148910	0.179930
OPCODE	4EF9	147318	0.178007
OPCODE	6604	145258	0.175518
OPCODE	245F	144547	0.174659
OPCODE	6606	140840	0.170179
OPCODE	66A0	139407	0.168448
OPCODE	654E	139288	0.168304
OPCODE	205F	138556	0.167420
OPCODE	B380	136502	0.164938
OPCODE	0838	133138	0.160873
OPCODE	6700	131408	0.158782
OPCODE	63D0	128866	0.155711
OPCODE	3228	127960	0.154616
OPCODE	241F	126405	0.152737
OPCODE	2F02	125982	0.152226
OPCODE	0C42	125900	0.152127
OPCODE	20C0	123601	0.149349
OPCODE	246F	122222	0.147683
OPCODE	200B	122146	0.147591
OPCODE	341A	121815	0.147191
OPCODE	2F4A	121815	0.147191
OPCODE	2AC6	121450	0.146750
OPCODE	5542	119280	0.144128
OPCODE	6702	117951	0.142522
OPCODE	6D18	116727	0.141043
OPCODE	B3CC	114602	0.138475
OPCODE	4684	113162	0.136736
OPCODE	284A	112757	0.136246
OPCODE	2819	112038	0.135377
OPCODE	C892	112016	0.135351
OPCODE	CA84	112016	0.135351
OPCODE	8A84	112016	0.135351
OPCODE	B7CC	110510	0.133531
OPCODE	67F4	109946	0.132850
OPCODE	2447	109907	0.132802
OPCODE	3203	108992	0.131697
OPCODE	C283	106875	0.129139
OPCODE	2A06	106391	0.128554
OPCODE	2F2E	105654	0.127663
OPCODE	6600	105143	0.127046
OPCODE	224D	105037	0.126918
OPCODE	6D3C	104814	0.126648
OPCODE	224B	104509	0.126280
OPCODE	2F38	104502	0.126271
OPCODE	DAEE	104006	0.125672
OPCODE	8043	103459	0.125011
OPCODE	E290	103230	0.124735
OPCODE	244C	103185	0.124680
OPCODE	D08C	102356	0.123678
OPCODE	3410	102339	0.123658
OPCODE	225F	101622	0.122792
OPCODE	2008	101316	0.122422
OPCODE	4680	101003	0.122044
OPCODE	2D40	100772	0.121764
OPCODE	5341	99853	0.120654
OPCODE	6704	98721	0.119286
OPCODE	4E74	97359	0.117640
OPCODE	0800	96332	0.116400
OPCODE	2F08	95973	0.115966
OPCODE	48C0	93959	0.113532
OPCODE	2068	93725	0.113249
OPCODE	6734	93029	0.112408
OPCODE	2AC0	92732	0.112050
OPCODE	2228	92094	0.111279
OPCODE	24D9	90069	0.108832
OPCODE	2415	89324	0.107932
OPCODE	672E	89128	0.107695
OPCODE	4A10	87168	0.105327
OPCODE	6714	87076	0.105215
OPCODE	201B	86714	0.104778
OPCODE	282E	86412	0.104413
OPCODE	E9D0	86089	0.104023
OPCODE	2A2E	85703	0.103556
OPCODE	6ECA	83568	0.100977
OPCODE	28C5	83557	0.100963
OPCODE	5240	83129	0.100446
OPCODE	9280	82393	0.099557
OPCODE	B06E	82352	0.099507
OPCODE	3013	82284	0.099425
OPCODE	2C2E	81940	0.099009
OPCODE	5382	81749	0.098779
OPCODE	EFD1	81392	0.098347
OPCODE	2037	81264	0.098193
OPCODE	DC84	81072	0.097961
OPCODE	22D8	80777	0.097604
OPCODE	2C10	80467	0.097230
OPCODE	2003	80107	0.096795
OPCODE	41F6	79518	0.096083
OPCODE	2F70	78965	0.095415
OPCODE	E580	78525	0.094883
OPCODE	6C38	78465	0.094811
OPCODE	0442	78332	0.094650
OPCODE	6DF0	78297	0.094608
OPCODE	48D3	78293	0.094603
OPCODE	545B	78293	0.094603
OPCODE	4CD3	78293	0.094603
OPCODE	6712	78279	0.094586
OPCODE	0C38	77980	0.094225
OPCODE	C684	77568	0.093727
OPCODE	2028	77303	0.093406
OPCODE	8083	77081	0.093138
OPCODE	C091	77081	0.093138
OPCODE	5247	76937	0.092964
OPCODE	286E	76896	0.092915
OPCODE	47FA	76441	0.092365
OPCODE	2619	75706	0.091477
OPCODE	2006	75700	0.091470
OPCODE	6006	75350	0.091047
OPCODE	0830	74496	0.090015
OPCODE	670A	74359	0.089849
OPCODE	D8C6	73491	0.088800
OPCODE	4ED3	73398	0.088688
OPCODE	DAC7	73394	0.088683
OPCODE	600A	72685	0.087826
OPCODE	6404	72010	0.087011
OPCODE	2D49	71978	0.086972
OPCODE	6008	71881	0.086855
OPCODE	65AA	71731	0.086674
OPCODE	6740	69777	0.084313
OPCODE	6720	69484	0.083959
OPCODE	24F4	68654	0.082956
OPCODE	3D6E	68096	0.082282
OPCODE	2055	67777	0.081896
OPCODE	6BDC	67505	0.081567
OPCODE	486E	67355	0.081386
OPCODE	2215	66893	0.080828
OPCODE	61FF	66506	0.080360
OPCODE	660E	66011	0.079762
OPCODE	2E9F	65866	0.079587
OPCODE	DACB	65607	0.079274
OPCODE	487A	65591	0.079255
OPCODE	8480	63994	0.077325
OPCODE	C485	63988	0.077318
OPCODE	2A82	63988	0.077318
OPCODE	670E	63891	0.077201
OPCODE	2478	63716	0.076989
OPCODE	2245	62767	0.075842
OPCODE	2C33	61375	0.074160
OPCODE	4A40	61179	0.073924
OPCODE	67F6	60966	0.073666
OPCODE	21CA	60888	0.073572
OPCODE	47FB	60882	0.073565
OPCODE	47F9	60678	0.073318
OPCODE	21CB	60631	0.073261
OPCODE	204B	59976	0.072470
OPCODE	0C43	59300	0.071653
OPCODE	3D47	59130	0.071448
OPCODE	2F09	59111	0.071425
OPCODE	4A13	58455	0.070632
OPCODE	6614	58440	0.070614
OPCODE	2F01	57689	0.069707
OPCODE	3028	57151	0.069056
OPCODE	3E1F	57022	0.068901
OPCODE	C06E	56827	0.068665
OPCODE	221F	56787	0.068617
OPCODE	3202	55789	0.067411
OPCODE	4ED1	55129	0.066613
OPCODE	3F07	54949	0.066396
OPCODE	51CF	54807	0.066224
OPCODE	41FA	54092	0.065360
OPCODE	E5A8	54055	0.065316
OPCODE	3218	54040	0.065297
OPCODE	2F00	54017	0.065270
OPCODE	3007	53962	0.065203
OPCODE	D7C0	53858	0.065078
OPCODE	0242	53775	0.064977
OPCODE	D06E	53713	0.064902
OPCODE	4A68	53561	0.064719
OPCODE	6660	53491	0.064634
OPCODE	9242	53330	0.064440
OPCODE	3017	53280	0.064379
OPCODE	2047	53248	0.064340
OPCODE	584F	52701	0.063679
OPCODE	BFC4	52688	0.063664
OPCODE	2044	52551	0.063498
OPCODE	4843	52061	0.062906
OPCODE	2246	51864	0.062668
OPCODE	6722	51786	0.062574
OPCODE	CF46	51774	0.062559
OPCODE	D4C3	51678	0.062443
OPCODE	D042	51467	0.062188
OPCODE	0883	51360	0.062059
OPCODE	7001	51347	0.062043
OPCODE	4278	51256	0.061933
OPCODE	66A2	51101	0.061746
OPCODE	B580	50672	0.061228
OPCODE	2F0C	50245	0.060712
OPCODE	6C00	49872	0.060261
OPCODE	0C97	49744	0.060106
OPCODE	C085	49560	0.059884
OPCODE	6E22	49541	0.059861
OPCODE	2251	49517	0.059832
OPCODE	CC47	49225	0.059479
OPCODE	32C1	49091	0.059317
OPCODE	200C	49049	0.059267
OPCODE	6D0A	48868	0.059048
OPCODE	2648	48818	0.058988
OPCODE	0C00	48477	0.058576
OPCODE	4A80	48379	0.058457
OPCODE	3D5B	48370	0.058446
OPCODE	32C0	48294	0.058354
OPCODE	6016	48287	0.058346
OPCODE	2244	47143	0.056964
OPCODE	C947	47140	0.056960
OPCODE	2278	46061	0.055656
OPCODE	60DE	45830	0.055377
OPCODE	3D40	45641	0.055149
OPCODE	4CEE	45607	0.055108
OPCODE	B641	45583	0.055079
OPCODE	6E28	45415	0.054876
OPCODE	671A	45286	0.054720
OPCODE	4E90	44934	0.054294
OPCODE	5846	44838	0.054178
OPCODE	266E	44239	0.053455
OPCODE	1401	43675	0.052773
OPCODE	6530	43493	0.052553
OPCODE	603C	43361	0.052394
OPCODE	6724	43054	0.052023
OPCODE	007C	42797	0.051712
OPCODE	4267	42761	0.051669
OPCODE	4ED2	42499	0.051352
OPCODE	24D1	42386	0.051216
OPCODE	4A43	42370	0.051196
OPCODE	42A7	41931	0.050666
OPCODE	24F0	41776	0.050479
OPCODE	24C6	41598	0.050264
OPCODE	6102	41249	0.049842
OPCODE	6E08	41075	0.049632
OPCODE	5088	40739	0.049226
OPCODE	B001	40720	0.049203
OPCODE	2013	40284	0.048676
OPCODE	4A00	39982	0.048311
OPCODE	3003	39960	0.048284
OPCODE	E548	39775	0.048061
OPCODE	B7CA	39653	0.047913
OPCODE	2400	39367	0.047568
OPCODE	24C4	38400	0.046399
OPCODE	361A	38214	0.046175
OPCODE	6608	37973	0.045883
OPCODE	5188	37325	0.045100
OPCODE	206F	37123	0.044856
OPCODE	2F3C	37085	0.044810
OPCODE	6F02	37065	0.044786
OPCODE	262E	36898	0.044584
OPCODE	11DF	36785	0.044448
OPCODE	40E7	36776	0.044437
OPCODE	1F38	36761	0.044419
OPCODE	46DF	36755	0.044412
OPCODE	D041	36365	0.043940
OPCODE	2002	36360	0.043934
OPCODE	B842	35399	0.042773
OPCODE	4643	34860	0.042122
OPCODE	1C00	34459	0.041637
OPCODE	7C0F	34327	0.041478
OPCODE	E84E	34327	0.041478
OPCODE	CC40	34327	0.041478
OPCODE	43EE	34232	0.041363
OPCODE	60CC	34028	0.041117
OPCODE	4642	33948	0.041020
OPCODE	7400	33888	0.040947
OPCODE	548F	33676	0.040691
OPCODE	504A	33615	0.040618
OPCODE	660C	33577	0.040572
OPCODE	1200	33501	0.040480
OPCODE	2F3A	33489	0.040465
OPCODE	3029	33469	0.040441
OPCODE	6710	33451	0.040419
OPCODE	42AE	33401	0.040359
OPCODE	4A78	33399	0.040357
OPCODE	2059	33227	0.040149
OPCODE	3403	32834	0.039674
OPCODE	DACC	32559	0.039342
OPCODE	2C78	32392	0.039140
OPCODE	2C40	32321	0.039054
OPCODE	661C	32201	0.038909
OPCODE	558F	32058	0.038736
OPCODE	2F14	31764	0.038381
OPCODE	2849	31754	0.038369
OPCODE	3428	31749	0.038363
OPCODE	D9C3	31670	0.038267
OPCODE	908E	31670	0.038267
OPCODE	200E	31584	0.038163
OPCODE	C029	31410	0.037953
OPCODE	6B3A	31391	0.037930
OPCODE	66F0	31091	0.037568
OPCODE	6F00	30734	0.037136
OPCODE	2240	30726	0.037127
OPCODE	6B0C	30711	0.037109
OPCODE	1038	30680	0.037071
OPCODE	11C1	30400	0.036733
OPCODE	F518	30400	0.036733
OPCODE	2E08	30077	0.036343
OPCODE	7AFF	30060	0.036322
OPCODE	662C	29960	0.036201
OPCODE	2051	29726	0.035918
OPCODE	660A	29599	0.035765
OPCODE	4A6E	29371	0.035489
OPCODE	224A	29301	0.035405
OPCODE	B646	29129	0.035197
OPCODE	6C02	29111	0.035175
OPCODE	2C49	28965	0.034999
OPCODE	9DE8	28795	0.034793
OPCODE	6130	28720	0.034703
OPCODE	1033	28608	0.034568
OPCODE	2669	28514	0.034454
OPCODE	224C	28469	0.034400
OPCODE	4A38	28385	0.034298
OPCODE	6074	28371	0.034281
OPCODE	381A	28369	0.034279
OPCODE	B846	28361	0.034269
OPCODE	6F40	28356	0.034263
OPCODE	B647	28332	0.034234
OPCODE	9843	28322	0.034222
OPCODE	6C3C	28317	0.034216
OPCODE	D6C0	28305	0.034201
OPCODE	E2AD	28305	0.034201
OPCODE	B847	28305	0.034201
OPCODE	EA4B	28305	0.034201
OPCODE	EA4C	28305	0.034201
OPCODE	C044	28305	0.034201
OPCODE	9669	28305	0.034201
OPCODE	9869	28305	0.034201
OPCODE	B393	28305	0.034201
OPCODE	0C41	28206	0.034082
OPCODE	674C	28130	0.033990
OPCODE	422E	27723	0.033498
OPCODE	51CC	27629	0.033385
OPCODE	4A50	27087	0.032730
OPCODE	56C8	27056	0.032692
OPCODE	08C3	27043	0.032677
OPCODE	2283	27033	0.032664
OPCODE	588A	27031	0.032662
OPCODE	6602	26850	0.032443
OPCODE	6622	26778	0.032356
OPCODE	B1D6	26776	0.032354
OPCODE	619A	26684	0.032243
OPCODE	618E	26630	0.032177
OPCODE	598F	26628	0.032175
OPCODE	61A4	26458	0.031970
OPCODE	9240	26339	0.031826
OPCODE	66F2	25636	0.030976
OPCODE	C285	25472	0.030778
OPCODE	201C	25336	0.030614
OPCODE	E9D4	25295	0.030564
OPCODE	4AB8	25286	0.030553
OPCODE	C2B8	25181	0.030427
OPCODE	2070	24834	0.030007
OPCODE	B258	24695	0.029839
OPCODE	B458	24639	0.029772
OPCODE	E9C0	24602	0.029727
OPCODE	671C	24592	0.029715
OPCODE	B658	24547	0.029661
OPCODE	B858	24546	0.029659
OPCODE	4A1F	24354	0.029427
OPCODE	3038	24082	0.029099
OPCODE	0247	24064	0.029077
OPCODE	670C	24035	0.029042
OPCODE	4240	23816	0.028777
OPCODE	3184	23539	0.028443
OPCODE	60C2	23393	0.028266
OPCODE	201F	23207	0.028041
OPCODE	0801	22695	0.027423
OPCODE	2250	22530	0.027223
OPCODE	244D	22452	0.027129
OPCODE	321A	21972	0.026549
OPCODE	663A	21653	0.026164
OPCODE	2470	21626	0.026131
OPCODE	E9E9	21622	0.026126
OPCODE	0811	21506	0.025986
OPCODE	2452	21320	0.025761
OPCODE	3200	21226	0.025648
OPCODE	3810	21024	0.025404
OPCODE	57CC	20844	0.025186
OPCODE	206B	20813	0.025149
OPCODE	6728	20705	0.025018
OPCODE	D1C4	20584	0.024872
OPCODE	3F3C	20548	0.024828
OPCODE	6B00	20428	0.024683
OPCODE	0C6F	20420	0.024674
OPCODE	4EB6	20418	0.024671
OPCODE	4EFB	20256	0.024476
OPCODE	2810	20249	0.024467
OPCODE	2840	20022	0.024193
OPCODE	7200	19982	0.024145
OPCODE	2038	19962	0.024120
OPCODE	22C5	19892	0.024036
OPCODE	6F0A	19776	0.023896
OPCODE	49FA	19707	0.023812
OPCODE	0803	19698	0.023801
OPCODE	08F8	19638	0.023729
OPCODE	6716	19621	0.023708
OPCODE	2049	19494	0.023555
OPCODE	24C0	19484	0.023543
OPCODE	B3DA	19429	0.023476
OPCODE	662A	19379	0.023416
OPCODE	C8B8	19253	0.023264
OPCODE	E1AC	18938	0.022883
OPCODE	082B	18896	0.022832
OPCODE	8A87	18894	0.022830
OPCODE	8886	18894	0.022830
OPCODE	E1AD	18894	0.022830
OPCODE	2271	18770	0.022680
OPCODE	4868	18738	0.022641
OPCODE	200A	18212	0.022006
OPCODE	6748	18190	0.021979
OPCODE	11FC	18155	0.021937
OPCODE	3D41	18109	0.021881
OPCODE	6618	18056	0.021817
OPCODE	9051	18025	0.021780
OPCODE	2248	17949	0.021688
OPCODE	317C	17738	0.021433
OPCODE	2005	17678	0.021361
OPCODE	3F00	17623	0.021294
OPCODE	2268	17473	0.021113
OPCODE	322B	17468	0.021107
OPCODE	204A	17448	0.021083
OPCODE	082E	17443	0.021077
OPCODE	2678	17105	0.020668
OPCODE	45EE	17101	0.020663
OPCODE	2D48	17049	0.020601
OPCODE	426E	17036	0.020585
OPCODE	B280	16994	0.020534
OPCODE	4AAB	16939	0.020468
OPCODE	203A	16912	0.020435
OPCODE	2A30	16886	0.020404
OPCODE	2A78	16750	0.020239
OPCODE	1010	16692	0.020169
OPCODE	2448	16642	0.020109
OPCODE	C087	16552	0.020000
OPCODE	4E93	16527	0.019970
OPCODE	D1C1	16433	0.019856
OPCODE	F620	16393	0.019808
OPCODE	204C	16391	0.019806
OPCODE	2D4B	16235	0.019617
OPCODE	602A	16155	0.019520
OPCODE	7600	16102	0.019456
OPCODE	0C80	16022	0.019360
OPCODE	504F	15998	0.019331
OPCODE	4242	15845	0.019146
OPCODE	9082	15830	0.019128
OPCODE	0C68	15821	0.019117
OPCODE	4E73	15717	0.018991
OPCODE	6A00	15713	0.018986
OPCODE	707F	15713	0.018986
OPCODE	C086	15675	0.018940
OPCODE	2D5F	15603	0.018853
OPCODE	2F30	15464	0.018685
OPCODE	8195	15410	0.018620
OPCODE	B243	15393	0.018600
OPCODE	6736	15360	0.018560
OPCODE	0880	15355	0.018554
OPCODE	302F	15329	0.018522
OPCODE	6738	15308	0.018497
OPCODE	B692	15257	0.018435
OPCODE	57CD	15257	0.018435
OPCODE	661A	15231	0.018404
OPCODE	0C6C	15195	0.018360
OPCODE	4A69	15190	0.018354
OPCODE	2D4F	15186	0.018349
OPCODE	1230	15177	0.018339
OPCODE	41EB	15171	0.018331
OPCODE	D3CE	15159	0.018317
OPCODE	202B	15044	0.018178
OPCODE	2978	14964	0.018081
OPCODE	2A6E	14929	0.018039
OPCODE	6A06	14794	0.017876
OPCODE	2210	14761	0.017836
OPCODE	6646	14738	0.017808
OPCODE	4C98	14486	0.017504
OPCODE	2F0B	14409	0.017411
OPCODE	7217	14381	0.017377
OPCODE	307B	14381	0.017377
OPCODE	DE84	14336	0.017322
OPCODE	1CD4	14336	0.017322
OPCODE	16F4	14336	0.017322
OPCODE	BE8B	14322	0.017306
OPCODE	3F03	14306	0.017286
OPCODE	2081	14171	0.017123
OPCODE	C083	14157	0.017106
OPCODE	70FF	14077	0.017009
OPCODE	3400	13976	0.016887
OPCODE	2214	13970	0.016880
OPCODE	2212	13939	0.016843
OPCODE	2069	13892	0.016786
OPCODE	4238	13890	0.016784
OPCODE	673E	13788	0.016660
OPCODE	4A6A	13732	0.016593
OPCODE	2469	13726	0.016585
OPCODE	60FF	13700	0.016554
OPCODE	275F	13592	0.016423
OPCODE	2200	13498	0.016310
OPCODE	7002	13488	0.016298
OPCODE	4A6B	13462	0.016266
OPCODE	0241	13440	0.016240
OPCODE	2229	13351	0.016132
OPCODE	B898	13328	0.016104
OPCODE	26C6	13316	0.016090
OPCODE	5340	13303	0.016074
OPCODE	226F	13241	0.015999
OPCODE	0C6E	13210	0.015962
OPCODE	2654	13191	0.015939
OPCODE	2848	13178	0.015923
OPCODE	B5CB	13175	0.015920
OPCODE	E819	13104	0.015834
OPCODE	0CAF	13096	0.015824
OPCODE	0891	13026	0.015740
OPCODE	4227	13012	0.015723
OPCODE	2341	12896	0.015582
OPCODE	41F3	12875	0.015557
OPCODE	6004	12843	0.015518
OPCODE	22C1	12829	0.015501
OPCODE	08D1	12823	0.015494
OPCODE	43E9	12806	0.015474
OPCODE	1212	12764	0.015423
OPCODE	B069	12750	0.015406
OPCODE	B228	12703	0.015349
OPCODE	4486	12685	0.015327
OPCODE	4EFA	12683	0.015325
OPCODE	4881	12653	0.015289
OPCODE	6F58	12589	0.015211
OPCODE	E541	12583	0.015204
OPCODE	3A2E	12579	0.015199
OPCODE	6E26	12576	0.015196
OPCODE	6D20	12570	0.015189
OPCODE	9228	12568	0.015186
OPCODE	BF80	12556	0.015172
OPCODE	D684	12508	0.015114
OPCODE	2A40	12495	0.015098
OPCODE	43F0	12428	0.015017
OPCODE	301F	12352	0.014925
OPCODE	B21A	12336	0.014906
OPCODE	C082	12330	0.014899
OPCODE	10C1	12328	0.014896
OPCODE	BBC9	12291	0.014851
OPCODE	38C0	12288	0.014848
OPCODE	4485	12288	0.014848
OPCODE	4487	12288	0.014848
OPCODE	6A18	12286	0.014845
OPCODE	3D5C	12223	0.014769
OPCODE	0828	12137	0.014665
OPCODE	3F2E	12098	0.014618
OPCODE	4844	12044	0.014553
OPCODE	43E8	12016	0.014519
OPCODE	303C	11962	0.014454
OPCODE	2007	11955	0.014445
OPCODE	C081	11877	0.014351
OPCODE	102C	11821	0.014284
OPCODE	302B	11781	0.014235
OPCODE	700A	11758	0.014207
OPCODE	0C46	11735	0.014180
OPCODE	B7D6	11676	0.014108
OPCODE	4880	11664	0.014094
OPCODE	D0FC	11645	0.014071
OPCODE	6D02	11637	0.014061
OPCODE	A829	11629	0.014052
OPCODE	2F07	11592	0.014007
OPCODE	B091	11543	0.013948
OPCODE	0201	11528	0.013929
OPCODE	BBCB	11444	0.013828
OPCODE	584C	11406	0.013782
OPCODE	1080	11404	0.013780
OPCODE	D5C1	11351	0.013716
OPCODE	21EF	11350	0.013714
OPCODE	2054	11291	0.013643
OPCODE	7C00	11238	0.013579
OPCODE	5342	11205	0.013539
OPCODE	3019	11185	0.013515
OPCODE	2855	11155	0.013479
OPCODE	2E00	11120	0.013436
OPCODE	6732	11083	0.013392
OPCODE	202A	11075	0.013382
OPCODE	601C	11044	0.013345
OPCODE	74FF	11038	0.013337
OPCODE	3D43	11021	0.013317
OPCODE	CF45	10993	0.013283
OPCODE	B181	10970	0.013255
OPCODE	2668	10933	0.013211
OPCODE	4A28	10916	0.013190
OPCODE	2032	10902	0.013173
OPCODE	41EE	10899	0.013169
OPCODE	362E	10890	0.013159
OPCODE	200D	10880	0.013146
OPCODE	41F8	10879	0.013145
OPCODE	6A2E	10877	0.013143
OPCODE	1D7C	10863	0.013126
OPCODE	B2B0	10857	0.013119
OPCODE	4442	10845	0.013104
OPCODE	E9D1	10827	0.013082
OPCODE	2230	10824	0.013079
OPCODE	6772	10822	0.013076
OPCODE	50EE	10817	0.013070
OPCODE	60A2	10811	0.013063
OPCODE	B231	10811	0.013063
OPCODE	2272	10811	0.013063
OPCODE	206D	10810	0.013062
OPCODE	B005	10794	0.013043
OPCODE	7802	10741	0.012979
OPCODE	242E	10724	0.012958
OPCODE	D1EB	10710	0.012941
OPCODE	4A2C	10706	0.012936
OPCODE	640A	10689	0.012916
OPCODE	203C	10640	0.012856
OPCODE	7601	10579	0.012783
OPCODE	78FF	10540	0.012736
OPCODE	202F	10519	0.012710
OPCODE	0281	10502	0.012690
OPCODE	B2A9	10499	0.012686
OPCODE	4A14	10487	0.012672
OPCODE	4A05	10448	0.012624
OPCODE	243C	10415	0.012585
OPCODE	65CA	10405	0.012573
OPCODE	6500	10373	0.012534
OPCODE	6A1E	10344	0.012499
OPCODE	D7D3	10281	0.012423
OPCODE	2270	10198	0.012322
OPCODE	F4F8	10055	0.012150
OPCODE	7401	10050	0.012144
OPCODE	4AA8	10048	0.012141
OPCODE	4A01	9998	0.012081
OPCODE	6B14	9947	0.012019
OPCODE	6014	9938	0.012008
OPCODE	6012	9915	0.011980
OPCODE	3001	9902	0.011965
OPCODE	819D	9885	0.011944
OPCODE	3002	9856	0.011909
OPCODE	3E29	9855	0.011908
OPCODE	6CEC	9855	0.011908
OPCODE	335A	9853	0.011906
OPCODE	3352	9845	0.011896
OPCODE	234A	9842	0.011892
OPCODE	9452	9841	0.011891
OPCODE	3C29	9841	0.011891
OPCODE	285F	9811	0.011855
OPCODE	A029	9772	0.011808
OPCODE	102E	9766	0.011800
OPCODE	3043	9750	0.011781
OPCODE	2481	9740	0.011769
OPCODE	E24D	9740	0.011769
OPCODE	6648	9723	0.011748
OPCODE	3229	9691	0.011710
OPCODE	6C48	9689	0.011707
OPCODE	7007	9610	0.011612
OPCODE	A02A	9599	0.011599
OPCODE	AAA2	9593	0.011591
OPCODE	5243	9448	0.011416
OPCODE	24D8	9399	0.011357
OPCODE	2468	9360	0.011310
OPCODE	B0AC	9324	0.011266
OPCODE	DC93	9297	0.011234
OPCODE	30C2	9213	0.011132
OPCODE	4EB9	9187	0.011101
OPCODE	30C1	9182	0.011095
OPCODE	7220	9179	0.011091
OPCODE	6022	9158	0.011066
OPCODE	606A	9088	0.010981
OPCODE	34D8	9081	0.010973
OPCODE	D9CA	8945	0.010808
OPCODE	DBCB	8945	0.010808
OPCODE	4CAE	8933	0.010794
OPCODE	6F3A	8922	0.010781
OPCODE	6B16	8878	0.010727
OPCODE	2E2E	8875	0.010724
OPCODE	486B	8867	0.010714
OPCODE	E980	8865	0.010712
OPCODE	2140	8841	0.010683
OPCODE	2080	8813	0.010649
OPCODE	D087	8745	0.010567
OPCODE	E9D3	8737	0.010557
OPCODE	B050	8694	0.010505
OPCODE	600E	8639	0.010439
OPCODE	202C	8613	0.010407
OPCODE	6400	8598	0.010389
OPCODE	6620	8594	0.010384
OPCODE	1013	8537	0.010315
OPCODE	2D4A	8507	0.010279
OPCODE	5C40	8501	0.010272
OPCODE	2878	8496	0.010266
OPCODE	31FC	8464	0.010227
OPCODE	5368	8449	0.010209
OPCODE	B2FC	8447	0.010207
OPCODE	3F01	8442	0.010201
OPCODE	DEC0	8427	0.010182
OPCODE	0C69	8420	0.010174
OPCODE	2171	8419	0.010173
OPCODE	2E6E	8415	0.010168
OPCODE	30B1	8415	0.010168
OPCODE	08E9	8415	0.010168
OPCODE	594F	8414	0.010167
OPCODE	6642	8403	0.010153
OPCODE	30C3	8397	0.010146
OPCODE	30C4	8389	0.010137
OPCODE	6F1A	8387	0.010134
OPCODE	4869	8372	0.010116
OPCODE	2D4C	8355	0.010095
OPCODE	B052	8342	0.010080
OPCODE	336E	8340	0.010077
OPCODE	6A3A	8338	0.010075
OPCODE	47F2	8338	0.010075
OPCODE	4853	8338	0.010075
OPCODE	4FEF	8196	0.009903
OPCODE	3C2E	8191	0.009897
OPCODE	6CF4	8183	0.009888
OPCODE	B068	8156	0.009855
OPCODE	0C52	8135	0.009830
OPCODE	3610	8097	0.009784
OPCODE	B1CB	8081	0.009764
OPCODE	60F2	8071	0.009752
OPCODE	7009	8043	0.009718
OPCODE	67DC	8037	0.009711
OPCODE	671E	8024	0.009696
OPCODE	56CB	8011	0.009680
OPCODE	AA97	8005	0.009673
OPCODE	81C5	8004	0.009671
OPCODE	6C10	8003	0.009670
OPCODE	3D7C	7995	0.009660
OPCODE	C004	7995	0.009660
OPCODE	D9C1	7989	0.009653
OPCODE	3628	7980	0.009642
OPCODE	2A07	7967	0.009627
OPCODE	201A	7955	0.009612
OPCODE	286B	7942	0.009596
OPCODE	2D44	7937	0.009590
OPCODE	B0FC	7878	0.009519
OPCODE	1D43	7864	0.009502
OPCODE	2831	7844	0.009478
OPCODE	B8B8	7844	0.009478
OPCODE	5297	7844	0.009478
OPCODE	3828	7783	0.009404
OPCODE	6E00	7725	0.009334
OPCODE	E048	7711	0.009317
OPCODE	20FB	7688	0.009290
OPCODE	0243	7620	0.009207
OPCODE	226C	7615	0.009201
OPCODE	2D6C	7608	0.009193
OPCODE	D1C0	7598	0.009181
OPCODE	60BC	7546	0.009118
OPCODE	60F4	7542	0.009113
OPCODE	6D34	7531	0.009100
OPCODE	6A16	7520	0.009087
OPCODE	56CA	7478	0.009036
OPCODE	6E0C	7424	0.008971
OPCODE	3EB8	7405	0.008948
OPCODE	3408	7403	0.008945
OPCODE	6446	7391	0.008931
OPCODE	6026	7381	0.008919
OPCODE	41ED	7364	0.008898
OPCODE	9251	7333	0.008861
OPCODE	0C5F	7330	0.008857
OPCODE	266D	7326	0.008852
OPCODE	D0AC	7326	0.008852
OPCODE	7040	7250	0.008760
OPCODE	08E8	7245	0.008754
OPCODE	1CEC	7168	0.008661
OPCODE	9EC0	7157	0.008648
OPCODE	60C8	7149	0.008638
OPCODE	3099	7148	0.008637
OPCODE	6A44	7135	0.008621
OPCODE	1D42	7106	0.008586
OPCODE	4AAE	7064	0.008536
OPCODE	6E0A	7050	0.008519
OPCODE	2253	7038	0.008504
OPCODE	B099	7020	0.008482
OPCODE	E088	7013	0.008474
OPCODE	7008	6999	0.008457
OPCODE	6B2A	6994	0.008451
OPCODE	1140	6965	0.008416
OPCODE	12C0	6962	0.008412
OPCODE	6A22	6924	0.008366
OPCODE	D002	6912	0.008352
OPCODE	DC83	6912	0.008352
OPCODE	6A34	6907	0.008346
OPCODE	D7CE	6904	0.008342
OPCODE	3F02	6871	0.008302
OPCODE	286D	6866	0.008296
OPCODE	40C0	6854	0.008282
OPCODE	D243	6841	0.008266
OPCODE	222E	6824	0.008246
OPCODE	429A	6818	0.008238
OPCODE	220F	6795	0.008211
OPCODE	D282	6790	0.008204
OPCODE	6D1C	6785	0.008198
OPCODE	2004	6771	0.008182
OPCODE	2E41	6767	0.008177
OPCODE	2EB8	6756	0.008163
OPCODE	C284	6699	0.008095
OPCODE	584B	6664	0.008052
OPCODE	2009	6619	0.007998
OPCODE	20AF	6588	0.007960
OPCODE	295F	6576	0.007946
OPCODE	342A	6564	0.007931
OPCODE	A873	6556	0.007922
OPCODE	65A6	6543	0.007906
OPCODE	0802	6518	0.007876
OPCODE	D281	6501	0.007855
OPCODE	2031	6487	0.007838
OPCODE	41F9	6471	0.007819
OPCODE	DAC8	6465	0.007812
OPCODE	D8C8	6465	0.007812
OPCODE	0680	6450	0.007794
OPCODE	0C45	6442	0.007784
OPCODE	2D45	6442	0.007784
OPCODE	43FB	6437	0.007778
OPCODE	B070	6434	0.007774
OPCODE	2D4D	6409	0.007744
OPCODE	740F	6402	0.007736
OPCODE	2C2A	6400	0.007733
OPCODE	DC43	6373	0.007701
OPCODE	61DC	6363	0.007689
OPCODE	0245	6361	0.007686
OPCODE	7800	6348	0.007670
OPCODE	6BD2	6347	0.007669
OPCODE	43F9	6334	0.007653
OPCODE	2E2A	6318	0.007634
OPCODE	2806	6317	0.007633
OPCODE	2455	6311	0.007626
OPCODE	3A03	6305	0.007618
OPCODE	B741	6304	0.007617
OPCODE	5BEE	6304	0.007617
OPCODE	8641	6304	0.007617
OPCODE	6D7A	6290	0.007600
OPCODE	C195	6285	0.007594
OPCODE	6E6E	6283	0.007592
OPCODE	3D42	6266	0.007571
OPCODE	261A	6260	0.007564
OPCODE	28C1	6260	0.007564
OPCODE	4A6C	6225	0.007522
OPCODE	08A9	6217	0.007512
OPCODE	2034	6186	0.007475
OPCODE	6D26	6143	0.007423
OPCODE	4A47	6136	0.007414
OPCODE	9069	6128	0.007405
OPCODE	720F	6111	0.007384
OPCODE	D444	6104	0.007376
OPCODE	E9C5	6096	0.007366
OPCODE	C447	6096	0.007366
OPCODE	EFC6	6096	0.007366
OPCODE	6A04	6095	0.007365
OPCODE	43EF	6065	0.007328
OPCODE	4A29	6039	0.007297
OPCODE	5278	6026	0.007281
OPCODE	5378	6025	0.007280
OPCODE	3010	6017	0.007270
OPCODE	2800	6012	0.007264
OPCODE	9651	6007	0.007258
OPCODE	9459	6007	0.007258
OPCODE	6626	6002	0.007252
OPCODE	1D40	5998	0.007247
OPCODE	2C56	5951	0.007191
OPCODE	9081	5924	0.007158
OPCODE	6730	5915	0.007147
OPCODE	6416	5888	0.007115
OPCODE	4210	5877	0.007101
OPCODE	C280	5871	0.007094
OPCODE	C247	5867	0.007089
OPCODE	3E2E	5866	0.007088
OPCODE	202D	5858	0.007078
OPCODE	672A	5811	0.007022
OPCODE	B0AB	5800	0.007008
OPCODE	5180	5798	0.007006
OPCODE	3080	5791	0.006997
OPCODE	C210	5778	0.006982
OPCODE	2C5F	5777	0.006980
OPCODE	2F0E	5777	0.006980
OPCODE	E748	5740	0.006936
OPCODE	2F2D	5708	0.006897
OPCODE	B3C8	5695	0.006881
OPCODE	6F0C	5695	0.006881
OPCODE	2F29	5674	0.006856
OPCODE	43F8	5659	0.006838
OPCODE	936E	5628	0.006800
OPCODE	2D6E	5623	0.006794
OPCODE	B9F8	5622	0.006793
OPCODE	46C0	5608	0.006776
OPCODE	5141	5605	0.006773
OPCODE	4846	5585	0.006748
OPCODE	2269	5556	0.006713
OPCODE	4A87	5535	0.006688
OPCODE	6106	5533	0.006686
OPCODE	664C	5526	0.006677
OPCODE	296B	5477	0.006618
OPCODE	41E9	5459	0.006596
OPCODE	66D2	5451	0.006587
OPCODE	6674	5422	0.006551
OPCODE	2A41	5417	0.006545
OPCODE	A88F	5417	0.006545
OPCODE	220D	5417	0.006545
OPCODE	C440	5415	0.006543
OPCODE	6726	5407	0.006533
OPCODE	422B	5399	0.006524
OPCODE	6B50	5394	0.006518
OPCODE	2F06	5382	0.006503
OPCODE	2178	5377	0.006497
OPCODE	4A85	5368	0.006486
OPCODE	08B8	5362	0.006479
OPCODE	6B10	5358	0.006474
OPCODE	7E00	5354	0.006469
OPCODE	4A83	5315	0.006422
OPCODE	103B	5299	0.006403
OPCODE	4A07	5299	0.006403
OPCODE	65F2	5290	0.006392
OPCODE	D010	5274	0.006373
OPCODE	A924	5274	0.006373
OPCODE	6C18	5271	0.006369
OPCODE	7230	5267	0.006364
OPCODE	B311	5267	0.006364
OPCODE	0A11	5266	0.006363
OPCODE	11A9	5266	0.006363
OPCODE	08EB	5264	0.006361
OPCODE	302D	5256	0.006351
OPCODE	66FF	5225	0.006313
OPCODE	43EB	5219	0.006306
OPCODE	906E	5218	0.006305
OPCODE	08C0	5203	0.006287
OPCODE	48AE	5201	0.006284
OPCODE	6612	5178	0.006257
OPCODE	6A02	5145	0.006217
OPCODE	4845	5130	0.006199
OPCODE	2D68	5094	0.006155
OPCODE	2209	5065	0.006120
OPCODE	5448	5045	0.006096
OPCODE	B085	5002	0.006044
OPCODE	4A2D	5002	0.006044
OPCODE	6088	5002	0.006044
OPCODE	6628	5000	0.006042
OPCODE	0829	4992	0.006032
OPCODE	B388	4965	0.005999
OPCODE	0285	4944	0.005974
OPCODE	E88D	4943	0.005973
OPCODE	1A14	4943	0.005973
OPCODE	60B0	4920	0.005945
OPCODE	662E	4884	0.005901
OPCODE	0CAE	4859	0.005871
OPCODE	32FC	4844	0.005853
OPCODE	2653	4838	0.005846
OPCODE	122B	4830	0.005836
OPCODE	946E	4826	0.005831
OPCODE	7004	4786	0.005783
OPCODE	5848	4785	0.005782
OPCODE	2043	4782	0.005778
OPCODE	1003	4755	0.005746
OPCODE	56EE	4755	0.005746
OPCODE	3D44	4746	0.005735
OPCODE	486A	4731	0.005717
OPCODE	6F1C	4722	0.005706
OPCODE	1432	4690	0.005667
OPCODE	554F	4664	0.005636
OPCODE	D9C0	4657	0.005627
OPCODE	674A	4657	0.005627
OPCODE	2A09	4622	0.005585
OPCODE	2255	4619	0.005581
OPCODE	D16E	4570	0.005522
OPCODE	3014	4565	0.005516
OPCODE	5540	4520	0.005462
OPCODE	2600	4480	0.005413
OPCODE	382E	4475	0.005407
OPCODE	3612	4446	0.005372
OPCODE	E448	4436	0.005360
OPCODE	337C	4421	0.005342
OPCODE	4243	4421	0.005342
OPCODE	62EA	4401	0.005318
OPCODE	5544	4398	0.005314
OPCODE	7210	4380	0.005292
OPCODE	B5C8	4353	0.005260
OPCODE	082A	4338	0.005242
OPCODE	57C0	4325	0.005226
OPCODE	42A8	4325	0.005226
OPCODE	1019	4320	0.005220
OPCODE	6616	4302	0.005198
OPCODE	5C4F	4301	0.005197
OPCODE	6638	4285	0.005178
OPCODE	2053	4272	0.005162
OPCODE	2640	4221	0.005100
OPCODE	D881	4219	0.005098
OPCODE	1480	4208	0.005085
OPCODE	2601	4172	0.005041
OPCODE	377C	4160	0.005027
OPCODE	2650	4146	0.005010
OPCODE	1F00	4144	0.005007
OPCODE	3230	4121	0.004979
OPCODE	4241	4095	0.004948
OPCODE	536E	4083	0.004934
OPCODE	4A45	4063	0.004909
OPCODE	663C	4054	0.004899
OPCODE	2F28	4027	0.004866
OPCODE	E449	4006	0.004841
OPCODE	4247	3998	0.004831
OPCODE	E149	3981	0.004810
OPCODE	41EA	3975	0.004803
OPCODE	0C01	3973	0.004801
OPCODE	235F	3968	0.004795
OPCODE	5181	3962	0.004787
OPCODE	0210	3962	0.004787
OPCODE	8310	3962	0.004787
OPCODE	A893	3960	0.004785
OPCODE	45FA	3958	0.004783
OPCODE	60EA	3922	0.004739
OPCODE	D086	3922	0.004739
OPCODE	266C	3919	0.004735
OPCODE	1006	3918	0.004734
OPCODE	9053	3894	0.004705
OPCODE	91AE	3883	0.004692
OPCODE	246D	3855	0.004658
OPCODE	4EF0	3852	0.004654
OPCODE	E84A	3850	0.004652
OPCODE	E198	3848	0.004650
OPCODE	1400	3844	0.004645
OPCODE	2747	3843	0.004644
OPCODE	2C2B	3840	0.004640
OPCODE	2E2F	3839	0.004639
OPCODE	EA81	3837	0.004636
OPCODE	D66D	3831	0.004629
OPCODE	B444	3831	0.004629
OPCODE	D86D	3831	0.004629
OPCODE	2A4B	3831	0.004629
OPCODE	4400	3825	0.004622
OPCODE	F4E9	3821	0.004617
OPCODE	A891	3815	0.004610
OPCODE	D2AE	3811	0.004605
OPCODE	6900	3797	0.004588
OPCODE	6672	3789	0.004578
OPCODE	4A41	3774	0.004560
OPCODE	2453	3773	0.004559
OPCODE	2D78	3762	0.004546
OPCODE	21DF	3762	0.004546
OPCODE	3006	3756	0.004538
OPCODE	20D9	3734	0.004512
OPCODE	D280	3733	0.004511
OPCODE	C14D	3726	0.004502
OPCODE	E288	3724	0.004500
OPCODE	0C53	3717	0.004491
OPCODE	B098	3715	0.004489
OPCODE	2052	3713	0.004486
OPCODE	6EF8	3712	0.004485
OPCODE	BB9B	3703	0.004474
OPCODE	0C51	3689	0.004457
OPCODE	2428	3683	0.004450
OPCODE	2290	3678	0.004444
OPCODE	2D47	3673	0.004438
OPCODE	2014	3659	0.004421
OPCODE	A874	3644	0.004403
OPCODE	0C47	3639	0.004397
OPCODE	6054	3625	0.004380
OPCODE	137C	3623	0.004378
OPCODE	916E	3611	0.004363
OPCODE	BA47	3603	0.004354
OPCODE	4E5C	3592	0.004340
OPCODE	4E54	3592	0.004340
OPCODE	220B	3589	0.004337
OPCODE	A055	3589	0.004337
OPCODE	0280	3588	0.004335
OPCODE	6A0A	3585	0.004332
OPCODE	61B0	3542	0.004280
OPCODE	1F11	3539	0.004276
OPCODE	129F	3538	0.004275
OPCODE	A024	3537	0.004274
OPCODE	102B	3519	0.004252
OPCODE	6D08	3513	0.004245
OPCODE	20C1	3510	0.004241
OPCODE	B051	3499	0.004228
OPCODE	661E	3496	0.004224
OPCODE	6B04	3489	0.004216
OPCODE	4207	3488	0.004215
OPCODE	48C3	3486	0.004212
OPCODE	C4B8	3485	0.004211
OPCODE	9641	3469	0.004192
OPCODE	2241	3466	0.004188
OPCODE	B26E	3439	0.004155
OPCODE	6010	3428	0.004142
OPCODE	0882	3417	0.004129
OPCODE	2802	3399	0.004107
OPCODE	3238	3396	0.004103
OPCODE	2F0F	3394	0.004101
OPCODE	2440	3351	0.004049
OPCODE	4E91	3342	0.004038
OPCODE	4847	3338	0.004033
OPCODE	7201	3330	0.004024
OPCODE	C094	3321	0.004013
OPCODE	22FB	3288	0.003973
OPCODE	67F2	3279	0.003962
OPCODE	B681	3272	0.003954
OPCODE	2655	3263	0.003943
OPCODE	6610	3250	0.003927
OPCODE	8594	3250	0.003927
OPCODE	4A02	3246	0.003922
OPCODE	B3F8	3212	0.003881
OPCODE	3F06	3201	0.003868
OPCODE	4AAC	3192	0.003857
OPCODE	0C44	3171	0.003832
OPCODE	B440	3164	0.003823
OPCODE	42AA	3151	0.003807
OPCODE	6752	3148	0.003804
OPCODE	6B0E	3141	0.003795
OPCODE	1418	3140	0.003794
OPCODE	4EAD	3133	0.003786
OPCODE	6A10	3110	0.003758
OPCODE	4870	3097	0.003742
OPCODE	6402	3087	0.003730
OPCODE	926E	3070	0.003710
OPCODE	1601	3043	0.003677
OPCODE	B093	3041	0.003674
OPCODE	2411	3037	0.003670
OPCODE	56C9	3037	0.003670
OPCODE	4E7A	3032	0.003664
OPCODE	5244	3020	0.003649
OPCODE	6168	3018	0.003647
OPCODE	41F0	3014	0.003642
OPCODE	21F8	3011	0.003638
OPCODE	B5CC	2994	0.003618
OPCODE	1014	2982	0.003603
OPCODE	E888	2977	0.003597
OPCODE	675C	2973	0.003592
OPCODE	2AF4	2970	0.003589
OPCODE	2483	2940	0.003552
OPCODE	2242	2934	0.003545
OPCODE	41E8	2932	0.003543
OPCODE	366E	2929	0.003539
OPCODE	4269	2929	0.003539
OPCODE	244B	2910	0.003516
OPCODE	2412	2909	0.003515
OPCODE	7202	2906	0.003511
OPCODE	672C	2892	0.003494
OPCODE	321F	2875	0.003474
OPCODE	5242	2870	0.003468
OPCODE	266B	2862	0.003458
OPCODE	322C	2860	0.003456
OPCODE	6A0C	2858	0.003453
OPCODE	2854	2832	0.003422
OPCODE	B46E	2825	0.003413
OPCODE	301B	2824	0.003412
OPCODE	49EE	2823	0.003411
OPCODE	4A2B	2819	0.003406
OPCODE	4AAD	2812	0.003398
OPCODE	4218	2807	0.003392
OPCODE	6406	2783	0.003363
OPCODE	2940	2778	0.003357
OPCODE	422C	2773	0.003351
OPCODE	D3C0	2756	0.003330
OPCODE	022B	2746	0.003318
OPCODE	62D8	2743	0.003314
OPCODE	0CAD	2728	0.003296
OPCODE	60D4	2718	0.003284
OPCODE	1029	2712	0.003277
OPCODE	6B1E	2706	0.003270
OPCODE	1D78	2701	0.003264
OPCODE	D480	2695	0.003256
OPCODE	6C12	2694	0.003255
OPCODE	002B	2694	0.003255
OPCODE	B1CA	2690	0.003250
OPCODE	E280	2690	0.003250
OPCODE	65D4	2687	0.003247
OPCODE	2442	2681	0.003239
OPCODE	2F2F	2679	0.003237
OPCODE	3141	2675	0.003232
OPCODE	302C	2673	0.003230
OPCODE	6170	2671	0.003227
OPCODE	294B	2663	0.003218
OPCODE	2089	2663	0.003218
OPCODE	D4C7	2661	0.003215
OPCODE	5346	2659	0.003213
OPCODE	1743	2651	0.003203
OPCODE	2618	2650	0.003202
OPCODE	4A53	2649	0.003201
OPCODE	4A5F	2645	0.003196
OPCODE	162B	2642	0.003192
OPCODE	6794	2641	0.003191
OPCODE	6126	2640	0.003190
OPCODE	08AB	2638	0.003188
OPCODE	176B	2634	0.003183
OPCODE	6A4E	2634	0.003183
OPCODE	C12B	2633	0.003181
OPCODE	0029	2633	0.003181
OPCODE	E809	2633	0.003181
OPCODE	0003	2633	0.003181
OPCODE	617A	2633	0.003181
OPCODE	E90B	2633	0.003181
OPCODE	C211	2633	0.003181
OPCODE	C600	2633	0.003181
OPCODE	1343	2633	0.003181
OPCODE	1741	2633	0.003181
OPCODE	0211	2633	0.003181
OPCODE	7640	2633	0.003181
OPCODE	4483	2633	0.003181
OPCODE	508F	2627	0.003174
OPCODE	4250	2621	0.003167
OPCODE	3F05	2619	0.003165
OPCODE	486F	2617	0.003162
OPCODE	396C	2616	0.003161
OPCODE	3140	2598	0.003139
OPCODE	5246	2596	0.003137
OPCODE	6A08	2594	0.003134
OPCODE	8029	2592	0.003132
OPCODE	7080	2592	0.003132
OPCODE	20EE	2588	0.003127
OPCODE	95CA	2587	0.003126
OPCODE	28C0	2586	0.003125
OPCODE	4A2A	2583	0.003121
OPCODE	B7FC	2577	0.003114
OPCODE	2288	2562	0.003096
OPCODE	4A94	2560	0.003093
OPCODE	42B8	2554	0.003086
OPCODE	2438	2552	0.003084
OPCODE	221A	2549	0.003080
OPCODE	B0AD	2549	0.003080
OPCODE	6744	2544	0.003074
OPCODE	265F	2543	0.003073
OPCODE	2029	2537	0.003065
OPCODE	9043	2534	0.003062
OPCODE	4A6D	2534	0.003062
OPCODE	4A12	2521	0.003046
OPCODE	5345	2515	0.003039
OPCODE	4E92	2508	0.003030
OPCODE	1D47	2505	0.003027
OPCODE	4441	2493	0.003012
OPCODE	4645	2486	0.003004
OPCODE	264A	2472	0.002987
OPCODE	6636	2461	0.002974
OPCODE	7006	2456	0.002968
OPCODE	6E04	2453	0.002964
OPCODE	B0AE	2432	0.002939
OPCODE	4440	2428	0.002934
OPCODE	1030	2418	0.002922
OPCODE	C343	2416	0.002919
OPCODE	2488	2413	0.002916
OPCODE	1830	2403	0.002904
OPCODE	1630	2401	0.002901
OPCODE	CE81	2400	0.002900
OPCODE	28C4	2400	0.002900
OPCODE	2815	2400	0.002900
OPCODE	2AC1	2400	0.002900
OPCODE	E9D2	2400	0.002900
OPCODE	8287	2400	0.002900
OPCODE	0686	2400	0.002900
OPCODE	101F	2397	0.002896
OPCODE	EA46	2396	0.002895
OPCODE	2145	2391	0.002889
OPCODE	6162	2378	0.002873
OPCODE	526E	2368	0.002861
OPCODE	6B06	2362	0.002854
OPCODE	C480	2354	0.002844
OPCODE	226D	2347	0.002836
OPCODE	B087	2334	0.002820
OPCODE	1229	2324	0.002808
OPCODE	E499	2309	0.002790
OPCODE	1958	2304	0.002784
OPCODE	4842	2303	0.002783
OPCODE	66E6	2288	0.002765
OPCODE	B06C	2280	0.002755
OPCODE	D1C2	2274	0.002748
OPCODE	5280	2261	0.002732
OPCODE	66D6	2250	0.002719
OPCODE	21C8	2248	0.002716
OPCODE	DFC0	2243	0.002710
OPCODE	43FA	2236	0.002702
OPCODE	E9A9	2233	0.002698
OPCODE	6C08	2231	0.002696
OPCODE	4A86	2228	0.002692
OPCODE	4403	2227	0.002691
OPCODE	5880	2223	0.002686
OPCODE	2A08	2222	0.002685
OPCODE	1A12	2213	0.002674
OPCODE	1485	2213	0.002674
OPCODE	2401	2212	0.002673
OPCODE	0642	2211	0.002672
OPCODE	1232	2208	0.002668
OPCODE	C544	2203	0.002662
OPCODE	3E00	2196	0.002653
OPCODE	60DA	2186	0.002641
OPCODE	22AE	2186	0.002641
OPCODE	74F4	2176	0.002629
OPCODE	227A	2175	0.002628
OPCODE	2340	2169	0.002621
OPCODE	E881	2169	0.002621
OPCODE	3806	2169	0.002621
OPCODE	906B	2164	0.002615
OPCODE	4ED5	2155	0.002604
OPCODE	D080	2153	0.002602
OPCODE	3F04	2147	0.002594
OPCODE	7014	2145	0.002592
OPCODE	B202	2128	0.002571
OPCODE	C481	2125	0.002568
OPCODE	2F50	2119	0.002560
OPCODE	9090	2114	0.002554
OPCODE	360B	2110	0.002550
OPCODE	08AE	2108	0.002547
OPCODE	2F17	2098	0.002535
OPCODE	9481	2096	0.002533
OPCODE	C099	2094	0.002530
OPCODE	3368	2090	0.002525
OPCODE	6634	2087	0.002522
OPCODE	280A	2087	0.002522
OPCODE	57C3	2087	0.002522
OPCODE	6B12	2080	0.002513
OPCODE	7003	2075	0.002507
OPCODE	322D	2072	0.002504
OPCODE	E38E	2072	0.002504
OPCODE	90B8	2071	0.002502
OPCODE	9044	2066	0.002496
OPCODE	D08F	2058	0.002487
OPCODE	6630	2057	0.002486
OPCODE	5DC0	2056	0.002484
OPCODE	4878	2056	0.002484
OPCODE	C1EE	2055	0.002483
OPCODE	2C00	2053	0.002481
OPCODE	906D	2051	0.002478
OPCODE	D3C2	2051	0.002478
OPCODE	0480	2047	0.002473
OPCODE	4206	2044	0.002470
OPCODE	C2FC	2039	0.002464
OPCODE	2A6D	2037	0.002461
OPCODE	6632	2031	0.002454
OPCODE	7010	2016	0.002436
OPCODE	CC6E	2011	0.002430
OPCODE	2F03	2011	0.002430
OPCODE	363C	2011	0.002430
OPCODE	0057	2007	0.002425
OPCODE	0200	2007	0.002425
OPCODE	DC6E	2006	0.002424
OPCODE	61C6	2004	0.002421
OPCODE	9087	1981	0.002394
OPCODE	926D	1979	0.002391
OPCODE	3204	1977	0.002389
OPCODE	2418	1977	0.002389
OPCODE	1434	1974	0.002385
OPCODE	C3C0	1974	0.002385
OPCODE	673C	1971	0.002382
OPCODE	4685	1969	0.002379
OPCODE	3A06	1969	0.002379
OPCODE	DBC2	1966	0.002376
OPCODE	1429	1965	0.002374
OPCODE	3818	1964	0.002373
OPCODE	D3D1	1962	0.002371
OPCODE	D091	1962	0.002371
OPCODE	2019	1962	0.002371
OPCODE	4481	1962	0.002371
OPCODE	E999	1962	0.002371
OPCODE	D1C5	1962	0.002371
OPCODE	6746	1961	0.002370
OPCODE	3012	1961	0.002370
OPCODE	6CDC	1961	0.002370
OPCODE	D245	1961	0.002370
OPCODE	6EC6	1959	0.002367
OPCODE	E589	1957	0.002365
OPCODE	3D5F	1956	0.002363
OPCODE	EA89	1956	0.002363
OPCODE	D2B1	1952	0.002359
OPCODE	4BEE	1949	0.002355
OPCODE	5381	1946	0.002351
OPCODE	4A76	1938	0.002342
OPCODE	49C7	1938	0.002342
OPCODE	E858	1938	0.002342
OPCODE	56C7	1938	0.002342
OPCODE	3805	1936	0.002339
OPCODE	9681	1931	0.002333
OPCODE	A193	1931	0.002333
OPCODE	3819	1931	0.002333
OPCODE	D981	1931	0.002333
OPCODE	4401	1931	0.002333
OPCODE	E899	1931	0.002333
OPCODE	2A19	1931	0.002333
OPCODE	9381	1931	0.002333
OPCODE	302A	1929	0.002331
OPCODE	65E6	1928	0.002330
OPCODE	207A	1918	0.002318
OPCODE	BEAD	1917	0.002316
OPCODE	6328	1917	0.002316
OPCODE	260C	1916	0.002315
OPCODE	B044	1910	0.002308
OPCODE	544F	1908	0.002305
OPCODE	3232	1900	0.002296
OPCODE	2238	1891	0.002285
OPCODE	A023	1890	0.002284
OPCODE	A049	1890	0.002284
OPCODE	66DE	1889	0.002283
OPCODE	0647	1888	0.002281
OPCODE	0C87	1886	0.002279
OPCODE	B1F8	1876	0.002267
OPCODE	1C3C	1876	0.002267
OPCODE	6196	1874	0.002264
OPCODE	D081	1873	0.002263
OPCODE	9A8E	1873	0.002263
OPCODE	3630	1871	0.002261
OPCODE	262D	1867	0.002256
OPCODE	60C0	1867	0.002256
OPCODE	12DC	1866	0.002255
OPCODE	2D51	1864	0.002252
OPCODE	236E	1857	0.002244
OPCODE	8481	1856	0.002243
OPCODE	9288	1854	0.002240
OPCODE	74FC	1854	0.002240
OPCODE	6104	1849	0.002234
OPCODE	2D6D	1849	0.002234
OPCODE	7420	1848	0.002233
OPCODE	2A55	1843	0.002227
OPCODE	08AA	1840	0.002223
OPCODE	3A00	1837	0.002220
OPCODE	3619	1836	0.002218
OPCODE	2450	1833	0.002215
OPCODE	3D50	1833	0.002215
OPCODE	6FCA	1829	0.002210
OPCODE	6300	1827	0.002208
OPCODE	D06A	1821	0.002200
OPCODE	49F4	1817	0.002196
OPCODE	6538	1813	0.002191
OPCODE	BC6E	1811	0.002188
OPCODE	2A04	1811	0.002188
OPCODE	60C6	1810	0.002187
OPCODE	BC5B	1807	0.002183
OPCODE	1141	1800	0.002175
OPCODE	322A	1799	0.002174
OPCODE	1E2E	1798	0.002173
OPCODE	6F24	1792	0.002165
OPCODE	3F7A	1786	0.002158
OPCODE	30C0	1784	0.002156
OPCODE	6D10	1781	0.002152
OPCODE	1EBC	1781	0.002152
OPCODE	4A52	1780	0.002151
OPCODE	E0AC	1777	0.002147
OPCODE	62EC	1776	0.002146
OPCODE	38BC	1774	0.002144
OPCODE	675A	1774	0.002144
OPCODE	2A81	1772	0.002141
OPCODE	601E	1771	0.002140
OPCODE	303A	1771	0.002140
OPCODE	5D43	1771	0.002140
OPCODE	588F	1769	0.002138
OPCODE	E7A8	1767	0.002135
OPCODE	43EC	1766	0.002134
OPCODE	1178	1765	0.002133
OPCODE	1A00	1765	0.002133
OPCODE	676A	1765	0.002133
OPCODE	1B40	1764	0.002131
OPCODE	4254	1764	0.002131
OPCODE	7012	1763	0.002130
OPCODE	B9CB	1763	0.002130
OPCODE	C06B	1760	0.002127
OPCODE	4A54	1759	0.002125
OPCODE	1F40	1758	0.002124
OPCODE	D8FC	1757	0.002123
OPCODE	3E3C	1757	0.002123
OPCODE	7CFF	1756	0.002122
OPCODE	1D5F	1756	0.002122
OPCODE	C078	1754	0.002119
OPCODE	1F05	1752	0.002117
OPCODE	66E4	1752	0.002117
OPCODE	E359	1749	0.002113
OPCODE	E44A	1749	0.002113
OPCODE	22DC	1748	0.002112
OPCODE	677E	1748	0.002112
OPCODE	B054	1747	0.002111
OPCODE	103A	1747	0.002111
OPCODE	906C	1745	0.002109
OPCODE	70FC	1744	0.002107
OPCODE	D0A9	1741	0.002104
OPCODE	206C	1736	0.002098
OPCODE	926B	1735	0.002096
OPCODE	D052	1733	0.002094
OPCODE	741F	1733	0.002094
OPCODE	EBA9	1733	0.002094
OPCODE	5543	1733	0.002094
OPCODE	96C0	1731	0.002092
OPCODE	DBC0	1731	0.002092
OPCODE	DBC1	1731	0.002092
OPCODE	6308	1728	0.002088
OPCODE	3C1F	1727	0.002087
OPCODE	EA8A	1727	0.002087
OPCODE	0C07	1725	0.002084
OPCODE	5048	1723	0.002082
OPCODE	6624	1722	0.002081
OPCODE	6506	1722	0.002081
OPCODE	3C2D	1721	0.002080
OPCODE	91C8	1715	0.002072
OPCODE	B2AA	1713	0.002070
OPCODE	286C	1713	0.002070
OPCODE	2A01	1707	0.002063
OPCODE	3F11	1706	0.002061
OPCODE	C1C7	1704	0.002059
OPCODE	B682	1699	0.002053
OPCODE	518A	1699	0.002053
OPCODE	C594	1696	0.002049
OPCODE	7EFF	1691	0.002043
OPCODE	D680	1689	0.002041
OPCODE	E7AA	1689	0.002041
OPCODE	D1F0	1689	0.002041
OPCODE	0640	1685	0.002036
OPCODE	B86E	1684	0.002035
OPCODE	D06D	1682	0.002032
OPCODE	D7CD	1674	0.002023
OPCODE	21EC	1672	0.002020
OPCODE	E44B	1670	0.002018
OPCODE	8280	1669	0.002017
OPCODE	0282	1669	0.002017
OPCODE	6E16	1666	0.002013
OPCODE	9BAE	1666	0.002013
OPCODE	4C43	1666	0.002013
OPCODE	9842	1666	0.002013
OPCODE	3E04	1666	0.002013
OPCODE	534A	1666	0.002013
OPCODE	6114	1665	0.002012
OPCODE	6644	1664	0.002011
OPCODE	7E02	1659	0.002005
OPCODE	0C81	1659	0.002005
OPCODE	60D8	1656	0.002001
OPCODE	6B26	1656	0.002001
OPCODE	0805	1652	0.001996
OPCODE	2449	1652	0.001996
OPCODE	7204	1650	0.001994
OPCODE	2F2B	1647	0.001990
OPCODE	469B	1643	0.001985
OPCODE	5286	1640	0.001982
OPCODE	42A9	1634	0.001974
OPCODE	D240	1613	0.001949
OPCODE	223B	1612	0.001948
OPCODE	BF00	1612	0.001948
OPCODE	E538	1612	0.001948
OPCODE	323C	1611	0.001947
OPCODE	4A84	1603	0.001937
OPCODE	2F04	1600	0.001933
OPCODE	B9EE	1599	0.001932
OPCODE	6D52	1583	0.001913
OPCODE	61CE	1581	0.001910
OPCODE	48C7	1577	0.001906
OPCODE	0C84	1576	0.001904
OPCODE	D5CE	1573	0.001901
OPCODE	22C6	1572	0.001899
OPCODE	663E	1570	0.001897
OPCODE	BEAC	1566	0.001892
OPCODE	B1EE	1565	0.001891
OPCODE	3342	1563	0.001889
OPCODE	67F8	1561	0.001886
OPCODE	322F	1560	0.001885
OPCODE	2D6B	1556	0.001880
OPCODE	5741	1556	0.001880
OPCODE	B1C9	1553	0.001877
OPCODE	1385	1551	0.001874
OPCODE	0812	1549	0.001872
OPCODE	294D	1546	0.001868
OPCODE	294F	1546	0.001868
OPCODE	9883	1544	0.001866
OPCODE	D46B	1543	0.001864
OPCODE	7C07	1543	0.001864
OPCODE	C446	1542	0.001863
OPCODE	D5F2	1542	0.001863
OPCODE	2E6C	1541	0.001862
OPCODE	F569	1540	0.001861
OPCODE	3409	1540	0.001861
OPCODE	7E0F	1535	0.001855
OPCODE	D0C2	1535	0.001855
OPCODE	2C36	1533	0.001852
OPCODE	650C	1532	0.001851
OPCODE	5347	1518	0.001834
OPCODE	620C	1515	0.001831
OPCODE	0286	1513	0.001828
OPCODE	49EC	1513	0.001828
OPCODE	2C05	1509	0.001823
OPCODE	261F	1507	0.001821
OPCODE	4A93	1500	0.001812
OPCODE	C0A9	1500	0.001812
OPCODE	3A04	1487	0.001797
OPCODE	6EF0	1486	0.001796
OPCODE	2243	1486	0.001796
OPCODE	8642	1484	0.001793
OPCODE	BB42	1484	0.001793
OPCODE	E842	1484	0.001793
OPCODE	C644	1484	0.001793
OPCODE	0807	1484	0.001793
OPCODE	C445	1484	0.001793
OPCODE	4298	1477	0.001785
OPCODE	D441	1476	0.001783
OPCODE	383C	1469	0.001775
OPCODE	4A90	1469	0.001775
OPCODE	B544	1464	0.001769
OPCODE	7405	1464	0.001769
OPCODE	486C	1462	0.001767
OPCODE	A025	1455	0.001758
OPCODE	B081	1454	0.001757
OPCODE	D2C1	1452	0.001754
OPCODE	3602	1452	0.001754
OPCODE	2F2C	1440	0.001740
OPCODE	4682	1439	0.001739
OPCODE	0C28	1435	0.001734
OPCODE	CA83	1434	0.001733
OPCODE	DE47	1430	0.001728
OPCODE	3429	1430	0.001728
OPCODE	2A00	1429	0.001727
OPCODE	4244	1426	0.001723
OPCODE	2D7C	1423	0.001719
OPCODE	C484	1421	0.001717
OPCODE	673A	1418	0.001713
OPCODE	CE53	1406	0.001699
OPCODE	303B	1405	0.001698
OPCODE	342B	1401	0.001693
OPCODE	1E80	1401	0.001693
OPCODE	E84B	1399	0.001690
OPCODE	0C6B	1396	0.001687
OPCODE	0C05	1394	0.001684
OPCODE	226B	1390	0.001680
OPCODE	6756	1387	0.001676
OPCODE	504B	1385	0.001674
OPCODE	422D	1385	0.001674
OPCODE	D0FB	1384	0.001672
OPCODE	D853	1384	0.001672
OPCODE	9050	1380	0.001667
OPCODE	3419	1379	0.001666
OPCODE	55C7	1374	0.001660
OPCODE	21C9	1373	0.001659
OPCODE	31A9	1370	0.001655
OPCODE	2191	1370	0.001655
OPCODE	1A19	1370	0.001655
OPCODE	E16B	1368	0.001653
OPCODE	61BC	1367	0.001652
OPCODE	676E	1365	0.001649
OPCODE	6438	1361	0.001645
OPCODE	D1C3	1358	0.001641
OPCODE	BA6E	1358	0.001641
OPCODE	47EB	1350	0.001631
OPCODE	B240	1344	0.001624
OPCODE	2405	1344	0.001624
OPCODE	7801	1340	0.001619
OPCODE	2F19	1340	0.001619
OPCODE	9A6E	1337	0.001616
OPCODE	4683	1333	0.001611
OPCODE	66EA	1331	0.001608
OPCODE	D259	1326	0.001602
OPCODE	C2C2	1326	0.001602
OPCODE	282A	1322	0.001597
OPCODE	6C06	1322	0.001597
OPCODE	67E8	1321	0.001596
OPCODE	2204	1321	0.001596
OPCODE	3F29	1320	0.001595
OPCODE	6F14	1316	0.001590
OPCODE	6664	1316	0.001590
OPCODE	286A	1311	0.001584
OPCODE	2041	1309	0.001582
OPCODE	1017	1308	0.001580
OPCODE	4443	1307	0.001579
OPCODE	81FC	1304	0.001576
OPCODE	357C	1302	0.001573
OPCODE	60E2	1298	0.001568
OPCODE	E808	1298	0.001568
OPCODE	E28F	1297	0.001567
OPCODE	262A	1296	0.001566
OPCODE	52A9	1296	0.001566
OPCODE	0197	1296	0.001566
OPCODE	D359	1295	0.001565
OPCODE	D159	1295	0.001565
OPCODE	6B0A	1294	0.001564
OPCODE	7050	1294	0.001564
OPCODE	D443	1292	0.001561
OPCODE	6D42	1289	0.001558
OPCODE	3287	1288	0.001556
OPCODE	6028	1287	0.001555
OPCODE	6420	1287	0.001555
OPCODE	2830	1286	0.001554
OPCODE	2012	1286	0.001554
OPCODE	D66E	1282	0.001549
OPCODE	E04B	1282	0.001549
OPCODE	D9AE	1282	0.001549
OPCODE	D8AE	1282	0.001549
OPCODE	62B4	1282	0.001549
OPCODE	7603	1281	0.001548
OPCODE	3C02	1280	0.001547
OPCODE	664A	1278	0.001544
OPCODE	B05A	1275	0.001541
OPCODE	027C	1272	0.001537
OPCODE	177C	1267	0.001531
OPCODE	3401	1265	0.001529
OPCODE	B094	1265	0.001529
OPCODE	34E9	1265	0.001529
OPCODE	34A9	1260	0.001522
OPCODE	66E8	1256	0.001518
OPCODE	60AE	1248	0.001508
OPCODE	B7EE	1246	0.001506
OPCODE	50E7	1246	0.001506
OPCODE	0C2D	1244	0.001503
OPCODE	10D9	1243	0.001502
OPCODE	C02B	1242	0.001501
OPCODE	D158	1242	0.001501
OPCODE	3D70	1240	0.001498
OPCODE	9C44	1239	0.001497
OPCODE	6804	1238	0.001496
OPCODE	D9C6	1237	0.001495
OPCODE	3A11	1235	0.001492
OPCODE	382A	1234	0.001491
OPCODE	7E0A	1234	0.001491
OPCODE	30C7	1234	0.001491
OPCODE	2C08	1233	0.001490
OPCODE	4C00	1231	0.001487
OPCODE	026E	1230	0.001486
OPCODE	65E4	1230	0.001486
OPCODE	2808	1230	0.001486
OPCODE	DBC4	1228	0.001484
OPCODE	2C14	1222	0.001477
OPCODE	57CA	1218	0.001472
OPCODE	2D58	1216	0.001469
OPCODE	0284	1210	0.001462
OPCODE	D085	1210	0.001462
OPCODE	1D6E	1209	0.001461
OPCODE	60F0	1206	0.001457
OPCODE	B084	1204	0.001455
OPCODE	60AA	1203	0.001454
OPCODE	E169	1203	0.001454
OPCODE	700C	1202	0.001452
OPCODE	E384	1198	0.001448
OPCODE	3C03	1198	0.001448
OPCODE	E4A4	1198	0.001448
OPCODE	E29C	1198	0.001448
OPCODE	380B	1198	0.001448
OPCODE	E16A	1198	0.001448
OPCODE	D9C4	1198	0.001448
OPCODE	DE2E	1198	0.001448
OPCODE	C8C0	1198	0.001448
OPCODE	E54E	1198	0.001448
OPCODE	DAC6	1198	0.001448
OPCODE	601A	1197	0.001446
OPCODE	7054	1191	0.001439
OPCODE	7020	1191	0.001439
OPCODE	C295	1187	0.001434
OPCODE	66A8	1187	0.001434
OPCODE	4444	1186	0.001433
OPCODE	780F	1186	0.001433
OPCODE	C843	1186	0.001433
OPCODE	D481	1183	0.001429
OPCODE	E88C	1181	0.001427
OPCODE	B9D0	1181	0.001427
OPCODE	1814	1180	0.001426
OPCODE	A02E	1179	0.001425
OPCODE	1940	1173	0.001417
OPCODE	4246	1159	0.001400
OPCODE	D46E	1157	0.001398
OPCODE	6E0E	1155	0.001396
OPCODE	2E88	1153	0.001393
OPCODE	9041	1153	0.001393
OPCODE	6EAE	1152	0.001392
OPCODE	2431	1149	0.001388
OPCODE	D844	1145	0.001384
OPCODE	12D8	1145	0.001384
OPCODE	362C	1140	0.001377
OPCODE	2E80	1136	0.001373
OPCODE	610A	1133	0.001369
OPCODE	602C	1131	0.001367
OPCODE	6F12	1130	0.001365
OPCODE	2F11	1122	0.001356
OPCODE	0246	1122	0.001356
OPCODE	5344	1120	0.001353
OPCODE	22D0	1120	0.001353
OPCODE	21EE	1117	0.001350
OPCODE	3F28	1116	0.001348
OPCODE	6640	1114	0.001346
OPCODE	6504	1113	0.001345
OPCODE	2C1C	1111	0.001342
OPCODE	D442	1108	0.001339
OPCODE	56C0	1103	0.001333
OPCODE	6754	1102	0.001332
OPCODE	D094	1097	0.001326
OPCODE	268C	1097	0.001326
OPCODE	0244	1095	0.001323
OPCODE	2378	1094	0.001322
OPCODE	CC85	1091	0.001318
OPCODE	C095	1091	0.001318
OPCODE	8086	1091	0.001318
OPCODE	B480	1089	0.001316
OPCODE	9068	1085	0.001311
OPCODE	2D70	1084	0.001310
OPCODE	1169	1084	0.001310
OPCODE	22DF	1083	0.001309
OPCODE	D093	1081	0.001306
OPCODE	22E8	1080	0.001305
OPCODE	5149	1075	0.001299
OPCODE	A322	1074	0.001298
OPCODE	2B40	1074	0.001298
OPCODE	6F16	1074	0.001298
OPCODE	3250	1072	0.001295
OPCODE	B3FA	1071	0.001294
OPCODE	D0C9	1071	0.001294
OPCODE	5245	1069	0.001292
OPCODE	E28A	1065	0.001287
OPCODE	6200	1060	0.001281
OPCODE	B060	1056	0.001276
OPCODE	E58A	1052	0.001271
OPCODE	3380	1052	0.001271
OPCODE	4205	1051	0.001270
OPCODE	BFAE	1051	0.001270
OPCODE	EA48	1050	0.001269
OPCODE	2F48	1050	0.001269
OPCODE	2E38	1047	0.001265
OPCODE	3D46	1047	0.001265
OPCODE	5C53	1047	0.001265
OPCODE	18D8	1044	0.001261
OPCODE	8357	1041	0.001258
OPCODE	6112	1040	0.001257
OPCODE	6F3E	1038	0.001254
OPCODE	E2A8	1037	0.001253
OPCODE	E0AA	1037	0.001253
OPCODE	6D0E	1036	0.001252
OPCODE	D1A9	1036	0.001252
OPCODE	4290	1035	0.001251
OPCODE	D272	1034	0.001249
OPCODE	6030	1033	0.001248
OPCODE	B443	1033	0.001248
OPCODE	284B	1032	0.001247
OPCODE	66F4	1032	0.001247
OPCODE	61EE	1031	0.001246
OPCODE	6B1A	1029	0.001243
OPCODE	12C6	1024	0.001237
OPCODE	0832	1024	0.001237
OPCODE	4647	1023	0.001236
OPCODE	D9C2	1023	0.001236
OPCODE	3A07	1022	0.001235
OPCODE	C1C6	1022	0.001235
OPCODE	43F1	1022	0.001235
OPCODE	4A4A	1022	0.001235
OPCODE	3646	1022	0.001235
OPCODE	E68C	1022	0.001235
OPCODE	4447	1022	0.001235
OPCODE	E4AD	1021	0.001234
OPCODE	CA82	1018	0.001230
OPCODE	65E2	1016	0.001228
OPCODE	BA40	1011	0.001222
OPCODE	3F40	1010	0.001220
OPCODE	52B8	1009	0.001219
OPCODE	D358	1004	0.001213
OPCODE	422F	1003	0.001212
OPCODE	2801	998	0.001206
OPCODE	5049	997	0.001205
OPCODE	341F	997	0.001205
OPCODE	1E03	995	0.001202
OPCODE	46FC	994	0.001201
OPCODE	5D4F	993	0.001200
OPCODE	67EE	989	0.001195
OPCODE	E64A	989	0.001195
OPCODE	E741	989	0.001195
OPCODE	A8E2	988	0.001194
OPCODE	6038	987	0.001193
OPCODE	EFAA	987	0.001193
OPCODE	EBAA	987	0.001193
OPCODE	E68A	987	0.001193
OPCODE	EAAA	987	0.001193
OPCODE	EF6A	987	0.001193
OPCODE	49F9	987	0.001193
OPCODE	BFC0	983	0.001188
OPCODE	BFD1	983	0.001188
OPCODE	B478	981	0.001185
OPCODE	2D59	980	0.001184
OPCODE	720C	980	0.001184
OPCODE	504C	975	0.001178
OPCODE	5740	975	0.001178
OPCODE	5241	975	0.001178
OPCODE	B047	974	0.001177
OPCODE	7224	974	0.001177
OPCODE	426C	973	0.001176
OPCODE	2850	973	0.001176
OPCODE	67D0	972	0.001174
OPCODE	70FE	971	0.001173
OPCODE	3406	971	0.001173
OPCODE	70E4	970	0.001172
OPCODE	4A30	970	0.001172
OPCODE	0929	970	0.001172
OPCODE	E542	970	0.001172
OPCODE	4EB2	970	0.001172
OPCODE	2D54	967	0.001168
OPCODE	9284	965	0.001166
OPCODE	9C80	965	0.001166
OPCODE	1C2E	965	0.001166
OPCODE	7820	965	0.001166
OPCODE	C640	965	0.001166
OPCODE	3046	965	0.001166
OPCODE	96C4	965	0.001166
OPCODE	94C4	965	0.001166
OPCODE	E54C	965	0.001166
OPCODE	3E2A	963	0.001164
OPCODE	3633	958	0.001158
OPCODE	630A	958	0.001158
OPCODE	208B	957	0.001156
OPCODE	BBFC	956	0.001155
OPCODE	C043	956	0.001155
OPCODE	4EED	956	0.001155
OPCODE	3D68	956	0.001155
OPCODE	584E	955	0.001154
OPCODE	E9D6	955	0.001154
OPCODE	665A	954	0.001153
OPCODE	700F	953	0.001152
OPCODE	2F1E	952	0.001150
OPCODE	2D1F	952	0.001150
OPCODE	66F8	951	0.001149
OPCODE	526C	951	0.001149
OPCODE	21F0	950	0.001148
OPCODE	701E	948	0.001145
OPCODE	522E	946	0.001143
OPCODE	61DA	945	0.001142
OPCODE	61E2	942	0.001138
OPCODE	67FA	942	0.001138
OPCODE	6D2E	940	0.001136
OPCODE	66D0	938	0.001133
OPCODE	3606	938	0.001133
OPCODE	6D5C	937	0.001132
OPCODE	4A04	934	0.001129
OPCODE	E348	933	0.001127
OPCODE	2A03	933	0.001127
OPCODE	6042	929	0.001123
OPCODE	E588	927	0.001120
OPCODE	6A12	926	0.001119
OPCODE	102D	923	0.001115
OPCODE	E540	923	0.001115
OPCODE	D640	923	0.001115
OPCODE	4204	923	0.001115
OPCODE	0040	921	0.001113
OPCODE	9A82	919	0.001110
OPCODE	9A86	919	0.001110
OPCODE	D7C4	919	0.001110
OPCODE	426F	919	0.001110
OPCODE	8198	919	0.001110
OPCODE	E9C1	918	0.001109
OPCODE	2A0E	916	0.001107
OPCODE	6650	916	0.001107
OPCODE	C6B8	915	0.001106
OPCODE	676C	912	0.001102
OPCODE	722A	911	0.001101
OPCODE	536C	910	0.001100
OPCODE	4A46	910	0.001100
OPCODE	22B8	909	0.001098
OPCODE	D7CC	908	0.001097
OPCODE	6C0A	907	0.001096
OPCODE	703C	906	0.001095
OPCODE	6D04	905	0.001094
OPCODE	2F7A	904	0.001092
OPCODE	6B28	903	0.001091
OPCODE	247A	900	0.001087
OPCODE	A01C	899	0.001086
OPCODE	B251	899	0.001086
OPCODE	276E	899	0.001086
OPCODE	B252	898	0.001085
OPCODE	70EF	898	0.001085
OPCODE	2F6C	897	0.001084
OPCODE	9091	897	0.001084
OPCODE	6FEE	897	0.001084
OPCODE	21EB	897	0.001084
OPCODE	296A	897	0.001084
OPCODE	7A03	897	0.001084
OPCODE	A204	896	0.001083
OPCODE	B082	895	0.001081
OPCODE	B9DF	895	0.001081
OPCODE	7240	894	0.001080
OPCODE	3A38	893	0.001079
OPCODE	BE46	893	0.001079
OPCODE	7041	891	0.001077
OPCODE	5C8F	891	0.001077
OPCODE	9FC2	890	0.001075
OPCODE	30E9	890	0.001075
OPCODE	D5C2	889	0.001074
OPCODE	1A2E	889	0.001074
OPCODE	C443	888	0.001073
OPCODE	6678	887	0.001072
OPCODE	E358	886	0.001071
OPCODE	E940	886	0.001071
OPCODE	93C8	885	0.001069
OPCODE	A970	884	0.001068
OPCODE	2638	884	0.001068
OPCODE	3146	884	0.001068
OPCODE	1978	884	0.001068
OPCODE	0254	884	0.001068
OPCODE	287A	884	0.001068
OPCODE	1969	884	0.001068
OPCODE	D1C9	883	0.001067
OPCODE	306C	883	0.001067
OPCODE	DA46	881	0.001065
OPCODE	9CAA	881	0.001065
OPCODE	721A	881	0.001065
OPCODE	E54D	881	0.001065
OPCODE	D2C7	881	0.001065
OPCODE	6F2A	881	0.001065
OPCODE	3E09	881	0.001065
OPCODE	A871	879	0.001062
OPCODE	4A97	878	0.001061
OPCODE	6D16	877	0.001060
OPCODE	143A	876	0.001058
OPCODE	A8AE	876	0.001058
OPCODE	2484	876	0.001058
OPCODE	C038	876	0.001058
OPCODE	633C	876	0.001058
OPCODE	A97F	876	0.001058
OPCODE	0C59	876	0.001058
OPCODE	2851	876	0.001058
OPCODE	A030	875	0.001057
OPCODE	A031	874	0.001056
OPCODE	227B	874	0.001056
OPCODE	ABF7	874	0.001056
OPCODE	A0DD	874	0.001056
OPCODE	6E5A	874	0.001056
OPCODE	A9B4	874	0.001056
OPCODE	60FA	873	0.001055
OPCODE	D882	873	0.001055
OPCODE	3011	873	0.001055
OPCODE	3412	873	0.001055
OPCODE	50D0	871	0.001052
OPCODE	3638	871	0.001052
OPCODE	51D0	871	0.001052
OPCODE	60B6	871	0.001052
OPCODE	6E3A	870	0.001051
OPCODE	A972	870	0.001051
OPCODE	246C	870	0.001051
OPCODE	1A07	870	0.001051
OPCODE	6518	869	0.001050
OPCODE	6F48	869	0.001050
OPCODE	6F8A	867	0.001048
OPCODE	3083	867	0.001048
OPCODE	A911	867	0.001048
OPCODE	A980	866	0.001046
OPCODE	6742	866	0.001046
OPCODE	4293	866	0.001046
OPCODE	67B2	865	0.001045
OPCODE	14EB	864	0.001044
OPCODE	4BFA	863	0.001043
OPCODE	E9C2	856	0.001034
OPCODE	48E6	851	0.001028
OPCODE	3030	851	0.001028
OPCODE	2202	851	0.001028
OPCODE	6212	848	0.001025
OPCODE	C94D	843	0.001019
OPCODE	6E58	841	0.001016
OPCODE	300D	840	0.001015
OPCODE	B7C9	837	0.001011
OPCODE	3C2B	837	0.001011
OPCODE	7403	836	0.001010
OPCODE	6ECE	836	0.001010
OPCODE	6DCA	835	0.001009
OPCODE	9441	834	0.001008
OPCODE	2C13	833	0.001007
OPCODE	300F	832	0.001005
OPCODE	384B	832	0.001005
OPCODE	D04D	832	0.001005
OPCODE	DEC7	832	0.001005
OPCODE	45F2	832	0.001005
OPCODE	B9ED	826	0.000998
OPCODE	D287	826	0.000998
OPCODE	60E8	824	0.000996
OPCODE	BA41	824	0.000996
OPCODE	4CDE	821	0.000992
OPCODE	3206	810	0.000979
OPCODE	2348	810	0.000979
OPCODE	8041	809	0.000978
OPCODE	B66E	805	0.000973
OPCODE	D278	804	0.000971
OPCODE	D851	804	0.000971
OPCODE	21CC	797	0.000963
OPCODE	643C	796	0.000962
OPCODE	B06B	789	0.000953
OPCODE	3E10	788	0.000952
OPCODE	2A18	784	0.000947
OPCODE	D0BC	781	0.000944
OPCODE	08D2	780	0.000942
OPCODE	0892	780	0.000942
OPCODE	3605	778	0.000940
OPCODE	36C6	776	0.000938
OPCODE	36C5	772	0.000933
OPCODE	3433	771	0.000932
OPCODE	669E	771	0.000932
OPCODE	6A20	770	0.000930
OPCODE	10F4	768	0.000928
OPCODE	E8D2	768	0.000928
OPCODE	2033	768	0.000928
OPCODE	0806	768	0.000928
OPCODE	E24B	768	0.000928
OPCODE	10F5	768	0.000928
OPCODE	B3CB	768	0.000928
OPCODE	10F6	768	0.000928
OPCODE	1211	765	0.000924
OPCODE	3004	763	0.000922
OPCODE	6108	762	0.000921
OPCODE	B887	761	0.000920
OPCODE	6018	761	0.000920
OPCODE	486D	755	0.000912
OPCODE	B189	755	0.000912
OPCODE	43ED	755	0.000912
OPCODE	61E8	754	0.000911
OPCODE	2B49	752	0.000909
OPCODE	1012	750	0.000906
OPCODE	3340	746	0.000901
OPCODE	67E0	740	0.000894
OPCODE	2649	738	0.000892
OPCODE	D301	736	0.000889
OPCODE	4EB5	735	0.000888
OPCODE	BE86	732	0.000884
OPCODE	2E28	721	0.000871
OPCODE	301A	720	0.000870
OPCODE	6A14	718	0.000868
OPCODE	8CAE	717	0.000866
OPCODE	6208	716	0.000865
OPCODE	101C	714	0.000863
OPCODE	30FC	709	0.000857
OPCODE	A122	708	0.000855
OPCODE	6F08	707	0.000854
OPCODE	B4AC	703	0.000849
OPCODE	0810	703	0.000849
OPCODE	2205	699	0.000845
OPCODE	3604	698	0.000843
OPCODE	D269	696	0.000841
OPCODE	20A9	694	0.000839
OPCODE	48C6	692	0.000836
OPCODE	32E8	692	0.000836
OPCODE	2042	691	0.000835
OPCODE	1005	688	0.000831
OPCODE	30D9	686	0.000829
OPCODE	3D6A	684	0.000826
OPCODE	4686	684	0.000826
OPCODE	E0AE	684	0.000826
OPCODE	1001	681	0.000823
OPCODE	60D2	680	0.000822
OPCODE	3A1A	674	0.000814
OPCODE	D6EB	674	0.000814
OPCODE	518F	672	0.000812
OPCODE	66EC	671	0.000811
OPCODE	22C2	668	0.000807
OPCODE	CC94	667	0.000806
OPCODE	E0AB	667	0.000806
OPCODE	57C1	667	0.000806
OPCODE	CC84	667	0.000806
OPCODE	C0BC	666	0.000805
OPCODE	8C81	666	0.000805
OPCODE	C286	666	0.000805
OPCODE	28C6	666	0.000805
OPCODE	1481	665	0.000804
OPCODE	7203	659	0.000796
OPCODE	6D12	659	0.000796
OPCODE	6408	655	0.000791
OPCODE	66E0	651	0.000787
OPCODE	1411	648	0.000783
OPCODE	6060	648	0.000783
OPCODE	BEAE	647	0.000782
OPCODE	E689	644	0.000778
OPCODE	2254	644	0.000778
OPCODE	9C6E	644	0.000778
OPCODE	2149	640	0.000773
OPCODE	222F	639	0.000772
OPCODE	9042	637	0.000770
OPCODE	24E9	635	0.000767
OPCODE	208A	633	0.000765
OPCODE	24C8	632	0.000764
OPCODE	E14D	629	0.000760
OPCODE	C200	627	0.000758
OPCODE	A822	627	0.000758
OPCODE	1BAD	621	0.000750
OPCODE	5BC8	619	0.000748
OPCODE	67DA	613	0.000741
OPCODE	2F2A	613	0.000741
OPCODE	C100	610	0.000737
OPCODE	B0A8	608	0.000735
OPCODE	CB05	608	0.000735
OPCODE	C502	608	0.000735
OPCODE	C904	608	0.000735
OPCODE	C703	608	0.000735
OPCODE	C301	608	0.000735
OPCODE	204F	607	0.000733
OPCODE	8001	606	0.000732
OPCODE	4A92	605	0.000731
OPCODE	650A	599	0.000724
OPCODE	66EE	599	0.000724
OPCODE	6124	598	0.000723
OPCODE	6020	597	0.000721
OPCODE	B4B1	592	0.000715
OPCODE	65F0	588	0.000710
OPCODE	6E48	587	0.000709
OPCODE	2F80	585	0.000707
OPCODE	2F41	583	0.000704
OPCODE	B291	583	0.000704
OPCODE	6F30	582	0.000703
OPCODE	3413	582	0.000703
OPCODE	3F70	581	0.000702
OPCODE	2063	579	0.000700
OPCODE	2C04	575	0.000695
OPCODE	2641	574	0.000694
OPCODE	5882	570	0.000689
OPCODE	93C9	567	0.000685
OPCODE	45F1	566	0.000684
OPCODE	1759	562	0.000679
OPCODE	2608	562	0.000679
OPCODE	5A41	562	0.000679
OPCODE	223C	560	0.000677
OPCODE	4A06	559	0.000675
OPCODE	41F1	559	0.000675
OPCODE	1684	559	0.000675
OPCODE	226A	557	0.000673
OPCODE	B308	557	0.000673
OPCODE	2F13	556	0.000672
OPCODE	1028	553	0.000668
OPCODE	605C	552	0.000667
OPCODE	BC90	550	0.000665
OPCODE	B090	550	0.000665
OPCODE	4A51	548	0.000662
OPCODE	6C7E	545	0.000659
OPCODE	43EA	543	0.000656
OPCODE	32C3	542	0.000655
OPCODE	234C	541	0.000654
OPCODE	6758	541	0.000654
OPCODE	6206	540	0.000652
OPCODE	6118	538	0.000650
OPCODE	2088	537	0.000649
OPCODE	DE80	534	0.000645
OPCODE	E181	532	0.000643
OPCODE	D2C4	532	0.000643
OPCODE	1802	532	0.000643
OPCODE	E09A	532	0.000643
OPCODE	5287	531	0.000642
OPCODE	6B38	527	0.000637
OPCODE	926A	525	0.000634
OPCODE	2435	524	0.000633
OPCODE	5888	524	0.000633
OPCODE	E049	523	0.000632
OPCODE	2419	520	0.000628
OPCODE	6DA8	520	0.000628
OPCODE	D180	519	0.000627
OPCODE	4C2F	519	0.000627
OPCODE	6EC8	519	0.000627
OPCODE	91A9	518	0.000626
OPCODE	3290	518	0.000626
OPCODE	6F1E	517	0.000625
OPCODE	9444	517	0.000625
OPCODE	2948	517	0.000625
OPCODE	D0A8	516	0.000623
OPCODE	12C2	514	0.000621
OPCODE	6B3C	514	0.000621
OPCODE	6EBE	513	0.000620
OPCODE	6DB4	513	0.000620
OPCODE	6EC0	513	0.000620
OPCODE	6EA8	513	0.000620
OPCODE	D4FC	513	0.000620
OPCODE	6D44	513	0.000620
OPCODE	4A1B	512	0.000619
OPCODE	6DC2	512	0.000619
OPCODE	6DB0	512	0.000619
OPCODE	5249	512	0.000619
OPCODE	222C	512	0.000619
OPCODE	D241	511	0.000617
OPCODE	08B1	511	0.000617
OPCODE	2B41	508	0.000614
OPCODE	3381	508	0.000614
OPCODE	397C	508	0.000614
OPCODE	1B6B	506	0.000611
OPCODE	C02D	506	0.000611
OPCODE	082D	506	0.000611
OPCODE	50ED	506	0.000611
OPCODE	1419	502	0.000607
OPCODE	E9C3	502	0.000607
OPCODE	A8E4	500	0.000604
OPCODE	2D50	497	0.000601
OPCODE	4A59	494	0.000597
OPCODE	C22E	494	0.000597
OPCODE	A8A7	493	0.000596
OPCODE	0641	492	0.000594
OPCODE	4C40	490	0.000592
OPCODE	24C3	490	0.000592
OPCODE	6134	490	0.000592
OPCODE	DE85	489	0.000591
OPCODE	6CD6	488	0.000590
OPCODE	E098	488	0.000590
OPCODE	0128	486	0.000587
OPCODE	6A2A	486	0.000587
OPCODE	3A1F	485	0.000586
OPCODE	6A32	484	0.000585
OPCODE	2817	484	0.000585
OPCODE	E740	483	0.000584
OPCODE	C882	482	0.000582
OPCODE	DBC8	480	0.000580
OPCODE	6ED4	480	0.000580
OPCODE	6C76	480	0.000580
OPCODE	2C2F	480	0.000580
OPCODE	D5C9	480	0.000580
OPCODE	D7C9	480	0.000580
OPCODE	D4C4	480	0.000580
OPCODE	D4E9	480	0.000580
OPCODE	B673	479	0.000579
OPCODE	2082	479	0.000579
OPCODE	4EF2	478	0.000578
OPCODE	92AA	476	0.000575
OPCODE	2D42	473	0.000572
OPCODE	C2AE	473	0.000572
OPCODE	4A81	470	0.000568
OPCODE	2471	469	0.000567
OPCODE	45F4	468	0.000565
OPCODE	740E	468	0.000565
OPCODE	21D0	466	0.000563
OPCODE	2F40	466	0.000563
OPCODE	0054	459	0.000555
OPCODE	B483	457	0.000552
OPCODE	34D9	457	0.000552
OPCODE	08EA	455	0.000550
OPCODE	2E48	451	0.000545
OPCODE	60BE	450	0.000544
OPCODE	2482	449	0.000543
OPCODE	2A4F	447	0.000540
OPCODE	D2C8	447	0.000540
OPCODE	70F8	446	0.000539
OPCODE	3205	446	0.000539
OPCODE	3609	445	0.000538
OPCODE	6116	445	0.000538
OPCODE	0C82	445	0.000538
OPCODE	93CC	445	0.000538
OPCODE	4CD0	445	0.000538
OPCODE	284F	445	0.000538
OPCODE	554B	445	0.000538
OPCODE	2F0D	444	0.000536
OPCODE	2A5F	444	0.000536
OPCODE	6142	442	0.000534
OPCODE	C4FC	442	0.000534
OPCODE	2941	440	0.000532
OPCODE	70F0	437	0.000528
OPCODE	74F0	436	0.000527
OPCODE	2410	436	0.000527
OPCODE	92C8	434	0.000524
OPCODE	D740	433	0.000523
OPCODE	2C02	433	0.000523
OPCODE	5285	432	0.000522
OPCODE	2F10	432	0.000522
OPCODE	5281	431	0.000521
OPCODE	664E	431	0.000521
OPCODE	6F6C	430	0.000520
OPCODE	3341	430	0.000520
OPCODE	594C	430	0.000520
OPCODE	280F	430	0.000520
OPCODE	2F5F	429	0.000518
OPCODE	2208	428	0.000517
OPCODE	5189	427	0.000516
OPCODE	94C0	427	0.000516
OPCODE	0C70	427	0.000516
OPCODE	5488	427	0.000516
OPCODE	6A0E	426	0.000515
OPCODE	5889	425	0.000514
OPCODE	2489	425	0.000514
OPCODE	8510	425	0.000514
OPCODE	C149	425	0.000514
OPCODE	C411	425	0.000514
OPCODE	8111	425	0.000514
OPCODE	B110	425	0.000514
OPCODE	B511	425	0.000514
OPCODE	C010	425	0.000514
OPCODE	20CE	425	0.000514
OPCODE	22B0	424	0.000512
OPCODE	2868	424	0.000512
OPCODE	3370	424	0.000512
OPCODE	B5FC	423	0.000511
OPCODE	B200	422	0.000510
OPCODE	B894	418	0.000505
OPCODE	5387	416	0.000503
OPCODE	9443	413	0.000499
OPCODE	208C	410	0.000495
OPCODE	E099	410	0.000495
OPCODE	12D3	410	0.000495
OPCODE	D6C3	410	0.000495
OPCODE	B0A9	407	0.000492
OPCODE	3A01	405	0.000489
OPCODE	B652	405	0.000489
OPCODE	B6AC	401	0.000485
OPCODE	61D8	401	0.000485
OPCODE	6058	400	0.000483
OPCODE	B278	397	0.000480
OPCODE	61E0	397	0.000480
OPCODE	67EA	396	0.000478
OPCODE	92AE	396	0.000478
OPCODE	8401	392	0.000474
OPCODE	50F8	392	0.000474
OPCODE	0202	391	0.000472
OPCODE	B490	390	0.000471
OPCODE	CEB0	390	0.000471
OPCODE	9252	390	0.000471
OPCODE	58AC	389	0.000470
OPCODE	45EA	389	0.000470
OPCODE	32BC	389	0.000470
OPCODE	5080	388	0.000469
OPCODE	12E8	388	0.000469
OPCODE	42AB	386	0.000466
OPCODE	6D1A	386	0.000466
OPCODE	246A	386	0.000466
OPCODE	204E	386	0.000466
OPCODE	B078	386	0.000466
OPCODE	31E8	385	0.000465
OPCODE	5440	385	0.000465
OPCODE	DF6B	384	0.000464
OPCODE	2433	384	0.000464
OPCODE	8485	384	0.000464
OPCODE	8085	384	0.000464
OPCODE	D100	384	0.000464
OPCODE	E218	384	0.000464
OPCODE	6768	383	0.000463
OPCODE	3941	382	0.000462
OPCODE	B843	380	0.000459
OPCODE	2F05	380	0.000459
OPCODE	2E1F	380	0.000459
OPCODE	6318	378	0.000457
OPCODE	AA33	377	0.000456
OPCODE	B290	374	0.000452
OPCODE	5385	370	0.000447
OPCODE	C001	370	0.000447
OPCODE	9282	370	0.000447
OPCODE	E240	370	0.000447
OPCODE	2828	369	0.000446
OPCODE	2889	367	0.000443
OPCODE	206A	366	0.000442
OPCODE	1218	366	0.000442
OPCODE	67D8	365	0.000441
OPCODE	9C81	364	0.000440
OPCODE	362A	364	0.000440
OPCODE	3E1B	362	0.000437
OPCODE	D068	362	0.000437
OPCODE	0257	361	0.000436
OPCODE	B4B8	360	0.000435
OPCODE	224F	360	0.000435
OPCODE	6048	359	0.000434
OPCODE	6D14	357	0.000431
OPCODE	D8EE	357	0.000431
OPCODE	B282	356	0.000430
OPCODE	C243	356	0.000430
OPCODE	D0C0	355	0.000429
OPCODE	E208	355	0.000429
OPCODE	264C	355	0.000429
OPCODE	92A8	354	0.000428
OPCODE	6D78	353	0.000427
OPCODE	64F0	353	0.000427
OPCODE	606C	353	0.000427
OPCODE	C641	353	0.000427
OPCODE	B4A8	349	0.000422
OPCODE	6F06	348	0.000420
OPCODE	B9D3	348	0.000420
OPCODE	B300	348	0.000420
OPCODE	DEFC	347	0.000419
OPCODE	2949	346	0.000418
OPCODE	32D0	346	0.000418
OPCODE	50D9	346	0.000418
OPCODE	3151	346	0.000418
OPCODE	A901	346	0.000418
OPCODE	D5CB	345	0.000417
OPCODE	31C0	344	0.000416
OPCODE	9244	344	0.000416
OPCODE	E688	344	0.000416
OPCODE	60B2	343	0.000414
OPCODE	5DEE	343	0.000414
OPCODE	AA14	343	0.000414
OPCODE	5238	343	0.000414
OPCODE	254E	343	0.000414
OPCODE	0092	343	0.000414
OPCODE	2275	341	0.000412
OPCODE	D0C3	341	0.000412
OPCODE	56C3	341	0.000412
OPCODE	D090	340	0.000411
OPCODE	3236	340	0.000411
OPCODE	2D76	340	0.000411
OPCODE	4876	340	0.000411
OPCODE	2036	340	0.000411
OPCODE	A8A1	340	0.000411
OPCODE	2C1F	339	0.000410
OPCODE	207C	337	0.000407
OPCODE	B880	336	0.000406
OPCODE	225A	336	0.000406
OPCODE	205A	336	0.000406
OPCODE	5489	336	0.000406
OPCODE	A82A	334	0.000404
OPCODE	EE8C	333	0.000402
OPCODE	E08C	333	0.000402
OPCODE	1744	333	0.000402
OPCODE	E298	333	0.000402
OPCODE	E29A	333	0.000402
OPCODE	9682	333	0.000402
OPCODE	2C0A	333	0.000402
OPCODE	6B5E	332	0.000401
OPCODE	5538	332	0.000401
OPCODE	4A18	330	0.000399
OPCODE	67E2	330	0.000399
OPCODE	926C	330	0.000399
OPCODE	607E	329	0.000398
OPCODE	E9AE	326	0.000394
OPCODE	CC80	326	0.000394
OPCODE	B095	326	0.000394
OPCODE	9C6D	326	0.000394
OPCODE	610E	325	0.000393
OPCODE	9286	324	0.000391
OPCODE	8992	324	0.000391
OPCODE	BF84	324	0.000391
OPCODE	1F3C	323	0.000390
OPCODE	6EB0	323	0.000390
OPCODE	0440	322	0.000389
OPCODE	6DBC	322	0.000389
OPCODE	6D82	318	0.000384
OPCODE	6306	317	0.000383
OPCODE	4AB1	316	0.000382
OPCODE	5384	315	0.000381
OPCODE	AA15	315	0.000381
OPCODE	3740	315	0.000381
OPCODE	612A	315	0.000381
OPCODE	3F38	313	0.000378
OPCODE	60E6	313	0.000378
OPCODE	65F6	312	0.000377
OPCODE	66D8	312	0.000377
OPCODE	E248	311	0.000376
OPCODE	3F2A	310	0.000375
OPCODE	66F6	309	0.000373
OPCODE	2C38	309	0.000373
OPCODE	5C8A	309	0.000373
OPCODE	2A02	309	0.000373
OPCODE	D244	304	0.000367
OPCODE	6148	304	0.000367
OPCODE	7208	304	0.000367
OPCODE	6D22	303	0.000366
OPCODE	D7D4	303	0.000366
OPCODE	E04A	303	0.000366
OPCODE	2E12	302	0.000365
OPCODE	6128	301	0.000364
OPCODE	99CC	301	0.000364
OPCODE	E641	300	0.000362
OPCODE	360D	300	0.000362
OPCODE	5284	300	0.000362
OPCODE	300C	300	0.000362
OPCODE	3E0B	300	0.000362
OPCODE	D8C1	300	0.000362
OPCODE	3947	300	0.000362
OPCODE	8047	300	0.000362
OPCODE	8046	300	0.000362
OPCODE	C052	298	0.000360
OPCODE	BC6B	298	0.000360
OPCODE	A05D	298	0.000360
OPCODE	6CF6	298	0.000360
OPCODE	603A	297	0.000359
OPCODE	21C0	295	0.000356
OPCODE	8042	294	0.000355
OPCODE	2968	293	0.000354
OPCODE	60DC	291	0.000352
OPCODE	E16F	290	0.000350
OPCODE	023C	290	0.000350
OPCODE	429B	290	0.000350
OPCODE	49F3	289	0.000349
OPCODE	6B30	289	0.000349
OPCODE	E282	289	0.000349
OPCODE	651C	288	0.000348
OPCODE	DA86	288	0.000348
OPCODE	6E3E	286	0.000346
OPCODE	5268	285	0.000344
OPCODE	E189	283	0.000342
OPCODE	229F	283	0.000342
OPCODE	3802	283	0.000342
OPCODE	426A	282	0.000341
OPCODE	5449	282	0.000341
OPCODE	6516	282	0.000341
OPCODE	61EA	281	0.000340
OPCODE	1803	281	0.000340
OPCODE	6182	281	0.000340
OPCODE	51EE	278	0.000336
OPCODE	6510	278	0.000336
OPCODE	B853	278	0.000336
OPCODE	0701	278	0.000336
OPCODE	C0D4	277	0.000335
OPCODE	6B5A	277	0.000335
OPCODE	BC85	276	0.000333
OPCODE	603E	276	0.000333
OPCODE	60D6	275	0.000332
OPCODE	B7D4	273	0.000330
OPCODE	B9FC	273	0.000330
OPCODE	7E01	272	0.000329
OPCODE	2F78	272	0.000329
OPCODE	2075	271	0.000327
OPCODE	08EC	270	0.000326
OPCODE	41EC	268	0.000324
OPCODE	514F	268	0.000324
OPCODE	60B4	267	0.000323
OPCODE	E14C	267	0.000323
OPCODE	31BC	267	0.000323
OPCODE	1282	263	0.000318
OPCODE	9FAC	263	0.000318
OPCODE	1011	262	0.000317
OPCODE	102F	261	0.000315
OPCODE	1007	260	0.000314
OPCODE	6774	258	0.000312
OPCODE	6688	257	0.000311
OPCODE	A8A2	257	0.000311
OPCODE	6DAC	257	0.000311
OPCODE	6692	257	0.000311
OPCODE	6682	257	0.000311
OPCODE	65CE	257	0.000311
OPCODE	668C	257	0.000311
OPCODE	A8E1	256	0.000309
OPCODE	B468	256	0.000309
OPCODE	A8D2	256	0.000309
OPCODE	A8B8	256	0.000309
OPCODE	6B6E	256	0.000309
OPCODE	A8B7	256	0.000309
OPCODE	C0AC	256	0.000309
OPCODE	1604	256	0.000309
OPCODE	6DCC	256	0.000309
OPCODE	6F2C	256	0.000309
OPCODE	197C	255	0.000308
OPCODE	EED2	254	0.000307
OPCODE	4257	254	0.000307
OPCODE	42AC	254	0.000307
OPCODE	E968	252	0.000304
OPCODE	5261	252	0.000304
OPCODE	06A1	252	0.000304
OPCODE	E148	252	0.000304
OPCODE	0651	252	0.000304
OPCODE	7620	252	0.000304
OPCODE	613C	252	0.000304
OPCODE	2074	252	0.000304
OPCODE	08F1	251	0.000303
OPCODE	B432	251	0.000303
OPCODE	03C4	251	0.000303
OPCODE	89AB	251	0.000303
OPCODE	33A8	251	0.000303
OPCODE	48C5	251	0.000303
OPCODE	4270	251	0.000303
OPCODE	3F41	251	0.000303
OPCODE	D242	251	0.000303
OPCODE	6BC8	251	0.000303
OPCODE	2390	251	0.000303
OPCODE	CA47	251	0.000303
OPCODE	5270	251	0.000303
OPCODE	08AC	249	0.000301
OPCODE	56CC	246	0.000297
OPCODE	1238	246	0.000297
OPCODE	604A	246	0.000297
OPCODE	B38B	246	0.000297
OPCODE	1F7C	245	0.000296
OPCODE	B02E	245	0.000296
OPCODE	61BE	245	0.000296
OPCODE	5549	243	0.000294
OPCODE	6080	243	0.000294
OPCODE	4A99	243	0.000294
OPCODE	2308	242	0.000292
OPCODE	C0FC	241	0.000291
OPCODE	C1C1	241	0.000291
OPCODE	EA88	241	0.000291
OPCODE	2542	240	0.000290
OPCODE	6C34	240	0.000290
OPCODE	44AE	240	0.000290
OPCODE	A8E6	239	0.000289
OPCODE	5C48	239	0.000289
OPCODE	D5AA	238	0.000288
OPCODE	D62A	238	0.000288
OPCODE	D2A9	238	0.000288
OPCODE	1482	238	0.000288
OPCODE	1541	238	0.000288
OPCODE	93AA	238	0.000288
OPCODE	46C3	238	0.000288
OPCODE	E94A	238	0.000288
OPCODE	C601	238	0.000288
OPCODE	40C3	238	0.000288
OPCODE	9411	238	0.000288
OPCODE	45E9	238	0.000288
OPCODE	9611	238	0.000288
OPCODE	C229	238	0.000288
OPCODE	1F02	238	0.000288
OPCODE	343C	238	0.000288
OPCODE	E24C	237	0.000286
OPCODE	C0A8	236	0.000285
OPCODE	2F20	235	0.000284
OPCODE	9359	234	0.000283
OPCODE	7E1F	234	0.000283
OPCODE	6B4A	234	0.000283
OPCODE	9159	234	0.000283
OPCODE	D044	233	0.000282
OPCODE	E96B	233	0.000282
OPCODE	D641	233	0.000282
OPCODE	222A	232	0.000280
OPCODE	B0AA	231	0.000279
OPCODE	65BC	230	0.000278
OPCODE	2845	230	0.000278
OPCODE	5140	228	0.000275
OPCODE	6C14	228	0.000275
OPCODE	4E94	228	0.000275
OPCODE	3F5F	228	0.000275
OPCODE	319F	228	0.000275
OPCODE	3A2C	227	0.000274
OPCODE	1813	226	0.000273
OPCODE	604C	226	0.000273
OPCODE	49E9	226	0.000273
OPCODE	4A44	225	0.000272
OPCODE	6220	225	0.000272
OPCODE	D843	225	0.000272
OPCODE	558C	225	0.000272
OPCODE	65D8	225	0.000272
OPCODE	47EC	224	0.000271
OPCODE	D0AE	222	0.000268
OPCODE	56C2	220	0.000266
OPCODE	A069	220	0.000266
OPCODE	20C7	220	0.000266
OPCODE	5545	220	0.000266
OPCODE	911C	219	0.000265
OPCODE	9C47	219	0.000265
OPCODE	57EE	219	0.000265
OPCODE	3C12	219	0.000265
OPCODE	3E1A	219	0.000265
OPCODE	B5EC	218	0.000263
OPCODE	2073	217	0.000262
OPCODE	ED49	216	0.000261
OPCODE	C0AB	216	0.000261
OPCODE	2A2C	216	0.000261
OPCODE	3C00	215	0.000260
OPCODE	3808	214	0.000259
OPCODE	3F6F	214	0.000259
OPCODE	2852	214	0.000259
OPCODE	4A82	214	0.000259
OPCODE	6024	213	0.000257
OPCODE	A06A	212	0.000256
OPCODE	60EE	212	0.000256
OPCODE	286F	210	0.000254
OPCODE	0C78	210	0.000254
OPCODE	67D4	209	0.000253
OPCODE	2548	209	0.000253
OPCODE	70C6	209	0.000253
OPCODE	283C	209	0.000253
OPCODE	0831	208	0.000251
OPCODE	B670	208	0.000251
OPCODE	242B	208	0.000251
OPCODE	EFD2	208	0.000251
OPCODE	1228	207	0.000250
OPCODE	1180	206	0.000249
OPCODE	6F0E	205	0.000248
OPCODE	3044	205	0.000248
OPCODE	3600	205	0.000248
OPCODE	58AE	204	0.000246
OPCODE	277C	204	0.000246
OPCODE	A04A	204	0.000246
OPCODE	D082	204	0.000246
OPCODE	1210	203	0.000245
OPCODE	0C6D	203	0.000245
OPCODE	B270	202	0.000244
OPCODE	B1CC	201	0.000243
OPCODE	1D68	201	0.000243
OPCODE	E440	200	0.000242
OPCODE	EFC2	200	0.000242
OPCODE	2E10	200	0.000242
OPCODE	56C6	200	0.000242
OPCODE	A8D9	200	0.000242
OPCODE	BC2C	200	0.000242
OPCODE	604E	199	0.000240
OPCODE	B086	199	0.000240
OPCODE	262F	199	0.000240
OPCODE	2046	199	0.000240
OPCODE	67AE	199	0.000240
OPCODE	B244	199	0.000240
OPCODE	97D4	199	0.000240
OPCODE	20AE	198	0.000239
OPCODE	D043	198	0.000239
OPCODE	1280	198	0.000239
OPCODE	C0C1	198	0.000239
OPCODE	D26D	197	0.000238
OPCODE	47F7	197	0.000238
OPCODE	E488	197	0.000238
OPCODE	E54B	196	0.000237
OPCODE	A8D8	196	0.000237
OPCODE	234F	195	0.000236
OPCODE	3F14	195	0.000236
OPCODE	EA49	195	0.000236
OPCODE	3404	194	0.000234
OPCODE	3D78	194	0.000234
OPCODE	45E8	194	0.000234
OPCODE	80FC	193	0.000233
OPCODE	6788	192	0.000232
OPCODE	1E00	192	0.000232
OPCODE	C4C4	192	0.000232
OPCODE	D887	192	0.000232
OPCODE	3803	190	0.000230
OPCODE	0C6A	189	0.000228
OPCODE	2385	189	0.000228
OPCODE	D0F0	189	0.000228
OPCODE	5840	189	0.000228
OPCODE	425B	188	0.000227
OPCODE	4217	188	0.000227
OPCODE	3005	188	0.000227
OPCODE	E848	187	0.000226
OPCODE	90AE	187	0.000226
OPCODE	5480	186	0.000225
OPCODE	8441	185	0.000224
OPCODE	518B	185	0.000224
OPCODE	0C04	184	0.000222
OPCODE	7810	184	0.000222
OPCODE	3407	184	0.000222
OPCODE	3F2C	184	0.000222
OPCODE	1944	184	0.000222
OPCODE	3035	184	0.000222
OPCODE	B81C	184	0.000222
OPCODE	E16E	184	0.000222
OPCODE	E56C	184	0.000222
OPCODE	9C41	184	0.000222
OPCODE	DE41	184	0.000222
OPCODE	528C	184	0.000222
OPCODE	B814	184	0.000222
OPCODE	1884	184	0.000222
OPCODE	2076	183	0.000221
OPCODE	70DA	183	0.000221
OPCODE	642A	183	0.000221
OPCODE	A06E	183	0.000221
OPCODE	7048	182	0.000220
OPCODE	4251	182	0.000220
OPCODE	F4F1	181	0.000219
OPCODE	F200	181	0.000219
OPCODE	4C90	181	0.000219
OPCODE	B642	181	0.000219
OPCODE	A889	181	0.000219
OPCODE	61DE	181	0.000219
OPCODE	6D28	180	0.000217
OPCODE	082C	180	0.000217
OPCODE	8640	180	0.000217
OPCODE	C685	180	0.000217
OPCODE	D647	179	0.000216
OPCODE	1219	179	0.000216
OPCODE	3C38	178	0.000215
OPCODE	D440	177	0.000214
OPCODE	55C0	177	0.000214
OPCODE	B08C	177	0.000214
OPCODE	31F8	177	0.000214
OPCODE	A03C	176	0.000213
OPCODE	2A54	176	0.000213
OPCODE	3418	175	0.000211
OPCODE	1E01	175	0.000211
OPCODE	6ED6	175	0.000211
OPCODE	E9A8	175	0.000211
OPCODE	1834	175	0.000211
OPCODE	9BCD	174	0.000210
OPCODE	21FC	174	0.000210
OPCODE	968D	174	0.000210
OPCODE	45FB	174	0.000210
OPCODE	9644	173	0.000209
OPCODE	282C	173	0.000209
OPCODE	2F21	173	0.000209
OPCODE	6C24	173	0.000209
OPCODE	2417	172	0.000208
OPCODE	6750	172	0.000208
OPCODE	4A91	172	0.000208
OPCODE	296E	172	0.000208
OPCODE	605A	171	0.000207
OPCODE	7205	171	0.000207
OPCODE	4A17	171	0.000207
OPCODE	B9E8	171	0.000207
OPCODE	928F	170	0.000205
OPCODE	6A28	170	0.000205
OPCODE	228E	170	0.000205
OPCODE	2E49	170	0.000205
OPCODE	C12E	170	0.000205
OPCODE	D141	170	0.000205
OPCODE	C602	170	0.000205
OPCODE	E281	170	0.000205
OPCODE	5FE7	170	0.000205
OPCODE	D368	170	0.000205
OPCODE	9D6E	170	0.000205
OPCODE	862E	170	0.000205
OPCODE	200F	170	0.000205
OPCODE	2D46	170	0.000205
OPCODE	6666	168	0.000203
OPCODE	5D40	168	0.000203
OPCODE	30EE	168	0.000203
OPCODE	62B8	168	0.000203
OPCODE	61F2	168	0.000203
OPCODE	E64B	167	0.000202
OPCODE	360C	167	0.000202
OPCODE	6DEA	167	0.000202
OPCODE	B1FC	167	0.000202
OPCODE	D340	167	0.000202
OPCODE	C642	167	0.000202
OPCODE	A8EF	166	0.000201
OPCODE	A884	166	0.000201
OPCODE	6792	166	0.000201
OPCODE	67F0	166	0.000201
OPCODE	4AAA	166	0.000201
OPCODE	3800	165	0.000199
OPCODE	D36B	165	0.000199
OPCODE	6110	165	0.000199
OPCODE	E6A8	165	0.000199
OPCODE	665E	165	0.000199
OPCODE	3435	164	0.000198
OPCODE	7C01	164	0.000198
OPCODE	BE40	163	0.000197
OPCODE	6B34	163	0.000197
OPCODE	2880	163	0.000197
OPCODE	2950	162	0.000196
OPCODE	B5C9	162	0.000196
OPCODE	6658	161	0.000195
OPCODE	C188	161	0.000195
OPCODE	48F8	161	0.000195
OPCODE	6C16	161	0.000195
OPCODE	4698	161	0.000195
OPCODE	11C0	160	0.000193
OPCODE	67E6	160	0.000193
OPCODE	2D9F	160	0.000193
OPCODE	B250	158	0.000191
OPCODE	43F2	156	0.000188
OPCODE	92FC	155	0.000187
OPCODE	D0E8	155	0.000187
OPCODE	5349	155	0.000187
OPCODE	721F	155	0.000187
OPCODE	B089	154	0.000186
OPCODE	D5C0	154	0.000186
OPCODE	2252	154	0.000186
OPCODE	5640	154	0.000186
OPCODE	48B8	154	0.000186
OPCODE	4851	154	0.000186
OPCODE	3940	154	0.000186
OPCODE	97C0	154	0.000186
OPCODE	95C0	154	0.000186
OPCODE	6F10	152	0.000184
OPCODE	AB1D	152	0.000184
OPCODE	3211	152	0.000184
OPCODE	A862	150	0.000181
OPCODE	316A	150	0.000181
OPCODE	3233	150	0.000181
OPCODE	442E	150	0.000181
OPCODE	AA1A	149	0.000180
OPCODE	67BC	149	0.000180
OPCODE	B2B8	148	0.000179
OPCODE	122A	148	0.000179
OPCODE	3E06	148	0.000179
OPCODE	80F8	147	0.000178
OPCODE	66D4	147	0.000178
OPCODE	2169	147	0.000178
OPCODE	A9A0	146	0.000176
OPCODE	4A70	146	0.000176
OPCODE	B680	146	0.000176
OPCODE	66FA	146	0.000176
OPCODE	F217	146	0.000176
OPCODE	3E2B	145	0.000175
OPCODE	620A	145	0.000175
OPCODE	C047	145	0.000175
OPCODE	A8E5	144	0.000174
OPCODE	BE92	144	0.000174
OPCODE	214A	143	0.000173
OPCODE	2740	143	0.000173
OPCODE	3629	142	0.000172
OPCODE	266F	142	0.000172
OPCODE	21B8	142	0.000172
OPCODE	2368	142	0.000172
OPCODE	49E8	141	0.000170
OPCODE	610C	141	0.000170
OPCODE	11F8	140	0.000169
OPCODE	E749	139	0.000168
OPCODE	61CC	139	0.000168
OPCODE	215F	139	0.000168
OPCODE	AA19	139	0.000168
OPCODE	C0E8	139	0.000168
OPCODE	57C8	138	0.000167
OPCODE	6C44	138	0.000167
OPCODE	F201	138	0.000167
OPCODE	E368	137	0.000166
OPCODE	2680	137	0.000166
OPCODE	D088	136	0.000164
OPCODE	9FC1	136	0.000164
OPCODE	3F7C	136	0.000164
OPCODE	294C	136	0.000164
OPCODE	288C	136	0.000164
OPCODE	E219	135	0.000163
OPCODE	6C90	135	0.000163
OPCODE	612C	135	0.000163
OPCODE	209F	135	0.000163
OPCODE	C1C2	135	0.000163
OPCODE	6762	135	0.000163
OPCODE	6304	135	0.000163
OPCODE	5481	134	0.000162
OPCODE	3320	134	0.000162
OPCODE	2409	134	0.000162
OPCODE	93AE	134	0.000162
OPCODE	5681	134	0.000162
OPCODE	A8EC	134	0.000162
OPCODE	E289	134	0.000162
OPCODE	E8A9	134	0.000162
OPCODE	2EA8	134	0.000162
OPCODE	6348	133	0.000161
OPCODE	21ED	133	0.000161
OPCODE	5743	133	0.000161
OPCODE	20B8	133	0.000161
OPCODE	6230	132	0.000159
OPCODE	47E8	132	0.000159
OPCODE	45F8	132	0.000159
OPCODE	ED59	131	0.000158
OPCODE	7218	131	0.000158
OPCODE	396D	131	0.000158
OPCODE	46EF	131	0.000158
OPCODE	3142	131	0.000158
OPCODE	42AF	131	0.000158
OPCODE	A065	131	0.000158
OPCODE	18C5	130	0.000157
OPCODE	E400	130	0.000157
OPCODE	5548	130	0.000157
OPCODE	1705	130	0.000157
OPCODE	DC44	130	0.000157
OPCODE	2946	130	0.000157
OPCODE	2605	130	0.000157
OPCODE	B9C9	129	0.000156
OPCODE	26C0	128	0.000155
OPCODE	DF53	128	0.000155
OPCODE	E188	128	0.000155
OPCODE	6D24	128	0.000155
OPCODE	5D42	128	0.000155
OPCODE	45F9	127	0.000153
OPCODE	5300	127	0.000153
OPCODE	CE6E	127	0.000153
OPCODE	3210	127	0.000153
OPCODE	2141	126	0.000152
OPCODE	284E	126	0.000152
OPCODE	2A31	126	0.000152
OPCODE	57C5	125	0.000151
OPCODE	2404	124	0.000150
OPCODE	2E2B	124	0.000150
OPCODE	B7E8	123	0.000149
OPCODE	28AE	123	0.000149
OPCODE	2207	123	0.000149
OPCODE	262B	123	0.000149
OPCODE	4299	123	0.000149
OPCODE	B859	122	0.000147
OPCODE	2022	122	0.000147
OPCODE	2E03	122	0.000147
OPCODE	142B	122	0.000147
OPCODE	5040	121	0.000146
OPCODE	31DF	121	0.000146
OPCODE	0C98	120	0.000145
OPCODE	5443	120	0.000145
OPCODE	A8A3	120	0.000145
OPCODE	323B	120	0.000145
OPCODE	E959	119	0.000144
OPCODE	E859	119	0.000144
OPCODE	4A2F	119	0.000144
OPCODE	B2AE	119	0.000144
OPCODE	2490	119	0.000144
OPCODE	2C07	118	0.000143
OPCODE	6C46	118	0.000143
OPCODE	D7E8	118	0.000143
OPCODE	E410	118	0.000143
OPCODE	66DA	117	0.000141
OPCODE	2F57	117	0.000141
OPCODE	2D43	117	0.000141
OPCODE	7C7F	117	0.000141
OPCODE	0190	116	0.000140
OPCODE	B1C0	116	0.000140
OPCODE	30DF	115	0.000139
OPCODE	666E	115	0.000139
OPCODE	20DF	115	0.000139
OPCODE	2C28	115	0.000139
OPCODE	A8E0	115	0.000139
OPCODE	D290	114	0.000138
OPCODE	2E6D	114	0.000138
OPCODE	08B0	114	0.000138
OPCODE	01D0	114	0.000138
OPCODE	1142	114	0.000138
OPCODE	2281	114	0.000138
OPCODE	5CC0	113	0.000137
OPCODE	90FC	113	0.000137
OPCODE	1281	112	0.000135
OPCODE	A002	112	0.000135
OPCODE	D8C0	112	0.000135
OPCODE	2A69	112	0.000135
OPCODE	666C	111	0.000134
OPCODE	A879	111	0.000134
OPCODE	67C8	111	0.000134
OPCODE	2408	111	0.000134
OPCODE	0CA2	111	0.000134
OPCODE	222B	111	0.000134
OPCODE	652A	110	0.000133
OPCODE	C07C	110	0.000133
OPCODE	A96F	110	0.000133
OPCODE	A050	110	0.000133
OPCODE	142C	110	0.000133
OPCODE	5FC1	110	0.000133
OPCODE	6766	110	0.000133
OPCODE	6A3E	110	0.000133
OPCODE	2030	110	0.000133
OPCODE	50E9	109	0.000132
OPCODE	66E2	109	0.000132
OPCODE	C0E9	109	0.000132
OPCODE	3411	109	0.000132
OPCODE	0228	109	0.000132
OPCODE	4245	109	0.000132
OPCODE	56F8	109	0.000132
OPCODE	D169	108	0.000130
OPCODE	3F3A	108	0.000130
OPCODE	A863	108	0.000130
OPCODE	D5D4	108	0.000130
OPCODE	A88B	108	0.000130
OPCODE	3601	108	0.000130
OPCODE	AA42	108	0.000130
OPCODE	D083	107	0.000129
OPCODE	2E3C	107	0.000129
OPCODE	B5D9	107	0.000129
OPCODE	6072	107	0.000129
OPCODE	2A28	107	0.000129
OPCODE	B007	107	0.000129
OPCODE	D485	107	0.000129
OPCODE	3F57	107	0.000129
OPCODE	D284	107	0.000129
OPCODE	1087	107	0.000129
OPCODE	0001	106	0.000128
OPCODE	E988	106	0.000128
OPCODE	7E03	106	0.000128
OPCODE	536D	106	0.000128
OPCODE	614A	106	0.000128
OPCODE	60E0	106	0.000128
OPCODE	526D	106	0.000128
OPCODE	217C	105	0.000127
OPCODE	2203	105	0.000127
OPCODE	2403	105	0.000127
OPCODE	65E8	105	0.000127
OPCODE	1E2B	105	0.000127
OPCODE	2807	104	0.000126
OPCODE	A90B	104	0.000126
OPCODE	381F	104	0.000126
OPCODE	4886	104	0.000126
OPCODE	3801	104	0.000126
OPCODE	4AA9	104	0.000126
OPCODE	60F8	103	0.000124
OPCODE	6E14	103	0.000124
OPCODE	9C85	103	0.000124
OPCODE	4201	103	0.000124
OPCODE	602E	103	0.000124
OPCODE	9CFC	102	0.000123
OPCODE	2E57	102	0.000123
OPCODE	216E	102	0.000123
OPCODE	A0A5	102	0.000123
OPCODE	4DEE	102	0.000123
OPCODE	4883	102	0.000123
OPCODE	254A	101	0.000122
OPCODE	6F42	101	0.000122
OPCODE	AA64	101	0.000122
OPCODE	A89E	101	0.000122
OPCODE	6032	101	0.000122
OPCODE	2097	100	0.000121
OPCODE	41F7	100	0.000121
OPCODE	DAFC	100	0.000121
OPCODE	BE53	100	0.000121
OPCODE	6D66	100	0.000121
OPCODE	B229	100	0.000121
OPCODE	49EB	100	0.000121
OPCODE	38DB	100	0.000121
OPCODE	61C4	100	0.000121
OPCODE	6098	99	0.000120
OPCODE	3747	99	0.000120
OPCODE	4A03	99	0.000120
OPCODE	9250	99	0.000120
OPCODE	2F6F	99	0.000120
OPCODE	4214	99	0.000120
OPCODE	6444	99	0.000120
OPCODE	47F1	98	0.000118
OPCODE	A8E9	98	0.000118
OPCODE	6C0E	98	0.000118
OPCODE	6668	98	0.000118
OPCODE	7402	98	0.000118
OPCODE	92F8	98	0.000118
OPCODE	2420	98	0.000118
OPCODE	E38F	98	0.000118
OPCODE	02AE	97	0.000117
OPCODE	2F49	97	0.000117
OPCODE	22E0	97	0.000117
OPCODE	A825	97	0.000117
OPCODE	6448	97	0.000117
OPCODE	5C88	97	0.000117
OPCODE	906A	97	0.000117
OPCODE	4646	97	0.000117
OPCODE	2805	96	0.000116
OPCODE	DDA8	96	0.000116
OPCODE	D8E8	96	0.000116
OPCODE	61D4	96	0.000116
OPCODE	621C	96	0.000116
OPCODE	4DFA	96	0.000116
OPCODE	4ED6	96	0.000116
OPCODE	2A48	96	0.000116
OPCODE	08A8	96	0.000116
OPCODE	6D8A	96	0.000116
OPCODE	615A	96	0.000116
OPCODE	3081	96	0.000116
OPCODE	9E86	96	0.000116
OPCODE	0042	96	0.000116
OPCODE	B5C0	96	0.000116
OPCODE	819B	96	0.000116
OPCODE	619C	96	0.000116
OPCODE	6C54	96	0.000116
OPCODE	D092	96	0.000116
OPCODE	216C	95	0.000115
OPCODE	E48E	95	0.000115
OPCODE	80C1	94	0.000114
OPCODE	ABEB	94	0.000114
OPCODE	4259	94	0.000114
OPCODE	70F2	94	0.000114
OPCODE	A8DD	94	0.000114
OPCODE	2652	94	0.000114
OPCODE	117C	94	0.000114
OPCODE	66CC	93	0.000112
OPCODE	CA94	93	0.000112
OPCODE	6136	92	0.000111
OPCODE	BC6C	92	0.000111
OPCODE	7C02	92	0.000111
OPCODE	4268	92	0.000111
OPCODE	B485	91	0.000110
OPCODE	3945	91	0.000110
OPCODE	61E4	91	0.000110
OPCODE	49F0	91	0.000110
OPCODE	2942	91	0.000110
OPCODE	F21F	91	0.000110
OPCODE	4480	91	0.000110
OPCODE	2458	91	0.000110
OPCODE	B02C	90	0.000109
OPCODE	6204	90	0.000109
OPCODE	1C38	90	0.000109
OPCODE	21C7	90	0.000109
OPCODE	9E91	90	0.000109
OPCODE	9642	90	0.000109
OPCODE	B446	90	0.000109
OPCODE	B459	90	0.000109
OPCODE	B259	90	0.000109
OPCODE	2E11	90	0.000109
OPCODE	B659	90	0.000109
OPCODE	3280	90	0.000109
OPCODE	C0B4	90	0.000109
OPCODE	611C	90	0.000109
OPCODE	623E	89	0.000108
OPCODE	635A	89	0.000108
OPCODE	6354	89	0.000108
OPCODE	80EC	89	0.000108
OPCODE	2D09	89	0.000108
OPCODE	EDC6	89	0.000108
OPCODE	2035	89	0.000108
OPCODE	6B3E	89	0.000108
OPCODE	225E	89	0.000108
OPCODE	5200	89	0.000108
OPCODE	B1C1	89	0.000108
OPCODE	5282	89	0.000108
OPCODE	9489	89	0.000108
OPCODE	D488	89	0.000108
OPCODE	2057	88	0.000106
OPCODE	6D40	88	0.000106
OPCODE	EFC1	88	0.000106
OPCODE	0C34	88	0.000106
OPCODE	D3AE	88	0.000106
OPCODE	7091	88	0.000106
OPCODE	2071	88	0.000106
OPCODE	E140	88	0.000106
OPCODE	802B	88	0.000106
OPCODE	E0AD	88	0.000106
OPCODE	2350	87	0.000105
OPCODE	BC84	87	0.000105
OPCODE	70CD	87	0.000105
OPCODE	0878	87	0.000105
OPCODE	A80A	87	0.000105
OPCODE	E7A9	86	0.000104
OPCODE	5589	86	0.000104
OPCODE	95D4	86	0.000104
OPCODE	E509	86	0.000104
OPCODE	2870	86	0.000104
OPCODE	BA6B	86	0.000104
OPCODE	E388	86	0.000104
OPCODE	609E	86	0.000104
OPCODE	9285	85	0.000103
OPCODE	6F18	85	0.000103
OPCODE	6778	85	0.000103
OPCODE	3C2C	85	0.000103
OPCODE	6F82	85	0.000103
OPCODE	3812	85	0.000103
OPCODE	E681	85	0.000103
OPCODE	7A1F	84	0.000101
OPCODE	2A6C	84	0.000101
OPCODE	3742	84	0.000101
OPCODE	6C5A	84	0.000101
OPCODE	6B02	84	0.000101
OPCODE	2683	84	0.000101
OPCODE	CA81	84	0.000101
OPCODE	6654	83	0.000100
OPCODE	E0AF	83	0.000100
OPCODE	9269	83	0.000100
OPCODE	3169	83	0.000100
OPCODE	7021	83	0.000100
OPCODE	1082	83	0.000100
OPCODE	84F8	83	0.000100
OPCODE	8328	82	0.000099
OPCODE	84EA	82	0.000099
OPCODE	D687	82	0.000099
OPCODE	88EA	82	0.000099
OPCODE	86EA	82	0.000099
OPCODE	8CFC	82	0.000099
OPCODE	6698	82	0.000099
OPCODE	B1E9	82	0.000099
OPCODE	3031	82	0.000099
OPCODE	6C0C	82	0.000099
OPCODE	632A	82	0.000099
OPCODE	A8DC	82	0.000099
OPCODE	2C09	82	0.000099
OPCODE	C4EA	82	0.000099
OPCODE	2A13	82	0.000099
OPCODE	C6C6	82	0.000099
OPCODE	CCEA	82	0.000099
OPCODE	D047	82	0.000099
OPCODE	D651	82	0.000099
OPCODE	2A49	81	0.000098
OPCODE	1C03	81	0.000098
OPCODE	122C	81	0.000098
OPCODE	2874	81	0.000098
OPCODE	2853	81	0.000098
OPCODE	242A	81	0.000098
OPCODE	2873	81	0.000098
OPCODE	5987	81	0.000098
OPCODE	E341	81	0.000098
OPCODE	A816	81	0.000098
OPCODE	0894	81	0.000098
OPCODE	0804	80	0.000097
OPCODE	5001	80	0.000097
OPCODE	7C1F	80	0.000097
OPCODE	9C42	80	0.000097
OPCODE	0728	80	0.000097
OPCODE	E18E	80	0.000097
OPCODE	0C83	80	0.000097
OPCODE	E08A	80	0.000097
OPCODE	D2C2	80	0.000097
OPCODE	A853	79	0.000095
OPCODE	2612	79	0.000095
OPCODE	2150	79	0.000095
OPCODE	B687	78	0.000094
OPCODE	9088	78	0.000094
OPCODE	2E2C	78	0.000094
OPCODE	2217	78	0.000094
OPCODE	102A	78	0.000094
OPCODE	D7C2	77	0.000093
OPCODE	524B	77	0.000093
OPCODE	956E	77	0.000093
OPCODE	C18C	77	0.000093
OPCODE	DE86	77	0.000093
OPCODE	B268	77	0.000093
OPCODE	3768	77	0.000093
OPCODE	3A10	77	0.000093
OPCODE	3F33	77	0.000093
OPCODE	9083	77	0.000093
OPCODE	53EE	76	0.000092
OPCODE	6064	76	0.000092
OPCODE	A855	76	0.000092
OPCODE	2958	76	0.000092
OPCODE	E480	76	0.000092
OPCODE	3829	76	0.000092
OPCODE	20C2	76	0.000092
OPCODE	F227	76	0.000092
OPCODE	6152	76	0.000092
OPCODE	6B18	76	0.000092
OPCODE	A8A8	75	0.000091
OPCODE	BDF8	75	0.000091
OPCODE	10FC	74	0.000089
OPCODE	46C1	74	0.000089
OPCODE	40C1	74	0.000089
OPCODE	667C	74	0.000089
OPCODE	1EB8	74	0.000089
OPCODE	720E	74	0.000089
OPCODE	C068	74	0.000089
OPCODE	162C	74	0.000089
OPCODE	720A	74	0.000089
OPCODE	A8A9	73	0.000088
OPCODE	B844	73	0.000088
OPCODE	A87A	73	0.000088
OPCODE	6DC0	73	0.000088
OPCODE	6E02	73	0.000088
OPCODE	296C	72	0.000087
OPCODE	6FDC	72	0.000087
OPCODE	196B	72	0.000087
OPCODE	0BC3	72	0.000087
OPCODE	62F4	72	0.000087
OPCODE	98FC	71	0.000086
OPCODE	90AB	71	0.000086
OPCODE	6B76	71	0.000086
OPCODE	BBCC	71	0.000086
OPCODE	DEC1	70	0.000085
OPCODE	0C2C	70	0.000085
OPCODE	2F6D	70	0.000085
OPCODE	613A	70	0.000085
OPCODE	67E4	70	0.000085
OPCODE	3E2D	70	0.000085
OPCODE	3F2D	70	0.000085
OPCODE	5EC0	69	0.000083
OPCODE	2A2B	69	0.000083
OPCODE	60C4	69	0.000083
OPCODE	6502	69	0.000083
OPCODE	3405	69	0.000083
OPCODE	1F2E	69	0.000083
OPCODE	6F26	69	0.000083
OPCODE	909B	69	0.000083
OPCODE	48EE	69	0.000083
OPCODE	9201	68	0.000082
OPCODE	30C6	68	0.000082
OPCODE	66B6	68	0.000082
OPCODE	2151	68	0.000082
OPCODE	A9E0	68	0.000082
OPCODE	31B2	68	0.000082
OPCODE	3E2C	68	0.000082
OPCODE	B06A	67	0.000081
OPCODE	B043	67	0.000081
OPCODE	C34A	67	0.000081
OPCODE	2943	67	0.000081
OPCODE	66DC	66	0.000080
OPCODE	5541	66	0.000080
OPCODE	DA85	66	0.000080
OPCODE	4482	66	0.000080
OPCODE	2D0B	66	0.000080
OPCODE	246B	66	0.000080
OPCODE	A8DF	66	0.000080
OPCODE	265E	66	0.000080
OPCODE	08C7	66	0.000080
OPCODE	2898	66	0.000080
OPCODE	536B	66	0.000080
OPCODE	526B	66	0.000080
OPCODE	D957	66	0.000080
OPCODE	E18D	66	0.000080
OPCODE	6E1A	65	0.000079
OPCODE	61AE	65	0.000079
OPCODE	6FD8	65	0.000079
OPCODE	6B08	65	0.000079
OPCODE	2B78	65	0.000079
OPCODE	6E18	65	0.000079
OPCODE	5288	65	0.000079
OPCODE	D084	65	0.000079
OPCODE	97CB	64	0.000077
OPCODE	48D0	64	0.000077
OPCODE	2157	64	0.000077
OPCODE	5148	64	0.000077
OPCODE	0CAC	64	0.000077
OPCODE	6DF8	64	0.000077
OPCODE	D06F	64	0.000077
OPCODE	5210	64	0.000077
OPCODE	220C	64	0.000077
OPCODE	2320	63	0.000076
OPCODE	176C	63	0.000076
OPCODE	6572	63	0.000076
OPCODE	BE82	63	0.000076
OPCODE	0101	63	0.000076
OPCODE	C22B	63	0.000076
OPCODE	2611	63	0.000076
OPCODE	70CE	63	0.000076
OPCODE	220A	63	0.000076
OPCODE	9484	63	0.000076
OPCODE	3978	63	0.000076
OPCODE	E8A1	63	0.000076
OPCODE	61A2	63	0.000076
OPCODE	3A2A	62	0.000075
OPCODE	D0EE	62	0.000075
OPCODE	297C	62	0.000075
OPCODE	20CC	62	0.000075
OPCODE	C899	62	0.000075
OPCODE	0881	62	0.000075
OPCODE	6034	62	0.000075
OPCODE	72FE	62	0.000075
OPCODE	E781	62	0.000075
OPCODE	9A44	61	0.000074
OPCODE	31EC	61	0.000074
OPCODE	3C10	61	0.000074
OPCODE	5445	61	0.000074
OPCODE	4252	61	0.000074
OPCODE	D6E8	61	0.000074
OPCODE	56C1	61	0.000074
OPCODE	2803	61	0.000074
OPCODE	82C0	61	0.000074
OPCODE	1B7C	61	0.000074
OPCODE	AA27	61	0.000074
OPCODE	5D8F	61	0.000074
OPCODE	E780	61	0.000074
OPCODE	3838	60	0.000072
OPCODE	F22E	60	0.000072
OPCODE	26AC	60	0.000072
OPCODE	2B4B	60	0.000072
OPCODE	6050	60	0.000072
OPCODE	C589	60	0.000072
OPCODE	446F	60	0.000072
OPCODE	62F0	60	0.000072
OPCODE	A87B	60	0.000072
OPCODE	9478	60	0.000072
OPCODE	BEA8	60	0.000072
OPCODE	B7EC	60	0.000072
OPCODE	9078	60	0.000072
OPCODE	216F	60	0.000072
OPCODE	BA43	60	0.000072
OPCODE	425C	59	0.000071
OPCODE	B028	59	0.000071
OPCODE	4229	59	0.000071
OPCODE	2352	59	0.000071
OPCODE	48C4	59	0.000071
OPCODE	1205	59	0.000071
OPCODE	49F8	59	0.000071
OPCODE	A198	59	0.000071
OPCODE	00AC	59	0.000071
OPCODE	4A73	59	0.000071
OPCODE	3214	59	0.000071
OPCODE	652C	59	0.000071
OPCODE	7207	58	0.000070
OPCODE	6056	58	0.000070
OPCODE	E782	58	0.000070
OPCODE	D484	58	0.000070
OPCODE	A8DE	58	0.000070
OPCODE	D157	58	0.000070
OPCODE	A88C	57	0.000069
OPCODE	21CE	57	0.000069
OPCODE	ED40	57	0.000069
OPCODE	7280	57	0.000069
OPCODE	A089	57	0.000069
OPCODE	6046	57	0.000069
OPCODE	2A50	57	0.000069
OPCODE	9258	57	0.000069
OPCODE	C22D	57	0.000069
OPCODE	2B4F	57	0.000069
OPCODE	6E1E	57	0.000069
OPCODE	9058	57	0.000069
OPCODE	E549	57	0.000069
OPCODE	2D73	57	0.000069
OPCODE	AA34	57	0.000069
OPCODE	296D	57	0.000069
OPCODE	1768	57	0.000069
OPCODE	21C1	57	0.000069
OPCODE	022A	57	0.000069
OPCODE	218C	57	0.000069
OPCODE	D001	57	0.000069
OPCODE	5C44	56	0.000068
OPCODE	DE93	56	0.000068
OPCODE	3D69	56	0.000068
OPCODE	7013	56	0.000068
OPCODE	0328	56	0.000068
OPCODE	A869	56	0.000068
OPCODE	D5A8	56	0.000068
OPCODE	5453	56	0.000068
OPCODE	536F	56	0.000068
OPCODE	5980	56	0.000068
OPCODE	8242	56	0.000068
OPCODE	0C2A	56	0.000068
OPCODE	3213	56	0.000068
OPCODE	D1AC	56	0.000068
OPCODE	5EC1	56	0.000068
OPCODE	95A8	56	0.000068
OPCODE	7614	56	0.000068
OPCODE	A722	55	0.000066
OPCODE	30AA	55	0.000066
OPCODE	61A6	55	0.000066
OPCODE	30EA	55	0.000066
OPCODE	5358	55	0.000066
OPCODE	3F2F	55	0.000066
OPCODE	1202	55	0.000066
OPCODE	D681	55	0.000066
OPCODE	0683	55	0.000066
OPCODE	0450	55	0.000066
OPCODE	D3C4	55	0.000066
OPCODE	2B6B	55	0.000066
OPCODE	70ED	55	0.000066
OPCODE	9268	55	0.000066
OPCODE	2B45	55	0.000066
OPCODE	5258	55	0.000066
OPCODE	2B44	55	0.000066
OPCODE	D1A8	55	0.000066
OPCODE	C6C1	55	0.000066
OPCODE	D150	55	0.000066
OPCODE	CAEE	55	0.000066
OPCODE	20EA	55	0.000066
OPCODE	E58B	55	0.000066
OPCODE	5441	55	0.000066
OPCODE	214D	55	0.000066
OPCODE	EA4D	55	0.000066
OPCODE	204D	54	0.000065
OPCODE	A9EE	54	0.000065
OPCODE	8193	54	0.000065
OPCODE	66C8	54	0.000065
OPCODE	0441	54	0.000065
OPCODE	7023	54	0.000065
OPCODE	5FC0	54	0.000065
OPCODE	E8C1	54	0.000065
OPCODE	A8E3	54	0.000065
OPCODE	34D1	53	0.000064
OPCODE	7A01	53	0.000064
OPCODE	7078	53	0.000064
OPCODE	240A	53	0.000064
OPCODE	6188	53	0.000064
OPCODE	ABC9	53	0.000064
OPCODE	6C26	53	0.000064
OPCODE	3207	53	0.000064
OPCODE	BC47	52	0.000063
OPCODE	1297	52	0.000063
OPCODE	61B8	52	0.000063
OPCODE	A08F	52	0.000063
OPCODE	4292	52	0.000063
OPCODE	2328	52	0.000063
OPCODE	5985	52	0.000063
OPCODE	7206	52	0.000063
OPCODE	D490	52	0.000063
OPCODE	DFAC	52	0.000063
OPCODE	60F6	52	0.000063
OPCODE	5289	52	0.000063
OPCODE	90AC	52	0.000063
OPCODE	C14A	52	0.000063
OPCODE	CC81	51	0.000062
OPCODE	60EC	51	0.000062
OPCODE	5887	51	0.000062
OPCODE	47EA	51	0.000062
OPCODE	61F6	51	0.000062
OPCODE	E8A0	51	0.000062
OPCODE	6052	51	0.000062
OPCODE	D095	51	0.000062
OPCODE	D06C	51	0.000062
OPCODE	3F10	51	0.000062
OPCODE	D4C2	50	0.000060
OPCODE	2E05	50	0.000060
OPCODE	522A	50	0.000060
OPCODE	3082	50	0.000060
OPCODE	B4AB	50	0.000060
OPCODE	677A	50	0.000060
OPCODE	C202	50	0.000060
OPCODE	41FB	49	0.000059
OPCODE	A868	49	0.000059
OPCODE	6FEA	49	0.000059
OPCODE	E508	49	0.000059
OPCODE	3C3C	49	0.000059
OPCODE	3F19	49	0.000059
OPCODE	EBC0	49	0.000059
OPCODE	D168	49	0.000059
OPCODE	4BEB	49	0.000059
OPCODE	E158	49	0.000059
OPCODE	31C6	48	0.000058
OPCODE	214B	48	0.000058
OPCODE	F23C	48	0.000058
OPCODE	9259	48	0.000058
OPCODE	261B	48	0.000058
OPCODE	4C46	48	0.000058
OPCODE	2C1B	48	0.000058
OPCODE	2606	48	0.000058
OPCODE	4EB4	48	0.000058
OPCODE	2A1B	48	0.000058
OPCODE	6FF2	48	0.000058
OPCODE	6FDE	48	0.000058
OPCODE	D28C	48	0.000058
OPCODE	D16F	48	0.000058
OPCODE	281B	48	0.000058
OPCODE	30D2	48	0.000058
OPCODE	D246	48	0.000058
OPCODE	0C06	48	0.000058
OPCODE	5547	48	0.000058
OPCODE	E9EE	48	0.000058
OPCODE	6062	48	0.000058
OPCODE	22C3	48	0.000058
OPCODE	690E	47	0.000057
OPCODE	966E	47	0.000057
OPCODE	9E81	47	0.000057
OPCODE	BAAC	47	0.000057
OPCODE	BE90	47	0.000057
OPCODE	A89B	46	0.000056
OPCODE	A89D	46	0.000056
OPCODE	382C	46	0.000056
OPCODE	7213	46	0.000056
OPCODE	2809	46	0.000056
OPCODE	12C1	46	0.000056
OPCODE	3F30	46	0.000056
OPCODE	46C2	46	0.000056
OPCODE	40C2	46	0.000056
OPCODE	4A88	46	0.000056
OPCODE	C348	45	0.000054
OPCODE	BE41	45	0.000054
OPCODE	99C6	45	0.000054
OPCODE	611A	45	0.000054
OPCODE	223A	45	0.000054
OPCODE	5C43	45	0.000054
OPCODE	A87C	45	0.000054
OPCODE	A9EF	45	0.000054
OPCODE	B644	45	0.000054
OPCODE	B653	45	0.000054
OPCODE	50E8	45	0.000054
OPCODE	0643	45	0.000054
OPCODE	5847	45	0.000054
OPCODE	EFA8	45	0.000054
OPCODE	2A10	45	0.000054
OPCODE	DE6E	45	0.000054
OPCODE	D057	45	0.000054
OPCODE	ABCA	45	0.000054
OPCODE	986E	44	0.000053
OPCODE	3E80	44	0.000053
OPCODE	E1AB	44	0.000053
OPCODE	0041	44	0.000053
OPCODE	6214	44	0.000053
OPCODE	BE80	44	0.000053
OPCODE	E95C	44	0.000053
OPCODE	A22E	44	0.000053
OPCODE	B053	44	0.000053
OPCODE	3A2B	44	0.000053
OPCODE	F236	44	0.000053
OPCODE	A1AD	44	0.000053
OPCODE	2886	43	0.000052
OPCODE	4A9F	43	0.000052
OPCODE	B7ED	43	0.000052
OPCODE	674E	43	0.000052
OPCODE	2D53	43	0.000052
OPCODE	6652	43	0.000052
OPCODE	2142	42	0.000051
OPCODE	A998	42	0.000051
OPCODE	3438	42	0.000051
OPCODE	6044	42	0.000051
OPCODE	631E	42	0.000051
OPCODE	2887	42	0.000051
OPCODE	266A	41	0.000050
OPCODE	4228	41	0.000050
OPCODE	D26A	41	0.000050
OPCODE	A830	41	0.000050
OPCODE	2656	41	0.000050
OPCODE	3D6B	41	0.000050
OPCODE	BEAB	41	0.000050
OPCODE	2F31	41	0.000050
OPCODE	A01B	41	0.000050
OPCODE	7025	41	0.000050
OPCODE	2144	40	0.000048
OPCODE	7005	40	0.000048
OPCODE	702E	40	0.000048
OPCODE	6E82	40	0.000048
OPCODE	2842	40	0.000048
OPCODE	C041	40	0.000048
OPCODE	5905	40	0.000048
OPCODE	2F68	40	0.000048
OPCODE	342C	40	0.000048
OPCODE	5C41	40	0.000048
OPCODE	2890	40	0.000048
OPCODE	0C11	40	0.000048
OPCODE	6536	40	0.000048
OPCODE	0CB8	40	0.000048
OPCODE	70FD	40	0.000048
OPCODE	31C2	40	0.000048
OPCODE	522D	39	0.000047
OPCODE	6D1E	39	0.000047
OPCODE	B640	39	0.000047
OPCODE	532D	39	0.000047
OPCODE	4857	39	0.000047
OPCODE	422A	39	0.000047
OPCODE	3D6F	39	0.000047
OPCODE	6172	39	0.000047
OPCODE	2454	39	0.000047
OPCODE	4CD8	39	0.000047
OPCODE	5CEE	39	0.000047
OPCODE	36AD	38	0.000046
OPCODE	E840	38	0.000046
OPCODE	3087	38	0.000046
OPCODE	B891	38	0.000046
OPCODE	2E01	38	0.000046
OPCODE	AA2C	38	0.000046
OPCODE	95AE	38	0.000046
OPCODE	B8A9	38	0.000046
OPCODE	1A30	38	0.000046
OPCODE	611E	38	0.000046
OPCODE	3C28	38	0.000046
OPCODE	3944	38	0.000046
OPCODE	9EFC	38	0.000046
OPCODE	2282	38	0.000046
OPCODE	280B	38	0.000046
OPCODE	36A8	38	0.000046
OPCODE	7024	38	0.000046
OPCODE	614E	38	0.000046
OPCODE	653A	38	0.000046
OPCODE	0214	38	0.000046
OPCODE	376D	38	0.000046
OPCODE	242C	38	0.000046
OPCODE	3D45	38	0.000046
OPCODE	EFAE	37	0.000045
OPCODE	6D0C	37	0.000045
OPCODE	2A68	37	0.000045
OPCODE	5217	37	0.000045
OPCODE	5940	37	0.000045
OPCODE	5201	36	0.000043
OPCODE	B882	36	0.000043
OPCODE	D2F1	36	0.000043
OPCODE	2811	36	0.000043
OPCODE	0C54	36	0.000043
OPCODE	2838	36	0.000043
OPCODE	1F28	36	0.000043
OPCODE	3807	36	0.000043
OPCODE	2540	36	0.000043
OPCODE	3E28	36	0.000043
OPCODE	C0C3	36	0.000043
OPCODE	E2AA	36	0.000043
OPCODE	B401	36	0.000043
OPCODE	395F	36	0.000043
OPCODE	C093	35	0.000042
OPCODE	307C	35	0.000042
OPCODE	0181	35	0.000042
OPCODE	BA84	35	0.000042
OPCODE	A81E	35	0.000042
OPCODE	C090	35	0.000042
OPCODE	C0AE	35	0.000042
OPCODE	62DE	35	0.000042
OPCODE	B9EB	35	0.000042
OPCODE	A93A	35	0.000042
OPCODE	2C01	35	0.000042
OPCODE	222D	35	0.000042
OPCODE	66BC	35	0.000042
OPCODE	6BF0	35	0.000042
OPCODE	0287	35	0.000042
OPCODE	4640	35	0.000042
OPCODE	E411	34	0.000041
OPCODE	966B	34	0.000041
OPCODE	3009	34	0.000041
OPCODE	EFA9	34	0.000041
OPCODE	3783	34	0.000041
OPCODE	6656	34	0.000041
OPCODE	2970	34	0.000041
OPCODE	E319	34	0.000041
OPCODE	F210	34	0.000041
OPCODE	D9D0	34	0.000041
OPCODE	4291	34	0.000041
OPCODE	426B	34	0.000041
OPCODE	E709	34	0.000041
OPCODE	51E8	34	0.000041
OPCODE	7216	34	0.000041
OPCODE	6D3E	34	0.000041
OPCODE	3F2B	34	0.000041
OPCODE	6FE2	33	0.000040
OPCODE	2F18	33	0.000040
OPCODE	A817	33	0.000040
OPCODE	E789	33	0.000040
OPCODE	3942	33	0.000040
OPCODE	3F78	33	0.000040
OPCODE	E34D	33	0.000040
OPCODE	2017	33	0.000040
OPCODE	D06B	33	0.000040
OPCODE	0302	33	0.000040
OPCODE	241A	33	0.000040
OPCODE	257C	33	0.000040
OPCODE	9048	33	0.000040
OPCODE	6B5C	33	0.000040
OPCODE	CBC7	33	0.000040
OPCODE	3B46	32	0.000039
OPCODE	3541	32	0.000039
OPCODE	66B0	32	0.000039
OPCODE	805F	32	0.000039
OPCODE	43D2	32	0.000039
OPCODE	BA59	32	0.000039
OPCODE	2893	32	0.000039
OPCODE	B5F1	32	0.000039
OPCODE	99AC	32	0.000039
OPCODE	60E4	32	0.000039
OPCODE	D2D0	32	0.000039
OPCODE	7044	32	0.000039
OPCODE	A887	32	0.000039
OPCODE	0682	32	0.000039
OPCODE	C5EC	32	0.000039
OPCODE	3E36	32	0.000039
OPCODE	B09F	32	0.000039
OPCODE	115F	31	0.000037
OPCODE	1428	31	0.000037
OPCODE	DBE8	31	0.000037
OPCODE	1A03	31	0.000037
OPCODE	6068	31	0.000037
OPCODE	74FE	31	0.000037
OPCODE	E2BA	31	0.000037
OPCODE	6E32	31	0.000037
OPCODE	1618	31	0.000037
OPCODE	6508	31	0.000037
OPCODE	7A10	31	0.000037
OPCODE	20B0	31	0.000037
OPCODE	E543	31	0.000037
OPCODE	2607	31	0.000037
OPCODE	E80A	31	0.000037
OPCODE	702F	31	0.000037
OPCODE	1438	31	0.000037
OPCODE	7028	31	0.000037
OPCODE	EF8E	31	0.000037
OPCODE	9283	31	0.000037
OPCODE	61A8	31	0.000037
OPCODE	6E20	30	0.000036
OPCODE	1E30	30	0.000036
OPCODE	E685	30	0.000036
OPCODE	3078	30	0.000036
OPCODE	B245	30	0.000036
OPCODE	6132	30	0.000036
OPCODE	91C2	30	0.000036
OPCODE	E78A	30	0.000036
OPCODE	32C5	30	0.000036
OPCODE	32C2	30	0.000036
OPCODE	3285	30	0.000036
OPCODE	1091	30	0.000036
OPCODE	3256	30	0.000036
OPCODE	B645	30	0.000036
OPCODE	EA8D	30	0.000036
OPCODE	B7C0	30	0.000036
OPCODE	28A8	30	0.000036
OPCODE	9C40	30	0.000036
OPCODE	4DEC	30	0.000036
OPCODE	2549	30	0.000036
OPCODE	7E08	30	0.000036
OPCODE	A05A	30	0.000036
OPCODE	D551	30	0.000036
OPCODE	2C45	30	0.000036
OPCODE	6CC2	30	0.000036
OPCODE	700B	30	0.000036
OPCODE	F327	30	0.000036
OPCODE	5486	30	0.000036
OPCODE	216B	30	0.000036
OPCODE	294A	30	0.000036
OPCODE	D645	30	0.000036
OPCODE	C8C2	30	0.000036
OPCODE	A126	30	0.000036
OPCODE	EEAD	30	0.000036
OPCODE	DBC5	30	0.000036
OPCODE	2633	30	0.000036
OPCODE	16DC	30	0.000036
OPCODE	EEAA	30	0.000036
OPCODE	9A84	30	0.000036
OPCODE	6B4E	30	0.000036
OPCODE	D0AA	30	0.000036
OPCODE	EF6E	30	0.000036
OPCODE	544A	30	0.000036
OPCODE	7228	30	0.000036
OPCODE	A898	29	0.000035
OPCODE	D4F2	29	0.000035
OPCODE	218A	29	0.000035
OPCODE	276C	29	0.000035
OPCODE	90BA	29	0.000035
OPCODE	A899	29	0.000035
OPCODE	EA58	29	0.000035
OPCODE	116F	29	0.000035
OPCODE	D26B	29	0.000035
OPCODE	3298	29	0.000035
OPCODE	006B	29	0.000035
OPCODE	3354	29	0.000035
OPCODE	E243	29	0.000035
OPCODE	536A	29	0.000035
OPCODE	0259	29	0.000035
OPCODE	6AC0	29	0.000035
OPCODE	82FC	29	0.000035
OPCODE	026B	29	0.000035
OPCODE	D66C	29	0.000035
OPCODE	816A	29	0.000035
OPCODE	966C	29	0.000035
OPCODE	4BED	29	0.000035
OPCODE	C0FA	29	0.000035
OPCODE	41F4	28	0.000034
OPCODE	A975	28	0.000034
OPCODE	6D38	28	0.000034
OPCODE	62F2	28	0.000034
OPCODE	B543	28	0.000034
OPCODE	A870	28	0.000034
OPCODE	43F4	28	0.000034
OPCODE	A9EB	28	0.000034
OPCODE	BE6B	28	0.000034
OPCODE	47F8	28	0.000034
OPCODE	A803	28	0.000034
OPCODE	7011	28	0.000034
OPCODE	A8A6	28	0.000034
OPCODE	6066	28	0.000034
OPCODE	6D54	28	0.000034
OPCODE	B26C	28	0.000034
OPCODE	7018	28	0.000034
OPCODE	3744	28	0.000034
OPCODE	D7EE	27	0.000033
OPCODE	508C	27	0.000033
OPCODE	615C	27	0.000033
OPCODE	7808	27	0.000033
OPCODE	5989	27	0.000033
OPCODE	12BC	27	0.000033
OPCODE	B08E	27	0.000033
OPCODE	4CF8	27	0.000033
OPCODE	6A76	27	0.000033
OPCODE	2219	27	0.000033
OPCODE	6312	27	0.000033
OPCODE	DBEE	27	0.000033
OPCODE	22BC	27	0.000033
OPCODE	64CA	27	0.000033
OPCODE	EAD0	27	0.000033
OPCODE	52AB	27	0.000033
OPCODE	2628	26	0.000031
OPCODE	263C	26	0.000031
OPCODE	724E	26	0.000031
OPCODE	A522	26	0.000031
OPCODE	01C1	26	0.000031
OPCODE	675E	26	0.000031
OPCODE	BC87	26	0.000031
OPCODE	802E	26	0.000031
OPCODE	7ECE	26	0.000031
OPCODE	2D69	26	0.000031
OPCODE	43BC	26	0.000031
OPCODE	0294	26	0.000031
OPCODE	2206	26	0.000031
OPCODE	0C10	26	0.000031
OPCODE	B441	25	0.000030
OPCODE	4A56	25	0.000030
OPCODE	DDC0	25	0.000030
OPCODE	B0AF	25	0.000030
OPCODE	70FB	25	0.000030
OPCODE	30BC	25	0.000030
OPCODE	6F22	25	0.000030
OPCODE	2688	25	0.000030
OPCODE	A939	25	0.000030
OPCODE	9DC0	25	0.000030
OPCODE	522C	25	0.000030
OPCODE	C34D	25	0.000030
OPCODE	43D4	25	0.000030
OPCODE	60CA	25	0.000030
OPCODE	41D4	25	0.000030
OPCODE	301E	25	0.000030
OPCODE	6082	25	0.000030
OPCODE	E249	25	0.000030
OPCODE	3D00	25	0.000030
OPCODE	B6FC	25	0.000030
OPCODE	294E	25	0.000030
OPCODE	2A75	25	0.000030
OPCODE	376E	24	0.000029
OPCODE	A892	24	0.000029
OPCODE	A949	24	0.000029
OPCODE	3946	24	0.000029
OPCODE	A809	24	0.000029
OPCODE	6C5C	24	0.000029
OPCODE	3982	24	0.000029
OPCODE	A888	24	0.000029
OPCODE	A994	24	0.000029
OPCODE	121A	24	0.000029
OPCODE	D642	24	0.000029
OPCODE	5C42	24	0.000029
OPCODE	6D48	24	0.000029
OPCODE	0817	24	0.000029
OPCODE	E058	24	0.000029
OPCODE	8194	24	0.000029
OPCODE	5307	24	0.000029
OPCODE	32E9	24	0.000029
OPCODE	0C2F	24	0.000029
OPCODE	C543	24	0.000029
OPCODE	66CE	24	0.000029
OPCODE	D6EE	24	0.000029
OPCODE	DE87	24	0.000029
OPCODE	282B	24	0.000029
OPCODE	B883	24	0.000029
OPCODE	70EE	24	0.000029
OPCODE	7A04	24	0.000029
OPCODE	3631	24	0.000029
OPCODE	6310	24	0.000029
OPCODE	2A1F	23	0.000028
OPCODE	396B	23	0.000028
OPCODE	816E	23	0.000028
OPCODE	A8B5	23	0.000028
OPCODE	6C1E	23	0.000028
OPCODE	A528	23	0.000028
OPCODE	A8D4	23	0.000028
OPCODE	1004	23	0.000028
OPCODE	C14B	23	0.000028
OPCODE	3C04	23	0.000028
OPCODE	3A3C	23	0.000028
OPCODE	C491	23	0.000028
OPCODE	7A02	23	0.000028
OPCODE	1203	23	0.000028
OPCODE	AA44	23	0.000028
OPCODE	D045	23	0.000028
OPCODE	B294	23	0.000028
OPCODE	DA45	23	0.000028
OPCODE	E880	23	0.000028
OPCODE	244F	23	0.000028
OPCODE	C4C1	22	0.000027
OPCODE	4CB8	22	0.000027
OPCODE	2E0B	22	0.000027
OPCODE	20C5	22	0.000027
OPCODE	546E	22	0.000027
OPCODE	B3EA	22	0.000027
OPCODE	9868	22	0.000027
OPCODE	45EB	22	0.000027
OPCODE	700D	22	0.000027
OPCODE	5248	22	0.000027
OPCODE	2A4C	22	0.000027
OPCODE	C294	22	0.000027
OPCODE	66C2	22	0.000027
OPCODE	2818	22	0.000027
OPCODE	6670	22	0.000027
OPCODE	2147	22	0.000027
OPCODE	605E	22	0.000027
OPCODE	8200	22	0.000027
OPCODE	F23A	22	0.000027
OPCODE	289F	22	0.000027
OPCODE	0657	22	0.000027
OPCODE	E788	22	0.000027
OPCODE	AA05	22	0.000027
OPCODE	84FC	22	0.000027
OPCODE	D644	22	0.000027
OPCODE	74B0	22	0.000027
OPCODE	E287	22	0.000027
OPCODE	396E	22	0.000027
OPCODE	7030	22	0.000027
OPCODE	C028	22	0.000027
OPCODE	0000	22	0.000027
OPCODE	B890	22	0.000027
OPCODE	3C18	22	0.000027
OPCODE	216A	21	0.000025
OPCODE	2746	21	0.000025
OPCODE	70F9	21	0.000025
OPCODE	50EB	21	0.000025
OPCODE	B101	21	0.000025
OPCODE	6782	21	0.000025
OPCODE	544C	21	0.000025
OPCODE	67A6	21	0.000025
OPCODE	D885	21	0.000025
OPCODE	1A1F	21	0.000025
OPCODE	60A0	21	0.000025
OPCODE	361F	21	0.000025
OPCODE	A9ED	21	0.000025
OPCODE	2F12	21	0.000025
OPCODE	A260	21	0.000025
OPCODE	9A6B	21	0.000025
OPCODE	0044	21	0.000025
OPCODE	41EF	21	0.000025
OPCODE	262C	21	0.000025
OPCODE	6512	21	0.000025
OPCODE	2647	21	0.000025
OPCODE	6C3E	21	0.000025
OPCODE	36BC	20	0.000024
OPCODE	278A	20	0.000024
OPCODE	D111	20	0.000024
OPCODE	DBA8	20	0.000024
OPCODE	60BA	20	0.000024
OPCODE	3D54	20	0.000024
OPCODE	DA47	20	0.000024
OPCODE	5357	20	0.000024
OPCODE	532C	20	0.000024
OPCODE	2277	20	0.000024
OPCODE	A11A	20	0.000024
OPCODE	6524	20	0.000024
OPCODE	702C	20	0.000024
OPCODE	650E	20	0.000024
OPCODE	D482	20	0.000024
OPCODE	2257	20	0.000024
OPCODE	3C01	20	0.000024
OPCODE	4C42	20	0.000024
OPCODE	D0C4	20	0.000024
OPCODE	9582	20	0.000024
OPCODE	3270	20	0.000024
OPCODE	2D57	20	0.000024
OPCODE	E58D	20	0.000024
OPCODE	BB86	20	0.000024
OPCODE	6414	20	0.000024
OPCODE	B897	20	0.000024
OPCODE	2A0B	20	0.000024
OPCODE	2953	20	0.000024
OPCODE	28BC	20	0.000024
OPCODE	3209	20	0.000024
OPCODE	5C4A	20	0.000024
OPCODE	E84C	20	0.000024
OPCODE	3147	19	0.000023
OPCODE	7E06	19	0.000023
OPCODE	DEAE	19	0.000023
OPCODE	6144	19	0.000023
OPCODE	B62C	19	0.000023
OPCODE	20BC	19	0.000023
OPCODE	9040	19	0.000023
OPCODE	6B1C	19	0.000023
OPCODE	1204	19	0.000023
OPCODE	D6FC	19	0.000023
OPCODE	902C	19	0.000023
OPCODE	2604	19	0.000023
OPCODE	6EE4	19	0.000023
OPCODE	3543	19	0.000023
OPCODE	3484	19	0.000023
OPCODE	D02C	19	0.000023
OPCODE	4213	19	0.000023
OPCODE	7604	19	0.000023
OPCODE	1F01	19	0.000023
OPCODE	C0EA	19	0.000023
OPCODE	3A29	19	0.000023
OPCODE	0C18	19	0.000023
OPCODE	C06C	19	0.000023
OPCODE	8082	19	0.000023
OPCODE	2407	18	0.000022
OPCODE	341C	18	0.000022
OPCODE	B4FC	18	0.000022
OPCODE	254B	18	0.000022
OPCODE	666A	18	0.000022
OPCODE	B841	18	0.000022
OPCODE	2280	18	0.000022
OPCODE	6302	18	0.000022
OPCODE	F280	18	0.000022
OPCODE	162F	18	0.000022
OPCODE	2631	18	0.000022
OPCODE	2C3C	18	0.000022
OPCODE	141C	18	0.000022
OPCODE	C2C4	18	0.000022
OPCODE	D059	18	0.000022
OPCODE	2857	18	0.000022
OPCODE	E250	18	0.000022
OPCODE	281F	18	0.000022
OPCODE	8E40	18	0.000022
OPCODE	0C2E	18	0.000022
OPCODE	740C	18	0.000022
OPCODE	421C	18	0.000022
OPCODE	6D70	18	0.000022
OPCODE	966A	18	0.000022
OPCODE	7E20	18	0.000022
OPCODE	7803	17	0.000021
OPCODE	32AE	17	0.000021
OPCODE	90A8	17	0.000021
OPCODE	6EAC	17	0.000021
OPCODE	5845	17	0.000021
OPCODE	BB98	17	0.000021
OPCODE	BD90	17	0.000021
OPCODE	4A98	17	0.000021
OPCODE	8128	17	0.000021
OPCODE	806E	17	0.000021
OPCODE	2642	17	0.000021
OPCODE	700E	17	0.000021
OPCODE	7016	17	0.000021
OPCODE	701A	17	0.000021
OPCODE	D646	17	0.000021
OPCODE	2748	17	0.000021
OPCODE	5250	17	0.000021
OPCODE	26A8	17	0.000021
OPCODE	ED98	17	0.000021
OPCODE	2023	17	0.000021
OPCODE	A005	17	0.000021
OPCODE	EA83	17	0.000021
OPCODE	EA84	17	0.000021
OPCODE	6676	17	0.000021
OPCODE	26DC	16	0.000019
OPCODE	61BA	16	0.000019
OPCODE	A8B0	16	0.000019
OPCODE	276B	16	0.000019
OPCODE	26DA	16	0.000019
OPCODE	2D03	16	0.000019
OPCODE	0C90	16	0.000019
OPCODE	9840	16	0.000019
OPCODE	6B54	16	0.000019
OPCODE	747E	16	0.000019
OPCODE	9859	16	0.000019
OPCODE	2658	16	0.000019
OPCODE	7602	16	0.000019
OPCODE	61CA	16	0.000019
OPCODE	CAC1	16	0.000019
OPCODE	282F	16	0.000019
OPCODE	3180	16	0.000019
OPCODE	342F	16	0.000019
OPCODE	9A59	16	0.000019
OPCODE	3544	16	0.000019
OPCODE	0447	16	0.000019
OPCODE	61B6	16	0.000019
OPCODE	45F7	16	0.000019
OPCODE	906F	16	0.000019
OPCODE	31EE	16	0.000019
OPCODE	B092	16	0.000019
OPCODE	3743	16	0.000019
OPCODE	1340	16	0.000019
OPCODE	9A68	16	0.000019
OPCODE	B83A	16	0.000019
OPCODE	B845	16	0.000019
OPCODE	3880	16	0.000019
OPCODE	42B6	16	0.000019
OPCODE	AA17	16	0.000019
OPCODE	9446	16	0.000019
OPCODE	61D2	16	0.000019
OPCODE	B292	16	0.000019
OPCODE	5BC1	16	0.000019
OPCODE	DB45	16	0.000019
OPCODE	22DB	16	0.000019
OPCODE	E144	16	0.000019
OPCODE	57E7	16	0.000019
OPCODE	2146	16	0.000019
OPCODE	6E12	16	0.000019
OPCODE	E658	16	0.000019
OPCODE	2085	16	0.000019
OPCODE	E04C	16	0.000019
OPCODE	6D6A	16	0.000019
OPCODE	181B	16	0.000019
OPCODE	182A	16	0.000019
OPCODE	183B	16	0.000019
OPCODE	1F2F	16	0.000019
OPCODE	6040	16	0.000019
OPCODE	1A31	16	0.000019
OPCODE	0C32	16	0.000019
OPCODE	261E	16	0.000019
OPCODE	0A00	16	0.000019
OPCODE	D686	16	0.000019
OPCODE	52A8	16	0.000019
OPCODE	D804	16	0.000019
OPCODE	49EA	15	0.000018
OPCODE	E286	15	0.000018
OPCODE	70D5	15	0.000018
OPCODE	3D6D	15	0.000018
OPCODE	21D8	15	0.000018
OPCODE	0052	15	0.000018
OPCODE	329F	15	0.000018
OPCODE	6E36	15	0.000018
OPCODE	58AF	15	0.000018
OPCODE	B293	15	0.000018
OPCODE	3540	15	0.000018
OPCODE	D0AB	15	0.000018
OPCODE	A938	15	0.000018
OPCODE	182E	15	0.000018
OPCODE	A8FA	15	0.000018
OPCODE	6D30	15	0.000018
OPCODE	A88A	15	0.000018
OPCODE	704A	15	0.000018
OPCODE	6350	15	0.000018
OPCODE	7E10	15	0.000018
OPCODE	6B72	15	0.000018
OPCODE	D9CB	15	0.000018
OPCODE	C046	15	0.000018
OPCODE	2A3C	15	0.000018
OPCODE	2A12	15	0.000018
OPCODE	1345	15	0.000018
OPCODE	60B8	15	0.000018
OPCODE	54C0	15	0.000018
OPCODE	45EC	14	0.000017
OPCODE	3632	14	0.000017
OPCODE	3814	14	0.000017
OPCODE	3832	14	0.000017
OPCODE	3745	14	0.000017
OPCODE	2547	14	0.000017
OPCODE	2545	14	0.000017
OPCODE	5941	14	0.000017
OPCODE	6520	14	0.000017
OPCODE	2C68	14	0.000017
OPCODE	D1AD	14	0.000017
OPCODE	703E	14	0.000017
OPCODE	C680	14	0.000017
OPCODE	256E	14	0.000017
OPCODE	3C07	14	0.000017
OPCODE	6B6A	14	0.000017
OPCODE	5C49	14	0.000017
OPCODE	D3AC	14	0.000017
OPCODE	70DD	14	0.000017
OPCODE	2944	14	0.000017
OPCODE	5886	14	0.000017
OPCODE	2260	14	0.000017
OPCODE	6146	14	0.000017
OPCODE	8841	14	0.000017
OPCODE	BCAA	14	0.000017
OPCODE	B8AC	14	0.000017
OPCODE	316E	14	0.000017
OPCODE	22C8	14	0.000017
OPCODE	12A8	14	0.000017
OPCODE	21AC	14	0.000017
OPCODE	B685	14	0.000017
OPCODE	21AA	14	0.000017
OPCODE	E48F	14	0.000017
OPCODE	327C	14	0.000017
OPCODE	0C14	14	0.000017
OPCODE	DBAB	14	0.000017
OPCODE	11EB	14	0.000017
OPCODE	E3A8	14	0.000017
OPCODE	2441	14	0.000017
OPCODE	6410	14	0.000017
OPCODE	C2AC	14	0.000017
OPCODE	2C6C	14	0.000017
OPCODE	6316	14	0.000017
OPCODE	0446	14	0.000017
OPCODE	9EAB	14	0.000017
OPCODE	9BAC	14	0.000017
OPCODE	9E7C	14	0.000017
OPCODE	9881	14	0.000017
OPCODE	0444	13	0.000016
OPCODE	21AF	13	0.000016
OPCODE	E54F	13	0.000016
OPCODE	3E05	13	0.000016
OPCODE	3F42	13	0.000016
OPCODE	D289	13	0.000016
OPCODE	0014	13	0.000016
OPCODE	2E30	13	0.000016
OPCODE	6210	13	0.000016
OPCODE	11EE	13	0.000016
OPCODE	2087	13	0.000016
OPCODE	2486	13	0.000016
OPCODE	D65F	13	0.000016
OPCODE	45D1	13	0.000016
OPCODE	11B3	13	0.000016
OPCODE	1F07	13	0.000016
OPCODE	C2C0	13	0.000016
OPCODE	2EAF	13	0.000016
OPCODE	6C20	13	0.000016
OPCODE	AA94	13	0.000016
OPCODE	DC82	13	0.000016
OPCODE	9085	13	0.000016
OPCODE	A950	13	0.000016
OPCODE	66BA	13	0.000016
OPCODE	A04C	13	0.000016
OPCODE	2C2C	13	0.000016
OPCODE	3831	13	0.000016
OPCODE	5290	13	0.000016
OPCODE	224E	13	0.000016
OPCODE	B7D0	13	0.000016
OPCODE	2C0C	13	0.000016
OPCODE	163B	13	0.000016
OPCODE	2F69	12	0.000014
OPCODE	7022	12	0.000014
OPCODE	5350	12	0.000014
OPCODE	4AAF	12	0.000014
OPCODE	D7C6	12	0.000014
OPCODE	81AE	12	0.000014
OPCODE	AA67	12	0.000014
OPCODE	A98D	12	0.000014
OPCODE	BC8A	12	0.000014
OPCODE	240F	12	0.000014
OPCODE	BC80	12	0.000014
OPCODE	2406	12	0.000014
OPCODE	00AE	12	0.000014
OPCODE	5390	12	0.000014
OPCODE	6314	12	0.000014
OPCODE	A800	12	0.000014
OPCODE	5087	12	0.000014
OPCODE	7805	12	0.000014
OPCODE	C4C0	12	0.000014
OPCODE	9492	12	0.000014
OPCODE	5082	12	0.000014
OPCODE	AA12	12	0.000014
OPCODE	288B	12	0.000014
OPCODE	2881	12	0.000014
OPCODE	7A0F	12	0.000014
OPCODE	284D	12	0.000014
OPCODE	4EF6	12	0.000014
OPCODE	2C12	12	0.000014
OPCODE	8114	12	0.000014
OPCODE	5251	12	0.000014
OPCODE	C18D	12	0.000014
OPCODE	2E02	12	0.000014
OPCODE	70F3	12	0.000014
OPCODE	2E13	12	0.000014
OPCODE	D2C5	12	0.000014
OPCODE	2E42	12	0.000014
OPCODE	B0B4	12	0.000014
OPCODE	7064	12	0.000014
OPCODE	9C87	12	0.000014
OPCODE	026C	12	0.000014
OPCODE	C02E	12	0.000014
OPCODE	3C19	12	0.000014
OPCODE	9E83	12	0.000014
OPCODE	5945	12	0.000014
OPCODE	082F	12	0.000014
OPCODE	44DF	12	0.000014
OPCODE	E586	12	0.000014
OPCODE	E678	12	0.000014
OPCODE	0401	12	0.000014
OPCODE	44FC	12	0.000014
OPCODE	11D9	12	0.000014
OPCODE	6694	12	0.000014
OPCODE	341B	12	0.000014
OPCODE	677C	12	0.000014
OPCODE	607C	12	0.000014
OPCODE	3033	12	0.000014
OPCODE	9FA8	12	0.000014
OPCODE	EDC0	12	0.000014
OPCODE	6076	12	0.000014
OPCODE	61C2	12	0.000014
OPCODE	6CEA	12	0.000014
OPCODE	6CD8	12	0.000014
OPCODE	45F3	12	0.000014
OPCODE	9EAE	12	0.000014
OPCODE	926F	12	0.000014
OPCODE	97C4	12	0.000014
OPCODE	6228	12	0.000014
OPCODE	6C22	12	0.000014
OPCODE	E450	12	0.000014
OPCODE	3199	12	0.000014
OPCODE	5580	12	0.000014
OPCODE	6760	12	0.000014
OPCODE	E180	12	0.000014
OPCODE	DC87	12	0.000014
OPCODE	21EA	12	0.000014
OPCODE	9046	12	0.000014
OPCODE	6ABA	12	0.000014
OPCODE	36B8	12	0.000014
OPCODE	B046	12	0.000014
OPCODE	2180	12	0.000014
OPCODE	5881	12	0.000014
OPCODE	4873	12	0.000014
OPCODE	BA8B	12	0.000014
OPCODE	E34A	12	0.000014
OPCODE	908F	12	0.000014
OPCODE	B474	12	0.000014
OPCODE	BC45	12	0.000014
OPCODE	48E0	11	0.000013
OPCODE	641A	11	0.000013
OPCODE	67CC	11	0.000013
OPCODE	B097	11	0.000013
OPCODE	6202	11	0.000013
OPCODE	B038	11	0.000013
OPCODE	7AFC	11	0.000013
OPCODE	B650	11	0.000013
OPCODE	9086	11	0.000013
OPCODE	47D4	11	0.000013
OPCODE	6770	11	0.000013
OPCODE	AA31	11	0.000013
OPCODE	A9A2	11	0.000013
OPCODE	DA43	11	0.000013
OPCODE	3F1E	11	0.000013
OPCODE	D880	11	0.000013
OPCODE	A068	11	0.000013
OPCODE	DA80	11	0.000013
OPCODE	1540	11	0.000013
OPCODE	9DC1	11	0.000013
OPCODE	3A02	11	0.000013
OPCODE	E680	11	0.000013
OPCODE	256B	11	0.000013
OPCODE	DDC1	11	0.000013
OPCODE	7088	11	0.000013
OPCODE	A01F	11	0.000013
OPCODE	E44C	11	0.000013
OPCODE	3D01	11	0.000013
OPCODE	CD40	11	0.000013
OPCODE	9E80	11	0.000013
OPCODE	E349	11	0.000013
OPCODE	A9E3	11	0.000013
OPCODE	6E54	11	0.000013
OPCODE	760F	11	0.000013
OPCODE	A9E1	11	0.000013
OPCODE	5885	11	0.000013
OPCODE	51C6	11	0.000013
OPCODE	6C2C	11	0.000013
OPCODE	51C4	11	0.000013
OPCODE	A027	10	0.000012
OPCODE	6E1C	10	0.000012
OPCODE	E24A	10	0.000012
OPCODE	6EC2	10	0.000012
OPCODE	6FB8	10	0.000012
OPCODE	907C	10	0.000012
OPCODE	66CA	10	0.000012
OPCODE	6F44	10	0.000012
OPCODE	B073	10	0.000012
OPCODE	B740	10	0.000012
OPCODE	0BC4	10	0.000012
OPCODE	446E	10	0.000012
OPCODE	9168	10	0.000012
OPCODE	9045	10	0.000012
OPCODE	A90C	10	0.000012
OPCODE	9054	10	0.000012
OPCODE	3347	10	0.000012
OPCODE	584A	10	0.000012
OPCODE	A91C	10	0.000012
OPCODE	1F06	10	0.000012
OPCODE	2A7A	10	0.000012
OPCODE	7278	10	0.000012
OPCODE	A878	10	0.000012
OPCODE	D16C	10	0.000012
OPCODE	61C0	10	0.000012
OPCODE	A8A5	10	0.000012
OPCODE	5369	10	0.000012
OPCODE	A8B2	10	0.000012
OPCODE	2A6F	10	0.000012
OPCODE	A99B	10	0.000012
OPCODE	0CA9	10	0.000012
OPCODE	AA06	10	0.000012
OPCODE	2045	10	0.000012
OPCODE	0C15	10	0.000012
OPCODE	B297	10	0.000012
OPCODE	24AE	10	0.000012
OPCODE	7610	10	0.000012
OPCODE	C6C0	10	0.000012
OPCODE	2451	10	0.000012
OPCODE	BE52	10	0.000012
OPCODE	3968	10	0.000012
OPCODE	462F	9	0.000011
OPCODE	E582	9	0.000011
OPCODE	C8C6	9	0.000011
OPCODE	1A29	9	0.000011
OPCODE	622A	9	0.000011
OPCODE	B3D7	9	0.000011
OPCODE	91CC	9	0.000011
OPCODE	34AB	9	0.000011
OPCODE	208F	9	0.000011
OPCODE	0A6E	9	0.000011
OPCODE	6DA2	9	0.000011
OPCODE	2EAA	9	0.000011
OPCODE	022F	9	0.000011
OPCODE	2947	9	0.000011
OPCODE	2B4C	9	0.000011
OPCODE	2841	9	0.000011
OPCODE	72A9	9	0.000011
OPCODE	2768	9	0.000011
OPCODE	720B	9	0.000011
OPCODE	1002	9	0.000011
OPCODE	2D81	9	0.000011
OPCODE	3E02	9	0.000011
OPCODE	A146	9	0.000011
OPCODE	651A	9	0.000011
OPCODE	2E91	9	0.000011
OPCODE	D5C8	9	0.000011
OPCODE	214C	9	0.000011
OPCODE	52AC	9	0.000011
OPCODE	8240	9	0.000011
OPCODE	301C	9	0.000011
OPCODE	A81F	9	0.000011
OPCODE	30F8	9	0.000011
OPCODE	3143	9	0.000011
OPCODE	1628	9	0.000011
OPCODE	116A	9	0.000011
OPCODE	B803	9	0.000011
OPCODE	E04D	9	0.000011
OPCODE	5645	9	0.000011
OPCODE	6EEA	9	0.000011
OPCODE	B66C	9	0.000011
OPCODE	3A14	9	0.000011
OPCODE	618C	9	0.000011
OPCODE	4202	9	0.000011
OPCODE	AA52	9	0.000011
OPCODE	A90A	9	0.000011
OPCODE	94FC	9	0.000011
OPCODE	426D	9	0.000011
OPCODE	3830	9	0.000011
OPCODE	A9AF	9	0.000011
OPCODE	A9B2	9	0.000011
OPCODE	A90D	9	0.000011
OPCODE	A876	9	0.000011
OPCODE	B5E9	8	0.000010
OPCODE	0A80	8	0.000010
OPCODE	321C	8	0.000010
OPCODE	E259	8	0.000010
OPCODE	382F	8	0.000010
OPCODE	1E12	8	0.000010
OPCODE	2091	8	0.000010
OPCODE	1E31	8	0.000010
OPCODE	5C4B	8	0.000010
OPCODE	4850	8	0.000010
OPCODE	E9E8	8	0.000010
OPCODE	4877	8	0.000010
OPCODE	A928	8	0.000010
OPCODE	BD40	8	0.000010
OPCODE	BCAE	8	0.000010
OPCODE	78FE	8	0.000010
OPCODE	965F	8	0.000010
OPCODE	D2E9	8	0.000010
OPCODE	E291	8	0.000010
OPCODE	381D	8	0.000010
OPCODE	B3EE	8	0.000010
OPCODE	2651	8	0.000010
OPCODE	12FC	8	0.000010
OPCODE	32F8	8	0.000010
OPCODE	5A40	8	0.000010
OPCODE	5A80	8	0.000010
OPCODE	6684	8	0.000010
OPCODE	B454	8	0.000010
OPCODE	2F4D	8	0.000010
OPCODE	05C0	8	0.000010
OPCODE	1605	8	0.000010
OPCODE	A80D	8	0.000010
OPCODE	B678	8	0.000010
OPCODE	5400	8	0.000010
OPCODE	44C0	8	0.000010
OPCODE	763B	8	0.000010
OPCODE	65EA	8	0.000010
OPCODE	A923	8	0.000010
OPCODE	BC44	8	0.000010
OPCODE	2A1D	8	0.000010
OPCODE	A922	8	0.000010
OPCODE	56E7	8	0.000010
OPCODE	B854	8	0.000010
OPCODE	7647	8	0.000010
OPCODE	CE03	8	0.000010
OPCODE	CD38	8	0.000010
OPCODE	3E38	8	0.000010
OPCODE	CCAB	8	0.000010
OPCODE	5BCB	8	0.000010
OPCODE	7626	8	0.000010
OPCODE	BA44	8	0.000010
OPCODE	CB49	8	0.000010
OPCODE	49F1	8	0.000010
OPCODE	1828	8	0.000010
OPCODE	56C5	8	0.000010
OPCODE	A040	8	0.000010
OPCODE	CA38	8	0.000010
OPCODE	9357	8	0.000010
OPCODE	D0B8	8	0.000010
OPCODE	36C4	8	0.000010
OPCODE	AA68	8	0.000010
OPCODE	1F68	8	0.000010
OPCODE	2293	8	0.000010
OPCODE	31E1	8	0.000010
OPCODE	B700	8	0.000010
OPCODE	72FB	8	0.000010
OPCODE	31C3	8	0.000010
OPCODE	2286	8	0.000010
OPCODE	51E9	8	0.000010
OPCODE	BC78	8	0.000010
OPCODE	A836	8	0.000010
OPCODE	1800	8	0.000010
OPCODE	A9C6	8	0.000010
OPCODE	7404	8	0.000010
OPCODE	3884	8	0.000010
OPCODE	2274	8	0.000010
OPCODE	E241	8	0.000010
OPCODE	D053	8	0.000010
OPCODE	388B	8	0.000010
OPCODE	EF48	8	0.000010
OPCODE	5389	8	0.000010
OPCODE	D605	8	0.000010
OPCODE	9A43	8	0.000010
OPCODE	B128	8	0.000010
OPCODE	242F	8	0.000010
OPCODE	361C	8	0.000010
OPCODE	143B	8	0.000010
OPCODE	9647	8	0.000010
OPCODE	6548	8	0.000010
OPCODE	D845	8	0.000010
OPCODE	6184	8	0.000010
OPCODE	9557	8	0.000010
OPCODE	3613	8	0.000010
OPCODE	B286	8	0.000010
OPCODE	3607	8	0.000010
OPCODE	A86C	8	0.000010
OPCODE	C1ED	8	0.000010
OPCODE	5388	8	0.000010
OPCODE	34BC	8	0.000010
OPCODE	2C44	8	0.000010
OPCODE	7C1E	8	0.000010
OPCODE	2C1D	8	0.000010
OPCODE	4CD9	8	0.000010
OPCODE	EF4B	8	0.000010
OPCODE	9646	8	0.000010
OPCODE	D4C5	8	0.000010
OPCODE	EF8A	8	0.000010
OPCODE	EF6D	8	0.000010
OPCODE	D483	8	0.000010
OPCODE	2550	8	0.000010
OPCODE	D8C3	8	0.000010
OPCODE	61AA	8	0.000010
OPCODE	7C06	8	0.000010
OPCODE	962A	8	0.000010
OPCODE	EE4A	8	0.000010
OPCODE	5947	8	0.000010
OPCODE	36DC	8	0.000010
OPCODE	11D1	8	0.000010
OPCODE	249F	8	0.000010
OPCODE	D7F3	8	0.000010
OPCODE	6798	8	0.000010
OPCODE	362F	8	0.000010
OPCODE	3E12	8	0.000010
OPCODE	7015	8	0.000010
OPCODE	E3B8	8	0.000010
OPCODE	20C4	8	0.000010
OPCODE	AA2A	8	0.000010
OPCODE	A908	8	0.000010
OPCODE	6164	8	0.000010
OPCODE	D66A	8	0.000010
OPCODE	0A3C	8	0.000010
OPCODE	617C	8	0.000010
OPCODE	E399	8	0.000010
OPCODE	E306	8	0.000010
OPCODE	97D0	8	0.000010
OPCODE	236A	8	0.000010
OPCODE	588B	7	0.000008
OPCODE	31C7	7	0.000008
OPCODE	5089	7	0.000008
OPCODE	20F8	7	0.000008
OPCODE	0268	7	0.000008
OPCODE	2429	7	0.000008
OPCODE	5841	7	0.000008
OPCODE	04B8	7	0.000008
OPCODE	D4D2	7	0.000008
OPCODE	DEB8	7	0.000008
OPCODE	A927	7	0.000008
OPCODE	2E06	7	0.000008
OPCODE	94A9	7	0.000008
OPCODE	A851	7	0.000008
OPCODE	1151	7	0.000008
OPCODE	A064	7	0.000008
OPCODE	5187	7	0.000008
OPCODE	2682	7	0.000008
OPCODE	648C	7	0.000008
OPCODE	5302	7	0.000008
OPCODE	B4A9	7	0.000008
OPCODE	C0C4	7	0.000008
OPCODE	528B	7	0.000008
OPCODE	9093	7	0.000008
OPCODE	D1EE	7	0.000008
OPCODE	06B8	7	0.000008
OPCODE	A860	7	0.000008
OPCODE	2692	7	0.000008
OPCODE	2086	7	0.000008
OPCODE	6574	7	0.000008
OPCODE	6EE8	7	0.000008
OPCODE	1819	7	0.000008
OPCODE	A162	7	0.000008
OPCODE	A821	7	0.000008
OPCODE	2EB1	7	0.000008
OPCODE	AA43	7	0.000008
OPCODE	A11E	7	0.000008
OPCODE	2954	7	0.000008
OPCODE	6122	7	0.000008
OPCODE	A955	7	0.000008
OPCODE	0C9F	7	0.000008
OPCODE	BE6C	7	0.000008
OPCODE	AA32	7	0.000008
OPCODE	5C80	7	0.000008
OPCODE	A9A8	7	0.000008
OPCODE	1619	7	0.000008
OPCODE	45ED	7	0.000008
OPCODE	B5ED	7	0.000008
OPCODE	BA87	7	0.000008
OPCODE	66B8	6	0.000007
OPCODE	7E94	6	0.000007
OPCODE	C8C1	6	0.000007
OPCODE	0644	6	0.000007
OPCODE	5091	6	0.000007
OPCODE	3943	6	0.000007
OPCODE	BA29	6	0.000007
OPCODE	6E30	6	0.000007
OPCODE	A8ED	6	0.000007
OPCODE	9480	6	0.000007
OPCODE	E445	6	0.000007
OPCODE	BA83	6	0.000007
OPCODE	C0C6	6	0.000007
OPCODE	C840	6	0.000007
OPCODE	5701	6	0.000007
OPCODE	306A	6	0.000007
OPCODE	21E8	6	0.000007
OPCODE	0251	6	0.000007
OPCODE	E668	6	0.000007
OPCODE	C401	6	0.000007
OPCODE	2E4B	6	0.000007
OPCODE	8151	6	0.000007
OPCODE	1320	6	0.000007
OPCODE	7C0C	6	0.000007
OPCODE	6332	6	0.000007
OPCODE	78F8	6	0.000007
OPCODE	0A30	6	0.000007
OPCODE	6120	6	0.000007
OPCODE	6356	6	0.000007
OPCODE	C2E9	6	0.000007
OPCODE	C05A	6	0.000007
OPCODE	C2AB	6	0.000007
OPCODE	4297	6	0.000007
OPCODE	66BE	6	0.000007
OPCODE	6B32	6	0.000007
OPCODE	93E8	6	0.000007
OPCODE	6E72	6	0.000007
OPCODE	6198	6	0.000007
OPCODE	3A28	6	0.000007
OPCODE	E7A1	6	0.000007
OPCODE	A8E7	6	0.000007
OPCODE	C4E8	6	0.000007
OPCODE	C4C6	6	0.000007
OPCODE	C4C5	6	0.000007
OPCODE	E76C	6	0.000007
OPCODE	6E10	6	0.000007
OPCODE	7806	6	0.000007
OPCODE	7C18	6	0.000007
OPCODE	5AEE	6	0.000007
OPCODE	E342	6	0.000007
OPCODE	3F1A	6	0.000007
OPCODE	61B2	6	0.000007
OPCODE	BE45	6	0.000007
OPCODE	2A6A	6	0.000007
OPCODE	6418	6	0.000007
OPCODE	BE68	6	0.000007
OPCODE	0A33	6	0.000007
OPCODE	7209	6	0.000007
OPCODE	D26E	6	0.000007
OPCODE	EB80	6	0.000007
OPCODE	A0A4	6	0.000007
OPCODE	D1E8	6	0.000007
OPCODE	9207	6	0.000007
OPCODE	A09D	6	0.000007
OPCODE	2702	6	0.000007
OPCODE	0204	6	0.000007
OPCODE	22CA	6	0.000007
OPCODE	D593	6	0.000007
OPCODE	9084	6	0.000007
OPCODE	2670	6	0.000007
OPCODE	1171	6	0.000007
OPCODE	B5D0	6	0.000007
OPCODE	2760	6	0.000007
OPCODE	DC47	6	0.000007
OPCODE	B5EE	6	0.000007
OPCODE	B5F8	6	0.000007
OPCODE	1431	6	0.000007
OPCODE	3618	6	0.000007
OPCODE	6D2A	6	0.000007
OPCODE	DC85	6	0.000007
OPCODE	91AC	6	0.000007
OPCODE	A943	6	0.000007
OPCODE	DA44	6	0.000007
OPCODE	4263	6	0.000007
OPCODE	EDAD	6	0.000007
OPCODE	11D0	6	0.000007
OPCODE	9EC4	6	0.000007
OPCODE	6FB6	6	0.000007
OPCODE	9969	6	0.000007
OPCODE	0887	6	0.000007
OPCODE	ED6D	6	0.000007
OPCODE	D3C5	6	0.000007
OPCODE	D152	6	0.000007
OPCODE	53AE	6	0.000007
OPCODE	D96C	6	0.000007
OPCODE	3345	6	0.000007
OPCODE	0C12	6	0.000007
OPCODE	3332	6	0.000007
OPCODE	47ED	6	0.000007
OPCODE	376C	6	0.000007
OPCODE	D8C5	6	0.000007
OPCODE	6B52	6	0.000007
OPCODE	1414	6	0.000007
OPCODE	3E18	6	0.000007
OPCODE	8CEE	6	0.000007
OPCODE	A402	6	0.000007
OPCODE	6C30	6	0.000007
OPCODE	E949	6	0.000007
OPCODE	E05A	6	0.000007
OPCODE	E946	6	0.000007
OPCODE	50C6	6	0.000007
OPCODE	3A18	6	0.000007
OPCODE	28AB	6	0.000007
OPCODE	1A10	6	0.000007
OPCODE	6CBC	6	0.000007
OPCODE	4469	6	0.000007
OPCODE	CCC1	6	0.000007
OPCODE	D78C	6	0.000007
OPCODE	1631	6	0.000007
OPCODE	2247	6	0.000007
OPCODE	3F20	6	0.000007
OPCODE	D768	6	0.000007
OPCODE	CBC0	6	0.000007
OPCODE	30B8	6	0.000007
OPCODE	A440	6	0.000007
OPCODE	1882	6	0.000007
OPCODE	08EE	6	0.000007
OPCODE	7244	6	0.000007
OPCODE	DE46	6	0.000007
OPCODE	7246	6	0.000007
OPCODE	3D55	6	0.000007
OPCODE	F35F	6	0.000007
OPCODE	E982	6	0.000007
OPCODE	0890	6	0.000007
OPCODE	D0C1	6	0.000007
OPCODE	D078	6	0.000007
OPCODE	8E00	6	0.000007
OPCODE	6C4C	6	0.000007
OPCODE	6070	6	0.000007
OPCODE	92C4	6	0.000007
OPCODE	3E14	5	0.000006
OPCODE	7019	5	0.000006
OPCODE	A9A1	5	0.000006
OPCODE	A990	5	0.000006
OPCODE	AA24	5	0.000006
OPCODE	D36C	5	0.000006
OPCODE	AA28	5	0.000006
OPCODE	5328	5	0.000006
OPCODE	A886	5	0.000006
OPCODE	7032	5	0.000006
OPCODE	5301	5	0.000006
OPCODE	7036	5	0.000006
OPCODE	A96D	5	0.000006
OPCODE	AA29	5	0.000006
OPCODE	240C	5	0.000006
OPCODE	C189	5	0.000006
OPCODE	C218	5	0.000006
OPCODE	76EB	5	0.000006
OPCODE	0C85	5	0.000006
OPCODE	A90F	5	0.000006
OPCODE	A9BA	5	0.000006
OPCODE	2846	5	0.000006
OPCODE	5497	5	0.000006
OPCODE	006C	5	0.000006
OPCODE	162E	5	0.000006
OPCODE	9E6E	5	0.000006
OPCODE	7416	5	0.000006
OPCODE	66C6	5	0.000006
OPCODE	D0EF	5	0.000006
OPCODE	50EA	5	0.000006
OPCODE	C745	5	0.000006
OPCODE	E069	5	0.000006
OPCODE	C82B	5	0.000006
OPCODE	60AC	5	0.000006
OPCODE	A91F	5	0.000006
OPCODE	7606	5	0.000006
OPCODE	A9E2	5	0.000006
OPCODE	022C	5	0.000006
OPCODE	0C02	5	0.000006
OPCODE	D354	5	0.000006
OPCODE	7093	5	0.000006
OPCODE	7A9D	5	0.000006
OPCODE	70AB	5	0.000006
OPCODE	7A08	5	0.000006
OPCODE	AA18	5	0.000006
OPCODE	A992	5	0.000006
OPCODE	A885	5	0.000006
OPCODE	A128	5	0.000006
OPCODE	5041	5	0.000006
OPCODE	AA1F	5	0.000006
OPCODE	DBC3	5	0.000006
OPCODE	5254	5	0.000006
OPCODE	A90E	5	0.000006
OPCODE	D1CE	5	0.000006
OPCODE	78E0	5	0.000006
OPCODE	A9A3	5	0.000006
OPCODE	D1AB	5	0.000006
OPCODE	5042	5	0.000006
OPCODE	A039	5	0.000006
OPCODE	614C	5	0.000006
OPCODE	20DA	5	0.000006
OPCODE	3568	5	0.000006
OPCODE	1942	5	0.000006
OPCODE	9A40	5	0.000006
OPCODE	613E	5	0.000006
OPCODE	B450	5	0.000006
OPCODE	A815	5	0.000006
OPCODE	4253	5	0.000006
OPCODE	C045	5	0.000006
OPCODE	002A	5	0.000006
OPCODE	B08B	5	0.000006
OPCODE	6036	5	0.000006
OPCODE	6764	5	0.000006
OPCODE	6D58	5	0.000006
OPCODE	2EA9	5	0.000006
OPCODE	B7D2	5	0.000006
OPCODE	9A47	5	0.000006
OPCODE	1F6A	5	0.000006
OPCODE	B2AC	5	0.000006
OPCODE	EE49	5	0.000006
OPCODE	1206	5	0.000006
OPCODE	205C	5	0.000006
OPCODE	9047	5	0.000006
OPCODE	387C	5	0.000006
OPCODE	BE9A	5	0.000006
OPCODE	1083	5	0.000006
OPCODE	002C	5	0.000006
OPCODE	103C	5	0.000006
OPCODE	905F	5	0.000006
OPCODE	A80C	5	0.000006
OPCODE	B840	5	0.000006
OPCODE	AA2B	5	0.000006
OPCODE	11EF	5	0.000006
OPCODE	640C	5	0.000006
OPCODE	0C29	5	0.000006
OPCODE	315F	5	0.000006
OPCODE	B9C0	5	0.000006
OPCODE	A000	5	0.000006
OPCODE	2024	5	0.000006
OPCODE	90AD	5	0.000006
OPCODE	6C4A	5	0.000006
OPCODE	1D6C	5	0.000006
OPCODE	6D36	5	0.000006
OPCODE	362D	5	0.000006
OPCODE	08AF	5	0.000006
OPCODE	362B	5	0.000006
OPCODE	6D4A	5	0.000006
OPCODE	AA2D	5	0.000006
OPCODE	A833	5	0.000006
OPCODE	B7F8	5	0.000006
OPCODE	892B	5	0.000006
OPCODE	1E28	5	0.000006
OPCODE	31AE	5	0.000006
OPCODE	A001	4	0.000005
OPCODE	2750	4	0.000005
OPCODE	26C2	4	0.000005
OPCODE	A9A4	4	0.000005
OPCODE	A207	4	0.000005
OPCODE	26C5	4	0.000005
OPCODE	26CA	4	0.000005
OPCODE	EA50	4	0.000005
OPCODE	26CC	4	0.000005
OPCODE	3F68	4	0.000005
OPCODE	2741	4	0.000005
OPCODE	9E8B	4	0.000005
OPCODE	1031	4	0.000005
OPCODE	2457	4	0.000005
OPCODE	608A	4	0.000005
OPCODE	CD4B	4	0.000005
OPCODE	5147	4	0.000005
OPCODE	0229	4	0.000005
OPCODE	E059	4	0.000005
OPCODE	A823	4	0.000005
OPCODE	8D90	4	0.000005
OPCODE	3178	4	0.000005
OPCODE	1383	4	0.000005
OPCODE	3D9F	4	0.000005
OPCODE	6F34	4	0.000005
OPCODE	9794	4	0.000005
OPCODE	A23C	4	0.000005
OPCODE	2829	4	0.000005
OPCODE	727F	4	0.000005
OPCODE	B029	4	0.000005
OPCODE	1946	4	0.000005
OPCODE	D099	4	0.000005
OPCODE	B6A9	4	0.000005
OPCODE	723C	4	0.000005
OPCODE	722C	4	0.000005
OPCODE	2774	4	0.000005
OPCODE	51F8	4	0.000005
OPCODE	A20C	4	0.000005
OPCODE	97AC	4	0.000005
OPCODE	702A	4	0.000005
OPCODE	6166	4	0.000005
OPCODE	665C	4	0.000005
OPCODE	702B	4	0.000005
OPCODE	241D	4	0.000005
OPCODE	B212	4	0.000005
OPCODE	24EE	4	0.000005
OPCODE	9CAB	4	0.000005
OPCODE	A877	4	0.000005
OPCODE	3F32	4	0.000005
OPCODE	9A41	4	0.000005
OPCODE	34EE	4	0.000005
OPCODE	6B60	4	0.000005
OPCODE	651E	4	0.000005
OPCODE	2558	4	0.000005
OPCODE	B285	4	0.000005
OPCODE	9254	4	0.000005
OPCODE	0CB1	4	0.000005
OPCODE	36C7	4	0.000005
OPCODE	196E	4	0.000005
OPCODE	36C3	4	0.000005
OPCODE	36AE	4	0.000005
OPCODE	D6C1	4	0.000005
OPCODE	4641	4	0.000005
OPCODE	616E	4	0.000005
OPCODE	EEEE	4	0.000005
OPCODE	1A13	4	0.000005
OPCODE	3687	4	0.000005
OPCODE	61D6	4	0.000005
OPCODE	10DA	4	0.000005
OPCODE	3685	4	0.000005
OPCODE	242D	4	0.000005
OPCODE	D7EB	4	0.000005
OPCODE	47EF	4	0.000005
OPCODE	3338	4	0.000005
OPCODE	2646	4	0.000005
OPCODE	6B58	4	0.000005
OPCODE	ECE8	4	0.000005
OPCODE	D299	4	0.000005
OPCODE	22FC	4	0.000005
OPCODE	A999	4	0.000005
OPCODE	A99A	4	0.000005
OPCODE	1C1F	4	0.000005
OPCODE	2671	4	0.000005
OPCODE	D26C	4	0.000005
OPCODE	4274	4	0.000005
OPCODE	1D41	4	0.000005
OPCODE	B46A	4	0.000005
OPCODE	268A	4	0.000005
OPCODE	B491	4	0.000005
OPCODE	1E14	4	0.000005
OPCODE	3346	4	0.000005
OPCODE	D2E8	4	0.000005
OPCODE	B06F	4	0.000005
OPCODE	B3C5	4	0.000005
OPCODE	A8AA	4	0.000005
OPCODE	2629	4	0.000005
OPCODE	EDC1	4	0.000005
OPCODE	EDE8	4	0.000005
OPCODE	3417	4	0.000005
OPCODE	D373	4	0.000005
OPCODE	2338	4	0.000005
OPCODE	2344	4	0.000005
OPCODE	2369	4	0.000005
OPCODE	237C	4	0.000005
OPCODE	D3E9	4	0.000005
OPCODE	594B	4	0.000005
OPCODE	205E	4	0.000005
OPCODE	6B2C	4	0.000005
OPCODE	2B48	4	0.000005
OPCODE	C007	4	0.000005
OPCODE	C2EE	4	0.000005
OPCODE	2D08	4	0.000005
OPCODE	59AC	4	0.000005
OPCODE	4BF9	4	0.000005
OPCODE	4A6F	4	0.000005
OPCODE	20AD	4	0.000005
OPCODE	6E4E	4	0.000005
OPCODE	2A4A	4	0.000005
OPCODE	6E7E	4	0.000005
OPCODE	3084	4	0.000005
OPCODE	A81A	4	0.000005
OPCODE	2213	4	0.000005
OPCODE	50C1	4	0.000005
OPCODE	0C57	4	0.000005
OPCODE	C242	4	0.000005
OPCODE	2E4A	4	0.000005
OPCODE	E6AD	4	0.000005
OPCODE	E6AC	4	0.000005
OPCODE	6E42	4	0.000005
OPCODE	E849	4	0.000005
OPCODE	0A44	4	0.000005
OPCODE	4A9C	4	0.000005
OPCODE	BA82	4	0.000005
OPCODE	A8DB	4	0.000005
OPCODE	A8DA	4	0.000005
OPCODE	7609	4	0.000005
OPCODE	2A38	4	0.000005
OPCODE	A011	4	0.000005
OPCODE	66A6	4	0.000005
OPCODE	2945	4	0.000005
OPCODE	A919	4	0.000005
OPCODE	1801	4	0.000005
OPCODE	3E91	4	0.000005
OPCODE	3957	4	0.000005
OPCODE	0069	4	0.000005
OPCODE	21E1	4	0.000005
OPCODE	57C9	4	0.000005
OPCODE	3034	4	0.000005
OPCODE	56E8	4	0.000005
OPCODE	21CD	4	0.000005
OPCODE	6AF6	4	0.000005
OPCODE	A00A	4	0.000005
OPCODE	6DF4	4	0.000005
OPCODE	4457	4	0.000005
OPCODE	8800	4	0.000005
OPCODE	6E76	4	0.000005
OPCODE	6B24	4	0.000005
OPCODE	CAA9	4	0.000005
OPCODE	16C1	4	0.000005
OPCODE	6452	4	0.000005
OPCODE	2061	4	0.000005
OPCODE	D2BC	3	0.000004
OPCODE	5B40	3	0.000004
OPCODE	3622	3	0.000004
OPCODE	A8AD	3	0.000004
OPCODE	5744	3	0.000004
OPCODE	97CA	3	0.000004
OPCODE	E246	3	0.000004
OPCODE	4233	3	0.000004
OPCODE	A910	3	0.000004
OPCODE	1D46	3	0.000004
OPCODE	6F60	3	0.000004
OPCODE	21C2	3	0.000004
OPCODE	30E4	3	0.000004
OPCODE	E4A1	3	0.000004
OPCODE	618A	3	0.000004
OPCODE	E76D	3	0.000004
OPCODE	9662	3	0.000004
OPCODE	67EC	3	0.000004
OPCODE	C017	3	0.000004
OPCODE	6514	3	0.000004
OPCODE	2617	3	0.000004
OPCODE	C2BC	3	0.000004
OPCODE	6FF8	3	0.000004
OPCODE	60A8	3	0.000004
OPCODE	9EC3	3	0.000004
OPCODE	E587	3	0.000004
OPCODE	D96E	3	0.000004
OPCODE	A87F	3	0.000004
OPCODE	D3EE	3	0.000004
OPCODE	6A24	3	0.000004
OPCODE	91EE	3	0.000004
OPCODE	3498	3	0.000004
OPCODE	B287	3	0.000004
OPCODE	E2A0	3	0.000004
OPCODE	AA1D	3	0.000004
OPCODE	2B53	3	0.000004
OPCODE	622E	3	0.000004
OPCODE	D886	3	0.000004
OPCODE	6776	3	0.000004
OPCODE	7034	3	0.000004
OPCODE	20D2	3	0.000004
OPCODE	61D0	3	0.000004
OPCODE	D884	3	0.000004
OPCODE	DA90	3	0.000004
OPCODE	E64C	3	0.000004
OPCODE	41D6	3	0.000004
OPCODE	7046	3	0.000004
OPCODE	0310	3	0.000004
OPCODE	2E89	3	0.000004
OPCODE	A906	3	0.000004
OPCODE	B3EB	3	0.000004
OPCODE	E648	3	0.000004
OPCODE	0382	3	0.000004
OPCODE	D2D8	3	0.000004
OPCODE	EDA8	3	0.000004
OPCODE	3378	3	0.000004
OPCODE	80C4	3	0.000004
OPCODE	D6D0	3	0.000004
OPCODE	B7EA	3	0.000004
OPCODE	2276	3	0.000004
OPCODE	5500	3	0.000004
OPCODE	DEC4	3	0.000004
OPCODE	2015	3	0.000004
OPCODE	227C	3	0.000004
OPCODE	8644	3	0.000004
OPCODE	A9DA	3	0.000004
OPCODE	2476	3	0.000004
OPCODE	9E85	3	0.000004
OPCODE	2E04	3	0.000004
OPCODE	48E8	3	0.000004
OPCODE	7618	3	0.000004
OPCODE	182F	3	0.000004
OPCODE	6138	3	0.000004
OPCODE	08C5	3	0.000004
OPCODE	C8AE	3	0.000004
OPCODE	C894	3	0.000004
OPCODE	B810	3	0.000004
OPCODE	0C93	3	0.000004
OPCODE	316B	3	0.000004
OPCODE	316D	3	0.000004
OPCODE	214E	3	0.000004
OPCODE	2888	3	0.000004
OPCODE	7410	3	0.000004
OPCODE	B9EA	3	0.000004
OPCODE	9862	3	0.000004
OPCODE	7252	3	0.000004
OPCODE	5588	3	0.000004
OPCODE	CEC6	3	0.000004
OPCODE	6D4E	3	0.000004
OPCODE	08D0	3	0.000004
OPCODE	2D74	3	0.000004
OPCODE	740A	3	0.000004
OPCODE	308B	3	0.000004
OPCODE	A071	3	0.000004
OPCODE	1F03	3	0.000004
OPCODE	6EDA	3	0.000004
OPCODE	D0EA	3	0.000004
OPCODE	4879	3	0.000004
OPCODE	1F1A	3	0.000004
OPCODE	2C4C	3	0.000004
OPCODE	306D	3	0.000004
OPCODE	A461	3	0.000004
OPCODE	A81D	3	0.000004
OPCODE	A91B	3	0.000004
OPCODE	49D0	3	0.000004
OPCODE	50C5	3	0.000004
OPCODE	5446	3	0.000004
OPCODE	3045	3	0.000004
OPCODE	908A	3	0.000004
OPCODE	D16A	3	0.000004
OPCODE	A937	3	0.000004
OPCODE	6F4A	3	0.000004
OPCODE	3E01	3	0.000004
OPCODE	508B	3	0.000004
OPCODE	D0D0	3	0.000004
OPCODE	9846	3	0.000004
OPCODE	A915	3	0.000004
OPCODE	1947	3	0.000004
OPCODE	D7D0	3	0.000004
OPCODE	0C86	3	0.000004
OPCODE	6176	3	0.000004
OPCODE	7608	3	0.000004
OPCODE	E3AA	3	0.000004
OPCODE	C6FC	3	0.000004
OPCODE	4CED	3	0.000004
OPCODE	6F3C	3	0.000004
OPCODE	3F13	2	0.000002
OPCODE	66B4	2	0.000002
OPCODE	E408	2	0.000002
OPCODE	5894	2	0.000002
OPCODE	A897	2	0.000002
OPCODE	A956	2	0.000002
OPCODE	A909	2	0.000002
OPCODE	A058	2	0.000002
OPCODE	1B54	2	0.000002
OPCODE	66AE	2	0.000002
OPCODE	215A	2	0.000002
OPCODE	6BD6	2	0.000002
OPCODE	A904	2	0.000002
OPCODE	A95D	2	0.000002
OPCODE	240D	2	0.000002
OPCODE	3F17	2	0.000002
OPCODE	9CFA	2	0.000002
OPCODE	20E9	2	0.000002
OPCODE	A02B	2	0.000002
OPCODE	5351	2	0.000002
OPCODE	6BD8	2	0.000002
OPCODE	A896	2	0.000002
OPCODE	7017	2	0.000002
OPCODE	2148	2	0.000002
OPCODE	425A	2	0.000002
OPCODE	6CEE	2	0.000002
OPCODE	6C1C	2	0.000002
OPCODE	2231	2	0.000002
OPCODE	A051	2	0.000002
OPCODE	1E2C	2	0.000002
OPCODE	A92D	2	0.000002
OPCODE	6ED8	2	0.000002
OPCODE	5447	2	0.000002
OPCODE	6F38	2	0.000002
OPCODE	6D2C	2	0.000002
OPCODE	E847	2	0.000002
OPCODE	1F29	2	0.000002
OPCODE	228A	2	0.000002
OPCODE	1943	2	0.000002
OPCODE	A004	2	0.000002
OPCODE	1941	2	0.000002
OPCODE	1740	2	0.000002
OPCODE	22CD	2	0.000002
OPCODE	6F20	2	0.000002
OPCODE	18AD	2	0.000002
OPCODE	6D32	2	0.000002
OPCODE	65E0	2	0.000002
OPCODE	DFED	2	0.000002
OPCODE	3F21	2	0.000002
OPCODE	6EF4	2	0.000002
OPCODE	E942	2	0.000002
OPCODE	E908	2	0.000002
OPCODE	16BC	2	0.000002
OPCODE	E089	2	0.000002
OPCODE	668A	2	0.000002
OPCODE	E0A1	2	0.000002
OPCODE	E09B	2	0.000002
OPCODE	EC08	2	0.000002
OPCODE	3B7C	2	0.000002
OPCODE	EF09	2	0.000002
OPCODE	2380	2	0.000002
OPCODE	D954	2	0.000002
OPCODE	E28B	2	0.000002
OPCODE	5990	2	0.000002
OPCODE	3D51	2	0.000002
OPCODE	6F62	2	0.000002
OPCODE	20AC	2	0.000002
OPCODE	607A	2	0.000002
OPCODE	A02F	2	0.000002
OPCODE	0094	2	0.000002
OPCODE	219F	2	0.000002
OPCODE	3EBC	2	0.000002
OPCODE	EF4A	2	0.000002
OPCODE	22EF	2	0.000002
OPCODE	22E9	2	0.000002
OPCODE	0081	2	0.000002
OPCODE	EBD7	2	0.000002
OPCODE	5F40	2	0.000002
OPCODE	6EBA	2	0.000002
OPCODE	A059	2	0.000002
OPCODE	6588	2	0.000002
OPCODE	2083	2	0.000002
OPCODE	EB98	2	0.000002
OPCODE	EB5A	2	0.000002
OPCODE	9E84	2	0.000002
OPCODE	6F50	2	0.000002
OPCODE	E7B8	2	0.000002
OPCODE	7628	2	0.000002
OPCODE	0494	2	0.000002
OPCODE	CCA9	2	0.000002
OPCODE	A87D	2	0.000002
OPCODE	B7C4	2	0.000002
OPCODE	9030	2	0.000002
OPCODE	B7DF	2	0.000002
OPCODE	760A	2	0.000002
OPCODE	8D93	2	0.000002
OPCODE	6A1C	2	0.000002
OPCODE	7615	2	0.000002
OPCODE	61B4	2	0.000002
OPCODE	3144	2	0.000002
OPCODE	CE45	2	0.000002
OPCODE	2971	2	0.000002
OPCODE	6430	2	0.000002
OPCODE	C6C2	2	0.000002
OPCODE	767E	2	0.000002
OPCODE	49C0	2	0.000002
OPCODE	C681	2	0.000002
OPCODE	A9F1	2	0.000002
OPCODE	9AAE	2	0.000002
OPCODE	101A	2	0.000002
OPCODE	BA46	2	0.000002
OPCODE	A71E	2	0.000002
OPCODE	A9C3	2	0.000002
OPCODE	6B46	2	0.000002
OPCODE	046C	2	0.000002
OPCODE	276A	2	0.000002
OPCODE	0300	2	0.000002
OPCODE	6B40	2	0.000002
OPCODE	7236	2	0.000002
OPCODE	3292	2	0.000002
OPCODE	D09F	2	0.000002
OPCODE	1403	2	0.000002
OPCODE	A854	2	0.000002
OPCODE	323A	2	0.000002
OPCODE	2A42	2	0.000002
OPCODE	92B8	2	0.000002
OPCODE	A852	2	0.000002
OPCODE	B5F3	2	0.000002
OPCODE	6A56	2	0.000002
OPCODE	3212	2	0.000002
OPCODE	A346	2	0.000002
OPCODE	3208	2	0.000002
OPCODE	B66D	2	0.000002
OPCODE	0482	2	0.000002
OPCODE	51AE	2	0.000002
OPCODE	288A	2	0.000002
OPCODE	6B20	2	0.000002
OPCODE	640E	2	0.000002
OPCODE	7CEA	2	0.000002
OPCODE	C0EE	2	0.000002
OPCODE	7E04	2	0.000002
OPCODE	AA48	2	0.000002
OPCODE	A804	2	0.000002
OPCODE	7E27	2	0.000002
OPCODE	C0AA	2	0.000002
OPCODE	12AA	2	0.000002
OPCODE	4CEA	2	0.000002
OPCODE	802D	2	0.000002
OPCODE	63F0	2	0.000002
OPCODE	BE28	2	0.000002
OPCODE	2F61	2	0.000002
OPCODE	122E	2	0.000002
OPCODE	122F	2	0.000002
OPCODE	4CD2	2	0.000002
OPCODE	80D7	2	0.000002
OPCODE	80BC	2	0.000002
OPCODE	4C41	2	0.000002
OPCODE	2EAB	2	0.000002
OPCODE	AA41	2	0.000002
OPCODE	C05F	2	0.000002
OPCODE	9A80	2	0.000002
OPCODE	2B4A	2	0.000002
OPCODE	4A58	2	0.000002
OPCODE	C4EE	2	0.000002
OPCODE	780D	2	0.000002
OPCODE	2A61	2	0.000002
OPCODE	82F8	2	0.000002
OPCODE	93C0	2	0.000002
OPCODE	82AE	2	0.000002
OPCODE	C441	2	0.000002
OPCODE	2A90	2	0.000002
OPCODE	C3FC	2	0.000002
OPCODE	6B36	2	0.000002
OPCODE	7440	2	0.000002
OPCODE	8283	2	0.000002
OPCODE	C293	2	0.000002
OPCODE	0CAB	2	0.000002
OPCODE	12DB	2	0.000002
OPCODE	7C0D	2	0.000002
OPCODE	2C4F	2	0.000002
OPCODE	C1AC	2	0.000002
OPCODE	C193	2	0.000002
OPCODE	BCA8	2	0.000002
OPCODE	C192	2	0.000002
OPCODE	BCAC	2	0.000002
OPCODE	B2AF	2	0.000002
OPCODE	B241	2	0.000002
OPCODE	528A	2	0.000002
OPCODE	10D1	2	0.000002
OPCODE	10C2	2	0.000002
OPCODE	2609	2	0.000002
OPCODE	6226	2	0.000002
OPCODE	260A	2	0.000002
OPCODE	91CE	2	0.000002
OPCODE	D3C3	2	0.000002
OPCODE	B298	2	0.000002
OPCODE	9243	2	0.000002
OPCODE	B07A	2	0.000002
OPCODE	7094	2	0.000002
OPCODE	03C2	2	0.000002
OPCODE	5283	2	0.000002
OPCODE	D2C3	2	0.000002
OPCODE	0454	2	0.000002
OPCODE	03C0	2	0.000002
OPCODE	B3E8	2	0.000002
OPCODE	0900	2	0.000002
OPCODE	B0BA	2	0.000002
OPCODE	701B	2	0.000002
OPCODE	B0A0	2	0.000002
OPCODE	701D	2	0.000002
OPCODE	248B	2	0.000002
OPCODE	248C	2	0.000002
OPCODE	6A1A	2	0.000002
OPCODE	B0B0	2	0.000002
OPCODE	7026	2	0.000002
OPCODE	10E9	2	0.000002
OPCODE	A079	2	0.000002
OPCODE	90AA	2	0.000002
OPCODE	B141	2	0.000002
OPCODE	3680	2	0.000002
OPCODE	24D5	2	0.000002
OPCODE	116E	2	0.000002
OPCODE	B1DF	2	0.000002
OPCODE	B1ED	2	0.000002
OPCODE	B1EF	2	0.000002
OPCODE	254C	2	0.000002
OPCODE	D4B8	2	0.000002
OPCODE	B46D	2	0.000002
OPCODE	5257	2	0.000002
OPCODE	2687	2	0.000002
OPCODE	D25F	2	0.000002
OPCODE	2672	2	0.000002
OPCODE	D1D0	2	0.000002
OPCODE	D183	2	0.000002
OPCODE	274A	2	0.000002
OPCODE	70F7	2	0.000002
OPCODE	D283	2	0.000002
OPCODE	2752	2	0.000002
OPCODE	2657	2	0.000002
OPCODE	0704	1	0.000001
OPCODE	3C05	1	0.000001
OPCODE	382D	1	0.000001
OPCODE	0028	1	0.000001
OPCODE	2072	1	0.000001
OPCODE	5C89	1	0.000001
OPCODE	1213	1	0.000001
OPCODE	EFEB	1	0.000001
OPCODE	90C0	1	0.000001
OPCODE	1A2C	1	0.000001
OPCODE	195F	1	0.000001
OPCODE	908B	1	0.000001
OPCODE	1143	1	0.000001
OPCODE	4A89	1	0.000001
OPCODE	6686	1	0.000001
OPCODE	3015	1	0.000001
OPCODE	93C1	1	0.000001
OPCODE	8282	1	0.000001
OPCODE	D730	1	0.000001
OPCODE	AA92	1	0.000001
OPCODE	631A	1	0.000001
OPCODE	5BC0	1	0.000001
OPCODE	9A7C	1	0.000001
OPCODE	0646	1	0.000001
OPCODE	AA93	1	0.000001
OPCODE	6D7C	1	0.000001
OPCODE	5BC2	1	0.000001
OPCODE	3C2A	1	0.000001
OPCODE	1B43	1	0.000001
OPCODE	AA95	1	0.000001
OPCODE	5BC6	1	0.000001
OPCODE	AA46	1	0.000001
OPCODE	5D88	1	0.000001
OPCODE	2F24	1	0.000001
OPCODE	1971	1	0.000001
OPCODE	4212	1	0.000001
OPCODE	6276	1	0.000001
OPCODE	36AA	1	0.000001
OPCODE	A85E	1	0.000001
OPCODE	066D	1	0.000001
OPCODE	20AB	1	0.000001
OPCODE	61E6	1	0.000001
OPCODE	10BC	1	0.000001
OPCODE	AA45	1	0.000001
OPCODE	966D	1	0.000001
OPCODE	0685	1	0.000001
OPCODE	3284	1	0.000001
OPCODE	620E	1	0.000001
OPCODE	B102	1	0.000001
OPCODE	6322	1	0.000001
OPCODE	6C3A	1	0.000001
OPCODE	986D	1	0.000001
OPCODE	BE85	1	0.000001
OPCODE	382B	1	0.000001
OPCODE	6C42	1	0.000001
OPCODE	908C	1	0.000001
OPCODE	5E80	1	0.000001
OPCODE	81C1	1	0.000001
OPCODE	BE50	1	0.000001
OPCODE	616A	1	0.000001
OPCODE	8229	1	0.000001
OPCODE	3741	1	0.000001
OPCODE	1C1B	1	0.000001
OPCODE	96FC	1	0.000001
OPCODE	3168	1	0.000001
OPCODE	315A	1	0.000001
OPCODE	3154	1	0.000001
OPCODE	B868	1	0.000001
OPCODE	8C85	1	0.000001
OPCODE	91A8	1	0.000001
OPCODE	B2B1	1	0.000001
OPCODE	B7F1	1	0.000001
OPCODE	EE98	1	0.000001
OPCODE	0293	1	0.000001
OPCODE	6CF8	1	0.000001
OPCODE	6A72	1	0.000001
OPCODE	8A40	1	0.000001
OPCODE	49C2	1	0.000001
OPCODE	ABC0	1	0.000001
OPCODE	E98E	1	0.000001
OPCODE	9FC0	1	0.000001
OPCODE	31EB	1	0.000001
OPCODE	5C47	1	0.000001
OPCODE	A84A	1	0.000001
OPCODE	B3F0	1	0.000001
OPCODE	1F2C	1	0.000001
OPCODE	1034	1	0.000001
OPCODE	1C28	1	0.000001
OPCODE	89A8	1	0.000001
OPCODE	9154	1	0.000001
OPCODE	8EC5	1	0.000001
OPCODE	31C1	1	0.000001
OPCODE	3D6C	1	0.000001
OPCODE	B7E9	1	0.000001
OPCODE	9190	1	0.000001
OPCODE	44FB	1	0.000001
OPCODE	EC88	1	0.000001
OPCODE	02AC	1	0.000001
OPCODE	6928	1	0.000001
OPCODE	BAA8	1	0.000001
OPCODE	83FC	1	0.000001
OPCODE	A86F	1	0.000001
OPCODE	3068	1	0.000001
OPCODE	B429	1	0.000001
OPCODE	AA98	1	0.000001
OPCODE	4A57	1	0.000001
OPCODE	2064	1	0.000001
OPCODE	6926	1	0.000001
OPCODE	1085	1	0.000001
OPCODE	356A	1	0.000001
OPCODE	4602	1	0.000001
OPCODE	3614	1	0.000001
OPCODE	3024	1	0.000001
OPCODE	986B	1	0.000001
OPCODE	6090	1	0.000001
OPCODE	BA6C	1	0.000001
OPCODE	34C5	1	0.000001
OPCODE	4A55	1	0.000001
OPCODE	34AE	1	0.000001
OPCODE	34A8	1	0.000001
OPCODE	E9D7	1	0.000001
OPCODE	4697	1	0.000001
OPCODE	309A	1	0.000001
OPCODE	9A6A	1	0.000001
OPCODE	309F	1	0.000001
OPCODE	B8AE	1	0.000001
OPCODE	203B	1	0.000001
OPCODE	9A69	1	0.000001
OPCODE	46AF	1	0.000001
OPCODE	5269	1	0.000001
OPCODE	2778	1	0.000001
OPCODE	DC8B	1	0.000001
OPCODE	721C	1	0.000001
OPCODE	006E	1	0.000001
OPCODE	A92A	1	0.000001
OPCODE	D154	1	0.000001
OPCODE	5202	1	0.000001
OPCODE	60D0	1	0.000001
OPCODE	9C6A	1	0.000001
OPCODE	A1A4	1	0.000001
OPCODE	26AE	1	0.000001
OPCODE	D1FC	1	0.000001
OPCODE	723A	1	0.000001
OPCODE	526A	1	0.000001
OPCODE	0086	1	0.000001
OPCODE	0090	1	0.000001
OPCODE	526F	1	0.000001
OPCODE	DABC	1	0.000001
OPCODE	D294	1	0.000001
OPCODE	70DC	1	0.000001
OPCODE	617E	1	0.000001
OPCODE	70C0	1	0.000001
OPCODE	70A1	1	0.000001
OPCODE	A991	1	0.000001
OPCODE	64EC	1	0.000001
OPCODE	6498	1	0.000001
OPCODE	A9CD	1	0.000001
OPCODE	2264	1	0.000001
OPCODE	A9C8	1	0.000001
OPCODE	554C	1	0.000001
OPCODE	D069	1	0.000001
OPCODE	51C5	1	0.000001
OPCODE	64E8	1	0.000001
OPCODE	2872	1	0.000001
OPCODE	0C91	1	0.000001
OPCODE	3A1C	1	0.000001
OPCODE	7085	1	0.000001
OPCODE	DEBC	1	0.000001
OPCODE	64F2	1	0.000001
OPCODE	9E40	1	0.000001
OPCODE	5494	1	0.000001
OPCODE	548C	1	0.000001
OPCODE	41D3	1	0.000001
OPCODE	6F28	1	0.000001
OPCODE	162A	1	0.000001
OPCODE	72FC	1	0.000001
OPCODE	1413	1	0.000001
OPCODE	7245	1	0.000001
OPCODE	A97D	1	0.000001
OPCODE	240B	1	0.000001
OPCODE	5299	1	0.000001
OPCODE	7038	1	0.000001
OPCODE	7035	1	0.000001
OPCODE	A080	1	0.000001
OPCODE	24EB	1	0.000001
OPCODE	A958	1	0.000001
OPCODE	24E8	1	0.000001
OPCODE	2414	1	0.000001
OPCODE	A95F	1	0.000001
OPCODE	24C7	1	0.000001
OPCODE	A05F	1	0.000001
OPCODE	7042	1	0.000001
OPCODE	24A9	1	0.000001
OPCODE	7029	1	0.000001
OPCODE	7027	1	0.000001
OPCODE	2493	1	0.000001
OPCODE	A97C	1	0.000001
OPCODE	D668	1	0.000001
OPCODE	A969	1	0.000001
OPCODE	A96E	1	0.000001
OPCODE	D691	1	0.000001
OPCODE	14BC	1	0.000001
OPCODE	701C	1	0.000001
OPCODE	A954	1	0.000001
OPCODE	5391	1	0.000001
OPCODE	7068	1	0.000001
OPCODE	D3AA	1	0.000001
OPCODE	D9C8	1	0.000001
OPCODE	D9C7	1	0.000001
OPCODE	9C83	1	0.000001
OPCODE	234B	1	0.000001
OPCODE	A05E	1	0.000001
OPCODE	A98B	1	0.000001
OPCODE	705C	1	0.000001
OPCODE	01F1	1	0.000001
OPCODE	D046	1	0.000001
OPCODE	2610	1	0.000001
OPCODE	D3F1	1	0.000001
OPCODE	D96A	1	0.000001
OPCODE	705B	1	0.000001
OPCODE	D938	1	0.000001
OPCODE	3E08	1	0.000001
OPCODE	A983	1	0.000001
OPCODE	A982	1	0.000001
OPCODE	255F	1	0.000001
OPCODE	0110	1	0.000001
OPCODE	A981	1	0.000001
OPCODE	AA1E	1	0.000001
OPCODE	7C20	1	0.000001
OPCODE	E38D	1	0.000001
OPCODE	1147	1	0.000001
OPCODE	A801	1	0.000001
OPCODE	E36A	1	0.000001
OPCODE	2152	1	0.000001
OPCODE	A746	1	0.000001
OPCODE	07B2	1	0.000001
OPCODE	42B0	1	0.000001
OPCODE	C26E	1	0.000001
OPCODE	C27C	1	0.000001
OPCODE	3F08	1	0.000001
OPCODE	C12C	1	0.000001
OPCODE	07F2	1	0.000001
OPCODE	2B6E	1	0.000001
OPCODE	C290	1	0.000001
OPCODE	216D	1	0.000001
OPCODE	9EA8	1	0.000001
OPCODE	7A07	1	0.000001
OPCODE	E28C	1	0.000001
OPCODE	C2DF	1	0.000001
OPCODE	C3EE	1	0.000001
OPCODE	A880	1	0.000001
OPCODE	C444	1	0.000001
OPCODE	AA2E	1	0.000001
OPCODE	2E82	1	0.000001
OPCODE	C069	1	0.000001
OPCODE	2E81	1	0.000001
OPCODE	5949	1	0.000001
OPCODE	0047	1	0.000001
OPCODE	5948	1	0.000001
OPCODE	A807	1	0.000001
OPCODE	20E4	1	0.000001
OPCODE	6374	1	0.000001
OPCODE	3B43	1	0.000001
OPCODE	A020	1	0.000001
OPCODE	A033	1	0.000001
OPCODE	2101	1	0.000001
OPCODE	211F	1	0.000001
OPCODE	2E0C	1	0.000001
OPCODE	3B40	1	0.000001
OPCODE	C09F	1	0.000001
OPCODE	42B1	1	0.000001
OPCODE	C0C2	1	0.000001
OPCODE	A805	1	0.000001
OPCODE	7E07	1	0.000001
OPCODE	7CEF	1	0.000001
OPCODE	7CEE	1	0.000001
OPCODE	E0A5	1	0.000001
OPCODE	2964	1	0.000001
OPCODE	6178	1	0.000001
OPCODE	E14B	1	0.000001
OPCODE	A916	1	0.000001
OPCODE	2957	1	0.000001
OPCODE	CA2B	1	0.000001
OPCODE	56D8	1	0.000001
OPCODE	CA86	1	0.000001
OPCODE	5680	1	0.000001
OPCODE	CC42	1	0.000001
OPCODE	CC53	1	0.000001
OPCODE	E14F	1	0.000001
OPCODE	CC6B	1	0.000001
OPCODE	A43C	1	0.000001
OPCODE	CC83	1	0.000001
OPCODE	6454	1	0.000001
OPCODE	A41C	1	0.000001
OPCODE	55C3	1	0.000001
OPCODE	A9D2	1	0.000001
OPCODE	CE46	1	0.000001
OPCODE	CEAC	1	0.000001
OPCODE	A9CE	1	0.000001
OPCODE	0213	1	0.000001
OPCODE	21D7	1	0.000001
OPCODE	E26C	1	0.000001
OPCODE	AA0E	1	0.000001
OPCODE	AA0D	1	0.000001
OPCODE	AA08	1	0.000001
OPCODE	08C1	1	0.000001
OPCODE	A03B	1	0.000001
OPCODE	AA07	1	0.000001
OPCODE	4294	1	0.000001
OPCODE	AA00	1	0.000001
OPCODE	21CF	1	0.000001
OPCODE	21D3	1	0.000001
OPCODE	A87E	1	0.000001
OPCODE	0068	1	0.000001
OPCODE	76F7	1	0.000001
OPCODE	2A14	1	0.000001
OPCODE	642C	1	0.000001
OPCODE	946D	1	0.000001
OPCODE	E18A	1	0.000001
OPCODE	A913	1	0.000001
OPCODE	E182	1	0.000001
OPCODE	56EF	1	0.000001
OPCODE	A914	1	0.000001
OPCODE	A51E	1	0.000001
