META format=speedometer-observer-v1 clock_unit=33MHz_rising_edges limit=512 resource_sha256=af67113bceb4eb906e973a9b747a0b1925b9d64c62f0f9a84bc6f0578839ca80
IR_MISMATCH cycle=2295 pc=4ae8 ir=60b4 fetched=584a state=3 before_state=190 pipe_admit=0 pipe_rf_owner=0 pipe_pc=4b30
IR_MISMATCH cycle=3345 pc=4ae8 ir=60b4 fetched=584a state=3 before_state=190 pipe_admit=0 pipe_rf_owner=0 pipe_pc=4b30
IR_MISMATCH cycle=6499 pc=40804ae8 ir=60b4 fetched=584a state=3 before_state=190 pipe_admit=0 pipe_rf_owner=0 pipe_pc=40804b30
IR_MISMATCH cycle=7549 pc=40804ae8 ir=60b4 fetched=584a state=3 before_state=190 pipe_admit=0 pipe_rf_owner=0 pipe_pc=40804b30
IR_MISMATCH cycle=10507 pc=40804ade ir=6706 fetched=45f9 state=3 before_state=190 pipe_admit=0 pipe_rf_owner=0 pipe_pc=40804ad4
IR_MISMATCH cycle=11875 pc=40804ae8 ir=60b4 fetched=584a state=3 before_state=190 pipe_admit=0 pipe_rf_owner=0 pipe_pc=40804b30
IR_MISMATCH cycle=12925 pc=40804ae8 ir=60b4 fetched=584a state=3 before_state=190 pipe_admit=0 pipe_rf_owner=0 pipe_pc=40804b30
IR_MISMATCH cycle=14025 pc=40804a78 ir=6704 fetched=8c7 state=3 before_state=190 pipe_admit=0 pipe_rf_owner=0 pipe_pc=40804a70
IR_MISMATCH cycle=14612 pc=40804ade ir=6706 fetched=45f9 state=3 before_state=190 pipe_admit=0 pipe_rf_owner=0 pipe_pc=40804ad4
IR_MISMATCH cycle=15991 pc=40804ae8 ir=60b4 fetched=584a state=3 before_state=190 pipe_admit=0 pipe_rf_owner=0 pipe_pc=40804b30
IR_MISMATCH cycle=17041 pc=40804ae8 ir=60b4 fetched=584a state=3 before_state=190 pipe_admit=0 pipe_rf_owner=0 pipe_pc=40804b30
IR_MISMATCH cycle=18141 pc=40804a78 ir=6704 fetched=8c7 state=3 before_state=190 pipe_admit=0 pipe_rf_owner=0 pipe_pc=40804a70
IR_MISMATCH cycle=72038 pc=40804ae8 ir=60b4 fetched=584a state=3 before_state=190 pipe_admit=0 pipe_rf_owner=0 pipe_pc=40804b30
IR_MISMATCH cycle=73368 pc=40804ade ir=6706 fetched=45f9 state=3 before_state=190 pipe_admit=0 pipe_rf_owner=0 pipe_pc=40804ad4
IR_MISMATCH cycle=74516 pc=40804ae8 ir=60b4 fetched=584a state=3 before_state=190 pipe_admit=0 pipe_rf_owner=0 pipe_pc=40804b30
IR_MISMATCH cycle=75356 pc=40804ae8 ir=60b4 fetched=584a state=3 before_state=190 pipe_admit=0 pipe_rf_owner=0 pipe_pc=40804b30
IR_MISMATCH cycle=76305 pc=40804abe ir=6604 fetched=60ff state=3 before_state=190 pipe_admit=0 pipe_rf_owner=0 pipe_pc=40804ab6
ADAPTER cycle=95534 request_samples=81620 ack_samples=7283 instruction_acks=3372 data_acks=3911 error_acks=0 fetched_bytes=13134 dispatches=10000 known_dispatches=7880 ir_mismatch=17 signature_failures=0 secondary_skipped=6 primary_mismatch_skipped=17 diagnostic_dropped=0 starts=0 stops=0 callbacks=0 returns=0 aborts=0 unmatched=0 prefix_aborts=0 prefix0=0 prefix1=0 prefix2=0 prefix3=0 prefix4=0 prefix5=0 invalidation0=3 invalidation1=2 invalidation2=1 invalidation3=0 invalidation4=0 invalidation5=0
INVALIDATIONS cycle=95534 reason=0 phase0=3 phase1=0 phase2=0 phase3=0 phase4=0 phase5=0
INVALIDATIONS cycle=95534 reason=1 phase0=2 phase1=0 phase2=0 phase3=0 phase4=0 phase5=0
INVALIDATIONS cycle=95534 reason=2 phase0=1 phase1=0 phase2=0 phase3=0 phase4=0 phase5=0
INVALIDATIONS cycle=95534 reason=3 phase0=0 phase1=0 phase2=0 phase3=0 phase4=0 phase5=0
INVALIDATIONS cycle=95534 reason=4 phase0=0 phase1=0 phase2=0 phase3=0 phase4=0 phase5=0
INVALIDATIONS cycle=95534 reason=5 phase0=0 phase1=0 phase2=0 phase3=0 phase4=0 phase5=0
ADAPTER cycle=3725534 request_samples=2391620 ack_samples=337283 instruction_acks=3372 data_acks=333911 error_acks=0 fetched_bytes=13134 dispatches=1000000 known_dispatches=667880 ir_mismatch=17 signature_failures=0 secondary_skipped=6 primary_mismatch_skipped=17 diagnostic_dropped=0 starts=0 stops=0 callbacks=0 returns=0 aborts=0 unmatched=0 prefix_aborts=0 prefix0=0 prefix1=0 prefix2=0 prefix3=0 prefix4=0 prefix5=0 invalidation0=3 invalidation1=2 invalidation2=1 invalidation3=0 invalidation4=0 invalidation5=0
INVALIDATIONS cycle=3725534 reason=0 phase0=3 phase1=0 phase2=0 phase3=0 phase4=0 phase5=0
INVALIDATIONS cycle=3725534 reason=1 phase0=2 phase1=0 phase2=0 phase3=0 phase4=0 phase5=0
INVALIDATIONS cycle=3725534 reason=2 phase0=1 phase1=0 phase2=0 phase3=0 phase4=0 phase5=0
INVALIDATIONS cycle=3725534 reason=3 phase0=0 phase1=0 phase2=0 phase3=0 phase4=0 phase5=0
INVALIDATIONS cycle=3725534 reason=4 phase0=0 phase1=0 phase2=0 phase3=0 phase4=0 phase5=0
INVALIDATIONS cycle=3725534 reason=5 phase0=0 phase1=0 phase2=0 phase3=0 phase4=0 phase5=0
IR_MISMATCH cycle=5844454 pc=40804ade ir=6706 fetched=45f9 state=3 before_state=190 pipe_admit=0 pipe_rf_owner=0 pipe_pc=40804ad4
IR_MISMATCH cycle=5845610 pc=40804ae8 ir=60b4 fetched=584a state=3 before_state=190 pipe_admit=0 pipe_rf_owner=0 pipe_pc=40804b30
IR_MISMATCH cycle=5846450 pc=40804ae8 ir=60b4 fetched=584a state=3 before_state=190 pipe_admit=0 pipe_rf_owner=0 pipe_pc=40804b30
ADAPTER cycle=12749758 request_samples=9801159 ack_samples=801849 instruction_acks=61711 data_acks=740138 error_acks=0 fetched_bytes=214756 dispatches=2000000 known_dispatches=1268866 ir_mismatch=21 signature_failures=0 secondary_skipped=7 primary_mismatch_skipped=21 diagnostic_dropped=0 starts=0 stops=0 callbacks=0 returns=0 aborts=0 unmatched=0 prefix_aborts=0 prefix0=0 prefix1=0 prefix2=0 prefix3=0 prefix4=0 prefix5=0 invalidation0=3 invalidation1=2 invalidation2=1 invalidation3=0 invalidation4=0 invalidation5=0
INVALIDATIONS cycle=12749758 reason=0 phase0=3 phase1=0 phase2=0 phase3=0 phase4=0 phase5=0
INVALIDATIONS cycle=12749758 reason=1 phase0=2 phase1=0 phase2=0 phase3=0 phase4=0 phase5=0
INVALIDATIONS cycle=12749758 reason=2 phase0=1 phase1=0 phase2=0 phase3=0 phase4=0 phase5=0
INVALIDATIONS cycle=12749758 reason=3 phase0=0 phase1=0 phase2=0 phase3=0 phase4=0 phase5=0
INVALIDATIONS cycle=12749758 reason=4 phase0=0 phase1=0 phase2=0 phase3=0 phase4=0 phase5=0
INVALIDATIONS cycle=12749758 reason=5 phase0=0 phase1=0 phase2=0 phase3=0 phase4=0 phase5=0
ADAPTER cycle=26362450 request_samples=21426802 ack_samples=1474139 instruction_acks=311774 data_acks=1162365 error_acks=0 fetched_bytes=1027222 dispatches=3000000 known_dispatches=1809674 ir_mismatch=119 signature_failures=0 secondary_skipped=32 primary_mismatch_skipped=119 diagnostic_dropped=0 starts=0 stops=0 callbacks=0 returns=0 aborts=0 unmatched=0 prefix_aborts=0 prefix0=0 prefix1=0 prefix2=0 prefix3=0 prefix4=0 prefix5=0 invalidation0=3 invalidation1=2 invalidation2=1 invalidation3=0 invalidation4=0 invalidation5=0
INVALIDATIONS cycle=26362450 reason=0 phase0=3 phase1=0 phase2=0 phase3=0 phase4=0 phase5=0
INVALIDATIONS cycle=26362450 reason=1 phase0=2 phase1=0 phase2=0 phase3=0 phase4=0 phase5=0
INVALIDATIONS cycle=26362450 reason=2 phase0=1 phase1=0 phase2=0 phase3=0 phase4=0 phase5=0
INVALIDATIONS cycle=26362450 reason=3 phase0=0 phase1=0 phase2=0 phase3=0 phase4=0 phase5=0
INVALIDATIONS cycle=26362450 reason=4 phase0=0 phase1=0 phase2=0 phase3=0 phase4=0 phase5=0
INVALIDATIONS cycle=26362450 reason=5 phase0=0 phase1=0 phase2=0 phase3=0 phase4=0 phase5=0
ADAPTER cycle=29067829 request_samples=22130328 ack_samples=2012299 instruction_acks=845004 data_acks=1167295 error_acks=0 fetched_bytes=2628630 dispatches=4000000 known_dispatches=2534130 ir_mismatch=126 signature_failures=0 secondary_skipped=32 primary_mismatch_skipped=126 diagnostic_dropped=0 starts=0 stops=0 callbacks=0 returns=0 aborts=0 unmatched=0 prefix_aborts=0 prefix0=0 prefix1=0 prefix2=0 prefix3=0 prefix4=0 prefix5=0 invalidation0=3 invalidation1=2 invalidation2=1 invalidation3=0 invalidation4=0 invalidation5=0
INVALIDATIONS cycle=29067829 reason=0 phase0=3 phase1=0 phase2=0 phase3=0 phase4=0 phase5=0
INVALIDATIONS cycle=29067829 reason=1 phase0=2 phase1=0 phase2=0 phase3=0 phase4=0 phase5=0
INVALIDATIONS cycle=29067829 reason=2 phase0=1 phase1=0 phase2=0 phase3=0 phase4=0 phase5=0
INVALIDATIONS cycle=29067829 reason=3 phase0=0 phase1=0 phase2=0 phase3=0 phase4=0 phase5=0
INVALIDATIONS cycle=29067829 reason=4 phase0=0 phase1=0 phase2=0 phase3=0 phase4=0 phase5=0
INVALIDATIONS cycle=29067829 reason=5 phase0=0 phase1=0 phase2=0 phase3=0 phase4=0 phase5=0
ADAPTER cycle=31078443 request_samples=22139786 ack_samples=2014150 instruction_acks=846118 data_acks=1168032 error_acks=0 fetched_bytes=2632014 dispatches=5000000 known_dispatches=3533934 ir_mismatch=126 signature_failures=0 secondary_skipped=32 primary_mismatch_skipped=126 diagnostic_dropped=0 starts=0 stops=0 callbacks=0 returns=0 aborts=0 unmatched=0 prefix_aborts=0 prefix0=0 prefix1=0 prefix2=0 prefix3=0 prefix4=0 prefix5=0 invalidation0=3 invalidation1=2 invalidation2=1 invalidation3=0 invalidation4=0 invalidation5=0
INVALIDATIONS cycle=31078443 reason=0 phase0=3 phase1=0 phase2=0 phase3=0 phase4=0 phase5=0
INVALIDATIONS cycle=31078443 reason=1 phase0=2 phase1=0 phase2=0 phase3=0 phase4=0 phase5=0
INVALIDATIONS cycle=31078443 reason=2 phase0=1 phase1=0 phase2=0 phase3=0 phase4=0 phase5=0
INVALIDATIONS cycle=31078443 reason=3 phase0=0 phase1=0 phase2=0 phase3=0 phase4=0 phase5=0
INVALIDATIONS cycle=31078443 reason=4 phase0=0 phase1=0 phase2=0 phase3=0 phase4=0 phase5=0
INVALIDATIONS cycle=31078443 reason=5 phase0=0 phase1=0 phase2=0 phase3=0 phase4=0 phase5=0
ADAPTER cycle=36107663 request_samples=25193886 ack_samples=2291728 instruction_acks=1001266 data_acks=1290462 error_acks=0 fetched_bytes=3209980 dispatches=6000000 known_dispatches=4512093 ir_mismatch=6065 signature_failures=0 secondary_skipped=71 primary_mismatch_skipped=6065 diagnostic_dropped=0 starts=0 stops=0 callbacks=0 returns=0 aborts=0 unmatched=0 prefix_aborts=0 prefix0=0 prefix1=0 prefix2=0 prefix3=0 prefix4=0 prefix5=0 invalidation0=3 invalidation1=3 invalidation2=1 invalidation3=0 invalidation4=0 invalidation5=0
INVALIDATIONS cycle=36107663 reason=0 phase0=3 phase1=0 phase2=0 phase3=0 phase4=0 phase5=0
INVALIDATIONS cycle=36107663 reason=1 phase0=3 phase1=0 phase2=0 phase3=0 phase4=0 phase5=0
INVALIDATIONS cycle=36107663 reason=2 phase0=1 phase1=0 phase2=0 phase3=0 phase4=0 phase5=0
INVALIDATIONS cycle=36107663 reason=3 phase0=0 phase1=0 phase2=0 phase3=0 phase4=0 phase5=0
INVALIDATIONS cycle=36107663 reason=4 phase0=0 phase1=0 phase2=0 phase3=0 phase4=0 phase5=0
INVALIDATIONS cycle=36107663 reason=5 phase0=0 phase1=0 phase2=0 phase3=0 phase4=0 phase5=0
ADAPTER cycle=44819588 request_samples=32225035 ack_samples=3591462 instruction_acks=1778844 data_acks=1812618 error_acks=0 fetched_bytes=6121528 dispatches=7000000 known_dispatches=5393414 ir_mismatch=36853 signature_failures=0 secondary_skipped=87 primary_mismatch_skipped=36853 diagnostic_dropped=0 starts=0 stops=0 callbacks=0 returns=0 aborts=0 unmatched=0 prefix_aborts=0 prefix0=0 prefix1=0 prefix2=0 prefix3=0 prefix4=0 prefix5=0 invalidation0=1104 invalidation1=591 invalidation2=1 invalidation3=0 invalidation4=0 invalidation5=0
INVALIDATIONS cycle=44819588 reason=0 phase0=1104 phase1=0 phase2=0 phase3=0 phase4=0 phase5=0
INVALIDATIONS cycle=44819588 reason=1 phase0=591 phase1=0 phase2=0 phase3=0 phase4=0 phase5=0
INVALIDATIONS cycle=44819588 reason=2 phase0=1 phase1=0 phase2=0 phase3=0 phase4=0 phase5=0
INVALIDATIONS cycle=44819588 reason=3 phase0=0 phase1=0 phase2=0 phase3=0 phase4=0 phase5=0
INVALIDATIONS cycle=44819588 reason=4 phase0=0 phase1=0 phase2=0 phase3=0 phase4=0 phase5=0
INVALIDATIONS cycle=44819588 reason=5 phase0=0 phase1=0 phase2=0 phase3=0 phase4=0 phase5=0
ADAPTER cycle=51931395 request_samples=36717440 ack_samples=4846603 instruction_acks=2322060 data_acks=2524543 error_acks=0 fetched_bytes=7951036 dispatches=8000000 known_dispatches=5850957 ir_mismatch=39403 signature_failures=0 secondary_skipped=87 primary_mismatch_skipped=39403 diagnostic_dropped=0 starts=0 stops=0 callbacks=0 returns=0 aborts=0 unmatched=0 prefix_aborts=0 prefix0=0 prefix1=0 prefix2=0 prefix3=0 prefix4=0 prefix5=0 invalidation0=48874 invalidation1=10192 invalidation2=1 invalidation3=0 invalidation4=0 invalidation5=0
INVALIDATIONS cycle=51931395 reason=0 phase0=48874 phase1=0 phase2=0 phase3=0 phase4=0 phase5=0
INVALIDATIONS cycle=51931395 reason=1 phase0=10192 phase1=0 phase2=0 phase3=0 phase4=0 phase5=0
INVALIDATIONS cycle=51931395 reason=2 phase0=1 phase1=0 phase2=0 phase3=0 phase4=0 phase5=0
INVALIDATIONS cycle=51931395 reason=3 phase0=0 phase1=0 phase2=0 phase3=0 phase4=0 phase5=0
INVALIDATIONS cycle=51931395 reason=4 phase0=0 phase1=0 phase2=0 phase3=0 phase4=0 phase5=0
INVALIDATIONS cycle=51931395 reason=5 phase0=0 phase1=0 phase2=0 phase3=0 phase4=0 phase5=0
ADAPTER cycle=57845982 request_samples=40184514 ack_samples=6104417 instruction_acks=2899210 data_acks=3205207 error_acks=0 fetched_bytes=9899414 dispatches=9000000 known_dispatches=6361766 ir_mismatch=52334 signature_failures=0 secondary_skipped=87 primary_mismatch_skipped=52334 diagnostic_dropped=0 starts=0 stops=0 callbacks=0 returns=0 aborts=0 unmatched=0 prefix_aborts=0 prefix0=0 prefix1=0 prefix2=0 prefix3=0 prefix4=0 prefix5=0 invalidation0=80124 invalidation1=16456 invalidation2=1 invalidation3=0 invalidation4=0 invalidation5=0
INVALIDATIONS cycle=57845982 reason=0 phase0=80124 phase1=0 phase2=0 phase3=0 phase4=0 phase5=0
INVALIDATIONS cycle=57845982 reason=1 phase0=16456 phase1=0 phase2=0 phase3=0 phase4=0 phase5=0
INVALIDATIONS cycle=57845982 reason=2 phase0=1 phase1=0 phase2=0 phase3=0 phase4=0 phase5=0
INVALIDATIONS cycle=57845982 reason=3 phase0=0 phase1=0 phase2=0 phase3=0 phase4=0 phase5=0
INVALIDATIONS cycle=57845982 reason=4 phase0=0 phase1=0 phase2=0 phase3=0 phase4=0 phase5=0
INVALIDATIONS cycle=57845982 reason=5 phase0=0 phase1=0 phase2=0 phase3=0 phase4=0 phase5=0
ADAPTER cycle=61938601 request_samples=42117069 ack_samples=7273928 instruction_acks=3462104 data_acks=3811824 error_acks=0 fetched_bytes=11831916 dispatches=10000000 known_dispatches=6939019 ir_mismatch=74779 signature_failures=0 secondary_skipped=90 primary_mismatch_skipped=74779 diagnostic_dropped=0 starts=0 stops=0 callbacks=0 returns=0 aborts=0 unmatched=0 prefix_aborts=0 prefix0=0 prefix1=0 prefix2=0 prefix3=0 prefix4=0 prefix5=0 invalidation0=80374 invalidation1=16634 invalidation2=1 invalidation3=0 invalidation4=0 invalidation5=0
INVALIDATIONS cycle=61938601 reason=0 phase0=80374 phase1=0 phase2=0 phase3=0 phase4=0 phase5=0
INVALIDATIONS cycle=61938601 reason=1 phase0=16634 phase1=0 phase2=0 phase3=0 phase4=0 phase5=0
INVALIDATIONS cycle=61938601 reason=2 phase0=1 phase1=0 phase2=0 phase3=0 phase4=0 phase5=0
INVALIDATIONS cycle=61938601 reason=3 phase0=0 phase1=0 phase2=0 phase3=0 phase4=0 phase5=0
INVALIDATIONS cycle=61938601 reason=4 phase0=0 phase1=0 phase2=0 phase3=0 phase4=0 phase5=0
INVALIDATIONS cycle=61938601 reason=5 phase0=0 phase1=0 phase2=0 phase3=0 phase4=0 phase5=0
ADAPTER cycle=64094290 request_samples=42213833 ack_samples=7317093 instruction_acks=3502267 data_acks=3814826 error_acks=0 fetched_bytes=11953184 dispatches=11000000 known_dispatches=7936398 ir_mismatch=74798 signature_failures=0 secondary_skipped=90 primary_mismatch_skipped=74798 diagnostic_dropped=0 starts=0 stops=0 callbacks=0 returns=0 aborts=0 unmatched=0 prefix_aborts=0 prefix0=0 prefix1=0 prefix2=0 prefix3=0 prefix4=0 prefix5=0 invalidation0=80374 invalidation1=16634 invalidation2=1 invalidation3=0 invalidation4=0 invalidation5=0
INVALIDATIONS cycle=64094290 reason=0 phase0=80374 phase1=0 phase2=0 phase3=0 phase4=0 phase5=0
INVALIDATIONS cycle=64094290 reason=1 phase0=16634 phase1=0 phase2=0 phase3=0 phase4=0 phase5=0
INVALIDATIONS cycle=64094290 reason=2 phase0=1 phase1=0 phase2=0 phase3=0 phase4=0 phase5=0
INVALIDATIONS cycle=64094290 reason=3 phase0=0 phase1=0 phase2=0 phase3=0 phase4=0 phase5=0
INVALIDATIONS cycle=64094290 reason=4 phase0=0 phase1=0 phase2=0 phase3=0 phase4=0 phase5=0
INVALIDATIONS cycle=64094290 reason=5 phase0=0 phase1=0 phase2=0 phase3=0 phase4=0 phase5=0
ADAPTER cycle=66095997 request_samples=42215170 ack_samples=7317519 instruction_acks=3502437 data_acks=3815082 error_acks=0 fetched_bytes=11953720 dispatches=12000000 known_dispatches=8936323 ir_mismatch=74798 signature_failures=0 secondary_skipped=90 primary_mismatch_skipped=74798 diagnostic_dropped=0 starts=0 stops=0 callbacks=0 returns=0 aborts=0 unmatched=0 prefix_aborts=0 prefix0=0 prefix1=0 prefix2=0 prefix3=0 prefix4=0 prefix5=0 invalidation0=80374 invalidation1=16634 invalidation2=1 invalidation3=0 invalidation4=0 invalidation5=0
INVALIDATIONS cycle=66095997 reason=0 phase0=80374 phase1=0 phase2=0 phase3=0 phase4=0 phase5=0
INVALIDATIONS cycle=66095997 reason=1 phase0=16634 phase1=0 phase2=0 phase3=0 phase4=0 phase5=0
INVALIDATIONS cycle=66095997 reason=2 phase0=1 phase1=0 phase2=0 phase3=0 phase4=0 phase5=0
INVALIDATIONS cycle=66095997 reason=3 phase0=0 phase1=0 phase2=0 phase3=0 phase4=0 phase5=0
INVALIDATIONS cycle=66095997 reason=4 phase0=0 phase1=0 phase2=0 phase3=0 phase4=0 phase5=0
INVALIDATIONS cycle=66095997 reason=5 phase0=0 phase1=0 phase2=0 phase3=0 phase4=0 phase5=0
ADAPTER cycle=68097462 request_samples=42216333 ack_samples=7317884 instruction_acks=3502584 data_acks=3815300 error_acks=0 fetched_bytes=11954184 dispatches=13000000 known_dispatches=9936256 ir_mismatch=74798 signature_failures=0 secondary_skipped=90 primary_mismatch_skipped=74798 diagnostic_dropped=0 starts=0 stops=0 callbacks=0 returns=0 aborts=0 unmatched=0 prefix_aborts=0 prefix0=0 prefix1=0 prefix2=0 prefix3=0 prefix4=0 prefix5=0 invalidation0=80374 invalidation1=16634 invalidation2=1 invalidation3=0 invalidation4=0 invalidation5=0
INVALIDATIONS cycle=68097462 reason=0 phase0=80374 phase1=0 phase2=0 phase3=0 phase4=0 phase5=0
INVALIDATIONS cycle=68097462 reason=1 phase0=16634 phase1=0 phase2=0 phase3=0 phase4=0 phase5=0
INVALIDATIONS cycle=68097462 reason=2 phase0=1 phase1=0 phase2=0 phase3=0 phase4=0 phase5=0
INVALIDATIONS cycle=68097462 reason=3 phase0=0 phase1=0 phase2=0 phase3=0 phase4=0 phase5=0
INVALIDATIONS cycle=68097462 reason=4 phase0=0 phase1=0 phase2=0 phase3=0 phase4=0 phase5=0
INVALIDATIONS cycle=68097462 reason=5 phase0=0 phase1=0 phase2=0 phase3=0 phase4=0 phase5=0
ADAPTER cycle=70098126 request_samples=42216811 ack_samples=7318088 instruction_acks=3502665 data_acks=3815423 error_acks=0 fetched_bytes=11954436 dispatches=14000000 known_dispatches=10936223 ir_mismatch=74798 signature_failures=0 secondary_skipped=90 primary_mismatch_skipped=74798 diagnostic_dropped=0 starts=0 stops=0 callbacks=0 returns=0 aborts=0 unmatched=0 prefix_aborts=0 prefix0=0 prefix1=0 prefix2=0 prefix3=0 prefix4=0 prefix5=0 invalidation0=80374 invalidation1=16634 invalidation2=1 invalidation3=0 invalidation4=0 invalidation5=0
INVALIDATIONS cycle=70098126 reason=0 phase0=80374 phase1=0 phase2=0 phase3=0 phase4=0 phase5=0
INVALIDATIONS cycle=70098126 reason=1 phase0=16634 phase1=0 phase2=0 phase3=0 phase4=0 phase5=0
INVALIDATIONS cycle=70098126 reason=2 phase0=1 phase1=0 phase2=0 phase3=0 phase4=0 phase5=0
INVALIDATIONS cycle=70098126 reason=3 phase0=0 phase1=0 phase2=0 phase3=0 phase4=0 phase5=0
INVALIDATIONS cycle=70098126 reason=4 phase0=0 phase1=0 phase2=0 phase3=0 phase4=0 phase5=0
INVALIDATIONS cycle=70098126 reason=5 phase0=0 phase1=0 phase2=0 phase3=0 phase4=0 phase5=0
ADAPTER cycle=72099592 request_samples=42217975 ack_samples=7318453 instruction_acks=3502812 data_acks=3815641 error_acks=0 fetched_bytes=11954900 dispatches=15000000 known_dispatches=11936156 ir_mismatch=74798 signature_failures=0 secondary_skipped=90 primary_mismatch_skipped=74798 diagnostic_dropped=0 starts=0 stops=0 callbacks=0 returns=0 aborts=0 unmatched=0 prefix_aborts=0 prefix0=0 prefix1=0 prefix2=0 prefix3=0 prefix4=0 prefix5=0 invalidation0=80374 invalidation1=16634 invalidation2=1 invalidation3=0 invalidation4=0 invalidation5=0
INVALIDATIONS cycle=72099592 reason=0 phase0=80374 phase1=0 phase2=0 phase3=0 phase4=0 phase5=0
INVALIDATIONS cycle=72099592 reason=1 phase0=16634 phase1=0 phase2=0 phase3=0 phase4=0 phase5=0
INVALIDATIONS cycle=72099592 reason=2 phase0=1 phase1=0 phase2=0 phase3=0 phase4=0 phase5=0
INVALIDATIONS cycle=72099592 reason=3 phase0=0 phase1=0 phase2=0 phase3=0 phase4=0 phase5=0
INVALIDATIONS cycle=72099592 reason=4 phase0=0 phase1=0 phase2=0 phase3=0 phase4=0 phase5=0
INVALIDATIONS cycle=72099592 reason=5 phase0=0 phase1=0 phase2=0 phase3=0 phase4=0 phase5=0
ADAPTER cycle=74101008 request_samples=42219090 ack_samples=7318818 instruction_acks=3502959 data_acks=3815859 error_acks=0 fetched_bytes=11955364 dispatches=16000000 known_dispatches=12936088 ir_mismatch=74798 signature_failures=0 secondary_skipped=90 primary_mismatch_skipped=74798 diagnostic_dropped=0 starts=0 stops=0 callbacks=0 returns=0 aborts=0 unmatched=0 prefix_aborts=0 prefix0=0 prefix1=0 prefix2=0 prefix3=0 prefix4=0 prefix5=0 invalidation0=80374 invalidation1=16634 invalidation2=1 invalidation3=0 invalidation4=0 invalidation5=0
INVALIDATIONS cycle=74101008 reason=0 phase0=80374 phase1=0 phase2=0 phase3=0 phase4=0 phase5=0
INVALIDATIONS cycle=74101008 reason=1 phase0=16634 phase1=0 phase2=0 phase3=0 phase4=0 phase5=0
INVALIDATIONS cycle=74101008 reason=2 phase0=1 phase1=0 phase2=0 phase3=0 phase4=0 phase5=0
INVALIDATIONS cycle=74101008 reason=3 phase0=0 phase1=0 phase2=0 phase3=0 phase4=0 phase5=0
INVALIDATIONS cycle=74101008 reason=4 phase0=0 phase1=0 phase2=0 phase3=0 phase4=0 phase5=0
INVALIDATIONS cycle=74101008 reason=5 phase0=0 phase1=0 phase2=0 phase3=0 phase4=0 phase5=0
ADAPTER cycle=76102240 request_samples=42220087 ack_samples=7319115 instruction_acks=3503079 data_acks=3816036 error_acks=0 fetched_bytes=11955744 dispatches=17000000 known_dispatches=13936027 ir_mismatch=74798 signature_failures=0 secondary_skipped=90 primary_mismatch_skipped=74798 diagnostic_dropped=0 starts=0 stops=0 callbacks=0 returns=0 aborts=0 unmatched=0 prefix_aborts=0 prefix0=0 prefix1=0 prefix2=0 prefix3=0 prefix4=0 prefix5=0 invalidation0=80374 invalidation1=16634 invalidation2=1 invalidation3=0 invalidation4=0 invalidation5=0
INVALIDATIONS cycle=76102240 reason=0 phase0=80374 phase1=0 phase2=0 phase3=0 phase4=0 phase5=0
INVALIDATIONS cycle=76102240 reason=1 phase0=16634 phase1=0 phase2=0 phase3=0 phase4=0 phase5=0
INVALIDATIONS cycle=76102240 reason=2 phase0=1 phase1=0 phase2=0 phase3=0 phase4=0 phase5=0
INVALIDATIONS cycle=76102240 reason=3 phase0=0 phase1=0 phase2=0 phase3=0 phase4=0 phase5=0
INVALIDATIONS cycle=76102240 reason=4 phase0=0 phase1=0 phase2=0 phase3=0 phase4=0 phase5=0
INVALIDATIONS cycle=76102240 reason=5 phase0=0 phase1=0 phase2=0 phase3=0 phase4=0 phase5=0
ADAPTER cycle=78103138 request_samples=42220732 ack_samples=7319387 instruction_acks=3503187 data_acks=3816200 error_acks=0 fetched_bytes=11956080 dispatches=18000000 known_dispatches=14935988 ir_mismatch=74798 signature_failures=0 secondary_skipped=90 primary_mismatch_skipped=74798 diagnostic_dropped=0 starts=0 stops=0 callbacks=0 returns=0 aborts=0 unmatched=0 prefix_aborts=0 prefix0=0 prefix1=0 prefix2=0 prefix3=0 prefix4=0 prefix5=0 invalidation0=80374 invalidation1=16634 invalidation2=1 invalidation3=0 invalidation4=0 invalidation5=0
INVALIDATIONS cycle=78103138 reason=0 phase0=80374 phase1=0 phase2=0 phase3=0 phase4=0 phase5=0
INVALIDATIONS cycle=78103138 reason=1 phase0=16634 phase1=0 phase2=0 phase3=0 phase4=0 phase5=0
INVALIDATIONS cycle=78103138 reason=2 phase0=1 phase1=0 phase2=0 phase3=0 phase4=0 phase5=0
INVALIDATIONS cycle=78103138 reason=3 phase0=0 phase1=0 phase2=0 phase3=0 phase4=0 phase5=0
INVALIDATIONS cycle=78103138 reason=4 phase0=0 phase1=0 phase2=0 phase3=0 phase4=0 phase5=0
INVALIDATIONS cycle=78103138 reason=5 phase0=0 phase1=0 phase2=0 phase3=0 phase4=0 phase5=0
ADAPTER cycle=81343165 request_samples=43494615 ack_samples=7692963 instruction_acks=3672111 data_acks=4020852 error_acks=0 fetched_bytes=12524226 dispatches=19000000 known_dispatches=15653335 ir_mismatch=76582 signature_failures=0 secondary_skipped=121 primary_mismatch_skipped=76582 diagnostic_dropped=0 starts=0 stops=0 callbacks=0 returns=0 aborts=0 unmatched=0 prefix_aborts=0 prefix0=0 prefix1=0 prefix2=0 prefix3=0 prefix4=0 prefix5=0 invalidation0=82259 invalidation1=17043 invalidation2=1 invalidation3=0 invalidation4=0 invalidation5=0
INVALIDATIONS cycle=81343165 reason=0 phase0=82259 phase1=0 phase2=0 phase3=0 phase4=0 phase5=0
INVALIDATIONS cycle=81343165 reason=1 phase0=17043 phase1=0 phase2=0 phase3=0 phase4=0 phase5=0
INVALIDATIONS cycle=81343165 reason=2 phase0=1 phase1=0 phase2=0 phase3=0 phase4=0 phase5=0
INVALIDATIONS cycle=81343165 reason=3 phase0=0 phase1=0 phase2=0 phase3=0 phase4=0 phase5=0
INVALIDATIONS cycle=81343165 reason=4 phase0=0 phase1=0 phase2=0 phase3=0 phase4=0 phase5=0
INVALIDATIONS cycle=81343165 reason=5 phase0=0 phase1=0 phase2=0 phase3=0 phase4=0 phase5=0
ADAPTER cycle=84546156 request_samples=44301411 ack_samples=8288326 instruction_acks=3779534 data_acks=4508792 error_acks=0 fetched_bytes=12902264 dispatches=20000000 known_dispatches=16569015 ir_mismatch=84729 signature_failures=0 secondary_skipped=5097 primary_mismatch_skipped=84729 diagnostic_dropped=0 starts=0 stops=0 callbacks=0 returns=0 aborts=0 unmatched=0 prefix_aborts=0 prefix0=0 prefix1=0 prefix2=0 prefix3=0 prefix4=0 prefix5=0 invalidation0=82374 invalidation1=17079 invalidation2=1 invalidation3=0 invalidation4=0 invalidation5=0
INVALIDATIONS cycle=84546156 reason=0 phase0=82374 phase1=0 phase2=0 phase3=0 phase4=0 phase5=0
INVALIDATIONS cycle=84546156 reason=1 phase0=17079 phase1=0 phase2=0 phase3=0 phase4=0 phase5=0
INVALIDATIONS cycle=84546156 reason=2 phase0=1 phase1=0 phase2=0 phase3=0 phase4=0 phase5=0
INVALIDATIONS cycle=84546156 reason=3 phase0=0 phase1=0 phase2=0 phase3=0 phase4=0 phase5=0
INVALIDATIONS cycle=84546156 reason=4 phase0=0 phase1=0 phase2=0 phase3=0 phase4=0 phase5=0
INVALIDATIONS cycle=84546156 reason=5 phase0=0 phase1=0 phase2=0 phase3=0 phase4=0 phase5=0
ADAPTER cycle=87571862 request_samples=44825791 ack_samples=8793026 instruction_acks=3782215 data_acks=5010811 error_acks=0 fetched_bytes=12911210 dispatches=21000000 known_dispatches=17567428 ir_mismatch=84785 signature_failures=0 secondary_skipped=5145 primary_mismatch_skipped=84785 diagnostic_dropped=0 starts=0 stops=0 callbacks=0 returns=0 aborts=0 unmatched=0 prefix_aborts=0 prefix0=0 prefix1=0 prefix2=0 prefix3=0 prefix4=0 prefix5=0 invalidation0=82374 invalidation1=17079 invalidation2=1 invalidation3=0 invalidation4=0 invalidation5=0
INVALIDATIONS cycle=87571862 reason=0 phase0=82374 phase1=0 phase2=0 phase3=0 phase4=0 phase5=0
INVALIDATIONS cycle=87571862 reason=1 phase0=17079 phase1=0 phase2=0 phase3=0 phase4=0 phase5=0
INVALIDATIONS cycle=87571862 reason=2 phase0=1 phase1=0 phase2=0 phase3=0 phase4=0 phase5=0
INVALIDATIONS cycle=87571862 reason=3 phase0=0 phase1=0 phase2=0 phase3=0 phase4=0 phase5=0
INVALIDATIONS cycle=87571862 reason=4 phase0=0 phase1=0 phase2=0 phase3=0 phase4=0 phase5=0
INVALIDATIONS cycle=87571862 reason=5 phase0=0 phase1=0 phase2=0 phase3=0 phase4=0 phase5=0
ADAPTER cycle=90596039 request_samples=45348606 ack_samples=9297457 instruction_acks=3784720 data_acks=5512737 error_acks=0 fetched_bytes=12919556 dispatches=22000000 known_dispatches=18565978 ir_mismatch=84834 signature_failures=0 secondary_skipped=5187 primary_mismatch_skipped=84834 diagnostic_dropped=0 starts=0 stops=0 callbacks=0 returns=0 aborts=0 unmatched=0 prefix_aborts=0 prefix0=0 prefix1=0 prefix2=0 prefix3=0 prefix4=0 prefix5=0 invalidation0=82374 invalidation1=17079 invalidation2=1 invalidation3=0 invalidation4=0 invalidation5=0
INVALIDATIONS cycle=90596039 reason=0 phase0=82374 phase1=0 phase2=0 phase3=0 phase4=0 phase5=0
INVALIDATIONS cycle=90596039 reason=1 phase0=17079 phase1=0 phase2=0 phase3=0 phase4=0 phase5=0
INVALIDATIONS cycle=90596039 reason=2 phase0=1 phase1=0 phase2=0 phase3=0 phase4=0 phase5=0
INVALIDATIONS cycle=90596039 reason=3 phase0=0 phase1=0 phase2=0 phase3=0 phase4=0 phase5=0
INVALIDATIONS cycle=90596039 reason=4 phase0=0 phase1=0 phase2=0 phase3=0 phase4=0 phase5=0
INVALIDATIONS cycle=90596039 reason=5 phase0=0 phase1=0 phase2=0 phase3=0 phase4=0 phase5=0
ADAPTER cycle=93621679 request_samples=45872920 ack_samples=9802156 instruction_acks=3787400 data_acks=6014756 error_acks=0 fetched_bytes=12928500 dispatches=23000000 known_dispatches=19564396 ir_mismatch=84890 signature_failures=0 secondary_skipped=5235 primary_mismatch_skipped=84890 diagnostic_dropped=0 starts=0 stops=0 callbacks=0 returns=0 aborts=0 unmatched=0 prefix_aborts=0 prefix0=0 prefix1=0 prefix2=0 prefix3=0 prefix4=0 prefix5=0 invalidation0=82374 invalidation1=17079 invalidation2=1 invalidation3=0 invalidation4=0 invalidation5=0
INVALIDATIONS cycle=93621679 reason=0 phase0=82374 phase1=0 phase2=0 phase3=0 phase4=0 phase5=0
INVALIDATIONS cycle=93621679 reason=1 phase0=17079 phase1=0 phase2=0 phase3=0 phase4=0 phase5=0
INVALIDATIONS cycle=93621679 reason=2 phase0=1 phase1=0 phase2=0 phase3=0 phase4=0 phase5=0
INVALIDATIONS cycle=93621679 reason=3 phase0=0 phase1=0 phase2=0 phase3=0 phase4=0 phase5=0
INVALIDATIONS cycle=93621679 reason=4 phase0=0 phase1=0 phase2=0 phase3=0 phase4=0 phase5=0
INVALIDATIONS cycle=93621679 reason=5 phase0=0 phase1=0 phase2=0 phase3=0 phase4=0 phase5=0
ADAPTER cycle=96646152 request_samples=46395957 ack_samples=10306624 instruction_acks=3789909 data_acks=6516715 error_acks=0 fetched_bytes=12936856 dispatches=24000000 known_dispatches=20562972 ir_mismatch=84939 signature_failures=0 secondary_skipped=5277 primary_mismatch_skipped=84939 diagnostic_dropped=0 starts=0 stops=0 callbacks=0 returns=0 aborts=0 unmatched=0 prefix_aborts=0 prefix0=0 prefix1=0 prefix2=0 prefix3=0 prefix4=0 prefix5=0 invalidation0=82374 invalidation1=17079 invalidation2=1 invalidation3=0 invalidation4=0 invalidation5=0
INVALIDATIONS cycle=96646152 reason=0 phase0=82374 phase1=0 phase2=0 phase3=0 phase4=0 phase5=0
INVALIDATIONS cycle=96646152 reason=1 phase0=17079 phase1=0 phase2=0 phase3=0 phase4=0 phase5=0
INVALIDATIONS cycle=96646152 reason=2 phase0=1 phase1=0 phase2=0 phase3=0 phase4=0 phase5=0
INVALIDATIONS cycle=96646152 reason=3 phase0=0 phase1=0 phase2=0 phase3=0 phase4=0 phase5=0
INVALIDATIONS cycle=96646152 reason=4 phase0=0 phase1=0 phase2=0 phase3=0 phase4=0 phase5=0
INVALIDATIONS cycle=96646152 reason=5 phase0=0 phase1=0 phase2=0 phase3=0 phase4=0 phase5=0
ADAPTER cycle=99672098 request_samples=46920531 ack_samples=10811371 instruction_acks=3792610 data_acks=7018761 error_acks=0 fetched_bytes=12945870 dispatches=25000000 known_dispatches=21561337 ir_mismatch=84995 signature_failures=0 secondary_skipped=5325 primary_mismatch_skipped=84995 diagnostic_dropped=0 starts=0 stops=0 callbacks=0 returns=0 aborts=0 unmatched=0 prefix_aborts=0 prefix0=0 prefix1=0 prefix2=0 prefix3=0 prefix4=0 prefix5=0 invalidation0=82374 invalidation1=17079 invalidation2=1 invalidation3=0 invalidation4=0 invalidation5=0
INVALIDATIONS cycle=99672098 reason=0 phase0=82374 phase1=0 phase2=0 phase3=0 phase4=0 phase5=0
INVALIDATIONS cycle=99672098 reason=1 phase0=17079 phase1=0 phase2=0 phase3=0 phase4=0 phase5=0
INVALIDATIONS cycle=99672098 reason=2 phase0=1 phase1=0 phase2=0 phase3=0 phase4=0 phase5=0
INVALIDATIONS cycle=99672098 reason=3 phase0=0 phase1=0 phase2=0 phase3=0 phase4=0 phase5=0
INVALIDATIONS cycle=99672098 reason=4 phase0=0 phase1=0 phase2=0 phase3=0 phase4=0 phase5=0
INVALIDATIONS cycle=99672098 reason=5 phase0=0 phase1=0 phase2=0 phase3=0 phase4=0 phase5=0
ADAPTER cycle=102696270 request_samples=47443327 ack_samples=11315805 instruction_acks=3795119 data_acks=7520686 error_acks=0 fetched_bytes=12954224 dispatches=26000000 known_dispatches=22559849 ir_mismatch=85044 signature_failures=0 secondary_skipped=5367 primary_mismatch_skipped=85044 diagnostic_dropped=0 starts=0 stops=0 callbacks=0 returns=0 aborts=0 unmatched=0 prefix_aborts=0 prefix0=0 prefix1=0 prefix2=0 prefix3=0 prefix4=0 prefix5=0 invalidation0=82374 invalidation1=17079 invalidation2=1 invalidation3=0 invalidation4=0 invalidation5=0
INVALIDATIONS cycle=102696270 reason=0 phase0=82374 phase1=0 phase2=0 phase3=0 phase4=0 phase5=0
INVALIDATIONS cycle=102696270 reason=1 phase0=17079 phase1=0 phase2=0 phase3=0 phase4=0 phase5=0
INVALIDATIONS cycle=102696270 reason=2 phase0=1 phase1=0 phase2=0 phase3=0 phase4=0 phase5=0
INVALIDATIONS cycle=102696270 reason=3 phase0=0 phase1=0 phase2=0 phase3=0 phase4=0 phase5=0
INVALIDATIONS cycle=102696270 reason=4 phase0=0 phase1=0 phase2=0 phase3=0 phase4=0 phase5=0
INVALIDATIONS cycle=102696270 reason=5 phase0=0 phase1=0 phase2=0 phase3=0 phase4=0 phase5=0
ADAPTER cycle=105721952 request_samples=47967688 ack_samples=11820502 instruction_acks=3797797 data_acks=8022705 error_acks=0 fetched_bytes=12963164 dispatches=27000000 known_dispatches=23558222 ir_mismatch=85100 signature_failures=0 secondary_skipped=5415 primary_mismatch_skipped=85100 diagnostic_dropped=0 starts=0 stops=0 callbacks=0 returns=0 aborts=0 unmatched=0 prefix_aborts=0 prefix0=0 prefix1=0 prefix2=0 prefix3=0 prefix4=0 prefix5=0 invalidation0=82374 invalidation1=17079 invalidation2=1 invalidation3=0 invalidation4=0 invalidation5=0
INVALIDATIONS cycle=105721952 reason=0 phase0=82374 phase1=0 phase2=0 phase3=0 phase4=0 phase5=0
INVALIDATIONS cycle=105721952 reason=1 phase0=17079 phase1=0 phase2=0 phase3=0 phase4=0 phase5=0
INVALIDATIONS cycle=105721952 reason=2 phase0=1 phase1=0 phase2=0 phase3=0 phase4=0 phase5=0
INVALIDATIONS cycle=105721952 reason=3 phase0=0 phase1=0 phase2=0 phase3=0 phase4=0 phase5=0
INVALIDATIONS cycle=105721952 reason=4 phase0=0 phase1=0 phase2=0 phase3=0 phase4=0 phase5=0
INVALIDATIONS cycle=105721952 reason=5 phase0=0 phase1=0 phase2=0 phase3=0 phase4=0 phase5=0
ADAPTER cycle=108746527 request_samples=48490858 ack_samples=12324986 instruction_acks=3800332 data_acks=8524654 error_acks=0 fetched_bytes=12971604 dispatches=28000000 known_dispatches=24556717 ir_mismatch=85149 signature_failures=0 secondary_skipped=5457 primary_mismatch_skipped=85149 diagnostic_dropped=0 starts=0 stops=0 callbacks=0 returns=0 aborts=0 unmatched=0 prefix_aborts=0 prefix0=0 prefix1=0 prefix2=0 prefix3=0 prefix4=0 prefix5=0 invalidation0=82374 invalidation1=17079 invalidation2=1 invalidation3=0 invalidation4=0 invalidation5=0
INVALIDATIONS cycle=108746527 reason=0 phase0=82374 phase1=0 phase2=0 phase3=0 phase4=0 phase5=0
INVALIDATIONS cycle=108746527 reason=1 phase0=17079 phase1=0 phase2=0 phase3=0 phase4=0 phase5=0
INVALIDATIONS cycle=108746527 reason=2 phase0=1 phase1=0 phase2=0 phase3=0 phase4=0 phase5=0
INVALIDATIONS cycle=108746527 reason=3 phase0=0 phase1=0 phase2=0 phase3=0 phase4=0 phase5=0
INVALIDATIONS cycle=108746527 reason=4 phase0=0 phase1=0 phase2=0 phase3=0 phase4=0 phase5=0
INVALIDATIONS cycle=108746527 reason=5 phase0=0 phase1=0 phase2=0 phase3=0 phase4=0 phase5=0
ADAPTER cycle=111772190 request_samples=49015203 ack_samples=12829707 instruction_acks=3803025 data_acks=9026682 error_acks=0 fetched_bytes=12980596 dispatches=29000000 known_dispatches=25555082 ir_mismatch=85205 signature_failures=0 secondary_skipped=5505 primary_mismatch_skipped=85205 diagnostic_dropped=0 starts=0 stops=0 callbacks=0 returns=0 aborts=0 unmatched=0 prefix_aborts=0 prefix0=0 prefix1=0 prefix2=0 prefix3=0 prefix4=0 prefix5=0 invalidation0=82374 invalidation1=17079 invalidation2=1 invalidation3=0 invalidation4=0 invalidation5=0
INVALIDATIONS cycle=111772190 reason=0 phase0=82374 phase1=0 phase2=0 phase3=0 phase4=0 phase5=0
INVALIDATIONS cycle=111772190 reason=1 phase0=17079 phase1=0 phase2=0 phase3=0 phase4=0 phase5=0
INVALIDATIONS cycle=111772190 reason=2 phase0=1 phase1=0 phase2=0 phase3=0 phase4=0 phase5=0
INVALIDATIONS cycle=111772190 reason=3 phase0=0 phase1=0 phase2=0 phase3=0 phase4=0 phase5=0
INVALIDATIONS cycle=111772190 reason=4 phase0=0 phase1=0 phase2=0 phase3=0 phase4=0 phase5=0
INVALIDATIONS cycle=111772190 reason=5 phase0=0 phase1=0 phase2=0 phase3=0 phase4=0 phase5=0
ADAPTER cycle=114796337 request_samples=49537977 ack_samples=13334142 instruction_acks=3805534 data_acks=9528608 error_acks=0 fetched_bytes=12988950 dispatches=30000000 known_dispatches=26553593 ir_mismatch=85254 signature_failures=0 secondary_skipped=5547 primary_mismatch_skipped=85254 diagnostic_dropped=0 starts=0 stops=0 callbacks=0 returns=0 aborts=0 unmatched=0 prefix_aborts=0 prefix0=0 prefix1=0 prefix2=0 prefix3=0 prefix4=0 prefix5=0 invalidation0=82374 invalidation1=17079 invalidation2=1 invalidation3=0 invalidation4=0 invalidation5=0
INVALIDATIONS cycle=114796337 reason=0 phase0=82374 phase1=0 phase2=0 phase3=0 phase4=0 phase5=0
INVALIDATIONS cycle=114796337 reason=1 phase0=17079 phase1=0 phase2=0 phase3=0 phase4=0 phase5=0
INVALIDATIONS cycle=114796337 reason=2 phase0=1 phase1=0 phase2=0 phase3=0 phase4=0 phase5=0
INVALIDATIONS cycle=114796337 reason=3 phase0=0 phase1=0 phase2=0 phase3=0 phase4=0 phase5=0
INVALIDATIONS cycle=114796337 reason=4 phase0=0 phase1=0 phase2=0 phase3=0 phase4=0 phase5=0
INVALIDATIONS cycle=114796337 reason=5 phase0=0 phase1=0 phase2=0 phase3=0 phase4=0 phase5=0
ADAPTER cycle=117822001 request_samples=50062315 ack_samples=13838841 instruction_acks=3808214 data_acks=10030627 error_acks=0 fetched_bytes=12997894 dispatches=31000000 known_dispatches=27551966 ir_mismatch=85310 signature_failures=0 secondary_skipped=5595 primary_mismatch_skipped=85310 diagnostic_dropped=0 starts=0 stops=0 callbacks=0 returns=0 aborts=0 unmatched=0 prefix_aborts=0 prefix0=0 prefix1=0 prefix2=0 prefix3=0 prefix4=0 prefix5=0 invalidation0=82374 invalidation1=17079 invalidation2=1 invalidation3=0 invalidation4=0 invalidation5=0
INVALIDATIONS cycle=117822001 reason=0 phase0=82374 phase1=0 phase2=0 phase3=0 phase4=0 phase5=0
INVALIDATIONS cycle=117822001 reason=1 phase0=17079 phase1=0 phase2=0 phase3=0 phase4=0 phase5=0
INVALIDATIONS cycle=117822001 reason=2 phase0=1 phase1=0 phase2=0 phase3=0 phase4=0 phase5=0
INVALIDATIONS cycle=117822001 reason=3 phase0=0 phase1=0 phase2=0 phase3=0 phase4=0 phase5=0
INVALIDATIONS cycle=117822001 reason=4 phase0=0 phase1=0 phase2=0 phase3=0 phase4=0 phase5=0
INVALIDATIONS cycle=117822001 reason=5 phase0=0 phase1=0 phase2=0 phase3=0 phase4=0 phase5=0
ADAPTER cycle=120846222 request_samples=50585088 ack_samples=14343282 instruction_acks=3810705 data_acks=10532577 error_acks=0 fetched_bytes=13006184 dispatches=32000000 known_dispatches=28550533 ir_mismatch=85359 signature_failures=0 secondary_skipped=5637 primary_mismatch_skipped=85359 diagnostic_dropped=0 starts=0 stops=0 callbacks=0 returns=0 aborts=0 unmatched=0 prefix_aborts=0 prefix0=0 prefix1=0 prefix2=0 prefix3=0 prefix4=0 prefix5=0 invalidation0=82374 invalidation1=17079 invalidation2=1 invalidation3=0 invalidation4=0 invalidation5=0
INVALIDATIONS cycle=120846222 reason=0 phase0=82374 phase1=0 phase2=0 phase3=0 phase4=0 phase5=0
INVALIDATIONS cycle=120846222 reason=1 phase0=17079 phase1=0 phase2=0 phase3=0 phase4=0 phase5=0
INVALIDATIONS cycle=120846222 reason=2 phase0=1 phase1=0 phase2=0 phase3=0 phase4=0 phase5=0
INVALIDATIONS cycle=120846222 reason=3 phase0=0 phase1=0 phase2=0 phase3=0 phase4=0 phase5=0
INVALIDATIONS cycle=120846222 reason=4 phase0=0 phase1=0 phase2=0 phase3=0 phase4=0 phase5=0
INVALIDATIONS cycle=120846222 reason=5 phase0=0 phase1=0 phase2=0 phase3=0 phase4=0 phase5=0
ADAPTER cycle=123870025 request_samples=51107663 ack_samples=14847674 instruction_acks=3813217 data_acks=11034457 error_acks=0 fetched_bytes=13014566 dispatches=33000000 known_dispatches=29549008 ir_mismatch=85411 signature_failures=0 secondary_skipped=5679 primary_mismatch_skipped=85411 diagnostic_dropped=0 starts=0 stops=0 callbacks=0 returns=0 aborts=0 unmatched=0 prefix_aborts=0 prefix0=0 prefix1=0 prefix2=0 prefix3=0 prefix4=0 prefix5=0 invalidation0=82374 invalidation1=17079 invalidation2=1 invalidation3=0 invalidation4=0 invalidation5=0
INVALIDATIONS cycle=123870025 reason=0 phase0=82374 phase1=0 phase2=0 phase3=0 phase4=0 phase5=0
INVALIDATIONS cycle=123870025 reason=1 phase0=17079 phase1=0 phase2=0 phase3=0 phase4=0 phase5=0
INVALIDATIONS cycle=123870025 reason=2 phase0=1 phase1=0 phase2=0 phase3=0 phase4=0 phase5=0
INVALIDATIONS cycle=123870025 reason=3 phase0=0 phase1=0 phase2=0 phase3=0 phase4=0 phase5=0
INVALIDATIONS cycle=123870025 reason=4 phase0=0 phase1=0 phase2=0 phase3=0 phase4=0 phase5=0
INVALIDATIONS cycle=123870025 reason=5 phase0=0 phase1=0 phase2=0 phase3=0 phase4=0 phase5=0
ADAPTER cycle=126895656 request_samples=51631868 ack_samples=15352355 instruction_acks=3815865 data_acks=11536490 error_acks=0 fetched_bytes=13023388 dispatches=34000000 known_dispatches=30547427 ir_mismatch=85464 signature_failures=0 secondary_skipped=5727 primary_mismatch_skipped=85464 diagnostic_dropped=0 starts=0 stops=0 callbacks=0 returns=0 aborts=0 unmatched=0 prefix_aborts=0 prefix0=0 prefix1=0 prefix2=0 prefix3=0 prefix4=0 prefix5=0 invalidation0=82374 invalidation1=17079 invalidation2=1 invalidation3=0 invalidation4=0 invalidation5=0
INVALIDATIONS cycle=126895656 reason=0 phase0=82374 phase1=0 phase2=0 phase3=0 phase4=0 phase5=0
INVALIDATIONS cycle=126895656 reason=1 phase0=17079 phase1=0 phase2=0 phase3=0 phase4=0 phase5=0
INVALIDATIONS cycle=126895656 reason=2 phase0=1 phase1=0 phase2=0 phase3=0 phase4=0 phase5=0
INVALIDATIONS cycle=126895656 reason=3 phase0=0 phase1=0 phase2=0 phase3=0 phase4=0 phase5=0
INVALIDATIONS cycle=126895656 reason=4 phase0=0 phase1=0 phase2=0 phase3=0 phase4=0 phase5=0
INVALIDATIONS cycle=126895656 reason=5 phase0=0 phase1=0 phase2=0 phase3=0 phase4=0 phase5=0
ADAPTER cycle=129919832 request_samples=52154759 ack_samples=15856819 instruction_acks=3818408 data_acks=12038411 error_acks=0 fetched_bytes=13031874 dispatches=35000000 known_dispatches=31545894 ir_mismatch=85516 signature_failures=0 secondary_skipped=5769 primary_mismatch_skipped=85516 diagnostic_dropped=0 starts=0 stops=0 callbacks=0 returns=0 aborts=0 unmatched=0 prefix_aborts=0 prefix0=0 prefix1=0 prefix2=0 prefix3=0 prefix4=0 prefix5=0 invalidation0=82374 invalidation1=17079 invalidation2=1 invalidation3=0 invalidation4=0 invalidation5=0
INVALIDATIONS cycle=129919832 reason=0 phase0=82374 phase1=0 phase2=0 phase3=0 phase4=0 phase5=0
INVALIDATIONS cycle=129919832 reason=1 phase0=17079 phase1=0 phase2=0 phase3=0 phase4=0 phase5=0
INVALIDATIONS cycle=129919832 reason=2 phase0=1 phase1=0 phase2=0 phase3=0 phase4=0 phase5=0
INVALIDATIONS cycle=129919832 reason=3 phase0=0 phase1=0 phase2=0 phase3=0 phase4=0 phase5=0
INVALIDATIONS cycle=129919832 reason=4 phase0=0 phase1=0 phase2=0 phase3=0 phase4=0 phase5=0
INVALIDATIONS cycle=129919832 reason=5 phase0=0 phase1=0 phase2=0 phase3=0 phase4=0 phase5=0
ADAPTER cycle=132945881 request_samples=52679336 ack_samples=16361570 instruction_acks=3821092 data_acks=12540478 error_acks=0 fetched_bytes=13040814 dispatches=36000000 known_dispatches=32544297 ir_mismatch=85569 signature_failures=0 secondary_skipped=5817 primary_mismatch_skipped=85569 diagnostic_dropped=0 starts=0 stops=0 callbacks=0 returns=0 aborts=0 unmatched=0 prefix_aborts=0 prefix0=0 prefix1=0 prefix2=0 prefix3=0 prefix4=0 prefix5=0 invalidation0=82374 invalidation1=17079 invalidation2=1 invalidation3=0 invalidation4=0 invalidation5=0
INVALIDATIONS cycle=132945881 reason=0 phase0=82374 phase1=0 phase2=0 phase3=0 phase4=0 phase5=0
INVALIDATIONS cycle=132945881 reason=1 phase0=17079 phase1=0 phase2=0 phase3=0 phase4=0 phase5=0
INVALIDATIONS cycle=132945881 reason=2 phase0=1 phase1=0 phase2=0 phase3=0 phase4=0 phase5=0
INVALIDATIONS cycle=132945881 reason=3 phase0=0 phase1=0 phase2=0 phase3=0 phase4=0 phase5=0
INVALIDATIONS cycle=132945881 reason=4 phase0=0 phase1=0 phase2=0 phase3=0 phase4=0 phase5=0
INVALIDATIONS cycle=132945881 reason=5 phase0=0 phase1=0 phase2=0 phase3=0 phase4=0 phase5=0
ADAPTER cycle=135970039 request_samples=53202227 ack_samples=16866021 instruction_acks=3823632 data_acks=13042389 error_acks=0 fetched_bytes=13049288 dispatches=37000000 known_dispatches=33542762 ir_mismatch=85621 signature_failures=0 secondary_skipped=5859 primary_mismatch_skipped=85621 diagnostic_dropped=0 starts=0 stops=0 callbacks=0 returns=0 aborts=0 unmatched=0 prefix_aborts=0 prefix0=0 prefix1=0 prefix2=0 prefix3=0 prefix4=0 prefix5=0 invalidation0=82374 invalidation1=17079 invalidation2=1 invalidation3=0 invalidation4=0 invalidation5=0
INVALIDATIONS cycle=135970039 reason=0 phase0=82374 phase1=0 phase2=0 phase3=0 phase4=0 phase5=0
INVALIDATIONS cycle=135970039 reason=1 phase0=17079 phase1=0 phase2=0 phase3=0 phase4=0 phase5=0
INVALIDATIONS cycle=135970039 reason=2 phase0=1 phase1=0 phase2=0 phase3=0 phase4=0 phase5=0
INVALIDATIONS cycle=135970039 reason=3 phase0=0 phase1=0 phase2=0 phase3=0 phase4=0 phase5=0
INVALIDATIONS cycle=135970039 reason=4 phase0=0 phase1=0 phase2=0 phase3=0 phase4=0 phase5=0
INVALIDATIONS cycle=135970039 reason=5 phase0=0 phase1=0 phase2=0 phase3=0 phase4=0 phase5=0
ADAPTER cycle=138996138 request_samples=53726880 ack_samples=17370764 instruction_acks=3826319 data_acks=13544445 error_acks=0 fetched_bytes=13058238 dispatches=38000000 known_dispatches=34541155 ir_mismatch=85674 signature_failures=0 secondary_skipped=5907 primary_mismatch_skipped=85674 diagnostic_dropped=0 starts=0 stops=0 callbacks=0 returns=0 aborts=0 unmatched=0 prefix_aborts=0 prefix0=0 prefix1=0 prefix2=0 prefix3=0 prefix4=0 prefix5=0 invalidation0=82374 invalidation1=17079 invalidation2=1 invalidation3=0 invalidation4=0 invalidation5=0
INVALIDATIONS cycle=138996138 reason=0 phase0=82374 phase1=0 phase2=0 phase3=0 phase4=0 phase5=0
INVALIDATIONS cycle=138996138 reason=1 phase0=17079 phase1=0 phase2=0 phase3=0 phase4=0 phase5=0
INVALIDATIONS cycle=138996138 reason=2 phase0=1 phase1=0 phase2=0 phase3=0 phase4=0 phase5=0
INVALIDATIONS cycle=138996138 reason=3 phase0=0 phase1=0 phase2=0 phase3=0 phase4=0 phase5=0
INVALIDATIONS cycle=138996138 reason=4 phase0=0 phase1=0 phase2=0 phase3=0 phase4=0 phase5=0
INVALIDATIONS cycle=138996138 reason=5 phase0=0 phase1=0 phase2=0 phase3=0 phase4=0 phase5=0
ADAPTER cycle=142020332 request_samples=54249744 ack_samples=17875218 instruction_acks=3828837 data_acks=14046381 error_acks=0 fetched_bytes=13066640 dispatches=39000000 known_dispatches=35539675 ir_mismatch=85726 signature_failures=0 secondary_skipped=5949 primary_mismatch_skipped=85726 diagnostic_dropped=0 starts=0 stops=0 callbacks=0 returns=0 aborts=0 unmatched=0 prefix_aborts=0 prefix0=0 prefix1=0 prefix2=0 prefix3=0 prefix4=0 prefix5=0 invalidation0=82374 invalidation1=17079 invalidation2=1 invalidation3=0 invalidation4=0 invalidation5=0
INVALIDATIONS cycle=142020332 reason=0 phase0=82374 phase1=0 phase2=0 phase3=0 phase4=0 phase5=0
INVALIDATIONS cycle=142020332 reason=1 phase0=17079 phase1=0 phase2=0 phase3=0 phase4=0 phase5=0
INVALIDATIONS cycle=142020332 reason=2 phase0=1 phase1=0 phase2=0 phase3=0 phase4=0 phase5=0
INVALIDATIONS cycle=142020332 reason=3 phase0=0 phase1=0 phase2=0 phase3=0 phase4=0 phase5=0
INVALIDATIONS cycle=142020332 reason=4 phase0=0 phase1=0 phase2=0 phase3=0 phase4=0 phase5=0
INVALIDATIONS cycle=142020332 reason=5 phase0=0 phase1=0 phase2=0 phase3=0 phase4=0 phase5=0
ADAPTER cycle=145046016 request_samples=54773992 ack_samples=18379926 instruction_acks=3831503 data_acks=14548423 error_acks=0 fetched_bytes=13075520 dispatches=40000000 known_dispatches=36538087 ir_mismatch=85779 signature_failures=0 secondary_skipped=5997 primary_mismatch_skipped=85779 diagnostic_dropped=0 starts=0 stops=0 callbacks=0 returns=0 aborts=0 unmatched=0 prefix_aborts=0 prefix0=0 prefix1=0 prefix2=0 prefix3=0 prefix4=0 prefix5=0 invalidation0=82374 invalidation1=17079 invalidation2=1 invalidation3=0 invalidation4=0 invalidation5=0
INVALIDATIONS cycle=145046016 reason=0 phase0=82374 phase1=0 phase2=0 phase3=0 phase4=0 phase5=0
INVALIDATIONS cycle=145046016 reason=1 phase0=17079 phase1=0 phase2=0 phase3=0 phase4=0 phase5=0
INVALIDATIONS cycle=145046016 reason=2 phase0=1 phase1=0 phase2=0 phase3=0 phase4=0 phase5=0
INVALIDATIONS cycle=145046016 reason=3 phase0=0 phase1=0 phase2=0 phase3=0 phase4=0 phase5=0
INVALIDATIONS cycle=145046016 reason=4 phase0=0 phase1=0 phase2=0 phase3=0 phase4=0 phase5=0
INVALIDATIONS cycle=145046016 reason=5 phase0=0 phase1=0 phase2=0 phase3=0 phase4=0 phase5=0
ADAPTER cycle=148070191 request_samples=55296894 ack_samples=18884377 instruction_acks=3834043 data_acks=15050334 error_acks=0 fetched_bytes=13083994 dispatches=41000000 known_dispatches=37536553 ir_mismatch=85831 signature_failures=0 secondary_skipped=6039 primary_mismatch_skipped=85831 diagnostic_dropped=0 starts=0 stops=0 callbacks=0 returns=0 aborts=0 unmatched=0 prefix_aborts=0 prefix0=0 prefix1=0 prefix2=0 prefix3=0 prefix4=0 prefix5=0 invalidation0=82374 invalidation1=17079 invalidation2=1 invalidation3=0 invalidation4=0 invalidation5=0
INVALIDATIONS cycle=148070191 reason=0 phase0=82374 phase1=0 phase2=0 phase3=0 phase4=0 phase5=0
INVALIDATIONS cycle=148070191 reason=1 phase0=17079 phase1=0 phase2=0 phase3=0 phase4=0 phase5=0
INVALIDATIONS cycle=148070191 reason=2 phase0=1 phase1=0 phase2=0 phase3=0 phase4=0 phase5=0
INVALIDATIONS cycle=148070191 reason=3 phase0=0 phase1=0 phase2=0 phase3=0 phase4=0 phase5=0
INVALIDATIONS cycle=148070191 reason=4 phase0=0 phase1=0 phase2=0 phase3=0 phase4=0 phase5=0
INVALIDATIONS cycle=148070191 reason=5 phase0=0 phase1=0 phase2=0 phase3=0 phase4=0 phase5=0
ADAPTER cycle=151095816 request_samples=55821090 ack_samples=19389059 instruction_acks=3836692 data_acks=15552367 error_acks=0 fetched_bytes=13092818 dispatches=42000000 known_dispatches=38534972 ir_mismatch=85884 signature_failures=0 secondary_skipped=6087 primary_mismatch_skipped=85884 diagnostic_dropped=0 starts=0 stops=0 callbacks=0 returns=0 aborts=0 unmatched=0 prefix_aborts=0 prefix0=0 prefix1=0 prefix2=0 prefix3=0 prefix4=0 prefix5=0 invalidation0=82374 invalidation1=17079 invalidation2=1 invalidation3=0 invalidation4=0 invalidation5=0
INVALIDATIONS cycle=151095816 reason=0 phase0=82374 phase1=0 phase2=0 phase3=0 phase4=0 phase5=0
INVALIDATIONS cycle=151095816 reason=1 phase0=17079 phase1=0 phase2=0 phase3=0 phase4=0 phase5=0
INVALIDATIONS cycle=151095816 reason=2 phase0=1 phase1=0 phase2=0 phase3=0 phase4=0 phase5=0
INVALIDATIONS cycle=151095816 reason=3 phase0=0 phase1=0 phase2=0 phase3=0 phase4=0 phase5=0
INVALIDATIONS cycle=151095816 reason=4 phase0=0 phase1=0 phase2=0 phase3=0 phase4=0 phase5=0
INVALIDATIONS cycle=151095816 reason=5 phase0=0 phase1=0 phase2=0 phase3=0 phase4=0 phase5=0
ADAPTER cycle=154119944 request_samples=56343934 ack_samples=19893498 instruction_acks=3839219 data_acks=16054279 error_acks=0 fetched_bytes=13101250 dispatches=43000000 known_dispatches=39533447 ir_mismatch=85936 signature_failures=0 secondary_skipped=6129 primary_mismatch_skipped=85936 diagnostic_dropped=0 starts=0 stops=0 callbacks=0 returns=0 aborts=0 unmatched=0 prefix_aborts=0 prefix0=0 prefix1=0 prefix2=0 prefix3=0 prefix4=0 prefix5=0 invalidation0=82374 invalidation1=17079 invalidation2=1 invalidation3=0 invalidation4=0 invalidation5=0
INVALIDATIONS cycle=154119944 reason=0 phase0=82374 phase1=0 phase2=0 phase3=0 phase4=0 phase5=0
INVALIDATIONS cycle=154119944 reason=1 phase0=17079 phase1=0 phase2=0 phase3=0 phase4=0 phase5=0
INVALIDATIONS cycle=154119944 reason=2 phase0=1 phase1=0 phase2=0 phase3=0 phase4=0 phase5=0
INVALIDATIONS cycle=154119944 reason=3 phase0=0 phase1=0 phase2=0 phase3=0 phase4=0 phase5=0
INVALIDATIONS cycle=154119944 reason=4 phase0=0 phase1=0 phase2=0 phase3=0 phase4=0 phase5=0
INVALIDATIONS cycle=154119944 reason=5 phase0=0 phase1=0 phase2=0 phase3=0 phase4=0 phase5=0
ADAPTER cycle=157145591 request_samples=56868151 ack_samples=20398181 instruction_acks=3841868 data_acks=16556313 error_acks=0 fetched_bytes=13110074 dispatches=44000000 known_dispatches=40531866 ir_mismatch=85989 signature_failures=0 secondary_skipped=6177 primary_mismatch_skipped=85989 diagnostic_dropped=0 starts=0 stops=0 callbacks=0 returns=0 aborts=0 unmatched=0 prefix_aborts=0 prefix0=0 prefix1=0 prefix2=0 prefix3=0 prefix4=0 prefix5=0 invalidation0=82374 invalidation1=17079 invalidation2=1 invalidation3=0 invalidation4=0 invalidation5=0
INVALIDATIONS cycle=157145591 reason=0 phase0=82374 phase1=0 phase2=0 phase3=0 phase4=0 phase5=0
INVALIDATIONS cycle=157145591 reason=1 phase0=17079 phase1=0 phase2=0 phase3=0 phase4=0 phase5=0
INVALIDATIONS cycle=157145591 reason=2 phase0=1 phase1=0 phase2=0 phase3=0 phase4=0 phase5=0
INVALIDATIONS cycle=157145591 reason=3 phase0=0 phase1=0 phase2=0 phase3=0 phase4=0 phase5=0
INVALIDATIONS cycle=157145591 reason=4 phase0=0 phase1=0 phase2=0 phase3=0 phase4=0 phase5=0
INVALIDATIONS cycle=157145591 reason=5 phase0=0 phase1=0 phase2=0 phase3=0 phase4=0 phase5=0
ADAPTER cycle=160169755 request_samples=57391048 ack_samples=20902632 instruction_acks=3844408 data_acks=17058224 error_acks=0 fetched_bytes=13118548 dispatches=45000000 known_dispatches=41530331 ir_mismatch=86041 signature_failures=0 secondary_skipped=6219 primary_mismatch_skipped=86041 diagnostic_dropped=0 starts=0 stops=0 callbacks=0 returns=0 aborts=0 unmatched=0 prefix_aborts=0 prefix0=0 prefix1=0 prefix2=0 prefix3=0 prefix4=0 prefix5=0 invalidation0=82374 invalidation1=17079 invalidation2=1 invalidation3=0 invalidation4=0 invalidation5=0
INVALIDATIONS cycle=160169755 reason=0 phase0=82374 phase1=0 phase2=0 phase3=0 phase4=0 phase5=0
INVALIDATIONS cycle=160169755 reason=1 phase0=17079 phase1=0 phase2=0 phase3=0 phase4=0 phase5=0
INVALIDATIONS cycle=160169755 reason=2 phase0=1 phase1=0 phase2=0 phase3=0 phase4=0 phase5=0
INVALIDATIONS cycle=160169755 reason=3 phase0=0 phase1=0 phase2=0 phase3=0 phase4=0 phase5=0
INVALIDATIONS cycle=160169755 reason=4 phase0=0 phase1=0 phase2=0 phase3=0 phase4=0 phase5=0
INVALIDATIONS cycle=160169755 reason=5 phase0=0 phase1=0 phase2=0 phase3=0 phase4=0 phase5=0
ADAPTER cycle=163195440 request_samples=57915306 ack_samples=21407338 instruction_acks=3847072 data_acks=17560266 error_acks=0 fetched_bytes=13127424 dispatches=46000000 known_dispatches=42528742 ir_mismatch=86094 signature_failures=0 secondary_skipped=6267 primary_mismatch_skipped=86094 diagnostic_dropped=0 starts=0 stops=0 callbacks=0 returns=0 aborts=0 unmatched=0 prefix_aborts=0 prefix0=0 prefix1=0 prefix2=0 prefix3=0 prefix4=0 prefix5=0 invalidation0=82374 invalidation1=17079 invalidation2=1 invalidation3=0 invalidation4=0 invalidation5=0
INVALIDATIONS cycle=163195440 reason=0 phase0=82374 phase1=0 phase2=0 phase3=0 phase4=0 phase5=0
INVALIDATIONS cycle=163195440 reason=1 phase0=17079 phase1=0 phase2=0 phase3=0 phase4=0 phase5=0
INVALIDATIONS cycle=163195440 reason=2 phase0=1 phase1=0 phase2=0 phase3=0 phase4=0 phase5=0
INVALIDATIONS cycle=163195440 reason=3 phase0=0 phase1=0 phase2=0 phase3=0 phase4=0 phase5=0
INVALIDATIONS cycle=163195440 reason=4 phase0=0 phase1=0 phase2=0 phase3=0 phase4=0 phase5=0
INVALIDATIONS cycle=163195440 reason=5 phase0=0 phase1=0 phase2=0 phase3=0 phase4=0 phase5=0
ADAPTER cycle=165722667 request_samples=58452495 ack_samples=21911525 instruction_acks=3849651 data_acks=18061874 error_acks=0 fetched_bytes=13136152 dispatches=47000000 known_dispatches=43501639 ir_mismatch=86176 signature_failures=0 secondary_skipped=6315 primary_mismatch_skipped=86176 diagnostic_dropped=0 starts=0 stops=0 callbacks=0 returns=0 aborts=0 unmatched=0 prefix_aborts=0 prefix0=0 prefix1=0 prefix2=0 prefix3=0 prefix4=0 prefix5=0 invalidation0=82374 invalidation1=17079 invalidation2=1 invalidation3=0 invalidation4=0 invalidation5=0
INVALIDATIONS cycle=165722667 reason=0 phase0=82374 phase1=0 phase2=0 phase3=0 phase4=0 phase5=0
INVALIDATIONS cycle=165722667 reason=1 phase0=17079 phase1=0 phase2=0 phase3=0 phase4=0 phase5=0
INVALIDATIONS cycle=165722667 reason=2 phase0=1 phase1=0 phase2=0 phase3=0 phase4=0 phase5=0
INVALIDATIONS cycle=165722667 reason=3 phase0=0 phase1=0 phase2=0 phase3=0 phase4=0 phase5=0
INVALIDATIONS cycle=165722667 reason=4 phase0=0 phase1=0 phase2=0 phase3=0 phase4=0 phase5=0
INVALIDATIONS cycle=165722667 reason=5 phase0=0 phase1=0 phase2=0 phase3=0 phase4=0 phase5=0
ADAPTER cycle=168003514 request_samples=58995559 ack_samples=22423014 instruction_acks=3858636 data_acks=18564378 error_acks=0 fetched_bytes=13166440 dispatches=48000000 known_dispatches=44456224 ir_mismatch=86633 signature_failures=0 secondary_skipped=6387 primary_mismatch_skipped=86633 diagnostic_dropped=0 starts=0 stops=0 callbacks=0 returns=0 aborts=0 unmatched=0 prefix_aborts=0 prefix0=0 prefix1=0 prefix2=0 prefix3=0 prefix4=0 prefix5=0 invalidation0=82374 invalidation1=17079 invalidation2=1 invalidation3=0 invalidation4=0 invalidation5=0
INVALIDATIONS cycle=168003514 reason=0 phase0=82374 phase1=0 phase2=0 phase3=0 phase4=0 phase5=0
INVALIDATIONS cycle=168003514 reason=1 phase0=17079 phase1=0 phase2=0 phase3=0 phase4=0 phase5=0
INVALIDATIONS cycle=168003514 reason=2 phase0=1 phase1=0 phase2=0 phase3=0 phase4=0 phase5=0
INVALIDATIONS cycle=168003514 reason=3 phase0=0 phase1=0 phase2=0 phase3=0 phase4=0 phase5=0
INVALIDATIONS cycle=168003514 reason=4 phase0=0 phase1=0 phase2=0 phase3=0 phase4=0 phase5=0
INVALIDATIONS cycle=168003514 reason=5 phase0=0 phase1=0 phase2=0 phase3=0 phase4=0 phase5=0
ADAPTER cycle=171546241 request_samples=59535931 ack_samples=22928959 instruction_acks=3861622 data_acks=19067337 error_acks=0 fetched_bytes=13176270 dispatches=49000000 known_dispatches=45454685 ir_mismatch=86669 signature_failures=0 secondary_skipped=6597 primary_mismatch_skipped=86669 diagnostic_dropped=0 starts=0 stops=0 callbacks=0 returns=0 aborts=0 unmatched=0 prefix_aborts=0 prefix0=0 prefix1=0 prefix2=0 prefix3=0 prefix4=0 prefix5=0 invalidation0=82374 invalidation1=17079 invalidation2=1 invalidation3=0 invalidation4=0 invalidation5=0
INVALIDATIONS cycle=171546241 reason=0 phase0=82374 phase1=0 phase2=0 phase3=0 phase4=0 phase5=0
INVALIDATIONS cycle=171546241 reason=1 phase0=17079 phase1=0 phase2=0 phase3=0 phase4=0 phase5=0
INVALIDATIONS cycle=171546241 reason=2 phase0=1 phase1=0 phase2=0 phase3=0 phase4=0 phase5=0
INVALIDATIONS cycle=171546241 reason=3 phase0=0 phase1=0 phase2=0 phase3=0 phase4=0 phase5=0
INVALIDATIONS cycle=171546241 reason=4 phase0=0 phase1=0 phase2=0 phase3=0 phase4=0 phase5=0
INVALIDATIONS cycle=171546241 reason=5 phase0=0 phase1=0 phase2=0 phase3=0 phase4=0 phase5=0
ADAPTER cycle=174528416 request_samples=61036873 ack_samples=23446969 instruction_acks=3968432 data_acks=19478537 error_acks=0 fetched_bytes=13565670 dispatches=50000000 known_dispatches=45942987 ir_mismatch=90352 signature_failures=0 secondary_skipped=6837 primary_mismatch_skipped=90352 diagnostic_dropped=0 starts=0 stops=0 callbacks=0 returns=0 aborts=0 unmatched=0 prefix_aborts=0 prefix0=0 prefix1=0 prefix2=0 prefix3=0 prefix4=0 prefix5=0 invalidation0=83244 invalidation1=17439 invalidation2=1 invalidation3=0 invalidation4=0 invalidation5=0
INVALIDATIONS cycle=174528416 reason=0 phase0=83244 phase1=0 phase2=0 phase3=0 phase4=0 phase5=0
INVALIDATIONS cycle=174528416 reason=1 phase0=17439 phase1=0 phase2=0 phase3=0 phase4=0 phase5=0
INVALIDATIONS cycle=174528416 reason=2 phase0=1 phase1=0 phase2=0 phase3=0 phase4=0 phase5=0
INVALIDATIONS cycle=174528416 reason=3 phase0=0 phase1=0 phase2=0 phase3=0 phase4=0 phase5=0
INVALIDATIONS cycle=174528416 reason=4 phase0=0 phase1=0 phase2=0 phase3=0 phase4=0 phase5=0
INVALIDATIONS cycle=174528416 reason=5 phase0=0 phase1=0 phase2=0 phase3=0 phase4=0 phase5=0
LIVE cycle=175543686 kind=PREFIX phase=1 site=0 pc=ad92 reason=
LIVE cycle=175585254 kind=INVALIDATE phase=1 site=0 pc=ad92 reason=PFLUSH_OR_CINV
ADAPTER cycle=180378740 request_samples=64768488 ack_samples=24225711 instruction_acks=4231194 data_acks=19994517 error_acks=0 fetched_bytes=14530632 dispatches=51000000 known_dispatches=46561449 ir_mismatch=103466 signature_failures=0 secondary_skipped=7564 primary_mismatch_skipped=103466 diagnostic_dropped=0 starts=0 stops=0 callbacks=0 returns=0 aborts=0 unmatched=0 prefix_aborts=1 prefix0=0 prefix1=1 prefix2=0 prefix3=0 prefix4=0 prefix5=0 invalidation0=83464 invalidation1=18913 invalidation2=1 invalidation3=0 invalidation4=0 invalidation5=0
INVALIDATIONS cycle=180378740 reason=0 phase0=83464 phase1=0 phase2=0 phase3=0 phase4=0 phase5=0
INVALIDATIONS cycle=180378740 reason=1 phase0=18912 phase1=1 phase2=0 phase3=0 phase4=0 phase5=0
INVALIDATIONS cycle=180378740 reason=2 phase0=1 phase1=0 phase2=0 phase3=0 phase4=0 phase5=0
INVALIDATIONS cycle=180378740 reason=3 phase0=0 phase1=0 phase2=0 phase3=0 phase4=0 phase5=0
INVALIDATIONS cycle=180378740 reason=4 phase0=0 phase1=0 phase2=0 phase3=0 phase4=0 phase5=0
INVALIDATIONS cycle=180378740 reason=5 phase0=0 phase1=0 phase2=0 phase3=0 phase4=0 phase5=0
ADAPTER cycle=186878471 request_samples=69061065 ack_samples=25130196 instruction_acks=4531604 data_acks=20598592 error_acks=0 fetched_bytes=15585086 dispatches=52000000 known_dispatches=47227597 ir_mismatch=106162 signature_failures=0 secondary_skipped=9449 primary_mismatch_skipped=106162 diagnostic_dropped=0 starts=0 stops=0 callbacks=0 returns=0 aborts=0 unmatched=0 prefix_aborts=1 prefix0=0 prefix1=1 prefix2=0 prefix3=0 prefix4=0 prefix5=0 invalidation0=83764 invalidation1=19890 invalidation2=1 invalidation3=0 invalidation4=0 invalidation5=0
INVALIDATIONS cycle=186878471 reason=0 phase0=83764 phase1=0 phase2=0 phase3=0 phase4=0 phase5=0
INVALIDATIONS cycle=186878471 reason=1 phase0=19889 phase1=1 phase2=0 phase3=0 phase4=0 phase5=0
INVALIDATIONS cycle=186878471 reason=2 phase0=1 phase1=0 phase2=0 phase3=0 phase4=0 phase5=0
INVALIDATIONS cycle=186878471 reason=3 phase0=0 phase1=0 phase2=0 phase3=0 phase4=0 phase5=0
INVALIDATIONS cycle=186878471 reason=4 phase0=0 phase1=0 phase2=0 phase3=0 phase4=0 phase5=0
INVALIDATIONS cycle=186878471 reason=5 phase0=0 phase1=0 phase2=0 phase3=0 phase4=0 phase5=0
ADAPTER cycle=192501327 request_samples=72688398 ack_samples=25802145 instruction_acks=4698229 data_acks=21103916 error_acks=0 fetched_bytes=16190720 dispatches=53000000 known_dispatches=47902058 ir_mismatch=109290 signature_failures=0 secondary_skipped=10117 primary_mismatch_skipped=109290 diagnostic_dropped=0 starts=0 stops=0 callbacks=0 returns=0 aborts=0 unmatched=0 prefix_aborts=1 prefix0=0 prefix1=1 prefix2=0 prefix3=0 prefix4=0 prefix5=0 invalidation0=83924 invalidation1=20954 invalidation2=1 invalidation3=0 invalidation4=0 invalidation5=0
INVALIDATIONS cycle=192501327 reason=0 phase0=83924 phase1=0 phase2=0 phase3=0 phase4=0 phase5=0
INVALIDATIONS cycle=192501327 reason=1 phase0=20953 phase1=1 phase2=0 phase3=0 phase4=0 phase5=0
INVALIDATIONS cycle=192501327 reason=2 phase0=1 phase1=0 phase2=0 phase3=0 phase4=0 phase5=0
INVALIDATIONS cycle=192501327 reason=3 phase0=0 phase1=0 phase2=0 phase3=0 phase4=0 phase5=0
INVALIDATIONS cycle=192501327 reason=4 phase0=0 phase1=0 phase2=0 phase3=0 phase4=0 phase5=0
INVALIDATIONS cycle=192501327 reason=5 phase0=0 phase1=0 phase2=0 phase3=0 phase4=0 phase5=0
ADAPTER cycle=197249326 request_samples=75525417 ack_samples=26317046 instruction_acks=4785647 data_acks=21531399 error_acks=0 fetched_bytes=16505812 dispatches=54000000 known_dispatches=48635717 ir_mismatch=111491 signature_failures=0 secondary_skipped=10478 primary_mismatch_skipped=111491 diagnostic_dropped=0 starts=0 stops=0 callbacks=0 returns=0 aborts=0 unmatched=0 prefix_aborts=1 prefix0=0 prefix1=1 prefix2=0 prefix3=0 prefix4=0 prefix5=0 invalidation0=84074 invalidation1=21492 invalidation2=1 invalidation3=0 invalidation4=0 invalidation5=0
INVALIDATIONS cycle=197249326 reason=0 phase0=84074 phase1=0 phase2=0 phase3=0 phase4=0 phase5=0
INVALIDATIONS cycle=197249326 reason=1 phase0=21491 phase1=1 phase2=0 phase3=0 phase4=0 phase5=0
INVALIDATIONS cycle=197249326 reason=2 phase0=1 phase1=0 phase2=0 phase3=0 phase4=0 phase5=0
INVALIDATIONS cycle=197249326 reason=3 phase0=0 phase1=0 phase2=0 phase3=0 phase4=0 phase5=0
INVALIDATIONS cycle=197249326 reason=4 phase0=0 phase1=0 phase2=0 phase3=0 phase4=0 phase5=0
INVALIDATIONS cycle=197249326 reason=5 phase0=0 phase1=0 phase2=0 phase3=0 phase4=0 phase5=0
ADAPTER cycle=210960118 request_samples=87473955 ack_samples=26944495 instruction_acks=4916112 data_acks=22028383 error_acks=0 fetched_bytes=16977812 dispatches=55000000 known_dispatches=49346627 ir_mismatch=113789 signature_failures=0 secondary_skipped=11360 primary_mismatch_skipped=113789 diagnostic_dropped=0 starts=0 stops=0 callbacks=0 returns=0 aborts=0 unmatched=0 prefix_aborts=1 prefix0=0 prefix1=1 prefix2=0 prefix3=0 prefix4=0 prefix5=0 invalidation0=84404 invalidation1=21895 invalidation2=1 invalidation3=0 invalidation4=0 invalidation5=0
INVALIDATIONS cycle=210960118 reason=0 phase0=84404 phase1=0 phase2=0 phase3=0 phase4=0 phase5=0
INVALIDATIONS cycle=210960118 reason=1 phase0=21894 phase1=1 phase2=0 phase3=0 phase4=0 phase5=0
INVALIDATIONS cycle=210960118 reason=2 phase0=1 phase1=0 phase2=0 phase3=0 phase4=0 phase5=0
INVALIDATIONS cycle=210960118 reason=3 phase0=0 phase1=0 phase2=0 phase3=0 phase4=0 phase5=0
INVALIDATIONS cycle=210960118 reason=4 phase0=0 phase1=0 phase2=0 phase3=0 phase4=0 phase5=0
INVALIDATIONS cycle=210960118 reason=5 phase0=0 phase1=0 phase2=0 phase3=0 phase4=0 phase5=0
ADAPTER cycle=216549902 request_samples=90428157 ack_samples=28012935 instruction_acks=5250296 data_acks=22762639 error_acks=0 fetched_bytes=18203826 dispatches=56000000 known_dispatches=49866004 ir_mismatch=126339 signature_failures=0 secondary_skipped=18421 primary_mismatch_skipped=126339 diagnostic_dropped=0 starts=0 stops=0 callbacks=0 returns=0 aborts=0 unmatched=0 prefix_aborts=1 prefix0=0 prefix1=1 prefix2=0 prefix3=0 prefix4=0 prefix5=0 invalidation0=84534 invalidation1=26264 invalidation2=1 invalidation3=0 invalidation4=0 invalidation5=0
INVALIDATIONS cycle=216549902 reason=0 phase0=84534 phase1=0 phase2=0 phase3=0 phase4=0 phase5=0
INVALIDATIONS cycle=216549902 reason=1 phase0=26263 phase1=1 phase2=0 phase3=0 phase4=0 phase5=0
INVALIDATIONS cycle=216549902 reason=2 phase0=1 phase1=0 phase2=0 phase3=0 phase4=0 phase5=0
INVALIDATIONS cycle=216549902 reason=3 phase0=0 phase1=0 phase2=0 phase3=0 phase4=0 phase5=0
INVALIDATIONS cycle=216549902 reason=4 phase0=0 phase1=0 phase2=0 phase3=0 phase4=0 phase5=0
INVALIDATIONS cycle=216549902 reason=5 phase0=0 phase1=0 phase2=0 phase3=0 phase4=0 phase5=0
ADAPTER cycle=220079706 request_samples=91970104 ack_samples=28860040 instruction_acks=5525135 data_acks=23334905 error_acks=0 fetched_bytes=19224098 dispatches=57000000 known_dispatches=50322933 ir_mismatch=136344 signature_failures=0 secondary_skipped=20267 primary_mismatch_skipped=136344 diagnostic_dropped=0 starts=0 stops=0 callbacks=0 returns=0 aborts=0 unmatched=0 prefix_aborts=1 prefix0=0 prefix1=1 prefix2=0 prefix3=0 prefix4=0 prefix5=0 invalidation0=84624 invalidation1=27535 invalidation2=1 invalidation3=0 invalidation4=0 invalidation5=0
INVALIDATIONS cycle=220079706 reason=0 phase0=84624 phase1=0 phase2=0 phase3=0 phase4=0 phase5=0
INVALIDATIONS cycle=220079706 reason=1 phase0=27534 phase1=1 phase2=0 phase3=0 phase4=0 phase5=0
INVALIDATIONS cycle=220079706 reason=2 phase0=1 phase1=0 phase2=0 phase3=0 phase4=0 phase5=0
INVALIDATIONS cycle=220079706 reason=3 phase0=0 phase1=0 phase2=0 phase3=0 phase4=0 phase5=0
INVALIDATIONS cycle=220079706 reason=4 phase0=0 phase1=0 phase2=0 phase3=0 phase4=0 phase5=0
INVALIDATIONS cycle=220079706 reason=5 phase0=0 phase1=0 phase2=0 phase3=0 phase4=0 phase5=0
ADAPTER cycle=225749032 request_samples=95383412 ack_samples=29811756 instruction_acks=5877640 data_acks=23934116 error_acks=0 fetched_bytes=20497468 dispatches=58000000 known_dispatches=50865268 ir_mismatch=145233 signature_failures=0 secondary_skipped=23240 primary_mismatch_skipped=145233 diagnostic_dropped=0 starts=0 stops=0 callbacks=0 returns=0 aborts=0 unmatched=0 prefix_aborts=1 prefix0=0 prefix1=1 prefix2=0 prefix3=0 prefix4=0 prefix5=0 invalidation0=84754 invalidation1=31258 invalidation2=1 invalidation3=0 invalidation4=0 invalidation5=0
INVALIDATIONS cycle=225749032 reason=0 phase0=84754 phase1=0 phase2=0 phase3=0 phase4=0 phase5=0
INVALIDATIONS cycle=225749032 reason=1 phase0=31257 phase1=1 phase2=0 phase3=0 phase4=0 phase5=0
INVALIDATIONS cycle=225749032 reason=2 phase0=1 phase1=0 phase2=0 phase3=0 phase4=0 phase5=0
INVALIDATIONS cycle=225749032 reason=3 phase0=0 phase1=0 phase2=0 phase3=0 phase4=0 phase5=0
INVALIDATIONS cycle=225749032 reason=4 phase0=0 phase1=0 phase2=0 phase3=0 phase4=0 phase5=0
INVALIDATIONS cycle=225749032 reason=5 phase0=0 phase1=0 phase2=0 phase3=0 phase4=0 phase5=0
ADAPTER cycle=231975980 request_samples=99655057 ack_samples=30682366 instruction_acks=6200267 data_acks=24482099 error_acks=0 fetched_bytes=21635132 dispatches=59000000 known_dispatches=51498739 ir_mismatch=151783 signature_failures=0 secondary_skipped=24996 primary_mismatch_skipped=151783 diagnostic_dropped=0 starts=0 stops=0 callbacks=0 returns=0 aborts=0 unmatched=0 prefix_aborts=1 prefix0=0 prefix1=1 prefix2=0 prefix3=0 prefix4=0 prefix5=0 invalidation0=86094 invalidation1=32487 invalidation2=1 invalidation3=0 invalidation4=0 invalidation5=0
INVALIDATIONS cycle=231975980 reason=0 phase0=86094 phase1=0 phase2=0 phase3=0 phase4=0 phase5=0
INVALIDATIONS cycle=231975980 reason=1 phase0=32486 phase1=1 phase2=0 phase3=0 phase4=0 phase5=0
INVALIDATIONS cycle=231975980 reason=2 phase0=1 phase1=0 phase2=0 phase3=0 phase4=0 phase5=0
INVALIDATIONS cycle=231975980 reason=3 phase0=0 phase1=0 phase2=0 phase3=0 phase4=0 phase5=0
INVALIDATIONS cycle=231975980 reason=4 phase0=0 phase1=0 phase2=0 phase3=0 phase4=0 phase5=0
INVALIDATIONS cycle=231975980 reason=5 phase0=0 phase1=0 phase2=0 phase3=0 phase4=0 phase5=0
ADAPTER cycle=241381314 request_samples=106557959 ack_samples=31746059 instruction_acks=6608052 data_acks=25138007 error_acks=0 fetched_bytes=23110120 dispatches=60000000 known_dispatches=52132930 ir_mismatch=165399 signature_failures=0 secondary_skipped=29916 primary_mismatch_skipped=165399 diagnostic_dropped=0 starts=0 stops=0 callbacks=0 returns=0 aborts=0 unmatched=0 prefix_aborts=1 prefix0=0 prefix1=1 prefix2=0 prefix3=0 prefix4=0 prefix5=0 invalidation0=86314 invalidation1=37371 invalidation2=1 invalidation3=0 invalidation4=0 invalidation5=0
INVALIDATIONS cycle=241381314 reason=0 phase0=86314 phase1=0 phase2=0 phase3=0 phase4=0 phase5=0
INVALIDATIONS cycle=241381314 reason=1 phase0=37370 phase1=1 phase2=0 phase3=0 phase4=0 phase5=0
INVALIDATIONS cycle=241381314 reason=2 phase0=1 phase1=0 phase2=0 phase3=0 phase4=0 phase5=0
INVALIDATIONS cycle=241381314 reason=3 phase0=0 phase1=0 phase2=0 phase3=0 phase4=0 phase5=0
INVALIDATIONS cycle=241381314 reason=4 phase0=0 phase1=0 phase2=0 phase3=0 phase4=0 phase5=0
INVALIDATIONS cycle=241381314 reason=5 phase0=0 phase1=0 phase2=0 phase3=0 phase4=0 phase5=0
ADAPTER cycle=246410183 request_samples=109657621 ack_samples=32368890 instruction_acks=6795100 data_acks=25573790 error_acks=0 fetched_bytes=23784948 dispatches=61000000 known_dispatches=52858492 ir_mismatch=171170 signature_failures=0 secondary_skipped=31513 primary_mismatch_skipped=171170 diagnostic_dropped=0 starts=0 stops=0 callbacks=0 returns=0 aborts=0 unmatched=0 prefix_aborts=1 prefix0=0 prefix1=1 prefix2=0 prefix3=0 prefix4=0 prefix5=0 invalidation0=86524 invalidation1=38795 invalidation2=1 invalidation3=0 invalidation4=0 invalidation5=0
INVALIDATIONS cycle=246410183 reason=0 phase0=86524 phase1=0 phase2=0 phase3=0 phase4=0 phase5=0
INVALIDATIONS cycle=246410183 reason=1 phase0=38794 phase1=1 phase2=0 phase3=0 phase4=0 phase5=0
INVALIDATIONS cycle=246410183 reason=2 phase0=1 phase1=0 phase2=0 phase3=0 phase4=0 phase5=0
INVALIDATIONS cycle=246410183 reason=3 phase0=0 phase1=0 phase2=0 phase3=0 phase4=0 phase5=0
INVALIDATIONS cycle=246410183 reason=4 phase0=0 phase1=0 phase2=0 phase3=0 phase4=0 phase5=0
INVALIDATIONS cycle=246410183 reason=5 phase0=0 phase1=0 phase2=0 phase3=0 phase4=0 phase5=0
ADAPTER cycle=251609549 request_samples=112661039 ack_samples=33089514 instruction_acks=7013773 data_acks=26075741 error_acks=0 fetched_bytes=24570322 dispatches=62000000 known_dispatches=53557990 ir_mismatch=179864 signature_failures=0 secondary_skipped=34026 primary_mismatch_skipped=179864 diagnostic_dropped=0 starts=0 stops=0 callbacks=0 returns=0 aborts=0 unmatched=0 prefix_aborts=1 prefix0=0 prefix1=1 prefix2=0 prefix3=0 prefix4=0 prefix5=0 invalidation0=86654 invalidation1=41454 invalidation2=1 invalidation3=0 invalidation4=0 invalidation5=0
INVALIDATIONS cycle=251609549 reason=0 phase0=86654 phase1=0 phase2=0 phase3=0 phase4=0 phase5=0
INVALIDATIONS cycle=251609549 reason=1 phase0=41453 phase1=1 phase2=0 phase3=0 phase4=0 phase5=0
INVALIDATIONS cycle=251609549 reason=2 phase0=1 phase1=0 phase2=0 phase3=0 phase4=0 phase5=0
INVALIDATIONS cycle=251609549 reason=3 phase0=0 phase1=0 phase2=0 phase3=0 phase4=0 phase5=0
INVALIDATIONS cycle=251609549 reason=4 phase0=0 phase1=0 phase2=0 phase3=0 phase4=0 phase5=0
INVALIDATIONS cycle=251609549 reason=5 phase0=0 phase1=0 phase2=0 phase3=0 phase4=0 phase5=0
ADAPTER cycle=255829000 request_samples=115160087 ack_samples=33803153 instruction_acks=7223375 data_acks=26579778 error_acks=0 fetched_bytes=25329722 dispatches=63000000 known_dispatches=54301556 ir_mismatch=183996 signature_failures=0 secondary_skipped=34728 primary_mismatch_skipped=183996 diagnostic_dropped=0 starts=0 stops=0 callbacks=0 returns=0 aborts=0 unmatched=0 prefix_aborts=1 prefix0=0 prefix1=1 prefix2=0 prefix3=0 prefix4=0 prefix5=0 invalidation0=87494 invalidation1=41932 invalidation2=1 invalidation3=0 invalidation4=0 invalidation5=0
INVALIDATIONS cycle=255829000 reason=0 phase0=87494 phase1=0 phase2=0 phase3=0 phase4=0 phase5=0
INVALIDATIONS cycle=255829000 reason=1 phase0=41931 phase1=1 phase2=0 phase3=0 phase4=0 phase5=0
INVALIDATIONS cycle=255829000 reason=2 phase0=1 phase1=0 phase2=0 phase3=0 phase4=0 phase5=0
INVALIDATIONS cycle=255829000 reason=3 phase0=0 phase1=0 phase2=0 phase3=0 phase4=0 phase5=0
INVALIDATIONS cycle=255829000 reason=4 phase0=0 phase1=0 phase2=0 phase3=0 phase4=0 phase5=0
INVALIDATIONS cycle=255829000 reason=5 phase0=0 phase1=0 phase2=0 phase3=0 phase4=0 phase5=0
ADAPTER cycle=260682116 request_samples=117889065 ack_samples=34653398 instruction_acks=7427865 data_acks=27225533 error_acks=0 fetched_bytes=26066712 dispatches=64000000 known_dispatches=54959133 ir_mismatch=188880 signature_failures=0 secondary_skipped=35235 primary_mismatch_skipped=188880 diagnostic_dropped=0 starts=0 stops=0 callbacks=0 returns=0 aborts=0 unmatched=0 prefix_aborts=1 prefix0=0 prefix1=1 prefix2=0 prefix3=0 prefix4=0 prefix5=0 invalidation0=88234 invalidation1=42540 invalidation2=1 invalidation3=0 invalidation4=0 invalidation5=0
INVALIDATIONS cycle=260682116 reason=0 phase0=88234 phase1=0 phase2=0 phase3=0 phase4=0 phase5=0
INVALIDATIONS cycle=260682116 reason=1 phase0=42539 phase1=1 phase2=0 phase3=0 phase4=0 phase5=0
INVALIDATIONS cycle=260682116 reason=2 phase0=1 phase1=0 phase2=0 phase3=0 phase4=0 phase5=0
INVALIDATIONS cycle=260682116 reason=3 phase0=0 phase1=0 phase2=0 phase3=0 phase4=0 phase5=0
INVALIDATIONS cycle=260682116 reason=4 phase0=0 phase1=0 phase2=0 phase3=0 phase4=0 phase5=0
INVALIDATIONS cycle=260682116 reason=5 phase0=0 phase1=0 phase2=0 phase3=0 phase4=0 phase5=0
ADAPTER cycle=267556421 request_samples=122692141 ack_samples=35469590 instruction_acks=7688953 data_acks=27780637 error_acks=0 fetched_bytes=26972254 dispatches=65000000 known_dispatches=55550672 ir_mismatch=196992 signature_failures=0 secondary_skipped=36133 primary_mismatch_skipped=196992 diagnostic_dropped=0 starts=0 stops=0 callbacks=0 returns=0 aborts=0 unmatched=0 prefix_aborts=1 prefix0=0 prefix1=1 prefix2=0 prefix3=0 prefix4=0 prefix5=0 invalidation0=93484 invalidation1=44730 invalidation2=1 invalidation3=0 invalidation4=0 invalidation5=0
INVALIDATIONS cycle=267556421 reason=0 phase0=93484 phase1=0 phase2=0 phase3=0 phase4=0 phase5=0
INVALIDATIONS cycle=267556421 reason=1 phase0=44729 phase1=1 phase2=0 phase3=0 phase4=0 phase5=0
INVALIDATIONS cycle=267556421 reason=2 phase0=1 phase1=0 phase2=0 phase3=0 phase4=0 phase5=0
INVALIDATIONS cycle=267556421 reason=3 phase0=0 phase1=0 phase2=0 phase3=0 phase4=0 phase5=0
INVALIDATIONS cycle=267556421 reason=4 phase0=0 phase1=0 phase2=0 phase3=0 phase4=0 phase5=0
INVALIDATIONS cycle=267556421 reason=5 phase0=0 phase1=0 phase2=0 phase3=0 phase4=0 phase5=0
ADAPTER cycle=273195294 request_samples=126393107 ack_samples=36398677 instruction_acks=8030335 data_acks=28368342 error_acks=0 fetched_bytes=28158682 dispatches=66000000 known_dispatches=56166821 ir_mismatch=216644 signature_failures=0 secondary_skipped=37130 primary_mismatch_skipped=216644 diagnostic_dropped=0 starts=0 stops=0 callbacks=0 returns=0 aborts=0 unmatched=0 prefix_aborts=1 prefix0=0 prefix1=1 prefix2=0 prefix3=0 prefix4=0 prefix5=0 invalidation0=93914 invalidation1=45457 invalidation2=1 invalidation3=0 invalidation4=0 invalidation5=0
INVALIDATIONS cycle=273195294 reason=0 phase0=93914 phase1=0 phase2=0 phase3=0 phase4=0 phase5=0
INVALIDATIONS cycle=273195294 reason=1 phase0=45456 phase1=1 phase2=0 phase3=0 phase4=0 phase5=0
INVALIDATIONS cycle=273195294 reason=2 phase0=1 phase1=0 phase2=0 phase3=0 phase4=0 phase5=0
INVALIDATIONS cycle=273195294 reason=3 phase0=0 phase1=0 phase2=0 phase3=0 phase4=0 phase5=0
INVALIDATIONS cycle=273195294 reason=4 phase0=0 phase1=0 phase2=0 phase3=0 phase4=0 phase5=0
INVALIDATIONS cycle=273195294 reason=5 phase0=0 phase1=0 phase2=0 phase3=0 phase4=0 phase5=0
ADAPTER cycle=279006287 request_samples=130310162 ack_samples=37230718 instruction_acks=8308388 data_acks=28922330 error_acks=0 fetched_bytes=29149104 dispatches=67000000 known_dispatches=56836511 ir_mismatch=229683 signature_failures=0 secondary_skipped=38062 primary_mismatch_skipped=229683 diagnostic_dropped=0 starts=0 stops=0 callbacks=0 returns=0 aborts=0 unmatched=0 prefix_aborts=1 prefix0=0 prefix1=1 prefix2=0 prefix3=0 prefix4=0 prefix5=0 invalidation0=94054 invalidation1=46126 invalidation2=1 invalidation3=0 invalidation4=0 invalidation5=0
INVALIDATIONS cycle=279006287 reason=0 phase0=94054 phase1=0 phase2=0 phase3=0 phase4=0 phase5=0
INVALIDATIONS cycle=279006287 reason=1 phase0=46125 phase1=1 phase2=0 phase3=0 phase4=0 phase5=0
INVALIDATIONS cycle=279006287 reason=2 phase0=1 phase1=0 phase2=0 phase3=0 phase4=0 phase5=0
INVALIDATIONS cycle=279006287 reason=3 phase0=0 phase1=0 phase2=0 phase3=0 phase4=0 phase5=0
INVALIDATIONS cycle=279006287 reason=4 phase0=0 phase1=0 phase2=0 phase3=0 phase4=0 phase5=0
INVALIDATIONS cycle=279006287 reason=5 phase0=0 phase1=0 phase2=0 phase3=0 phase4=0 phase5=0
ADAPTER cycle=282471023 request_samples=131618414 ack_samples=37481789 instruction_acks=8468537 data_acks=29013252 error_acks=0 fetched_bytes=29782084 dispatches=68000000 known_dispatches=57341679 ir_mismatch=230022 signature_failures=0 secondary_skipped=38218 primary_mismatch_skipped=230022 diagnostic_dropped=0 starts=0 stops=0 callbacks=0 returns=0 aborts=0 unmatched=0 prefix_aborts=1 prefix0=0 prefix1=1 prefix2=0 prefix3=0 prefix4=0 prefix5=0 invalidation0=94134 invalidation1=46142 invalidation2=1 invalidation3=0 invalidation4=0 invalidation5=0
INVALIDATIONS cycle=282471023 reason=0 phase0=94134 phase1=0 phase2=0 phase3=0 phase4=0 phase5=0
INVALIDATIONS cycle=282471023 reason=1 phase0=46141 phase1=1 phase2=0 phase3=0 phase4=0 phase5=0
INVALIDATIONS cycle=282471023 reason=2 phase0=1 phase1=0 phase2=0 phase3=0 phase4=0 phase5=0
INVALIDATIONS cycle=282471023 reason=3 phase0=0 phase1=0 phase2=0 phase3=0 phase4=0 phase5=0
INVALIDATIONS cycle=282471023 reason=4 phase0=0 phase1=0 phase2=0 phase3=0 phase4=0 phase5=0
INVALIDATIONS cycle=282471023 reason=5 phase0=0 phase1=0 phase2=0 phase3=0 phase4=0 phase5=0
ADAPTER cycle=285085275 request_samples=132158674 ack_samples=37540039 instruction_acks=8481530 data_acks=29058509 error_acks=0 fetched_bytes=29825460 dispatches=69000000 known_dispatches=57860397 ir_mismatch=230593 signature_failures=0 secondary_skipped=38356 primary_mismatch_skipped=230593 diagnostic_dropped=0 starts=0 stops=0 callbacks=0 returns=0 aborts=0 unmatched=0 prefix_aborts=1 prefix0=0 prefix1=1 prefix2=0 prefix3=0 prefix4=0 prefix5=0 invalidation0=94194 invalidation1=46154 invalidation2=1 invalidation3=0 invalidation4=0 invalidation5=0
INVALIDATIONS cycle=285085275 reason=0 phase0=94194 phase1=0 phase2=0 phase3=0 phase4=0 phase5=0
INVALIDATIONS cycle=285085275 reason=1 phase0=46153 phase1=1 phase2=0 phase3=0 phase4=0 phase5=0
INVALIDATIONS cycle=285085275 reason=2 phase0=1 phase1=0 phase2=0 phase3=0 phase4=0 phase5=0
INVALIDATIONS cycle=285085275 reason=3 phase0=0 phase1=0 phase2=0 phase3=0 phase4=0 phase5=0
INVALIDATIONS cycle=285085275 reason=4 phase0=0 phase1=0 phase2=0 phase3=0 phase4=0 phase5=0
INVALIDATIONS cycle=285085275 reason=5 phase0=0 phase1=0 phase2=0 phase3=0 phase4=0 phase5=0
ADAPTER cycle=287713437 request_samples=132711210 ack_samples=37599626 instruction_acks=8494808 data_acks=29104818 error_acks=0 fetched_bytes=29869828 dispatches=70000000 known_dispatches=58344158 ir_mismatch=231162 signature_failures=0 secondary_skipped=38500 primary_mismatch_skipped=231162 diagnostic_dropped=0 starts=0 stops=0 callbacks=0 returns=0 aborts=0 unmatched=0 prefix_aborts=1 prefix0=0 prefix1=1 prefix2=0 prefix3=0 prefix4=0 prefix5=0 invalidation0=94264 invalidation1=46168 invalidation2=1 invalidation3=0 invalidation4=0 invalidation5=0
INVALIDATIONS cycle=287713437 reason=0 phase0=94264 phase1=0 phase2=0 phase3=0 phase4=0 phase5=0
INVALIDATIONS cycle=287713437 reason=1 phase0=46167 phase1=1 phase2=0 phase3=0 phase4=0 phase5=0
INVALIDATIONS cycle=287713437 reason=2 phase0=1 phase1=0 phase2=0 phase3=0 phase4=0 phase5=0
INVALIDATIONS cycle=287713437 reason=3 phase0=0 phase1=0 phase2=0 phase3=0 phase4=0 phase5=0
INVALIDATIONS cycle=287713437 reason=4 phase0=0 phase1=0 phase2=0 phase3=0 phase4=0 phase5=0
INVALIDATIONS cycle=287713437 reason=5 phase0=0 phase1=0 phase2=0 phase3=0 phase4=0 phase5=0
ADAPTER cycle=290303519 request_samples=133230364 ack_samples=37655804 instruction_acks=8507475 data_acks=29148329 error_acks=0 fetched_bytes=29912076 dispatches=71000000 known_dispatches=59033338 ir_mismatch=231739 signature_failures=0 secondary_skipped=38638 primary_mismatch_skipped=231739 diagnostic_dropped=0 starts=0 stops=0 callbacks=0 returns=0 aborts=0 unmatched=0 prefix_aborts=1 prefix0=0 prefix1=1 prefix2=0 prefix3=0 prefix4=0 prefix5=0 invalidation0=94324 invalidation1=46180 invalidation2=1 invalidation3=0 invalidation4=0 invalidation5=0
INVALIDATIONS cycle=290303519 reason=0 phase0=94324 phase1=0 phase2=0 phase3=0 phase4=0 phase5=0
INVALIDATIONS cycle=290303519 reason=1 phase0=46179 phase1=1 phase2=0 phase3=0 phase4=0 phase5=0
INVALIDATIONS cycle=290303519 reason=2 phase0=1 phase1=0 phase2=0 phase3=0 phase4=0 phase5=0
INVALIDATIONS cycle=290303519 reason=3 phase0=0 phase1=0 phase2=0 phase3=0 phase4=0 phase5=0
INVALIDATIONS cycle=290303519 reason=4 phase0=0 phase1=0 phase2=0 phase3=0 phase4=0 phase5=0
INVALIDATIONS cycle=290303519 reason=5 phase0=0 phase1=0 phase2=0 phase3=0 phase4=0 phase5=0
ADAPTER cycle=292917875 request_samples=133770764 ack_samples=37714090 instruction_acks=8520484 data_acks=29193606 error_acks=0 fetched_bytes=29955530 dispatches=72000000 known_dispatches=59767305 ir_mismatch=232309 signature_failures=0 secondary_skipped=38776 primary_mismatch_skipped=232309 diagnostic_dropped=0 starts=0 stops=0 callbacks=0 returns=0 aborts=0 unmatched=0 prefix_aborts=1 prefix0=0 prefix1=1 prefix2=0 prefix3=0 prefix4=0 prefix5=0 invalidation0=94384 invalidation1=46192 invalidation2=1 invalidation3=0 invalidation4=0 invalidation5=0
INVALIDATIONS cycle=292917875 reason=0 phase0=94384 phase1=0 phase2=0 phase3=0 phase4=0 phase5=0
INVALIDATIONS cycle=292917875 reason=1 phase0=46191 phase1=1 phase2=0 phase3=0 phase4=0 phase5=0
INVALIDATIONS cycle=292917875 reason=2 phase0=1 phase1=0 phase2=0 phase3=0 phase4=0 phase5=0
INVALIDATIONS cycle=292917875 reason=3 phase0=0 phase1=0 phase2=0 phase3=0 phase4=0 phase5=0
INVALIDATIONS cycle=292917875 reason=4 phase0=0 phase1=0 phase2=0 phase3=0 phase4=0 phase5=0
INVALIDATIONS cycle=292917875 reason=5 phase0=0 phase1=0 phase2=0 phase3=0 phase4=0 phase5=0
ADAPTER cycle=295529883 request_samples=134309054 ack_samples=37771811 instruction_acks=8533289 data_acks=29238522 error_acks=0 fetched_bytes=29998240 dispatches=73000000 known_dispatches=60387758 ir_mismatch=232882 signature_failures=0 secondary_skipped=38914 primary_mismatch_skipped=232882 diagnostic_dropped=0 starts=0 stops=0 callbacks=0 returns=0 aborts=0 unmatched=0 prefix_aborts=1 prefix0=0 prefix1=1 prefix2=0 prefix3=0 prefix4=0 prefix5=0 invalidation0=94444 invalidation1=46204 invalidation2=1 invalidation3=0 invalidation4=0 invalidation5=0
INVALIDATIONS cycle=295529883 reason=0 phase0=94444 phase1=0 phase2=0 phase3=0 phase4=0 phase5=0
INVALIDATIONS cycle=295529883 reason=1 phase0=46203 phase1=1 phase2=0 phase3=0 phase4=0 phase5=0
INVALIDATIONS cycle=295529883 reason=2 phase0=1 phase1=0 phase2=0 phase3=0 phase4=0 phase5=0
INVALIDATIONS cycle=295529883 reason=3 phase0=0 phase1=0 phase2=0 phase3=0 phase4=0 phase5=0
INVALIDATIONS cycle=295529883 reason=4 phase0=0 phase1=0 phase2=0 phase3=0 phase4=0 phase5=0
INVALIDATIONS cycle=295529883 reason=5 phase0=0 phase1=0 phase2=0 phase3=0 phase4=0 phase5=0
ADAPTER cycle=298112264 request_samples=134821419 ack_samples=37827934 instruction_acks=8546157 data_acks=29281777 error_acks=0 fetched_bytes=30041196 dispatches=74000000 known_dispatches=61041831 ir_mismatch=233456 signature_failures=0 secondary_skipped=39058 primary_mismatch_skipped=233456 diagnostic_dropped=0 starts=0 stops=0 callbacks=0 returns=0 aborts=0 unmatched=0 prefix_aborts=1 prefix0=0 prefix1=1 prefix2=0 prefix3=0 prefix4=0 prefix5=0 invalidation0=94504 invalidation1=46216 invalidation2=1 invalidation3=0 invalidation4=0 invalidation5=0
INVALIDATIONS cycle=298112264 reason=0 phase0=94504 phase1=0 phase2=0 phase3=0 phase4=0 phase5=0
INVALIDATIONS cycle=298112264 reason=1 phase0=46215 phase1=1 phase2=0 phase3=0 phase4=0 phase5=0
INVALIDATIONS cycle=298112264 reason=2 phase0=1 phase1=0 phase2=0 phase3=0 phase4=0 phase5=0
INVALIDATIONS cycle=298112264 reason=3 phase0=0 phase1=0 phase2=0 phase3=0 phase4=0 phase5=0
INVALIDATIONS cycle=298112264 reason=4 phase0=0 phase1=0 phase2=0 phase3=0 phase4=0 phase5=0
INVALIDATIONS cycle=298112264 reason=5 phase0=0 phase1=0 phase2=0 phase3=0 phase4=0 phase5=0
ADAPTER cycle=300657193 request_samples=135301013 ack_samples=37880861 instruction_acks=8558473 data_acks=29322388 error_acks=0 fetched_bytes=30082240 dispatches=75000000 known_dispatches=61726555 ir_mismatch=234041 signature_failures=0 secondary_skipped=39196 primary_mismatch_skipped=234041 diagnostic_dropped=0 starts=0 stops=0 callbacks=0 returns=0 aborts=0 unmatched=0 prefix_aborts=1 prefix0=0 prefix1=1 prefix2=0 prefix3=0 prefix4=0 prefix5=0 invalidation0=94564 invalidation1=46228 invalidation2=1 invalidation3=0 invalidation4=0 invalidation5=0
INVALIDATIONS cycle=300657193 reason=0 phase0=94564 phase1=0 phase2=0 phase3=0 phase4=0 phase5=0
INVALIDATIONS cycle=300657193 reason=1 phase0=46227 phase1=1 phase2=0 phase3=0 phase4=0 phase5=0
INVALIDATIONS cycle=300657193 reason=2 phase0=1 phase1=0 phase2=0 phase3=0 phase4=0 phase5=0
INVALIDATIONS cycle=300657193 reason=3 phase0=0 phase1=0 phase2=0 phase3=0 phase4=0 phase5=0
INVALIDATIONS cycle=300657193 reason=4 phase0=0 phase1=0 phase2=0 phase3=0 phase4=0 phase5=0
INVALIDATIONS cycle=300657193 reason=5 phase0=0 phase1=0 phase2=0 phase3=0 phase4=0 phase5=0
ADAPTER cycle=303261544 request_samples=135832965 ack_samples=37938483 instruction_acks=8571489 data_acks=29366994 error_acks=0 fetched_bytes=30125722 dispatches=76000000 known_dispatches=62374718 ir_mismatch=234615 signature_failures=0 secondary_skipped=39334 primary_mismatch_skipped=234615 diagnostic_dropped=0 starts=0 stops=0 callbacks=0 returns=0 aborts=0 unmatched=0 prefix_aborts=1 prefix0=0 prefix1=1 prefix2=0 prefix3=0 prefix4=0 prefix5=0 invalidation0=94634 invalidation1=46242 invalidation2=1 invalidation3=0 invalidation4=0 invalidation5=0
INVALIDATIONS cycle=303261544 reason=0 phase0=94634 phase1=0 phase2=0 phase3=0 phase4=0 phase5=0
INVALIDATIONS cycle=303261544 reason=1 phase0=46241 phase1=1 phase2=0 phase3=0 phase4=0 phase5=0
INVALIDATIONS cycle=303261544 reason=2 phase0=1 phase1=0 phase2=0 phase3=0 phase4=0 phase5=0
INVALIDATIONS cycle=303261544 reason=3 phase0=0 phase1=0 phase2=0 phase3=0 phase4=0 phase5=0
INVALIDATIONS cycle=303261544 reason=4 phase0=0 phase1=0 phase2=0 phase3=0 phase4=0 phase5=0
INVALIDATIONS cycle=303261544 reason=5 phase0=0 phase1=0 phase2=0 phase3=0 phase4=0 phase5=0
ADAPTER cycle=305864585 request_samples=136363396 ack_samples=37995907 instruction_acks=8584402 data_acks=29411505 error_acks=0 fetched_bytes=30168808 dispatches=77000000 known_dispatches=62885755 ir_mismatch=235191 signature_failures=0 secondary_skipped=39472 primary_mismatch_skipped=235191 diagnostic_dropped=0 starts=0 stops=0 callbacks=0 returns=0 aborts=0 unmatched=0 prefix_aborts=1 prefix0=0 prefix1=1 prefix2=0 prefix3=0 prefix4=0 prefix5=0 invalidation0=94694 invalidation1=46254 invalidation2=1 invalidation3=0 invalidation4=0 invalidation5=0
INVALIDATIONS cycle=305864585 reason=0 phase0=94694 phase1=0 phase2=0 phase3=0 phase4=0 phase5=0
INVALIDATIONS cycle=305864585 reason=1 phase0=46253 phase1=1 phase2=0 phase3=0 phase4=0 phase5=0
INVALIDATIONS cycle=305864585 reason=2 phase0=1 phase1=0 phase2=0 phase3=0 phase4=0 phase5=0
INVALIDATIONS cycle=305864585 reason=3 phase0=0 phase1=0 phase2=0 phase3=0 phase4=0 phase5=0
INVALIDATIONS cycle=305864585 reason=4 phase0=0 phase1=0 phase2=0 phase3=0 phase4=0 phase5=0
INVALIDATIONS cycle=305864585 reason=5 phase0=0 phase1=0 phase2=0 phase3=0 phase4=0 phase5=0
ADAPTER cycle=308500293 request_samples=136922473 ack_samples=38055576 instruction_acks=8597481 data_acks=29458095 error_acks=0 fetched_bytes=30212486 dispatches=78000000 known_dispatches=63487837 ir_mismatch=235760 signature_failures=0 secondary_skipped=39610 primary_mismatch_skipped=235760 diagnostic_dropped=0 starts=0 stops=0 callbacks=0 returns=0 aborts=0 unmatched=0 prefix_aborts=1 prefix0=0 prefix1=1 prefix2=0 prefix3=0 prefix4=0 prefix5=0 invalidation0=94754 invalidation1=46266 invalidation2=1 invalidation3=0 invalidation4=0 invalidation5=0
INVALIDATIONS cycle=308500293 reason=0 phase0=94754 phase1=0 phase2=0 phase3=0 phase4=0 phase5=0
INVALIDATIONS cycle=308500293 reason=1 phase0=46265 phase1=1 phase2=0 phase3=0 phase4=0 phase5=0
INVALIDATIONS cycle=308500293 reason=2 phase0=1 phase1=0 phase2=0 phase3=0 phase4=0 phase5=0
INVALIDATIONS cycle=308500293 reason=3 phase0=0 phase1=0 phase2=0 phase3=0 phase4=0 phase5=0
INVALIDATIONS cycle=308500293 reason=4 phase0=0 phase1=0 phase2=0 phase3=0 phase4=0 phase5=0
INVALIDATIONS cycle=308500293 reason=5 phase0=0 phase1=0 phase2=0 phase3=0 phase4=0 phase5=0
ADAPTER cycle=311057507 request_samples=137412881 ack_samples=38109489 instruction_acks=8609961 data_acks=29499528 error_acks=0 fetched_bytes=30254118 dispatches=79000000 known_dispatches=64182525 ir_mismatch=236339 signature_failures=0 secondary_skipped=39748 primary_mismatch_skipped=236339 diagnostic_dropped=0 starts=0 stops=0 callbacks=0 returns=0 aborts=0 unmatched=0 prefix_aborts=1 prefix0=0 prefix1=1 prefix2=0 prefix3=0 prefix4=0 prefix5=0 invalidation0=94814 invalidation1=46278 invalidation2=1 invalidation3=0 invalidation4=0 invalidation5=0
INVALIDATIONS cycle=311057507 reason=0 phase0=94814 phase1=0 phase2=0 phase3=0 phase4=0 phase5=0
INVALIDATIONS cycle=311057507 reason=1 phase0=46277 phase1=1 phase2=0 phase3=0 phase4=0 phase5=0
INVALIDATIONS cycle=311057507 reason=2 phase0=1 phase1=0 phase2=0 phase3=0 phase4=0 phase5=0
INVALIDATIONS cycle=311057507 reason=3 phase0=0 phase1=0 phase2=0 phase3=0 phase4=0 phase5=0
INVALIDATIONS cycle=311057507 reason=4 phase0=0 phase1=0 phase2=0 phase3=0 phase4=0 phase5=0
INVALIDATIONS cycle=311057507 reason=5 phase0=0 phase1=0 phase2=0 phase3=0 phase4=0 phase5=0
ADAPTER cycle=313660687 request_samples=137943463 ack_samples=38166875 instruction_acks=8622846 data_acks=29544029 error_acks=0 fetched_bytes=30297114 dispatches=80000000 known_dispatches=64906362 ir_mismatch=236910 signature_failures=0 secondary_skipped=39892 primary_mismatch_skipped=236910 diagnostic_dropped=0 starts=0 stops=0 callbacks=0 returns=0 aborts=0 unmatched=0 prefix_aborts=1 prefix0=0 prefix1=1 prefix2=0 prefix3=0 prefix4=0 prefix5=0 invalidation0=94874 invalidation1=46290 invalidation2=1 invalidation3=0 invalidation4=0 invalidation5=0
INVALIDATIONS cycle=313660687 reason=0 phase0=94874 phase1=0 phase2=0 phase3=0 phase4=0 phase5=0
INVALIDATIONS cycle=313660687 reason=1 phase0=46289 phase1=1 phase2=0 phase3=0 phase4=0 phase5=0
INVALIDATIONS cycle=313660687 reason=2 phase0=1 phase1=0 phase2=0 phase3=0 phase4=0 phase5=0
INVALIDATIONS cycle=313660687 reason=3 phase0=0 phase1=0 phase2=0 phase3=0 phase4=0 phase5=0
INVALIDATIONS cycle=313660687 reason=4 phase0=0 phase1=0 phase2=0 phase3=0 phase4=0 phase5=0
INVALIDATIONS cycle=313660687 reason=5 phase0=0 phase1=0 phase2=0 phase3=0 phase4=0 phase5=0
ADAPTER cycle=316274855 request_samples=138483779 ack_samples=38225064 instruction_acks=8635826 data_acks=29589238 error_acks=0 fetched_bytes=30340460 dispatches=81000000 known_dispatches=65630548 ir_mismatch=237482 signature_failures=0 secondary_skipped=40030 primary_mismatch_skipped=237482 diagnostic_dropped=0 starts=0 stops=0 callbacks=0 returns=0 aborts=0 unmatched=0 prefix_aborts=1 prefix0=0 prefix1=1 prefix2=0 prefix3=0 prefix4=0 prefix5=0 invalidation0=94944 invalidation1=46304 invalidation2=1 invalidation3=0 invalidation4=0 invalidation5=0
INVALIDATIONS cycle=316274855 reason=0 phase0=94944 phase1=0 phase2=0 phase3=0 phase4=0 phase5=0
INVALIDATIONS cycle=316274855 reason=1 phase0=46303 phase1=1 phase2=0 phase3=0 phase4=0 phase5=0
INVALIDATIONS cycle=316274855 reason=2 phase0=1 phase1=0 phase2=0 phase3=0 phase4=0 phase5=0
INVALIDATIONS cycle=316274855 reason=3 phase0=0 phase1=0 phase2=0 phase3=0 phase4=0 phase5=0
INVALIDATIONS cycle=316274855 reason=4 phase0=0 phase1=0 phase2=0 phase3=0 phase4=0 phase5=0
INVALIDATIONS cycle=316274855 reason=5 phase0=0 phase1=0 phase2=0 phase3=0 phase4=0 phase5=0
ADAPTER cycle=320360662 request_samples=140324454 ack_samples=38625455 instruction_acks=8724436 data_acks=29901019 error_acks=0 fetched_bytes=30655364 dispatches=82000000 known_dispatches=66232042 ir_mismatch=240566 signature_failures=0 secondary_skipped=40520 primary_mismatch_skipped=240566 diagnostic_dropped=0 starts=0 stops=0 callbacks=0 returns=0 aborts=0 unmatched=0 prefix_aborts=1 prefix0=0 prefix1=1 prefix2=0 prefix3=0 prefix4=0 prefix5=0 invalidation0=95034 invalidation1=46549 invalidation2=1 invalidation3=0 invalidation4=0 invalidation5=0
INVALIDATIONS cycle=320360662 reason=0 phase0=95034 phase1=0 phase2=0 phase3=0 phase4=0 phase5=0
INVALIDATIONS cycle=320360662 reason=1 phase0=46548 phase1=1 phase2=0 phase3=0 phase4=0 phase5=0
INVALIDATIONS cycle=320360662 reason=2 phase0=1 phase1=0 phase2=0 phase3=0 phase4=0 phase5=0
INVALIDATIONS cycle=320360662 reason=3 phase0=0 phase1=0 phase2=0 phase3=0 phase4=0 phase5=0
INVALIDATIONS cycle=320360662 reason=4 phase0=0 phase1=0 phase2=0 phase3=0 phase4=0 phase5=0
INVALIDATIONS cycle=320360662 reason=5 phase0=0 phase1=0 phase2=0 phase3=0 phase4=0 phase5=0
ADAPTER cycle=325844601 request_samples=143826290 ack_samples=39465803 instruction_acks=9011162 data_acks=30454641 error_acks=0 fetched_bytes=31674088 dispatches=83000000 known_dispatches=66865081 ir_mismatch=246579 signature_failures=0 secondary_skipped=41318 primary_mismatch_skipped=246579 diagnostic_dropped=0 starts=0 stops=0 callbacks=0 returns=0 aborts=0 unmatched=0 prefix_aborts=1 prefix0=0 prefix1=1 prefix2=0 prefix3=0 prefix4=0 prefix5=0 invalidation0=95164 invalidation1=46968 invalidation2=1 invalidation3=0 invalidation4=0 invalidation5=0
INVALIDATIONS cycle=325844601 reason=0 phase0=95164 phase1=0 phase2=0 phase3=0 phase4=0 phase5=0
INVALIDATIONS cycle=325844601 reason=1 phase0=46967 phase1=1 phase2=0 phase3=0 phase4=0 phase5=0
INVALIDATIONS cycle=325844601 reason=2 phase0=1 phase1=0 phase2=0 phase3=0 phase4=0 phase5=0
INVALIDATIONS cycle=325844601 reason=3 phase0=0 phase1=0 phase2=0 phase3=0 phase4=0 phase5=0
INVALIDATIONS cycle=325844601 reason=4 phase0=0 phase1=0 phase2=0 phase3=0 phase4=0 phase5=0
INVALIDATIONS cycle=325844601 reason=5 phase0=0 phase1=0 phase2=0 phase3=0 phase4=0 phase5=0
ADAPTER cycle=332398082 request_samples=148551141 ack_samples=40229615 instruction_acks=9231582 data_acks=30998033 error_acks=0 fetched_bytes=32462814 dispatches=84000000 known_dispatches=67595261 ir_mismatch=251070 signature_failures=0 secondary_skipped=42789 primary_mismatch_skipped=251070 diagnostic_dropped=0 starts=0 stops=0 callbacks=0 returns=0 aborts=0 unmatched=0 prefix_aborts=1 prefix0=0 prefix1=1 prefix2=0 prefix3=0 prefix4=0 prefix5=0 invalidation0=95454 invalidation1=47224 invalidation2=1 invalidation3=0 invalidation4=0 invalidation5=0
INVALIDATIONS cycle=332398082 reason=0 phase0=95454 phase1=0 phase2=0 phase3=0 phase4=0 phase5=0
INVALIDATIONS cycle=332398082 reason=1 phase0=47223 phase1=1 phase2=0 phase3=0 phase4=0 phase5=0
INVALIDATIONS cycle=332398082 reason=2 phase0=1 phase1=0 phase2=0 phase3=0 phase4=0 phase5=0
INVALIDATIONS cycle=332398082 reason=3 phase0=0 phase1=0 phase2=0 phase3=0 phase4=0 phase5=0
INVALIDATIONS cycle=332398082 reason=4 phase0=0 phase1=0 phase2=0 phase3=0 phase4=0 phase5=0
INVALIDATIONS cycle=332398082 reason=5 phase0=0 phase1=0 phase2=0 phase3=0 phase4=0 phase5=0
ADAPTER cycle=337504783 request_samples=151812148 ack_samples=41014211 instruction_acks=9495594 data_acks=31518617 error_acks=0 fetched_bytes=33394728 dispatches=85000000 known_dispatches=68299626 ir_mismatch=257219 signature_failures=0 secondary_skipped=45267 primary_mismatch_skipped=257219 diagnostic_dropped=0 starts=0 stops=0 callbacks=0 returns=0 aborts=0 unmatched=0 prefix_aborts=1 prefix0=0 prefix1=1 prefix2=0 prefix3=0 prefix4=0 prefix5=0 invalidation0=95574 invalidation1=47486 invalidation2=1 invalidation3=0 invalidation4=0 invalidation5=0
INVALIDATIONS cycle=337504783 reason=0 phase0=95574 phase1=0 phase2=0 phase3=0 phase4=0 phase5=0
INVALIDATIONS cycle=337504783 reason=1 phase0=47485 phase1=1 phase2=0 phase3=0 phase4=0 phase5=0
INVALIDATIONS cycle=337504783 reason=2 phase0=1 phase1=0 phase2=0 phase3=0 phase4=0 phase5=0
INVALIDATIONS cycle=337504783 reason=3 phase0=0 phase1=0 phase2=0 phase3=0 phase4=0 phase5=0
INVALIDATIONS cycle=337504783 reason=4 phase0=0 phase1=0 phase2=0 phase3=0 phase4=0 phase5=0
INVALIDATIONS cycle=337504783 reason=5 phase0=0 phase1=0 phase2=0 phase3=0 phase4=0 phase5=0
ADAPTER cycle=342539154 request_samples=154978622 ack_samples=41682336 instruction_acks=9676750 data_acks=32005586 error_acks=0 fetched_bytes=34042258 dispatches=86000000 known_dispatches=69086870 ir_mismatch=261541 signature_failures=0 secondary_skipped=46674 primary_mismatch_skipped=261541 diagnostic_dropped=0 starts=0 stops=0 callbacks=0 returns=0 aborts=0 unmatched=0 prefix_aborts=1 prefix0=0 prefix1=1 prefix2=0 prefix3=0 prefix4=0 prefix5=0 invalidation0=95694 invalidation1=48112 invalidation2=1 invalidation3=0 invalidation4=0 invalidation5=0
INVALIDATIONS cycle=342539154 reason=0 phase0=95694 phase1=0 phase2=0 phase3=0 phase4=0 phase5=0
INVALIDATIONS cycle=342539154 reason=1 phase0=48111 phase1=1 phase2=0 phase3=0 phase4=0 phase5=0
INVALIDATIONS cycle=342539154 reason=2 phase0=1 phase1=0 phase2=0 phase3=0 phase4=0 phase5=0
INVALIDATIONS cycle=342539154 reason=3 phase0=0 phase1=0 phase2=0 phase3=0 phase4=0 phase5=0
INVALIDATIONS cycle=342539154 reason=4 phase0=0 phase1=0 phase2=0 phase3=0 phase4=0 phase5=0
INVALIDATIONS cycle=342539154 reason=5 phase0=0 phase1=0 phase2=0 phase3=0 phase4=0 phase5=0
ADAPTER cycle=348484029 request_samples=159144208 ack_samples=42340708 instruction_acks=9836041 data_acks=32504667 error_acks=0 fetched_bytes=34616220 dispatches=87000000 known_dispatches=69908627 ir_mismatch=264979 signature_failures=0 secondary_skipped=47580 primary_mismatch_skipped=264979 diagnostic_dropped=0 starts=0 stops=0 callbacks=0 returns=0 aborts=0 unmatched=0 prefix_aborts=1 prefix0=0 prefix1=1 prefix2=0 prefix3=0 prefix4=0 prefix5=0 invalidation0=95834 invalidation1=48262 invalidation2=1 invalidation3=0 invalidation4=0 invalidation5=0
INVALIDATIONS cycle=348484029 reason=0 phase0=95834 phase1=0 phase2=0 phase3=0 phase4=0 phase5=0
INVALIDATIONS cycle=348484029 reason=1 phase0=48261 phase1=1 phase2=0 phase3=0 phase4=0 phase5=0
INVALIDATIONS cycle=348484029 reason=2 phase0=1 phase1=0 phase2=0 phase3=0 phase4=0 phase5=0
INVALIDATIONS cycle=348484029 reason=3 phase0=0 phase1=0 phase2=0 phase3=0 phase4=0 phase5=0
INVALIDATIONS cycle=348484029 reason=4 phase0=0 phase1=0 phase2=0 phase3=0 phase4=0 phase5=0
INVALIDATIONS cycle=348484029 reason=5 phase0=0 phase1=0 phase2=0 phase3=0 phase4=0 phase5=0
ADAPTER cycle=353428716 request_samples=162283702 ack_samples=43023332 instruction_acks=10027869 data_acks=32995463 error_acks=0 fetched_bytes=35298868 dispatches=88000000 known_dispatches=70694517 ir_mismatch=269567 signature_failures=0 secondary_skipped=49220 primary_mismatch_skipped=269567 diagnostic_dropped=0 starts=0 stops=0 callbacks=0 returns=0 aborts=0 unmatched=0 prefix_aborts=1 prefix0=0 prefix1=1 prefix2=0 prefix3=0 prefix4=0 prefix5=0 invalidation0=95954 invalidation1=48437 invalidation2=1 invalidation3=0 invalidation4=0 invalidation5=0
INVALIDATIONS cycle=353428716 reason=0 phase0=95954 phase1=0 phase2=0 phase3=0 phase4=0 phase5=0
INVALIDATIONS cycle=353428716 reason=1 phase0=48436 phase1=1 phase2=0 phase3=0 phase4=0 phase5=0
INVALIDATIONS cycle=353428716 reason=2 phase0=1 phase1=0 phase2=0 phase3=0 phase4=0 phase5=0
INVALIDATIONS cycle=353428716 reason=3 phase0=0 phase1=0 phase2=0 phase3=0 phase4=0 phase5=0
INVALIDATIONS cycle=353428716 reason=4 phase0=0 phase1=0 phase2=0 phase3=0 phase4=0 phase5=0
INVALIDATIONS cycle=353428716 reason=5 phase0=0 phase1=0 phase2=0 phase3=0 phase4=0 phase5=0
ADAPTER cycle=358428426 request_samples=165455668 ack_samples=43791279 instruction_acks=10281631 data_acks=33509648 error_acks=0 fetched_bytes=36193626 dispatches=89000000 known_dispatches=71428026 ir_mismatch=276478 signature_failures=0 secondary_skipped=51196 primary_mismatch_skipped=276478 diagnostic_dropped=0 starts=0 stops=0 callbacks=0 returns=0 aborts=0 unmatched=0 prefix_aborts=1 prefix0=0 prefix1=1 prefix2=0 prefix3=0 prefix4=0 prefix5=0 invalidation0=96264 invalidation1=48732 invalidation2=1 invalidation3=0 invalidation4=0 invalidation5=0
INVALIDATIONS cycle=358428426 reason=0 phase0=96264 phase1=0 phase2=0 phase3=0 phase4=0 phase5=0
INVALIDATIONS cycle=358428426 reason=1 phase0=48731 phase1=1 phase2=0 phase3=0 phase4=0 phase5=0
INVALIDATIONS cycle=358428426 reason=2 phase0=1 phase1=0 phase2=0 phase3=0 phase4=0 phase5=0
INVALIDATIONS cycle=358428426 reason=3 phase0=0 phase1=0 phase2=0 phase3=0 phase4=0 phase5=0
INVALIDATIONS cycle=358428426 reason=4 phase0=0 phase1=0 phase2=0 phase3=0 phase4=0 phase5=0
INVALIDATIONS cycle=358428426 reason=5 phase0=0 phase1=0 phase2=0 phase3=0 phase4=0 phase5=0
LIVE cycle=363703718 kind=PREFIX phase=1 site=0 pc=a00d6a32 reason=
LIVE cycle=363710071 kind=INVALIDATE phase=1 site=0 pc=a00d6a32 reason=PFLUSH_OR_CINV
ADAPTER cycle=364759650 request_samples=169745550 ack_samples=44749651 instruction_acks=10576149 data_acks=34173502 error_acks=0 fetched_bytes=37231402 dispatches=90000000 known_dispatches=72155780 ir_mismatch=285614 signature_failures=0 secondary_skipped=52225 primary_mismatch_skipped=285614 diagnostic_dropped=0 starts=0 stops=0 callbacks=0 returns=0 aborts=0 unmatched=0 prefix_aborts=2 prefix0=0 prefix1=2 prefix2=0 prefix3=0 prefix4=0 prefix5=0 invalidation0=96594 invalidation1=49543 invalidation2=1 invalidation3=0 invalidation4=0 invalidation5=0
INVALIDATIONS cycle=364759650 reason=0 phase0=96594 phase1=0 phase2=0 phase3=0 phase4=0 phase5=0
INVALIDATIONS cycle=364759650 reason=1 phase0=49541 phase1=2 phase2=0 phase3=0 phase4=0 phase5=0
INVALIDATIONS cycle=364759650 reason=2 phase0=1 phase1=0 phase2=0 phase3=0 phase4=0 phase5=0
INVALIDATIONS cycle=364759650 reason=3 phase0=0 phase1=0 phase2=0 phase3=0 phase4=0 phase5=0
INVALIDATIONS cycle=364759650 reason=4 phase0=0 phase1=0 phase2=0 phase3=0 phase4=0 phase5=0
INVALIDATIONS cycle=364759650 reason=5 phase0=0 phase1=0 phase2=0 phase3=0 phase4=0 phase5=0
ADAPTER cycle=370593100 request_samples=173656907 ack_samples=45500877 instruction_acks=10751004 data_acks=34749873 error_acks=0 fetched_bytes=37833650 dispatches=91000000 known_dispatches=72894735 ir_mismatch=294323 signature_failures=0 secondary_skipped=52903 primary_mismatch_skipped=294323 diagnostic_dropped=0 starts=0 stops=0 callbacks=0 returns=0 aborts=0 unmatched=0 prefix_aborts=2 prefix0=0 prefix1=2 prefix2=0 prefix3=0 prefix4=0 prefix5=0 invalidation0=96794 invalidation1=49820 invalidation2=1 invalidation3=0 invalidation4=0 invalidation5=0
INVALIDATIONS cycle=370593100 reason=0 phase0=96794 phase1=0 phase2=0 phase3=0 phase4=0 phase5=0
INVALIDATIONS cycle=370593100 reason=1 phase0=49818 phase1=2 phase2=0 phase3=0 phase4=0 phase5=0
INVALIDATIONS cycle=370593100 reason=2 phase0=1 phase1=0 phase2=0 phase3=0 phase4=0 phase5=0
INVALIDATIONS cycle=370593100 reason=3 phase0=0 phase1=0 phase2=0 phase3=0 phase4=0 phase5=0
INVALIDATIONS cycle=370593100 reason=4 phase0=0 phase1=0 phase2=0 phase3=0 phase4=0 phase5=0
INVALIDATIONS cycle=370593100 reason=5 phase0=0 phase1=0 phase2=0 phase3=0 phase4=0 phase5=0
ADAPTER cycle=380040674 request_samples=181078599 ack_samples=46635241 instruction_acks=11160447 data_acks=35474794 error_acks=0 fetched_bytes=39267216 dispatches=92000000 known_dispatches=73487623 ir_mismatch=307941 signature_failures=0 secondary_skipped=54480 primary_mismatch_skipped=307941 diagnostic_dropped=0 starts=0 stops=0 callbacks=0 returns=0 aborts=0 unmatched=0 prefix_aborts=2 prefix0=0 prefix1=2 prefix2=0 prefix3=0 prefix4=0 prefix5=0 invalidation0=97244 invalidation1=50470 invalidation2=1 invalidation3=0 invalidation4=0 invalidation5=0
INVALIDATIONS cycle=380040674 reason=0 phase0=97244 phase1=0 phase2=0 phase3=0 phase4=0 phase5=0
INVALIDATIONS cycle=380040674 reason=1 phase0=50468 phase1=2 phase2=0 phase3=0 phase4=0 phase5=0
INVALIDATIONS cycle=380040674 reason=2 phase0=1 phase1=0 phase2=0 phase3=0 phase4=0 phase5=0
INVALIDATIONS cycle=380040674 reason=3 phase0=0 phase1=0 phase2=0 phase3=0 phase4=0 phase5=0
INVALIDATIONS cycle=380040674 reason=4 phase0=0 phase1=0 phase2=0 phase3=0 phase4=0 phase5=0
INVALIDATIONS cycle=380040674 reason=5 phase0=0 phase1=0 phase2=0 phase3=0 phase4=0 phase5=0
ADAPTER cycle=385830572 request_samples=184932029 ack_samples=47595882 instruction_acks=11520181 data_acks=36075701 error_acks=0 fetched_bytes=40531652 dispatches=93000000 known_dispatches=74184127 ir_mismatch=313467 signature_failures=0 secondary_skipped=55706 primary_mismatch_skipped=313467 diagnostic_dropped=0 starts=0 stops=0 callbacks=0 returns=0 aborts=0 unmatched=0 prefix_aborts=2 prefix0=0 prefix1=2 prefix2=0 prefix3=0 prefix4=0 prefix5=0 invalidation0=97424 invalidation1=51272 invalidation2=1 invalidation3=0 invalidation4=0 invalidation5=0
INVALIDATIONS cycle=385830572 reason=0 phase0=97424 phase1=0 phase2=0 phase3=0 phase4=0 phase5=0
INVALIDATIONS cycle=385830572 reason=1 phase0=51270 phase1=2 phase2=0 phase3=0 phase4=0 phase5=0
INVALIDATIONS cycle=385830572 reason=2 phase0=1 phase1=0 phase2=0 phase3=0 phase4=0 phase5=0
INVALIDATIONS cycle=385830572 reason=3 phase0=0 phase1=0 phase2=0 phase3=0 phase4=0 phase5=0
INVALIDATIONS cycle=385830572 reason=4 phase0=0 phase1=0 phase2=0 phase3=0 phase4=0 phase5=0
INVALIDATIONS cycle=385830572 reason=5 phase0=0 phase1=0 phase2=0 phase3=0 phase4=0 phase5=0
ADAPTER cycle=392609659 request_samples=189771341 ack_samples=48744800 instruction_acks=11991896 data_acks=36752904 error_acks=0 fetched_bytes=42213338 dispatches=94000000 known_dispatches=74784905 ir_mismatch=319195 signature_failures=0 secondary_skipped=59052 primary_mismatch_skipped=319195 diagnostic_dropped=0 starts=0 stops=0 callbacks=0 returns=0 aborts=0 unmatched=0 prefix_aborts=2 prefix0=0 prefix1=2 prefix2=0 prefix3=0 prefix4=0 prefix5=0 invalidation0=97584 invalidation1=52048 invalidation2=1 invalidation3=0 invalidation4=0 invalidation5=0
INVALIDATIONS cycle=392609659 reason=0 phase0=97584 phase1=0 phase2=0 phase3=0 phase4=0 phase5=0
INVALIDATIONS cycle=392609659 reason=1 phase0=52046 phase1=2 phase2=0 phase3=0 phase4=0 phase5=0
INVALIDATIONS cycle=392609659 reason=2 phase0=1 phase1=0 phase2=0 phase3=0 phase4=0 phase5=0
INVALIDATIONS cycle=392609659 reason=3 phase0=0 phase1=0 phase2=0 phase3=0 phase4=0 phase5=0
INVALIDATIONS cycle=392609659 reason=4 phase0=0 phase1=0 phase2=0 phase3=0 phase4=0 phase5=0
INVALIDATIONS cycle=392609659 reason=5 phase0=0 phase1=0 phase2=0 phase3=0 phase4=0 phase5=0
ADAPTER cycle=401031239 request_samples=195779938 ack_samples=50014570 instruction_acks=12431416 data_acks=37583154 error_acks=0 fetched_bytes=43771824 dispatches=95000000 known_dispatches=75391513 ir_mismatch=328769 signature_failures=0 secondary_skipped=60694 primary_mismatch_skipped=328769 diagnostic_dropped=0 starts=0 stops=0 callbacks=0 returns=0 aborts=0 unmatched=0 prefix_aborts=2 prefix0=0 prefix1=2 prefix2=0 prefix3=0 prefix4=0 prefix5=0 invalidation0=98194 invalidation1=54286 invalidation2=1 invalidation3=0 invalidation4=0 invalidation5=0
INVALIDATIONS cycle=401031239 reason=0 phase0=98194 phase1=0 phase2=0 phase3=0 phase4=0 phase5=0
INVALIDATIONS cycle=401031239 reason=1 phase0=54284 phase1=2 phase2=0 phase3=0 phase4=0 phase5=0
INVALIDATIONS cycle=401031239 reason=2 phase0=1 phase1=0 phase2=0 phase3=0 phase4=0 phase5=0
INVALIDATIONS cycle=401031239 reason=3 phase0=0 phase1=0 phase2=0 phase3=0 phase4=0 phase5=0
INVALIDATIONS cycle=401031239 reason=4 phase0=0 phase1=0 phase2=0 phase3=0 phase4=0 phase5=0
INVALIDATIONS cycle=401031239 reason=5 phase0=0 phase1=0 phase2=0 phase3=0 phase4=0 phase5=0
ADAPTER cycle=407081503 request_samples=199824898 ack_samples=51134299 instruction_acks=12848915 data_acks=38285384 error_acks=0 fetched_bytes=45239436 dispatches=96000000 known_dispatches=75984465 ir_mismatch=339965 signature_failures=0 secondary_skipped=63219 primary_mismatch_skipped=339965 diagnostic_dropped=0 starts=0 stops=0 callbacks=0 returns=0 aborts=0 unmatched=0 prefix_aborts=2 prefix0=0 prefix1=2 prefix2=0 prefix3=0 prefix4=0 prefix5=0 invalidation0=98654 invalidation1=54973 invalidation2=1 invalidation3=0 invalidation4=0 invalidation5=0
INVALIDATIONS cycle=407081503 reason=0 phase0=98654 phase1=0 phase2=0 phase3=0 phase4=0 phase5=0
INVALIDATIONS cycle=407081503 reason=1 phase0=54971 phase1=2 phase2=0 phase3=0 phase4=0 phase5=0
INVALIDATIONS cycle=407081503 reason=2 phase0=1 phase1=0 phase2=0 phase3=0 phase4=0 phase5=0
INVALIDATIONS cycle=407081503 reason=3 phase0=0 phase1=0 phase2=0 phase3=0 phase4=0 phase5=0
INVALIDATIONS cycle=407081503 reason=4 phase0=0 phase1=0 phase2=0 phase3=0 phase4=0 phase5=0
INVALIDATIONS cycle=407081503 reason=5 phase0=0 phase1=0 phase2=0 phase3=0 phase4=0 phase5=0
ADAPTER cycle=413014523 request_samples=203838845 ack_samples=51945711 instruction_acks=13110590 data_acks=38835121 error_acks=0 fetched_bytes=46172772 dispatches=97000000 known_dispatches=76741399 ir_mismatch=347095 signature_failures=0 secondary_skipped=64425 primary_mismatch_skipped=347095 diagnostic_dropped=0 starts=0 stops=0 callbacks=0 returns=0 aborts=0 unmatched=0 prefix_aborts=2 prefix0=0 prefix1=2 prefix2=0 prefix3=0 prefix4=0 prefix5=0 invalidation0=98794 invalidation1=56302 invalidation2=1 invalidation3=0 invalidation4=0 invalidation5=0
INVALIDATIONS cycle=413014523 reason=0 phase0=98794 phase1=0 phase2=0 phase3=0 phase4=0 phase5=0
INVALIDATIONS cycle=413014523 reason=1 phase0=56300 phase1=2 phase2=0 phase3=0 phase4=0 phase5=0
INVALIDATIONS cycle=413014523 reason=2 phase0=1 phase1=0 phase2=0 phase3=0 phase4=0 phase5=0
INVALIDATIONS cycle=413014523 reason=3 phase0=0 phase1=0 phase2=0 phase3=0 phase4=0 phase5=0
INVALIDATIONS cycle=413014523 reason=4 phase0=0 phase1=0 phase2=0 phase3=0 phase4=0 phase5=0
INVALIDATIONS cycle=413014523 reason=5 phase0=0 phase1=0 phase2=0 phase3=0 phase4=0 phase5=0
ADAPTER cycle=419900926 request_samples=208741108 ack_samples=52957271 instruction_acks=13430575 data_acks=39526696 error_acks=0 fetched_bytes=47314776 dispatches=98000000 known_dispatches=77411554 ir_mismatch=354785 signature_failures=0 secondary_skipped=65679 primary_mismatch_skipped=354785 diagnostic_dropped=0 starts=0 stops=0 callbacks=0 returns=0 aborts=0 unmatched=0 prefix_aborts=2 prefix0=0 prefix1=2 prefix2=0 prefix3=0 prefix4=0 prefix5=0 invalidation0=99554 invalidation1=56926 invalidation2=1 invalidation3=0 invalidation4=0 invalidation5=0
INVALIDATIONS cycle=419900926 reason=0 phase0=99554 phase1=0 phase2=0 phase3=0 phase4=0 phase5=0
INVALIDATIONS cycle=419900926 reason=1 phase0=56924 phase1=2 phase2=0 phase3=0 phase4=0 phase5=0
INVALIDATIONS cycle=419900926 reason=2 phase0=1 phase1=0 phase2=0 phase3=0 phase4=0 phase5=0
INVALIDATIONS cycle=419900926 reason=3 phase0=0 phase1=0 phase2=0 phase3=0 phase4=0 phase5=0
INVALIDATIONS cycle=419900926 reason=4 phase0=0 phase1=0 phase2=0 phase3=0 phase4=0 phase5=0
INVALIDATIONS cycle=419900926 reason=5 phase0=0 phase1=0 phase2=0 phase3=0 phase4=0 phase5=0
ADAPTER cycle=426188957 request_samples=212888262 ack_samples=54048700 instruction_acks=13856822 data_acks=40191878 error_acks=0 fetched_bytes=48792914 dispatches=99000000 known_dispatches=78030070 ir_mismatch=368231 signature_failures=0 secondary_skipped=69124 primary_mismatch_skipped=368231 diagnostic_dropped=0 starts=0 stops=0 callbacks=0 returns=0 aborts=0 unmatched=0 prefix_aborts=2 prefix0=0 prefix1=2 prefix2=0 prefix3=0 prefix4=0 prefix5=0 invalidation0=99704 invalidation1=58241 invalidation2=1 invalidation3=0 invalidation4=0 invalidation5=0
INVALIDATIONS cycle=426188957 reason=0 phase0=99704 phase1=0 phase2=0 phase3=0 phase4=0 phase5=0
INVALIDATIONS cycle=426188957 reason=1 phase0=58239 phase1=2 phase2=0 phase3=0 phase4=0 phase5=0
INVALIDATIONS cycle=426188957 reason=2 phase0=1 phase1=0 phase2=0 phase3=0 phase4=0 phase5=0
INVALIDATIONS cycle=426188957 reason=3 phase0=0 phase1=0 phase2=0 phase3=0 phase4=0 phase5=0
INVALIDATIONS cycle=426188957 reason=4 phase0=0 phase1=0 phase2=0 phase3=0 phase4=0 phase5=0
INVALIDATIONS cycle=426188957 reason=5 phase0=0 phase1=0 phase2=0 phase3=0 phase4=0 phase5=0
ADAPTER cycle=431886331 request_samples=216529637 ack_samples=55192661 instruction_acks=14324655 data_acks=40868006 error_acks=0 fetched_bytes=50417452 dispatches=100000000 known_dispatches=78631900 ir_mismatch=379982 signature_failures=0 secondary_skipped=73767 primary_mismatch_skipped=379982 diagnostic_dropped=0 starts=0 stops=0 callbacks=0 returns=0 aborts=0 unmatched=0 prefix_aborts=2 prefix0=0 prefix1=2 prefix2=0 prefix3=0 prefix4=0 prefix5=0 invalidation0=99844 invalidation1=58879 invalidation2=1 invalidation3=0 invalidation4=0 invalidation5=0
INVALIDATIONS cycle=431886331 reason=0 phase0=99844 phase1=0 phase2=0 phase3=0 phase4=0 phase5=0
INVALIDATIONS cycle=431886331 reason=1 phase0=58877 phase1=2 phase2=0 phase3=0 phase4=0 phase5=0
INVALIDATIONS cycle=431886331 reason=2 phase0=1 phase1=0 phase2=0 phase3=0 phase4=0 phase5=0
INVALIDATIONS cycle=431886331 reason=3 phase0=0 phase1=0 phase2=0 phase3=0 phase4=0 phase5=0
INVALIDATIONS cycle=431886331 reason=4 phase0=0 phase1=0 phase2=0 phase3=0 phase4=0 phase5=0
INVALIDATIONS cycle=431886331 reason=5 phase0=0 phase1=0 phase2=0 phase3=0 phase4=0 phase5=0
ADAPTER cycle=437428889 request_samples=220022821 ack_samples=56221923 instruction_acks=14724698 data_acks=41497225 error_acks=0 fetched_bytes=51810092 dispatches=101000000 known_dispatches=79260159 ir_mismatch=390218 signature_failures=0 secondary_skipped=77632 primary_mismatch_skipped=390218 diagnostic_dropped=0 starts=0 stops=0 callbacks=0 returns=0 aborts=0 unmatched=0 prefix_aborts=2 prefix0=0 prefix1=2 prefix2=0 prefix3=0 prefix4=0 prefix5=0 invalidation0=99974 invalidation1=59869 invalidation2=1 invalidation3=0 invalidation4=0 invalidation5=0
INVALIDATIONS cycle=437428889 reason=0 phase0=99974 phase1=0 phase2=0 phase3=0 phase4=0 phase5=0
INVALIDATIONS cycle=437428889 reason=1 phase0=59867 phase1=2 phase2=0 phase3=0 phase4=0 phase5=0
INVALIDATIONS cycle=437428889 reason=2 phase0=1 phase1=0 phase2=0 phase3=0 phase4=0 phase5=0
INVALIDATIONS cycle=437428889 reason=3 phase0=0 phase1=0 phase2=0 phase3=0 phase4=0 phase5=0
INVALIDATIONS cycle=437428889 reason=4 phase0=0 phase1=0 phase2=0 phase3=0 phase4=0 phase5=0
INVALIDATIONS cycle=437428889 reason=5 phase0=0 phase1=0 phase2=0 phase3=0 phase4=0 phase5=0
ADAPTER cycle=444304092 request_samples=224882813 ack_samples=57237095 instruction_acks=15063303 data_acks=42173792 error_acks=0 fetched_bytes=53019578 dispatches=102000000 known_dispatches=79942419 ir_mismatch=398136 signature_failures=0 secondary_skipped=78878 primary_mismatch_skipped=398136 diagnostic_dropped=0 starts=0 stops=0 callbacks=0 returns=0 aborts=0 unmatched=0 prefix_aborts=2 prefix0=0 prefix1=2 prefix2=0 prefix3=0 prefix4=0 prefix5=0 invalidation0=100264 invalidation1=60619 invalidation2=1 invalidation3=0 invalidation4=0 invalidation5=0
INVALIDATIONS cycle=444304092 reason=0 phase0=100264 phase1=0 phase2=0 phase3=0 phase4=0 phase5=0
INVALIDATIONS cycle=444304092 reason=1 phase0=60617 phase1=2 phase2=0 phase3=0 phase4=0 phase5=0
INVALIDATIONS cycle=444304092 reason=2 phase0=1 phase1=0 phase2=0 phase3=0 phase4=0 phase5=0
INVALIDATIONS cycle=444304092 reason=3 phase0=0 phase1=0 phase2=0 phase3=0 phase4=0 phase5=0
INVALIDATIONS cycle=444304092 reason=4 phase0=0 phase1=0 phase2=0 phase3=0 phase4=0 phase5=0
INVALIDATIONS cycle=444304092 reason=5 phase0=0 phase1=0 phase2=0 phase3=0 phase4=0 phase5=0
ADAPTER cycle=452861756 request_samples=231244797 ack_samples=58429345 instruction_acks=15503339 data_acks=42926006 error_acks=0 fetched_bytes=54602148 dispatches=103000000 known_dispatches=80537627 ir_mismatch=403996 signature_failures=0 secondary_skipped=81103 primary_mismatch_skipped=403996 diagnostic_dropped=0 starts=0 stops=0 callbacks=0 returns=0 aborts=0 unmatched=0 prefix_aborts=2 prefix0=0 prefix1=2 prefix2=0 prefix3=0 prefix4=0 prefix5=0 invalidation0=100984 invalidation1=62784 invalidation2=1 invalidation3=0 invalidation4=0 invalidation5=0
INVALIDATIONS cycle=452861756 reason=0 phase0=100984 phase1=0 phase2=0 phase3=0 phase4=0 phase5=0
INVALIDATIONS cycle=452861756 reason=1 phase0=62782 phase1=2 phase2=0 phase3=0 phase4=0 phase5=0
INVALIDATIONS cycle=452861756 reason=2 phase0=1 phase1=0 phase2=0 phase3=0 phase4=0 phase5=0
INVALIDATIONS cycle=452861756 reason=3 phase0=0 phase1=0 phase2=0 phase3=0 phase4=0 phase5=0
INVALIDATIONS cycle=452861756 reason=4 phase0=0 phase1=0 phase2=0 phase3=0 phase4=0 phase5=0
INVALIDATIONS cycle=452861756 reason=5 phase0=0 phase1=0 phase2=0 phase3=0 phase4=0 phase5=0
ADAPTER cycle=460444822 request_samples=236343337 ack_samples=59627998 instruction_acks=15904408 data_acks=43723590 error_acks=0 fetched_bytes=56028490 dispatches=104000000 known_dispatches=81155611 ir_mismatch=411375 signature_failures=0 secondary_skipped=82416 primary_mismatch_skipped=411375 diagnostic_dropped=0 starts=0 stops=0 callbacks=0 returns=0 aborts=0 unmatched=0 prefix_aborts=2 prefix0=0 prefix1=2 prefix2=0 prefix3=0 prefix4=0 prefix5=0 invalidation0=101494 invalidation1=65996 invalidation2=1 invalidation3=0 invalidation4=0 invalidation5=0
INVALIDATIONS cycle=460444822 reason=0 phase0=101494 phase1=0 phase2=0 phase3=0 phase4=0 phase5=0
INVALIDATIONS cycle=460444822 reason=1 phase0=65994 phase1=2 phase2=0 phase3=0 phase4=0 phase5=0
INVALIDATIONS cycle=460444822 reason=2 phase0=1 phase1=0 phase2=0 phase3=0 phase4=0 phase5=0
INVALIDATIONS cycle=460444822 reason=3 phase0=0 phase1=0 phase2=0 phase3=0 phase4=0 phase5=0
INVALIDATIONS cycle=460444822 reason=4 phase0=0 phase1=0 phase2=0 phase3=0 phase4=0 phase5=0
INVALIDATIONS cycle=460444822 reason=5 phase0=0 phase1=0 phase2=0 phase3=0 phase4=0 phase5=0
ADAPTER cycle=467946368 request_samples=241578176 ack_samples=60654966 instruction_acks=16245382 data_acks=44409584 error_acks=0 fetched_bytes=57239426 dispatches=105000000 known_dispatches=81807733 ir_mismatch=415908 signature_failures=0 secondary_skipped=84017 primary_mismatch_skipped=415908 diagnostic_dropped=0 starts=0 stops=0 callbacks=0 returns=0 aborts=0 unmatched=0 prefix_aborts=2 prefix0=0 prefix1=2 prefix2=0 prefix3=0 prefix4=0 prefix5=0 invalidation0=102144 invalidation1=67930 invalidation2=1 invalidation3=0 invalidation4=0 invalidation5=0
INVALIDATIONS cycle=467946368 reason=0 phase0=102144 phase1=0 phase2=0 phase3=0 phase4=0 phase5=0
INVALIDATIONS cycle=467946368 reason=1 phase0=67928 phase1=2 phase2=0 phase3=0 phase4=0 phase5=0
INVALIDATIONS cycle=467946368 reason=2 phase0=1 phase1=0 phase2=0 phase3=0 phase4=0 phase5=0
INVALIDATIONS cycle=467946368 reason=3 phase0=0 phase1=0 phase2=0 phase3=0 phase4=0 phase5=0
INVALIDATIONS cycle=467946368 reason=4 phase0=0 phase1=0 phase2=0 phase3=0 phase4=0 phase5=0
INVALIDATIONS cycle=467946368 reason=5 phase0=0 phase1=0 phase2=0 phase3=0 phase4=0 phase5=0
ADAPTER cycle=474269425 request_samples=245618098 ack_samples=61653568 instruction_acks=16602138 data_acks=45051430 error_acks=0 fetched_bytes=58496390 dispatches=106000000 known_dispatches=82462738 ir_mismatch=420530 signature_failures=0 secondary_skipped=85694 primary_mismatch_skipped=420530 diagnostic_dropped=0 starts=0 stops=0 callbacks=0 returns=0 aborts=0 unmatched=0 prefix_aborts=2 prefix0=0 prefix1=2 prefix2=0 prefix3=0 prefix4=0 prefix5=0 invalidation0=102354 invalidation1=69730 invalidation2=1 invalidation3=0 invalidation4=0 invalidation5=0
INVALIDATIONS cycle=474269425 reason=0 phase0=102354 phase1=0 phase2=0 phase3=0 phase4=0 phase5=0
INVALIDATIONS cycle=474269425 reason=1 phase0=69728 phase1=2 phase2=0 phase3=0 phase4=0 phase5=0
INVALIDATIONS cycle=474269425 reason=2 phase0=1 phase1=0 phase2=0 phase3=0 phase4=0 phase5=0
INVALIDATIONS cycle=474269425 reason=3 phase0=0 phase1=0 phase2=0 phase3=0 phase4=0 phase5=0
INVALIDATIONS cycle=474269425 reason=4 phase0=0 phase1=0 phase2=0 phase3=0 phase4=0 phase5=0
INVALIDATIONS cycle=474269425 reason=5 phase0=0 phase1=0 phase2=0 phase3=0 phase4=0 phase5=0
ADAPTER cycle=480223997 request_samples=249476435 ack_samples=62538662 instruction_acks=16874222 data_acks=45664440 error_acks=0 fetched_bytes=59467456 dispatches=107000000 known_dispatches=83195327 ir_mismatch=426415 signature_failures=0 secondary_skipped=87013 primary_mismatch_skipped=426415 diagnostic_dropped=0 starts=0 stops=0 callbacks=0 returns=0 aborts=0 unmatched=0 prefix_aborts=2 prefix0=0 prefix1=2 prefix2=0 prefix3=0 prefix4=0 prefix5=0 invalidation0=102494 invalidation1=71075 invalidation2=1 invalidation3=0 invalidation4=0 invalidation5=0
INVALIDATIONS cycle=480223997 reason=0 phase0=102494 phase1=0 phase2=0 phase3=0 phase4=0 phase5=0
INVALIDATIONS cycle=480223997 reason=1 phase0=71073 phase1=2 phase2=0 phase3=0 phase4=0 phase5=0
INVALIDATIONS cycle=480223997 reason=2 phase0=1 phase1=0 phase2=0 phase3=0 phase4=0 phase5=0
INVALIDATIONS cycle=480223997 reason=3 phase0=0 phase1=0 phase2=0 phase3=0 phase4=0 phase5=0
INVALIDATIONS cycle=480223997 reason=4 phase0=0 phase1=0 phase2=0 phase3=0 phase4=0 phase5=0
INVALIDATIONS cycle=480223997 reason=5 phase0=0 phase1=0 phase2=0 phase3=0 phase4=0 phase5=0
ADAPTER cycle=485791126 request_samples=252963607 ack_samples=63531689 instruction_acks=17225713 data_acks=46305976 error_acks=0 fetched_bytes=60727192 dispatches=108000000 known_dispatches=83839740 ir_mismatch=432974 signature_failures=0 secondary_skipped=88113 primary_mismatch_skipped=432974 diagnostic_dropped=0 starts=0 stops=0 callbacks=0 returns=0 aborts=0 unmatched=0 prefix_aborts=2 prefix0=0 prefix1=2 prefix2=0 prefix3=0 prefix4=0 prefix5=0 invalidation0=102744 invalidation1=72074 invalidation2=1 invalidation3=0 invalidation4=0 invalidation5=0
INVALIDATIONS cycle=485791126 reason=0 phase0=102744 phase1=0 phase2=0 phase3=0 phase4=0 phase5=0
INVALIDATIONS cycle=485791126 reason=1 phase0=72072 phase1=2 phase2=0 phase3=0 phase4=0 phase5=0
INVALIDATIONS cycle=485791126 reason=2 phase0=1 phase1=0 phase2=0 phase3=0 phase4=0 phase5=0
INVALIDATIONS cycle=485791126 reason=3 phase0=0 phase1=0 phase2=0 phase3=0 phase4=0 phase5=0
INVALIDATIONS cycle=485791126 reason=4 phase0=0 phase1=0 phase2=0 phase3=0 phase4=0 phase5=0
INVALIDATIONS cycle=485791126 reason=5 phase0=0 phase1=0 phase2=0 phase3=0 phase4=0 phase5=0
ADAPTER cycle=493156073 request_samples=258287666 ack_samples=64568008 instruction_acks=17592857 data_acks=46975151 error_acks=0 fetched_bytes=62036628 dispatches=109000000 known_dispatches=84486140 ir_mismatch=440469 signature_failures=0 secondary_skipped=89852 primary_mismatch_skipped=440469 diagnostic_dropped=0 starts=0 stops=0 callbacks=0 returns=0 aborts=0 unmatched=0 prefix_aborts=2 prefix0=0 prefix1=2 prefix2=0 prefix3=0 prefix4=0 prefix5=0 invalidation0=103254 invalidation1=73475 invalidation2=1 invalidation3=0 invalidation4=0 invalidation5=0
INVALIDATIONS cycle=493156073 reason=0 phase0=103254 phase1=0 phase2=0 phase3=0 phase4=0 phase5=0
INVALIDATIONS cycle=493156073 reason=1 phase0=73473 phase1=2 phase2=0 phase3=0 phase4=0 phase5=0
INVALIDATIONS cycle=493156073 reason=2 phase0=1 phase1=0 phase2=0 phase3=0 phase4=0 phase5=0
INVALIDATIONS cycle=493156073 reason=3 phase0=0 phase1=0 phase2=0 phase3=0 phase4=0 phase5=0
INVALIDATIONS cycle=493156073 reason=4 phase0=0 phase1=0 phase2=0 phase3=0 phase4=0 phase5=0
INVALIDATIONS cycle=493156073 reason=5 phase0=0 phase1=0 phase2=0 phase3=0 phase4=0 phase5=0
ADAPTER cycle=500633679 request_samples=263590993 ack_samples=65764172 instruction_acks=18055156 data_acks=47709016 error_acks=0 fetched_bytes=63687436 dispatches=110000000 known_dispatches=85056864 ir_mismatch=447724 signature_failures=0 secondary_skipped=91736 primary_mismatch_skipped=447724 diagnostic_dropped=0 starts=0 stops=0 callbacks=0 returns=0 aborts=0 unmatched=0 prefix_aborts=2 prefix0=0 prefix1=2 prefix2=0 prefix3=0 prefix4=0 prefix5=0 invalidation0=104834 invalidation1=75569 invalidation2=1 invalidation3=0 invalidation4=0 invalidation5=0
INVALIDATIONS cycle=500633679 reason=0 phase0=104834 phase1=0 phase2=0 phase3=0 phase4=0 phase5=0
INVALIDATIONS cycle=500633679 reason=1 phase0=75567 phase1=2 phase2=0 phase3=0 phase4=0 phase5=0
INVALIDATIONS cycle=500633679 reason=2 phase0=1 phase1=0 phase2=0 phase3=0 phase4=0 phase5=0
INVALIDATIONS cycle=500633679 reason=3 phase0=0 phase1=0 phase2=0 phase3=0 phase4=0 phase5=0
INVALIDATIONS cycle=500633679 reason=4 phase0=0 phase1=0 phase2=0 phase3=0 phase4=0 phase5=0
INVALIDATIONS cycle=500633679 reason=5 phase0=0 phase1=0 phase2=0 phase3=0 phase4=0 phase5=0
ADAPTER cycle=506098961 request_samples=267033080 ack_samples=66786241 instruction_acks=18394810 data_acks=48391431 error_acks=0 fetched_bytes=64866930 dispatches=111000000 known_dispatches=85732487 ir_mismatch=463140 signature_failures=0 secondary_skipped=92451 primary_mismatch_skipped=463140 diagnostic_dropped=0 starts=0 stops=0 callbacks=0 returns=0 aborts=0 unmatched=0 prefix_aborts=2 prefix0=0 prefix1=2 prefix2=0 prefix3=0 prefix4=0 prefix5=0 invalidation0=105779 invalidation1=76312 invalidation2=1 invalidation3=0 invalidation4=0 invalidation5=0
INVALIDATIONS cycle=506098961 reason=0 phase0=105779 phase1=0 phase2=0 phase3=0 phase4=0 phase5=0
INVALIDATIONS cycle=506098961 reason=1 phase0=76310 phase1=2 phase2=0 phase3=0 phase4=0 phase5=0
INVALIDATIONS cycle=506098961 reason=2 phase0=1 phase1=0 phase2=0 phase3=0 phase4=0 phase5=0
INVALIDATIONS cycle=506098961 reason=3 phase0=0 phase1=0 phase2=0 phase3=0 phase4=0 phase5=0
INVALIDATIONS cycle=506098961 reason=4 phase0=0 phase1=0 phase2=0 phase3=0 phase4=0 phase5=0
INVALIDATIONS cycle=506098961 reason=5 phase0=0 phase1=0 phase2=0 phase3=0 phase4=0 phase5=0
LIVE cycle=507420200 kind=PREFIX phase=1 site=0 pc=190f4 reason=
LIVE cycle=507467912 kind=INVALIDATE phase=1 site=0 pc=19194 reason=PFLUSH_OR_CINV
LIVE cycle=507500891 kind=PREFIX phase=1 site=0 pc=19876 reason=
LIVE cycle=507544426 kind=INVALIDATE phase=1 site=0 pc=19876 reason=PFLUSH_OR_CINV
ADAPTER cycle=512568434 request_samples=271718822 ack_samples=67777625 instruction_acks=18774274 data_acks=49003351 error_acks=0 fetched_bytes=66224522 dispatches=112000000 known_dispatches=86352012 ir_mismatch=470196 signature_failures=0 secondary_skipped=93579 primary_mismatch_skipped=470196 diagnostic_dropped=0 starts=0 stops=0 callbacks=0 returns=0 aborts=0 unmatched=0 prefix_aborts=4 prefix0=0 prefix1=4 prefix2=0 prefix3=0 prefix4=0 prefix5=0 invalidation0=106014 invalidation1=76891 invalidation2=1 invalidation3=0 invalidation4=0 invalidation5=0
INVALIDATIONS cycle=512568434 reason=0 phase0=106014 phase1=0 phase2=0 phase3=0 phase4=0 phase5=0
INVALIDATIONS cycle=512568434 reason=1 phase0=76887 phase1=4 phase2=0 phase3=0 phase4=0 phase5=0
INVALIDATIONS cycle=512568434 reason=2 phase0=1 phase1=0 phase2=0 phase3=0 phase4=0 phase5=0
INVALIDATIONS cycle=512568434 reason=3 phase0=0 phase1=0 phase2=0 phase3=0 phase4=0 phase5=0
INVALIDATIONS cycle=512568434 reason=4 phase0=0 phase1=0 phase2=0 phase3=0 phase4=0 phase5=0
INVALIDATIONS cycle=512568434 reason=5 phase0=0 phase1=0 phase2=0 phase3=0 phase4=0 phase5=0
LIVE cycle=513930177 kind=PREFIX phase=1 site=0 pc=800cade6 reason=
LIVE cycle=513977966 kind=INVALIDATE phase=1 site=0 pc=800cae10 reason=PFLUSH_OR_CINV
ADAPTER cycle=518096528 request_samples=275399967 ack_samples=68672600 instruction_acks=19105734 data_acks=49566866 error_acks=0 fetched_bytes=67410858 dispatches=113000000 known_dispatches=86984667 ir_mismatch=477323 signature_failures=0 secondary_skipped=94686 primary_mismatch_skipped=477323 diagnostic_dropped=0 starts=0 stops=0 callbacks=0 returns=0 aborts=0 unmatched=0 prefix_aborts=5 prefix0=0 prefix1=5 prefix2=0 prefix3=0 prefix4=0 prefix5=0 invalidation0=106144 invalidation1=77292 invalidation2=1 invalidation3=0 invalidation4=0 invalidation5=0
INVALIDATIONS cycle=518096528 reason=0 phase0=106144 phase1=0 phase2=0 phase3=0 phase4=0 phase5=0
INVALIDATIONS cycle=518096528 reason=1 phase0=77287 phase1=5 phase2=0 phase3=0 phase4=0 phase5=0
INVALIDATIONS cycle=518096528 reason=2 phase0=1 phase1=0 phase2=0 phase3=0 phase4=0 phase5=0
INVALIDATIONS cycle=518096528 reason=3 phase0=0 phase1=0 phase2=0 phase3=0 phase4=0 phase5=0
INVALIDATIONS cycle=518096528 reason=4 phase0=0 phase1=0 phase2=0 phase3=0 phase4=0 phase5=0
INVALIDATIONS cycle=518096528 reason=5 phase0=0 phase1=0 phase2=0 phase3=0 phase4=0 phase5=0
ADAPTER cycle=524170032 request_samples=279133647 ack_samples=69687902 instruction_acks=19422999 data_acks=50264903 error_acks=0 fetched_bytes=68512160 dispatches=114000000 known_dispatches=87627468 ir_mismatch=486563 signature_failures=0 secondary_skipped=102360 primary_mismatch_skipped=486563 diagnostic_dropped=0 starts=0 stops=0 callbacks=0 returns=0 aborts=0 unmatched=0 prefix_aborts=5 prefix0=0 prefix1=5 prefix2=0 prefix3=0 prefix4=0 prefix5=0 invalidation0=106294 invalidation1=78808 invalidation2=1 invalidation3=0 invalidation4=0 invalidation5=0
INVALIDATIONS cycle=524170032 reason=0 phase0=106294 phase1=0 phase2=0 phase3=0 phase4=0 phase5=0
INVALIDATIONS cycle=524170032 reason=1 phase0=78803 phase1=5 phase2=0 phase3=0 phase4=0 phase5=0
INVALIDATIONS cycle=524170032 reason=2 phase0=1 phase1=0 phase2=0 phase3=0 phase4=0 phase5=0
INVALIDATIONS cycle=524170032 reason=3 phase0=0 phase1=0 phase2=0 phase3=0 phase4=0 phase5=0
INVALIDATIONS cycle=524170032 reason=4 phase0=0 phase1=0 phase2=0 phase3=0 phase4=0 phase5=0
INVALIDATIONS cycle=524170032 reason=5 phase0=0 phase1=0 phase2=0 phase3=0 phase4=0 phase5=0
LIVE cycle=529869473 kind=PREFIX phase=1 site=0 pc=143bfa reason=
LIVE cycle=529914840 kind=INVALIDATE phase=1 site=0 pc=143bfa reason=PFLUSH_OR_CINV
ADAPTER cycle=530926355 request_samples=283920252 ack_samples=70787948 instruction_acks=19875990 data_acks=50911958 error_acks=0 fetched_bytes=70100860 dispatches=115000000 known_dispatches=88234018 ir_mismatch=501750 signature_failures=0 secondary_skipped=103963 primary_mismatch_skipped=501750 diagnostic_dropped=0 starts=0 stops=0 callbacks=0 returns=0 aborts=0 unmatched=0 prefix_aborts=6 prefix0=0 prefix1=6 prefix2=0 prefix3=0 prefix4=0 prefix5=0 invalidation0=106474 invalidation1=79711 invalidation2=1 invalidation3=0 invalidation4=0 invalidation5=0
INVALIDATIONS cycle=530926355 reason=0 phase0=106474 phase1=0 phase2=0 phase3=0 phase4=0 phase5=0
INVALIDATIONS cycle=530926355 reason=1 phase0=79705 phase1=6 phase2=0 phase3=0 phase4=0 phase5=0
INVALIDATIONS cycle=530926355 reason=2 phase0=1 phase1=0 phase2=0 phase3=0 phase4=0 phase5=0
INVALIDATIONS cycle=530926355 reason=3 phase0=0 phase1=0 phase2=0 phase3=0 phase4=0 phase5=0
INVALIDATIONS cycle=530926355 reason=4 phase0=0 phase1=0 phase2=0 phase3=0 phase4=0 phase5=0
INVALIDATIONS cycle=530926355 reason=5 phase0=0 phase1=0 phase2=0 phase3=0 phase4=0 phase5=0
ADAPTER cycle=537293742 request_samples=288075610 ack_samples=71820167 instruction_acks=20259066 data_acks=51561101 error_acks=0 fetched_bytes=71432536 dispatches=116000000 known_dispatches=88857975 ir_mismatch=514125 signature_failures=0 secondary_skipped=104696 primary_mismatch_skipped=514125 diagnostic_dropped=0 starts=0 stops=0 callbacks=0 returns=0 aborts=0 unmatched=0 prefix_aborts=6 prefix0=0 prefix1=6 prefix2=0 prefix3=0 prefix4=0 prefix5=0 invalidation0=107129 invalidation1=80122 invalidation2=1 invalidation3=0 invalidation4=0 invalidation5=0
INVALIDATIONS cycle=537293742 reason=0 phase0=107129 phase1=0 phase2=0 phase3=0 phase4=0 phase5=0
INVALIDATIONS cycle=537293742 reason=1 phase0=80116 phase1=6 phase2=0 phase3=0 phase4=0 phase5=0
INVALIDATIONS cycle=537293742 reason=2 phase0=1 phase1=0 phase2=0 phase3=0 phase4=0 phase5=0
INVALIDATIONS cycle=537293742 reason=3 phase0=0 phase1=0 phase2=0 phase3=0 phase4=0 phase5=0
INVALIDATIONS cycle=537293742 reason=4 phase0=0 phase1=0 phase2=0 phase3=0 phase4=0 phase5=0
INVALIDATIONS cycle=537293742 reason=5 phase0=0 phase1=0 phase2=0 phase3=0 phase4=0 phase5=0
LIVE cycle=540451808 kind=PREFIX phase=1 site=0 pc=779d80 reason=
LIVE cycle=540454571 kind=INVALIDATE phase=1 site=0 pc=779d80 reason=MMU_REGISTERS
ADAPTER cycle=542443274 request_samples=291413729 ack_samples=72712521 instruction_acks=20565188 data_acks=52147333 error_acks=0 fetched_bytes=72525872 dispatches=117000000 known_dispatches=89554482 ir_mismatch=517497 signature_failures=0 secondary_skipped=105460 primary_mismatch_skipped=517497 diagnostic_dropped=0 starts=0 stops=0 callbacks=0 returns=0 aborts=0 unmatched=0 prefix_aborts=7 prefix0=0 prefix1=7 prefix2=0 prefix3=0 prefix4=0 prefix5=0 invalidation0=107684 invalidation1=80632 invalidation2=1 invalidation3=0 invalidation4=0 invalidation5=0
INVALIDATIONS cycle=542443274 reason=0 phase0=107683 phase1=1 phase2=0 phase3=0 phase4=0 phase5=0
INVALIDATIONS cycle=542443274 reason=1 phase0=80626 phase1=6 phase2=0 phase3=0 phase4=0 phase5=0
INVALIDATIONS cycle=542443274 reason=2 phase0=1 phase1=0 phase2=0 phase3=0 phase4=0 phase5=0
INVALIDATIONS cycle=542443274 reason=3 phase0=0 phase1=0 phase2=0 phase3=0 phase4=0 phase5=0
INVALIDATIONS cycle=542443274 reason=4 phase0=0 phase1=0 phase2=0 phase3=0 phase4=0 phase5=0
INVALIDATIONS cycle=542443274 reason=5 phase0=0 phase1=0 phase2=0 phase3=0 phase4=0 phase5=0
LIVE cycle=545891604 kind=PREFIX phase=1 site=0 pc=7b1b46 reason=
LIVE cycle=545895693 kind=INVALIDATE phase=1 site=0 pc=7b1b46 reason=PFLUSH_OR_CINV
ADAPTER cycle=549971774 request_samples=296809784 ack_samples=73767998 instruction_acks=20962815 data_acks=52805183 error_acks=0 fetched_bytes=73940118 dispatches=118000000 known_dispatches=90205005 ir_mismatch=522682 signature_failures=0 secondary_skipped=107680 primary_mismatch_skipped=522682 diagnostic_dropped=0 starts=0 stops=0 callbacks=0 returns=0 aborts=0 unmatched=0 prefix_aborts=8 prefix0=0 prefix1=8 prefix2=0 prefix3=0 prefix4=0 prefix5=0 invalidation0=107864 invalidation1=81646 invalidation2=1 invalidation3=0 invalidation4=0 invalidation5=0
INVALIDATIONS cycle=549971774 reason=0 phase0=107863 phase1=1 phase2=0 phase3=0 phase4=0 phase5=0
INVALIDATIONS cycle=549971774 reason=1 phase0=81639 phase1=7 phase2=0 phase3=0 phase4=0 phase5=0
INVALIDATIONS cycle=549971774 reason=2 phase0=1 phase1=0 phase2=0 phase3=0 phase4=0 phase5=0
INVALIDATIONS cycle=549971774 reason=3 phase0=0 phase1=0 phase2=0 phase3=0 phase4=0 phase5=0
INVALIDATIONS cycle=549971774 reason=4 phase0=0 phase1=0 phase2=0 phase3=0 phase4=0 phase5=0
INVALIDATIONS cycle=549971774 reason=5 phase0=0 phase1=0 phase2=0 phase3=0 phase4=0 phase5=0
LIVE cycle=551372695 kind=PREFIX phase=1 site=0 pc=7b1b46 reason=
LIVE cycle=551391579 kind=INVALIDATE phase=1 site=0 pc=7b1b46 reason=PFLUSH_OR_CINV
ADAPTER cycle=555686912 request_samples=300296137 ack_samples=74795518 instruction_acks=21343292 data_acks=53452226 error_acks=0 fetched_bytes=75278364 dispatches=119000000 known_dispatches=90820226 ir_mismatch=529989 signature_failures=0 secondary_skipped=109933 primary_mismatch_skipped=529989 diagnostic_dropped=0 starts=0 stops=0 callbacks=0 returns=0 aborts=0 unmatched=0 prefix_aborts=9 prefix0=0 prefix1=9 prefix2=0 prefix3=0 prefix4=0 prefix5=0 invalidation0=108004 invalidation1=82197 invalidation2=1 invalidation3=0 invalidation4=0 invalidation5=0
INVALIDATIONS cycle=555686912 reason=0 phase0=108003 phase1=1 phase2=0 phase3=0 phase4=0 phase5=0
INVALIDATIONS cycle=555686912 reason=1 phase0=82189 phase1=8 phase2=0 phase3=0 phase4=0 phase5=0
INVALIDATIONS cycle=555686912 reason=2 phase0=1 phase1=0 phase2=0 phase3=0 phase4=0 phase5=0
INVALIDATIONS cycle=555686912 reason=3 phase0=0 phase1=0 phase2=0 phase3=0 phase4=0 phase5=0
INVALIDATIONS cycle=555686912 reason=4 phase0=0 phase1=0 phase2=0 phase3=0 phase4=0 phase5=0
INVALIDATIONS cycle=555686912 reason=5 phase0=0 phase1=0 phase2=0 phase3=0 phase4=0 phase5=0
LIVE cycle=556860200 kind=PREFIX phase=1 site=0 pc=7b1b46 reason=
LIVE cycle=556873330 kind=INVALIDATE phase=1 site=0 pc=7b1b46 reason=PFLUSH_OR_CINV
ADAPTER cycle=561415543 request_samples=304290785 ack_samples=75645299 instruction_acks=21660870 data_acks=53984429 error_acks=0 fetched_bytes=76420220 dispatches=120000000 known_dispatches=91480975 ir_mismatch=539152 signature_failures=0 secondary_skipped=114708 primary_mismatch_skipped=539152 diagnostic_dropped=0 starts=0 stops=0 callbacks=0 returns=0 aborts=0 unmatched=0 prefix_aborts=10 prefix0=0 prefix1=10 prefix2=0 prefix3=0 prefix4=0 prefix5=0 invalidation0=108134 invalidation1=82636 invalidation2=1 invalidation3=0 invalidation4=0 invalidation5=0
INVALIDATIONS cycle=561415543 reason=0 phase0=108133 phase1=1 phase2=0 phase3=0 phase4=0 phase5=0
INVALIDATIONS cycle=561415543 reason=1 phase0=82627 phase1=9 phase2=0 phase3=0 phase4=0 phase5=0
INVALIDATIONS cycle=561415543 reason=2 phase0=1 phase1=0 phase2=0 phase3=0 phase4=0 phase5=0
INVALIDATIONS cycle=561415543 reason=3 phase0=0 phase1=0 phase2=0 phase3=0 phase4=0 phase5=0
INVALIDATIONS cycle=561415543 reason=4 phase0=0 phase1=0 phase2=0 phase3=0 phase4=0 phase5=0
INVALIDATIONS cycle=561415543 reason=5 phase0=0 phase1=0 phase2=0 phase3=0 phase4=0 phase5=0
LIVE cycle=562347519 kind=PREFIX phase=1 site=0 pc=7b1b46 reason=
LIVE cycle=562396258 kind=INVALIDATE phase=1 site=0 pc=7b1b46 reason=PFLUSH_OR_CINV
LIVE cycle=567831922 kind=PREFIX phase=1 site=0 pc=7b1b46 reason=
LIVE cycle=567864519 kind=INVALIDATE phase=1 site=0 pc=7b1b46 reason=PFLUSH_OR_CINV
ADAPTER cycle=568165564 request_samples=309029198 ack_samples=76715784 instruction_acks=22091200 data_acks=54624584 error_acks=0 fetched_bytes=77933232 dispatches=121000000 known_dispatches=92141260 ir_mismatch=546176 signature_failures=0 secondary_skipped=118355 primary_mismatch_skipped=546176 diagnostic_dropped=0 starts=0 stops=0 callbacks=0 returns=0 aborts=0 unmatched=0 prefix_aborts=12 prefix0=0 prefix1=12 prefix2=0 prefix3=0 prefix4=0 prefix5=0 invalidation0=108294 invalidation1=83246 invalidation2=1 invalidation3=0 invalidation4=0 invalidation5=0
INVALIDATIONS cycle=568165564 reason=0 phase0=108293 phase1=1 phase2=0 phase3=0 phase4=0 phase5=0
INVALIDATIONS cycle=568165564 reason=1 phase0=83235 phase1=11 phase2=0 phase3=0 phase4=0 phase5=0
INVALIDATIONS cycle=568165564 reason=2 phase0=1 phase1=0 phase2=0 phase3=0 phase4=0 phase5=0
INVALIDATIONS cycle=568165564 reason=3 phase0=0 phase1=0 phase2=0 phase3=0 phase4=0 phase5=0
INVALIDATIONS cycle=568165564 reason=4 phase0=0 phase1=0 phase2=0 phase3=0 phase4=0 phase5=0
INVALIDATIONS cycle=568165564 reason=5 phase0=0 phase1=0 phase2=0 phase3=0 phase4=0 phase5=0
LIVE cycle=573317640 kind=PREFIX phase=1 site=0 pc=7b1b46 reason=
LIVE cycle=573481777 kind=INVALIDATE phase=1 site=0 pc=7b1b46 reason=PFLUSH_OR_CINV
ADAPTER cycle=575350645 request_samples=314278905 ack_samples=77772782 instruction_acks=22499761 data_acks=55273021 error_acks=0 fetched_bytes=79380180 dispatches=122000000 known_dispatches=92791672 ir_mismatch=550889 signature_failures=0 secondary_skipped=120419 primary_mismatch_skipped=550889 diagnostic_dropped=0 starts=0 stops=0 callbacks=0 returns=0 aborts=0 unmatched=0 prefix_aborts=13 prefix0=0 prefix1=13 prefix2=0 prefix3=0 prefix4=0 prefix5=0 invalidation0=108464 invalidation1=83819 invalidation2=1 invalidation3=0 invalidation4=0 invalidation5=0
INVALIDATIONS cycle=575350645 reason=0 phase0=108463 phase1=1 phase2=0 phase3=0 phase4=0 phase5=0
INVALIDATIONS cycle=575350645 reason=1 phase0=83807 phase1=12 phase2=0 phase3=0 phase4=0 phase5=0
INVALIDATIONS cycle=575350645 reason=2 phase0=1 phase1=0 phase2=0 phase3=0 phase4=0 phase5=0
INVALIDATIONS cycle=575350645 reason=3 phase0=0 phase1=0 phase2=0 phase3=0 phase4=0 phase5=0
INVALIDATIONS cycle=575350645 reason=4 phase0=0 phase1=0 phase2=0 phase3=0 phase4=0 phase5=0
INVALIDATIONS cycle=575350645 reason=5 phase0=0 phase1=0 phase2=0 phase3=0 phase4=0 phase5=0
LIVE cycle=578804249 kind=PREFIX phase=1 site=0 pc=7b1b46 reason=
LIVE cycle=578815801 kind=INVALIDATE phase=1 site=0 pc=7b1b46 reason=PFLUSH_OR_CINV
ADAPTER cycle=582119217 request_samples=319168066 ack_samples=78789788 instruction_acks=22898324 data_acks=55891464 error_acks=0 fetched_bytes=80778208 dispatches=123000000 known_dispatches=93420813 ir_mismatch=566297 signature_failures=0 secondary_skipped=122278 primary_mismatch_skipped=566297 diagnostic_dropped=0 starts=0 stops=0 callbacks=0 returns=0 aborts=0 unmatched=0 prefix_aborts=14 prefix0=0 prefix1=14 prefix2=0 prefix3=0 prefix4=0 prefix5=0 invalidation0=108634 invalidation1=84424 invalidation2=1 invalidation3=0 invalidation4=0 invalidation5=0
INVALIDATIONS cycle=582119217 reason=0 phase0=108633 phase1=1 phase2=0 phase3=0 phase4=0 phase5=0
INVALIDATIONS cycle=582119217 reason=1 phase0=84411 phase1=13 phase2=0 phase3=0 phase4=0 phase5=0
INVALIDATIONS cycle=582119217 reason=2 phase0=1 phase1=0 phase2=0 phase3=0 phase4=0 phase5=0
INVALIDATIONS cycle=582119217 reason=3 phase0=0 phase1=0 phase2=0 phase3=0 phase4=0 phase5=0
INVALIDATIONS cycle=582119217 reason=4 phase0=0 phase1=0 phase2=0 phase3=0 phase4=0 phase5=0
INVALIDATIONS cycle=582119217 reason=5 phase0=0 phase1=0 phase2=0 phase3=0 phase4=0 phase5=0
LIVE cycle=584290330 kind=PREFIX phase=1 site=0 pc=7b1b46 reason=
LIVE cycle=584437669 kind=INVALIDATE phase=1 site=0 pc=7b1b46 reason=PFLUSH_OR_CINV
ADAPTER cycle=588283937 request_samples=323148122 ack_samples=79799701 instruction_acks=23272921 data_acks=56526780 error_acks=0 fetched_bytes=82105394 dispatches=124000000 known_dispatches=94071167 ir_mismatch=574519 signature_failures=0 secondary_skipped=125596 primary_mismatch_skipped=574519 diagnostic_dropped=0 starts=0 stops=0 callbacks=0 returns=0 aborts=0 unmatched=0 prefix_aborts=15 prefix0=0 prefix1=15 prefix2=0 prefix3=0 prefix4=0 prefix5=0 invalidation0=108804 invalidation1=85193 invalidation2=1 invalidation3=0 invalidation4=0 invalidation5=0
INVALIDATIONS cycle=588283937 reason=0 phase0=108803 phase1=1 phase2=0 phase3=0 phase4=0 phase5=0
INVALIDATIONS cycle=588283937 reason=1 phase0=85179 phase1=14 phase2=0 phase3=0 phase4=0 phase5=0
INVALIDATIONS cycle=588283937 reason=2 phase0=1 phase1=0 phase2=0 phase3=0 phase4=0 phase5=0
INVALIDATIONS cycle=588283937 reason=3 phase0=0 phase1=0 phase2=0 phase3=0 phase4=0 phase5=0
INVALIDATIONS cycle=588283937 reason=4 phase0=0 phase1=0 phase2=0 phase3=0 phase4=0 phase5=0
INVALIDATIONS cycle=588283937 reason=5 phase0=0 phase1=0 phase2=0 phase3=0 phase4=0 phase5=0
LIVE cycle=589776622 kind=PREFIX phase=1 site=0 pc=7b1b46 reason=
LIVE cycle=589813331 kind=INVALIDATE phase=1 site=0 pc=7b1b46 reason=PFLUSH_OR_CINV
LIVE cycle=590846007 kind=PREFIX phase=1 site=0 pc=9b5a reason=
LIVE cycle=590878262 kind=INVALIDATE phase=1 site=0 pc=9b5a reason=PFLUSH_OR_CINV
LIVE cycle=595264550 kind=PREFIX phase=1 site=0 pc=7b1b46 reason=
LIVE cycle=595308725 kind=INVALIDATE phase=1 site=0 pc=7b1b46 reason=PFLUSH_OR_CINV
ADAPTER cycle=595401015 request_samples=328300117 ack_samples=80909799 instruction_acks=23738564 data_acks=57171235 error_acks=0 fetched_bytes=83741962 dispatches=125000000 known_dispatches=94703720 ir_mismatch=580374 signature_failures=0 secondary_skipped=126855 primary_mismatch_skipped=580374 diagnostic_dropped=0 starts=0 stops=0 callbacks=0 returns=0 aborts=0 unmatched=0 prefix_aborts=18 prefix0=0 prefix1=18 prefix2=0 prefix3=0 prefix4=0 prefix5=0 invalidation0=109204 invalidation1=86130 invalidation2=1 invalidation3=0 invalidation4=0 invalidation5=0
INVALIDATIONS cycle=595401015 reason=0 phase0=109203 phase1=1 phase2=0 phase3=0 phase4=0 phase5=0
INVALIDATIONS cycle=595401015 reason=1 phase0=86113 phase1=17 phase2=0 phase3=0 phase4=0 phase5=0
INVALIDATIONS cycle=595401015 reason=2 phase0=1 phase1=0 phase2=0 phase3=0 phase4=0 phase5=0
INVALIDATIONS cycle=595401015 reason=3 phase0=0 phase1=0 phase2=0 phase3=0 phase4=0 phase5=0
INVALIDATIONS cycle=595401015 reason=4 phase0=0 phase1=0 phase2=0 phase3=0 phase4=0 phase5=0
INVALIDATIONS cycle=595401015 reason=5 phase0=0 phase1=0 phase2=0 phase3=0 phase4=0 phase5=0
LIVE cycle=600749229 kind=PREFIX phase=1 site=0 pc=7b1b46 reason=
LIVE cycle=600755902 kind=INVALIDATE phase=1 site=0 pc=7b1b46 reason=PFLUSH_OR_CINV
ADAPTER cycle=602586844 request_samples=333248668 ack_samples=81988979 instruction_acks=24168885 data_acks=57820094 error_acks=0 fetched_bytes=85255130 dispatches=126000000 known_dispatches=95356521 ir_mismatch=583992 signature_failures=0 secondary_skipped=127718 primary_mismatch_skipped=583992 diagnostic_dropped=0 starts=0 stops=0 callbacks=0 returns=0 aborts=0 unmatched=0 prefix_aborts=19 prefix0=0 prefix1=19 prefix2=0 prefix3=0 prefix4=0 prefix5=0 invalidation0=109379 invalidation1=87161 invalidation2=1 invalidation3=0 invalidation4=0 invalidation5=0
INVALIDATIONS cycle=602586844 reason=0 phase0=109378 phase1=1 phase2=0 phase3=0 phase4=0 phase5=0
INVALIDATIONS cycle=602586844 reason=1 phase0=87143 phase1=18 phase2=0 phase3=0 phase4=0 phase5=0
INVALIDATIONS cycle=602586844 reason=2 phase0=1 phase1=0 phase2=0 phase3=0 phase4=0 phase5=0
INVALIDATIONS cycle=602586844 reason=3 phase0=0 phase1=0 phase2=0 phase3=0 phase4=0 phase5=0
INVALIDATIONS cycle=602586844 reason=4 phase0=0 phase1=0 phase2=0 phase3=0 phase4=0 phase5=0
INVALIDATIONS cycle=602586844 reason=5 phase0=0 phase1=0 phase2=0 phase3=0 phase4=0 phase5=0
LIVE cycle=606235467 kind=PREFIX phase=1 site=0 pc=7b1b46 reason=
LIVE cycle=606274743 kind=INVALIDATE phase=1 site=0 pc=7b1b46 reason=PFLUSH_OR_CINV
LIVE cycle=609383656 kind=PREFIX phase=1 site=0 pc=796d80 reason=
LIVE cycle=609384786 kind=INVALIDATE phase=1 site=0 pc=796d80 reason=MMU_REGISTERS
ADAPTER cycle=609566397 request_samples=338309814 ack_samples=83066853 instruction_acks=24601588 data_acks=58465265 error_acks=0 fetched_bytes=86793066 dispatches=127000000 known_dispatches=95981675 ir_mismatch=589167 signature_failures=0 secondary_skipped=128743 primary_mismatch_skipped=589167 diagnostic_dropped=0 starts=0 stops=0 callbacks=0 returns=0 aborts=0 unmatched=0 prefix_aborts=21 prefix0=0 prefix1=21 prefix2=0 prefix3=0 prefix4=0 prefix5=0 invalidation0=109804 invalidation1=88317 invalidation2=1 invalidation3=0 invalidation4=0 invalidation5=0
INVALIDATIONS cycle=609566397 reason=0 phase0=109802 phase1=2 phase2=0 phase3=0 phase4=0 phase5=0
INVALIDATIONS cycle=609566397 reason=1 phase0=88298 phase1=19 phase2=0 phase3=0 phase4=0 phase5=0
INVALIDATIONS cycle=609566397 reason=2 phase0=1 phase1=0 phase2=0 phase3=0 phase4=0 phase5=0
INVALIDATIONS cycle=609566397 reason=3 phase0=0 phase1=0 phase2=0 phase3=0 phase4=0 phase5=0
INVALIDATIONS cycle=609566397 reason=4 phase0=0 phase1=0 phase2=0 phase3=0 phase4=0 phase5=0
INVALIDATIONS cycle=609566397 reason=5 phase0=0 phase1=0 phase2=0 phase3=0 phase4=0 phase5=0
LIVE cycle=609621456 kind=PREFIX phase=1 site=0 pc=796d80 reason=
LIVE cycle=609701477 kind=INVALIDATE phase=1 site=0 pc=796d80 reason=PFLUSH_OR_CINV
LIVE cycle=611721669 kind=PREFIX phase=1 site=0 pc=7b1b46 reason=
LIVE cycle=611744168 kind=INVALIDATE phase=1 site=0 pc=7b1b46 reason=PFLUSH_OR_CINV
ADAPTER cycle=615627350 request_samples=342111795 ack_samples=84470889 instruction_acks=25205971 data_acks=59264918 error_acks=0 fetched_bytes=88620174 dispatches=128000000 known_dispatches=96605141 ir_mismatch=591198 signature_failures=0 secondary_skipped=129531 primary_mismatch_skipped=591198 diagnostic_dropped=0 starts=0 stops=0 callbacks=0 returns=0 aborts=0 unmatched=0 prefix_aborts=23 prefix0=0 prefix1=23 prefix2=0 prefix3=0 prefix4=0 prefix5=0 invalidation0=110384 invalidation1=89230 invalidation2=1 invalidation3=0 invalidation4=0 invalidation5=0
INVALIDATIONS cycle=615627350 reason=0 phase0=110382 phase1=2 phase2=0 phase3=0 phase4=0 phase5=0
INVALIDATIONS cycle=615627350 reason=1 phase0=89209 phase1=21 phase2=0 phase3=0 phase4=0 phase5=0
INVALIDATIONS cycle=615627350 reason=2 phase0=1 phase1=0 phase2=0 phase3=0 phase4=0 phase5=0
INVALIDATIONS cycle=615627350 reason=3 phase0=0 phase1=0 phase2=0 phase3=0 phase4=0 phase5=0
INVALIDATIONS cycle=615627350 reason=4 phase0=0 phase1=0 phase2=0 phase3=0 phase4=0 phase5=0
INVALIDATIONS cycle=615627350 reason=5 phase0=0 phase1=0 phase2=0 phase3=0 phase4=0 phase5=0
LIVE cycle=617208029 kind=PREFIX phase=1 site=0 pc=7b1b46 reason=
LIVE cycle=617210111 kind=INVALIDATE phase=1 site=0 pc=7b1b46 reason=PFLUSH_OR_CINV
LIVE cycle=620647052 kind=PREFIX phase=1 site=0 pc=340b2 reason=
LIVE cycle=620661265 kind=INVALIDATE phase=1 site=0 pc=340b2 reason=PFLUSH_OR_CINV
LIVE cycle=620843462 kind=PREFIX phase=1 site=0 pc=33eb6 reason=
LIVE cycle=620857432 kind=INVALIDATE phase=1 site=0 pc=33eb6 reason=PFLUSH_OR_CINV
ADAPTER cycle=621608629 request_samples=346102243 ack_samples=85627729 instruction_acks=25687674 data_acks=59940055 error_acks=0 fetched_bytes=90217632 dispatches=129000000 known_dispatches=97213753 ir_mismatch=601916 signature_failures=0 secondary_skipped=130703 primary_mismatch_skipped=601916 diagnostic_dropped=0 starts=0 stops=0 callbacks=0 returns=0 aborts=0 unmatched=0 prefix_aborts=26 prefix0=0 prefix1=26 prefix2=0 prefix3=0 prefix4=0 prefix5=0 invalidation0=111224 invalidation1=90057 invalidation2=1 invalidation3=0 invalidation4=0 invalidation5=0
INVALIDATIONS cycle=621608629 reason=0 phase0=111222 phase1=2 phase2=0 phase3=0 phase4=0 phase5=0
INVALIDATIONS cycle=621608629 reason=1 phase0=90033 phase1=24 phase2=0 phase3=0 phase4=0 phase5=0
INVALIDATIONS cycle=621608629 reason=2 phase0=1 phase1=0 phase2=0 phase3=0 phase4=0 phase5=0
INVALIDATIONS cycle=621608629 reason=3 phase0=0 phase1=0 phase2=0 phase3=0 phase4=0 phase5=0
INVALIDATIONS cycle=621608629 reason=4 phase0=0 phase1=0 phase2=0 phase3=0 phase4=0 phase5=0
INVALIDATIONS cycle=621608629 reason=5 phase0=0 phase1=0 phase2=0 phase3=0 phase4=0 phase5=0
ADAPTER cycle=626597886 request_samples=349341146 ack_samples=86256776 instruction_acks=25829488 data_acks=60427288 error_acks=0 fetched_bytes=90721260 dispatches=130000000 known_dispatches=97898808 ir_mismatch=604069 signature_failures=0 secondary_skipped=132228 primary_mismatch_skipped=604069 diagnostic_dropped=0 starts=0 stops=0 callbacks=0 returns=0 aborts=0 unmatched=0 prefix_aborts=26 prefix0=0 prefix1=26 prefix2=0 prefix3=0 prefix4=0 prefix5=0 invalidation0=111334 invalidation1=90279 invalidation2=1 invalidation3=0 invalidation4=0 invalidation5=0
INVALIDATIONS cycle=626597886 reason=0 phase0=111332 phase1=2 phase2=0 phase3=0 phase4=0 phase5=0
INVALIDATIONS cycle=626597886 reason=1 phase0=90255 phase1=24 phase2=0 phase3=0 phase4=0 phase5=0
INVALIDATIONS cycle=626597886 reason=2 phase0=1 phase1=0 phase2=0 phase3=0 phase4=0 phase5=0
INVALIDATIONS cycle=626597886 reason=3 phase0=0 phase1=0 phase2=0 phase3=0 phase4=0 phase5=0
INVALIDATIONS cycle=626597886 reason=4 phase0=0 phase1=0 phase2=0 phase3=0 phase4=0 phase5=0
INVALIDATIONS cycle=626597886 reason=5 phase0=0 phase1=0 phase2=0 phase3=0 phase4=0 phase5=0
ADAPTER cycle=632054953 request_samples=352458011 ack_samples=87068332 instruction_acks=26077206 data_acks=60991126 error_acks=0 fetched_bytes=91623524 dispatches=131000000 known_dispatches=98468045 ir_mismatch=609814 signature_failures=0 secondary_skipped=134583 primary_mismatch_skipped=609814 diagnostic_dropped=0 starts=0 stops=0 callbacks=0 returns=0 aborts=0 unmatched=0 prefix_aborts=26 prefix0=0 prefix1=26 prefix2=0 prefix3=0 prefix4=0 prefix5=0 invalidation0=112159 invalidation1=90648 invalidation2=1 invalidation3=0 invalidation4=0 invalidation5=0
INVALIDATIONS cycle=632054953 reason=0 phase0=112157 phase1=2 phase2=0 phase3=0 phase4=0 phase5=0
INVALIDATIONS cycle=632054953 reason=1 phase0=90624 phase1=24 phase2=0 phase3=0 phase4=0 phase5=0
INVALIDATIONS cycle=632054953 reason=2 phase0=1 phase1=0 phase2=0 phase3=0 phase4=0 phase5=0
INVALIDATIONS cycle=632054953 reason=3 phase0=0 phase1=0 phase2=0 phase3=0 phase4=0 phase5=0
INVALIDATIONS cycle=632054953 reason=4 phase0=0 phase1=0 phase2=0 phase3=0 phase4=0 phase5=0
INVALIDATIONS cycle=632054953 reason=5 phase0=0 phase1=0 phase2=0 phase3=0 phase4=0 phase5=0
ADAPTER cycle=639322097 request_samples=357429331 ack_samples=88136025 instruction_acks=26464998 data_acks=61671027 error_acks=0 fetched_bytes=93000154 dispatches=132000000 known_dispatches=99028849 ir_mismatch=615115 signature_failures=0 secondary_skipped=136840 primary_mismatch_skipped=615115 diagnostic_dropped=0 starts=0 stops=0 callbacks=0 returns=0 aborts=0 unmatched=0 prefix_aborts=26 prefix0=0 prefix1=26 prefix2=0 prefix3=0 prefix4=0 prefix5=0 invalidation0=116144 invalidation1=92491 invalidation2=1 invalidation3=0 invalidation4=0 invalidation5=0
INVALIDATIONS cycle=639322097 reason=0 phase0=116142 phase1=2 phase2=0 phase3=0 phase4=0 phase5=0
INVALIDATIONS cycle=639322097 reason=1 phase0=92467 phase1=24 phase2=0 phase3=0 phase4=0 phase5=0
INVALIDATIONS cycle=639322097 reason=2 phase0=1 phase1=0 phase2=0 phase3=0 phase4=0 phase5=0
INVALIDATIONS cycle=639322097 reason=3 phase0=0 phase1=0 phase2=0 phase3=0 phase4=0 phase5=0
INVALIDATIONS cycle=639322097 reason=4 phase0=0 phase1=0 phase2=0 phase3=0 phase4=0 phase5=0
INVALIDATIONS cycle=639322097 reason=5 phase0=0 phase1=0 phase2=0 phase3=0 phase4=0 phase5=0
ADAPTER cycle=644255357 request_samples=360168998 ack_samples=89320242 instruction_acks=26861136 data_acks=62459106 error_acks=0 fetched_bytes=94392084 dispatches=133000000 known_dispatches=99588335 ir_mismatch=630566 signature_failures=0 secondary_skipped=137334 primary_mismatch_skipped=630566 diagnostic_dropped=0 starts=0 stops=0 callbacks=0 returns=0 aborts=0 unmatched=0 prefix_aborts=26 prefix0=0 prefix1=26 prefix2=0 prefix3=0 prefix4=0 prefix5=0 invalidation0=116924 invalidation1=92724 invalidation2=1 invalidation3=0 invalidation4=0 invalidation5=0
INVALIDATIONS cycle=644255357 reason=0 phase0=116922 phase1=2 phase2=0 phase3=0 phase4=0 phase5=0
INVALIDATIONS cycle=644255357 reason=1 phase0=92700 phase1=24 phase2=0 phase3=0 phase4=0 phase5=0
INVALIDATIONS cycle=644255357 reason=2 phase0=1 phase1=0 phase2=0 phase3=0 phase4=0 phase5=0
INVALIDATIONS cycle=644255357 reason=3 phase0=0 phase1=0 phase2=0 phase3=0 phase4=0 phase5=0
INVALIDATIONS cycle=644255357 reason=4 phase0=0 phase1=0 phase2=0 phase3=0 phase4=0 phase5=0
INVALIDATIONS cycle=644255357 reason=5 phase0=0 phase1=0 phase2=0 phase3=0 phase4=0 phase5=0
ADAPTER cycle=649639543 request_samples=363229516 ack_samples=90257403 instruction_acks=27154308 data_acks=63103095 error_acks=0 fetched_bytes=95459406 dispatches=134000000 known_dispatches=100158669 ir_mismatch=634609 signature_failures=0 secondary_skipped=140032 primary_mismatch_skipped=634609 diagnostic_dropped=0 starts=0 stops=0 callbacks=0 returns=0 aborts=0 unmatched=0 prefix_aborts=26 prefix0=0 prefix1=26 prefix2=0 prefix3=0 prefix4=0 prefix5=0 invalidation0=121399 invalidation1=93776 invalidation2=1 invalidation3=0 invalidation4=0 invalidation5=0
INVALIDATIONS cycle=649639543 reason=0 phase0=121397 phase1=2 phase2=0 phase3=0 phase4=0 phase5=0
INVALIDATIONS cycle=649639543 reason=1 phase0=93752 phase1=24 phase2=0 phase3=0 phase4=0 phase5=0
INVALIDATIONS cycle=649639543 reason=2 phase0=1 phase1=0 phase2=0 phase3=0 phase4=0 phase5=0
INVALIDATIONS cycle=649639543 reason=3 phase0=0 phase1=0 phase2=0 phase3=0 phase4=0 phase5=0
INVALIDATIONS cycle=649639543 reason=4 phase0=0 phase1=0 phase2=0 phase3=0 phase4=0 phase5=0
INVALIDATIONS cycle=649639543 reason=5 phase0=0 phase1=0 phase2=0 phase3=0 phase4=0 phase5=0
ADAPTER cycle=658607279 request_samples=369636341 ack_samples=91322533 instruction_acks=27430923 data_acks=63891610 error_acks=0 fetched_bytes=96437500 dispatches=135000000 known_dispatches=100711970 ir_mismatch=638464 signature_failures=0 secondary_skipped=141611 primary_mismatch_skipped=638464 diagnostic_dropped=0 starts=0 stops=0 callbacks=0 returns=0 aborts=0 unmatched=0 prefix_aborts=26 prefix0=0 prefix1=26 prefix2=0 prefix3=0 prefix4=0 prefix5=0 invalidation0=122664 invalidation1=94315 invalidation2=1 invalidation3=0 invalidation4=0 invalidation5=0
INVALIDATIONS cycle=658607279 reason=0 phase0=122662 phase1=2 phase2=0 phase3=0 phase4=0 phase5=0
INVALIDATIONS cycle=658607279 reason=1 phase0=94291 phase1=24 phase2=0 phase3=0 phase4=0 phase5=0
INVALIDATIONS cycle=658607279 reason=2 phase0=1 phase1=0 phase2=0 phase3=0 phase4=0 phase5=0
INVALIDATIONS cycle=658607279 reason=3 phase0=0 phase1=0 phase2=0 phase3=0 phase4=0 phase5=0
INVALIDATIONS cycle=658607279 reason=4 phase0=0 phase1=0 phase2=0 phase3=0 phase4=0 phase5=0
INVALIDATIONS cycle=658607279 reason=5 phase0=0 phase1=0 phase2=0 phase3=0 phase4=0 phase5=0
ADAPTER cycle=661728970 request_samples=370688074 ack_samples=92016769 instruction_acks=27636057 data_acks=64380712 error_acks=0 fetched_bytes=97097096 dispatches=136000000 known_dispatches=101298270 ir_mismatch=667257 signature_failures=0 secondary_skipped=141792 primary_mismatch_skipped=667257 diagnostic_dropped=0 starts=0 stops=0 callbacks=0 returns=0 aborts=0 unmatched=0 prefix_aborts=26 prefix0=0 prefix1=26 prefix2=0 prefix3=0 prefix4=0 prefix5=0 invalidation0=123009 invalidation1=94384 invalidation2=1 invalidation3=0 invalidation4=0 invalidation5=0
INVALIDATIONS cycle=661728970 reason=0 phase0=123007 phase1=2 phase2=0 phase3=0 phase4=0 phase5=0
INVALIDATIONS cycle=661728970 reason=1 phase0=94360 phase1=24 phase2=0 phase3=0 phase4=0 phase5=0
INVALIDATIONS cycle=661728970 reason=2 phase0=1 phase1=0 phase2=0 phase3=0 phase4=0 phase5=0
INVALIDATIONS cycle=661728970 reason=3 phase0=0 phase1=0 phase2=0 phase3=0 phase4=0 phase5=0
INVALIDATIONS cycle=661728970 reason=4 phase0=0 phase1=0 phase2=0 phase3=0 phase4=0 phase5=0
INVALIDATIONS cycle=661728970 reason=5 phase0=0 phase1=0 phase2=0 phase3=0 phase4=0 phase5=0
ADAPTER cycle=665556159 request_samples=371503114 ack_samples=92550664 instruction_acks=28039200 data_acks=64511464 error_acks=0 fetched_bytes=98385768 dispatches=137000000 known_dispatches=101877539 ir_mismatch=779086 signature_failures=0 secondary_skipped=142014 primary_mismatch_skipped=779086 diagnostic_dropped=0 starts=0 stops=0 callbacks=0 returns=0 aborts=0 unmatched=0 prefix_aborts=26 prefix0=0 prefix1=26 prefix2=0 prefix3=0 prefix4=0 prefix5=0 invalidation0=124169 invalidation1=94616 invalidation2=1 invalidation3=0 invalidation4=0 invalidation5=0
INVALIDATIONS cycle=665556159 reason=0 phase0=124167 phase1=2 phase2=0 phase3=0 phase4=0 phase5=0
INVALIDATIONS cycle=665556159 reason=1 phase0=94592 phase1=24 phase2=0 phase3=0 phase4=0 phase5=0
INVALIDATIONS cycle=665556159 reason=2 phase0=1 phase1=0 phase2=0 phase3=0 phase4=0 phase5=0
INVALIDATIONS cycle=665556159 reason=3 phase0=0 phase1=0 phase2=0 phase3=0 phase4=0 phase5=0
INVALIDATIONS cycle=665556159 reason=4 phase0=0 phase1=0 phase2=0 phase3=0 phase4=0 phase5=0
INVALIDATIONS cycle=665556159 reason=5 phase0=0 phase1=0 phase2=0 phase3=0 phase4=0 phase5=0
ADAPTER cycle=669399040 request_samples=372318741 ack_samples=93083085 instruction_acks=28441179 data_acks=64641906 error_acks=0 fetched_bytes=99669770 dispatches=138000000 known_dispatches=102460008 ir_mismatch=891745 signature_failures=0 secondary_skipped=142236 primary_mismatch_skipped=891745 diagnostic_dropped=0 starts=0 stops=0 callbacks=0 returns=0 aborts=0 unmatched=0 prefix_aborts=26 prefix0=0 prefix1=26 prefix2=0 prefix3=0 prefix4=0 prefix5=0 invalidation0=125379 invalidation1=94858 invalidation2=1 invalidation3=0 invalidation4=0 invalidation5=0
INVALIDATIONS cycle=669399040 reason=0 phase0=125377 phase1=2 phase2=0 phase3=0 phase4=0 phase5=0
INVALIDATIONS cycle=669399040 reason=1 phase0=94834 phase1=24 phase2=0 phase3=0 phase4=0 phase5=0
INVALIDATIONS cycle=669399040 reason=2 phase0=1 phase1=0 phase2=0 phase3=0 phase4=0 phase5=0
INVALIDATIONS cycle=669399040 reason=3 phase0=0 phase1=0 phase2=0 phase3=0 phase4=0 phase5=0
INVALIDATIONS cycle=669399040 reason=4 phase0=0 phase1=0 phase2=0 phase3=0 phase4=0 phase5=0
INVALIDATIONS cycle=669399040 reason=5 phase0=0 phase1=0 phase2=0 phase3=0 phase4=0 phase5=0
LIVE cycle=671495960 kind=PREFIX phase=1 site=0 pc=796d80 reason=
LIVE cycle=671544755 kind=INVALIDATE phase=1 site=0 pc=796d80 reason=MMU_REGISTERS
LIVE cycle=674265334 kind=PREFIX phase=1 site=0 pc=7b1b46 reason=
LIVE cycle=674277038 kind=INVALIDATE phase=1 site=0 pc=7b1b46 reason=PFLUSH_OR_CINV
ADAPTER cycle=675941887 request_samples=376495502 ack_samples=94069086 instruction_acks=28828847 data_acks=65240239 error_acks=0 fetched_bytes=101041132 dispatches=139000000 known_dispatches=103072779 ir_mismatch=911047 signature_failures=0 secondary_skipped=143214 primary_mismatch_skipped=911047 diagnostic_dropped=0 starts=0 stops=0 callbacks=0 returns=0 aborts=0 unmatched=0 prefix_aborts=28 prefix0=0 prefix1=28 prefix2=0 prefix3=0 prefix4=0 prefix5=0 invalidation0=125704 invalidation1=95966 invalidation2=1 invalidation3=0 invalidation4=0 invalidation5=0
INVALIDATIONS cycle=675941887 reason=0 phase0=125701 phase1=3 phase2=0 phase3=0 phase4=0 phase5=0
INVALIDATIONS cycle=675941887 reason=1 phase0=95941 phase1=25 phase2=0 phase3=0 phase4=0 phase5=0
INVALIDATIONS cycle=675941887 reason=2 phase0=1 phase1=0 phase2=0 phase3=0 phase4=0 phase5=0
INVALIDATIONS cycle=675941887 reason=3 phase0=0 phase1=0 phase2=0 phase3=0 phase4=0 phase5=0
INVALIDATIONS cycle=675941887 reason=4 phase0=0 phase1=0 phase2=0 phase3=0 phase4=0 phase5=0
INVALIDATIONS cycle=675941887 reason=5 phase0=0 phase1=0 phase2=0 phase3=0 phase4=0 phase5=0
LIVE cycle=679757352 kind=PREFIX phase=1 site=0 pc=7b1b46 reason=
LIVE cycle=679775684 kind=INVALIDATE phase=1 site=0 pc=7b1b46 reason=PFLUSH_OR_CINV
ADAPTER cycle=682466552 request_samples=381231371 ack_samples=95137164 instruction_acks=29281787 data_acks=65855377 error_acks=0 fetched_bytes=102641152 dispatches=140000000 known_dispatches=103659061 ir_mismatch=915727 signature_failures=0 secondary_skipped=147093 primary_mismatch_skipped=915727 diagnostic_dropped=0 starts=0 stops=0 callbacks=0 returns=0 aborts=0 unmatched=0 prefix_aborts=29 prefix0=0 prefix1=29 prefix2=0 prefix3=0 prefix4=0 prefix5=0 invalidation0=125864 invalidation1=96441 invalidation2=1 invalidation3=0 invalidation4=0 invalidation5=0
INVALIDATIONS cycle=682466552 reason=0 phase0=125861 phase1=3 phase2=0 phase3=0 phase4=0 phase5=0
INVALIDATIONS cycle=682466552 reason=1 phase0=96415 phase1=26 phase2=0 phase3=0 phase4=0 phase5=0
INVALIDATIONS cycle=682466552 reason=2 phase0=1 phase1=0 phase2=0 phase3=0 phase4=0 phase5=0
INVALIDATIONS cycle=682466552 reason=3 phase0=0 phase1=0 phase2=0 phase3=0 phase4=0 phase5=0
INVALIDATIONS cycle=682466552 reason=4 phase0=0 phase1=0 phase2=0 phase3=0 phase4=0 phase5=0
INVALIDATIONS cycle=682466552 reason=5 phase0=0 phase1=0 phase2=0 phase3=0 phase4=0 phase5=0
LIVE cycle=685237988 kind=PREFIX phase=1 site=0 pc=7b1b46 reason=
LIVE cycle=685247250 kind=INVALIDATE phase=1 site=0 pc=7b1b46 reason=PFLUSH_OR_CINV
ADAPTER cycle=688695830 request_samples=385676909 ack_samples=96175733 instruction_acks=29721366 data_acks=66454367 error_acks=0 fetched_bytes=104188722 dispatches=141000000 known_dispatches=104263553 ir_mismatch=921217 signature_failures=0 secondary_skipped=151379 primary_mismatch_skipped=921217 diagnostic_dropped=0 starts=0 stops=0 callbacks=0 returns=0 aborts=0 unmatched=0 prefix_aborts=30 prefix0=0 prefix1=30 prefix2=0 prefix3=0 prefix4=0 prefix5=0 invalidation0=126004 invalidation1=96912 invalidation2=1 invalidation3=0 invalidation4=0 invalidation5=0
INVALIDATIONS cycle=688695830 reason=0 phase0=126001 phase1=3 phase2=0 phase3=0 phase4=0 phase5=0
INVALIDATIONS cycle=688695830 reason=1 phase0=96885 phase1=27 phase2=0 phase3=0 phase4=0 phase5=0
INVALIDATIONS cycle=688695830 reason=2 phase0=1 phase1=0 phase2=0 phase3=0 phase4=0 phase5=0
INVALIDATIONS cycle=688695830 reason=3 phase0=0 phase1=0 phase2=0 phase3=0 phase4=0 phase5=0
INVALIDATIONS cycle=688695830 reason=4 phase0=0 phase1=0 phase2=0 phase3=0 phase4=0 phase5=0
INVALIDATIONS cycle=688695830 reason=5 phase0=0 phase1=0 phase2=0 phase3=0 phase4=0 phase5=0
LIVE cycle=690723826 kind=PREFIX phase=1 site=0 pc=7b1b46 reason=
LIVE cycle=690805986 kind=INVALIDATE phase=1 site=0 pc=7b1b46 reason=PFLUSH_OR_CINV
LIVE cycle=692034123 kind=PREFIX phase=1 site=0 pc=796d80 reason=
LIVE cycle=692124795 kind=INVALIDATE phase=1 site=0 pc=796d80 reason=MMU_REGISTERS
ADAPTER cycle=695184295 request_samples=390221632 ack_samples=97303224 instruction_acks=30191326 data_acks=67111898 error_acks=0 fetched_bytes=105836696 dispatches=142000000 known_dispatches=104871227 ir_mismatch=932219 signature_failures=0 secondary_skipped=153817 primary_mismatch_skipped=932219 diagnostic_dropped=0 starts=0 stops=0 callbacks=0 returns=0 aborts=0 unmatched=0 prefix_aborts=32 prefix0=0 prefix1=32 prefix2=0 prefix3=0 prefix4=0 prefix5=0 invalidation0=126184 invalidation1=97891 invalidation2=1 invalidation3=0 invalidation4=0 invalidation5=0
INVALIDATIONS cycle=695184295 reason=0 phase0=126180 phase1=4 phase2=0 phase3=0 phase4=0 phase5=0
INVALIDATIONS cycle=695184295 reason=1 phase0=97863 phase1=28 phase2=0 phase3=0 phase4=0 phase5=0
INVALIDATIONS cycle=695184295 reason=2 phase0=1 phase1=0 phase2=0 phase3=0 phase4=0 phase5=0
INVALIDATIONS cycle=695184295 reason=3 phase0=0 phase1=0 phase2=0 phase3=0 phase4=0 phase5=0
INVALIDATIONS cycle=695184295 reason=4 phase0=0 phase1=0 phase2=0 phase3=0 phase4=0 phase5=0
INVALIDATIONS cycle=695184295 reason=5 phase0=0 phase1=0 phase2=0 phase3=0 phase4=0 phase5=0
ADAPTER cycle=699451840 request_samples=392327851 ack_samples=98586839 instruction_acks=30773847 data_acks=67812992 error_acks=0 fetched_bytes=107743422 dispatches=143000000 known_dispatches=105400778 ir_mismatch=956813 signature_failures=0 secondary_skipped=154071 primary_mismatch_skipped=956813 diagnostic_dropped=0 starts=0 stops=0 callbacks=0 returns=0 aborts=0 unmatched=0 prefix_aborts=32 prefix0=0 prefix1=32 prefix2=0 prefix3=0 prefix4=0 prefix5=0 invalidation0=126284 invalidation1=97932 invalidation2=1 invalidation3=0 invalidation4=0 invalidation5=0
INVALIDATIONS cycle=699451840 reason=0 phase0=126280 phase1=4 phase2=0 phase3=0 phase4=0 phase5=0
INVALIDATIONS cycle=699451840 reason=1 phase0=97904 phase1=28 phase2=0 phase3=0 phase4=0 phase5=0
INVALIDATIONS cycle=699451840 reason=2 phase0=1 phase1=0 phase2=0 phase3=0 phase4=0 phase5=0
INVALIDATIONS cycle=699451840 reason=3 phase0=0 phase1=0 phase2=0 phase3=0 phase4=0 phase5=0
INVALIDATIONS cycle=699451840 reason=4 phase0=0 phase1=0 phase2=0 phase3=0 phase4=0 phase5=0
INVALIDATIONS cycle=699451840 reason=5 phase0=0 phase1=0 phase2=0 phase3=0 phase4=0 phase5=0
ADAPTER cycle=703772957 request_samples=394489496 ack_samples=99877359 instruction_acks=31359684 data_acks=68517675 error_acks=0 fetched_bytes=109658692 dispatches=144000000 known_dispatches=105939699 ir_mismatch=980433 signature_failures=0 secondary_skipped=154357 primary_mismatch_skipped=980433 diagnostic_dropped=0 starts=0 stops=0 callbacks=0 returns=0 aborts=0 unmatched=0 prefix_aborts=32 prefix0=0 prefix1=32 prefix2=0 prefix3=0 prefix4=0 prefix5=0 invalidation0=126384 invalidation1=97952 invalidation2=1 invalidation3=0 invalidation4=0 invalidation5=0
INVALIDATIONS cycle=703772957 reason=0 phase0=126380 phase1=4 phase2=0 phase3=0 phase4=0 phase5=0
INVALIDATIONS cycle=703772957 reason=1 phase0=97924 phase1=28 phase2=0 phase3=0 phase4=0 phase5=0
INVALIDATIONS cycle=703772957 reason=2 phase0=1 phase1=0 phase2=0 phase3=0 phase4=0 phase5=0
INVALIDATIONS cycle=703772957 reason=3 phase0=0 phase1=0 phase2=0 phase3=0 phase4=0 phase5=0
INVALIDATIONS cycle=703772957 reason=4 phase0=0 phase1=0 phase2=0 phase3=0 phase4=0 phase5=0
INVALIDATIONS cycle=703772957 reason=5 phase0=0 phase1=0 phase2=0 phase3=0 phase4=0 phase5=0
ADAPTER cycle=708094091 request_samples=396651200 ack_samples=101167883 instruction_acks=31945522 data_acks=69222361 error_acks=0 fetched_bytes=111574024 dispatches=145000000 known_dispatches=106474171 ir_mismatch=1004042 signature_failures=0 secondary_skipped=154637 primary_mismatch_skipped=1004042 diagnostic_dropped=0 starts=0 stops=0 callbacks=0 returns=0 aborts=0 unmatched=0 prefix_aborts=32 prefix0=0 prefix1=32 prefix2=0 prefix3=0 prefix4=0 prefix5=0 invalidation0=126494 invalidation1=97974 invalidation2=1 invalidation3=0 invalidation4=0 invalidation5=0
INVALIDATIONS cycle=708094091 reason=0 phase0=126490 phase1=4 phase2=0 phase3=0 phase4=0 phase5=0
INVALIDATIONS cycle=708094091 reason=1 phase0=97946 phase1=28 phase2=0 phase3=0 phase4=0 phase5=0
INVALIDATIONS cycle=708094091 reason=2 phase0=1 phase1=0 phase2=0 phase3=0 phase4=0 phase5=0
INVALIDATIONS cycle=708094091 reason=3 phase0=0 phase1=0 phase2=0 phase3=0 phase4=0 phase5=0
INVALIDATIONS cycle=708094091 reason=4 phase0=0 phase1=0 phase2=0 phase3=0 phase4=0 phase5=0
INVALIDATIONS cycle=708094091 reason=5 phase0=0 phase1=0 phase2=0 phase3=0 phase4=0 phase5=0
ADAPTER cycle=712401004 request_samples=398796752 ack_samples=102458263 instruction_acks=32531091 data_acks=69927172 error_acks=0 fetched_bytes=113487802 dispatches=146000000 known_dispatches=106998271 ir_mismatch=1027647 signature_failures=0 secondary_skipped=154903 primary_mismatch_skipped=1027647 diagnostic_dropped=0 starts=0 stops=0 callbacks=0 returns=0 aborts=0 unmatched=0 prefix_aborts=32 prefix0=0 prefix1=32 prefix2=0 prefix3=0 prefix4=0 prefix5=0 invalidation0=126594 invalidation1=97994 invalidation2=1 invalidation3=0 invalidation4=0 invalidation5=0
INVALIDATIONS cycle=712401004 reason=0 phase0=126590 phase1=4 phase2=0 phase3=0 phase4=0 phase5=0
INVALIDATIONS cycle=712401004 reason=1 phase0=97966 phase1=28 phase2=0 phase3=0 phase4=0 phase5=0
INVALIDATIONS cycle=712401004 reason=2 phase0=1 phase1=0 phase2=0 phase3=0 phase4=0 phase5=0
INVALIDATIONS cycle=712401004 reason=3 phase0=0 phase1=0 phase2=0 phase3=0 phase4=0 phase5=0
INVALIDATIONS cycle=712401004 reason=4 phase0=0 phase1=0 phase2=0 phase3=0 phase4=0 phase5=0
INVALIDATIONS cycle=712401004 reason=5 phase0=0 phase1=0 phase2=0 phase3=0 phase4=0 phase5=0
ADAPTER cycle=716725074 request_samples=400961211 ack_samples=103748869 instruction_acks=33116928 data_acks=70631941 error_acks=0 fetched_bytes=115403114 dispatches=147000000 known_dispatches=107531296 ir_mismatch=1051260 signature_failures=0 secondary_skipped=155189 primary_mismatch_skipped=1051260 diagnostic_dropped=0 starts=0 stops=0 callbacks=0 returns=0 aborts=0 unmatched=0 prefix_aborts=32 prefix0=0 prefix1=32 prefix2=0 prefix3=0 prefix4=0 prefix5=0 invalidation0=126694 invalidation1=98014 invalidation2=1 invalidation3=0 invalidation4=0 invalidation5=0
INVALIDATIONS cycle=716725074 reason=0 phase0=126690 phase1=4 phase2=0 phase3=0 phase4=0 phase5=0
INVALIDATIONS cycle=716725074 reason=1 phase0=97986 phase1=28 phase2=0 phase3=0 phase4=0 phase5=0
INVALIDATIONS cycle=716725074 reason=2 phase0=1 phase1=0 phase2=0 phase3=0 phase4=0 phase5=0
INVALIDATIONS cycle=716725074 reason=3 phase0=0 phase1=0 phase2=0 phase3=0 phase4=0 phase5=0
INVALIDATIONS cycle=716725074 reason=4 phase0=0 phase1=0 phase2=0 phase3=0 phase4=0 phase5=0
INVALIDATIONS cycle=716725074 reason=5 phase0=0 phase1=0 phase2=0 phase3=0 phase4=0 phase5=0
ADAPTER cycle=721029605 request_samples=403104417 ack_samples=105039240 instruction_acks=33702476 data_acks=71336764 error_acks=0 fetched_bytes=117316900 dispatches=148000000 known_dispatches=108057959 ir_mismatch=1074857 signature_failures=0 secondary_skipped=155455 primary_mismatch_skipped=1074857 diagnostic_dropped=0 starts=0 stops=0 callbacks=0 returns=0 aborts=0 unmatched=0 prefix_aborts=32 prefix0=0 prefix1=32 prefix2=0 prefix3=0 prefix4=0 prefix5=0 invalidation0=126794 invalidation1=98034 invalidation2=1 invalidation3=0 invalidation4=0 invalidation5=0
INVALIDATIONS cycle=721029605 reason=0 phase0=126790 phase1=4 phase2=0 phase3=0 phase4=0 phase5=0
INVALIDATIONS cycle=721029605 reason=1 phase0=98006 phase1=28 phase2=0 phase3=0 phase4=0 phase5=0
INVALIDATIONS cycle=721029605 reason=2 phase0=1 phase1=0 phase2=0 phase3=0 phase4=0 phase5=0
INVALIDATIONS cycle=721029605 reason=3 phase0=0 phase1=0 phase2=0 phase3=0 phase4=0 phase5=0
INVALIDATIONS cycle=721029605 reason=4 phase0=0 phase1=0 phase2=0 phase3=0 phase4=0 phase5=0
INVALIDATIONS cycle=721029605 reason=5 phase0=0 phase1=0 phase2=0 phase3=0 phase4=0 phase5=0
ADAPTER cycle=725401851 request_samples=405319828 ack_samples=106327751 instruction_acks=34286751 data_acks=72041000 error_acks=0 fetched_bytes=119228716 dispatches=149000000 known_dispatches=108598364 ir_mismatch=1098255 signature_failures=0 secondary_skipped=155766 primary_mismatch_skipped=1098255 diagnostic_dropped=0 starts=0 stops=0 callbacks=0 returns=0 aborts=0 unmatched=0 prefix_aborts=32 prefix0=0 prefix1=32 prefix2=0 prefix3=0 prefix4=0 prefix5=0 invalidation0=126924 invalidation1=98060 invalidation2=1 invalidation3=0 invalidation4=0 invalidation5=0
INVALIDATIONS cycle=725401851 reason=0 phase0=126920 phase1=4 phase2=0 phase3=0 phase4=0 phase5=0
INVALIDATIONS cycle=725401851 reason=1 phase0=98032 phase1=28 phase2=0 phase3=0 phase4=0 phase5=0
INVALIDATIONS cycle=725401851 reason=2 phase0=1 phase1=0 phase2=0 phase3=0 phase4=0 phase5=0
INVALIDATIONS cycle=725401851 reason=3 phase0=0 phase1=0 phase2=0 phase3=0 phase4=0 phase5=0
INVALIDATIONS cycle=725401851 reason=4 phase0=0 phase1=0 phase2=0 phase3=0 phase4=0 phase5=0
INVALIDATIONS cycle=725401851 reason=5 phase0=0 phase1=0 phase2=0 phase3=0 phase4=0 phase5=0
ADAPTER cycle=729723224 request_samples=407482136 ack_samples=107617699 instruction_acks=34872335 data_acks=72745364 error_acks=0 fetched_bytes=121143188 dispatches=150000000 known_dispatches=109120490 ir_mismatch=1121852 signature_failures=0 secondary_skipped=156040 primary_mismatch_skipped=1121852 diagnostic_dropped=0 starts=0 stops=0 callbacks=0 returns=0 aborts=0 unmatched=0 prefix_aborts=32 prefix0=0 prefix1=32 prefix2=0 prefix3=0 prefix4=0 prefix5=0 invalidation0=127024 invalidation1=98080 invalidation2=1 invalidation3=0 invalidation4=0 invalidation5=0
INVALIDATIONS cycle=729723224 reason=0 phase0=127020 phase1=4 phase2=0 phase3=0 phase4=0 phase5=0
INVALIDATIONS cycle=729723224 reason=1 phase0=98052 phase1=28 phase2=0 phase3=0 phase4=0 phase5=0
INVALIDATIONS cycle=729723224 reason=2 phase0=1 phase1=0 phase2=0 phase3=0 phase4=0 phase5=0
INVALIDATIONS cycle=729723224 reason=3 phase0=0 phase1=0 phase2=0 phase3=0 phase4=0 phase5=0
INVALIDATIONS cycle=729723224 reason=4 phase0=0 phase1=0 phase2=0 phase3=0 phase4=0 phase5=0
INVALIDATIONS cycle=729723224 reason=5 phase0=0 phase1=0 phase2=0 phase3=0 phase4=0 phase5=0
ADAPTER cycle=734034844 request_samples=409632393 ack_samples=108908215 instruction_acks=35457956 data_acks=73450259 error_acks=0 fetched_bytes=123057248 dispatches=151000000 known_dispatches=109657705 ir_mismatch=1145448 signature_failures=0 secondary_skipped=156312 primary_mismatch_skipped=1145448 diagnostic_dropped=0 starts=0 stops=0 callbacks=0 returns=0 aborts=0 unmatched=0 prefix_aborts=32 prefix0=0 prefix1=32 prefix2=0 prefix3=0 prefix4=0 prefix5=0 invalidation0=127124 invalidation1=98100 invalidation2=1 invalidation3=0 invalidation4=0 invalidation5=0
INVALIDATIONS cycle=734034844 reason=0 phase0=127120 phase1=4 phase2=0 phase3=0 phase4=0 phase5=0
INVALIDATIONS cycle=734034844 reason=1 phase0=98072 phase1=28 phase2=0 phase3=0 phase4=0 phase5=0
INVALIDATIONS cycle=734034844 reason=2 phase0=1 phase1=0 phase2=0 phase3=0 phase4=0 phase5=0
INVALIDATIONS cycle=734034844 reason=3 phase0=0 phase1=0 phase2=0 phase3=0 phase4=0 phase5=0
INVALIDATIONS cycle=734034844 reason=4 phase0=0 phase1=0 phase2=0 phase3=0 phase4=0 phase5=0
INVALIDATIONS cycle=734034844 reason=5 phase0=0 phase1=0 phase2=0 phase3=0 phase4=0 phase5=0
ADAPTER cycle=738386123 request_samples=411826946 ack_samples=110199026 instruction_acks=36043991 data_acks=74155035 error_acks=0 fetched_bytes=124974632 dispatches=152000000 known_dispatches=110202448 ir_mismatch=1169022 signature_failures=0 secondary_skipped=156606 primary_mismatch_skipped=1169022 diagnostic_dropped=0 starts=0 stops=0 callbacks=0 returns=0 aborts=0 unmatched=0 prefix_aborts=32 prefix0=0 prefix1=32 prefix2=0 prefix3=0 prefix4=0 prefix5=0 invalidation0=127234 invalidation1=98122 invalidation2=1 invalidation3=0 invalidation4=0 invalidation5=0
INVALIDATIONS cycle=738386123 reason=0 phase0=127230 phase1=4 phase2=0 phase3=0 phase4=0 phase5=0
INVALIDATIONS cycle=738386123 reason=1 phase0=98094 phase1=28 phase2=0 phase3=0 phase4=0 phase5=0
INVALIDATIONS cycle=738386123 reason=2 phase0=1 phase1=0 phase2=0 phase3=0 phase4=0 phase5=0
INVALIDATIONS cycle=738386123 reason=3 phase0=0 phase1=0 phase2=0 phase3=0 phase4=0 phase5=0
INVALIDATIONS cycle=738386123 reason=4 phase0=0 phase1=0 phase2=0 phase3=0 phase4=0 phase5=0
INVALIDATIONS cycle=738386123 reason=5 phase0=0 phase1=0 phase2=0 phase3=0 phase4=0 phase5=0
ADAPTER cycle=742692609 request_samples=413972054 ack_samples=111489425 instruction_acks=36629542 data_acks=74859883 error_acks=0 fetched_bytes=126888404 dispatches=153000000 known_dispatches=110724599 ir_mismatch=1192618 signature_failures=0 secondary_skipped=156878 primary_mismatch_skipped=1192618 diagnostic_dropped=0 starts=0 stops=0 callbacks=0 returns=0 aborts=0 unmatched=0 prefix_aborts=32 prefix0=0 prefix1=32 prefix2=0 prefix3=0 prefix4=0 prefix5=0 invalidation0=127334 invalidation1=98142 invalidation2=1 invalidation3=0 invalidation4=0 invalidation5=0
INVALIDATIONS cycle=742692609 reason=0 phase0=127330 phase1=4 phase2=0 phase3=0 phase4=0 phase5=0
INVALIDATIONS cycle=742692609 reason=1 phase0=98114 phase1=28 phase2=0 phase3=0 phase4=0 phase5=0
INVALIDATIONS cycle=742692609 reason=2 phase0=1 phase1=0 phase2=0 phase3=0 phase4=0 phase5=0
INVALIDATIONS cycle=742692609 reason=3 phase0=0 phase1=0 phase2=0 phase3=0 phase4=0 phase5=0
INVALIDATIONS cycle=742692609 reason=4 phase0=0 phase1=0 phase2=0 phase3=0 phase4=0 phase5=0
INVALIDATIONS cycle=742692609 reason=5 phase0=0 phase1=0 phase2=0 phase3=0 phase4=0 phase5=0
ADAPTER cycle=747013801 request_samples=416133878 ack_samples=112779889 instruction_acks=37215348 data_acks=75564541 error_acks=0 fetched_bytes=128803626 dispatches=154000000 known_dispatches=111257795 ir_mismatch=1216234 signature_failures=0 secondary_skipped=157158 primary_mismatch_skipped=1216234 diagnostic_dropped=0 starts=0 stops=0 callbacks=0 returns=0 aborts=0 unmatched=0 prefix_aborts=32 prefix0=0 prefix1=32 prefix2=0 prefix3=0 prefix4=0 prefix5=0 invalidation0=127434 invalidation1=98162 invalidation2=1 invalidation3=0 invalidation4=0 invalidation5=0
INVALIDATIONS cycle=747013801 reason=0 phase0=127430 phase1=4 phase2=0 phase3=0 phase4=0 phase5=0
INVALIDATIONS cycle=747013801 reason=1 phase0=98134 phase1=28 phase2=0 phase3=0 phase4=0 phase5=0
INVALIDATIONS cycle=747013801 reason=2 phase0=1 phase1=0 phase2=0 phase3=0 phase4=0 phase5=0
INVALIDATIONS cycle=747013801 reason=3 phase0=0 phase1=0 phase2=0 phase3=0 phase4=0 phase5=0
INVALIDATIONS cycle=747013801 reason=4 phase0=0 phase1=0 phase2=0 phase3=0 phase4=0 phase5=0
INVALIDATIONS cycle=747013801 reason=5 phase0=0 phase1=0 phase2=0 phase3=0 phase4=0 phase5=0
ADAPTER cycle=751317214 request_samples=418276002 ack_samples=114070286 instruction_acks=37800928 data_acks=76269358 error_acks=0 fetched_bytes=130717466 dispatches=155000000 known_dispatches=111788814 ir_mismatch=1239830 signature_failures=0 secondary_skipped=157424 primary_mismatch_skipped=1239830 diagnostic_dropped=0 starts=0 stops=0 callbacks=0 returns=0 aborts=0 unmatched=0 prefix_aborts=32 prefix0=0 prefix1=32 prefix2=0 prefix3=0 prefix4=0 prefix5=0 invalidation0=127534 invalidation1=98182 invalidation2=1 invalidation3=0 invalidation4=0 invalidation5=0
INVALIDATIONS cycle=751317214 reason=0 phase0=127530 phase1=4 phase2=0 phase3=0 phase4=0 phase5=0
INVALIDATIONS cycle=751317214 reason=1 phase0=98154 phase1=28 phase2=0 phase3=0 phase4=0 phase5=0
INVALIDATIONS cycle=751317214 reason=2 phase0=1 phase1=0 phase2=0 phase3=0 phase4=0 phase5=0
INVALIDATIONS cycle=751317214 reason=3 phase0=0 phase1=0 phase2=0 phase3=0 phase4=0 phase5=0
INVALIDATIONS cycle=751317214 reason=4 phase0=0 phase1=0 phase2=0 phase3=0 phase4=0 phase5=0
INVALIDATIONS cycle=751317214 reason=5 phase0=0 phase1=0 phase2=0 phase3=0 phase4=0 phase5=0
ADAPTER cycle=755642593 request_samples=420441694 ack_samples=115360942 instruction_acks=38386796 data_acks=76974146 error_acks=0 fetched_bytes=132632896 dispatches=156000000 known_dispatches=112321408 ir_mismatch=1263426 signature_failures=0 secondary_skipped=157710 primary_mismatch_skipped=1263426 diagnostic_dropped=0 starts=0 stops=0 callbacks=0 returns=0 aborts=0 unmatched=0 prefix_aborts=32 prefix0=0 prefix1=32 prefix2=0 prefix3=0 prefix4=0 prefix5=0 invalidation0=127644 invalidation1=98204 invalidation2=1 invalidation3=0 invalidation4=0 invalidation5=0
INVALIDATIONS cycle=755642593 reason=0 phase0=127640 phase1=4 phase2=0 phase3=0 phase4=0 phase5=0
INVALIDATIONS cycle=755642593 reason=1 phase0=98176 phase1=28 phase2=0 phase3=0 phase4=0 phase5=0
INVALIDATIONS cycle=755642593 reason=2 phase0=1 phase1=0 phase2=0 phase3=0 phase4=0 phase5=0
INVALIDATIONS cycle=755642593 reason=3 phase0=0 phase1=0 phase2=0 phase3=0 phase4=0 phase5=0
INVALIDATIONS cycle=755642593 reason=4 phase0=0 phase1=0 phase2=0 phase3=0 phase4=0 phase5=0
INVALIDATIONS cycle=755642593 reason=5 phase0=0 phase1=0 phase2=0 phase3=0 phase4=0 phase5=0
ADAPTER cycle=759975399 request_samples=422617874 ack_samples=116649068 instruction_acks=38971136 data_acks=77677932 error_acks=0 fetched_bytes=134544240 dispatches=157000000 known_dispatches=112846579 ir_mismatch=1286873 signature_failures=0 secondary_skipped=158002 primary_mismatch_skipped=1286873 diagnostic_dropped=0 starts=0 stops=0 callbacks=0 returns=0 aborts=0 unmatched=0 prefix_aborts=32 prefix0=0 prefix1=32 prefix2=0 prefix3=0 prefix4=0 prefix5=0 invalidation0=127764 invalidation1=98228 invalidation2=1 invalidation3=0 invalidation4=0 invalidation5=0
INVALIDATIONS cycle=759975399 reason=0 phase0=127760 phase1=4 phase2=0 phase3=0 phase4=0 phase5=0
INVALIDATIONS cycle=759975399 reason=1 phase0=98200 phase1=28 phase2=0 phase3=0 phase4=0 phase5=0
INVALIDATIONS cycle=759975399 reason=2 phase0=1 phase1=0 phase2=0 phase3=0 phase4=0 phase5=0
INVALIDATIONS cycle=759975399 reason=3 phase0=0 phase1=0 phase2=0 phase3=0 phase4=0 phase5=0
INVALIDATIONS cycle=759975399 reason=4 phase0=0 phase1=0 phase2=0 phase3=0 phase4=0 phase5=0
INVALIDATIONS cycle=759975399 reason=5 phase0=0 phase1=0 phase2=0 phase3=0 phase4=0 phase5=0
ADAPTER cycle=764286304 request_samples=424767506 ack_samples=117939497 instruction_acks=39556733 data_acks=78382764 error_acks=0 fetched_bytes=136458168 dispatches=158000000 known_dispatches=113375066 ir_mismatch=1310470 signature_failures=0 secondary_skipped=158274 primary_mismatch_skipped=1310470 diagnostic_dropped=0 starts=0 stops=0 callbacks=0 returns=0 aborts=0 unmatched=0 prefix_aborts=32 prefix0=0 prefix1=32 prefix2=0 prefix3=0 prefix4=0 prefix5=0 invalidation0=127864 invalidation1=98248 invalidation2=1 invalidation3=0 invalidation4=0 invalidation5=0
INVALIDATIONS cycle=764286304 reason=0 phase0=127860 phase1=4 phase2=0 phase3=0 phase4=0 phase5=0
INVALIDATIONS cycle=764286304 reason=1 phase0=98220 phase1=28 phase2=0 phase3=0 phase4=0 phase5=0
INVALIDATIONS cycle=764286304 reason=2 phase0=1 phase1=0 phase2=0 phase3=0 phase4=0 phase5=0
INVALIDATIONS cycle=764286304 reason=3 phase0=0 phase1=0 phase2=0 phase3=0 phase4=0 phase5=0
INVALIDATIONS cycle=764286304 reason=4 phase0=0 phase1=0 phase2=0 phase3=0 phase4=0 phase5=0
INVALIDATIONS cycle=764286304 reason=5 phase0=0 phase1=0 phase2=0 phase3=0 phase4=0 phase5=0
ADAPTER cycle=768609829 request_samples=426931672 ack_samples=119229964 instruction_acks=40142550 data_acks=79087414 error_acks=0 fetched_bytes=138373420 dispatches=159000000 known_dispatches=113905136 ir_mismatch=1334079 signature_failures=0 secondary_skipped=158554 primary_mismatch_skipped=1334079 diagnostic_dropped=0 starts=0 stops=0 callbacks=0 returns=0 aborts=0 unmatched=0 prefix_aborts=32 prefix0=0 prefix1=32 prefix2=0 prefix3=0 prefix4=0 prefix5=0 invalidation0=127974 invalidation1=98270 invalidation2=1 invalidation3=0 invalidation4=0 invalidation5=0
INVALIDATIONS cycle=768609829 reason=0 phase0=127970 phase1=4 phase2=0 phase3=0 phase4=0 phase5=0
INVALIDATIONS cycle=768609829 reason=1 phase0=98242 phase1=28 phase2=0 phase3=0 phase4=0 phase5=0
INVALIDATIONS cycle=768609829 reason=2 phase0=1 phase1=0 phase2=0 phase3=0 phase4=0 phase5=0
INVALIDATIONS cycle=768609829 reason=3 phase0=0 phase1=0 phase2=0 phase3=0 phase4=0 phase5=0
INVALIDATIONS cycle=768609829 reason=4 phase0=0 phase1=0 phase2=0 phase3=0 phase4=0 phase5=0
INVALIDATIONS cycle=768609829 reason=5 phase0=0 phase1=0 phase2=0 phase3=0 phase4=0 phase5=0
ADAPTER cycle=772915069 request_samples=429075664 ack_samples=120520353 instruction_acks=40728112 data_acks=79792241 error_acks=0 fetched_bytes=140287258 dispatches=160000000 known_dispatches=114430677 ir_mismatch=1357678 signature_failures=0 secondary_skipped=158820 primary_mismatch_skipped=1357678 diagnostic_dropped=0 starts=0 stops=0 callbacks=0 returns=0 aborts=0 unmatched=0 prefix_aborts=32 prefix0=0 prefix1=32 prefix2=0 prefix3=0 prefix4=0 prefix5=0 invalidation0=128074 invalidation1=98290 invalidation2=1 invalidation3=0 invalidation4=0 invalidation5=0
INVALIDATIONS cycle=772915069 reason=0 phase0=128070 phase1=4 phase2=0 phase3=0 phase4=0 phase5=0
INVALIDATIONS cycle=772915069 reason=1 phase0=98262 phase1=28 phase2=0 phase3=0 phase4=0 phase5=0
INVALIDATIONS cycle=772915069 reason=2 phase0=1 phase1=0 phase2=0 phase3=0 phase4=0 phase5=0
INVALIDATIONS cycle=772915069 reason=3 phase0=0 phase1=0 phase2=0 phase3=0 phase4=0 phase5=0
INVALIDATIONS cycle=772915069 reason=4 phase0=0 phase1=0 phase2=0 phase3=0 phase4=0 phase5=0
INVALIDATIONS cycle=772915069 reason=5 phase0=0 phase1=0 phase2=0 phase3=0 phase4=0 phase5=0
ADAPTER cycle=777240171 request_samples=431241170 ack_samples=121810935 instruction_acks=41313932 data_acks=80497003 error_acks=0 fetched_bytes=142202522 dispatches=161000000 known_dispatches=114957297 ir_mismatch=1381294 signature_failures=0 secondary_skipped=159106 primary_mismatch_skipped=1381294 diagnostic_dropped=0 starts=0 stops=0 callbacks=0 returns=0 aborts=0 unmatched=0 prefix_aborts=32 prefix0=0 prefix1=32 prefix2=0 prefix3=0 prefix4=0 prefix5=0 invalidation0=128174 invalidation1=98310 invalidation2=1 invalidation3=0 invalidation4=0 invalidation5=0
INVALIDATIONS cycle=777240171 reason=0 phase0=128170 phase1=4 phase2=0 phase3=0 phase4=0 phase5=0
INVALIDATIONS cycle=777240171 reason=1 phase0=98282 phase1=28 phase2=0 phase3=0 phase4=0 phase5=0
INVALIDATIONS cycle=777240171 reason=2 phase0=1 phase1=0 phase2=0 phase3=0 phase4=0 phase5=0
INVALIDATIONS cycle=777240171 reason=3 phase0=0 phase1=0 phase2=0 phase3=0 phase4=0 phase5=0
INVALIDATIONS cycle=777240171 reason=4 phase0=0 phase1=0 phase2=0 phase3=0 phase4=0 phase5=0
INVALIDATIONS cycle=777240171 reason=5 phase0=0 phase1=0 phase2=0 phase3=0 phase4=0 phase5=0
ADAPTER cycle=781542502 request_samples=433382183 ack_samples=123101299 instruction_acks=41899487 data_acks=81201812 error_acks=0 fetched_bytes=144116300 dispatches=162000000 known_dispatches=115487902 ir_mismatch=1404896 signature_failures=0 secondary_skipped=159372 primary_mismatch_skipped=1404896 diagnostic_dropped=0 starts=0 stops=0 callbacks=0 returns=0 aborts=0 unmatched=0 prefix_aborts=32 prefix0=0 prefix1=32 prefix2=0 prefix3=0 prefix4=0 prefix5=0 invalidation0=128274 invalidation1=98330 invalidation2=1 invalidation3=0 invalidation4=0 invalidation5=0
INVALIDATIONS cycle=781542502 reason=0 phase0=128270 phase1=4 phase2=0 phase3=0 phase4=0 phase5=0
INVALIDATIONS cycle=781542502 reason=1 phase0=98302 phase1=28 phase2=0 phase3=0 phase4=0 phase5=0
INVALIDATIONS cycle=781542502 reason=2 phase0=1 phase1=0 phase2=0 phase3=0 phase4=0 phase5=0
INVALIDATIONS cycle=781542502 reason=3 phase0=0 phase1=0 phase2=0 phase3=0 phase4=0 phase5=0
INVALIDATIONS cycle=781542502 reason=4 phase0=0 phase1=0 phase2=0 phase3=0 phase4=0 phase5=0
INVALIDATIONS cycle=781542502 reason=5 phase0=0 phase1=0 phase2=0 phase3=0 phase4=0 phase5=0
ADAPTER cycle=785864293 request_samples=435544660 ack_samples=124391765 instruction_acks=42485296 data_acks=81906469 error_acks=0 fetched_bytes=146031546 dispatches=163000000 known_dispatches=116027373 ir_mismatch=1428497 signature_failures=0 secondary_skipped=159652 primary_mismatch_skipped=1428497 diagnostic_dropped=0 starts=0 stops=0 callbacks=0 returns=0 aborts=0 unmatched=0 prefix_aborts=32 prefix0=0 prefix1=32 prefix2=0 prefix3=0 prefix4=0 prefix5=0 invalidation0=128384 invalidation1=98352 invalidation2=1 invalidation3=0 invalidation4=0 invalidation5=0
INVALIDATIONS cycle=785864293 reason=0 phase0=128380 phase1=4 phase2=0 phase3=0 phase4=0 phase5=0
INVALIDATIONS cycle=785864293 reason=1 phase0=98324 phase1=28 phase2=0 phase3=0 phase4=0 phase5=0
INVALIDATIONS cycle=785864293 reason=2 phase0=1 phase1=0 phase2=0 phase3=0 phase4=0 phase5=0
INVALIDATIONS cycle=785864293 reason=3 phase0=0 phase1=0 phase2=0 phase3=0 phase4=0 phase5=0
INVALIDATIONS cycle=785864293 reason=4 phase0=0 phase1=0 phase2=0 phase3=0 phase4=0 phase5=0
INVALIDATIONS cycle=785864293 reason=5 phase0=0 phase1=0 phase2=0 phase3=0 phase4=0 phase5=0
ADAPTER cycle=790197880 request_samples=437721158 ack_samples=125680435 instruction_acks=43069850 data_acks=82610585 error_acks=0 fetched_bytes=147943578 dispatches=164000000 known_dispatches=116555541 ir_mismatch=1451966 signature_failures=0 secondary_skipped=159956 primary_mismatch_skipped=1451966 diagnostic_dropped=0 starts=0 stops=0 callbacks=0 returns=0 aborts=0 unmatched=0 prefix_aborts=32 prefix0=0 prefix1=32 prefix2=0 prefix3=0 prefix4=0 prefix5=0 invalidation0=128504 invalidation1=98376 invalidation2=1 invalidation3=0 invalidation4=0 invalidation5=0
INVALIDATIONS cycle=790197880 reason=0 phase0=128500 phase1=4 phase2=0 phase3=0 phase4=0 phase5=0
INVALIDATIONS cycle=790197880 reason=1 phase0=98348 phase1=28 phase2=0 phase3=0 phase4=0 phase5=0
INVALIDATIONS cycle=790197880 reason=2 phase0=1 phase1=0 phase2=0 phase3=0 phase4=0 phase5=0
INVALIDATIONS cycle=790197880 reason=3 phase0=0 phase1=0 phase2=0 phase3=0 phase4=0 phase5=0
INVALIDATIONS cycle=790197880 reason=4 phase0=0 phase1=0 phase2=0 phase3=0 phase4=0 phase5=0
INVALIDATIONS cycle=790197880 reason=5 phase0=0 phase1=0 phase2=0 phase3=0 phase4=0 phase5=0
ADAPTER cycle=794508480 request_samples=439870844 ack_samples=126970393 instruction_acks=43655261 data_acks=83315132 error_acks=0 fetched_bytes=149856912 dispatches=165000000 known_dispatches=117086093 ir_mismatch=1475551 signature_failures=0 secondary_skipped=160216 primary_mismatch_skipped=1475551 diagnostic_dropped=0 starts=0 stops=0 callbacks=0 returns=0 aborts=0 unmatched=0 prefix_aborts=32 prefix0=0 prefix1=32 prefix2=0 prefix3=0 prefix4=0 prefix5=0 invalidation0=128604 invalidation1=98396 invalidation2=1 invalidation3=0 invalidation4=0 invalidation5=0
INVALIDATIONS cycle=794508480 reason=0 phase0=128600 phase1=4 phase2=0 phase3=0 phase4=0 phase5=0
INVALIDATIONS cycle=794508480 reason=1 phase0=98368 phase1=28 phase2=0 phase3=0 phase4=0 phase5=0
INVALIDATIONS cycle=794508480 reason=2 phase0=1 phase1=0 phase2=0 phase3=0 phase4=0 phase5=0
INVALIDATIONS cycle=794508480 reason=3 phase0=0 phase1=0 phase2=0 phase3=0 phase4=0 phase5=0
INVALIDATIONS cycle=794508480 reason=4 phase0=0 phase1=0 phase2=0 phase3=0 phase4=0 phase5=0
INVALIDATIONS cycle=794508480 reason=5 phase0=0 phase1=0 phase2=0 phase3=0 phase4=0 phase5=0
ADAPTER cycle=798832742 request_samples=442035883 ack_samples=128260833 instruction_acks=44241050 data_acks=84019783 error_acks=0 fetched_bytes=151772140 dispatches=166000000 known_dispatches=117621211 ir_mismatch=1499156 signature_failures=0 secondary_skipped=160496 primary_mismatch_skipped=1499156 diagnostic_dropped=0 starts=0 stops=0 callbacks=0 returns=0 aborts=0 unmatched=0 prefix_aborts=32 prefix0=0 prefix1=32 prefix2=0 prefix3=0 prefix4=0 prefix5=0 invalidation0=128714 invalidation1=98418 invalidation2=1 invalidation3=0 invalidation4=0 invalidation5=0
INVALIDATIONS cycle=798832742 reason=0 phase0=128710 phase1=4 phase2=0 phase3=0 phase4=0 phase5=0
INVALIDATIONS cycle=798832742 reason=1 phase0=98390 phase1=28 phase2=0 phase3=0 phase4=0 phase5=0
INVALIDATIONS cycle=798832742 reason=2 phase0=1 phase1=0 phase2=0 phase3=0 phase4=0 phase5=0
INVALIDATIONS cycle=798832742 reason=3 phase0=0 phase1=0 phase2=0 phase3=0 phase4=0 phase5=0
INVALIDATIONS cycle=798832742 reason=4 phase0=0 phase1=0 phase2=0 phase3=0 phase4=0 phase5=0
INVALIDATIONS cycle=798832742 reason=5 phase0=0 phase1=0 phase2=0 phase3=0 phase4=0 phase5=0
ADAPTER cycle=803167649 request_samples=444211986 ack_samples=129551644 instruction_acks=44826859 data_acks=84724785 error_acks=0 fetched_bytes=153688168 dispatches=167000000 known_dispatches=118163012 ir_mismatch=1522727 signature_failures=0 secondary_skipped=160782 primary_mismatch_skipped=1522727 diagnostic_dropped=0 starts=0 stops=0 callbacks=0 returns=0 aborts=0 unmatched=0 prefix_aborts=32 prefix0=0 prefix1=32 prefix2=0 prefix3=0 prefix4=0 prefix5=0 invalidation0=128814 invalidation1=98438 invalidation2=1 invalidation3=0 invalidation4=0 invalidation5=0
INVALIDATIONS cycle=803167649 reason=0 phase0=128810 phase1=4 phase2=0 phase3=0 phase4=0 phase5=0
INVALIDATIONS cycle=803167649 reason=1 phase0=98410 phase1=28 phase2=0 phase3=0 phase4=0 phase5=0
INVALIDATIONS cycle=803167649 reason=2 phase0=1 phase1=0 phase2=0 phase3=0 phase4=0 phase5=0
INVALIDATIONS cycle=803167649 reason=3 phase0=0 phase1=0 phase2=0 phase3=0 phase4=0 phase5=0
INVALIDATIONS cycle=803167649 reason=4 phase0=0 phase1=0 phase2=0 phase3=0 phase4=0 phase5=0
INVALIDATIONS cycle=803167649 reason=5 phase0=0 phase1=0 phase2=0 phase3=0 phase4=0 phase5=0
ADAPTER cycle=807490321 request_samples=446375306 ack_samples=130842115 instruction_acks=45412672 data_acks=85429443 error_acks=0 fetched_bytes=155603394 dispatches=168000000 known_dispatches=118693779 ir_mismatch=1546342 signature_failures=0 secondary_skipped=161062 primary_mismatch_skipped=1546342 diagnostic_dropped=0 starts=0 stops=0 callbacks=0 returns=0 aborts=0 unmatched=0 prefix_aborts=32 prefix0=0 prefix1=32 prefix2=0 prefix3=0 prefix4=0 prefix5=0 invalidation0=128914 invalidation1=98458 invalidation2=1 invalidation3=0 invalidation4=0 invalidation5=0
INVALIDATIONS cycle=807490321 reason=0 phase0=128910 phase1=4 phase2=0 phase3=0 phase4=0 phase5=0
INVALIDATIONS cycle=807490321 reason=1 phase0=98430 phase1=28 phase2=0 phase3=0 phase4=0 phase5=0
INVALIDATIONS cycle=807490321 reason=2 phase0=1 phase1=0 phase2=0 phase3=0 phase4=0 phase5=0
INVALIDATIONS cycle=807490321 reason=3 phase0=0 phase1=0 phase2=0 phase3=0 phase4=0 phase5=0
INVALIDATIONS cycle=807490321 reason=4 phase0=0 phase1=0 phase2=0 phase3=0 phase4=0 phase5=0
INVALIDATIONS cycle=807490321 reason=5 phase0=0 phase1=0 phase2=0 phase3=0 phase4=0 phase5=0
ADAPTER cycle=811797960 request_samples=448521455 ack_samples=132132558 instruction_acks=45998259 data_acks=86134299 error_acks=0 fetched_bytes=157517242 dispatches=169000000 known_dispatches=119214880 ir_mismatch=1569944 signature_failures=0 secondary_skipped=161334 primary_mismatch_skipped=1569944 diagnostic_dropped=0 starts=0 stops=0 callbacks=0 returns=0 aborts=0 unmatched=0 prefix_aborts=32 prefix0=0 prefix1=32 prefix2=0 prefix3=0 prefix4=0 prefix5=0 invalidation0=129014 invalidation1=98478 invalidation2=1 invalidation3=0 invalidation4=0 invalidation5=0
INVALIDATIONS cycle=811797960 reason=0 phase0=129010 phase1=4 phase2=0 phase3=0 phase4=0 phase5=0
INVALIDATIONS cycle=811797960 reason=1 phase0=98450 phase1=28 phase2=0 phase3=0 phase4=0 phase5=0
INVALIDATIONS cycle=811797960 reason=2 phase0=1 phase1=0 phase2=0 phase3=0 phase4=0 phase5=0
INVALIDATIONS cycle=811797960 reason=3 phase0=0 phase1=0 phase2=0 phase3=0 phase4=0 phase5=0
INVALIDATIONS cycle=811797960 reason=4 phase0=0 phase1=0 phase2=0 phase3=0 phase4=0 phase5=0
INVALIDATIONS cycle=811797960 reason=5 phase0=0 phase1=0 phase2=0 phase3=0 phase4=0 phase5=0
ADAPTER cycle=816122370 request_samples=450686489 ack_samples=133423033 instruction_acks=46584067 data_acks=86838966 error_acks=0 fetched_bytes=159432474 dispatches=170000000 known_dispatches=119743628 ir_mismatch=1593544 signature_failures=0 secondary_skipped=161614 primary_mismatch_skipped=1593544 diagnostic_dropped=0 starts=0 stops=0 callbacks=0 returns=0 aborts=0 unmatched=0 prefix_aborts=32 prefix0=0 prefix1=32 prefix2=0 prefix3=0 prefix4=0 prefix5=0 invalidation0=129124 invalidation1=98500 invalidation2=1 invalidation3=0 invalidation4=0 invalidation5=0
INVALIDATIONS cycle=816122370 reason=0 phase0=129120 phase1=4 phase2=0 phase3=0 phase4=0 phase5=0
INVALIDATIONS cycle=816122370 reason=1 phase0=98472 phase1=28 phase2=0 phase3=0 phase4=0 phase5=0
INVALIDATIONS cycle=816122370 reason=2 phase0=1 phase1=0 phase2=0 phase3=0 phase4=0 phase5=0
INVALIDATIONS cycle=816122370 reason=3 phase0=0 phase1=0 phase2=0 phase3=0 phase4=0 phase5=0
INVALIDATIONS cycle=816122370 reason=4 phase0=0 phase1=0 phase2=0 phase3=0 phase4=0 phase5=0
INVALIDATIONS cycle=816122370 reason=5 phase0=0 phase1=0 phase2=0 phase3=0 phase4=0 phase5=0
ADAPTER cycle=820443595 request_samples=452848321 ack_samples=134713525 instruction_acks=47169904 data_acks=87543621 error_acks=0 fetched_bytes=161347756 dispatches=171000000 known_dispatches=120277317 ir_mismatch=1617159 signature_failures=0 secondary_skipped=161894 primary_mismatch_skipped=1617159 diagnostic_dropped=0 starts=0 stops=0 callbacks=0 returns=0 aborts=0 unmatched=0 prefix_aborts=32 prefix0=0 prefix1=32 prefix2=0 prefix3=0 prefix4=0 prefix5=0 invalidation0=129224 invalidation1=98520 invalidation2=1 invalidation3=0 invalidation4=0 invalidation5=0
INVALIDATIONS cycle=820443595 reason=0 phase0=129220 phase1=4 phase2=0 phase3=0 phase4=0 phase5=0
INVALIDATIONS cycle=820443595 reason=1 phase0=98492 phase1=28 phase2=0 phase3=0 phase4=0 phase5=0
INVALIDATIONS cycle=820443595 reason=2 phase0=1 phase1=0 phase2=0 phase3=0 phase4=0 phase5=0
INVALIDATIONS cycle=820443595 reason=3 phase0=0 phase1=0 phase2=0 phase3=0 phase4=0 phase5=0
INVALIDATIONS cycle=820443595 reason=4 phase0=0 phase1=0 phase2=0 phase3=0 phase4=0 phase5=0
INVALIDATIONS cycle=820443595 reason=5 phase0=0 phase1=0 phase2=0 phase3=0 phase4=0 phase5=0
ADAPTER cycle=824767716 request_samples=455013294 ack_samples=136002174 instruction_acks=47754228 data_acks=88247946 error_acks=0 fetched_bytes=163258472 dispatches=172000000 known_dispatches=120806368 ir_mismatch=1640606 signature_failures=0 secondary_skipped=162184 primary_mismatch_skipped=1640606 diagnostic_dropped=0 starts=0 stops=0 callbacks=0 returns=0 aborts=0 unmatched=0 prefix_aborts=32 prefix0=0 prefix1=32 prefix2=0 prefix3=0 prefix4=0 prefix5=0 invalidation0=129344 invalidation1=98544 invalidation2=1 invalidation3=0 invalidation4=0 invalidation5=0
INVALIDATIONS cycle=824767716 reason=0 phase0=129340 phase1=4 phase2=0 phase3=0 phase4=0 phase5=0
INVALIDATIONS cycle=824767716 reason=1 phase0=98516 phase1=28 phase2=0 phase3=0 phase4=0 phase5=0
INVALIDATIONS cycle=824767716 reason=2 phase0=1 phase1=0 phase2=0 phase3=0 phase4=0 phase5=0
INVALIDATIONS cycle=824767716 reason=3 phase0=0 phase1=0 phase2=0 phase3=0 phase4=0 phase5=0
INVALIDATIONS cycle=824767716 reason=4 phase0=0 phase1=0 phase2=0 phase3=0 phase4=0 phase5=0
INVALIDATIONS cycle=824767716 reason=5 phase0=0 phase1=0 phase2=0 phase3=0 phase4=0 phase5=0
ADAPTER cycle=829091713 request_samples=457178279 ack_samples=137292203 instruction_acks=48339863 data_acks=88952340 error_acks=0 fetched_bytes=165173176 dispatches=173000000 known_dispatches=121345236 ir_mismatch=1664188 signature_failures=0 secondary_skipped=162458 primary_mismatch_skipped=1664188 diagnostic_dropped=0 starts=0 stops=0 callbacks=0 returns=0 aborts=0 unmatched=0 prefix_aborts=32 prefix0=0 prefix1=32 prefix2=0 prefix3=0 prefix4=0 prefix5=0 invalidation0=129454 invalidation1=98566 invalidation2=1 invalidation3=0 invalidation4=0 invalidation5=0
INVALIDATIONS cycle=829091713 reason=0 phase0=129450 phase1=4 phase2=0 phase3=0 phase4=0 phase5=0
INVALIDATIONS cycle=829091713 reason=1 phase0=98538 phase1=28 phase2=0 phase3=0 phase4=0 phase5=0
INVALIDATIONS cycle=829091713 reason=2 phase0=1 phase1=0 phase2=0 phase3=0 phase4=0 phase5=0
INVALIDATIONS cycle=829091713 reason=3 phase0=0 phase1=0 phase2=0 phase3=0 phase4=0 phase5=0
INVALIDATIONS cycle=829091713 reason=4 phase0=0 phase1=0 phase2=0 phase3=0 phase4=0 phase5=0
INVALIDATIONS cycle=829091713 reason=5 phase0=0 phase1=0 phase2=0 phase3=0 phase4=0 phase5=0
ADAPTER cycle=833395592 request_samples=459320789 ack_samples=138582622 instruction_acks=48925422 data_acks=89657200 error_acks=0 fetched_bytes=167086986 dispatches=174000000 known_dispatches=121876042 ir_mismatch=1687786 signature_failures=0 secondary_skipped=162730 primary_mismatch_skipped=1687786 diagnostic_dropped=0 starts=0 stops=0 callbacks=0 returns=0 aborts=0 unmatched=0 prefix_aborts=32 prefix0=0 prefix1=32 prefix2=0 prefix3=0 prefix4=0 prefix5=0 invalidation0=129554 invalidation1=98586 invalidation2=1 invalidation3=0 invalidation4=0 invalidation5=0
INVALIDATIONS cycle=833395592 reason=0 phase0=129550 phase1=4 phase2=0 phase3=0 phase4=0 phase5=0
INVALIDATIONS cycle=833395592 reason=1 phase0=98558 phase1=28 phase2=0 phase3=0 phase4=0 phase5=0
INVALIDATIONS cycle=833395592 reason=2 phase0=1 phase1=0 phase2=0 phase3=0 phase4=0 phase5=0
INVALIDATIONS cycle=833395592 reason=3 phase0=0 phase1=0 phase2=0 phase3=0 phase4=0 phase5=0
INVALIDATIONS cycle=833395592 reason=4 phase0=0 phase1=0 phase2=0 phase3=0 phase4=0 phase5=0
INVALIDATIONS cycle=833395592 reason=5 phase0=0 phase1=0 phase2=0 phase3=0 phase4=0 phase5=0
ADAPTER cycle=837715822 request_samples=461481800 ack_samples=139873063 instruction_acks=49511243 data_acks=90361820 error_acks=0 fetched_bytes=169002218 dispatches=175000000 known_dispatches=122413471 ir_mismatch=1711407 signature_failures=0 secondary_skipped=163010 primary_mismatch_skipped=1711407 diagnostic_dropped=0 starts=0 stops=0 callbacks=0 returns=0 aborts=0 unmatched=0 prefix_aborts=32 prefix0=0 prefix1=32 prefix2=0 prefix3=0 prefix4=0 prefix5=0 invalidation0=129654 invalidation1=98606 invalidation2=1 invalidation3=0 invalidation4=0 invalidation5=0
INVALIDATIONS cycle=837715822 reason=0 phase0=129650 phase1=4 phase2=0 phase3=0 phase4=0 phase5=0
INVALIDATIONS cycle=837715822 reason=1 phase0=98578 phase1=28 phase2=0 phase3=0 phase4=0 phase5=0
INVALIDATIONS cycle=837715822 reason=2 phase0=1 phase1=0 phase2=0 phase3=0 phase4=0 phase5=0
INVALIDATIONS cycle=837715822 reason=3 phase0=0 phase1=0 phase2=0 phase3=0 phase4=0 phase5=0
INVALIDATIONS cycle=837715822 reason=4 phase0=0 phase1=0 phase2=0 phase3=0 phase4=0 phase5=0
INVALIDATIONS cycle=837715822 reason=5 phase0=0 phase1=0 phase2=0 phase3=0 phase4=0 phase5=0
ADAPTER cycle=842021031 request_samples=463625681 ack_samples=141163440 instruction_acks=50096804 data_acks=91066636 error_acks=0 fetched_bytes=170916006 dispatches=176000000 known_dispatches=122936486 ir_mismatch=1735008 signature_failures=0 secondary_skipped=163276 primary_mismatch_skipped=1735008 diagnostic_dropped=0 starts=0 stops=0 callbacks=0 returns=0 aborts=0 unmatched=0 prefix_aborts=32 prefix0=0 prefix1=32 prefix2=0 prefix3=0 prefix4=0 prefix5=0 invalidation0=129754 invalidation1=98626 invalidation2=1 invalidation3=0 invalidation4=0 invalidation5=0
INVALIDATIONS cycle=842021031 reason=0 phase0=129750 phase1=4 phase2=0 phase3=0 phase4=0 phase5=0
INVALIDATIONS cycle=842021031 reason=1 phase0=98598 phase1=28 phase2=0 phase3=0 phase4=0 phase5=0
INVALIDATIONS cycle=842021031 reason=2 phase0=1 phase1=0 phase2=0 phase3=0 phase4=0 phase5=0
INVALIDATIONS cycle=842021031 reason=3 phase0=0 phase1=0 phase2=0 phase3=0 phase4=0 phase5=0
INVALIDATIONS cycle=842021031 reason=4 phase0=0 phase1=0 phase2=0 phase3=0 phase4=0 phase5=0
INVALIDATIONS cycle=842021031 reason=5 phase0=0 phase1=0 phase2=0 phase3=0 phase4=0 phase5=0
ADAPTER cycle=846346434 request_samples=465791492 ack_samples=142454061 instruction_acks=50682648 data_acks=91771413 error_acks=0 fetched_bytes=172831382 dispatches=177000000 known_dispatches=123471325 ir_mismatch=1758609 signature_failures=0 secondary_skipped=163562 primary_mismatch_skipped=1758609 diagnostic_dropped=0 starts=0 stops=0 callbacks=0 returns=0 aborts=0 unmatched=0 prefix_aborts=32 prefix0=0 prefix1=32 prefix2=0 prefix3=0 prefix4=0 prefix5=0 invalidation0=129864 invalidation1=98648 invalidation2=1 invalidation3=0 invalidation4=0 invalidation5=0
INVALIDATIONS cycle=846346434 reason=0 phase0=129860 phase1=4 phase2=0 phase3=0 phase4=0 phase5=0
INVALIDATIONS cycle=846346434 reason=1 phase0=98620 phase1=28 phase2=0 phase3=0 phase4=0 phase5=0
INVALIDATIONS cycle=846346434 reason=2 phase0=1 phase1=0 phase2=0 phase3=0 phase4=0 phase5=0
INVALIDATIONS cycle=846346434 reason=3 phase0=0 phase1=0 phase2=0 phase3=0 phase4=0 phase5=0
INVALIDATIONS cycle=846346434 reason=4 phase0=0 phase1=0 phase2=0 phase3=0 phase4=0 phase5=0
INVALIDATIONS cycle=846346434 reason=5 phase0=0 phase1=0 phase2=0 phase3=0 phase4=0 phase5=0
ADAPTER cycle=850666484 request_samples=467952164 ack_samples=143744542 instruction_acks=51268472 data_acks=92476070 error_acks=0 fetched_bytes=174746622 dispatches=178000000 known_dispatches=124004480 ir_mismatch=1782228 signature_failures=0 secondary_skipped=163842 primary_mismatch_skipped=1782228 diagnostic_dropped=0 starts=0 stops=0 callbacks=0 returns=0 aborts=0 unmatched=0 prefix_aborts=32 prefix0=0 prefix1=32 prefix2=0 prefix3=0 prefix4=0 prefix5=0 invalidation0=129964 invalidation1=98668 invalidation2=1 invalidation3=0 invalidation4=0 invalidation5=0
INVALIDATIONS cycle=850666484 reason=0 phase0=129960 phase1=4 phase2=0 phase3=0 phase4=0 phase5=0
INVALIDATIONS cycle=850666484 reason=1 phase0=98640 phase1=28 phase2=0 phase3=0 phase4=0 phase5=0
INVALIDATIONS cycle=850666484 reason=2 phase0=1 phase1=0 phase2=0 phase3=0 phase4=0 phase5=0
INVALIDATIONS cycle=850666484 reason=3 phase0=0 phase1=0 phase2=0 phase3=0 phase4=0 phase5=0
INVALIDATIONS cycle=850666484 reason=4 phase0=0 phase1=0 phase2=0 phase3=0 phase4=0 phase5=0
INVALIDATIONS cycle=850666484 reason=5 phase0=0 phase1=0 phase2=0 phase3=0 phase4=0 phase5=0
ADAPTER cycle=854972656 request_samples=470097067 ack_samples=145034940 instruction_acks=51854050 data_acks=93180890 error_acks=0 fetched_bytes=176660478 dispatches=179000000 known_dispatches=124534431 ir_mismatch=1805824 signature_failures=0 secondary_skipped=164108 primary_mismatch_skipped=1805824 diagnostic_dropped=0 starts=0 stops=0 callbacks=0 returns=0 aborts=0 unmatched=0 prefix_aborts=32 prefix0=0 prefix1=32 prefix2=0 prefix3=0 prefix4=0 prefix5=0 invalidation0=130064 invalidation1=98688 invalidation2=1 invalidation3=0 invalidation4=0 invalidation5=0
INVALIDATIONS cycle=854972656 reason=0 phase0=130060 phase1=4 phase2=0 phase3=0 phase4=0 phase5=0
INVALIDATIONS cycle=854972656 reason=1 phase0=98660 phase1=28 phase2=0 phase3=0 phase4=0 phase5=0
INVALIDATIONS cycle=854972656 reason=2 phase0=1 phase1=0 phase2=0 phase3=0 phase4=0 phase5=0
INVALIDATIONS cycle=854972656 reason=3 phase0=0 phase1=0 phase2=0 phase3=0 phase4=0 phase5=0
INVALIDATIONS cycle=854972656 reason=4 phase0=0 phase1=0 phase2=0 phase3=0 phase4=0 phase5=0
INVALIDATIONS cycle=854972656 reason=5 phase0=0 phase1=0 phase2=0 phase3=0 phase4=0 phase5=0
ADAPTER cycle=859358080 request_samples=472340712 ack_samples=146312894 instruction_acks=52432949 data_acks=93879945 error_acks=0 fetched_bytes=178558268 dispatches=180000000 known_dispatches=125079201 ir_mismatch=1829487 signature_failures=0 secondary_skipped=164419 primary_mismatch_skipped=1829487 diagnostic_dropped=0 starts=0 stops=0 callbacks=0 returns=0 aborts=0 unmatched=0 prefix_aborts=32 prefix0=0 prefix1=32 prefix2=0 prefix3=0 prefix4=0 prefix5=0 invalidation0=130234 invalidation1=98755 invalidation2=1 invalidation3=0 invalidation4=0 invalidation5=0
INVALIDATIONS cycle=859358080 reason=0 phase0=130230 phase1=4 phase2=0 phase3=0 phase4=0 phase5=0
INVALIDATIONS cycle=859358080 reason=1 phase0=98727 phase1=28 phase2=0 phase3=0 phase4=0 phase5=0
INVALIDATIONS cycle=859358080 reason=2 phase0=1 phase1=0 phase2=0 phase3=0 phase4=0 phase5=0
INVALIDATIONS cycle=859358080 reason=3 phase0=0 phase1=0 phase2=0 phase3=0 phase4=0 phase5=0
INVALIDATIONS cycle=859358080 reason=4 phase0=0 phase1=0 phase2=0 phase3=0 phase4=0 phase5=0
INVALIDATIONS cycle=859358080 reason=5 phase0=0 phase1=0 phase2=0 phase3=0 phase4=0 phase5=0
LIVE cycle=860249954 kind=PREFIX phase=1 site=0 pc=7b1b46 reason=
LIVE cycle=860544426 kind=INVALIDATE phase=1 site=0 pc=7b1b46 reason=MMU_REGISTERS
ADAPTER cycle=863665941 request_samples=474516449 ack_samples=147576896 instruction_acks=53005800 data_acks=94571096 error_acks=0 fetched_bytes=180440822 dispatches=181000000 known_dispatches=125618923 ir_mismatch=1854759 signature_failures=0 secondary_skipped=164694 primary_mismatch_skipped=1854759 diagnostic_dropped=0 starts=0 stops=0 callbacks=0 returns=0 aborts=0 unmatched=0 prefix_aborts=33 prefix0=0 prefix1=33 prefix2=0 prefix3=0 prefix4=0 prefix5=0 invalidation0=130334 invalidation1=98826 invalidation2=1 invalidation3=0 invalidation4=0 invalidation5=0
INVALIDATIONS cycle=863665941 reason=0 phase0=130329 phase1=5 phase2=0 phase3=0 phase4=0 phase5=0
INVALIDATIONS cycle=863665941 reason=1 phase0=98798 phase1=28 phase2=0 phase3=0 phase4=0 phase5=0
INVALIDATIONS cycle=863665941 reason=2 phase0=1 phase1=0 phase2=0 phase3=0 phase4=0 phase5=0
INVALIDATIONS cycle=863665941 reason=3 phase0=0 phase1=0 phase2=0 phase3=0 phase4=0 phase5=0
INVALIDATIONS cycle=863665941 reason=4 phase0=0 phase1=0 phase2=0 phase3=0 phase4=0 phase5=0
INVALIDATIONS cycle=863665941 reason=5 phase0=0 phase1=0 phase2=0 phase3=0 phase4=0 phase5=0
ADAPTER cycle=867987482 request_samples=476678370 ack_samples=148867482 instruction_acks=53591635 data_acks=95275847 error_acks=0 fetched_bytes=182356124 dispatches=182000000 known_dispatches=126155332 ir_mismatch=1878377 signature_failures=0 secondary_skipped=164980 primary_mismatch_skipped=1878377 diagnostic_dropped=0 starts=0 stops=0 callbacks=0 returns=0 aborts=0 unmatched=0 prefix_aborts=33 prefix0=0 prefix1=33 prefix2=0 prefix3=0 prefix4=0 prefix5=0 invalidation0=130434 invalidation1=98846 invalidation2=1 invalidation3=0 invalidation4=0 invalidation5=0
INVALIDATIONS cycle=867987482 reason=0 phase0=130429 phase1=5 phase2=0 phase3=0 phase4=0 phase5=0
INVALIDATIONS cycle=867987482 reason=1 phase0=98818 phase1=28 phase2=0 phase3=0 phase4=0 phase5=0
INVALIDATIONS cycle=867987482 reason=2 phase0=1 phase1=0 phase2=0 phase3=0 phase4=0 phase5=0
INVALIDATIONS cycle=867987482 reason=3 phase0=0 phase1=0 phase2=0 phase3=0 phase4=0 phase5=0
INVALIDATIONS cycle=867987482 reason=4 phase0=0 phase1=0 phase2=0 phase3=0 phase4=0 phase5=0
INVALIDATIONS cycle=867987482 reason=5 phase0=0 phase1=0 phase2=0 phase3=0 phase4=0 phase5=0
ADAPTER cycle=872322966 request_samples=478855411 ack_samples=150158195 instruction_acks=54177408 data_acks=95980787 error_acks=0 fetched_bytes=184272166 dispatches=183000000 known_dispatches=126692078 ir_mismatch=1901942 signature_failures=0 secondary_skipped=165272 primary_mismatch_skipped=1901942 diagnostic_dropped=0 starts=0 stops=0 callbacks=0 returns=0 aborts=0 unmatched=0 prefix_aborts=33 prefix0=0 prefix1=33 prefix2=0 prefix3=0 prefix4=0 prefix5=0 invalidation0=130544 invalidation1=98868 invalidation2=1 invalidation3=0 invalidation4=0 invalidation5=0
INVALIDATIONS cycle=872322966 reason=0 phase0=130539 phase1=5 phase2=0 phase3=0 phase4=0 phase5=0
INVALIDATIONS cycle=872322966 reason=1 phase0=98840 phase1=28 phase2=0 phase3=0 phase4=0 phase5=0
INVALIDATIONS cycle=872322966 reason=2 phase0=1 phase1=0 phase2=0 phase3=0 phase4=0 phase5=0
INVALIDATIONS cycle=872322966 reason=3 phase0=0 phase1=0 phase2=0 phase3=0 phase4=0 phase5=0
INVALIDATIONS cycle=872322966 reason=4 phase0=0 phase1=0 phase2=0 phase3=0 phase4=0 phase5=0
INVALIDATIONS cycle=872322966 reason=5 phase0=0 phase1=0 phase2=0 phase3=0 phase4=0 phase5=0
ADAPTER cycle=876642338 request_samples=481015239 ack_samples=151448677 instruction_acks=54763216 data_acks=96685461 error_acks=0 fetched_bytes=186187306 dispatches=184000000 known_dispatches=127228305 ir_mismatch=1925559 signature_failures=0 secondary_skipped=165546 primary_mismatch_skipped=1925559 diagnostic_dropped=0 starts=0 stops=0 callbacks=0 returns=0 aborts=0 unmatched=0 prefix_aborts=33 prefix0=0 prefix1=33 prefix2=0 prefix3=0 prefix4=0 prefix5=0 invalidation0=130644 invalidation1=98888 invalidation2=1 invalidation3=0 invalidation4=0 invalidation5=0
INVALIDATIONS cycle=876642338 reason=0 phase0=130639 phase1=5 phase2=0 phase3=0 phase4=0 phase5=0
INVALIDATIONS cycle=876642338 reason=1 phase0=98860 phase1=28 phase2=0 phase3=0 phase4=0 phase5=0
INVALIDATIONS cycle=876642338 reason=2 phase0=1 phase1=0 phase2=0 phase3=0 phase4=0 phase5=0
INVALIDATIONS cycle=876642338 reason=3 phase0=0 phase1=0 phase2=0 phase3=0 phase4=0 phase5=0
INVALIDATIONS cycle=876642338 reason=4 phase0=0 phase1=0 phase2=0 phase3=0 phase4=0 phase5=0
INVALIDATIONS cycle=876642338 reason=5 phase0=0 phase1=0 phase2=0 phase3=0 phase4=0 phase5=0
ADAPTER cycle=880962281 request_samples=483175722 ack_samples=152739139 instruction_acks=55349035 data_acks=97390104 error_acks=0 fetched_bytes=188102514 dispatches=185000000 known_dispatches=127764219 ir_mismatch=1949175 signature_failures=0 secondary_skipped=165826 primary_mismatch_skipped=1949175 diagnostic_dropped=0 starts=0 stops=0 callbacks=0 returns=0 aborts=0 unmatched=0 prefix_aborts=33 prefix0=0 prefix1=33 prefix2=0 prefix3=0 prefix4=0 prefix5=0 invalidation0=130744 invalidation1=98908 invalidation2=1 invalidation3=0 invalidation4=0 invalidation5=0
INVALIDATIONS cycle=880962281 reason=0 phase0=130739 phase1=5 phase2=0 phase3=0 phase4=0 phase5=0
INVALIDATIONS cycle=880962281 reason=1 phase0=98880 phase1=28 phase2=0 phase3=0 phase4=0 phase5=0
INVALIDATIONS cycle=880962281 reason=2 phase0=1 phase1=0 phase2=0 phase3=0 phase4=0 phase5=0
INVALIDATIONS cycle=880962281 reason=3 phase0=0 phase1=0 phase2=0 phase3=0 phase4=0 phase5=0
INVALIDATIONS cycle=880962281 reason=4 phase0=0 phase1=0 phase2=0 phase3=0 phase4=0 phase5=0
INVALIDATIONS cycle=880962281 reason=5 phase0=0 phase1=0 phase2=0 phase3=0 phase4=0 phase5=0
ADAPTER cycle=885269116 request_samples=485321172 ack_samples=154029549 instruction_acks=55934631 data_acks=98094918 error_acks=0 fetched_bytes=190016398 dispatches=186000000 known_dispatches=128298475 ir_mismatch=1972778 signature_failures=0 secondary_skipped=166092 primary_mismatch_skipped=1972778 diagnostic_dropped=0 starts=0 stops=0 callbacks=0 returns=0 aborts=0 unmatched=0 prefix_aborts=33 prefix0=0 prefix1=33 prefix2=0 prefix3=0 prefix4=0 prefix5=0 invalidation0=130844 invalidation1=98928 invalidation2=1 invalidation3=0 invalidation4=0 invalidation5=0
INVALIDATIONS cycle=885269116 reason=0 phase0=130839 phase1=5 phase2=0 phase3=0 phase4=0 phase5=0
INVALIDATIONS cycle=885269116 reason=1 phase0=98900 phase1=28 phase2=0 phase3=0 phase4=0 phase5=0
INVALIDATIONS cycle=885269116 reason=2 phase0=1 phase1=0 phase2=0 phase3=0 phase4=0 phase5=0
INVALIDATIONS cycle=885269116 reason=3 phase0=0 phase1=0 phase2=0 phase3=0 phase4=0 phase5=0
INVALIDATIONS cycle=885269116 reason=4 phase0=0 phase1=0 phase2=0 phase3=0 phase4=0 phase5=0
INVALIDATIONS cycle=885269116 reason=5 phase0=0 phase1=0 phase2=0 phase3=0 phase4=0 phase5=0
ADAPTER cycle=889606346 request_samples=487501141 ack_samples=155318339 instruction_acks=56519215 data_acks=98799124 error_acks=0 fetched_bytes=191928576 dispatches=187000000 known_dispatches=128830118 ir_mismatch=1996228 signature_failures=0 secondary_skipped=166396 primary_mismatch_skipped=1996228 diagnostic_dropped=0 starts=0 stops=0 callbacks=0 returns=0 aborts=0 unmatched=0 prefix_aborts=33 prefix0=0 prefix1=33 prefix2=0 prefix3=0 prefix4=0 prefix5=0 invalidation0=130974 invalidation1=98954 invalidation2=1 invalidation3=0 invalidation4=0 invalidation5=0
INVALIDATIONS cycle=889606346 reason=0 phase0=130969 phase1=5 phase2=0 phase3=0 phase4=0 phase5=0
INVALIDATIONS cycle=889606346 reason=1 phase0=98926 phase1=28 phase2=0 phase3=0 phase4=0 phase5=0
INVALIDATIONS cycle=889606346 reason=2 phase0=1 phase1=0 phase2=0 phase3=0 phase4=0 phase5=0
INVALIDATIONS cycle=889606346 reason=3 phase0=0 phase1=0 phase2=0 phase3=0 phase4=0 phase5=0
INVALIDATIONS cycle=889606346 reason=4 phase0=0 phase1=0 phase2=0 phase3=0 phase4=0 phase5=0
INVALIDATIONS cycle=889606346 reason=5 phase0=0 phase1=0 phase2=0 phase3=0 phase4=0 phase5=0
ADAPTER cycle=893914003 request_samples=489647957 ack_samples=156608207 instruction_acks=57104550 data_acks=99503657 error_acks=0 fetched_bytes=193841710 dispatches=188000000 known_dispatches=129350590 ir_mismatch=2019808 signature_failures=0 secondary_skipped=166656 primary_mismatch_skipped=2019808 diagnostic_dropped=0 starts=0 stops=0 callbacks=0 returns=0 aborts=0 unmatched=0 prefix_aborts=33 prefix0=0 prefix1=33 prefix2=0 prefix3=0 prefix4=0 prefix5=0 invalidation0=131074 invalidation1=98974 invalidation2=1 invalidation3=0 invalidation4=0 invalidation5=0
INVALIDATIONS cycle=893914003 reason=0 phase0=131069 phase1=5 phase2=0 phase3=0 phase4=0 phase5=0
INVALIDATIONS cycle=893914003 reason=1 phase0=98946 phase1=28 phase2=0 phase3=0 phase4=0 phase5=0
INVALIDATIONS cycle=893914003 reason=2 phase0=1 phase1=0 phase2=0 phase3=0 phase4=0 phase5=0
INVALIDATIONS cycle=893914003 reason=3 phase0=0 phase1=0 phase2=0 phase3=0 phase4=0 phase5=0
INVALIDATIONS cycle=893914003 reason=4 phase0=0 phase1=0 phase2=0 phase3=0 phase4=0 phase5=0
INVALIDATIONS cycle=893914003 reason=5 phase0=0 phase1=0 phase2=0 phase3=0 phase4=0 phase5=0
ADAPTER cycle=898237355 request_samples=491811916 ack_samples=157898718 instruction_acks=57690380 data_acks=100208338 error_acks=0 fetched_bytes=195756972 dispatches=189000000 known_dispatches=129882806 ir_mismatch=2043423 signature_failures=0 secondary_skipped=166942 primary_mismatch_skipped=2043423 diagnostic_dropped=0 starts=0 stops=0 callbacks=0 returns=0 aborts=0 unmatched=0 prefix_aborts=33 prefix0=0 prefix1=33 prefix2=0 prefix3=0 prefix4=0 prefix5=0 invalidation0=131174 invalidation1=98994 invalidation2=1 invalidation3=0 invalidation4=0 invalidation5=0
INVALIDATIONS cycle=898237355 reason=0 phase0=131169 phase1=5 phase2=0 phase3=0 phase4=0 phase5=0
INVALIDATIONS cycle=898237355 reason=1 phase0=98966 phase1=28 phase2=0 phase3=0 phase4=0 phase5=0
INVALIDATIONS cycle=898237355 reason=2 phase0=1 phase1=0 phase2=0 phase3=0 phase4=0 phase5=0
INVALIDATIONS cycle=898237355 reason=3 phase0=0 phase1=0 phase2=0 phase3=0 phase4=0 phase5=0
INVALIDATIONS cycle=898237355 reason=4 phase0=0 phase1=0 phase2=0 phase3=0 phase4=0 phase5=0
INVALIDATIONS cycle=898237355 reason=5 phase0=0 phase1=0 phase2=0 phase3=0 phase4=0 phase5=0
ADAPTER cycle=903136972 request_samples=494623972 ack_samples=159098966 instruction_acks=58184945 data_acks=100914021 error_acks=0 fetched_bytes=197426858 dispatches=190000000 known_dispatches=130413217 ir_mismatch=2059228 signature_failures=0 secondary_skipped=169407 primary_mismatch_skipped=2059228 diagnostic_dropped=0 starts=0 stops=0 callbacks=0 returns=0 aborts=0 unmatched=0 prefix_aborts=33 prefix0=0 prefix1=33 prefix2=0 prefix3=0 prefix4=0 prefix5=0 invalidation0=132434 invalidation1=99313 invalidation2=1 invalidation3=0 invalidation4=0 invalidation5=0
INVALIDATIONS cycle=903136972 reason=0 phase0=132429 phase1=5 phase2=0 phase3=0 phase4=0 phase5=0
INVALIDATIONS cycle=903136972 reason=1 phase0=99285 phase1=28 phase2=0 phase3=0 phase4=0 phase5=0
INVALIDATIONS cycle=903136972 reason=2 phase0=1 phase1=0 phase2=0 phase3=0 phase4=0 phase5=0
INVALIDATIONS cycle=903136972 reason=3 phase0=0 phase1=0 phase2=0 phase3=0 phase4=0 phase5=0
INVALIDATIONS cycle=903136972 reason=4 phase0=0 phase1=0 phase2=0 phase3=0 phase4=0 phase5=0
INVALIDATIONS cycle=903136972 reason=5 phase0=0 phase1=0 phase2=0 phase3=0 phase4=0 phase5=0
ADAPTER cycle=907442227 request_samples=496767778 ack_samples=160389464 instruction_acks=58770567 data_acks=101618897 error_acks=0 fetched_bytes=199340856 dispatches=191000000 known_dispatches=130952022 ir_mismatch=2082837 signature_failures=0 secondary_skipped=169667 primary_mismatch_skipped=2082837 diagnostic_dropped=0 starts=0 stops=0 callbacks=0 returns=0 aborts=0 unmatched=0 prefix_aborts=33 prefix0=0 prefix1=33 prefix2=0 prefix3=0 prefix4=0 prefix5=0 invalidation0=132534 invalidation1=99333 invalidation2=1 invalidation3=0 invalidation4=0 invalidation5=0
INVALIDATIONS cycle=907442227 reason=0 phase0=132529 phase1=5 phase2=0 phase3=0 phase4=0 phase5=0
INVALIDATIONS cycle=907442227 reason=1 phase0=99305 phase1=28 phase2=0 phase3=0 phase4=0 phase5=0
INVALIDATIONS cycle=907442227 reason=2 phase0=1 phase1=0 phase2=0 phase3=0 phase4=0 phase5=0
INVALIDATIONS cycle=907442227 reason=3 phase0=0 phase1=0 phase2=0 phase3=0 phase4=0 phase5=0
INVALIDATIONS cycle=907442227 reason=4 phase0=0 phase1=0 phase2=0 phase3=0 phase4=0 phase5=0
INVALIDATIONS cycle=907442227 reason=5 phase0=0 phase1=0 phase2=0 phase3=0 phase4=0 phase5=0
ADAPTER cycle=911756747 request_samples=498922651 ack_samples=161679925 instruction_acks=59356388 data_acks=102323537 error_acks=0 fetched_bytes=201255948 dispatches=192000000 known_dispatches=131487008 ir_mismatch=2106485 signature_failures=0 secondary_skipped=169923 primary_mismatch_skipped=2106485 diagnostic_dropped=0 starts=0 stops=0 callbacks=0 returns=0 aborts=0 unmatched=0 prefix_aborts=33 prefix0=0 prefix1=33 prefix2=0 prefix3=0 prefix4=0 prefix5=0 invalidation0=132634 invalidation1=99353 invalidation2=1 invalidation3=0 invalidation4=0 invalidation5=0
INVALIDATIONS cycle=911756747 reason=0 phase0=132629 phase1=5 phase2=0 phase3=0 phase4=0 phase5=0
INVALIDATIONS cycle=911756747 reason=1 phase0=99325 phase1=28 phase2=0 phase3=0 phase4=0 phase5=0
INVALIDATIONS cycle=911756747 reason=2 phase0=1 phase1=0 phase2=0 phase3=0 phase4=0 phase5=0
INVALIDATIONS cycle=911756747 reason=3 phase0=0 phase1=0 phase2=0 phase3=0 phase4=0 phase5=0
INVALIDATIONS cycle=911756747 reason=4 phase0=0 phase1=0 phase2=0 phase3=0 phase4=0 phase5=0
INVALIDATIONS cycle=911756747 reason=5 phase0=0 phase1=0 phase2=0 phase3=0 phase4=0 phase5=0
ADAPTER cycle=916053673 request_samples=501058025 ack_samples=162970356 instruction_acks=59941965 data_acks=103028391 error_acks=0 fetched_bytes=203169734 dispatches=193000000 known_dispatches=132014998 ir_mismatch=2130077 signature_failures=0 secondary_skipped=170177 primary_mismatch_skipped=2130077 diagnostic_dropped=0 starts=0 stops=0 callbacks=0 returns=0 aborts=0 unmatched=0 prefix_aborts=33 prefix0=0 prefix1=33 prefix2=0 prefix3=0 prefix4=0 prefix5=0 invalidation0=132744 invalidation1=99375 invalidation2=1 invalidation3=0 invalidation4=0 invalidation5=0
INVALIDATIONS cycle=916053673 reason=0 phase0=132739 phase1=5 phase2=0 phase3=0 phase4=0 phase5=0
INVALIDATIONS cycle=916053673 reason=1 phase0=99347 phase1=28 phase2=0 phase3=0 phase4=0 phase5=0
INVALIDATIONS cycle=916053673 reason=2 phase0=1 phase1=0 phase2=0 phase3=0 phase4=0 phase5=0
INVALIDATIONS cycle=916053673 reason=3 phase0=0 phase1=0 phase2=0 phase3=0 phase4=0 phase5=0
INVALIDATIONS cycle=916053673 reason=4 phase0=0 phase1=0 phase2=0 phase3=0 phase4=0 phase5=0
INVALIDATIONS cycle=916053673 reason=5 phase0=0 phase1=0 phase2=0 phase3=0 phase4=0 phase5=0
ADAPTER cycle=920365524 request_samples=503210195 ack_samples=164260859 instruction_acks=60527786 data_acks=103733073 error_acks=0 fetched_bytes=205084900 dispatches=194000000 known_dispatches=132552868 ir_mismatch=2153710 signature_failures=0 secondary_skipped=170433 primary_mismatch_skipped=2153710 diagnostic_dropped=0 starts=0 stops=0 callbacks=0 returns=0 aborts=0 unmatched=0 prefix_aborts=33 prefix0=0 prefix1=33 prefix2=0 prefix3=0 prefix4=0 prefix5=0 invalidation0=132844 invalidation1=99395 invalidation2=1 invalidation3=0 invalidation4=0 invalidation5=0
INVALIDATIONS cycle=920365524 reason=0 phase0=132839 phase1=5 phase2=0 phase3=0 phase4=0 phase5=0
INVALIDATIONS cycle=920365524 reason=1 phase0=99367 phase1=28 phase2=0 phase3=0 phase4=0 phase5=0
INVALIDATIONS cycle=920365524 reason=2 phase0=1 phase1=0 phase2=0 phase3=0 phase4=0 phase5=0
INVALIDATIONS cycle=920365524 reason=3 phase0=0 phase1=0 phase2=0 phase3=0 phase4=0 phase5=0
INVALIDATIONS cycle=920365524 reason=4 phase0=0 phase1=0 phase2=0 phase3=0 phase4=0 phase5=0
INVALIDATIONS cycle=920365524 reason=5 phase0=0 phase1=0 phase2=0 phase3=0 phase4=0 phase5=0
ADAPTER cycle=924693285 request_samples=505380699 ack_samples=165549097 instruction_acks=61112073 data_acks=104437024 error_acks=0 fetched_bytes=206996116 dispatches=195000000 known_dispatches=133080460 ir_mismatch=2177166 signature_failures=0 secondary_skipped=170713 primary_mismatch_skipped=2177166 diagnostic_dropped=0 starts=0 stops=0 callbacks=0 returns=0 aborts=0 unmatched=0 prefix_aborts=33 prefix0=0 prefix1=33 prefix2=0 prefix3=0 prefix4=0 prefix5=0 invalidation0=132964 invalidation1=99419 invalidation2=1 invalidation3=0 invalidation4=0 invalidation5=0
INVALIDATIONS cycle=924693285 reason=0 phase0=132959 phase1=5 phase2=0 phase3=0 phase4=0 phase5=0
INVALIDATIONS cycle=924693285 reason=1 phase0=99391 phase1=28 phase2=0 phase3=0 phase4=0 phase5=0
INVALIDATIONS cycle=924693285 reason=2 phase0=1 phase1=0 phase2=0 phase3=0 phase4=0 phase5=0
INVALIDATIONS cycle=924693285 reason=3 phase0=0 phase1=0 phase2=0 phase3=0 phase4=0 phase5=0
INVALIDATIONS cycle=924693285 reason=4 phase0=0 phase1=0 phase2=0 phase3=0 phase4=0 phase5=0
INVALIDATIONS cycle=924693285 reason=5 phase0=0 phase1=0 phase2=0 phase3=0 phase4=0 phase5=0
ADAPTER cycle=928994666 request_samples=507520757 ack_samples=166839500 instruction_acks=61697676 data_acks=105141824 error_acks=0 fetched_bytes=208910024 dispatches=196000000 known_dispatches=133607042 ir_mismatch=2200773 signature_failures=0 secondary_skipped=170967 primary_mismatch_skipped=2200773 diagnostic_dropped=0 starts=0 stops=0 callbacks=0 returns=0 aborts=0 unmatched=0 prefix_aborts=33 prefix0=0 prefix1=33 prefix2=0 prefix3=0 prefix4=0 prefix5=0 invalidation0=133064 invalidation1=99439 invalidation2=1 invalidation3=0 invalidation4=0 invalidation5=0
INVALIDATIONS cycle=928994666 reason=0 phase0=133059 phase1=5 phase2=0 phase3=0 phase4=0 phase5=0
INVALIDATIONS cycle=928994666 reason=1 phase0=99411 phase1=28 phase2=0 phase3=0 phase4=0 phase5=0
INVALIDATIONS cycle=928994666 reason=2 phase0=1 phase1=0 phase2=0 phase3=0 phase4=0 phase5=0
INVALIDATIONS cycle=928994666 reason=3 phase0=0 phase1=0 phase2=0 phase3=0 phase4=0 phase5=0
INVALIDATIONS cycle=928994666 reason=4 phase0=0 phase1=0 phase2=0 phase3=0 phase4=0 phase5=0
INVALIDATIONS cycle=928994666 reason=5 phase0=0 phase1=0 phase2=0 phase3=0 phase4=0 phase5=0
ADAPTER cycle=933310298 request_samples=509676682 ack_samples=168130010 instruction_acks=62283498 data_acks=105846512 error_acks=0 fetched_bytes=210825194 dispatches=197000000 known_dispatches=134142036 ir_mismatch=2224392 signature_failures=0 secondary_skipped=171223 primary_mismatch_skipped=2224392 diagnostic_dropped=0 starts=0 stops=0 callbacks=0 returns=0 aborts=0 unmatched=0 prefix_aborts=33 prefix0=0 prefix1=33 prefix2=0 prefix3=0 prefix4=0 prefix5=0 invalidation0=133174 invalidation1=99461 invalidation2=1 invalidation3=0 invalidation4=0 invalidation5=0
INVALIDATIONS cycle=933310298 reason=0 phase0=133169 phase1=5 phase2=0 phase3=0 phase4=0 phase5=0
INVALIDATIONS cycle=933310298 reason=1 phase0=99433 phase1=28 phase2=0 phase3=0 phase4=0 phase5=0
INVALIDATIONS cycle=933310298 reason=2 phase0=1 phase1=0 phase2=0 phase3=0 phase4=0 phase5=0
INVALIDATIONS cycle=933310298 reason=3 phase0=0 phase1=0 phase2=0 phase3=0 phase4=0 phase5=0
INVALIDATIONS cycle=933310298 reason=4 phase0=0 phase1=0 phase2=0 phase3=0 phase4=0 phase5=0
INVALIDATIONS cycle=933310298 reason=5 phase0=0 phase1=0 phase2=0 phase3=0 phase4=0 phase5=0
ADAPTER cycle=937638289 request_samples=511845688 ack_samples=169420815 instruction_acks=62869292 data_acks=106551523 error_acks=0 fetched_bytes=212741104 dispatches=198000000 known_dispatches=134675362 ir_mismatch=2247978 signature_failures=0 secondary_skipped=171485 primary_mismatch_skipped=2247978 diagnostic_dropped=0 starts=0 stops=0 callbacks=0 returns=0 aborts=0 unmatched=0 prefix_aborts=33 prefix0=0 prefix1=33 prefix2=0 prefix3=0 prefix4=0 prefix5=0 invalidation0=133274 invalidation1=99481 invalidation2=1 invalidation3=0 invalidation4=0 invalidation5=0
INVALIDATIONS cycle=937638289 reason=0 phase0=133269 phase1=5 phase2=0 phase3=0 phase4=0 phase5=0
INVALIDATIONS cycle=937638289 reason=1 phase0=99453 phase1=28 phase2=0 phase3=0 phase4=0 phase5=0
INVALIDATIONS cycle=937638289 reason=2 phase0=1 phase1=0 phase2=0 phase3=0 phase4=0 phase5=0
INVALIDATIONS cycle=937638289 reason=3 phase0=0 phase1=0 phase2=0 phase3=0 phase4=0 phase5=0
INVALIDATIONS cycle=937638289 reason=4 phase0=0 phase1=0 phase2=0 phase3=0 phase4=0 phase5=0
INVALIDATIONS cycle=937638289 reason=5 phase0=0 phase1=0 phase2=0 phase3=0 phase4=0 phase5=0
ADAPTER cycle=941951209 request_samples=513998990 ack_samples=170711263 instruction_acks=63455094 data_acks=107256169 error_acks=0 fetched_bytes=214656210 dispatches=199000000 known_dispatches=135208311 ir_mismatch=2271613 signature_failures=0 secondary_skipped=171741 primary_mismatch_skipped=2271613 diagnostic_dropped=0 starts=0 stops=0 callbacks=0 returns=0 aborts=0 unmatched=0 prefix_aborts=33 prefix0=0 prefix1=33 prefix2=0 prefix3=0 prefix4=0 prefix5=0 invalidation0=133374 invalidation1=99501 invalidation2=1 invalidation3=0 invalidation4=0 invalidation5=0
INVALIDATIONS cycle=941951209 reason=0 phase0=133369 phase1=5 phase2=0 phase3=0 phase4=0 phase5=0
INVALIDATIONS cycle=941951209 reason=1 phase0=99473 phase1=28 phase2=0 phase3=0 phase4=0 phase5=0
INVALIDATIONS cycle=941951209 reason=2 phase0=1 phase1=0 phase2=0 phase3=0 phase4=0 phase5=0
INVALIDATIONS cycle=941951209 reason=3 phase0=0 phase1=0 phase2=0 phase3=0 phase4=0 phase5=0
INVALIDATIONS cycle=941951209 reason=4 phase0=0 phase1=0 phase2=0 phase3=0 phase4=0 phase5=0
INVALIDATIONS cycle=941951209 reason=5 phase0=0 phase1=0 phase2=0 phase3=0 phase4=0 phase5=0
ADAPTER cycle=946296931 request_samples=516188127 ack_samples=172000006 instruction_acks=64038833 data_acks=107961173 error_acks=0 fetched_bytes=216566778 dispatches=200000000 known_dispatches=135735256 ir_mismatch=2295025 signature_failures=0 secondary_skipped=172007 primary_mismatch_skipped=2295025 diagnostic_dropped=0 starts=0 stops=0 callbacks=0 returns=0 aborts=0 unmatched=0 prefix_aborts=33 prefix0=0 prefix1=33 prefix2=0 prefix3=0 prefix4=0 prefix5=0 invalidation0=133564 invalidation1=99539 invalidation2=1 invalidation3=0 invalidation4=0 invalidation5=0
INVALIDATIONS cycle=946296931 reason=0 phase0=133559 phase1=5 phase2=0 phase3=0 phase4=0 phase5=0
INVALIDATIONS cycle=946296931 reason=1 phase0=99511 phase1=28 phase2=0 phase3=0 phase4=0 phase5=0
INVALIDATIONS cycle=946296931 reason=2 phase0=1 phase1=0 phase2=0 phase3=0 phase4=0 phase5=0
INVALIDATIONS cycle=946296931 reason=3 phase0=0 phase1=0 phase2=0 phase3=0 phase4=0 phase5=0
INVALIDATIONS cycle=946296931 reason=4 phase0=0 phase1=0 phase2=0 phase3=0 phase4=0 phase5=0
INVALIDATIONS cycle=946296931 reason=5 phase0=0 phase1=0 phase2=0 phase3=0 phase4=0 phase5=0
ADAPTER cycle=950643812 request_samples=518379302 ack_samples=173289241 instruction_acks=64623008 data_acks=108666233 error_acks=0 fetched_bytes=218478596 dispatches=201000000 known_dispatches=136273661 ir_mismatch=2318487 signature_failures=0 secondary_skipped=172274 primary_mismatch_skipped=2318487 diagnostic_dropped=0 starts=0 stops=0 callbacks=0 returns=0 aborts=0 unmatched=0 prefix_aborts=33 prefix0=0 prefix1=33 prefix2=0 prefix3=0 prefix4=0 prefix5=0 invalidation0=133744 invalidation1=99575 invalidation2=1 invalidation3=0 invalidation4=0 invalidation5=0
INVALIDATIONS cycle=950643812 reason=0 phase0=133739 phase1=5 phase2=0 phase3=0 phase4=0 phase5=0
INVALIDATIONS cycle=950643812 reason=1 phase0=99547 phase1=28 phase2=0 phase3=0 phase4=0 phase5=0
INVALIDATIONS cycle=950643812 reason=2 phase0=1 phase1=0 phase2=0 phase3=0 phase4=0 phase5=0
INVALIDATIONS cycle=950643812 reason=3 phase0=0 phase1=0 phase2=0 phase3=0 phase4=0 phase5=0
INVALIDATIONS cycle=950643812 reason=4 phase0=0 phase1=0 phase2=0 phase3=0 phase4=0 phase5=0
INVALIDATIONS cycle=950643812 reason=5 phase0=0 phase1=0 phase2=0 phase3=0 phase4=0 phase5=0
ADAPTER cycle=954970283 request_samples=520548388 ack_samples=174577861 instruction_acks=65207526 data_acks=109370335 error_acks=0 fetched_bytes=220390426 dispatches=202000000 known_dispatches=136806783 ir_mismatch=2341983 signature_failures=0 secondary_skipped=172548 primary_mismatch_skipped=2341983 diagnostic_dropped=0 starts=0 stops=0 callbacks=0 returns=0 aborts=0 unmatched=0 prefix_aborts=33 prefix0=0 prefix1=33 prefix2=0 prefix3=0 prefix4=0 prefix5=0 invalidation0=133864 invalidation1=99599 invalidation2=1 invalidation3=0 invalidation4=0 invalidation5=0
INVALIDATIONS cycle=954970283 reason=0 phase0=133859 phase1=5 phase2=0 phase3=0 phase4=0 phase5=0
INVALIDATIONS cycle=954970283 reason=1 phase0=99571 phase1=28 phase2=0 phase3=0 phase4=0 phase5=0
INVALIDATIONS cycle=954970283 reason=2 phase0=1 phase1=0 phase2=0 phase3=0 phase4=0 phase5=0
INVALIDATIONS cycle=954970283 reason=3 phase0=0 phase1=0 phase2=0 phase3=0 phase4=0 phase5=0
INVALIDATIONS cycle=954970283 reason=4 phase0=0 phase1=0 phase2=0 phase3=0 phase4=0 phase5=0
INVALIDATIONS cycle=954970283 reason=5 phase0=0 phase1=0 phase2=0 phase3=0 phase4=0 phase5=0
ADAPTER cycle=959272003 request_samples=522688971 ack_samples=175867813 instruction_acks=65792900 data_acks=110074913 error_acks=0 fetched_bytes=222303664 dispatches=203000000 known_dispatches=137335488 ir_mismatch=2365565 signature_failures=0 secondary_skipped=172802 primary_mismatch_skipped=2365565 diagnostic_dropped=0 starts=0 stops=0 callbacks=0 returns=0 aborts=0 unmatched=0 prefix_aborts=33 prefix0=0 prefix1=33 prefix2=0 prefix3=0 prefix4=0 prefix5=0 invalidation0=133974 invalidation1=99621 invalidation2=1 invalidation3=0 invalidation4=0 invalidation5=0
INVALIDATIONS cycle=959272003 reason=0 phase0=133969 phase1=5 phase2=0 phase3=0 phase4=0 phase5=0
INVALIDATIONS cycle=959272003 reason=1 phase0=99593 phase1=28 phase2=0 phase3=0 phase4=0 phase5=0
INVALIDATIONS cycle=959272003 reason=2 phase0=1 phase1=0 phase2=0 phase3=0 phase4=0 phase5=0
INVALIDATIONS cycle=959272003 reason=3 phase0=0 phase1=0 phase2=0 phase3=0 phase4=0 phase5=0
INVALIDATIONS cycle=959272003 reason=4 phase0=0 phase1=0 phase2=0 phase3=0 phase4=0 phase5=0
INVALIDATIONS cycle=959272003 reason=5 phase0=0 phase1=0 phase2=0 phase3=0 phase4=0 phase5=0
ADAPTER cycle=963773366 request_samples=525018716 ack_samples=177167254 instruction_acks=66366233 data_acks=110801021 error_acks=0 fetched_bytes=224187648 dispatches=204000000 known_dispatches=137877812 ir_mismatch=2388314 signature_failures=0 secondary_skipped=173086 primary_mismatch_skipped=2388314 diagnostic_dropped=0 starts=0 stops=0 callbacks=0 returns=0 aborts=0 unmatched=0 prefix_aborts=33 prefix0=0 prefix1=33 prefix2=0 prefix3=0 prefix4=0 prefix5=0 invalidation0=134104 invalidation1=99669 invalidation2=1 invalidation3=0 invalidation4=0 invalidation5=0
INVALIDATIONS cycle=963773366 reason=0 phase0=134099 phase1=5 phase2=0 phase3=0 phase4=0 phase5=0
INVALIDATIONS cycle=963773366 reason=1 phase0=99641 phase1=28 phase2=0 phase3=0 phase4=0 phase5=0
INVALIDATIONS cycle=963773366 reason=2 phase0=1 phase1=0 phase2=0 phase3=0 phase4=0 phase5=0
INVALIDATIONS cycle=963773366 reason=3 phase0=0 phase1=0 phase2=0 phase3=0 phase4=0 phase5=0
INVALIDATIONS cycle=963773366 reason=4 phase0=0 phase1=0 phase2=0 phase3=0 phase4=0 phase5=0
INVALIDATIONS cycle=963773366 reason=5 phase0=0 phase1=0 phase2=0 phase3=0 phase4=0 phase5=0
ADAPTER cycle=968461945 request_samples=527340596 ack_samples=178133143 instruction_acks=66601495 data_acks=111531648 error_acks=0 fetched_bytes=225022698 dispatches=205000000 known_dispatches=138429586 ir_mismatch=2391839 signature_failures=0 secondary_skipped=176348 primary_mismatch_skipped=2391839 diagnostic_dropped=0 starts=0 stops=0 callbacks=0 returns=0 aborts=0 unmatched=0 prefix_aborts=33 prefix0=0 prefix1=33 prefix2=0 prefix3=0 prefix4=0 prefix5=0 invalidation0=135554 invalidation1=100002 invalidation2=1 invalidation3=0 invalidation4=0 invalidation5=0
INVALIDATIONS cycle=968461945 reason=0 phase0=135549 phase1=5 phase2=0 phase3=0 phase4=0 phase5=0
INVALIDATIONS cycle=968461945 reason=1 phase0=99974 phase1=28 phase2=0 phase3=0 phase4=0 phase5=0
INVALIDATIONS cycle=968461945 reason=2 phase0=1 phase1=0 phase2=0 phase3=0 phase4=0 phase5=0
INVALIDATIONS cycle=968461945 reason=3 phase0=0 phase1=0 phase2=0 phase3=0 phase4=0 phase5=0
INVALIDATIONS cycle=968461945 reason=4 phase0=0 phase1=0 phase2=0 phase3=0 phase4=0 phase5=0
INVALIDATIONS cycle=968461945 reason=5 phase0=0 phase1=0 phase2=0 phase3=0 phase4=0 phase5=0
ADAPTER cycle=971667833 request_samples=528386823 ack_samples=178811341 instruction_acks=66822016 data_acks=111989325 error_acks=0 fetched_bytes=225732354 dispatches=206000000 known_dispatches=139045867 ir_mismatch=2426986 signature_failures=0 secondary_skipped=176535 primary_mismatch_skipped=2426986 diagnostic_dropped=0 starts=0 stops=0 callbacks=0 returns=0 aborts=0 unmatched=0 prefix_aborts=33 prefix0=0 prefix1=33 prefix2=0 prefix3=0 prefix4=0 prefix5=0 invalidation0=135989 invalidation1=100089 invalidation2=1 invalidation3=0 invalidation4=0 invalidation5=0
INVALIDATIONS cycle=971667833 reason=0 phase0=135984 phase1=5 phase2=0 phase3=0 phase4=0 phase5=0
INVALIDATIONS cycle=971667833 reason=1 phase0=100061 phase1=28 phase2=0 phase3=0 phase4=0 phase5=0
INVALIDATIONS cycle=971667833 reason=2 phase0=1 phase1=0 phase2=0 phase3=0 phase4=0 phase5=0
INVALIDATIONS cycle=971667833 reason=3 phase0=0 phase1=0 phase2=0 phase3=0 phase4=0 phase5=0
INVALIDATIONS cycle=971667833 reason=4 phase0=0 phase1=0 phase2=0 phase3=0 phase4=0 phase5=0
INVALIDATIONS cycle=971667833 reason=5 phase0=0 phase1=0 phase2=0 phase3=0 phase4=0 phase5=0
ADAPTER cycle=975491897 request_samples=529201368 ack_samples=179348234 instruction_acks=67227601 data_acks=112120633 error_acks=0 fetched_bytes=227027564 dispatches=207000000 known_dispatches=139626582 ir_mismatch=2540891 signature_failures=0 secondary_skipped=176757 primary_mismatch_skipped=2540891 diagnostic_dropped=0 starts=0 stops=0 callbacks=0 returns=0 aborts=0 unmatched=0 prefix_aborts=33 prefix0=0 prefix1=33 prefix2=0 prefix3=0 prefix4=0 prefix5=0 invalidation0=137149 invalidation1=100321 invalidation2=1 invalidation3=0 invalidation4=0 invalidation5=0
INVALIDATIONS cycle=975491897 reason=0 phase0=137144 phase1=5 phase2=0 phase3=0 phase4=0 phase5=0
INVALIDATIONS cycle=975491897 reason=1 phase0=100293 phase1=28 phase2=0 phase3=0 phase4=0 phase5=0
INVALIDATIONS cycle=975491897 reason=2 phase0=1 phase1=0 phase2=0 phase3=0 phase4=0 phase5=0
INVALIDATIONS cycle=975491897 reason=3 phase0=0 phase1=0 phase2=0 phase3=0 phase4=0 phase5=0
INVALIDATIONS cycle=975491897 reason=4 phase0=0 phase1=0 phase2=0 phase3=0 phase4=0 phase5=0
INVALIDATIONS cycle=975491897 reason=5 phase0=0 phase1=0 phase2=0 phase3=0 phase4=0 phase5=0
ADAPTER cycle=979340332 request_samples=530016395 ack_samples=179877637 instruction_acks=67626636 data_acks=112251001 error_acks=0 fetched_bytes=228304186 dispatches=208000000 known_dispatches=140201388 ir_mismatch=2651082 signature_failures=0 secondary_skipped=176979 primary_mismatch_skipped=2651082 diagnostic_dropped=0 starts=0 stops=0 callbacks=0 returns=0 aborts=0 unmatched=0 prefix_aborts=33 prefix0=0 prefix1=33 prefix2=0 prefix3=0 prefix4=0 prefix5=0 invalidation0=138349 invalidation1=100561 invalidation2=1 invalidation3=0 invalidation4=0 invalidation5=0
INVALIDATIONS cycle=979340332 reason=0 phase0=138344 phase1=5 phase2=0 phase3=0 phase4=0 phase5=0
INVALIDATIONS cycle=979340332 reason=1 phase0=100533 phase1=28 phase2=0 phase3=0 phase4=0 phase5=0
INVALIDATIONS cycle=979340332 reason=2 phase0=1 phase1=0 phase2=0 phase3=0 phase4=0 phase5=0
INVALIDATIONS cycle=979340332 reason=3 phase0=0 phase1=0 phase2=0 phase3=0 phase4=0 phase5=0
INVALIDATIONS cycle=979340332 reason=4 phase0=0 phase1=0 phase2=0 phase3=0 phase4=0 phase5=0
INVALIDATIONS cycle=979340332 reason=5 phase0=0 phase1=0 phase2=0 phase3=0 phase4=0 phase5=0
ADAPTER cycle=984059697 request_samples=532991357 ack_samples=180696596 instruction_acks=67947574 data_acks=112749022 error_acks=0 fetched_bytes=229503748 dispatches=209000000 known_dispatches=140860593 ir_mismatch=2662419 signature_failures=0 secondary_skipped=177754 primary_mismatch_skipped=2662419 diagnostic_dropped=0 starts=0 stops=0 callbacks=0 returns=0 aborts=0 unmatched=0 prefix_aborts=33 prefix0=0 prefix1=33 prefix2=0 prefix3=0 prefix4=0 prefix5=0 invalidation0=139134 invalidation1=100754 invalidation2=1 invalidation3=0 invalidation4=0 invalidation5=0
INVALIDATIONS cycle=984059697 reason=0 phase0=139129 phase1=5 phase2=0 phase3=0 phase4=0 phase5=0
INVALIDATIONS cycle=984059697 reason=1 phase0=100726 phase1=28 phase2=0 phase3=0 phase4=0 phase5=0
INVALIDATIONS cycle=984059697 reason=2 phase0=1 phase1=0 phase2=0 phase3=0 phase4=0 phase5=0
INVALIDATIONS cycle=984059697 reason=3 phase0=0 phase1=0 phase2=0 phase3=0 phase4=0 phase5=0
INVALIDATIONS cycle=984059697 reason=4 phase0=0 phase1=0 phase2=0 phase3=0 phase4=0 phase5=0
INVALIDATIONS cycle=984059697 reason=5 phase0=0 phase1=0 phase2=0 phase3=0 phase4=0 phase5=0
LIVE cycle=988164437 kind=PREFIX phase=1 site=0 pc=31fd4 reason=
LIVE cycle=988165391 kind=INVALIDATE phase=1 site=0 pc=31fd4 reason=PFLUSH_OR_CINV
ADAPTER cycle=988616970 request_samples=535646407 ack_samples=181514188 instruction_acks=68161532 data_acks=113352656 error_acks=0 fetched_bytes=230296054 dispatches=210000000 known_dispatches=141575577 ir_mismatch=2664802 signature_failures=0 secondary_skipped=178374 primary_mismatch_skipped=2664802 diagnostic_dropped=0 starts=0 stops=0 callbacks=0 returns=0 aborts=0 unmatched=0 prefix_aborts=34 prefix0=0 prefix1=34 prefix2=0 prefix3=0 prefix4=0 prefix5=0 invalidation0=139524 invalidation1=101123 invalidation2=1 invalidation3=0 invalidation4=0 invalidation5=0
INVALIDATIONS cycle=988616970 reason=0 phase0=139519 phase1=5 phase2=0 phase3=0 phase4=0 phase5=0
INVALIDATIONS cycle=988616970 reason=1 phase0=101094 phase1=29 phase2=0 phase3=0 phase4=0 phase5=0
INVALIDATIONS cycle=988616970 reason=2 phase0=1 phase1=0 phase2=0 phase3=0 phase4=0 phase5=0
INVALIDATIONS cycle=988616970 reason=3 phase0=0 phase1=0 phase2=0 phase3=0 phase4=0 phase5=0
INVALIDATIONS cycle=988616970 reason=4 phase0=0 phase1=0 phase2=0 phase3=0 phase4=0 phase5=0
INVALIDATIONS cycle=988616970 reason=5 phase0=0 phase1=0 phase2=0 phase3=0 phase4=0 phase5=0
LIVE cycle=992469398 kind=PREFIX phase=1 site=0 pc=7b1b46 reason=
LIVE cycle=992477542 kind=INVALIDATE phase=1 site=0 pc=7b1b46 reason=MMU_REGISTERS
ADAPTER cycle=994320039 request_samples=539234251 ack_samples=182909069 instruction_acks=68740626 data_acks=114168443 error_acks=0 fetched_bytes=232046410 dispatches=211000000 known_dispatches=142190694 ir_mismatch=2671447 signature_failures=0 secondary_skipped=179136 primary_mismatch_skipped=2671447 diagnostic_dropped=0 starts=0 stops=0 callbacks=0 returns=0 aborts=0 unmatched=0 prefix_aborts=35 prefix0=0 prefix1=35 prefix2=0 prefix3=0 prefix4=0 prefix5=0 invalidation0=140194 invalidation1=101725 invalidation2=1 invalidation3=0 invalidation4=0 invalidation5=0
INVALIDATIONS cycle=994320039 reason=0 phase0=140188 phase1=6 phase2=0 phase3=0 phase4=0 phase5=0
INVALIDATIONS cycle=994320039 reason=1 phase0=101696 phase1=29 phase2=0 phase3=0 phase4=0 phase5=0
INVALIDATIONS cycle=994320039 reason=2 phase0=1 phase1=0 phase2=0 phase3=0 phase4=0 phase5=0
INVALIDATIONS cycle=994320039 reason=3 phase0=0 phase1=0 phase2=0 phase3=0 phase4=0 phase5=0
INVALIDATIONS cycle=994320039 reason=4 phase0=0 phase1=0 phase2=0 phase3=0 phase4=0 phase5=0
INVALIDATIONS cycle=994320039 reason=5 phase0=0 phase1=0 phase2=0 phase3=0 phase4=0 phase5=0
LIVE cycle=996973889 kind=PREFIX phase=1 site=0 pc=340d8 reason=
LIVE cycle=996989948 kind=INVALIDATE phase=1 site=0 pc=340de reason=PFLUSH_OR_CINV
LIVE cycle=997956031 kind=PREFIX phase=1 site=0 pc=7b1b46 reason=
LIVE cycle=997961637 kind=INVALIDATE phase=1 site=0 pc=7b1b46 reason=PFLUSH_OR_CINV
ADAPTER cycle=1000284269 request_samples=542929652 ack_samples=184170876 instruction_acks=69246535 data_acks=114924341 error_acks=0 fetched_bytes=233685928 dispatches=212000000 known_dispatches=142792410 ir_mismatch=2678413 signature_failures=0 secondary_skipped=180546 primary_mismatch_skipped=2678413 diagnostic_dropped=0 starts=0 stops=0 callbacks=0 returns=0 aborts=0 unmatched=0 prefix_aborts=37 prefix0=0 prefix1=37 prefix2=0 prefix3=0 prefix4=0 prefix5=0 invalidation0=140824 invalidation1=102859 invalidation2=1 invalidation3=0 invalidation4=0 invalidation5=0
INVALIDATIONS cycle=1000284269 reason=0 phase0=140818 phase1=6 phase2=0 phase3=0 phase4=0 phase5=0
INVALIDATIONS cycle=1000284269 reason=1 phase0=102828 phase1=31 phase2=0 phase3=0 phase4=0 phase5=0
INVALIDATIONS cycle=1000284269 reason=2 phase0=1 phase1=0 phase2=0 phase3=0 phase4=0 phase5=0
INVALIDATIONS cycle=1000284269 reason=3 phase0=0 phase1=0 phase2=0 phase3=0 phase4=0 phase5=0
INVALIDATIONS cycle=1000284269 reason=4 phase0=0 phase1=0 phase2=0 phase3=0 phase4=0 phase5=0
INVALIDATIONS cycle=1000284269 reason=5 phase0=0 phase1=0 phase2=0 phase3=0 phase4=0 phase5=0
LIVE cycle=1003441829 kind=PREFIX phase=1 site=0 pc=7b1b46 reason=
LIVE cycle=1003764439 kind=INVALIDATE phase=1 site=0 pc=7b1b46 reason=MMU_REGISTERS
ADAPTER cycle=1004596211 request_samples=545061458 ack_samples=185468127 instruction_acks=69828962 data_acks=115639165 error_acks=0 fetched_bytes=235592046 dispatches=213000000 known_dispatches=143314704 ir_mismatch=2696427 signature_failures=0 secondary_skipped=180804 primary_mismatch_skipped=2696427 diagnostic_dropped=0 starts=0 stops=0 callbacks=0 returns=0 aborts=0 unmatched=0 prefix_aborts=38 prefix0=0 prefix1=38 prefix2=0 prefix3=0 prefix4=0 prefix5=0 invalidation0=140924 invalidation1=102885 invalidation2=1 invalidation3=0 invalidation4=0 invalidation5=0
INVALIDATIONS cycle=1004596211 reason=0 phase0=140917 phase1=7 phase2=0 phase3=0 phase4=0 phase5=0
INVALIDATIONS cycle=1004596211 reason=1 phase0=102854 phase1=31 phase2=0 phase3=0 phase4=0 phase5=0
INVALIDATIONS cycle=1004596211 reason=2 phase0=1 phase1=0 phase2=0 phase3=0 phase4=0 phase5=0
INVALIDATIONS cycle=1004596211 reason=3 phase0=0 phase1=0 phase2=0 phase3=0 phase4=0 phase5=0
INVALIDATIONS cycle=1004596211 reason=4 phase0=0 phase1=0 phase2=0 phase3=0 phase4=0 phase5=0
INVALIDATIONS cycle=1004596211 reason=5 phase0=0 phase1=0 phase2=0 phase3=0 phase4=0 phase5=0
LIVE cycle=1008928247 kind=PREFIX phase=1 site=0 pc=7b1b46 reason=
ADAPTER cycle=1008955374 request_samples=547244761 ack_samples=186766226 instruction_acks=70411052 data_acks=116355174 error_acks=0 fetched_bytes=237499152 dispatches=214000000 known_dispatches=143832887 ir_mismatch=2714366 signature_failures=0 secondary_skipped=181074 primary_mismatch_skipped=2714366 diagnostic_dropped=0 starts=0 stops=0 callbacks=0 returns=0 aborts=0 unmatched=0 prefix_aborts=38 prefix0=0 prefix1=39 prefix2=0 prefix3=0 prefix4=0 prefix5=0 invalidation0=141034 invalidation1=102919 invalidation2=1 invalidation3=0 invalidation4=0 invalidation5=0
INVALIDATIONS cycle=1008955374 reason=0 phase0=141027 phase1=7 phase2=0 phase3=0 phase4=0 phase5=0
INVALIDATIONS cycle=1008955374 reason=1 phase0=102888 phase1=31 phase2=0 phase3=0 phase4=0 phase5=0
INVALIDATIONS cycle=1008955374 reason=2 phase0=1 phase1=0 phase2=0 phase3=0 phase4=0 phase5=0
INVALIDATIONS cycle=1008955374 reason=3 phase0=0 phase1=0 phase2=0 phase3=0 phase4=0 phase5=0
INVALIDATIONS cycle=1008955374 reason=4 phase0=0 phase1=0 phase2=0 phase3=0 phase4=0 phase5=0
INVALIDATIONS cycle=1008955374 reason=5 phase0=0 phase1=0 phase2=0 phase3=0 phase4=0 phase5=0
LIVE cycle=1009224427 kind=INVALIDATE phase=1 site=0 pc=7b1b46 reason=MMU_REGISTERS
ADAPTER cycle=1013261225 request_samples=549370198 ack_samples=188063388 instruction_acks=70993425 data_acks=117069963 error_acks=0 fetched_bytes=239405018 dispatches=215000000 known_dispatches=144345572 ir_mismatch=2732382 signature_failures=0 secondary_skipped=181332 primary_mismatch_skipped=2732382 diagnostic_dropped=0 starts=0 stops=0 callbacks=0 returns=0 aborts=0 unmatched=0 prefix_aborts=39 prefix0=0 prefix1=39 prefix2=0 prefix3=0 prefix4=0 prefix5=0 invalidation0=141134 invalidation1=102945 invalidation2=1 invalidation3=0 invalidation4=0 invalidation5=0
INVALIDATIONS cycle=1013261225 reason=0 phase0=141126 phase1=8 phase2=0 phase3=0 phase4=0 phase5=0
INVALIDATIONS cycle=1013261225 reason=1 phase0=102914 phase1=31 phase2=0 phase3=0 phase4=0 phase5=0
INVALIDATIONS cycle=1013261225 reason=2 phase0=1 phase1=0 phase2=0 phase3=0 phase4=0 phase5=0
INVALIDATIONS cycle=1013261225 reason=3 phase0=0 phase1=0 phase2=0 phase3=0 phase4=0 phase5=0
INVALIDATIONS cycle=1013261225 reason=4 phase0=0 phase1=0 phase2=0 phase3=0 phase4=0 phase5=0
INVALIDATIONS cycle=1013261225 reason=5 phase0=0 phase1=0 phase2=0 phase3=0 phase4=0 phase5=0
LIVE cycle=1014414371 kind=PREFIX phase=1 site=0 pc=7b1b46 reason=
LIVE cycle=1014684429 kind=INVALIDATE phase=1 site=0 pc=7b1b46 reason=MMU_REGISTERS
ADAPTER cycle=1017618069 request_samples=551551473 ack_samples=189361398 instruction_acks=71575525 data_acks=117785873 error_acks=0 fetched_bytes=241312100 dispatches=216000000 known_dispatches=144861928 ir_mismatch=2750329 signature_failures=0 secondary_skipped=181602 primary_mismatch_skipped=2750329 diagnostic_dropped=0 starts=0 stops=0 callbacks=0 returns=0 aborts=0 unmatched=0 prefix_aborts=40 prefix0=0 prefix1=40 prefix2=0 prefix3=0 prefix4=0 prefix5=0 invalidation0=141234 invalidation1=102977 invalidation2=1 invalidation3=0 invalidation4=0 invalidation5=0
INVALIDATIONS cycle=1017618069 reason=0 phase0=141225 phase1=9 phase2=0 phase3=0 phase4=0 phase5=0
INVALIDATIONS cycle=1017618069 reason=1 phase0=102946 phase1=31 phase2=0 phase3=0 phase4=0 phase5=0
INVALIDATIONS cycle=1017618069 reason=2 phase0=1 phase1=0 phase2=0 phase3=0 phase4=0 phase5=0
INVALIDATIONS cycle=1017618069 reason=3 phase0=0 phase1=0 phase2=0 phase3=0 phase4=0 phase5=0
INVALIDATIONS cycle=1017618069 reason=4 phase0=0 phase1=0 phase2=0 phase3=0 phase4=0 phase5=0
INVALIDATIONS cycle=1017618069 reason=5 phase0=0 phase1=0 phase2=0 phase3=0 phase4=0 phase5=0
LIVE cycle=1019900667 kind=PREFIX phase=1 site=0 pc=7b1b46 reason=
LIVE cycle=1020144432 kind=INVALIDATE phase=1 site=0 pc=7b1b46 reason=MMU_REGISTERS
ADAPTER cycle=1021924856 request_samples=553677679 ack_samples=190658646 instruction_acks=72157916 data_acks=118500730 error_acks=0 fetched_bytes=243218016 dispatches=217000000 known_dispatches=145375733 ir_mismatch=2768336 signature_failures=0 secondary_skipped=181860 primary_mismatch_skipped=2768336 diagnostic_dropped=0 starts=0 stops=0 callbacks=0 returns=0 aborts=0 unmatched=0 prefix_aborts=41 prefix0=0 prefix1=41 prefix2=0 prefix3=0 prefix4=0 prefix5=0 invalidation0=141344 invalidation1=103005 invalidation2=1 invalidation3=0 invalidation4=0 invalidation5=0
INVALIDATIONS cycle=1021924856 reason=0 phase0=141334 phase1=10 phase2=0 phase3=0 phase4=0 phase5=0
INVALIDATIONS cycle=1021924856 reason=1 phase0=102974 phase1=31 phase2=0 phase3=0 phase4=0 phase5=0
INVALIDATIONS cycle=1021924856 reason=2 phase0=1 phase1=0 phase2=0 phase3=0 phase4=0 phase5=0
INVALIDATIONS cycle=1021924856 reason=3 phase0=0 phase1=0 phase2=0 phase3=0 phase4=0 phase5=0
INVALIDATIONS cycle=1021924856 reason=4 phase0=0 phase1=0 phase2=0 phase3=0 phase4=0 phase5=0
INVALIDATIONS cycle=1021924856 reason=5 phase0=0 phase1=0 phase2=0 phase3=0 phase4=0 phase5=0
LIVE cycle=1025386959 kind=PREFIX phase=1 site=0 pc=7b1b46 reason=
LIVE cycle=1025604470 kind=INVALIDATE phase=1 site=0 pc=7b1b46 reason=MMU_REGISTERS
ADAPTER cycle=1026301892 request_samples=555881654 ack_samples=191954320 instruction_acks=72738582 data_acks=119215738 error_acks=0 fetched_bytes=245121602 dispatches=218000000 known_dispatches=145903525 ir_mismatch=2786143 signature_failures=0 secondary_skipped=182148 primary_mismatch_skipped=2786143 diagnostic_dropped=0 starts=0 stops=0 callbacks=0 returns=0 aborts=0 unmatched=0 prefix_aborts=42 prefix0=0 prefix1=42 prefix2=0 prefix3=0 prefix4=0 prefix5=0 invalidation0=141474 invalidation1=103045 invalidation2=1 invalidation3=0 invalidation4=0 invalidation5=0
INVALIDATIONS cycle=1026301892 reason=0 phase0=141463 phase1=11 phase2=0 phase3=0 phase4=0 phase5=0
INVALIDATIONS cycle=1026301892 reason=1 phase0=103014 phase1=31 phase2=0 phase3=0 phase4=0 phase5=0
INVALIDATIONS cycle=1026301892 reason=2 phase0=1 phase1=0 phase2=0 phase3=0 phase4=0 phase5=0
INVALIDATIONS cycle=1026301892 reason=3 phase0=0 phase1=0 phase2=0 phase3=0 phase4=0 phase5=0
INVALIDATIONS cycle=1026301892 reason=4 phase0=0 phase1=0 phase2=0 phase3=0 phase4=0 phase5=0
INVALIDATIONS cycle=1026301892 reason=5 phase0=0 phase1=0 phase2=0 phase3=0 phase4=0 phase5=0
ADAPTER cycle=1030658891 request_samples=558062917 ack_samples=193252324 instruction_acks=73320663 data_acks=119931661 error_acks=0 fetched_bytes=247028640 dispatches=219000000 known_dispatches=146415678 ir_mismatch=2804084 signature_failures=0 secondary_skipped=182418 primary_mismatch_skipped=2804084 diagnostic_dropped=0 starts=0 stops=0 callbacks=0 returns=0 aborts=0 unmatched=0 prefix_aborts=42 prefix0=0 prefix1=42 prefix2=0 prefix3=0 prefix4=0 prefix5=0 invalidation0=141584 invalidation1=103079 invalidation2=1 invalidation3=0 invalidation4=0 invalidation5=0
INVALIDATIONS cycle=1030658891 reason=0 phase0=141573 phase1=11 phase2=0 phase3=0 phase4=0 phase5=0
INVALIDATIONS cycle=1030658891 reason=1 phase0=103048 phase1=31 phase2=0 phase3=0 phase4=0 phase5=0
INVALIDATIONS cycle=1030658891 reason=2 phase0=1 phase1=0 phase2=0 phase3=0 phase4=0 phase5=0
INVALIDATIONS cycle=1030658891 reason=3 phase0=0 phase1=0 phase2=0 phase3=0 phase4=0 phase5=0
INVALIDATIONS cycle=1030658891 reason=4 phase0=0 phase1=0 phase2=0 phase3=0 phase4=0 phase5=0
INVALIDATIONS cycle=1030658891 reason=5 phase0=0 phase1=0 phase2=0 phase3=0 phase4=0 phase5=0
LIVE cycle=1030873209 kind=PREFIX phase=1 site=0 pc=7b1b46 reason=
LIVE cycle=1031064428 kind=INVALIDATE phase=1 site=0 pc=7b1b46 reason=MMU_REGISTERS
ADAPTER cycle=1034970307 request_samples=560193998 ack_samples=194549526 instruction_acks=73903045 data_acks=120646481 error_acks=0 fetched_bytes=248934518 dispatches=220000000 known_dispatches=146934361 ir_mismatch=2822095 signature_failures=0 secondary_skipped=182676 primary_mismatch_skipped=2822095 diagnostic_dropped=0 starts=0 stops=0 callbacks=0 returns=0 aborts=0 unmatched=0 prefix_aborts=43 prefix0=0 prefix1=43 prefix2=0 prefix3=0 prefix4=0 prefix5=0 invalidation0=141684 invalidation1=103105 invalidation2=1 invalidation3=0 invalidation4=0 invalidation5=0
INVALIDATIONS cycle=1034970307 reason=0 phase0=141672 phase1=12 phase2=0 phase3=0 phase4=0 phase5=0
INVALIDATIONS cycle=1034970307 reason=1 phase0=103074 phase1=31 phase2=0 phase3=0 phase4=0 phase5=0
INVALIDATIONS cycle=1034970307 reason=2 phase0=1 phase1=0 phase2=0 phase3=0 phase4=0 phase5=0
INVALIDATIONS cycle=1034970307 reason=3 phase0=0 phase1=0 phase2=0 phase3=0 phase4=0 phase5=0
INVALIDATIONS cycle=1034970307 reason=4 phase0=0 phase1=0 phase2=0 phase3=0 phase4=0 phase5=0
INVALIDATIONS cycle=1034970307 reason=5 phase0=0 phase1=0 phase2=0 phase3=0 phase4=0 phase5=0
LIVE cycle=1036359724 kind=PREFIX phase=1 site=0 pc=7b1b46 reason=
LIVE cycle=1036524425 kind=INVALIDATE phase=1 site=0 pc=7b1b46 reason=MMU_REGISTERS
ADAPTER cycle=1039327323 request_samples=562375189 ack_samples=195847614 instruction_acks=74485154 data_acks=121362460 error_acks=0 fetched_bytes=250841640 dispatches=221000000 known_dispatches=147458184 ir_mismatch=2840035 signature_failures=0 secondary_skipped=182946 primary_mismatch_skipped=2840035 diagnostic_dropped=0 starts=0 stops=0 callbacks=0 returns=0 aborts=0 unmatched=0 prefix_aborts=44 prefix0=0 prefix1=44 prefix2=0 prefix3=0 prefix4=0 prefix5=0 invalidation0=141784 invalidation1=103137 invalidation2=1 invalidation3=0 invalidation4=0 invalidation5=0
INVALIDATIONS cycle=1039327323 reason=0 phase0=141771 phase1=13 phase2=0 phase3=0 phase4=0 phase5=0
INVALIDATIONS cycle=1039327323 reason=1 phase0=103106 phase1=31 phase2=0 phase3=0 phase4=0 phase5=0
INVALIDATIONS cycle=1039327323 reason=2 phase0=1 phase1=0 phase2=0 phase3=0 phase4=0 phase5=0
INVALIDATIONS cycle=1039327323 reason=3 phase0=0 phase1=0 phase2=0 phase3=0 phase4=0 phase5=0
INVALIDATIONS cycle=1039327323 reason=4 phase0=0 phase1=0 phase2=0 phase3=0 phase4=0 phase5=0
INVALIDATIONS cycle=1039327323 reason=5 phase0=0 phase1=0 phase2=0 phase3=0 phase4=0 phase5=0
LIVE cycle=1041845909 kind=PREFIX phase=1 site=0 pc=7b1b46 reason=
LIVE cycle=1041984426 kind=INVALIDATE phase=1 site=0 pc=7b1b46 reason=MMU_REGISTERS
ADAPTER cycle=1043632890 request_samples=564500564 ack_samples=197144810 instruction_acks=75067537 data_acks=122077273 error_acks=0 fetched_bytes=252747500 dispatches=222000000 known_dispatches=147969528 ir_mismatch=2858048 signature_failures=0 secondary_skipped=183204 primary_mismatch_skipped=2858048 diagnostic_dropped=0 starts=0 stops=0 callbacks=0 returns=0 aborts=0 unmatched=0 prefix_aborts=45 prefix0=0 prefix1=45 prefix2=0 prefix3=0 prefix4=0 prefix5=0 invalidation0=141884 invalidation1=103163 invalidation2=1 invalidation3=0 invalidation4=0 invalidation5=0
INVALIDATIONS cycle=1043632890 reason=0 phase0=141870 phase1=14 phase2=0 phase3=0 phase4=0 phase5=0
INVALIDATIONS cycle=1043632890 reason=1 phase0=103132 phase1=31 phase2=0 phase3=0 phase4=0 phase5=0
INVALIDATIONS cycle=1043632890 reason=2 phase0=1 phase1=0 phase2=0 phase3=0 phase4=0 phase5=0
INVALIDATIONS cycle=1043632890 reason=3 phase0=0 phase1=0 phase2=0 phase3=0 phase4=0 phase5=0
INVALIDATIONS cycle=1043632890 reason=4 phase0=0 phase1=0 phase2=0 phase3=0 phase4=0 phase5=0
INVALIDATIONS cycle=1043632890 reason=5 phase0=0 phase1=0 phase2=0 phase3=0 phase4=0 phase5=0
LIVE cycle=1047332039 kind=PREFIX phase=1 site=0 pc=7b1b46 reason=
LIVE cycle=1047444426 kind=INVALIDATE phase=1 site=0 pc=7b1b46 reason=MMU_REGISTERS
ADAPTER cycle=1047992149 request_samples=566684267 ack_samples=198442877 instruction_acks=75649679 data_acks=122793198 error_acks=0 fetched_bytes=254654754 dispatches=223000000 known_dispatches=148491223 ir_mismatch=2875983 signature_failures=0 secondary_skipped=183474 primary_mismatch_skipped=2875983 diagnostic_dropped=0 starts=0 stops=0 callbacks=0 returns=0 aborts=0 unmatched=0 prefix_aborts=46 prefix0=0 prefix1=46 prefix2=0 prefix3=0 prefix4=0 prefix5=0 invalidation0=141994 invalidation1=103197 invalidation2=1 invalidation3=0 invalidation4=0 invalidation5=0
INVALIDATIONS cycle=1047992149 reason=0 phase0=141979 phase1=15 phase2=0 phase3=0 phase4=0 phase5=0
INVALIDATIONS cycle=1047992149 reason=1 phase0=103166 phase1=31 phase2=0 phase3=0 phase4=0 phase5=0
INVALIDATIONS cycle=1047992149 reason=2 phase0=1 phase1=0 phase2=0 phase3=0 phase4=0 phase5=0
INVALIDATIONS cycle=1047992149 reason=3 phase0=0 phase1=0 phase2=0 phase3=0 phase4=0 phase5=0
INVALIDATIONS cycle=1047992149 reason=4 phase0=0 phase1=0 phase2=0 phase3=0 phase4=0 phase5=0
INVALIDATIONS cycle=1047992149 reason=5 phase0=0 phase1=0 phase2=0 phase3=0 phase4=0 phase5=0
ADAPTER cycle=1052318325 request_samples=568830574 ack_samples=199740810 instruction_acks=76231980 data_acks=123508830 error_acks=0 fetched_bytes=256561164 dispatches=224000000 known_dispatches=149006956 ir_mismatch=2893917 signature_failures=0 secondary_skipped=183742 primary_mismatch_skipped=2893917 diagnostic_dropped=0 starts=0 stops=0 callbacks=0 returns=0 aborts=0 unmatched=0 prefix_aborts=46 prefix0=0 prefix1=46 prefix2=0 prefix3=0 prefix4=0 prefix5=0 invalidation0=142094 invalidation1=103229 invalidation2=1 invalidation3=0 invalidation4=0 invalidation5=0
INVALIDATIONS cycle=1052318325 reason=0 phase0=142079 phase1=15 phase2=0 phase3=0 phase4=0 phase5=0
INVALIDATIONS cycle=1052318325 reason=1 phase0=103198 phase1=31 phase2=0 phase3=0 phase4=0 phase5=0
INVALIDATIONS cycle=1052318325 reason=2 phase0=1 phase1=0 phase2=0 phase3=0 phase4=0 phase5=0
INVALIDATIONS cycle=1052318325 reason=3 phase0=0 phase1=0 phase2=0 phase3=0 phase4=0 phase5=0
INVALIDATIONS cycle=1052318325 reason=4 phase0=0 phase1=0 phase2=0 phase3=0 phase4=0 phase5=0
INVALIDATIONS cycle=1052318325 reason=5 phase0=0 phase1=0 phase2=0 phase3=0 phase4=0 phase5=0
LIVE cycle=1052818331 kind=PREFIX phase=1 site=0 pc=7b1b46 reason=
LIVE cycle=1052904430 kind=INVALIDATE phase=1 site=0 pc=7b1b46 reason=MMU_REGISTERS
ADAPTER cycle=1056633217 request_samples=571008834 ack_samples=201007218 instruction_acks=76802266 data_acks=124204952 error_acks=0 fetched_bytes=258434258 dispatches=225000000 known_dispatches=149528790 ir_mismatch=2913668 signature_failures=0 secondary_skipped=184020 primary_mismatch_skipped=2913668 diagnostic_dropped=0 starts=0 stops=0 callbacks=0 returns=0 aborts=0 unmatched=0 prefix_aborts=47 prefix0=0 prefix1=47 prefix2=0 prefix3=0 prefix4=0 prefix5=0 invalidation0=142214 invalidation1=103262 invalidation2=1 invalidation3=0 invalidation4=0 invalidation5=0
INVALIDATIONS cycle=1056633217 reason=0 phase0=142198 phase1=16 phase2=0 phase3=0 phase4=0 phase5=0
INVALIDATIONS cycle=1056633217 reason=1 phase0=103231 phase1=31 phase2=0 phase3=0 phase4=0 phase5=0
INVALIDATIONS cycle=1056633217 reason=2 phase0=1 phase1=0 phase2=0 phase3=0 phase4=0 phase5=0
INVALIDATIONS cycle=1056633217 reason=3 phase0=0 phase1=0 phase2=0 phase3=0 phase4=0 phase5=0
INVALIDATIONS cycle=1056633217 reason=4 phase0=0 phase1=0 phase2=0 phase3=0 phase4=0 phase5=0
INVALIDATIONS cycle=1056633217 reason=5 phase0=0 phase1=0 phase2=0 phase3=0 phase4=0 phase5=0
LIVE cycle=1058304623 kind=PREFIX phase=1 site=0 pc=7b1b46 reason=
LIVE cycle=1058364446 kind=INVALIDATE phase=1 site=0 pc=7b1b46 reason=MMU_REGISTERS
ADAPTER cycle=1060993008 request_samples=573192970 ack_samples=202305261 instruction_acks=77384394 data_acks=124920867 error_acks=0 fetched_bytes=260341482 dispatches=226000000 known_dispatches=150046218 ir_mismatch=2931610 signature_failures=0 secondary_skipped=184290 primary_mismatch_skipped=2931610 diagnostic_dropped=0 starts=0 stops=0 callbacks=0 returns=0 aborts=0 unmatched=0 prefix_aborts=48 prefix0=0 prefix1=48 prefix2=0 prefix3=0 prefix4=0 prefix5=0 invalidation0=142324 invalidation1=103296 invalidation2=1 invalidation3=0 invalidation4=0 invalidation5=0
INVALIDATIONS cycle=1060993008 reason=0 phase0=142307 phase1=17 phase2=0 phase3=0 phase4=0 phase5=0
INVALIDATIONS cycle=1060993008 reason=1 phase0=103265 phase1=31 phase2=0 phase3=0 phase4=0 phase5=0
INVALIDATIONS cycle=1060993008 reason=2 phase0=1 phase1=0 phase2=0 phase3=0 phase4=0 phase5=0
INVALIDATIONS cycle=1060993008 reason=3 phase0=0 phase1=0 phase2=0 phase3=0 phase4=0 phase5=0
INVALIDATIONS cycle=1060993008 reason=4 phase0=0 phase1=0 phase2=0 phase3=0 phase4=0 phase5=0
INVALIDATIONS cycle=1060993008 reason=5 phase0=0 phase1=0 phase2=0 phase3=0 phase4=0 phase5=0
LIVE cycle=1063790915 kind=PREFIX phase=1 site=0 pc=7b1b46 reason=
LIVE cycle=1063824427 kind=INVALIDATE phase=1 site=0 pc=7b1b46 reason=MMU_REGISTERS
ADAPTER cycle=1065300521 request_samples=575320175 ack_samples=203602423 instruction_acks=77966750 data_acks=125635673 error_acks=0 fetched_bytes=262247280 dispatches=227000000 known_dispatches=150551371 ir_mismatch=2949619 signature_failures=0 secondary_skipped=184548 primary_mismatch_skipped=2949619 diagnostic_dropped=0 starts=0 stops=0 callbacks=0 returns=0 aborts=0 unmatched=0 prefix_aborts=49 prefix0=0 prefix1=49 prefix2=0 prefix3=0 prefix4=0 prefix5=0 invalidation0=142424 invalidation1=103322 invalidation2=1 invalidation3=0 invalidation4=0 invalidation5=0
INVALIDATIONS cycle=1065300521 reason=0 phase0=142406 phase1=18 phase2=0 phase3=0 phase4=0 phase5=0
INVALIDATIONS cycle=1065300521 reason=1 phase0=103291 phase1=31 phase2=0 phase3=0 phase4=0 phase5=0
INVALIDATIONS cycle=1065300521 reason=2 phase0=1 phase1=0 phase2=0 phase3=0 phase4=0 phase5=0
INVALIDATIONS cycle=1065300521 reason=3 phase0=0 phase1=0 phase2=0 phase3=0 phase4=0 phase5=0
INVALIDATIONS cycle=1065300521 reason=4 phase0=0 phase1=0 phase2=0 phase3=0 phase4=0 phase5=0
INVALIDATIONS cycle=1065300521 reason=5 phase0=0 phase1=0 phase2=0 phase3=0 phase4=0 phase5=0
LIVE cycle=1069277169 kind=PREFIX phase=1 site=0 pc=7b1b46 reason=
LIVE cycle=1069284431 kind=INVALIDATE phase=1 site=0 pc=7b1b46 reason=MMU_REGISTERS
ADAPTER cycle=1069671542 request_samples=577516113 ack_samples=204900804 instruction_acks=78548886 data_acks=126351918 error_acks=0 fetched_bytes=264155278 dispatches=228000000 known_dispatches=151067692 ir_mismatch=2967543 signature_failures=0 secondary_skipped=184819 primary_mismatch_skipped=2967543 diagnostic_dropped=0 starts=0 stops=0 callbacks=0 returns=0 aborts=0 unmatched=0 prefix_aborts=50 prefix0=0 prefix1=50 prefix2=0 prefix3=0 prefix4=0 prefix5=0 invalidation0=142524 invalidation1=103354 invalidation2=1 invalidation3=0 invalidation4=0 invalidation5=0
INVALIDATIONS cycle=1069671542 reason=0 phase0=142505 phase1=19 phase2=0 phase3=0 phase4=0 phase5=0
INVALIDATIONS cycle=1069671542 reason=1 phase0=103323 phase1=31 phase2=0 phase3=0 phase4=0 phase5=0
INVALIDATIONS cycle=1069671542 reason=2 phase0=1 phase1=0 phase2=0 phase3=0 phase4=0 phase5=0
INVALIDATIONS cycle=1069671542 reason=3 phase0=0 phase1=0 phase2=0 phase3=0 phase4=0 phase5=0
INVALIDATIONS cycle=1069671542 reason=4 phase0=0 phase1=0 phase2=0 phase3=0 phase4=0 phase5=0
INVALIDATIONS cycle=1069671542 reason=5 phase0=0 phase1=0 phase2=0 phase3=0 phase4=0 phase5=0
ADAPTER cycle=1073978362 request_samples=579642379 ack_samples=206197984 instruction_acks=79131232 data_acks=127066752 error_acks=0 fetched_bytes=266061056 dispatches=229000000 known_dispatches=151580341 ir_mismatch=2985540 signature_failures=0 secondary_skipped=185077 primary_mismatch_skipped=2985540 diagnostic_dropped=0 starts=0 stops=0 callbacks=0 returns=0 aborts=0 unmatched=0 prefix_aborts=50 prefix0=0 prefix1=50 prefix2=0 prefix3=0 prefix4=0 prefix5=0 invalidation0=142634 invalidation1=103382 invalidation2=1 invalidation3=0 invalidation4=0 invalidation5=0
INVALIDATIONS cycle=1073978362 reason=0 phase0=142615 phase1=19 phase2=0 phase3=0 phase4=0 phase5=0
INVALIDATIONS cycle=1073978362 reason=1 phase0=103351 phase1=31 phase2=0 phase3=0 phase4=0 phase5=0
INVALIDATIONS cycle=1073978362 reason=2 phase0=1 phase1=0 phase2=0 phase3=0 phase4=0 phase5=0
INVALIDATIONS cycle=1073978362 reason=3 phase0=0 phase1=0 phase2=0 phase3=0 phase4=0 phase5=0
INVALIDATIONS cycle=1073978362 reason=4 phase0=0 phase1=0 phase2=0 phase3=0 phase4=0 phase5=0
INVALIDATIONS cycle=1073978362 reason=5 phase0=0 phase1=0 phase2=0 phase3=0 phase4=0 phase5=0
LIVE cycle=1074763793 kind=PREFIX phase=1 site=0 pc=7b1b46 reason=
LIVE cycle=1075164433 kind=INVALIDATE phase=1 site=0 pc=7b1b46 reason=MMU_REGISTERS
ADAPTER cycle=1078336483 request_samples=581824905 ack_samples=207495950 instruction_acks=79713306 data_acks=127782644 error_acks=0 fetched_bytes=267968020 dispatches=230000000 known_dispatches=152105122 ir_mismatch=3003485 signature_failures=0 secondary_skipped=185347 primary_mismatch_skipped=3003485 diagnostic_dropped=0 starts=0 stops=0 callbacks=0 returns=0 aborts=0 unmatched=0 prefix_aborts=51 prefix0=0 prefix1=51 prefix2=0 prefix3=0 prefix4=0 prefix5=0 invalidation0=142734 invalidation1=103414 invalidation2=1 invalidation3=0 invalidation4=0 invalidation5=0
INVALIDATIONS cycle=1078336483 reason=0 phase0=142714 phase1=20 phase2=0 phase3=0 phase4=0 phase5=0
INVALIDATIONS cycle=1078336483 reason=1 phase0=103383 phase1=31 phase2=0 phase3=0 phase4=0 phase5=0
INVALIDATIONS cycle=1078336483 reason=2 phase0=1 phase1=0 phase2=0 phase3=0 phase4=0 phase5=0
INVALIDATIONS cycle=1078336483 reason=3 phase0=0 phase1=0 phase2=0 phase3=0 phase4=0 phase5=0
INVALIDATIONS cycle=1078336483 reason=4 phase0=0 phase1=0 phase2=0 phase3=0 phase4=0 phase5=0
INVALIDATIONS cycle=1078336483 reason=5 phase0=0 phase1=0 phase2=0 phase3=0 phase4=0 phase5=0
LIVE cycle=1080249753 kind=PREFIX phase=1 site=0 pc=7b1b46 reason=
LIVE cycle=1080624426 kind=INVALIDATE phase=1 site=0 pc=7b1b46 reason=MMU_REGISTERS
ADAPTER cycle=1082692878 request_samples=584005470 ack_samples=208794041 instruction_acks=80295404 data_acks=128498637 error_acks=0 fetched_bytes=269875126 dispatches=231000000 known_dispatches=152625930 ir_mismatch=3021431 signature_failures=0 secondary_skipped=185617 primary_mismatch_skipped=3021431 diagnostic_dropped=0 starts=0 stops=0 callbacks=0 returns=0 aborts=0 unmatched=0 prefix_aborts=52 prefix0=0 prefix1=52 prefix2=0 prefix3=0 prefix4=0 prefix5=0 invalidation0=142834 invalidation1=103446 invalidation2=1 invalidation3=0 invalidation4=0 invalidation5=0
INVALIDATIONS cycle=1082692878 reason=0 phase0=142813 phase1=21 phase2=0 phase3=0 phase4=0 phase5=0
INVALIDATIONS cycle=1082692878 reason=1 phase0=103415 phase1=31 phase2=0 phase3=0 phase4=0 phase5=0
INVALIDATIONS cycle=1082692878 reason=2 phase0=1 phase1=0 phase2=0 phase3=0 phase4=0 phase5=0
INVALIDATIONS cycle=1082692878 reason=3 phase0=0 phase1=0 phase2=0 phase3=0 phase4=0 phase5=0
INVALIDATIONS cycle=1082692878 reason=4 phase0=0 phase1=0 phase2=0 phase3=0 phase4=0 phase5=0
INVALIDATIONS cycle=1082692878 reason=5 phase0=0 phase1=0 phase2=0 phase3=0 phase4=0 phase5=0
LIVE cycle=1085736004 kind=PREFIX phase=1 site=0 pc=7b1b46 reason=
LIVE cycle=1086084435 kind=INVALIDATE phase=1 site=0 pc=7b1b46 reason=MMU_REGISTERS
ADAPTER cycle=1087004880 request_samples=586137149 ack_samples=210091322 instruction_acks=80877818 data_acks=129213504 error_acks=0 fetched_bytes=271781202 dispatches=232000000 known_dispatches=153143843 ir_mismatch=3039432 signature_failures=0 secondary_skipped=185875 primary_mismatch_skipped=3039432 diagnostic_dropped=0 starts=0 stops=0 callbacks=0 returns=0 aborts=0 unmatched=0 prefix_aborts=53 prefix0=0 prefix1=53 prefix2=0 prefix3=0 prefix4=0 prefix5=0 invalidation0=142944 invalidation1=103474 invalidation2=1 invalidation3=0 invalidation4=0 invalidation5=0
INVALIDATIONS cycle=1087004880 reason=0 phase0=142922 phase1=22 phase2=0 phase3=0 phase4=0 phase5=0
INVALIDATIONS cycle=1087004880 reason=1 phase0=103443 phase1=31 phase2=0 phase3=0 phase4=0 phase5=0
INVALIDATIONS cycle=1087004880 reason=2 phase0=1 phase1=0 phase2=0 phase3=0 phase4=0 phase5=0
INVALIDATIONS cycle=1087004880 reason=3 phase0=0 phase1=0 phase2=0 phase3=0 phase4=0 phase5=0
INVALIDATIONS cycle=1087004880 reason=4 phase0=0 phase1=0 phase2=0 phase3=0 phase4=0 phase5=0
INVALIDATIONS cycle=1087004880 reason=5 phase0=0 phase1=0 phase2=0 phase3=0 phase4=0 phase5=0
LIVE cycle=1091222548 kind=PREFIX phase=1 site=0 pc=7b1b46 reason=
ADAPTER cycle=1091376940 request_samples=588336629 ack_samples=211386908 instruction_acks=81458483 data_acks=129928425 error_acks=0 fetched_bytes=273684634 dispatches=233000000 known_dispatches=153664461 ir_mismatch=3057259 signature_failures=0 secondary_skipped=186163 primary_mismatch_skipped=3057259 diagnostic_dropped=0 starts=0 stops=0 callbacks=0 returns=0 aborts=0 unmatched=0 prefix_aborts=53 prefix0=0 prefix1=54 prefix2=0 prefix3=0 prefix4=0 prefix5=0 invalidation0=143074 invalidation1=103512 invalidation2=1 invalidation3=0 invalidation4=0 invalidation5=0
INVALIDATIONS cycle=1091376940 reason=0 phase0=143052 phase1=22 phase2=0 phase3=0 phase4=0 phase5=0
INVALIDATIONS cycle=1091376940 reason=1 phase0=103481 phase1=31 phase2=0 phase3=0 phase4=0 phase5=0
INVALIDATIONS cycle=1091376940 reason=2 phase0=1 phase1=0 phase2=0 phase3=0 phase4=0 phase5=0
INVALIDATIONS cycle=1091376940 reason=3 phase0=0 phase1=0 phase2=0 phase3=0 phase4=0 phase5=0
INVALIDATIONS cycle=1091376940 reason=4 phase0=0 phase1=0 phase2=0 phase3=0 phase4=0 phase5=0
INVALIDATIONS cycle=1091376940 reason=5 phase0=0 phase1=0 phase2=0 phase3=0 phase4=0 phase5=0
LIVE cycle=1091544518 kind=INVALIDATE phase=1 site=0 pc=7b1b46 reason=MMU_REGISTERS
ADAPTER cycle=1095683645 request_samples=590462907 ack_samples=212684078 instruction_acks=82040842 data_acks=130643236 error_acks=0 fetched_bytes=275590432 dispatches=234000000 known_dispatches=154173032 ir_mismatch=3075269 signature_failures=0 secondary_skipped=186421 primary_mismatch_skipped=3075269 diagnostic_dropped=0 starts=0 stops=0 callbacks=0 returns=0 aborts=0 unmatched=0 prefix_aborts=54 prefix0=0 prefix1=54 prefix2=0 prefix3=0 prefix4=0 prefix5=0 invalidation0=143174 invalidation1=103538 invalidation2=1 invalidation3=0 invalidation4=0 invalidation5=0
INVALIDATIONS cycle=1095683645 reason=0 phase0=143151 phase1=23 phase2=0 phase3=0 phase4=0 phase5=0
INVALIDATIONS cycle=1095683645 reason=1 phase0=103507 phase1=31 phase2=0 phase3=0 phase4=0 phase5=0
INVALIDATIONS cycle=1095683645 reason=2 phase0=1 phase1=0 phase2=0 phase3=0 phase4=0 phase5=0
INVALIDATIONS cycle=1095683645 reason=3 phase0=0 phase1=0 phase2=0 phase3=0 phase4=0 phase5=0
INVALIDATIONS cycle=1095683645 reason=4 phase0=0 phase1=0 phase2=0 phase3=0 phase4=0 phase5=0
INVALIDATIONS cycle=1095683645 reason=5 phase0=0 phase1=0 phase2=0 phase3=0 phase4=0 phase5=0
LIVE cycle=1096708583 kind=PREFIX phase=1 site=0 pc=7b1b46 reason=
LIVE cycle=1097004460 kind=INVALIDATE phase=1 site=0 pc=7b1b46 reason=MMU_REGISTERS
ADAPTER cycle=1100042885 request_samples=592646316 ack_samples=213982193 instruction_acks=82622963 data_acks=131359230 error_acks=0 fetched_bytes=277497616 dispatches=235000000 known_dispatches=154691250 ir_mismatch=3093210 signature_failures=0 secondary_skipped=186691 primary_mismatch_skipped=3093210 diagnostic_dropped=0 starts=0 stops=0 callbacks=0 returns=0 aborts=0 unmatched=0 prefix_aborts=55 prefix0=0 prefix1=55 prefix2=0 prefix3=0 prefix4=0 prefix5=0 invalidation0=143284 invalidation1=103572 invalidation2=1 invalidation3=0 invalidation4=0 invalidation5=0
INVALIDATIONS cycle=1100042885 reason=0 phase0=143260 phase1=24 phase2=0 phase3=0 phase4=0 phase5=0
INVALIDATIONS cycle=1100042885 reason=1 phase0=103541 phase1=31 phase2=0 phase3=0 phase4=0 phase5=0
INVALIDATIONS cycle=1100042885 reason=2 phase0=1 phase1=0 phase2=0 phase3=0 phase4=0 phase5=0
INVALIDATIONS cycle=1100042885 reason=3 phase0=0 phase1=0 phase2=0 phase3=0 phase4=0 phase5=0
INVALIDATIONS cycle=1100042885 reason=4 phase0=0 phase1=0 phase2=0 phase3=0 phase4=0 phase5=0
INVALIDATIONS cycle=1100042885 reason=5 phase0=0 phase1=0 phase2=0 phase3=0 phase4=0 phase5=0
LIVE cycle=1102194875 kind=PREFIX phase=1 site=0 pc=7b1b46 reason=
LIVE cycle=1102464437 kind=INVALIDATE phase=1 site=0 pc=7b1b46 reason=MMU_REGISTERS
ADAPTER cycle=1104347096 request_samples=594770211 ack_samples=215279356 instruction_acks=83205339 data_acks=132074017 error_acks=0 fetched_bytes=279403452 dispatches=236000000 known_dispatches=155205992 ir_mismatch=3111231 signature_failures=0 secondary_skipped=186949 primary_mismatch_skipped=3111231 diagnostic_dropped=0 starts=0 stops=0 callbacks=0 returns=0 aborts=0 unmatched=0 prefix_aborts=56 prefix0=0 prefix1=56 prefix2=0 prefix3=0 prefix4=0 prefix5=0 invalidation0=143384 invalidation1=103598 invalidation2=1 invalidation3=0 invalidation4=0 invalidation5=0
INVALIDATIONS cycle=1104347096 reason=0 phase0=143359 phase1=25 phase2=0 phase3=0 phase4=0 phase5=0
INVALIDATIONS cycle=1104347096 reason=1 phase0=103567 phase1=31 phase2=0 phase3=0 phase4=0 phase5=0
INVALIDATIONS cycle=1104347096 reason=2 phase0=1 phase1=0 phase2=0 phase3=0 phase4=0 phase5=0
INVALIDATIONS cycle=1104347096 reason=3 phase0=0 phase1=0 phase2=0 phase3=0 phase4=0 phase5=0
INVALIDATIONS cycle=1104347096 reason=4 phase0=0 phase1=0 phase2=0 phase3=0 phase4=0 phase5=0
INVALIDATIONS cycle=1104347096 reason=5 phase0=0 phase1=0 phase2=0 phase3=0 phase4=0 phase5=0
LIVE cycle=1107681261 kind=PREFIX phase=1 site=0 pc=7b1b46 reason=
LIVE cycle=1107924426 kind=INVALIDATE phase=1 site=0 pc=7b1b46 reason=MMU_REGISTERS
ADAPTER cycle=1108704375 request_samples=596951805 ack_samples=216577368 instruction_acks=83787435 data_acks=132789933 error_acks=0 fetched_bytes=281310534 dispatches=237000000 known_dispatches=155723241 ir_mismatch=3129176 signature_failures=0 secondary_skipped=187219 primary_mismatch_skipped=3129176 diagnostic_dropped=0 starts=0 stops=0 callbacks=0 returns=0 aborts=0 unmatched=0 prefix_aborts=57 prefix0=0 prefix1=57 prefix2=0 prefix3=0 prefix4=0 prefix5=0 invalidation0=143484 invalidation1=103630 invalidation2=1 invalidation3=0 invalidation4=0 invalidation5=0
INVALIDATIONS cycle=1108704375 reason=0 phase0=143458 phase1=26 phase2=0 phase3=0 phase4=0 phase5=0
INVALIDATIONS cycle=1108704375 reason=1 phase0=103599 phase1=31 phase2=0 phase3=0 phase4=0 phase5=0
INVALIDATIONS cycle=1108704375 reason=2 phase0=1 phase1=0 phase2=0 phase3=0 phase4=0 phase5=0
INVALIDATIONS cycle=1108704375 reason=3 phase0=0 phase1=0 phase2=0 phase3=0 phase4=0 phase5=0
INVALIDATIONS cycle=1108704375 reason=4 phase0=0 phase1=0 phase2=0 phase3=0 phase4=0 phase5=0
INVALIDATIONS cycle=1108704375 reason=5 phase0=0 phase1=0 phase2=0 phase3=0 phase4=0 phase5=0
ADAPTER cycle=1113063504 request_samples=599135001 ack_samples=217875443 instruction_acks=84369512 data_acks=133505931 error_acks=0 fetched_bytes=283217576 dispatches=238000000 known_dispatches=156238812 ir_mismatch=3147111 signature_failures=0 secondary_skipped=187489 primary_mismatch_skipped=3147111 diagnostic_dropped=0 starts=0 stops=0 callbacks=0 returns=0 aborts=0 unmatched=0 prefix_aborts=57 prefix0=0 prefix1=57 prefix2=0 prefix3=0 prefix4=0 prefix5=0 invalidation0=143594 invalidation1=103664 invalidation2=1 invalidation3=0 invalidation4=0 invalidation5=0
INVALIDATIONS cycle=1113063504 reason=0 phase0=143568 phase1=26 phase2=0 phase3=0 phase4=0 phase5=0
INVALIDATIONS cycle=1113063504 reason=1 phase0=103633 phase1=31 phase2=0 phase3=0 phase4=0 phase5=0
INVALIDATIONS cycle=1113063504 reason=2 phase0=1 phase1=0 phase2=0 phase3=0 phase4=0 phase5=0
INVALIDATIONS cycle=1113063504 reason=3 phase0=0 phase1=0 phase2=0 phase3=0 phase4=0 phase5=0
INVALIDATIONS cycle=1113063504 reason=4 phase0=0 phase1=0 phase2=0 phase3=0 phase4=0 phase5=0
INVALIDATIONS cycle=1113063504 reason=5 phase0=0 phase1=0 phase2=0 phase3=0 phase4=0 phase5=0
LIVE cycle=1113167459 kind=PREFIX phase=1 site=0 pc=7b1b46 reason=
LIVE cycle=1113384430 kind=INVALIDATE phase=1 site=0 pc=7b1b46 reason=MMU_REGISTERS
ADAPTER cycle=1117372756 request_samples=601264160 ack_samples=219172586 instruction_acks=84951874 data_acks=134220712 error_acks=0 fetched_bytes=285123410 dispatches=239000000 known_dispatches=156744989 ir_mismatch=3165119 signature_failures=0 secondary_skipped=187749 primary_mismatch_skipped=3165119 diagnostic_dropped=0 starts=0 stops=0 callbacks=0 returns=0 aborts=0 unmatched=0 prefix_aborts=58 prefix0=0 prefix1=58 prefix2=0 prefix3=0 prefix4=0 prefix5=0 invalidation0=143694 invalidation1=103690 invalidation2=1 invalidation3=0 invalidation4=0 invalidation5=0
INVALIDATIONS cycle=1117372756 reason=0 phase0=143667 phase1=27 phase2=0 phase3=0 phase4=0 phase5=0
INVALIDATIONS cycle=1117372756 reason=1 phase0=103659 phase1=31 phase2=0 phase3=0 phase4=0 phase5=0
INVALIDATIONS cycle=1117372756 reason=2 phase0=1 phase1=0 phase2=0 phase3=0 phase4=0 phase5=0
INVALIDATIONS cycle=1117372756 reason=3 phase0=0 phase1=0 phase2=0 phase3=0 phase4=0 phase5=0
INVALIDATIONS cycle=1117372756 reason=4 phase0=0 phase1=0 phase2=0 phase3=0 phase4=0 phase5=0
INVALIDATIONS cycle=1117372756 reason=5 phase0=0 phase1=0 phase2=0 phase3=0 phase4=0 phase5=0
LIVE cycle=1118654020 kind=PREFIX phase=1 site=0 pc=7b1b46 reason=
LIVE cycle=1118694637 kind=INVALIDATE phase=1 site=0 pc=7b1b46 reason=PFLUSH_OR_CINV
ADAPTER cycle=1123643189 request_samples=605465287 ack_samples=220392898 instruction_acks=85445073 data_acks=134947825 error_acks=0 fetched_bytes=286800252 dispatches=240000000 known_dispatches=157347246 ir_mismatch=3172041 signature_failures=0 secondary_skipped=188445 primary_mismatch_skipped=3172041 diagnostic_dropped=0 starts=0 stops=0 callbacks=0 returns=0 aborts=0 unmatched=0 prefix_aborts=59 prefix0=0 prefix1=59 prefix2=0 prefix3=0 prefix4=0 prefix5=0 invalidation0=144044 invalidation1=105298 invalidation2=1 invalidation3=0 invalidation4=0 invalidation5=0
INVALIDATIONS cycle=1123643189 reason=0 phase0=144017 phase1=27 phase2=0 phase3=0 phase4=0 phase5=0
INVALIDATIONS cycle=1123643189 reason=1 phase0=105266 phase1=32 phase2=0 phase3=0 phase4=0 phase5=0
INVALIDATIONS cycle=1123643189 reason=2 phase0=1 phase1=0 phase2=0 phase3=0 phase4=0 phase5=0
INVALIDATIONS cycle=1123643189 reason=3 phase0=0 phase1=0 phase2=0 phase3=0 phase4=0 phase5=0
INVALIDATIONS cycle=1123643189 reason=4 phase0=0 phase1=0 phase2=0 phase3=0 phase4=0 phase5=0
INVALIDATIONS cycle=1123643189 reason=5 phase0=0 phase1=0 phase2=0 phase3=0 phase4=0 phase5=0
LIVE cycle=1124139893 kind=PREFIX phase=1 site=0 pc=7b1b46 reason=
LIVE cycle=1124147864 kind=INVALIDATE phase=1 site=0 pc=7b1b46 reason=MMU_REGISTERS
ADAPTER cycle=1129116991 request_samples=608728676 ack_samples=221821726 instruction_acks=86048398 data_acks=135773328 error_acks=0 fetched_bytes=288611694 dispatches=241000000 known_dispatches=157942945 ir_mismatch=3174195 signature_failures=0 secondary_skipped=188842 primary_mismatch_skipped=3174195 diagnostic_dropped=0 starts=0 stops=0 callbacks=0 returns=0 aborts=0 unmatched=0 prefix_aborts=60 prefix0=0 prefix1=60 prefix2=0 prefix3=0 prefix4=0 prefix5=0 invalidation0=145579 invalidation1=105652 invalidation2=1 invalidation3=0 invalidation4=0 invalidation5=0
INVALIDATIONS cycle=1129116991 reason=0 phase0=145551 phase1=28 phase2=0 phase3=0 phase4=0 phase5=0
INVALIDATIONS cycle=1129116991 reason=1 phase0=105620 phase1=32 phase2=0 phase3=0 phase4=0 phase5=0
INVALIDATIONS cycle=1129116991 reason=2 phase0=1 phase1=0 phase2=0 phase3=0 phase4=0 phase5=0
INVALIDATIONS cycle=1129116991 reason=3 phase0=0 phase1=0 phase2=0 phase3=0 phase4=0 phase5=0
INVALIDATIONS cycle=1129116991 reason=4 phase0=0 phase1=0 phase2=0 phase3=0 phase4=0 phase5=0
INVALIDATIONS cycle=1129116991 reason=5 phase0=0 phase1=0 phase2=0 phase3=0 phase4=0 phase5=0
LIVE cycle=1129626634 kind=PREFIX phase=1 site=0 pc=7b1b46 reason=
LIVE cycle=1129645368 kind=INVALIDATE phase=1 site=0 pc=7b1b46 reason=PFLUSH_OR_CINV
LIVE cycle=1135113134 kind=PREFIX phase=1 site=0 pc=7b1b46 reason=
LIVE cycle=1135185265 kind=INVALIDATE phase=1 site=0 pc=7b1b46 reason=PFLUSH_OR_CINV
ADAPTER cycle=1135684473 request_samples=613357808 ack_samples=222962542 instruction_acks=86496395 data_acks=136466147 error_acks=0 fetched_bytes=290216662 dispatches=242000000 known_dispatches=158504657 ir_mismatch=3179945 signature_failures=0 secondary_skipped=190383 primary_mismatch_skipped=3179945 diagnostic_dropped=0 starts=0 stops=0 callbacks=0 returns=0 aborts=0 unmatched=0 prefix_aborts=62 prefix0=0 prefix1=62 prefix2=0 prefix3=0 prefix4=0 prefix5=0 invalidation0=146574 invalidation1=106707 invalidation2=1 invalidation3=0 invalidation4=0 invalidation5=0
INVALIDATIONS cycle=1135684473 reason=0 phase0=146546 phase1=28 phase2=0 phase3=0 phase4=0 phase5=0
INVALIDATIONS cycle=1135684473 reason=1 phase0=106673 phase1=34 phase2=0 phase3=0 phase4=0 phase5=0
INVALIDATIONS cycle=1135684473 reason=2 phase0=1 phase1=0 phase2=0 phase3=0 phase4=0 phase5=0
INVALIDATIONS cycle=1135684473 reason=3 phase0=0 phase1=0 phase2=0 phase3=0 phase4=0 phase5=0
INVALIDATIONS cycle=1135684473 reason=4 phase0=0 phase1=0 phase2=0 phase3=0 phase4=0 phase5=0
INVALIDATIONS cycle=1135684473 reason=5 phase0=0 phase1=0 phase2=0 phase3=0 phase4=0 phase5=0
ADAPTER cycle=1140131366 request_samples=615675760 ack_samples=224227610 instruction_acks=87061166 data_acks=137166444 error_acks=0 fetched_bytes=292079046 dispatches=243000000 known_dispatches=159042289 ir_mismatch=3199555 signature_failures=0 secondary_skipped=190786 primary_mismatch_skipped=3199555 diagnostic_dropped=0 starts=0 stops=0 callbacks=0 returns=0 aborts=0 unmatched=0 prefix_aborts=62 prefix0=0 prefix1=62 prefix2=0 prefix3=0 prefix4=0 prefix5=0 invalidation0=146674 invalidation1=106862 invalidation2=1 invalidation3=0 invalidation4=0 invalidation5=0
INVALIDATIONS cycle=1140131366 reason=0 phase0=146646 phase1=28 phase2=0 phase3=0 phase4=0 phase5=0
INVALIDATIONS cycle=1140131366 reason=1 phase0=106828 phase1=34 phase2=0 phase3=0 phase4=0 phase5=0
INVALIDATIONS cycle=1140131366 reason=2 phase0=1 phase1=0 phase2=0 phase3=0 phase4=0 phase5=0
INVALIDATIONS cycle=1140131366 reason=3 phase0=0 phase1=0 phase2=0 phase3=0 phase4=0 phase5=0
INVALIDATIONS cycle=1140131366 reason=4 phase0=0 phase1=0 phase2=0 phase3=0 phase4=0 phase5=0
INVALIDATIONS cycle=1140131366 reason=5 phase0=0 phase1=0 phase2=0 phase3=0 phase4=0 phase5=0
LIVE cycle=1140598799 kind=PREFIX phase=1 site=0 pc=7b1b46 reason=
LIVE cycle=1140684434 kind=INVALIDATE phase=1 site=0 pc=7b1b46 reason=MMU_REGISTERS
ADAPTER cycle=1144444166 request_samples=617808621 ack_samples=225525167 instruction_acks=87643437 data_acks=137881730 error_acks=0 fetched_bytes=293984972 dispatches=244000000 known_dispatches=159556768 ir_mismatch=3217557 signature_failures=0 secondary_skipped=191050 primary_mismatch_skipped=3217557 diagnostic_dropped=0 starts=0 stops=0 callbacks=0 returns=0 aborts=0 unmatched=0 prefix_aborts=63 prefix0=0 prefix1=63 prefix2=0 prefix3=0 prefix4=0 prefix5=0 invalidation0=146774 invalidation1=106888 invalidation2=1 invalidation3=0 invalidation4=0 invalidation5=0
INVALIDATIONS cycle=1144444166 reason=0 phase0=146745 phase1=29 phase2=0 phase3=0 phase4=0 phase5=0
INVALIDATIONS cycle=1144444166 reason=1 phase0=106854 phase1=34 phase2=0 phase3=0 phase4=0 phase5=0
INVALIDATIONS cycle=1144444166 reason=2 phase0=1 phase1=0 phase2=0 phase3=0 phase4=0 phase5=0
INVALIDATIONS cycle=1144444166 reason=3 phase0=0 phase1=0 phase2=0 phase3=0 phase4=0 phase5=0
INVALIDATIONS cycle=1144444166 reason=4 phase0=0 phase1=0 phase2=0 phase3=0 phase4=0 phase5=0
INVALIDATIONS cycle=1144444166 reason=5 phase0=0 phase1=0 phase2=0 phase3=0 phase4=0 phase5=0
LIVE cycle=1146084921 kind=PREFIX phase=1 site=0 pc=7b1b46 reason=
LIVE cycle=1146144439 kind=INVALIDATE phase=1 site=0 pc=7b1b46 reason=MMU_REGISTERS
ADAPTER cycle=1148808195 request_samples=619998003 ack_samples=226823886 instruction_acks=88225303 data_acks=138598583 error_acks=0 fetched_bytes=295892102 dispatches=245000000 known_dispatches=160080386 ir_mismatch=3235479 signature_failures=0 secondary_skipped=191320 primary_mismatch_skipped=3235479 diagnostic_dropped=0 starts=0 stops=0 callbacks=0 returns=0 aborts=0 unmatched=0 prefix_aborts=64 prefix0=0 prefix1=64 prefix2=0 prefix3=0 prefix4=0 prefix5=0 invalidation0=146884 invalidation1=106922 invalidation2=1 invalidation3=0 invalidation4=0 invalidation5=0
INVALIDATIONS cycle=1148808195 reason=0 phase0=146854 phase1=30 phase2=0 phase3=0 phase4=0 phase5=0
INVALIDATIONS cycle=1148808195 reason=1 phase0=106888 phase1=34 phase2=0 phase3=0 phase4=0 phase5=0
INVALIDATIONS cycle=1148808195 reason=2 phase0=1 phase1=0 phase2=0 phase3=0 phase4=0 phase5=0
INVALIDATIONS cycle=1148808195 reason=3 phase0=0 phase1=0 phase2=0 phase3=0 phase4=0 phase5=0
INVALIDATIONS cycle=1148808195 reason=4 phase0=0 phase1=0 phase2=0 phase3=0 phase4=0 phase5=0
INVALIDATIONS cycle=1148808195 reason=5 phase0=0 phase1=0 phase2=0 phase3=0 phase4=0 phase5=0
LIVE cycle=1151571213 kind=PREFIX phase=1 site=0 pc=7b1b46 reason=
LIVE cycle=1151604426 kind=INVALIDATE phase=1 site=0 pc=7b1b46 reason=MMU_REGISTERS
ADAPTER cycle=1153116690 request_samples=622126553 ack_samples=228121412 instruction_acks=88807559 data_acks=139313853 error_acks=0 fetched_bytes=297797904 dispatches=246000000 known_dispatches=160586871 ir_mismatch=3253485 signature_failures=0 secondary_skipped=191578 primary_mismatch_skipped=3253485 diagnostic_dropped=0 starts=0 stops=0 callbacks=0 returns=0 aborts=0 unmatched=0 prefix_aborts=65 prefix0=0 prefix1=65 prefix2=0 prefix3=0 prefix4=0 prefix5=0 invalidation0=146984 invalidation1=106948 invalidation2=1 invalidation3=0 invalidation4=0 invalidation5=0
INVALIDATIONS cycle=1153116690 reason=0 phase0=146953 phase1=31 phase2=0 phase3=0 phase4=0 phase5=0
INVALIDATIONS cycle=1153116690 reason=1 phase0=106914 phase1=34 phase2=0 phase3=0 phase4=0 phase5=0
INVALIDATIONS cycle=1153116690 reason=2 phase0=1 phase1=0 phase2=0 phase3=0 phase4=0 phase5=0
INVALIDATIONS cycle=1153116690 reason=3 phase0=0 phase1=0 phase2=0 phase3=0 phase4=0 phase5=0
INVALIDATIONS cycle=1153116690 reason=4 phase0=0 phase1=0 phase2=0 phase3=0 phase4=0 phase5=0
INVALIDATIONS cycle=1153116690 reason=5 phase0=0 phase1=0 phase2=0 phase3=0 phase4=0 phase5=0
LIVE cycle=1157057674 kind=PREFIX phase=1 site=0 pc=7b1b46 reason=
LIVE cycle=1157064450 kind=INVALIDATE phase=1 site=0 pc=7b1b46 reason=MMU_REGISTERS
ADAPTER cycle=1157745095 request_samples=624601164 ack_samples=229409583 instruction_acks=89373085 data_acks=140036498 error_acks=0 fetched_bytes=299668468 dispatches=247000000 known_dispatches=161126369 ir_mismatch=3270093 signature_failures=0 secondary_skipped=192109 primary_mismatch_skipped=3270093 diagnostic_dropped=0 starts=0 stops=0 callbacks=0 returns=0 aborts=0 unmatched=0 prefix_aborts=66 prefix0=0 prefix1=66 prefix2=0 prefix3=0 prefix4=0 prefix5=0 invalidation0=147114 invalidation1=107239 invalidation2=1 invalidation3=0 invalidation4=0 invalidation5=0
INVALIDATIONS cycle=1157745095 reason=0 phase0=147082 phase1=32 phase2=0 phase3=0 phase4=0 phase5=0
INVALIDATIONS cycle=1157745095 reason=1 phase0=107205 phase1=34 phase2=0 phase3=0 phase4=0 phase5=0
INVALIDATIONS cycle=1157745095 reason=2 phase0=1 phase1=0 phase2=0 phase3=0 phase4=0 phase5=0
INVALIDATIONS cycle=1157745095 reason=3 phase0=0 phase1=0 phase2=0 phase3=0 phase4=0 phase5=0
INVALIDATIONS cycle=1157745095 reason=4 phase0=0 phase1=0 phase2=0 phase3=0 phase4=0 phase5=0
INVALIDATIONS cycle=1157745095 reason=5 phase0=0 phase1=0 phase2=0 phase3=0 phase4=0 phase5=0
ADAPTER cycle=1162084997 request_samples=626764051 ack_samples=230707941 instruction_acks=89954630 data_acks=140753311 error_acks=0 fetched_bytes=301573740 dispatches=248000000 known_dispatches=161636628 ir_mismatch=3287984 signature_failures=0 secondary_skipped=192377 primary_mismatch_skipped=3287984 diagnostic_dropped=0 starts=0 stops=0 callbacks=0 returns=0 aborts=0 unmatched=0 prefix_aborts=66 prefix0=0 prefix1=66 prefix2=0 prefix3=0 prefix4=0 prefix5=0 invalidation0=147214 invalidation1=107271 invalidation2=1 invalidation3=0 invalidation4=0 invalidation5=0
INVALIDATIONS cycle=1162084997 reason=0 phase0=147182 phase1=32 phase2=0 phase3=0 phase4=0 phase5=0
INVALIDATIONS cycle=1162084997 reason=1 phase0=107237 phase1=34 phase2=0 phase3=0 phase4=0 phase5=0
INVALIDATIONS cycle=1162084997 reason=2 phase0=1 phase1=0 phase2=0 phase3=0 phase4=0 phase5=0
INVALIDATIONS cycle=1162084997 reason=3 phase0=0 phase1=0 phase2=0 phase3=0 phase4=0 phase5=0
INVALIDATIONS cycle=1162084997 reason=4 phase0=0 phase1=0 phase2=0 phase3=0 phase4=0 phase5=0
INVALIDATIONS cycle=1162084997 reason=5 phase0=0 phase1=0 phase2=0 phase3=0 phase4=0 phase5=0
LIVE cycle=1162544171 kind=PREFIX phase=1 site=0 pc=7b1b46 reason=
LIVE cycle=1162944434 kind=INVALIDATE phase=1 site=0 pc=7b1b46 reason=MMU_REGISTERS
ADAPTER cycle=1166422229 request_samples=628923662 ack_samples=232005843 instruction_acks=90537189 data_acks=141468654 error_acks=0 fetched_bytes=303481362 dispatches=249000000 known_dispatches=162154370 ir_mismatch=3306028 signature_failures=0 secondary_skipped=192643 primary_mismatch_skipped=3306028 diagnostic_dropped=0 starts=0 stops=0 callbacks=0 returns=0 aborts=0 unmatched=0 prefix_aborts=67 prefix0=0 prefix1=67 prefix2=0 prefix3=0 prefix4=0 prefix5=0 invalidation0=147324 invalidation1=107299 invalidation2=1 invalidation3=0 invalidation4=0 invalidation5=0
INVALIDATIONS cycle=1166422229 reason=0 phase0=147291 phase1=33 phase2=0 phase3=0 phase4=0 phase5=0
INVALIDATIONS cycle=1166422229 reason=1 phase0=107265 phase1=34 phase2=0 phase3=0 phase4=0 phase5=0
INVALIDATIONS cycle=1166422229 reason=2 phase0=1 phase1=0 phase2=0 phase3=0 phase4=0 phase5=0
INVALIDATIONS cycle=1166422229 reason=3 phase0=0 phase1=0 phase2=0 phase3=0 phase4=0 phase5=0
INVALIDATIONS cycle=1166422229 reason=4 phase0=0 phase1=0 phase2=0 phase3=0 phase4=0 phase5=0
INVALIDATIONS cycle=1166422229 reason=5 phase0=0 phase1=0 phase2=0 phase3=0 phase4=0 phase5=0
LIVE cycle=1168030463 kind=PREFIX phase=1 site=0 pc=7b1b46 reason=
LIVE cycle=1168404513 kind=INVALIDATE phase=1 site=0 pc=7b1b46 reason=MMU_REGISTERS
ADAPTER cycle=1170784295 request_samples=631111319 ack_samples=233304499 instruction_acks=91119096 data_acks=142185403 error_acks=0 fetched_bytes=305388562 dispatches=250000000 known_dispatches=162674967 ir_mismatch=3323958 signature_failures=0 secondary_skipped=192907 primary_mismatch_skipped=3323958 diagnostic_dropped=0 starts=0 stops=0 callbacks=0 returns=0 aborts=0 unmatched=0 prefix_aborts=68 prefix0=0 prefix1=68 prefix2=0 prefix3=0 prefix4=0 prefix5=0 invalidation0=147424 invalidation1=107331 invalidation2=1 invalidation3=0 invalidation4=0 invalidation5=0
INVALIDATIONS cycle=1170784295 reason=0 phase0=147390 phase1=34 phase2=0 phase3=0 phase4=0 phase5=0
INVALIDATIONS cycle=1170784295 reason=1 phase0=107297 phase1=34 phase2=0 phase3=0 phase4=0 phase5=0
INVALIDATIONS cycle=1170784295 reason=2 phase0=1 phase1=0 phase2=0 phase3=0 phase4=0 phase5=0
INVALIDATIONS cycle=1170784295 reason=3 phase0=0 phase1=0 phase2=0 phase3=0 phase4=0 phase5=0
INVALIDATIONS cycle=1170784295 reason=4 phase0=0 phase1=0 phase2=0 phase3=0 phase4=0 phase5=0
INVALIDATIONS cycle=1170784295 reason=5 phase0=0 phase1=0 phase2=0 phase3=0 phase4=0 phase5=0
LIVE cycle=1173516635 kind=PREFIX phase=1 site=0 pc=7b1b46 reason=
LIVE cycle=1173864427 kind=INVALIDATE phase=1 site=0 pc=7b1b46 reason=MMU_REGISTERS
ADAPTER cycle=1175094288 request_samples=633241379 ack_samples=234602118 instruction_acks=91701389 data_acks=142900729 error_acks=0 fetched_bytes=307294560 dispatches=251000000 known_dispatches=163187855 ir_mismatch=3341963 signature_failures=0 secondary_skipped=193171 primary_mismatch_skipped=3341963 diagnostic_dropped=0 starts=0 stops=0 callbacks=0 returns=0 aborts=0 unmatched=0 prefix_aborts=69 prefix0=0 prefix1=69 prefix2=0 prefix3=0 prefix4=0 prefix5=0 invalidation0=147524 invalidation1=107357 invalidation2=1 invalidation3=0 invalidation4=0 invalidation5=0
INVALIDATIONS cycle=1175094288 reason=0 phase0=147489 phase1=35 phase2=0 phase3=0 phase4=0 phase5=0
INVALIDATIONS cycle=1175094288 reason=1 phase0=107323 phase1=34 phase2=0 phase3=0 phase4=0 phase5=0
INVALIDATIONS cycle=1175094288 reason=2 phase0=1 phase1=0 phase2=0 phase3=0 phase4=0 phase5=0
INVALIDATIONS cycle=1175094288 reason=3 phase0=0 phase1=0 phase2=0 phase3=0 phase4=0 phase5=0
INVALIDATIONS cycle=1175094288 reason=4 phase0=0 phase1=0 phase2=0 phase3=0 phase4=0 phase5=0
INVALIDATIONS cycle=1175094288 reason=5 phase0=0 phase1=0 phase2=0 phase3=0 phase4=0 phase5=0
LIVE cycle=1179002758 kind=PREFIX phase=1 site=0 pc=7b1b46 reason=
LIVE cycle=1179324431 kind=INVALIDATE phase=1 site=0 pc=7b1b46 reason=MMU_REGISTERS
ADAPTER cycle=1179459648 request_samples=635432246 ack_samples=235900822 instruction_acks=92283298 data_acks=143617524 error_acks=0 fetched_bytes=309201754 dispatches=252000000 known_dispatches=163706917 ir_mismatch=3359890 signature_failures=0 secondary_skipped=193441 primary_mismatch_skipped=3359890 diagnostic_dropped=0 starts=0 stops=0 callbacks=0 returns=0 aborts=0 unmatched=0 prefix_aborts=70 prefix0=0 prefix1=70 prefix2=0 prefix3=0 prefix4=0 prefix5=0 invalidation0=147634 invalidation1=107391 invalidation2=1 invalidation3=0 invalidation4=0 invalidation5=0
INVALIDATIONS cycle=1179459648 reason=0 phase0=147598 phase1=36 phase2=0 phase3=0 phase4=0 phase5=0
INVALIDATIONS cycle=1179459648 reason=1 phase0=107357 phase1=34 phase2=0 phase3=0 phase4=0 phase5=0
INVALIDATIONS cycle=1179459648 reason=2 phase0=1 phase1=0 phase2=0 phase3=0 phase4=0 phase5=0
INVALIDATIONS cycle=1179459648 reason=3 phase0=0 phase1=0 phase2=0 phase3=0 phase4=0 phase5=0
INVALIDATIONS cycle=1179459648 reason=4 phase0=0 phase1=0 phase2=0 phase3=0 phase4=0 phase5=0
INVALIDATIONS cycle=1179459648 reason=5 phase0=0 phase1=0 phase2=0 phase3=0 phase4=0 phase5=0
ADAPTER cycle=1184332664 request_samples=638156955 ack_samples=237152429 instruction_acks=92824769 data_acks=144327660 error_acks=0 fetched_bytes=311012324 dispatches=253000000 known_dispatches=164242887 ir_mismatch=3374833 signature_failures=0 secondary_skipped=194132 primary_mismatch_skipped=3374833 diagnostic_dropped=0 starts=0 stops=0 callbacks=0 returns=0 aborts=0 unmatched=0 prefix_aborts=70 prefix0=0 prefix1=70 prefix2=0 prefix3=0 prefix4=0 prefix5=0 invalidation0=147854 invalidation1=107814 invalidation2=1 invalidation3=0 invalidation4=0 invalidation5=0
INVALIDATIONS cycle=1184332664 reason=0 phase0=147818 phase1=36 phase2=0 phase3=0 phase4=0 phase5=0
INVALIDATIONS cycle=1184332664 reason=1 phase0=107780 phase1=34 phase2=0 phase3=0 phase4=0 phase5=0
INVALIDATIONS cycle=1184332664 reason=2 phase0=1 phase1=0 phase2=0 phase3=0 phase4=0 phase5=0
INVALIDATIONS cycle=1184332664 reason=3 phase0=0 phase1=0 phase2=0 phase3=0 phase4=0 phase5=0
INVALIDATIONS cycle=1184332664 reason=4 phase0=0 phase1=0 phase2=0 phase3=0 phase4=0 phase5=0
INVALIDATIONS cycle=1184332664 reason=5 phase0=0 phase1=0 phase2=0 phase3=0 phase4=0 phase5=0
LIVE cycle=1184489001 kind=PREFIX phase=1 site=0 pc=7b1b46 reason=
LIVE cycle=1184784481 kind=INVALIDATE phase=1 site=0 pc=7b1b46 reason=MMU_REGISTERS
ADAPTER cycle=1188896445 request_samples=640578304 ack_samples=238414270 instruction_acks=93379605 data_acks=145034665 error_acks=0 fetched_bytes=312853198 dispatches=254000000 known_dispatches=164762190 ir_mismatch=3390708 signature_failures=0 secondary_skipped=194687 primary_mismatch_skipped=3390708 diagnostic_dropped=0 starts=0 stops=0 callbacks=0 returns=0 aborts=0 unmatched=0 prefix_aborts=71 prefix0=0 prefix1=71 prefix2=0 prefix3=0 prefix4=0 prefix5=0 invalidation0=148074 invalidation1=107901 invalidation2=1 invalidation3=0 invalidation4=0 invalidation5=0
INVALIDATIONS cycle=1188896445 reason=0 phase0=148037 phase1=37 phase2=0 phase3=0 phase4=0 phase5=0
INVALIDATIONS cycle=1188896445 reason=1 phase0=107867 phase1=34 phase2=0 phase3=0 phase4=0 phase5=0
INVALIDATIONS cycle=1188896445 reason=2 phase0=1 phase1=0 phase2=0 phase3=0 phase4=0 phase5=0
INVALIDATIONS cycle=1188896445 reason=3 phase0=0 phase1=0 phase2=0 phase3=0 phase4=0 phase5=0
INVALIDATIONS cycle=1188896445 reason=4 phase0=0 phase1=0 phase2=0 phase3=0 phase4=0 phase5=0
INVALIDATIONS cycle=1188896445 reason=5 phase0=0 phase1=0 phase2=0 phase3=0 phase4=0 phase5=0
LIVE cycle=1189975193 kind=PREFIX phase=1 site=0 pc=7b1b46 reason=
LIVE cycle=1189989841 kind=INVALIDATE phase=1 site=0 pc=7b1b46 reason=PFLUSH_OR_CINV
ADAPTER cycle=1193463528 request_samples=643046687 ack_samples=239668944 instruction_acks=93937448 data_acks=145731496 error_acks=0 fetched_bytes=314700778 dispatches=255000000 known_dispatches=165312264 ir_mismatch=3409495 signature_failures=0 secondary_skipped=195191 primary_mismatch_skipped=3409495 diagnostic_dropped=0 starts=0 stops=0 callbacks=0 returns=0 aborts=0 unmatched=0 prefix_aborts=72 prefix0=0 prefix1=72 prefix2=0 prefix3=0 prefix4=0 prefix5=0 invalidation0=148184 invalidation1=108030 invalidation2=1 invalidation3=0 invalidation4=0 invalidation5=0
INVALIDATIONS cycle=1193463528 reason=0 phase0=148147 phase1=37 phase2=0 phase3=0 phase4=0 phase5=0
INVALIDATIONS cycle=1193463528 reason=1 phase0=107995 phase1=35 phase2=0 phase3=0 phase4=0 phase5=0
INVALIDATIONS cycle=1193463528 reason=2 phase0=1 phase1=0 phase2=0 phase3=0 phase4=0 phase5=0
INVALIDATIONS cycle=1193463528 reason=3 phase0=0 phase1=0 phase2=0 phase3=0 phase4=0 phase5=0
INVALIDATIONS cycle=1193463528 reason=4 phase0=0 phase1=0 phase2=0 phase3=0 phase4=0 phase5=0
INVALIDATIONS cycle=1193463528 reason=5 phase0=0 phase1=0 phase2=0 phase3=0 phase4=0 phase5=0
LIVE cycle=1195461648 kind=PREFIX phase=1 site=0 pc=7b1b46 reason=
LIVE cycle=1195476590 kind=INVALIDATE phase=1 site=0 pc=7b1b46 reason=PFLUSH_OR_CINV
ADAPTER cycle=1197970096 request_samples=645415160 ack_samples=240952488 instruction_acks=94508243 data_acks=146444245 error_acks=0 fetched_bytes=316581974 dispatches=256000000 known_dispatches=165833326 ir_mismatch=3426558 signature_failures=0 secondary_skipped=195683 primary_mismatch_skipped=3426558 diagnostic_dropped=0 starts=0 stops=0 callbacks=0 returns=0 aborts=0 unmatched=0 prefix_aborts=73 prefix0=0 prefix1=73 prefix2=0 prefix3=0 prefix4=0 prefix5=0 invalidation0=148294 invalidation1=108085 invalidation2=1 invalidation3=0 invalidation4=0 invalidation5=0
INVALIDATIONS cycle=1197970096 reason=0 phase0=148257 phase1=37 phase2=0 phase3=0 phase4=0 phase5=0
INVALIDATIONS cycle=1197970096 reason=1 phase0=108049 phase1=36 phase2=0 phase3=0 phase4=0 phase5=0
INVALIDATIONS cycle=1197970096 reason=2 phase0=1 phase1=0 phase2=0 phase3=0 phase4=0 phase5=0
INVALIDATIONS cycle=1197970096 reason=3 phase0=0 phase1=0 phase2=0 phase3=0 phase4=0 phase5=0
INVALIDATIONS cycle=1197970096 reason=4 phase0=0 phase1=0 phase2=0 phase3=0 phase4=0 phase5=0
INVALIDATIONS cycle=1197970096 reason=5 phase0=0 phase1=0 phase2=0 phase3=0 phase4=0 phase5=0
LIVE cycle=1200947741 kind=PREFIX phase=1 site=0 pc=7b1b46 reason=
LIVE cycle=1200961855 kind=INVALIDATE phase=1 site=0 pc=7b1b46 reason=PFLUSH_OR_CINV
ADAPTER cycle=1202679331 request_samples=647980619 ack_samples=242220102 instruction_acks=95062005 data_acks=147158097 error_acks=0 fetched_bytes=318425384 dispatches=257000000 known_dispatches=166373843 ir_mismatch=3442277 signature_failures=0 secondary_skipped=196249 primary_mismatch_skipped=3442277 diagnostic_dropped=0 starts=0 stops=0 callbacks=0 returns=0 aborts=0 unmatched=0 prefix_aborts=74 prefix0=0 prefix1=74 prefix2=0 prefix3=0 prefix4=0 prefix5=0 invalidation0=148474 invalidation1=108292 invalidation2=1 invalidation3=0 invalidation4=0 invalidation5=0
INVALIDATIONS cycle=1202679331 reason=0 phase0=148437 phase1=37 phase2=0 phase3=0 phase4=0 phase5=0
INVALIDATIONS cycle=1202679331 reason=1 phase0=108255 phase1=37 phase2=0 phase3=0 phase4=0 phase5=0
INVALIDATIONS cycle=1202679331 reason=2 phase0=1 phase1=0 phase2=0 phase3=0 phase4=0 phase5=0
INVALIDATIONS cycle=1202679331 reason=3 phase0=0 phase1=0 phase2=0 phase3=0 phase4=0 phase5=0
INVALIDATIONS cycle=1202679331 reason=4 phase0=0 phase1=0 phase2=0 phase3=0 phase4=0 phase5=0
INVALIDATIONS cycle=1202679331 reason=5 phase0=0 phase1=0 phase2=0 phase3=0 phase4=0 phase5=0
LIVE cycle=1206434141 kind=PREFIX phase=1 site=0 pc=7b1b46 reason=
LIVE cycle=1206449046 kind=INVALIDATE phase=1 site=0 pc=7b1b46 reason=PFLUSH_OR_CINV
ADAPTER cycle=1207363443 request_samples=650556126 ack_samples=243495737 instruction_acks=95624889 data_acks=147870848 error_acks=0 fetched_bytes=320291544 dispatches=258000000 known_dispatches=166910438 ir_mismatch=3458415 signature_failures=0 secondary_skipped=196854 primary_mismatch_skipped=3458415 diagnostic_dropped=0 starts=0 stops=0 callbacks=0 returns=0 aborts=0 unmatched=0 prefix_aborts=75 prefix0=0 prefix1=75 prefix2=0 prefix3=0 prefix4=0 prefix5=0 invalidation0=148584 invalidation1=108369 invalidation2=1 invalidation3=0 invalidation4=0 invalidation5=0
INVALIDATIONS cycle=1207363443 reason=0 phase0=148547 phase1=37 phase2=0 phase3=0 phase4=0 phase5=0
INVALIDATIONS cycle=1207363443 reason=1 phase0=108331 phase1=38 phase2=0 phase3=0 phase4=0 phase5=0
INVALIDATIONS cycle=1207363443 reason=2 phase0=1 phase1=0 phase2=0 phase3=0 phase4=0 phase5=0
INVALIDATIONS cycle=1207363443 reason=3 phase0=0 phase1=0 phase2=0 phase3=0 phase4=0 phase5=0
INVALIDATIONS cycle=1207363443 reason=4 phase0=0 phase1=0 phase2=0 phase3=0 phase4=0 phase5=0
INVALIDATIONS cycle=1207363443 reason=5 phase0=0 phase1=0 phase2=0 phase3=0 phase4=0 phase5=0
ADAPTER cycle=1211913219 request_samples=652984165 ack_samples=244775146 instruction_acks=96192092 data_acks=148583054 error_acks=0 fetched_bytes=322164588 dispatches=259000000 known_dispatches=167453824 ir_mismatch=3475497 signature_failures=0 secondary_skipped=197479 primary_mismatch_skipped=3475497 diagnostic_dropped=0 starts=0 stops=0 callbacks=0 returns=0 aborts=0 unmatched=0 prefix_aborts=75 prefix0=0 prefix1=75 prefix2=0 prefix3=0 prefix4=0 prefix5=0 invalidation0=148694 invalidation1=108426 invalidation2=1 invalidation3=0 invalidation4=0 invalidation5=0
INVALIDATIONS cycle=1211913219 reason=0 phase0=148657 phase1=37 phase2=0 phase3=0 phase4=0 phase5=0
INVALIDATIONS cycle=1211913219 reason=1 phase0=108388 phase1=38 phase2=0 phase3=0 phase4=0 phase5=0
INVALIDATIONS cycle=1211913219 reason=2 phase0=1 phase1=0 phase2=0 phase3=0 phase4=0 phase5=0
INVALIDATIONS cycle=1211913219 reason=3 phase0=0 phase1=0 phase2=0 phase3=0 phase4=0 phase5=0
INVALIDATIONS cycle=1211913219 reason=4 phase0=0 phase1=0 phase2=0 phase3=0 phase4=0 phase5=0
INVALIDATIONS cycle=1211913219 reason=5 phase0=0 phase1=0 phase2=0 phase3=0 phase4=0 phase5=0
LIVE cycle=1211920459 kind=PREFIX phase=1 site=0 pc=7b1b46 reason=
LIVE cycle=1211935015 kind=INVALIDATE phase=1 site=0 pc=7b1b46 reason=PFLUSH_OR_CINV
ADAPTER cycle=1216463591 request_samples=655401268 ack_samples=246060071 instruction_acks=96762579 data_acks=149297492 error_acks=0 fetched_bytes=324046888 dispatches=260000000 known_dispatches=167985488 ir_mismatch=3492515 signature_failures=0 secondary_skipped=197977 primary_mismatch_skipped=3492515 diagnostic_dropped=0 starts=0 stops=0 callbacks=0 returns=0 aborts=0 unmatched=0 prefix_aborts=76 prefix0=0 prefix1=76 prefix2=0 prefix3=0 prefix4=0 prefix5=0 invalidation0=148804 invalidation1=108484 invalidation2=1 invalidation3=0 invalidation4=0 invalidation5=0
INVALIDATIONS cycle=1216463591 reason=0 phase0=148767 phase1=37 phase2=0 phase3=0 phase4=0 phase5=0
INVALIDATIONS cycle=1216463591 reason=1 phase0=108445 phase1=39 phase2=0 phase3=0 phase4=0 phase5=0
INVALIDATIONS cycle=1216463591 reason=2 phase0=1 phase1=0 phase2=0 phase3=0 phase4=0 phase5=0
INVALIDATIONS cycle=1216463591 reason=3 phase0=0 phase1=0 phase2=0 phase3=0 phase4=0 phase5=0
INVALIDATIONS cycle=1216463591 reason=4 phase0=0 phase1=0 phase2=0 phase3=0 phase4=0 phase5=0
INVALIDATIONS cycle=1216463591 reason=5 phase0=0 phase1=0 phase2=0 phase3=0 phase4=0 phase5=0
LIVE cycle=1217406606 kind=PREFIX phase=1 site=0 pc=7b1b46 reason=
LIVE cycle=1217421914 kind=INVALIDATE phase=1 site=0 pc=7b1b46 reason=PFLUSH_OR_CINV
ADAPTER cycle=1221030662 request_samples=657837462 ack_samples=247342694 instruction_acks=97331604 data_acks=150011090 error_acks=0 fetched_bytes=325925592 dispatches=261000000 known_dispatches=168514492 ir_mismatch=3509414 signature_failures=0 secondary_skipped=198499 primary_mismatch_skipped=3509414 diagnostic_dropped=0 starts=0 stops=0 callbacks=0 returns=0 aborts=0 unmatched=0 prefix_aborts=77 prefix0=0 prefix1=77 prefix2=0 prefix3=0 prefix4=0 prefix5=0 invalidation0=148934 invalidation1=108548 invalidation2=1 invalidation3=0 invalidation4=0 invalidation5=0
INVALIDATIONS cycle=1221030662 reason=0 phase0=148897 phase1=37 phase2=0 phase3=0 phase4=0 phase5=0
INVALIDATIONS cycle=1221030662 reason=1 phase0=108508 phase1=40 phase2=0 phase3=0 phase4=0 phase5=0
INVALIDATIONS cycle=1221030662 reason=2 phase0=1 phase1=0 phase2=0 phase3=0 phase4=0 phase5=0
INVALIDATIONS cycle=1221030662 reason=3 phase0=0 phase1=0 phase2=0 phase3=0 phase4=0 phase5=0
INVALIDATIONS cycle=1221030662 reason=4 phase0=0 phase1=0 phase2=0 phase3=0 phase4=0 phase5=0
INVALIDATIONS cycle=1221030662 reason=5 phase0=0 phase1=0 phase2=0 phase3=0 phase4=0 phase5=0
LIVE cycle=1222893345 kind=PREFIX phase=1 site=0 pc=7b1b46 reason=
LIVE cycle=1222903576 kind=INVALIDATE phase=1 site=0 pc=7b1b46 reason=PFLUSH_OR_CINV
ADAPTER cycle=1225476462 request_samples=660139464 ack_samples=248625501 instruction_acks=97902951 data_acks=150722550 error_acks=0 fetched_bytes=327805876 dispatches=262000000 known_dispatches=169038429 ir_mismatch=3526583 signature_failures=0 secondary_skipped=198986 primary_mismatch_skipped=3526583 diagnostic_dropped=0 starts=0 stops=0 callbacks=0 returns=0 aborts=0 unmatched=0 prefix_aborts=78 prefix0=0 prefix1=78 prefix2=0 prefix3=0 prefix4=0 prefix5=0 invalidation0=149034 invalidation1=108592 invalidation2=1 invalidation3=0 invalidation4=0 invalidation5=0
INVALIDATIONS cycle=1225476462 reason=0 phase0=148997 phase1=37 phase2=0 phase3=0 phase4=0 phase5=0
INVALIDATIONS cycle=1225476462 reason=1 phase0=108551 phase1=41 phase2=0 phase3=0 phase4=0 phase5=0
INVALIDATIONS cycle=1225476462 reason=2 phase0=1 phase1=0 phase2=0 phase3=0 phase4=0 phase5=0
INVALIDATIONS cycle=1225476462 reason=3 phase0=0 phase1=0 phase2=0 phase3=0 phase4=0 phase5=0
INVALIDATIONS cycle=1225476462 reason=4 phase0=0 phase1=0 phase2=0 phase3=0 phase4=0 phase5=0
INVALIDATIONS cycle=1225476462 reason=5 phase0=0 phase1=0 phase2=0 phase3=0 phase4=0 phase5=0
LIVE cycle=1228379152 kind=PREFIX phase=1 site=0 pc=7b1b46 reason=
LIVE cycle=1228464429 kind=INVALIDATE phase=1 site=0 pc=7b1b46 reason=MMU_REGISTERS
ADAPTER cycle=1230027537 request_samples=662557128 ack_samples=249910879 instruction_acks=98473758 data_acks=151437121 error_acks=0 fetched_bytes=329689222 dispatches=263000000 known_dispatches=169567656 ir_mismatch=3543624 signature_failures=0 secondary_skipped=199484 primary_mismatch_skipped=3543624 diagnostic_dropped=0 starts=0 stops=0 callbacks=0 returns=0 aborts=0 unmatched=0 prefix_aborts=79 prefix0=0 prefix1=79 prefix2=0 prefix3=0 prefix4=0 prefix5=0 invalidation0=149144 invalidation1=108650 invalidation2=1 invalidation3=0 invalidation4=0 invalidation5=0
INVALIDATIONS cycle=1230027537 reason=0 phase0=149106 phase1=38 phase2=0 phase3=0 phase4=0 phase5=0
INVALIDATIONS cycle=1230027537 reason=1 phase0=108609 phase1=41 phase2=0 phase3=0 phase4=0 phase5=0
INVALIDATIONS cycle=1230027537 reason=2 phase0=1 phase1=0 phase2=0 phase3=0 phase4=0 phase5=0
INVALIDATIONS cycle=1230027537 reason=3 phase0=0 phase1=0 phase2=0 phase3=0 phase4=0 phase5=0
INVALIDATIONS cycle=1230027537 reason=4 phase0=0 phase1=0 phase2=0 phase3=0 phase4=0 phase5=0
INVALIDATIONS cycle=1230027537 reason=5 phase0=0 phase1=0 phase2=0 phase3=0 phase4=0 phase5=0
LIVE cycle=1233865998 kind=PREFIX phase=1 site=0 pc=7b1b46 reason=
LIVE cycle=1233924948 kind=INVALIDATE phase=1 site=0 pc=7b1b46 reason=MMU_REGISTERS
ADAPTER cycle=1235560822 request_samples=666135710 ack_samples=251073782 instruction_acks=98945758 data_acks=152128024 error_acks=0 fetched_bytes=331337480 dispatches=264000000 known_dispatches=170125893 ir_mismatch=3554464 signature_failures=0 secondary_skipped=200036 primary_mismatch_skipped=3554464 diagnostic_dropped=0 starts=0 stops=0 callbacks=0 returns=0 aborts=0 unmatched=0 prefix_aborts=80 prefix0=0 prefix1=80 prefix2=0 prefix3=0 prefix4=0 prefix5=0 invalidation0=149424 invalidation1=109773 invalidation2=1 invalidation3=0 invalidation4=0 invalidation5=0
INVALIDATIONS cycle=1235560822 reason=0 phase0=149385 phase1=39 phase2=0 phase3=0 phase4=0 phase5=0
INVALIDATIONS cycle=1235560822 reason=1 phase0=109732 phase1=41 phase2=0 phase3=0 phase4=0 phase5=0
INVALIDATIONS cycle=1235560822 reason=2 phase0=1 phase1=0 phase2=0 phase3=0 phase4=0 phase5=0
INVALIDATIONS cycle=1235560822 reason=3 phase0=0 phase1=0 phase2=0 phase3=0 phase4=0 phase5=0
INVALIDATIONS cycle=1235560822 reason=4 phase0=0 phase1=0 phase2=0 phase3=0 phase4=0 phase5=0
INVALIDATIONS cycle=1235560822 reason=5 phase0=0 phase1=0 phase2=0 phase3=0 phase4=0 phase5=0
LIVE cycle=1239354531 kind=PREFIX phase=1 site=0 pc=7b1b46 reason=
LIVE cycle=1239359210 kind=INVALIDATE phase=1 site=0 pc=7b1b46 reason=MMU_REGISTERS
ADAPTER cycle=1240631907 request_samples=668931874 ack_samples=252585126 instruction_acks=99615657 data_acks=152969469 error_acks=0 fetched_bytes=333252788 dispatches=265000000 known_dispatches=170764740 ir_mismatch=3555225 signature_failures=0 secondary_skipped=200336 primary_mismatch_skipped=3555225 diagnostic_dropped=0 starts=0 stops=0 callbacks=0 returns=0 aborts=0 unmatched=0 prefix_aborts=81 prefix0=0 prefix1=81 prefix2=0 prefix3=0 prefix4=0 prefix5=0 invalidation0=150334 invalidation1=109985 invalidation2=1 invalidation3=0 invalidation4=0 invalidation5=0
INVALIDATIONS cycle=1240631907 reason=0 phase0=150294 phase1=40 phase2=0 phase3=0 phase4=0 phase5=0
INVALIDATIONS cycle=1240631907 reason=1 phase0=109944 phase1=41 phase2=0 phase3=0 phase4=0 phase5=0
INVALIDATIONS cycle=1240631907 reason=2 phase0=1 phase1=0 phase2=0 phase3=0 phase4=0 phase5=0
INVALIDATIONS cycle=1240631907 reason=3 phase0=0 phase1=0 phase2=0 phase3=0 phase4=0 phase5=0
INVALIDATIONS cycle=1240631907 reason=4 phase0=0 phase1=0 phase2=0 phase3=0 phase4=0 phase5=0
INVALIDATIONS cycle=1240631907 reason=5 phase0=0 phase1=0 phase2=0 phase3=0 phase4=0 phase5=0
LIVE cycle=1244838646 kind=PREFIX phase=1 site=0 pc=7b1b46 reason=
LIVE cycle=1244843290 kind=INVALIDATE phase=1 site=0 pc=7b1b46 reason=MMU_REGISTERS
ADAPTER cycle=1247357370 request_samples=673689791 ack_samples=253725643 instruction_acks=100035736 data_acks=153689907 error_acks=0 fetched_bytes=334783232 dispatches=266000000 known_dispatches=171321365 ir_mismatch=3559780 signature_failures=0 secondary_skipped=201409 primary_mismatch_skipped=3559780 diagnostic_dropped=0 starts=0 stops=0 callbacks=0 returns=0 aborts=0 unmatched=0 prefix_aborts=82 prefix0=0 prefix1=82 prefix2=0 prefix3=0 prefix4=0 prefix5=0 invalidation0=151829 invalidation1=110681 invalidation2=1 invalidation3=0 invalidation4=0 invalidation5=0
INVALIDATIONS cycle=1247357370 reason=0 phase0=151788 phase1=41 phase2=0 phase3=0 phase4=0 phase5=0
INVALIDATIONS cycle=1247357370 reason=1 phase0=110640 phase1=41 phase2=0 phase3=0 phase4=0 phase5=0
INVALIDATIONS cycle=1247357370 reason=2 phase0=1 phase1=0 phase2=0 phase3=0 phase4=0 phase5=0
INVALIDATIONS cycle=1247357370 reason=3 phase0=0 phase1=0 phase2=0 phase3=0 phase4=0 phase5=0
INVALIDATIONS cycle=1247357370 reason=4 phase0=0 phase1=0 phase2=0 phase3=0 phase4=0 phase5=0
INVALIDATIONS cycle=1247357370 reason=5 phase0=0 phase1=0 phase2=0 phase3=0 phase4=0 phase5=0
LIVE cycle=1250324560 kind=PREFIX phase=1 site=0 pc=7b1b46 reason=
LIVE cycle=1250326507 kind=INVALIDATE phase=1 site=0 pc=7b1b46 reason=PFLUSH_OR_CINV
ADAPTER cycle=1253164518 request_samples=677490484 ack_samples=254930234 instruction_acks=100538552 data_acks=154391682 error_acks=0 fetched_bytes=336518762 dispatches=267000000 known_dispatches=171887493 ir_mismatch=3569820 signature_failures=0 secondary_skipped=202662 primary_mismatch_skipped=3569820 diagnostic_dropped=0 starts=0 stops=0 callbacks=0 returns=0 aborts=0 unmatched=0 prefix_aborts=83 prefix0=0 prefix1=83 prefix2=0 prefix3=0 prefix4=0 prefix5=0 invalidation0=152324 invalidation1=111312 invalidation2=1 invalidation3=0 invalidation4=0 invalidation5=0
INVALIDATIONS cycle=1253164518 reason=0 phase0=152283 phase1=41 phase2=0 phase3=0 phase4=0 phase5=0
INVALIDATIONS cycle=1253164518 reason=1 phase0=111270 phase1=42 phase2=0 phase3=0 phase4=0 phase5=0
INVALIDATIONS cycle=1253164518 reason=2 phase0=1 phase1=0 phase2=0 phase3=0 phase4=0 phase5=0
INVALIDATIONS cycle=1253164518 reason=3 phase0=0 phase1=0 phase2=0 phase3=0 phase4=0 phase5=0
INVALIDATIONS cycle=1253164518 reason=4 phase0=0 phase1=0 phase2=0 phase3=0 phase4=0 phase5=0
INVALIDATIONS cycle=1253164518 reason=5 phase0=0 phase1=0 phase2=0 phase3=0 phase4=0 phase5=0
LIVE cycle=1255810570 kind=PREFIX phase=1 site=0 pc=7b1b46 reason=
LIVE cycle=1256184445 kind=INVALIDATE phase=1 site=0 pc=7b1b46 reason=MMU_REGISTERS
ADAPTER cycle=1257574932 request_samples=679760108 ack_samples=256197498 instruction_acks=101105496 data_acks=155092002 error_acks=0 fetched_bytes=338385012 dispatches=268000000 known_dispatches=172419622 ir_mismatch=3589429 signature_failures=0 secondary_skipped=202932 primary_mismatch_skipped=3589429 diagnostic_dropped=0 starts=0 stops=0 callbacks=0 returns=0 aborts=0 unmatched=0 prefix_aborts=84 prefix0=0 prefix1=84 prefix2=0 prefix3=0 prefix4=0 prefix5=0 invalidation0=152434 invalidation1=111484 invalidation2=1 invalidation3=0 invalidation4=0 invalidation5=0
INVALIDATIONS cycle=1257574932 reason=0 phase0=152392 phase1=42 phase2=0 phase3=0 phase4=0 phase5=0
INVALIDATIONS cycle=1257574932 reason=1 phase0=111442 phase1=42 phase2=0 phase3=0 phase4=0 phase5=0
INVALIDATIONS cycle=1257574932 reason=2 phase0=1 phase1=0 phase2=0 phase3=0 phase4=0 phase5=0
INVALIDATIONS cycle=1257574932 reason=3 phase0=0 phase1=0 phase2=0 phase3=0 phase4=0 phase5=0
INVALIDATIONS cycle=1257574932 reason=4 phase0=0 phase1=0 phase2=0 phase3=0 phase4=0 phase5=0
INVALIDATIONS cycle=1257574932 reason=5 phase0=0 phase1=0 phase2=0 phase3=0 phase4=0 phase5=0
LIVE cycle=1261296806 kind=PREFIX phase=1 site=0 pc=7b1b46 reason=
LIVE cycle=1261644429 kind=INVALIDATE phase=1 site=0 pc=7b1b46 reason=MMU_REGISTERS
ADAPTER cycle=1261910859 request_samples=681918019 ack_samples=257495753 instruction_acks=101687299 data_acks=155808454 error_acks=0 fetched_bytes=340290672 dispatches=269000000 known_dispatches=172935872 ir_mismatch=3607348 signature_failures=0 secondary_skipped=203200 primary_mismatch_skipped=3607348 diagnostic_dropped=0 starts=0 stops=0 callbacks=0 returns=0 aborts=0 unmatched=0 prefix_aborts=85 prefix0=0 prefix1=85 prefix2=0 prefix3=0 prefix4=0 prefix5=0 invalidation0=152534 invalidation1=111516 invalidation2=1 invalidation3=0 invalidation4=0 invalidation5=0
INVALIDATIONS cycle=1261910859 reason=0 phase0=152491 phase1=43 phase2=0 phase3=0 phase4=0 phase5=0
INVALIDATIONS cycle=1261910859 reason=1 phase0=111474 phase1=42 phase2=0 phase3=0 phase4=0 phase5=0
INVALIDATIONS cycle=1261910859 reason=2 phase0=1 phase1=0 phase2=0 phase3=0 phase4=0 phase5=0
INVALIDATIONS cycle=1261910859 reason=3 phase0=0 phase1=0 phase2=0 phase3=0 phase4=0 phase5=0
INVALIDATIONS cycle=1261910859 reason=4 phase0=0 phase1=0 phase2=0 phase3=0 phase4=0 phase5=0
INVALIDATIONS cycle=1261910859 reason=5 phase0=0 phase1=0 phase2=0 phase3=0 phase4=0 phase5=0
ADAPTER cycle=1266321591 request_samples=684159343 ack_samples=258795834 instruction_acks=102268861 data_acks=156526973 error_acks=0 fetched_bytes=342199248 dispatches=270000000 known_dispatches=173469381 ir_mismatch=3625239 signature_failures=0 secondary_skipped=203472 primary_mismatch_skipped=3625239 diagnostic_dropped=0 starts=0 stops=0 callbacks=0 returns=0 aborts=0 unmatched=0 prefix_aborts=85 prefix0=0 prefix1=85 prefix2=0 prefix3=0 prefix4=0 prefix5=0 invalidation0=152644 invalidation1=111550 invalidation2=1 invalidation3=0 invalidation4=0 invalidation5=0
INVALIDATIONS cycle=1266321591 reason=0 phase0=152601 phase1=43 phase2=0 phase3=0 phase4=0 phase5=0
INVALIDATIONS cycle=1266321591 reason=1 phase0=111508 phase1=42 phase2=0 phase3=0 phase4=0 phase5=0
INVALIDATIONS cycle=1266321591 reason=2 phase0=1 phase1=0 phase2=0 phase3=0 phase4=0 phase5=0
INVALIDATIONS cycle=1266321591 reason=3 phase0=0 phase1=0 phase2=0 phase3=0 phase4=0 phase5=0
INVALIDATIONS cycle=1266321591 reason=4 phase0=0 phase1=0 phase2=0 phase3=0 phase4=0 phase5=0
INVALIDATIONS cycle=1266321591 reason=5 phase0=0 phase1=0 phase2=0 phase3=0 phase4=0 phase5=0
LIVE cycle=1266783105 kind=PREFIX phase=1 site=0 pc=7b1b46 reason=
LIVE cycle=1267104428 kind=INVALIDATE phase=1 site=0 pc=7b1b46 reason=MMU_REGISTERS
ADAPTER cycle=1270689637 request_samples=686353113 ack_samples=260094911 instruction_acks=102850541 data_acks=157244370 error_acks=0 fetched_bytes=344105996 dispatches=271000000 known_dispatches=173989851 ir_mismatch=3643164 signature_failures=0 secondary_skipped=203742 primary_mismatch_skipped=3643164 diagnostic_dropped=0 starts=0 stops=0 callbacks=0 returns=0 aborts=0 unmatched=0 prefix_aborts=86 prefix0=0 prefix1=86 prefix2=0 prefix3=0 prefix4=0 prefix5=0 invalidation0=152744 invalidation1=111582 invalidation2=1 invalidation3=0 invalidation4=0 invalidation5=0
INVALIDATIONS cycle=1270689637 reason=0 phase0=152700 phase1=44 phase2=0 phase3=0 phase4=0 phase5=0
INVALIDATIONS cycle=1270689637 reason=1 phase0=111540 phase1=42 phase2=0 phase3=0 phase4=0 phase5=0
INVALIDATIONS cycle=1270689637 reason=2 phase0=1 phase1=0 phase2=0 phase3=0 phase4=0 phase5=0
INVALIDATIONS cycle=1270689637 reason=3 phase0=0 phase1=0 phase2=0 phase3=0 phase4=0 phase5=0
INVALIDATIONS cycle=1270689637 reason=4 phase0=0 phase1=0 phase2=0 phase3=0 phase4=0 phase5=0
INVALIDATIONS cycle=1270689637 reason=5 phase0=0 phase1=0 phase2=0 phase3=0 phase4=0 phase5=0
LIVE cycle=1272269513 kind=PREFIX phase=1 site=0 pc=7b1b46 reason=
LIVE cycle=1272564428 kind=INVALIDATE phase=1 site=0 pc=7b1b46 reason=MMU_REGISTERS
ADAPTER cycle=1275000861 request_samples=688484815 ack_samples=261392535 instruction_acks=103432674 data_acks=157959861 error_acks=0 fetched_bytes=346011598 dispatches=272000000 known_dispatches=174497976 ir_mismatch=3661162 signature_failures=0 secondary_skipped=204000 primary_mismatch_skipped=3661162 diagnostic_dropped=0 starts=0 stops=0 callbacks=0 returns=0 aborts=0 unmatched=0 prefix_aborts=87 prefix0=0 prefix1=87 prefix2=0 prefix3=0 prefix4=0 prefix5=0 invalidation0=152844 invalidation1=111608 invalidation2=1 invalidation3=0 invalidation4=0 invalidation5=0
INVALIDATIONS cycle=1275000861 reason=0 phase0=152799 phase1=45 phase2=0 phase3=0 phase4=0 phase5=0
INVALIDATIONS cycle=1275000861 reason=1 phase0=111566 phase1=42 phase2=0 phase3=0 phase4=0 phase5=0
INVALIDATIONS cycle=1275000861 reason=2 phase0=1 phase1=0 phase2=0 phase3=0 phase4=0 phase5=0
INVALIDATIONS cycle=1275000861 reason=3 phase0=0 phase1=0 phase2=0 phase3=0 phase4=0 phase5=0
INVALIDATIONS cycle=1275000861 reason=4 phase0=0 phase1=0 phase2=0 phase3=0 phase4=0 phase5=0
INVALIDATIONS cycle=1275000861 reason=5 phase0=0 phase1=0 phase2=0 phase3=0 phase4=0 phase5=0
LIVE cycle=1277755635 kind=PREFIX phase=1 site=0 pc=7b1b46 reason=
LIVE cycle=1278024461 kind=INVALIDATE phase=1 site=0 pc=7b1b46 reason=MMU_REGISTERS
ADAPTER cycle=1279369054 request_samples=690678924 ack_samples=262691526 instruction_acks=104014348 data_acks=158677178 error_acks=0 fetched_bytes=347918314 dispatches=273000000 known_dispatches=175024829 ir_mismatch=3679079 signature_failures=0 secondary_skipped=204270 primary_mismatch_skipped=3679079 diagnostic_dropped=0 starts=0 stops=0 callbacks=0 returns=0 aborts=0 unmatched=0 prefix_aborts=88 prefix0=0 prefix1=88 prefix2=0 prefix3=0 prefix4=0 prefix5=0 invalidation0=152954 invalidation1=111642 invalidation2=1 invalidation3=0 invalidation4=0 invalidation5=0
INVALIDATIONS cycle=1279369054 reason=0 phase0=152908 phase1=46 phase2=0 phase3=0 phase4=0 phase5=0
INVALIDATIONS cycle=1279369054 reason=1 phase0=111600 phase1=42 phase2=0 phase3=0 phase4=0 phase5=0
INVALIDATIONS cycle=1279369054 reason=2 phase0=1 phase1=0 phase2=0 phase3=0 phase4=0 phase5=0
INVALIDATIONS cycle=1279369054 reason=3 phase0=0 phase1=0 phase2=0 phase3=0 phase4=0 phase5=0
INVALIDATIONS cycle=1279369054 reason=4 phase0=0 phase1=0 phase2=0 phase3=0 phase4=0 phase5=0
INVALIDATIONS cycle=1279369054 reason=5 phase0=0 phase1=0 phase2=0 phase3=0 phase4=0 phase5=0
LIVE cycle=1283241927 kind=PREFIX phase=1 site=0 pc=7b1b46 reason=
LIVE cycle=1283484604 kind=INVALIDATE phase=1 site=0 pc=7b1b46 reason=MMU_REGISTERS
ADAPTER cycle=1283679836 request_samples=692810073 ack_samples=263989220 instruction_acks=104596474 data_acks=159392746 error_acks=0 fetched_bytes=349823918 dispatches=274000000 known_dispatches=175538115 ir_mismatch=3697075 signature_failures=0 secondary_skipped=204528 primary_mismatch_skipped=3697075 diagnostic_dropped=0 starts=0 stops=0 callbacks=0 returns=0 aborts=0 unmatched=0 prefix_aborts=89 prefix0=0 prefix1=89 prefix2=0 prefix3=0 prefix4=0 prefix5=0 invalidation0=153054 invalidation1=111668 invalidation2=1 invalidation3=0 invalidation4=0 invalidation5=0
INVALIDATIONS cycle=1283679836 reason=0 phase0=153007 phase1=47 phase2=0 phase3=0 phase4=0 phase5=0
INVALIDATIONS cycle=1283679836 reason=1 phase0=111626 phase1=42 phase2=0 phase3=0 phase4=0 phase5=0
INVALIDATIONS cycle=1283679836 reason=2 phase0=1 phase1=0 phase2=0 phase3=0 phase4=0 phase5=0
INVALIDATIONS cycle=1283679836 reason=3 phase0=0 phase1=0 phase2=0 phase3=0 phase4=0 phase5=0
INVALIDATIONS cycle=1283679836 reason=4 phase0=0 phase1=0 phase2=0 phase3=0 phase4=0 phase5=0
INVALIDATIONS cycle=1283679836 reason=5 phase0=0 phase1=0 phase2=0 phase3=0 phase4=0 phase5=0
ADAPTER cycle=1288059407 request_samples=695018421 ack_samples=265285858 instruction_acks=105176676 data_acks=160109182 error_acks=0 fetched_bytes=351726764 dispatches=275000000 known_dispatches=176062360 ir_mismatch=3714875 signature_failures=0 secondary_skipped=204816 primary_mismatch_skipped=3714875 diagnostic_dropped=0 starts=0 stops=0 callbacks=0 returns=0 aborts=0 unmatched=0 prefix_aborts=89 prefix0=0 prefix1=89 prefix2=0 prefix3=0 prefix4=0 prefix5=0 invalidation0=153174 invalidation1=111704 invalidation2=1 invalidation3=0 invalidation4=0 invalidation5=0
INVALIDATIONS cycle=1288059407 reason=0 phase0=153127 phase1=47 phase2=0 phase3=0 phase4=0 phase5=0
INVALIDATIONS cycle=1288059407 reason=1 phase0=111662 phase1=42 phase2=0 phase3=0 phase4=0 phase5=0
INVALIDATIONS cycle=1288059407 reason=2 phase0=1 phase1=0 phase2=0 phase3=0 phase4=0 phase5=0
INVALIDATIONS cycle=1288059407 reason=3 phase0=0 phase1=0 phase2=0 phase3=0 phase4=0 phase5=0
INVALIDATIONS cycle=1288059407 reason=4 phase0=0 phase1=0 phase2=0 phase3=0 phase4=0 phase5=0
INVALIDATIONS cycle=1288059407 reason=5 phase0=0 phase1=0 phase2=0 phase3=0 phase4=0 phase5=0
LIVE cycle=1288728224 kind=PREFIX phase=1 site=0 pc=7b1b46 reason=
LIVE cycle=1288944507 kind=INVALIDATE phase=1 site=0 pc=7b1b46 reason=MMU_REGISTERS
ADAPTER cycle=1292426447 request_samples=697211715 ack_samples=266584838 instruction_acks=105758349 data_acks=160826489 error_acks=0 fetched_bytes=353633550 dispatches=276000000 known_dispatches=176582764 ir_mismatch=3732779 signature_failures=0 secondary_skipped=205086 primary_mismatch_skipped=3732779 diagnostic_dropped=0 starts=0 stops=0 callbacks=0 returns=0 aborts=0 unmatched=0 prefix_aborts=90 prefix0=0 prefix1=90 prefix2=0 prefix3=0 prefix4=0 prefix5=0 invalidation0=153284 invalidation1=111738 invalidation2=1 invalidation3=0 invalidation4=0 invalidation5=0
INVALIDATIONS cycle=1292426447 reason=0 phase0=153236 phase1=48 phase2=0 phase3=0 phase4=0 phase5=0
INVALIDATIONS cycle=1292426447 reason=1 phase0=111696 phase1=42 phase2=0 phase3=0 phase4=0 phase5=0
INVALIDATIONS cycle=1292426447 reason=2 phase0=1 phase1=0 phase2=0 phase3=0 phase4=0 phase5=0
INVALIDATIONS cycle=1292426447 reason=3 phase0=0 phase1=0 phase2=0 phase3=0 phase4=0 phase5=0
INVALIDATIONS cycle=1292426447 reason=4 phase0=0 phase1=0 phase2=0 phase3=0 phase4=0 phase5=0
INVALIDATIONS cycle=1292426447 reason=5 phase0=0 phase1=0 phase2=0 phase3=0 phase4=0 phase5=0
LIVE cycle=1294214511 kind=PREFIX phase=1 site=0 pc=7b1b46 reason=
LIVE cycle=1294404427 kind=INVALIDATE phase=1 site=0 pc=7b1b46 reason=MMU_REGISTERS
ADAPTER cycle=1296865014 request_samples=699476340 ack_samples=267875884 instruction_acks=106333065 data_acks=161542819 error_acks=0 fetched_bytes=355521124 dispatches=277000000 known_dispatches=177101117 ir_mismatch=3750129 signature_failures=0 secondary_skipped=205361 primary_mismatch_skipped=3750129 diagnostic_dropped=0 starts=0 stops=0 callbacks=0 returns=0 aborts=0 unmatched=0 prefix_aborts=91 prefix0=0 prefix1=91 prefix2=0 prefix3=0 prefix4=0 prefix5=0 invalidation0=153384 invalidation1=111876 invalidation2=1 invalidation3=0 invalidation4=0 invalidation5=0
INVALIDATIONS cycle=1296865014 reason=0 phase0=153335 phase1=49 phase2=0 phase3=0 phase4=0 phase5=0
INVALIDATIONS cycle=1296865014 reason=1 phase0=111834 phase1=42 phase2=0 phase3=0 phase4=0 phase5=0
INVALIDATIONS cycle=1296865014 reason=2 phase0=1 phase1=0 phase2=0 phase3=0 phase4=0 phase5=0
INVALIDATIONS cycle=1296865014 reason=3 phase0=0 phase1=0 phase2=0 phase3=0 phase4=0 phase5=0
INVALIDATIONS cycle=1296865014 reason=4 phase0=0 phase1=0 phase2=0 phase3=0 phase4=0 phase5=0
INVALIDATIONS cycle=1296865014 reason=5 phase0=0 phase1=0 phase2=0 phase3=0 phase4=0 phase5=0
LIVE cycle=1299700781 kind=PREFIX phase=1 site=0 pc=7b1b46 reason=
LIVE cycle=1299864426 kind=INVALIDATE phase=1 site=0 pc=7b1b46 reason=MMU_REGISTERS
ADAPTER cycle=1301707163 request_samples=702195508 ack_samples=269120856 instruction_acks=106871861 data_acks=162248995 error_acks=0 fetched_bytes=357327660 dispatches=278000000 known_dispatches=177627834 ir_mismatch=3764778 signature_failures=0 secondary_skipped=206117 primary_mismatch_skipped=3764778 diagnostic_dropped=0 starts=0 stops=0 callbacks=0 returns=0 aborts=0 unmatched=0 prefix_aborts=92 prefix0=0 prefix1=92 prefix2=0 prefix3=0 prefix4=0 prefix5=0 invalidation0=153564 invalidation1=112287 invalidation2=1 invalidation3=0 invalidation4=0 invalidation5=0
INVALIDATIONS cycle=1301707163 reason=0 phase0=153514 phase1=50 phase2=0 phase3=0 phase4=0 phase5=0
INVALIDATIONS cycle=1301707163 reason=1 phase0=112245 phase1=42 phase2=0 phase3=0 phase4=0 phase5=0
INVALIDATIONS cycle=1301707163 reason=2 phase0=1 phase1=0 phase2=0 phase3=0 phase4=0 phase5=0
INVALIDATIONS cycle=1301707163 reason=3 phase0=0 phase1=0 phase2=0 phase3=0 phase4=0 phase5=0
INVALIDATIONS cycle=1301707163 reason=4 phase0=0 phase1=0 phase2=0 phase3=0 phase4=0 phase5=0
INVALIDATIONS cycle=1301707163 reason=5 phase0=0 phase1=0 phase2=0 phase3=0 phase4=0 phase5=0
LIVE cycle=1305187656 kind=PREFIX phase=1 site=0 pc=7b1b46 reason=
LIVE cycle=1305298082 kind=INVALIDATE phase=1 site=0 pc=7b1b46 reason=PFLUSH_OR_CINV
ADAPTER cycle=1306262968 request_samples=704614165 ack_samples=270399768 instruction_acks=107438353 data_acks=162961415 error_acks=0 fetched_bytes=359197524 dispatches=279000000 known_dispatches=178158842 ir_mismatch=3781584 signature_failures=0 secondary_skipped=206615 primary_mismatch_skipped=3781584 diagnostic_dropped=0 starts=0 stops=0 callbacks=0 returns=0 aborts=0 unmatched=0 prefix_aborts=93 prefix0=0 prefix1=93 prefix2=0 prefix3=0 prefix4=0 prefix5=0 invalidation0=153674 invalidation1=112435 invalidation2=1 invalidation3=0 invalidation4=0 invalidation5=0
INVALIDATIONS cycle=1306262968 reason=0 phase0=153624 phase1=50 phase2=0 phase3=0 phase4=0 phase5=0
INVALIDATIONS cycle=1306262968 reason=1 phase0=112392 phase1=43 phase2=0 phase3=0 phase4=0 phase5=0
INVALIDATIONS cycle=1306262968 reason=2 phase0=1 phase1=0 phase2=0 phase3=0 phase4=0 phase5=0
INVALIDATIONS cycle=1306262968 reason=3 phase0=0 phase1=0 phase2=0 phase3=0 phase4=0 phase5=0
INVALIDATIONS cycle=1306262968 reason=4 phase0=0 phase1=0 phase2=0 phase3=0 phase4=0 phase5=0
INVALIDATIONS cycle=1306262968 reason=5 phase0=0 phase1=0 phase2=0 phase3=0 phase4=0 phase5=0
LIVE cycle=1310673345 kind=PREFIX phase=1 site=0 pc=7b1b46 reason=
LIVE cycle=1310784434 kind=INVALIDATE phase=1 site=0 pc=7b1b46 reason=MMU_REGISTERS
ADAPTER cycle=1310820543 request_samples=707047405 ack_samples=271679730 instruction_acks=108005523 data_acks=163674207 error_acks=0 fetched_bytes=361070672 dispatches=280000000 known_dispatches=178682709 ir_mismatch=3798482 signature_failures=0 secondary_skipped=207118 primary_mismatch_skipped=3798482 diagnostic_dropped=0 starts=0 stops=0 callbacks=0 returns=0 aborts=0 unmatched=0 prefix_aborts=94 prefix0=0 prefix1=94 prefix2=0 prefix3=0 prefix4=0 prefix5=0 invalidation0=153784 invalidation1=112494 invalidation2=1 invalidation3=0 invalidation4=0 invalidation5=0
INVALIDATIONS cycle=1310820543 reason=0 phase0=153733 phase1=51 phase2=0 phase3=0 phase4=0 phase5=0
INVALIDATIONS cycle=1310820543 reason=1 phase0=112451 phase1=43 phase2=0 phase3=0 phase4=0 phase5=0
INVALIDATIONS cycle=1310820543 reason=2 phase0=1 phase1=0 phase2=0 phase3=0 phase4=0 phase5=0
INVALIDATIONS cycle=1310820543 reason=3 phase0=0 phase1=0 phase2=0 phase3=0 phase4=0 phase5=0
INVALIDATIONS cycle=1310820543 reason=4 phase0=0 phase1=0 phase2=0 phase3=0 phase4=0 phase5=0
INVALIDATIONS cycle=1310820543 reason=5 phase0=0 phase1=0 phase2=0 phase3=0 phase4=0 phase5=0
ADAPTER cycle=1315376151 request_samples=709479216 ack_samples=272959571 instruction_acks=108572745 data_acks=164386826 error_acks=0 fetched_bytes=362944020 dispatches=281000000 known_dispatches=179213568 ir_mismatch=3815389 signature_failures=0 secondary_skipped=207616 primary_mismatch_skipped=3815389 diagnostic_dropped=0 starts=0 stops=0 callbacks=0 returns=0 aborts=0 unmatched=0 prefix_aborts=94 prefix0=0 prefix1=94 prefix2=0 prefix3=0 prefix4=0 prefix5=0 invalidation0=153884 invalidation1=112551 invalidation2=1 invalidation3=0 invalidation4=0 invalidation5=0
INVALIDATIONS cycle=1315376151 reason=0 phase0=153833 phase1=51 phase2=0 phase3=0 phase4=0 phase5=0
INVALIDATIONS cycle=1315376151 reason=1 phase0=112508 phase1=43 phase2=0 phase3=0 phase4=0 phase5=0
INVALIDATIONS cycle=1315376151 reason=2 phase0=1 phase1=0 phase2=0 phase3=0 phase4=0 phase5=0
INVALIDATIONS cycle=1315376151 reason=3 phase0=0 phase1=0 phase2=0 phase3=0 phase4=0 phase5=0
INVALIDATIONS cycle=1315376151 reason=4 phase0=0 phase1=0 phase2=0 phase3=0 phase4=0 phase5=0
INVALIDATIONS cycle=1315376151 reason=5 phase0=0 phase1=0 phase2=0 phase3=0 phase4=0 phase5=0
LIVE cycle=1316159600 kind=PREFIX phase=1 site=0 pc=7b1b46 reason=
LIVE cycle=1316244480 kind=INVALIDATE phase=1 site=0 pc=7b1b46 reason=MMU_REGISTERS
ADAPTER cycle=1319875817 request_samples=711889960 ack_samples=274205145 instruction_acks=109127325 data_acks=165077820 error_acks=0 fetched_bytes=364779900 dispatches=282000000 known_dispatches=179750542 ir_mismatch=3834208 signature_failures=0 secondary_skipped=208125 primary_mismatch_skipped=3834208 diagnostic_dropped=0 starts=0 stops=0 callbacks=0 returns=0 aborts=0 unmatched=0 prefix_aborts=95 prefix0=0 prefix1=95 prefix2=0 prefix3=0 prefix4=0 prefix5=0 invalidation0=154014 invalidation1=112640 invalidation2=1 invalidation3=0 invalidation4=0 invalidation5=0
INVALIDATIONS cycle=1319875817 reason=0 phase0=153962 phase1=52 phase2=0 phase3=0 phase4=0 phase5=0
INVALIDATIONS cycle=1319875817 reason=1 phase0=112597 phase1=43 phase2=0 phase3=0 phase4=0 phase5=0
INVALIDATIONS cycle=1319875817 reason=2 phase0=1 phase1=0 phase2=0 phase3=0 phase4=0 phase5=0
INVALIDATIONS cycle=1319875817 reason=3 phase0=0 phase1=0 phase2=0 phase3=0 phase4=0 phase5=0
INVALIDATIONS cycle=1319875817 reason=4 phase0=0 phase1=0 phase2=0 phase3=0 phase4=0 phase5=0
INVALIDATIONS cycle=1319875817 reason=5 phase0=0 phase1=0 phase2=0 phase3=0 phase4=0 phase5=0
LIVE cycle=1321646190 kind=PREFIX phase=1 site=0 pc=7b1b46 reason=
LIVE cycle=1321650797 kind=INVALIDATE phase=1 site=0 pc=7b1b46 reason=PFLUSH_OR_CINV
ADAPTER cycle=1324555416 request_samples=714436029 ack_samples=275462611 instruction_acks=109675783 data_acks=165786828 error_acks=0 fetched_bytes=366607592 dispatches=283000000 known_dispatches=180282781 ir_mismatch=3849664 signature_failures=0 secondary_skipped=208699 primary_mismatch_skipped=3849664 diagnostic_dropped=0 starts=0 stops=0 callbacks=0 returns=0 aborts=0 unmatched=0 prefix_aborts=96 prefix0=0 prefix1=96 prefix2=0 prefix3=0 prefix4=0 prefix5=0 invalidation0=154234 invalidation1=112826 invalidation2=1 invalidation3=0 invalidation4=0 invalidation5=0
INVALIDATIONS cycle=1324555416 reason=0 phase0=154182 phase1=52 phase2=0 phase3=0 phase4=0 phase5=0
INVALIDATIONS cycle=1324555416 reason=1 phase0=112782 phase1=44 phase2=0 phase3=0 phase4=0 phase5=0
INVALIDATIONS cycle=1324555416 reason=2 phase0=1 phase1=0 phase2=0 phase3=0 phase4=0 phase5=0
INVALIDATIONS cycle=1324555416 reason=3 phase0=0 phase1=0 phase2=0 phase3=0 phase4=0 phase5=0
INVALIDATIONS cycle=1324555416 reason=4 phase0=0 phase1=0 phase2=0 phase3=0 phase4=0 phase5=0
INVALIDATIONS cycle=1324555416 reason=5 phase0=0 phase1=0 phase2=0 phase3=0 phase4=0 phase5=0
LIVE cycle=1327132184 kind=PREFIX phase=1 site=0 pc=7b1b46 reason=
LIVE cycle=1327164436 kind=INVALIDATE phase=1 site=0 pc=7b1b46 reason=MMU_REGISTERS
ADAPTER cycle=1329166133 request_samples=716944214 ack_samples=276728113 instruction_acks=110234411 data_acks=166493702 error_acks=0 fetched_bytes=368457930 dispatches=284000000 known_dispatches=180806433 ir_mismatch=3865809 signature_failures=0 secondary_skipped=209253 primary_mismatch_skipped=3865809 diagnostic_dropped=0 starts=0 stops=0 callbacks=0 returns=0 aborts=0 unmatched=0 prefix_aborts=97 prefix0=0 prefix1=97 prefix2=0 prefix3=0 prefix4=0 prefix5=0 invalidation0=154344 invalidation1=112895 invalidation2=1 invalidation3=0 invalidation4=0 invalidation5=0
INVALIDATIONS cycle=1329166133 reason=0 phase0=154291 phase1=53 phase2=0 phase3=0 phase4=0 phase5=0
INVALIDATIONS cycle=1329166133 reason=1 phase0=112851 phase1=44 phase2=0 phase3=0 phase4=0 phase5=0
INVALIDATIONS cycle=1329166133 reason=2 phase0=1 phase1=0 phase2=0 phase3=0 phase4=0 phase5=0
INVALIDATIONS cycle=1329166133 reason=3 phase0=0 phase1=0 phase2=0 phase3=0 phase4=0 phase5=0
INVALIDATIONS cycle=1329166133 reason=4 phase0=0 phase1=0 phase2=0 phase3=0 phase4=0 phase5=0
INVALIDATIONS cycle=1329166133 reason=5 phase0=0 phase1=0 phase2=0 phase3=0 phase4=0 phase5=0
LIVE cycle=1332618436 kind=PREFIX phase=1 site=0 pc=7b1b46 reason=
LIVE cycle=1332624424 kind=INVALIDATE phase=1 site=0 pc=7b1b46 reason=MMU_REGISTERS
ADAPTER cycle=1333759349 request_samples=719429856 ack_samples=278002349 instruction_acks=110797587 data_acks=167204762 error_acks=0 fetched_bytes=370322206 dispatches=285000000 known_dispatches=181342596 ir_mismatch=3882577 signature_failures=0 secondary_skipped=209919 primary_mismatch_skipped=3882577 diagnostic_dropped=0 starts=0 stops=0 callbacks=0 returns=0 aborts=0 unmatched=0 prefix_aborts=98 prefix0=0 prefix1=98 prefix2=0 prefix3=0 prefix4=0 prefix5=0 invalidation0=154454 invalidation1=112957 invalidation2=1 invalidation3=0 invalidation4=0 invalidation5=0
INVALIDATIONS cycle=1333759349 reason=0 phase0=154400 phase1=54 phase2=0 phase3=0 phase4=0 phase5=0
INVALIDATIONS cycle=1333759349 reason=1 phase0=112913 phase1=44 phase2=0 phase3=0 phase4=0 phase5=0
INVALIDATIONS cycle=1333759349 reason=2 phase0=1 phase1=0 phase2=0 phase3=0 phase4=0 phase5=0
INVALIDATIONS cycle=1333759349 reason=3 phase0=0 phase1=0 phase2=0 phase3=0 phase4=0 phase5=0
INVALIDATIONS cycle=1333759349 reason=4 phase0=0 phase1=0 phase2=0 phase3=0 phase4=0 phase5=0
INVALIDATIONS cycle=1333759349 reason=5 phase0=0 phase1=0 phase2=0 phase3=0 phase4=0 phase5=0
LIVE cycle=1338105309 kind=PREFIX phase=1 site=0 pc=7b1b46 reason=
ADAPTER cycle=1338306559 request_samples=721851014 ack_samples=279282616 instruction_acks=111364843 data_acks=167917773 error_acks=0 fetched_bytes=372195116 dispatches=286000000 known_dispatches=181876748 ir_mismatch=3899418 signature_failures=0 secondary_skipped=210422 primary_mismatch_skipped=3899418 diagnostic_dropped=0 starts=0 stops=0 callbacks=0 returns=0 aborts=0 unmatched=0 prefix_aborts=98 prefix0=0 prefix1=99 prefix2=0 prefix3=0 prefix4=0 prefix5=0 invalidation0=154564 invalidation1=113016 invalidation2=1 invalidation3=0 invalidation4=0 invalidation5=0
INVALIDATIONS cycle=1338306559 reason=0 phase0=154510 phase1=54 phase2=0 phase3=0 phase4=0 phase5=0
INVALIDATIONS cycle=1338306559 reason=1 phase0=112972 phase1=44 phase2=0 phase3=0 phase4=0 phase5=0
INVALIDATIONS cycle=1338306559 reason=2 phase0=1 phase1=0 phase2=0 phase3=0 phase4=0 phase5=0
INVALIDATIONS cycle=1338306559 reason=3 phase0=0 phase1=0 phase2=0 phase3=0 phase4=0 phase5=0
INVALIDATIONS cycle=1338306559 reason=4 phase0=0 phase1=0 phase2=0 phase3=0 phase4=0 phase5=0
INVALIDATIONS cycle=1338306559 reason=5 phase0=0 phase1=0 phase2=0 phase3=0 phase4=0 phase5=0
LIVE cycle=1338504426 kind=INVALIDATE phase=1 site=0 pc=7b1b46 reason=MMU_REGISTERS
ADAPTER cycle=1342861178 request_samples=724281000 ack_samples=280562865 instruction_acks=111932234 data_acks=168630631 error_acks=0 fetched_bytes=374068898 dispatches=287000000 known_dispatches=182412828 ir_mismatch=3916338 signature_failures=0 secondary_skipped=210926 primary_mismatch_skipped=3916338 diagnostic_dropped=0 starts=0 stops=0 callbacks=0 returns=0 aborts=0 unmatched=0 prefix_aborts=99 prefix0=0 prefix1=99 prefix2=0 prefix3=0 prefix4=0 prefix5=0 invalidation0=154674 invalidation1=113075 invalidation2=1 invalidation3=0 invalidation4=0 invalidation5=0
INVALIDATIONS cycle=1342861178 reason=0 phase0=154619 phase1=55 phase2=0 phase3=0 phase4=0 phase5=0
INVALIDATIONS cycle=1342861178 reason=1 phase0=113031 phase1=44 phase2=0 phase3=0 phase4=0 phase5=0
INVALIDATIONS cycle=1342861178 reason=2 phase0=1 phase1=0 phase2=0 phase3=0 phase4=0 phase5=0
INVALIDATIONS cycle=1342861178 reason=3 phase0=0 phase1=0 phase2=0 phase3=0 phase4=0 phase5=0
INVALIDATIONS cycle=1342861178 reason=4 phase0=0 phase1=0 phase2=0 phase3=0 phase4=0 phase5=0
INVALIDATIONS cycle=1342861178 reason=5 phase0=0 phase1=0 phase2=0 phase3=0 phase4=0 phase5=0
LIVE cycle=1343591013 kind=PREFIX phase=1 site=0 pc=7b1b46 reason=
LIVE cycle=1343964430 kind=INVALIDATE phase=1 site=0 pc=7b1b46 reason=MMU_REGISTERS
ADAPTER cycle=1347448156 request_samples=726735651 ack_samples=281817327 instruction_acks=112480529 data_acks=169336798 error_acks=0 fetched_bytes=375892818 dispatches=288000000 known_dispatches=182937427 ir_mismatch=3931913 signature_failures=0 secondary_skipped=211504 primary_mismatch_skipped=3931913 diagnostic_dropped=0 starts=0 stops=0 callbacks=0 returns=0 aborts=0 unmatched=0 prefix_aborts=100 prefix0=0 prefix1=100 prefix2=0 prefix3=0 prefix4=0 prefix5=0 invalidation0=154894 invalidation1=113192 invalidation2=1 invalidation3=0 invalidation4=0 invalidation5=0
INVALIDATIONS cycle=1347448156 reason=0 phase0=154838 phase1=56 phase2=0 phase3=0 phase4=0 phase5=0
INVALIDATIONS cycle=1347448156 reason=1 phase0=113148 phase1=44 phase2=0 phase3=0 phase4=0 phase5=0
INVALIDATIONS cycle=1347448156 reason=2 phase0=1 phase1=0 phase2=0 phase3=0 phase4=0 phase5=0
INVALIDATIONS cycle=1347448156 reason=3 phase0=0 phase1=0 phase2=0 phase3=0 phase4=0 phase5=0
INVALIDATIONS cycle=1347448156 reason=4 phase0=0 phase1=0 phase2=0 phase3=0 phase4=0 phase5=0
INVALIDATIONS cycle=1347448156 reason=5 phase0=0 phase1=0 phase2=0 phase3=0 phase4=0 phase5=0
LIVE cycle=1349077309 kind=PREFIX phase=1 site=0 pc=7b1b46 reason=
LIVE cycle=1349397919 kind=INVALIDATE phase=1 site=0 pc=7b1b46 reason=MMU_REGISTERS
ADAPTER cycle=1353206292 request_samples=730504488 ack_samples=282965826 instruction_acks=112957933 data_acks=170007893 error_acks=0 fetched_bytes=377532784 dispatches=289000000 known_dispatches=183528158 ir_mismatch=3943341 signature_failures=0 secondary_skipped=212377 primary_mismatch_skipped=3943341 diagnostic_dropped=0 starts=0 stops=0 callbacks=0 returns=0 aborts=0 unmatched=0 prefix_aborts=101 prefix0=0 prefix1=101 prefix2=0 prefix3=0 prefix4=0 prefix5=0 invalidation0=155084 invalidation1=113933 invalidation2=1 invalidation3=0 invalidation4=0 invalidation5=0
INVALIDATIONS cycle=1353206292 reason=0 phase0=155027 phase1=57 phase2=0 phase3=0 phase4=0 phase5=0
INVALIDATIONS cycle=1353206292 reason=1 phase0=113889 phase1=44 phase2=0 phase3=0 phase4=0 phase5=0
INVALIDATIONS cycle=1353206292 reason=2 phase0=1 phase1=0 phase2=0 phase3=0 phase4=0 phase5=0
INVALIDATIONS cycle=1353206292 reason=3 phase0=0 phase1=0 phase2=0 phase3=0 phase4=0 phase5=0
INVALIDATIONS cycle=1353206292 reason=4 phase0=0 phase1=0 phase2=0 phase3=0 phase4=0 phase5=0
INVALIDATIONS cycle=1353206292 reason=5 phase0=0 phase1=0 phase2=0 phase3=0 phase4=0 phase5=0
LIVE cycle=1354563701 kind=PREFIX phase=1 site=0 pc=7b1b46 reason=
LIVE cycle=1354602284 kind=INVALIDATE phase=1 site=0 pc=7b1b46 reason=PFLUSH_OR_CINV
ADAPTER cycle=1359828194 request_samples=735467549 ack_samples=283995261 instruction_acks=113349198 data_acks=170646063 error_acks=0 fetched_bytes=378959008 dispatches=290000000 known_dispatches=184141488 ir_mismatch=3946245 signature_failures=0 secondary_skipped=214226 primary_mismatch_skipped=3946245 diagnostic_dropped=0 starts=0 stops=0 callbacks=0 returns=0 aborts=0 unmatched=0 prefix_aborts=102 prefix0=0 prefix1=102 prefix2=0 prefix3=0 prefix4=0 prefix5=0 invalidation0=155234 invalidation1=114564 invalidation2=1 invalidation3=0 invalidation4=0 invalidation5=0
INVALIDATIONS cycle=1359828194 reason=0 phase0=155177 phase1=57 phase2=0 phase3=0 phase4=0 phase5=0
INVALIDATIONS cycle=1359828194 reason=1 phase0=114519 phase1=45 phase2=0 phase3=0 phase4=0 phase5=0
INVALIDATIONS cycle=1359828194 reason=2 phase0=1 phase1=0 phase2=0 phase3=0 phase4=0 phase5=0
INVALIDATIONS cycle=1359828194 reason=3 phase0=0 phase1=0 phase2=0 phase3=0 phase4=0 phase5=0
INVALIDATIONS cycle=1359828194 reason=4 phase0=0 phase1=0 phase2=0 phase3=0 phase4=0 phase5=0
INVALIDATIONS cycle=1359828194 reason=5 phase0=0 phase1=0 phase2=0 phase3=0 phase4=0 phase5=0
LIVE cycle=1360050401 kind=PREFIX phase=1 site=0 pc=7b1b46 reason=
LIVE cycle=1360082381 kind=INVALIDATE phase=1 site=0 pc=7b1b46 reason=PFLUSH_OR_CINV
ADAPTER cycle=1365276888 request_samples=738679577 ack_samples=285437837 instruction_acks=113966694 data_acks=171471143 error_acks=0 fetched_bytes=380803396 dispatches=291000000 known_dispatches=184759805 ir_mismatch=3948527 signature_failures=0 secondary_skipped=214574 primary_mismatch_skipped=3948527 diagnostic_dropped=0 starts=0 stops=0 callbacks=0 returns=0 aborts=0 unmatched=0 prefix_aborts=103 prefix0=0 prefix1=103 prefix2=0 prefix3=0 prefix4=0 prefix5=0 invalidation0=155884 invalidation1=115355 invalidation2=1 invalidation3=0 invalidation4=0 invalidation5=0
INVALIDATIONS cycle=1365276888 reason=0 phase0=155827 phase1=57 phase2=0 phase3=0 phase4=0 phase5=0
INVALIDATIONS cycle=1365276888 reason=1 phase0=115309 phase1=46 phase2=0 phase3=0 phase4=0 phase5=0
INVALIDATIONS cycle=1365276888 reason=2 phase0=1 phase1=0 phase2=0 phase3=0 phase4=0 phase5=0
INVALIDATIONS cycle=1365276888 reason=3 phase0=0 phase1=0 phase2=0 phase3=0 phase4=0 phase5=0
INVALIDATIONS cycle=1365276888 reason=4 phase0=0 phase1=0 phase2=0 phase3=0 phase4=0 phase5=0
INVALIDATIONS cycle=1365276888 reason=5 phase0=0 phase1=0 phase2=0 phase3=0 phase4=0 phase5=0
LIVE cycle=1365536205 kind=PREFIX phase=1 site=0 pc=7b1b46 reason=
LIVE cycle=1365540980 kind=INVALIDATE phase=1 site=0 pc=7b1b46 reason=MMU_REGISTERS
ADAPTER cycle=1370872443 request_samples=742362667 ack_samples=286583301 instruction_acks=114415497 data_acks=172167804 error_acks=0 fetched_bytes=382344196 dispatches=292000000 known_dispatches=185332713 ir_mismatch=3953200 signature_failures=0 secondary_skipped=215304 primary_mismatch_skipped=3953200 diagnostic_dropped=0 starts=0 stops=0 callbacks=0 returns=0 aborts=0 unmatched=0 prefix_aborts=104 prefix0=0 prefix1=104 prefix2=0 prefix3=0 prefix4=0 prefix5=0 invalidation0=157664 invalidation1=116032 invalidation2=1 invalidation3=0 invalidation4=0 invalidation5=0
INVALIDATIONS cycle=1370872443 reason=0 phase0=157606 phase1=58 phase2=0 phase3=0 phase4=0 phase5=0
INVALIDATIONS cycle=1370872443 reason=1 phase0=115986 phase1=46 phase2=0 phase3=0 phase4=0 phase5=0
INVALIDATIONS cycle=1370872443 reason=2 phase0=1 phase1=0 phase2=0 phase3=0 phase4=0 phase5=0
INVALIDATIONS cycle=1370872443 reason=3 phase0=0 phase1=0 phase2=0 phase3=0 phase4=0 phase5=0
INVALIDATIONS cycle=1370872443 reason=4 phase0=0 phase1=0 phase2=0 phase3=0 phase4=0 phase5=0
INVALIDATIONS cycle=1370872443 reason=5 phase0=0 phase1=0 phase2=0 phase3=0 phase4=0 phase5=0
LIVE cycle=1371023231 kind=PREFIX phase=1 site=0 pc=7b1b46 reason=
LIVE cycle=1371024365 kind=INVALIDATE phase=1 site=0 pc=7b1b46 reason=PFLUSH_OR_CINV
ADAPTER cycle=1375962772 request_samples=745339279 ack_samples=287854834 instruction_acks=114961505 data_acks=172893329 error_acks=0 fetched_bytes=384174978 dispatches=293000000 known_dispatches=185883623 ir_mismatch=3968281 signature_failures=0 secondary_skipped=216295 primary_mismatch_skipped=3968281 diagnostic_dropped=0 starts=0 stops=0 callbacks=0 returns=0 aborts=0 unmatched=0 prefix_aborts=105 prefix0=0 prefix1=105 prefix2=0 prefix3=0 prefix4=0 prefix5=0 invalidation0=157794 invalidation1=116635 invalidation2=1 invalidation3=0 invalidation4=0 invalidation5=0
INVALIDATIONS cycle=1375962772 reason=0 phase0=157736 phase1=58 phase2=0 phase3=0 phase4=0 phase5=0
INVALIDATIONS cycle=1375962772 reason=1 phase0=116588 phase1=47 phase2=0 phase3=0 phase4=0 phase5=0
INVALIDATIONS cycle=1375962772 reason=2 phase0=1 phase1=0 phase2=0 phase3=0 phase4=0 phase5=0
INVALIDATIONS cycle=1375962772 reason=3 phase0=0 phase1=0 phase2=0 phase3=0 phase4=0 phase5=0
INVALIDATIONS cycle=1375962772 reason=4 phase0=0 phase1=0 phase2=0 phase3=0 phase4=0 phase5=0
INVALIDATIONS cycle=1375962772 reason=5 phase0=0 phase1=0 phase2=0 phase3=0 phase4=0 phase5=0
LIVE cycle=1376508700 kind=PREFIX phase=1 site=0 pc=7b1b46 reason=
LIVE cycle=1376724468 kind=INVALIDATE phase=1 site=0 pc=7b1b46 reason=MMU_REGISTERS
ADAPTER cycle=1380273729 request_samples=747471297 ack_samples=289152569 instruction_acks=115543466 data_acks=173609103 error_acks=0 fetched_bytes=386080250 dispatches=294000000 known_dispatches=186396522 ir_mismatch=3986273 signature_failures=0 secondary_skipped=216553 primary_mismatch_skipped=3986273 diagnostic_dropped=0 starts=0 stops=0 callbacks=0 returns=0 aborts=0 unmatched=0 prefix_aborts=106 prefix0=0 prefix1=106 prefix2=0 prefix3=0 prefix4=0 prefix5=0 invalidation0=157894 invalidation1=116661 invalidation2=1 invalidation3=0 invalidation4=0 invalidation5=0
INVALIDATIONS cycle=1380273729 reason=0 phase0=157835 phase1=59 phase2=0 phase3=0 phase4=0 phase5=0
INVALIDATIONS cycle=1380273729 reason=1 phase0=116614 phase1=47 phase2=0 phase3=0 phase4=0 phase5=0
INVALIDATIONS cycle=1380273729 reason=2 phase0=1 phase1=0 phase2=0 phase3=0 phase4=0 phase5=0
INVALIDATIONS cycle=1380273729 reason=3 phase0=0 phase1=0 phase2=0 phase3=0 phase4=0 phase5=0
INVALIDATIONS cycle=1380273729 reason=4 phase0=0 phase1=0 phase2=0 phase3=0 phase4=0 phase5=0
INVALIDATIONS cycle=1380273729 reason=5 phase0=0 phase1=0 phase2=0 phase3=0 phase4=0 phase5=0
LIVE cycle=1381994973 kind=PREFIX phase=1 site=0 pc=7b1b46 reason=
LIVE cycle=1382184431 kind=INVALIDATE phase=1 site=0 pc=7b1b46 reason=MMU_REGISTERS
ADAPTER cycle=1384639016 request_samples=749700853 ack_samples=290418707 instruction_acks=116111677 data_acks=174307030 error_acks=0 fetched_bytes=387949976 dispatches=295000000 known_dispatches=186924841 ir_mismatch=4006127 signature_failures=0 secondary_skipped=216841 primary_mismatch_skipped=4006127 diagnostic_dropped=0 starts=0 stops=0 callbacks=0 returns=0 aborts=0 unmatched=0 prefix_aborts=107 prefix0=0 prefix1=107 prefix2=0 prefix3=0 prefix4=0 prefix5=0 invalidation0=158014 invalidation1=116747 invalidation2=1 invalidation3=0 invalidation4=0 invalidation5=0
INVALIDATIONS cycle=1384639016 reason=0 phase0=157954 phase1=60 phase2=0 phase3=0 phase4=0 phase5=0
INVALIDATIONS cycle=1384639016 reason=1 phase0=116700 phase1=47 phase2=0 phase3=0 phase4=0 phase5=0
INVALIDATIONS cycle=1384639016 reason=2 phase0=1 phase1=0 phase2=0 phase3=0 phase4=0 phase5=0
INVALIDATIONS cycle=1384639016 reason=3 phase0=0 phase1=0 phase2=0 phase3=0 phase4=0 phase5=0
INVALIDATIONS cycle=1384639016 reason=4 phase0=0 phase1=0 phase2=0 phase3=0 phase4=0 phase5=0
INVALIDATIONS cycle=1384639016 reason=5 phase0=0 phase1=0 phase2=0 phase3=0 phase4=0 phase5=0
LIVE cycle=1387481270 kind=PREFIX phase=1 site=0 pc=7b1b46 reason=
LIVE cycle=1387644442 kind=INVALIDATE phase=1 site=0 pc=7b1b46 reason=MMU_REGISTERS
ADAPTER cycle=1389009769 request_samples=751899055 ack_samples=291717412 instruction_acks=116692814 data_acks=175024598 error_acks=0 fetched_bytes=389855494 dispatches=296000000 known_dispatches=187450878 ir_mismatch=4024021 signature_failures=0 secondary_skipped=217111 primary_mismatch_skipped=4024021 diagnostic_dropped=0 starts=0 stops=0 callbacks=0 returns=0 aborts=0 unmatched=0 prefix_aborts=108 prefix0=0 prefix1=108 prefix2=0 prefix3=0 prefix4=0 prefix5=0 invalidation0=158124 invalidation1=116781 invalidation2=1 invalidation3=0 invalidation4=0 invalidation5=0
INVALIDATIONS cycle=1389009769 reason=0 phase0=158063 phase1=61 phase2=0 phase3=0 phase4=0 phase5=0
INVALIDATIONS cycle=1389009769 reason=1 phase0=116734 phase1=47 phase2=0 phase3=0 phase4=0 phase5=0
INVALIDATIONS cycle=1389009769 reason=2 phase0=1 phase1=0 phase2=0 phase3=0 phase4=0 phase5=0
INVALIDATIONS cycle=1389009769 reason=3 phase0=0 phase1=0 phase2=0 phase3=0 phase4=0 phase5=0
INVALIDATIONS cycle=1389009769 reason=4 phase0=0 phase1=0 phase2=0 phase3=0 phase4=0 phase5=0
INVALIDATIONS cycle=1389009769 reason=5 phase0=0 phase1=0 phase2=0 phase3=0 phase4=0 phase5=0
LIVE cycle=1392967519 kind=PREFIX phase=1 site=0 pc=7b1b46 reason=
LIVE cycle=1393104432 kind=INVALIDATE phase=1 site=0 pc=7b1b46 reason=MMU_REGISTERS
ADAPTER cycle=1393322258 request_samples=754032494 ack_samples=293015233 instruction_acks=117274844 data_acks=175740389 error_acks=0 fetched_bytes=391760990 dispatches=297000000 known_dispatches=187969806 ir_mismatch=4042006 signature_failures=0 secondary_skipped=217369 primary_mismatch_skipped=4042006 diagnostic_dropped=0 starts=0 stops=0 callbacks=0 returns=0 aborts=0 unmatched=0 prefix_aborts=109 prefix0=0 prefix1=109 prefix2=0 prefix3=0 prefix4=0 prefix5=0 invalidation0=158224 invalidation1=116807 invalidation2=1 invalidation3=0 invalidation4=0 invalidation5=0
INVALIDATIONS cycle=1393322258 reason=0 phase0=158162 phase1=62 phase2=0 phase3=0 phase4=0 phase5=0
INVALIDATIONS cycle=1393322258 reason=1 phase0=116760 phase1=47 phase2=0 phase3=0 phase4=0 phase5=0
INVALIDATIONS cycle=1393322258 reason=2 phase0=1 phase1=0 phase2=0 phase3=0 phase4=0 phase5=0
INVALIDATIONS cycle=1393322258 reason=3 phase0=0 phase1=0 phase2=0 phase3=0 phase4=0 phase5=0
INVALIDATIONS cycle=1393322258 reason=4 phase0=0 phase1=0 phase2=0 phase3=0 phase4=0 phase5=0
INVALIDATIONS cycle=1393322258 reason=5 phase0=0 phase1=0 phase2=0 phase3=0 phase4=0 phase5=0
ADAPTER cycle=1397757795 request_samples=756302003 ack_samples=294316219 instruction_acks=117855571 data_acks=176460648 error_acks=0 fetched_bytes=393668784 dispatches=298000000 known_dispatches=188501567 ir_mismatch=4059795 signature_failures=0 secondary_skipped=217651 primary_mismatch_skipped=4059795 diagnostic_dropped=0 starts=0 stops=0 callbacks=0 returns=0 aborts=0 unmatched=0 prefix_aborts=109 prefix0=0 prefix1=109 prefix2=0 prefix3=0 prefix4=0 prefix5=0 invalidation0=158334 invalidation1=116847 invalidation2=1 invalidation3=0 invalidation4=0 invalidation5=0
INVALIDATIONS cycle=1397757795 reason=0 phase0=158272 phase1=62 phase2=0 phase3=0 phase4=0 phase5=0
INVALIDATIONS cycle=1397757795 reason=1 phase0=116800 phase1=47 phase2=0 phase3=0 phase4=0 phase5=0
INVALIDATIONS cycle=1397757795 reason=2 phase0=1 phase1=0 phase2=0 phase3=0 phase4=0 phase5=0
INVALIDATIONS cycle=1397757795 reason=3 phase0=0 phase1=0 phase2=0 phase3=0 phase4=0 phase5=0
INVALIDATIONS cycle=1397757795 reason=4 phase0=0 phase1=0 phase2=0 phase3=0 phase4=0 phase5=0
INVALIDATIONS cycle=1397757795 reason=5 phase0=0 phase1=0 phase2=0 phase3=0 phase4=0 phase5=0
LIVE cycle=1398453818 kind=PREFIX phase=1 site=0 pc=7b1b46 reason=
LIVE cycle=1398564504 kind=INVALIDATE phase=1 site=0 pc=7b1b46 reason=MMU_REGISTERS
ADAPTER cycle=1402071800 request_samples=758436833 ack_samples=295613973 instruction_acks=118437528 data_acks=177176445 error_acks=0 fetched_bytes=395574048 dispatches=299000000 known_dispatches=189012134 ir_mismatch=4077786 signature_failures=0 secondary_skipped=217909 primary_mismatch_skipped=4077786 diagnostic_dropped=0 starts=0 stops=0 callbacks=0 returns=0 aborts=0 unmatched=0 prefix_aborts=110 prefix0=0 prefix1=110 prefix2=0 prefix3=0 prefix4=0 prefix5=0 invalidation0=158434 invalidation1=116873 invalidation2=1 invalidation3=0 invalidation4=0 invalidation5=0
INVALIDATIONS cycle=1402071800 reason=0 phase0=158371 phase1=63 phase2=0 phase3=0 phase4=0 phase5=0
INVALIDATIONS cycle=1402071800 reason=1 phase0=116826 phase1=47 phase2=0 phase3=0 phase4=0 phase5=0
INVALIDATIONS cycle=1402071800 reason=2 phase0=1 phase1=0 phase2=0 phase3=0 phase4=0 phase5=0
INVALIDATIONS cycle=1402071800 reason=3 phase0=0 phase1=0 phase2=0 phase3=0 phase4=0 phase5=0
INVALIDATIONS cycle=1402071800 reason=4 phase0=0 phase1=0 phase2=0 phase3=0 phase4=0 phase5=0
INVALIDATIONS cycle=1402071800 reason=5 phase0=0 phase1=0 phase2=0 phase3=0 phase4=0 phase5=0
LIVE cycle=1403940227 kind=PREFIX phase=1 site=0 pc=7b1b46 reason=
LIVE cycle=1404024429 kind=INVALIDATE phase=1 site=0 pc=7b1b46 reason=MMU_REGISTERS
ADAPTER cycle=1406441853 request_samples=760633868 ack_samples=296913273 instruction_acks=119018896 data_acks=177894377 error_acks=0 fetched_bytes=397480238 dispatches=300000000 known_dispatches=189532567 ir_mismatch=4095703 signature_failures=0 secondary_skipped=218179 primary_mismatch_skipped=4095703 diagnostic_dropped=0 starts=0 stops=0 callbacks=0 returns=0 aborts=0 unmatched=0 prefix_aborts=111 prefix0=0 prefix1=111 prefix2=0 prefix3=0 prefix4=0 prefix5=0 invalidation0=158534 invalidation1=116905 invalidation2=1 invalidation3=0 invalidation4=0 invalidation5=0
INVALIDATIONS cycle=1406441853 reason=0 phase0=158470 phase1=64 phase2=0 phase3=0 phase4=0 phase5=0
INVALIDATIONS cycle=1406441853 reason=1 phase0=116858 phase1=47 phase2=0 phase3=0 phase4=0 phase5=0
INVALIDATIONS cycle=1406441853 reason=2 phase0=1 phase1=0 phase2=0 phase3=0 phase4=0 phase5=0
INVALIDATIONS cycle=1406441853 reason=3 phase0=0 phase1=0 phase2=0 phase3=0 phase4=0 phase5=0
INVALIDATIONS cycle=1406441853 reason=4 phase0=0 phase1=0 phase2=0 phase3=0 phase4=0 phase5=0
INVALIDATIONS cycle=1406441853 reason=5 phase0=0 phase1=0 phase2=0 phase3=0 phase4=0 phase5=0
LIVE cycle=1409426395 kind=PREFIX phase=1 site=0 pc=7b1b46 reason=
LIVE cycle=1409484434 kind=INVALIDATE phase=1 site=0 pc=7b1b46 reason=MMU_REGISTERS
ADAPTER cycle=1410808952 request_samples=762828108 ack_samples=298212477 instruction_acks=119600232 data_acks=178612245 error_acks=0 fetched_bytes=399386344 dispatches=301000000 known_dispatches=190050665 ir_mismatch=4113608 signature_failures=0 secondary_skipped=218449 primary_mismatch_skipped=4113608 diagnostic_dropped=0 starts=0 stops=0 callbacks=0 returns=0 aborts=0 unmatched=0 prefix_aborts=112 prefix0=0 prefix1=112 prefix2=0 prefix3=0 prefix4=0 prefix5=0 invalidation0=158644 invalidation1=116939 invalidation2=1 invalidation3=0 invalidation4=0 invalidation5=0
INVALIDATIONS cycle=1410808952 reason=0 phase0=158579 phase1=65 phase2=0 phase3=0 phase4=0 phase5=0
INVALIDATIONS cycle=1410808952 reason=1 phase0=116892 phase1=47 phase2=0 phase3=0 phase4=0 phase5=0
INVALIDATIONS cycle=1410808952 reason=2 phase0=1 phase1=0 phase2=0 phase3=0 phase4=0 phase5=0
INVALIDATIONS cycle=1410808952 reason=3 phase0=0 phase1=0 phase2=0 phase3=0 phase4=0 phase5=0
INVALIDATIONS cycle=1410808952 reason=4 phase0=0 phase1=0 phase2=0 phase3=0 phase4=0 phase5=0
INVALIDATIONS cycle=1410808952 reason=5 phase0=0 phase1=0 phase2=0 phase3=0 phase4=0 phase5=0
LIVE cycle=1414913173 kind=PREFIX phase=1 site=0 pc=7b1b46 reason=
LIVE cycle=1414944804 kind=INVALIDATE phase=1 site=0 pc=7b1b46 reason=MMU_REGISTERS
ADAPTER cycle=1415563587 request_samples=765428507 ack_samples=299471915 instruction_acks=120147907 data_acks=179324008 error_acks=0 fetched_bytes=401214612 dispatches=302000000 known_dispatches=190585221 ir_mismatch=4128970 signature_failures=0 secondary_skipped=219041 primary_mismatch_skipped=4128970 diagnostic_dropped=0 starts=0 stops=0 callbacks=0 returns=0 aborts=0 unmatched=0 prefix_aborts=113 prefix0=0 prefix1=113 prefix2=0 prefix3=0 prefix4=0 prefix5=0 invalidation0=158864 invalidation1=117379 invalidation2=1 invalidation3=0 invalidation4=0 invalidation5=0
INVALIDATIONS cycle=1415563587 reason=0 phase0=158798 phase1=66 phase2=0 phase3=0 phase4=0 phase5=0
INVALIDATIONS cycle=1415563587 reason=1 phase0=117332 phase1=47 phase2=0 phase3=0 phase4=0 phase5=0
INVALIDATIONS cycle=1415563587 reason=2 phase0=1 phase1=0 phase2=0 phase3=0 phase4=0 phase5=0
INVALIDATIONS cycle=1415563587 reason=3 phase0=0 phase1=0 phase2=0 phase3=0 phase4=0 phase5=0
INVALIDATIONS cycle=1415563587 reason=4 phase0=0 phase1=0 phase2=0 phase3=0 phase4=0 phase5=0
INVALIDATIONS cycle=1415563587 reason=5 phase0=0 phase1=0 phase2=0 phase3=0 phase4=0 phase5=0
ADAPTER cycle=1420177139 request_samples=767939719 ack_samples=300747823 instruction_acks=120712066 data_acks=180035757 error_acks=0 fetched_bytes=403084472 dispatches=303000000 known_dispatches=191133997 ir_mismatch=4145697 signature_failures=0 secondary_skipped=219746 primary_mismatch_skipped=4145697 diagnostic_dropped=0 starts=0 stops=0 callbacks=0 returns=0 aborts=0 unmatched=0 prefix_aborts=113 prefix0=0 prefix1=113 prefix2=0 prefix3=0 prefix4=0 prefix5=0 invalidation0=158974 invalidation1=117454 invalidation2=1 invalidation3=0 invalidation4=0 invalidation5=0
INVALIDATIONS cycle=1420177139 reason=0 phase0=158908 phase1=66 phase2=0 phase3=0 phase4=0 phase5=0
INVALIDATIONS cycle=1420177139 reason=1 phase0=117407 phase1=47 phase2=0 phase3=0 phase4=0 phase5=0
INVALIDATIONS cycle=1420177139 reason=2 phase0=1 phase1=0 phase2=0 phase3=0 phase4=0 phase5=0
INVALIDATIONS cycle=1420177139 reason=3 phase0=0 phase1=0 phase2=0 phase3=0 phase4=0 phase5=0
INVALIDATIONS cycle=1420177139 reason=4 phase0=0 phase1=0 phase2=0 phase3=0 phase4=0 phase5=0
INVALIDATIONS cycle=1420177139 reason=5 phase0=0 phase1=0 phase2=0 phase3=0 phase4=0 phase5=0
LIVE cycle=1420398933 kind=PREFIX phase=1 site=0 pc=7b1b46 reason=
LIVE cycle=1420404444 kind=INVALIDATE phase=1 site=0 pc=7b1b46 reason=MMU_REGISTERS
ADAPTER cycle=1424703941 request_samples=770336797 ack_samples=302033040 instruction_acks=121283397 data_acks=180749643 error_acks=0 fetched_bytes=404969884 dispatches=304000000 known_dispatches=191664841 ir_mismatch=4162896 signature_failures=0 secondary_skipped=220250 primary_mismatch_skipped=4162896 diagnostic_dropped=0 starts=0 stops=0 callbacks=0 returns=0 aborts=0 unmatched=0 prefix_aborts=114 prefix0=0 prefix1=114 prefix2=0 prefix3=0 prefix4=0 prefix5=0 invalidation0=159084 invalidation1=117507 invalidation2=1 invalidation3=0 invalidation4=0 invalidation5=0
INVALIDATIONS cycle=1424703941 reason=0 phase0=159017 phase1=67 phase2=0 phase3=0 phase4=0 phase5=0
INVALIDATIONS cycle=1424703941 reason=1 phase0=117460 phase1=47 phase2=0 phase3=0 phase4=0 phase5=0
INVALIDATIONS cycle=1424703941 reason=2 phase0=1 phase1=0 phase2=0 phase3=0 phase4=0 phase5=0
INVALIDATIONS cycle=1424703941 reason=3 phase0=0 phase1=0 phase2=0 phase3=0 phase4=0 phase5=0
INVALIDATIONS cycle=1424703941 reason=4 phase0=0 phase1=0 phase2=0 phase3=0 phase4=0 phase5=0
INVALIDATIONS cycle=1424703941 reason=5 phase0=0 phase1=0 phase2=0 phase3=0 phase4=0 phase5=0
LIVE cycle=1425885519 kind=PREFIX phase=1 site=0 pc=7b1b46 reason=
LIVE cycle=1426284439 kind=INVALIDATE phase=1 site=0 pc=7b1b46 reason=MMU_REGISTERS
ADAPTER cycle=1429169012 request_samples=772666025 ack_samples=303316697 instruction_acks=121855265 data_acks=181461432 error_acks=0 fetched_bytes=406854034 dispatches=305000000 known_dispatches=192193277 ir_mismatch=4180205 signature_failures=0 secondary_skipped=220742 primary_mismatch_skipped=4180205 diagnostic_dropped=0 starts=0 stops=0 callbacks=0 returns=0 aborts=0 unmatched=0 prefix_aborts=115 prefix0=0 prefix1=115 prefix2=0 prefix3=0 prefix4=0 prefix5=0 invalidation0=159184 invalidation1=117552 invalidation2=1 invalidation3=0 invalidation4=0 invalidation5=0
INVALIDATIONS cycle=1429169012 reason=0 phase0=159116 phase1=68 phase2=0 phase3=0 phase4=0 phase5=0
INVALIDATIONS cycle=1429169012 reason=1 phase0=117505 phase1=47 phase2=0 phase3=0 phase4=0 phase5=0
INVALIDATIONS cycle=1429169012 reason=2 phase0=1 phase1=0 phase2=0 phase3=0 phase4=0 phase5=0
INVALIDATIONS cycle=1429169012 reason=3 phase0=0 phase1=0 phase2=0 phase3=0 phase4=0 phase5=0
INVALIDATIONS cycle=1429169012 reason=4 phase0=0 phase1=0 phase2=0 phase3=0 phase4=0 phase5=0
INVALIDATIONS cycle=1429169012 reason=5 phase0=0 phase1=0 phase2=0 phase3=0 phase4=0 phase5=0
LIVE cycle=1431371910 kind=PREFIX phase=1 site=0 pc=7b1b46 reason=
LIVE cycle=1431744432 kind=INVALIDATE phase=1 site=0 pc=7b1b46 reason=MMU_REGISTERS
ADAPTER cycle=1433692638 request_samples=775060246 ack_samples=304601904 instruction_acks=122426608 data_acks=182175296 error_acks=0 fetched_bytes=408739484 dispatches=306000000 known_dispatches=192738888 ir_mismatch=4197420 signature_failures=0 secondary_skipped=221240 primary_mismatch_skipped=4197420 diagnostic_dropped=0 starts=0 stops=0 callbacks=0 returns=0 aborts=0 unmatched=0 prefix_aborts=116 prefix0=0 prefix1=116 prefix2=0 prefix3=0 prefix4=0 prefix5=0 invalidation0=159294 invalidation1=117605 invalidation2=1 invalidation3=0 invalidation4=0 invalidation5=0
INVALIDATIONS cycle=1433692638 reason=0 phase0=159225 phase1=69 phase2=0 phase3=0 phase4=0 phase5=0
INVALIDATIONS cycle=1433692638 reason=1 phase0=117558 phase1=47 phase2=0 phase3=0 phase4=0 phase5=0
INVALIDATIONS cycle=1433692638 reason=2 phase0=1 phase1=0 phase2=0 phase3=0 phase4=0 phase5=0
INVALIDATIONS cycle=1433692638 reason=3 phase0=0 phase1=0 phase2=0 phase3=0 phase4=0 phase5=0
INVALIDATIONS cycle=1433692638 reason=4 phase0=0 phase1=0 phase2=0 phase3=0 phase4=0 phase5=0
INVALIDATIONS cycle=1433692638 reason=5 phase0=0 phase1=0 phase2=0 phase3=0 phase4=0 phase5=0
LIVE cycle=1436857895 kind=PREFIX phase=1 site=0 pc=7b1b46 reason=
LIVE cycle=1437204428 kind=INVALIDATE phase=1 site=0 pc=7b1b46 reason=MMU_REGISTERS
ADAPTER cycle=1438212359 request_samples=777450413 ack_samples=305886988 instruction_acks=122997871 data_acks=182889117 error_acks=0 fetched_bytes=410624608 dispatches=307000000 known_dispatches=193267041 ir_mismatch=4214640 signature_failures=0 secondary_skipped=221738 primary_mismatch_skipped=4214640 diagnostic_dropped=0 starts=0 stops=0 callbacks=0 returns=0 aborts=0 unmatched=0 prefix_aborts=117 prefix0=0 prefix1=117 prefix2=0 prefix3=0 prefix4=0 prefix5=0 invalidation0=159404 invalidation1=117658 invalidation2=1 invalidation3=0 invalidation4=0 invalidation5=0
INVALIDATIONS cycle=1438212359 reason=0 phase0=159334 phase1=70 phase2=0 phase3=0 phase4=0 phase5=0
INVALIDATIONS cycle=1438212359 reason=1 phase0=117611 phase1=47 phase2=0 phase3=0 phase4=0 phase5=0
INVALIDATIONS cycle=1438212359 reason=2 phase0=1 phase1=0 phase2=0 phase3=0 phase4=0 phase5=0
INVALIDATIONS cycle=1438212359 reason=3 phase0=0 phase1=0 phase2=0 phase3=0 phase4=0 phase5=0
INVALIDATIONS cycle=1438212359 reason=4 phase0=0 phase1=0 phase2=0 phase3=0 phase4=0 phase5=0
INVALIDATIONS cycle=1438212359 reason=5 phase0=0 phase1=0 phase2=0 phase3=0 phase4=0 phase5=0
LIVE cycle=1442344059 kind=PREFIX phase=1 site=0 pc=7b1b46 reason=
LIVE cycle=1442664433 kind=INVALIDATE phase=1 site=0 pc=7b1b46 reason=MMU_REGISTERS
ADAPTER cycle=1442684162 request_samples=779786452 ack_samples=307170596 instruction_acks=123569722 data_acks=183600874 error_acks=0 fetched_bytes=412508890 dispatches=308000000 known_dispatches=193797101 ir_mismatch=4231938 signature_failures=0 secondary_skipped=222230 primary_mismatch_skipped=4231938 diagnostic_dropped=0 starts=0 stops=0 callbacks=0 returns=0 aborts=0 unmatched=0 prefix_aborts=118 prefix0=0 prefix1=118 prefix2=0 prefix3=0 prefix4=0 prefix5=0 invalidation0=159514 invalidation1=117705 invalidation2=1 invalidation3=0 invalidation4=0 invalidation5=0
INVALIDATIONS cycle=1442684162 reason=0 phase0=159443 phase1=71 phase2=0 phase3=0 phase4=0 phase5=0
INVALIDATIONS cycle=1442684162 reason=1 phase0=117658 phase1=47 phase2=0 phase3=0 phase4=0 phase5=0
INVALIDATIONS cycle=1442684162 reason=2 phase0=1 phase1=0 phase2=0 phase3=0 phase4=0 phase5=0
INVALIDATIONS cycle=1442684162 reason=3 phase0=0 phase1=0 phase2=0 phase3=0 phase4=0 phase5=0
INVALIDATIONS cycle=1442684162 reason=4 phase0=0 phase1=0 phase2=0 phase3=0 phase4=0 phase5=0
INVALIDATIONS cycle=1442684162 reason=5 phase0=0 phase1=0 phase2=0 phase3=0 phase4=0 phase5=0
ADAPTER cycle=1447340501 request_samples=782354065 ack_samples=308441663 instruction_acks=124130707 data_acks=184310956 error_acks=0 fetched_bytes=414371678 dispatches=309000000 known_dispatches=194340525 ir_mismatch=4248403 signature_failures=0 secondary_skipped=222961 primary_mismatch_skipped=4248403 diagnostic_dropped=0 starts=0 stops=0 callbacks=0 returns=0 aborts=0 unmatched=0 prefix_aborts=118 prefix0=0 prefix1=118 prefix2=0 prefix3=0 prefix4=0 prefix5=0 invalidation0=159624 invalidation1=117777 invalidation2=1 invalidation3=0 invalidation4=0 invalidation5=0
INVALIDATIONS cycle=1447340501 reason=0 phase0=159553 phase1=71 phase2=0 phase3=0 phase4=0 phase5=0
INVALIDATIONS cycle=1447340501 reason=1 phase0=117730 phase1=47 phase2=0 phase3=0 phase4=0 phase5=0
INVALIDATIONS cycle=1447340501 reason=2 phase0=1 phase1=0 phase2=0 phase3=0 phase4=0 phase5=0
INVALIDATIONS cycle=1447340501 reason=3 phase0=0 phase1=0 phase2=0 phase3=0 phase4=0 phase5=0
INVALIDATIONS cycle=1447340501 reason=4 phase0=0 phase1=0 phase2=0 phase3=0 phase4=0 phase5=0
INVALIDATIONS cycle=1447340501 reason=5 phase0=0 phase1=0 phase2=0 phase3=0 phase4=0 phase5=0
LIVE cycle=1447830519 kind=PREFIX phase=1 site=0 pc=7b1b46 reason=
LIVE cycle=1448124438 kind=INVALIDATE phase=1 site=0 pc=7b1b46 reason=MMU_REGISTERS
ADAPTER cycle=1451853373 request_samples=784783013 ack_samples=309692902 instruction_acks=124689277 data_acks=185003625 error_acks=0 fetched_bytes=416221740 dispatches=310000000 known_dispatches=194878771 ir_mismatch=4267675 signature_failures=0 secondary_skipped=223478 primary_mismatch_skipped=4267675 diagnostic_dropped=0 starts=0 stops=0 callbacks=0 returns=0 aborts=0 unmatched=0 prefix_aborts=119 prefix0=0 prefix1=119 prefix2=0 prefix3=0 prefix4=0 prefix5=0 invalidation0=159744 invalidation1=117835 invalidation2=1 invalidation3=0 invalidation4=0 invalidation5=0
INVALIDATIONS cycle=1451853373 reason=0 phase0=159672 phase1=72 phase2=0 phase3=0 phase4=0 phase5=0
INVALIDATIONS cycle=1451853373 reason=1 phase0=117788 phase1=47 phase2=0 phase3=0 phase4=0 phase5=0
INVALIDATIONS cycle=1451853373 reason=2 phase0=1 phase1=0 phase2=0 phase3=0 phase4=0 phase5=0
INVALIDATIONS cycle=1451853373 reason=3 phase0=0 phase1=0 phase2=0 phase3=0 phase4=0 phase5=0
INVALIDATIONS cycle=1451853373 reason=4 phase0=0 phase1=0 phase2=0 phase3=0 phase4=0 phase5=0
INVALIDATIONS cycle=1451853373 reason=5 phase0=0 phase1=0 phase2=0 phase3=0 phase4=0 phase5=0
LIVE cycle=1453316605 kind=PREFIX phase=1 site=0 pc=7b1b46 reason=
LIVE cycle=1453584446 kind=INVALIDATE phase=1 site=0 pc=7b1b46 reason=MMU_REGISTERS
ADAPTER cycle=1456314142 request_samples=787106226 ack_samples=310976706 instruction_acks=125261017 data_acks=185715689 error_acks=0 fetched_bytes=418105052 dispatches=311000000 known_dispatches=195396714 ir_mismatch=4284925 signature_failures=0 secondary_skipped=223969 primary_mismatch_skipped=4284925 diagnostic_dropped=0 starts=0 stops=0 callbacks=0 returns=0 aborts=0 unmatched=0 prefix_aborts=120 prefix0=0 prefix1=120 prefix2=0 prefix3=0 prefix4=0 prefix5=0 invalidation0=159854 invalidation1=117882 invalidation2=1 invalidation3=0 invalidation4=0 invalidation5=0
INVALIDATIONS cycle=1456314142 reason=0 phase0=159781 phase1=73 phase2=0 phase3=0 phase4=0 phase5=0
INVALIDATIONS cycle=1456314142 reason=1 phase0=117835 phase1=47 phase2=0 phase3=0 phase4=0 phase5=0
INVALIDATIONS cycle=1456314142 reason=2 phase0=1 phase1=0 phase2=0 phase3=0 phase4=0 phase5=0
INVALIDATIONS cycle=1456314142 reason=3 phase0=0 phase1=0 phase2=0 phase3=0 phase4=0 phase5=0
INVALIDATIONS cycle=1456314142 reason=4 phase0=0 phase1=0 phase2=0 phase3=0 phase4=0 phase5=0
INVALIDATIONS cycle=1456314142 reason=5 phase0=0 phase1=0 phase2=0 phase3=0 phase4=0 phase5=0
LIVE cycle=1458803393 kind=PREFIX phase=1 site=0 pc=7b1b46 reason=
LIVE cycle=1458832954 kind=INVALIDATE phase=1 site=0 pc=7b1b46 reason=PFLUSH_OR_CINV
ADAPTER cycle=1460840533 request_samples=789502799 ack_samples=312261912 instruction_acks=125832314 data_acks=186429598 error_acks=0 fetched_bytes=419990258 dispatches=312000000 known_dispatches=195934875 ir_mismatch=4302150 signature_failures=0 secondary_skipped=224467 primary_mismatch_skipped=4302150 diagnostic_dropped=0 starts=0 stops=0 callbacks=0 returns=0 aborts=0 unmatched=0 prefix_aborts=121 prefix0=0 prefix1=121 prefix2=0 prefix3=0 prefix4=0 prefix5=0 invalidation0=159964 invalidation1=117935 invalidation2=1 invalidation3=0 invalidation4=0 invalidation5=0
INVALIDATIONS cycle=1460840533 reason=0 phase0=159891 phase1=73 phase2=0 phase3=0 phase4=0 phase5=0
INVALIDATIONS cycle=1460840533 reason=1 phase0=117887 phase1=48 phase2=0 phase3=0 phase4=0 phase5=0
INVALIDATIONS cycle=1460840533 reason=2 phase0=1 phase1=0 phase2=0 phase3=0 phase4=0 phase5=0
INVALIDATIONS cycle=1460840533 reason=3 phase0=0 phase1=0 phase2=0 phase3=0 phase4=0 phase5=0
INVALIDATIONS cycle=1460840533 reason=4 phase0=0 phase1=0 phase2=0 phase3=0 phase4=0 phase5=0
INVALIDATIONS cycle=1460840533 reason=5 phase0=0 phase1=0 phase2=0 phase3=0 phase4=0 phase5=0
LIVE cycle=1464289249 kind=PREFIX phase=1 site=0 pc=7b1b46 reason=
LIVE cycle=1464504433 kind=INVALIDATE phase=1 site=0 pc=7b1b46 reason=MMU_REGISTERS
ADAPTER cycle=1465303271 request_samples=791828747 ack_samples=313545892 instruction_acks=126404010 data_acks=187141882 error_acks=0 fetched_bytes=421874218 dispatches=313000000 known_dispatches=196456981 ir_mismatch=4319388 signature_failures=0 secondary_skipped=224959 primary_mismatch_skipped=4319388 diagnostic_dropped=0 starts=0 stops=0 callbacks=0 returns=0 aborts=0 unmatched=0 prefix_aborts=122 prefix0=0 prefix1=122 prefix2=0 prefix3=0 prefix4=0 prefix5=0 invalidation0=160064 invalidation1=117980 invalidation2=1 invalidation3=0 invalidation4=0 invalidation5=0
INVALIDATIONS cycle=1465303271 reason=0 phase0=159990 phase1=74 phase2=0 phase3=0 phase4=0 phase5=0
INVALIDATIONS cycle=1465303271 reason=1 phase0=117932 phase1=48 phase2=0 phase3=0 phase4=0 phase5=0
INVALIDATIONS cycle=1465303271 reason=2 phase0=1 phase1=0 phase2=0 phase3=0 phase4=0 phase5=0
INVALIDATIONS cycle=1465303271 reason=3 phase0=0 phase1=0 phase2=0 phase3=0 phase4=0 phase5=0
INVALIDATIONS cycle=1465303271 reason=4 phase0=0 phase1=0 phase2=0 phase3=0 phase4=0 phase5=0
INVALIDATIONS cycle=1465303271 reason=5 phase0=0 phase1=0 phase2=0 phase3=0 phase4=0 phase5=0
LIVE cycle=1469775573 kind=PREFIX phase=1 site=0 pc=7b1b46 reason=
ADAPTER cycle=1469829409 request_samples=794225075 ack_samples=314831023 instruction_acks=126975259 data_acks=187855764 error_acks=0 fetched_bytes=423759324 dispatches=314000000 known_dispatches=196992132 ir_mismatch=4336600 signature_failures=0 secondary_skipped=225457 primary_mismatch_skipped=4336600 diagnostic_dropped=0 starts=0 stops=0 callbacks=0 returns=0 aborts=0 unmatched=0 prefix_aborts=122 prefix0=0 prefix1=123 prefix2=0 prefix3=0 prefix4=0 prefix5=0 invalidation0=160174 invalidation1=118033 invalidation2=1 invalidation3=0 invalidation4=0 invalidation5=0
INVALIDATIONS cycle=1469829409 reason=0 phase0=160100 phase1=74 phase2=0 phase3=0 phase4=0 phase5=0
INVALIDATIONS cycle=1469829409 reason=1 phase0=117985 phase1=48 phase2=0 phase3=0 phase4=0 phase5=0
INVALIDATIONS cycle=1469829409 reason=2 phase0=1 phase1=0 phase2=0 phase3=0 phase4=0 phase5=0
INVALIDATIONS cycle=1469829409 reason=3 phase0=0 phase1=0 phase2=0 phase3=0 phase4=0 phase5=0
INVALIDATIONS cycle=1469829409 reason=4 phase0=0 phase1=0 phase2=0 phase3=0 phase4=0 phase5=0
INVALIDATIONS cycle=1469829409 reason=5 phase0=0 phase1=0 phase2=0 phase3=0 phase4=0 phase5=0
LIVE cycle=1469964427 kind=INVALIDATE phase=1 site=0 pc=7b1b46 reason=MMU_REGISTERS
ADAPTER cycle=1474354460 request_samples=796620420 ack_samples=316116169 instruction_acks=127546488 data_acks=188569681 error_acks=0 fetched_bytes=425644390 dispatches=315000000 known_dispatches=197531909 ir_mismatch=4353845 signature_failures=0 secondary_skipped=225961 primary_mismatch_skipped=4353845 diagnostic_dropped=0 starts=0 stops=0 callbacks=0 returns=0 aborts=0 unmatched=0 prefix_aborts=123 prefix0=0 prefix1=123 prefix2=0 prefix3=0 prefix4=0 prefix5=0 invalidation0=160284 invalidation1=118086 invalidation2=1 invalidation3=0 invalidation4=0 invalidation5=0
INVALIDATIONS cycle=1474354460 reason=0 phase0=160209 phase1=75 phase2=0 phase3=0 phase4=0 phase5=0
INVALIDATIONS cycle=1474354460 reason=1 phase0=118038 phase1=48 phase2=0 phase3=0 phase4=0 phase5=0
INVALIDATIONS cycle=1474354460 reason=2 phase0=1 phase1=0 phase2=0 phase3=0 phase4=0 phase5=0
INVALIDATIONS cycle=1474354460 reason=3 phase0=0 phase1=0 phase2=0 phase3=0 phase4=0 phase5=0
INVALIDATIONS cycle=1474354460 reason=4 phase0=0 phase1=0 phase2=0 phase3=0 phase4=0 phase5=0
INVALIDATIONS cycle=1474354460 reason=5 phase0=0 phase1=0 phase2=0 phase3=0 phase4=0 phase5=0
LIVE cycle=1475262186 kind=PREFIX phase=1 site=0 pc=7b1b46 reason=
LIVE cycle=1475337928 kind=INVALIDATE phase=1 site=0 pc=7b1b46 reason=PFLUSH_OR_CINV
ADAPTER cycle=1478824440 request_samples=798954145 ack_samples=317400171 instruction_acks=128118599 data_acks=189281572 error_acks=0 fetched_bytes=427529362 dispatches=316000000 known_dispatches=198059704 ir_mismatch=4371156 signature_failures=0 secondary_skipped=226452 primary_mismatch_skipped=4371156 diagnostic_dropped=0 starts=0 stops=0 callbacks=0 returns=0 aborts=0 unmatched=0 prefix_aborts=124 prefix0=0 prefix1=124 prefix2=0 prefix3=0 prefix4=0 prefix5=0 invalidation0=160394 invalidation1=118133 invalidation2=1 invalidation3=0 invalidation4=0 invalidation5=0
INVALIDATIONS cycle=1478824440 reason=0 phase0=160319 phase1=75 phase2=0 phase3=0 phase4=0 phase5=0
INVALIDATIONS cycle=1478824440 reason=1 phase0=118084 phase1=49 phase2=0 phase3=0 phase4=0 phase5=0
INVALIDATIONS cycle=1478824440 reason=2 phase0=1 phase1=0 phase2=0 phase3=0 phase4=0 phase5=0
INVALIDATIONS cycle=1478824440 reason=3 phase0=0 phase1=0 phase2=0 phase3=0 phase4=0 phase5=0
INVALIDATIONS cycle=1478824440 reason=4 phase0=0 phase1=0 phase2=0 phase3=0 phase4=0 phase5=0
INVALIDATIONS cycle=1478824440 reason=5 phase0=0 phase1=0 phase2=0 phase3=0 phase4=0 phase5=0
LIVE cycle=1480748265 kind=PREFIX phase=1 site=0 pc=7b1b46 reason=
LIVE cycle=1480755784 kind=INVALIDATE phase=1 site=0 pc=7b1b46 reason=MMU_REGISTERS
ADAPTER cycle=1484101055 request_samples=801953584 ack_samples=318888282 instruction_acks=128777905 data_acks=190110377 error_acks=0 fetched_bytes=429465512 dispatches=317000000 known_dispatches=198687618 ir_mismatch=4376529 signature_failures=0 secondary_skipped=226850 primary_mismatch_skipped=4376529 diagnostic_dropped=0 starts=0 stops=0 callbacks=0 returns=0 aborts=0 unmatched=0 prefix_aborts=125 prefix0=0 prefix1=125 prefix2=0 prefix3=0 prefix4=0 prefix5=0 invalidation0=161094 invalidation1=118635 invalidation2=1 invalidation3=0 invalidation4=0 invalidation5=0
INVALIDATIONS cycle=1484101055 reason=0 phase0=161018 phase1=76 phase2=0 phase3=0 phase4=0 phase5=0
INVALIDATIONS cycle=1484101055 reason=1 phase0=118586 phase1=49 phase2=0 phase3=0 phase4=0 phase5=0
INVALIDATIONS cycle=1484101055 reason=2 phase0=1 phase1=0 phase2=0 phase3=0 phase4=0 phase5=0
INVALIDATIONS cycle=1484101055 reason=3 phase0=0 phase1=0 phase2=0 phase3=0 phase4=0 phase5=0
INVALIDATIONS cycle=1484101055 reason=4 phase0=0 phase1=0 phase2=0 phase3=0 phase4=0 phase5=0
INVALIDATIONS cycle=1484101055 reason=5 phase0=0 phase1=0 phase2=0 phase3=0 phase4=0 phase5=0
LIVE cycle=1486234497 kind=PREFIX phase=1 site=0 pc=7b1b46 reason=
LIVE cycle=1486344749 kind=INVALIDATE phase=1 site=0 pc=7b1b46 reason=MMU_REGISTERS
ADAPTER cycle=1489517393 request_samples=805382825 ack_samples=319995497 instruction_acks=129112164 data_acks=190883333 error_acks=0 fetched_bytes=430598990 dispatches=318000000 known_dispatches=199424782 ir_mismatch=4380318 signature_failures=0 secondary_skipped=227986 primary_mismatch_skipped=4380318 diagnostic_dropped=0 starts=0 stops=0 callbacks=0 returns=0 aborts=0 unmatched=0 prefix_aborts=126 prefix0=0 prefix1=126 prefix2=0 prefix3=0 prefix4=0 prefix5=0 invalidation0=161654 invalidation1=119533 invalidation2=1 invalidation3=0 invalidation4=0 invalidation5=0
INVALIDATIONS cycle=1489517393 reason=0 phase0=161577 phase1=77 phase2=0 phase3=0 phase4=0 phase5=0
INVALIDATIONS cycle=1489517393 reason=1 phase0=119484 phase1=49 phase2=0 phase3=0 phase4=0 phase5=0
INVALIDATIONS cycle=1489517393 reason=2 phase0=1 phase1=0 phase2=0 phase3=0 phase4=0 phase5=0
INVALIDATIONS cycle=1489517393 reason=3 phase0=0 phase1=0 phase2=0 phase3=0 phase4=0 phase5=0
INVALIDATIONS cycle=1489517393 reason=4 phase0=0 phase1=0 phase2=0 phase3=0 phase4=0 phase5=0
INVALIDATIONS cycle=1489517393 reason=5 phase0=0 phase1=0 phase2=0 phase3=0 phase4=0 phase5=0
LIVE cycle=1494378969 kind=PREFIX phase=1 site=0 pc=340b2 reason=
LIVE cycle=1494393525 kind=INVALIDATE phase=1 site=0 pc=340b2 reason=PFLUSH_OR_CINV
LIVE cycle=1494464246 kind=PREFIX phase=1 site=0 pc=7b1b46 reason=
LIVE cycle=1494468713 kind=INVALIDATE phase=1 site=0 pc=7b1b46 reason=PFLUSH_OR_CINV
ADAPTER cycle=1494799028 request_samples=808876867 ack_samples=320783880 instruction_acks=129362700 data_acks=191421180 error_acks=0 fetched_bytes=431492358 dispatches=319000000 known_dispatches=200132157 ir_mismatch=4391636 signature_failures=0 secondary_skipped=228667 primary_mismatch_skipped=4391636 diagnostic_dropped=0 starts=0 stops=0 callbacks=0 returns=0 aborts=0 unmatched=0 prefix_aborts=128 prefix0=0 prefix1=128 prefix2=0 prefix3=0 prefix4=0 prefix5=0 invalidation0=162254 invalidation1=120116 invalidation2=1 invalidation3=0 invalidation4=0 invalidation5=0
INVALIDATIONS cycle=1494799028 reason=0 phase0=162177 phase1=77 phase2=0 phase3=0 phase4=0 phase5=0
INVALIDATIONS cycle=1494799028 reason=1 phase0=120065 phase1=51 phase2=0 phase3=0 phase4=0 phase5=0
INVALIDATIONS cycle=1494799028 reason=2 phase0=1 phase1=0 phase2=0 phase3=0 phase4=0 phase5=0
INVALIDATIONS cycle=1494799028 reason=3 phase0=0 phase1=0 phase2=0 phase3=0 phase4=0 phase5=0
INVALIDATIONS cycle=1494799028 reason=4 phase0=0 phase1=0 phase2=0 phase3=0 phase4=0 phase5=0
INVALIDATIONS cycle=1494799028 reason=5 phase0=0 phase1=0 phase2=0 phase3=0 phase4=0 phase5=0
LIVE cycle=1494880000 kind=PREFIX phase=1 site=0 pc=33eb6 reason=
LIVE cycle=1494894086 kind=INVALIDATE phase=1 site=0 pc=33eb6 reason=PFLUSH_OR_CINV
ADAPTER cycle=1500144695 request_samples=812522346 ack_samples=321683881 instruction_acks=129688157 data_acks=191995724 error_acks=0 fetched_bytes=432673360 dispatches=320000000 known_dispatches=200776371 ir_mismatch=4397901 signature_failures=0 secondary_skipped=230388 primary_mismatch_skipped=4397901 diagnostic_dropped=0 starts=0 stops=0 callbacks=0 returns=0 aborts=0 unmatched=0 prefix_aborts=129 prefix0=0 prefix1=129 prefix2=0 prefix3=0 prefix4=0 prefix5=0 invalidation0=162484 invalidation1=120592 invalidation2=1 invalidation3=0 invalidation4=0 invalidation5=0
INVALIDATIONS cycle=1500144695 reason=0 phase0=162407 phase1=77 phase2=0 phase3=0 phase4=0 phase5=0
INVALIDATIONS cycle=1500144695 reason=1 phase0=120540 phase1=52 phase2=0 phase3=0 phase4=0 phase5=0
INVALIDATIONS cycle=1500144695 reason=2 phase0=1 phase1=0 phase2=0 phase3=0 phase4=0 phase5=0
INVALIDATIONS cycle=1500144695 reason=3 phase0=0 phase1=0 phase2=0 phase3=0 phase4=0 phase5=0
INVALIDATIONS cycle=1500144695 reason=4 phase0=0 phase1=0 phase2=0 phase3=0 phase4=0 phase5=0
INVALIDATIONS cycle=1500144695 reason=5 phase0=0 phase1=0 phase2=0 phase3=0 phase4=0 phase5=0
ADAPTER cycle=1506067675 request_samples=815887065 ack_samples=322565888 instruction_acks=129942436 data_acks=192623452 error_acks=0 fetched_bytes=433576628 dispatches=321000000 known_dispatches=201460704 ir_mismatch=4403546 signature_failures=0 secondary_skipped=230835 primary_mismatch_skipped=4403546 diagnostic_dropped=0 starts=0 stops=0 callbacks=0 returns=0 aborts=0 unmatched=0 prefix_aborts=129 prefix0=0 prefix1=129 prefix2=0 prefix3=0 prefix4=0 prefix5=0 invalidation0=162724 invalidation1=121650 invalidation2=1 invalidation3=0 invalidation4=0 invalidation5=0
INVALIDATIONS cycle=1506067675 reason=0 phase0=162647 phase1=77 phase2=0 phase3=0 phase4=0 phase5=0
INVALIDATIONS cycle=1506067675 reason=1 phase0=121598 phase1=52 phase2=0 phase3=0 phase4=0 phase5=0
INVALIDATIONS cycle=1506067675 reason=2 phase0=1 phase1=0 phase2=0 phase3=0 phase4=0 phase5=0
INVALIDATIONS cycle=1506067675 reason=3 phase0=0 phase1=0 phase2=0 phase3=0 phase4=0 phase5=0
INVALIDATIONS cycle=1506067675 reason=4 phase0=0 phase1=0 phase2=0 phase3=0 phase4=0 phase5=0
INVALIDATIONS cycle=1506067675 reason=5 phase0=0 phase1=0 phase2=0 phase3=0 phase4=0 phase5=0
ADAPTER cycle=1511916854 request_samples=819347450 ack_samples=323783709 instruction_acks=130371821 data_acks=193411888 error_acks=0 fetched_bytes=435099912 dispatches=322000000 known_dispatches=202079216 ir_mismatch=4422068 signature_failures=0 secondary_skipped=236122 primary_mismatch_skipped=4422068 diagnostic_dropped=0 starts=0 stops=0 callbacks=0 returns=0 aborts=0 unmatched=0 prefix_aborts=129 prefix0=0 prefix1=129 prefix2=0 prefix3=0 prefix4=0 prefix5=0 invalidation0=163214 invalidation1=122957 invalidation2=1 invalidation3=0 invalidation4=0 invalidation5=0
INVALIDATIONS cycle=1511916854 reason=0 phase0=163137 phase1=77 phase2=0 phase3=0 phase4=0 phase5=0
INVALIDATIONS cycle=1511916854 reason=1 phase0=122905 phase1=52 phase2=0 phase3=0 phase4=0 phase5=0
INVALIDATIONS cycle=1511916854 reason=2 phase0=1 phase1=0 phase2=0 phase3=0 phase4=0 phase5=0
INVALIDATIONS cycle=1511916854 reason=3 phase0=0 phase1=0 phase2=0 phase3=0 phase4=0 phase5=0
INVALIDATIONS cycle=1511916854 reason=4 phase0=0 phase1=0 phase2=0 phase3=0 phase4=0 phase5=0
INVALIDATIONS cycle=1511916854 reason=5 phase0=0 phase1=0 phase2=0 phase3=0 phase4=0 phase5=0
ADAPTER cycle=1517530556 request_samples=822653034 ack_samples=324900857 instruction_acks=130664894 data_acks=194235963 error_acks=0 fetched_bytes=436152060 dispatches=323000000 known_dispatches=202698477 ir_mismatch=4430907 signature_failures=0 secondary_skipped=236567 primary_mismatch_skipped=4430907 diagnostic_dropped=0 starts=0 stops=0 callbacks=0 returns=0 aborts=0 unmatched=0 prefix_aborts=129 prefix0=0 prefix1=129 prefix2=0 prefix3=0 prefix4=0 prefix5=0 invalidation0=163884 invalidation1=123272 invalidation2=1 invalidation3=0 invalidation4=0 invalidation5=0
INVALIDATIONS cycle=1517530556 reason=0 phase0=163807 phase1=77 phase2=0 phase3=0 phase4=0 phase5=0
INVALIDATIONS cycle=1517530556 reason=1 phase0=123220 phase1=52 phase2=0 phase3=0 phase4=0 phase5=0
INVALIDATIONS cycle=1517530556 reason=2 phase0=1 phase1=0 phase2=0 phase3=0 phase4=0 phase5=0
INVALIDATIONS cycle=1517530556 reason=3 phase0=0 phase1=0 phase2=0 phase3=0 phase4=0 phase5=0
INVALIDATIONS cycle=1517530556 reason=4 phase0=0 phase1=0 phase2=0 phase3=0 phase4=0 phase5=0
INVALIDATIONS cycle=1517530556 reason=5 phase0=0 phase1=0 phase2=0 phase3=0 phase4=0 phase5=0
ADAPTER cycle=1522431912 request_samples=825445925 ack_samples=325826734 instruction_acks=130858812 data_acks=194967922 error_acks=0 fetched_bytes=436826292 dispatches=324000000 known_dispatches=203383036 ir_mismatch=4436233 signature_failures=0 secondary_skipped=237677 primary_mismatch_skipped=4436233 diagnostic_dropped=0 starts=0 stops=0 callbacks=0 returns=0 aborts=0 unmatched=0 prefix_aborts=129 prefix0=0 prefix1=129 prefix2=0 prefix3=0 prefix4=0 prefix5=0 invalidation0=164224 invalidation1=123392 invalidation2=1 invalidation3=0 invalidation4=0 invalidation5=0
INVALIDATIONS cycle=1522431912 reason=0 phase0=164147 phase1=77 phase2=0 phase3=0 phase4=0 phase5=0
INVALIDATIONS cycle=1522431912 reason=1 phase0=123340 phase1=52 phase2=0 phase3=0 phase4=0 phase5=0
INVALIDATIONS cycle=1522431912 reason=2 phase0=1 phase1=0 phase2=0 phase3=0 phase4=0 phase5=0
INVALIDATIONS cycle=1522431912 reason=3 phase0=0 phase1=0 phase2=0 phase3=0 phase4=0 phase5=0
INVALIDATIONS cycle=1522431912 reason=4 phase0=0 phase1=0 phase2=0 phase3=0 phase4=0 phase5=0
INVALIDATIONS cycle=1522431912 reason=5 phase0=0 phase1=0 phase2=0 phase3=0 phase4=0 phase5=0
LIVE cycle=1523200984 kind=PREFIX phase=1 site=0 pc=5fb02c reason=
LIVE cycle=1523232968 kind=INVALIDATE phase=1 site=0 pc=5fb02c reason=PFLUSH_OR_CINV
LIVE cycle=1523442502 kind=PREFIX phase=1 site=0 pc=5fb194 reason=
LIVE cycle=1523485826 kind=INVALIDATE phase=1 site=0 pc=5fb1c6 reason=PFLUSH_OR_CINV
LIVE cycle=1527783290 kind=PREFIX phase=1 site=0 pc=5fb252 reason=
LIVE cycle=1527814676 kind=INVALIDATE phase=1 site=0 pc=5fb2e6 reason=PFLUSH_OR_CINV
ADAPTER cycle=1528705207 request_samples=829735750 ack_samples=326601823 instruction_acks=131069361 data_acks=195532462 error_acks=0 fetched_bytes=437584284 dispatches=325000000 known_dispatches=204021707 ir_mismatch=4438892 signature_failures=0 secondary_skipped=238563 primary_mismatch_skipped=4438892 diagnostic_dropped=0 starts=0 stops=0 callbacks=0 returns=0 aborts=0 unmatched=0 prefix_aborts=132 prefix0=0 prefix1=132 prefix2=0 prefix3=0 prefix4=0 prefix5=0 invalidation0=164374 invalidation1=123831 invalidation2=1 invalidation3=0 invalidation4=0 invalidation5=0
INVALIDATIONS cycle=1528705207 reason=0 phase0=164297 phase1=77 phase2=0 phase3=0 phase4=0 phase5=0
INVALIDATIONS cycle=1528705207 reason=1 phase0=123776 phase1=55 phase2=0 phase3=0 phase4=0 phase5=0
INVALIDATIONS cycle=1528705207 reason=2 phase0=1 phase1=0 phase2=0 phase3=0 phase4=0 phase5=0
INVALIDATIONS cycle=1528705207 reason=3 phase0=0 phase1=0 phase2=0 phase3=0 phase4=0 phase5=0
INVALIDATIONS cycle=1528705207 reason=4 phase0=0 phase1=0 phase2=0 phase3=0 phase4=0 phase5=0
INVALIDATIONS cycle=1528705207 reason=5 phase0=0 phase1=0 phase2=0 phase3=0 phase4=0 phase5=0
LIVE cycle=1528962697 kind=PREFIX phase=1 site=0 pc=60490a reason=
LIVE cycle=1529157280 kind=INVALIDATE phase=1 site=0 pc=60490a reason=PFLUSH_OR_CINV
LIVE cycle=1534290403 kind=PREFIX phase=1 site=0 pc=604f56 reason=
LIVE cycle=1534295174 kind=INVALIDATE phase=1 site=0 pc=604f56 reason=PFLUSH_OR_CINV
ADAPTER cycle=1534635318 request_samples=833595606 ack_samples=327443680 instruction_acks=131353406 data_acks=196090274 error_acks=0 fetched_bytes=438580044 dispatches=326000000 known_dispatches=204674027 ir_mismatch=4443703 signature_failures=0 secondary_skipped=239288 primary_mismatch_skipped=4443703 diagnostic_dropped=0 starts=0 stops=0 callbacks=0 returns=0 aborts=0 unmatched=0 prefix_aborts=134 prefix0=0 prefix1=134 prefix2=0 prefix3=0 prefix4=0 prefix5=0 invalidation0=165744 invalidation1=124505 invalidation2=1 invalidation3=0 invalidation4=0 invalidation5=0
INVALIDATIONS cycle=1534635318 reason=0 phase0=165667 phase1=77 phase2=0 phase3=0 phase4=0 phase5=0
INVALIDATIONS cycle=1534635318 reason=1 phase0=124448 phase1=57 phase2=0 phase3=0 phase4=0 phase5=0
INVALIDATIONS cycle=1534635318 reason=2 phase0=1 phase1=0 phase2=0 phase3=0 phase4=0 phase5=0
INVALIDATIONS cycle=1534635318 reason=3 phase0=0 phase1=0 phase2=0 phase3=0 phase4=0 phase5=0
INVALIDATIONS cycle=1534635318 reason=4 phase0=0 phase1=0 phase2=0 phase3=0 phase4=0 phase5=0
INVALIDATIONS cycle=1534635318 reason=5 phase0=0 phase1=0 phase2=0 phase3=0 phase4=0 phase5=0
ADAPTER cycle=1542814276 request_samples=839259639 ack_samples=328502902 instruction_acks=131726707 data_acks=196776195 error_acks=0 fetched_bytes=439901412 dispatches=327000000 known_dispatches=205253469 ir_mismatch=4449198 signature_failures=0 secondary_skipped=240675 primary_mismatch_skipped=4449198 diagnostic_dropped=0 starts=0 stops=0 callbacks=0 returns=0 aborts=0 unmatched=0 prefix_aborts=134 prefix0=0 prefix1=134 prefix2=0 prefix3=0 prefix4=0 prefix5=0 invalidation0=169814 invalidation1=125976 invalidation2=1 invalidation3=0 invalidation4=0 invalidation5=0
INVALIDATIONS cycle=1542814276 reason=0 phase0=169737 phase1=77 phase2=0 phase3=0 phase4=0 phase5=0
INVALIDATIONS cycle=1542814276 reason=1 phase0=125919 phase1=57 phase2=0 phase3=0 phase4=0 phase5=0
INVALIDATIONS cycle=1542814276 reason=2 phase0=1 phase1=0 phase2=0 phase3=0 phase4=0 phase5=0
INVALIDATIONS cycle=1542814276 reason=3 phase0=0 phase1=0 phase2=0 phase3=0 phase4=0 phase5=0
INVALIDATIONS cycle=1542814276 reason=4 phase0=0 phase1=0 phase2=0 phase3=0 phase4=0 phase5=0
INVALIDATIONS cycle=1542814276 reason=5 phase0=0 phase1=0 phase2=0 phase3=0 phase4=0 phase5=0
ADAPTER cycle=1550905801 request_samples=845373620 ack_samples=329609340 instruction_acks=132137878 data_acks=197471462 error_acks=0 fetched_bytes=441365254 dispatches=328000000 known_dispatches=205849897 ir_mismatch=4458892 signature_failures=0 secondary_skipped=241795 primary_mismatch_skipped=4458892 diagnostic_dropped=0 starts=0 stops=0 callbacks=0 returns=0 aborts=0 unmatched=0 prefix_aborts=134 prefix0=0 prefix1=134 prefix2=0 prefix3=0 prefix4=0 prefix5=0 invalidation0=170564 invalidation1=126825 invalidation2=1 invalidation3=0 invalidation4=0 invalidation5=0
INVALIDATIONS cycle=1550905801 reason=0 phase0=170487 phase1=77 phase2=0 phase3=0 phase4=0 phase5=0
INVALIDATIONS cycle=1550905801 reason=1 phase0=126768 phase1=57 phase2=0 phase3=0 phase4=0 phase5=0
INVALIDATIONS cycle=1550905801 reason=2 phase0=1 phase1=0 phase2=0 phase3=0 phase4=0 phase5=0
INVALIDATIONS cycle=1550905801 reason=3 phase0=0 phase1=0 phase2=0 phase3=0 phase4=0 phase5=0
INVALIDATIONS cycle=1550905801 reason=4 phase0=0 phase1=0 phase2=0 phase3=0 phase4=0 phase5=0
INVALIDATIONS cycle=1550905801 reason=5 phase0=0 phase1=0 phase2=0 phase3=0 phase4=0 phase5=0
ADAPTER cycle=1555849399 request_samples=848277172 ack_samples=330606185 instruction_acks=132440472 data_acks=198165713 error_acks=0 fetched_bytes=442458786 dispatches=329000000 known_dispatches=206462533 ir_mismatch=4465540 signature_failures=0 secondary_skipped=242430 primary_mismatch_skipped=4465540 diagnostic_dropped=0 starts=0 stops=0 callbacks=0 returns=0 aborts=0 unmatched=0 prefix_aborts=134 prefix0=0 prefix1=134 prefix2=0 prefix3=0 prefix4=0 prefix5=0 invalidation0=171064 invalidation1=127229 invalidation2=1 invalidation3=0 invalidation4=0 invalidation5=0
INVALIDATIONS cycle=1555849399 reason=0 phase0=170987 phase1=77 phase2=0 phase3=0 phase4=0 phase5=0
INVALIDATIONS cycle=1555849399 reason=1 phase0=127172 phase1=57 phase2=0 phase3=0 phase4=0 phase5=0
INVALIDATIONS cycle=1555849399 reason=2 phase0=1 phase1=0 phase2=0 phase3=0 phase4=0 phase5=0
INVALIDATIONS cycle=1555849399 reason=3 phase0=0 phase1=0 phase2=0 phase3=0 phase4=0 phase5=0
INVALIDATIONS cycle=1555849399 reason=4 phase0=0 phase1=0 phase2=0 phase3=0 phase4=0 phase5=0
INVALIDATIONS cycle=1555849399 reason=5 phase0=0 phase1=0 phase2=0 phase3=0 phase4=0 phase5=0
ADAPTER cycle=1562577212 request_samples=853120180 ack_samples=331778776 instruction_acks=132928450 data_acks=198850326 error_acks=0 fetched_bytes=444184542 dispatches=330000000 known_dispatches=207072366 ir_mismatch=4483933 signature_failures=0 secondary_skipped=244086 primary_mismatch_skipped=4483933 diagnostic_dropped=0 starts=0 stops=0 callbacks=0 returns=0 aborts=0 unmatched=0 prefix_aborts=134 prefix0=0 prefix1=134 prefix2=0 prefix3=0 prefix4=0 prefix5=0 invalidation0=171224 invalidation1=128092 invalidation2=1 invalidation3=0 invalidation4=0 invalidation5=0
INVALIDATIONS cycle=1562577212 reason=0 phase0=171147 phase1=77 phase2=0 phase3=0 phase4=0 phase5=0
INVALIDATIONS cycle=1562577212 reason=1 phase0=128035 phase1=57 phase2=0 phase3=0 phase4=0 phase5=0
INVALIDATIONS cycle=1562577212 reason=2 phase0=1 phase1=0 phase2=0 phase3=0 phase4=0 phase5=0
INVALIDATIONS cycle=1562577212 reason=3 phase0=0 phase1=0 phase2=0 phase3=0 phase4=0 phase5=0
INVALIDATIONS cycle=1562577212 reason=4 phase0=0 phase1=0 phase2=0 phase3=0 phase4=0 phase5=0
INVALIDATIONS cycle=1562577212 reason=5 phase0=0 phase1=0 phase2=0 phase3=0 phase4=0 phase5=0
ADAPTER cycle=1570062071 request_samples=858575702 ack_samples=333185142 instruction_acks=133566013 data_acks=199619129 error_acks=0 fetched_bytes=446365580 dispatches=331000000 known_dispatches=207722347 ir_mismatch=4512216 signature_failures=0 secondary_skipped=244878 primary_mismatch_skipped=4512216 diagnostic_dropped=0 starts=0 stops=0 callbacks=0 returns=0 aborts=0 unmatched=0 prefix_aborts=134 prefix0=0 prefix1=134 prefix2=0 prefix3=0 prefix4=0 prefix5=0 invalidation0=171404 invalidation1=128850 invalidation2=1 invalidation3=0 invalidation4=0 invalidation5=0
INVALIDATIONS cycle=1570062071 reason=0 phase0=171327 phase1=77 phase2=0 phase3=0 phase4=0 phase5=0
INVALIDATIONS cycle=1570062071 reason=1 phase0=128793 phase1=57 phase2=0 phase3=0 phase4=0 phase5=0
INVALIDATIONS cycle=1570062071 reason=2 phase0=1 phase1=0 phase2=0 phase3=0 phase4=0 phase5=0
INVALIDATIONS cycle=1570062071 reason=3 phase0=0 phase1=0 phase2=0 phase3=0 phase4=0 phase5=0
INVALIDATIONS cycle=1570062071 reason=4 phase0=0 phase1=0 phase2=0 phase3=0 phase4=0 phase5=0
INVALIDATIONS cycle=1570062071 reason=5 phase0=0 phase1=0 phase2=0 phase3=0 phase4=0 phase5=0
ADAPTER cycle=1577694247 request_samples=864176083 ack_samples=334619168 instruction_acks=134226903 data_acks=200392265 error_acks=0 fetched_bytes=448620658 dispatches=332000000 known_dispatches=208380801 ir_mismatch=4541209 signature_failures=0 secondary_skipped=245537 primary_mismatch_skipped=4541209 diagnostic_dropped=0 starts=0 stops=0 callbacks=0 returns=0 aborts=0 unmatched=0 prefix_aborts=134 prefix0=0 prefix1=134 prefix2=0 prefix3=0 prefix4=0 prefix5=0 invalidation0=171584 invalidation1=129522 invalidation2=1 invalidation3=0 invalidation4=0 invalidation5=0
INVALIDATIONS cycle=1577694247 reason=0 phase0=171507 phase1=77 phase2=0 phase3=0 phase4=0 phase5=0
INVALIDATIONS cycle=1577694247 reason=1 phase0=129465 phase1=57 phase2=0 phase3=0 phase4=0 phase5=0
INVALIDATIONS cycle=1577694247 reason=2 phase0=1 phase1=0 phase2=0 phase3=0 phase4=0 phase5=0
INVALIDATIONS cycle=1577694247 reason=3 phase0=0 phase1=0 phase2=0 phase3=0 phase4=0 phase5=0
INVALIDATIONS cycle=1577694247 reason=4 phase0=0 phase1=0 phase2=0 phase3=0 phase4=0 phase5=0
INVALIDATIONS cycle=1577694247 reason=5 phase0=0 phase1=0 phase2=0 phase3=0 phase4=0 phase5=0
ADAPTER cycle=1585314587 request_samples=869766590 ack_samples=336049575 instruction_acks=134885712 data_acks=201163863 error_acks=0 fetched_bytes=450869216 dispatches=333000000 known_dispatches=209038841 ir_mismatch=4570078 signature_failures=0 secondary_skipped=246219 primary_mismatch_skipped=4570078 diagnostic_dropped=0 starts=0 stops=0 callbacks=0 returns=0 aborts=0 unmatched=0 prefix_aborts=134 prefix0=0 prefix1=134 prefix2=0 prefix3=0 prefix4=0 prefix5=0 invalidation0=171784 invalidation1=130192 invalidation2=1 invalidation3=0 invalidation4=0 invalidation5=0
INVALIDATIONS cycle=1585314587 reason=0 phase0=171707 phase1=77 phase2=0 phase3=0 phase4=0 phase5=0
INVALIDATIONS cycle=1585314587 reason=1 phase0=130135 phase1=57 phase2=0 phase3=0 phase4=0 phase5=0
INVALIDATIONS cycle=1585314587 reason=2 phase0=1 phase1=0 phase2=0 phase3=0 phase4=0 phase5=0
INVALIDATIONS cycle=1585314587 reason=3 phase0=0 phase1=0 phase2=0 phase3=0 phase4=0 phase5=0
INVALIDATIONS cycle=1585314587 reason=4 phase0=0 phase1=0 phase2=0 phase3=0 phase4=0 phase5=0
INVALIDATIONS cycle=1585314587 reason=5 phase0=0 phase1=0 phase2=0 phase3=0 phase4=0 phase5=0
ADAPTER cycle=1592946105 request_samples=875366233 ack_samples=337483638 instruction_acks=135546611 data_acks=201937027 error_acks=0 fetched_bytes=453124302 dispatches=334000000 known_dispatches=209697111 ir_mismatch=4599068 signature_failures=0 secondary_skipped=246877 primary_mismatch_skipped=4599068 diagnostic_dropped=0 starts=0 stops=0 callbacks=0 returns=0 aborts=0 unmatched=0 prefix_aborts=134 prefix0=0 prefix1=134 prefix2=0 prefix3=0 prefix4=0 prefix5=0 invalidation0=171964 invalidation1=130864 invalidation2=1 invalidation3=0 invalidation4=0 invalidation5=0
INVALIDATIONS cycle=1592946105 reason=0 phase0=171887 phase1=77 phase2=0 phase3=0 phase4=0 phase5=0
INVALIDATIONS cycle=1592946105 reason=1 phase0=130807 phase1=57 phase2=0 phase3=0 phase4=0 phase5=0
INVALIDATIONS cycle=1592946105 reason=2 phase0=1 phase1=0 phase2=0 phase3=0 phase4=0 phase5=0
INVALIDATIONS cycle=1592946105 reason=3 phase0=0 phase1=0 phase2=0 phase3=0 phase4=0 phase5=0
INVALIDATIONS cycle=1592946105 reason=4 phase0=0 phase1=0 phase2=0 phase3=0 phase4=0 phase5=0
INVALIDATIONS cycle=1592946105 reason=5 phase0=0 phase1=0 phase2=0 phase3=0 phase4=0 phase5=0
ADAPTER cycle=1600579006 request_samples=880967179 ack_samples=338917635 instruction_acks=136207403 data_acks=202710232 error_acks=0 fetched_bytes=455379114 dispatches=335000000 known_dispatches=210355346 ir_mismatch=4628058 signature_failures=0 secondary_skipped=247541 primary_mismatch_skipped=4628058 diagnostic_dropped=0 starts=0 stops=0 callbacks=0 returns=0 aborts=0 unmatched=0 prefix_aborts=134 prefix0=0 prefix1=134 prefix2=0 prefix3=0 prefix4=0 prefix5=0 invalidation0=172144 invalidation1=131536 invalidation2=1 invalidation3=0 invalidation4=0 invalidation5=0
INVALIDATIONS cycle=1600579006 reason=0 phase0=172067 phase1=77 phase2=0 phase3=0 phase4=0 phase5=0
INVALIDATIONS cycle=1600579006 reason=1 phase0=131479 phase1=57 phase2=0 phase3=0 phase4=0 phase5=0
INVALIDATIONS cycle=1600579006 reason=2 phase0=1 phase1=0 phase2=0 phase3=0 phase4=0 phase5=0
INVALIDATIONS cycle=1600579006 reason=3 phase0=0 phase1=0 phase2=0 phase3=0 phase4=0 phase5=0
INVALIDATIONS cycle=1600579006 reason=4 phase0=0 phase1=0 phase2=0 phase3=0 phase4=0 phase5=0
INVALIDATIONS cycle=1600579006 reason=5 phase0=0 phase1=0 phase2=0 phase3=0 phase4=0 phase5=0
ADAPTER cycle=1608216273 request_samples=886572785 ack_samples=340351726 instruction_acks=136868327 data_acks=203483399 error_acks=0 fetched_bytes=457634366 dispatches=336000000 known_dispatches=211013585 ir_mismatch=4657053 signature_failures=0 secondary_skipped=248200 primary_mismatch_skipped=4657053 diagnostic_dropped=0 starts=0 stops=0 callbacks=0 returns=0 aborts=0 unmatched=0 prefix_aborts=134 prefix0=0 prefix1=134 prefix2=0 prefix3=0 prefix4=0 prefix5=0 invalidation0=172334 invalidation1=132210 invalidation2=1 invalidation3=0 invalidation4=0 invalidation5=0
INVALIDATIONS cycle=1608216273 reason=0 phase0=172257 phase1=77 phase2=0 phase3=0 phase4=0 phase5=0
INVALIDATIONS cycle=1608216273 reason=1 phase0=132153 phase1=57 phase2=0 phase3=0 phase4=0 phase5=0
INVALIDATIONS cycle=1608216273 reason=2 phase0=1 phase1=0 phase2=0 phase3=0 phase4=0 phase5=0
INVALIDATIONS cycle=1608216273 reason=3 phase0=0 phase1=0 phase2=0 phase3=0 phase4=0 phase5=0
INVALIDATIONS cycle=1608216273 reason=4 phase0=0 phase1=0 phase2=0 phase3=0 phase4=0 phase5=0
INVALIDATIONS cycle=1608216273 reason=5 phase0=0 phase1=0 phase2=0 phase3=0 phase4=0 phase5=0
ADAPTER cycle=1615836937 request_samples=892163142 ack_samples=341782538 instruction_acks=137527211 data_acks=204255327 error_acks=0 fetched_bytes=459883194 dispatches=337000000 known_dispatches=211671533 ir_mismatch=4685807 signature_failures=0 secondary_skipped=248881 primary_mismatch_skipped=4685807 diagnostic_dropped=0 starts=0 stops=0 callbacks=0 returns=0 aborts=0 unmatched=0 prefix_aborts=134 prefix0=0 prefix1=134 prefix2=0 prefix3=0 prefix4=0 prefix5=0 invalidation0=172544 invalidation1=132882 invalidation2=1 invalidation3=0 invalidation4=0 invalidation5=0
INVALIDATIONS cycle=1615836937 reason=0 phase0=172467 phase1=77 phase2=0 phase3=0 phase4=0 phase5=0
INVALIDATIONS cycle=1615836937 reason=1 phase0=132825 phase1=57 phase2=0 phase3=0 phase4=0 phase5=0
INVALIDATIONS cycle=1615836937 reason=2 phase0=1 phase1=0 phase2=0 phase3=0 phase4=0 phase5=0
INVALIDATIONS cycle=1615836937 reason=3 phase0=0 phase1=0 phase2=0 phase3=0 phase4=0 phase5=0
INVALIDATIONS cycle=1615836937 reason=4 phase0=0 phase1=0 phase2=0 phase3=0 phase4=0 phase5=0
INVALIDATIONS cycle=1615836937 reason=5 phase0=0 phase1=0 phase2=0 phase3=0 phase4=0 phase5=0
ADAPTER cycle=1623470729 request_samples=897765285 ack_samples=343216303 instruction_acks=138187725 data_acks=205028578 error_acks=0 fetched_bytes=462137530 dispatches=338000000 known_dispatches=212329662 ir_mismatch=4714722 signature_failures=0 secondary_skipped=249540 primary_mismatch_skipped=4714722 diagnostic_dropped=0 starts=0 stops=0 callbacks=0 returns=0 aborts=0 unmatched=0 prefix_aborts=134 prefix0=0 prefix1=134 prefix2=0 prefix3=0 prefix4=0 prefix5=0 invalidation0=172724 invalidation1=133551 invalidation2=1 invalidation3=0 invalidation4=0 invalidation5=0
INVALIDATIONS cycle=1623470729 reason=0 phase0=172647 phase1=77 phase2=0 phase3=0 phase4=0 phase5=0
INVALIDATIONS cycle=1623470729 reason=1 phase0=133494 phase1=57 phase2=0 phase3=0 phase4=0 phase5=0
INVALIDATIONS cycle=1623470729 reason=2 phase0=1 phase1=0 phase2=0 phase3=0 phase4=0 phase5=0
INVALIDATIONS cycle=1623470729 reason=3 phase0=0 phase1=0 phase2=0 phase3=0 phase4=0 phase5=0
INVALIDATIONS cycle=1623470729 reason=4 phase0=0 phase1=0 phase2=0 phase3=0 phase4=0 phase5=0
INVALIDATIONS cycle=1623470729 reason=5 phase0=0 phase1=0 phase2=0 phase3=0 phase4=0 phase5=0
ADAPTER cycle=1631104497 request_samples=903367086 ack_samples=344650408 instruction_acks=138848625 data_acks=205801783 error_acks=0 fetched_bytes=464392680 dispatches=339000000 known_dispatches=212987856 ir_mismatch=4743712 signature_failures=0 secondary_skipped=250204 primary_mismatch_skipped=4743712 diagnostic_dropped=0 starts=0 stops=0 callbacks=0 returns=0 aborts=0 unmatched=0 prefix_aborts=134 prefix0=0 prefix1=134 prefix2=0 prefix3=0 prefix4=0 prefix5=0 invalidation0=172904 invalidation1=134223 invalidation2=1 invalidation3=0 invalidation4=0 invalidation5=0
INVALIDATIONS cycle=1631104497 reason=0 phase0=172827 phase1=77 phase2=0 phase3=0 phase4=0 phase5=0
INVALIDATIONS cycle=1631104497 reason=1 phase0=134166 phase1=57 phase2=0 phase3=0 phase4=0 phase5=0
INVALIDATIONS cycle=1631104497 reason=2 phase0=1 phase1=0 phase2=0 phase3=0 phase4=0 phase5=0
INVALIDATIONS cycle=1631104497 reason=3 phase0=0 phase1=0 phase2=0 phase3=0 phase4=0 phase5=0
INVALIDATIONS cycle=1631104497 reason=4 phase0=0 phase1=0 phase2=0 phase3=0 phase4=0 phase5=0
INVALIDATIONS cycle=1631104497 reason=5 phase0=0 phase1=0 phase2=0 phase3=0 phase4=0 phase5=0
ADAPTER cycle=1638735546 request_samples=908966332 ack_samples=346084435 instruction_acks=139509506 data_acks=206574929 error_acks=0 fetched_bytes=466647722 dispatches=340000000 known_dispatches=213646060 ir_mismatch=4772706 signature_failures=0 secondary_skipped=250863 primary_mismatch_skipped=4772706 diagnostic_dropped=0 starts=0 stops=0 callbacks=0 returns=0 aborts=0 unmatched=0 prefix_aborts=134 prefix0=0 prefix1=134 prefix2=0 prefix3=0 prefix4=0 prefix5=0 invalidation0=173084 invalidation1=134895 invalidation2=1 invalidation3=0 invalidation4=0 invalidation5=0
INVALIDATIONS cycle=1638735546 reason=0 phase0=173007 phase1=77 phase2=0 phase3=0 phase4=0 phase5=0
INVALIDATIONS cycle=1638735546 reason=1 phase0=134838 phase1=57 phase2=0 phase3=0 phase4=0 phase5=0
INVALIDATIONS cycle=1638735546 reason=2 phase0=1 phase1=0 phase2=0 phase3=0 phase4=0 phase5=0
INVALIDATIONS cycle=1638735546 reason=3 phase0=0 phase1=0 phase2=0 phase3=0 phase4=0 phase5=0
INVALIDATIONS cycle=1638735546 reason=4 phase0=0 phase1=0 phase2=0 phase3=0 phase4=0 phase5=0
INVALIDATIONS cycle=1638735546 reason=5 phase0=0 phase1=0 phase2=0 phase3=0 phase4=0 phase5=0
ADAPTER cycle=1646359790 request_samples=914560273 ack_samples=347515484 instruction_acks=140168626 data_acks=207346858 error_acks=0 fetched_bytes=468897384 dispatches=341000000 known_dispatches=214304189 ir_mismatch=4801571 signature_failures=0 secondary_skipped=251545 primary_mismatch_skipped=4801571 diagnostic_dropped=0 starts=0 stops=0 callbacks=0 returns=0 aborts=0 unmatched=0 prefix_aborts=134 prefix0=0 prefix1=134 prefix2=0 prefix3=0 prefix4=0 prefix5=0 invalidation0=173284 invalidation1=135568 invalidation2=1 invalidation3=0 invalidation4=0 invalidation5=0
INVALIDATIONS cycle=1646359790 reason=0 phase0=173207 phase1=77 phase2=0 phase3=0 phase4=0 phase5=0
INVALIDATIONS cycle=1646359790 reason=1 phase0=135511 phase1=57 phase2=0 phase3=0 phase4=0 phase5=0
INVALIDATIONS cycle=1646359790 reason=2 phase0=1 phase1=0 phase2=0 phase3=0 phase4=0 phase5=0
INVALIDATIONS cycle=1646359790 reason=3 phase0=0 phase1=0 phase2=0 phase3=0 phase4=0 phase5=0
INVALIDATIONS cycle=1646359790 reason=4 phase0=0 phase1=0 phase2=0 phase3=0 phase4=0 phase5=0
INVALIDATIONS cycle=1646359790 reason=5 phase0=0 phase1=0 phase2=0 phase3=0 phase4=0 phase5=0
ADAPTER cycle=1653996292 request_samples=920165138 ack_samples=348949095 instruction_acks=140829266 data_acks=208119829 error_acks=0 fetched_bytes=471151720 dispatches=342000000 known_dispatches=214962389 ir_mismatch=4830466 signature_failures=0 secondary_skipped=252204 primary_mismatch_skipped=4830466 diagnostic_dropped=0 starts=0 stops=0 callbacks=0 returns=0 aborts=0 unmatched=0 prefix_aborts=134 prefix0=0 prefix1=134 prefix2=0 prefix3=0 prefix4=0 prefix5=0 invalidation0=173474 invalidation1=136242 invalidation2=1 invalidation3=0 invalidation4=0 invalidation5=0
INVALIDATIONS cycle=1653996292 reason=0 phase0=173397 phase1=77 phase2=0 phase3=0 phase4=0 phase5=0
INVALIDATIONS cycle=1653996292 reason=1 phase0=136185 phase1=57 phase2=0 phase3=0 phase4=0 phase5=0
INVALIDATIONS cycle=1653996292 reason=2 phase0=1 phase1=0 phase2=0 phase3=0 phase4=0 phase5=0
INVALIDATIONS cycle=1653996292 reason=3 phase0=0 phase1=0 phase2=0 phase3=0 phase4=0 phase5=0
INVALIDATIONS cycle=1653996292 reason=4 phase0=0 phase1=0 phase2=0 phase3=0 phase4=0 phase5=0
INVALIDATIONS cycle=1653996292 reason=5 phase0=0 phase1=0 phase2=0 phase3=0 phase4=0 phase5=0
ADAPTER cycle=1661630848 request_samples=925767632 ack_samples=350383280 instruction_acks=141490177 data_acks=208893103 error_acks=0 fetched_bytes=473406880 dispatches=343000000 known_dispatches=215620707 ir_mismatch=4859445 signature_failures=0 secondary_skipped=252867 primary_mismatch_skipped=4859445 diagnostic_dropped=0 starts=0 stops=0 callbacks=0 returns=0 aborts=0 unmatched=0 prefix_aborts=134 prefix0=0 prefix1=134 prefix2=0 prefix3=0 prefix4=0 prefix5=0 invalidation0=173654 invalidation1=136914 invalidation2=1 invalidation3=0 invalidation4=0 invalidation5=0
INVALIDATIONS cycle=1661630848 reason=0 phase0=173577 phase1=77 phase2=0 phase3=0 phase4=0 phase5=0
INVALIDATIONS cycle=1661630848 reason=1 phase0=136857 phase1=57 phase2=0 phase3=0 phase4=0 phase5=0
INVALIDATIONS cycle=1661630848 reason=2 phase0=1 phase1=0 phase2=0 phase3=0 phase4=0 phase5=0
INVALIDATIONS cycle=1661630848 reason=3 phase0=0 phase1=0 phase2=0 phase3=0 phase4=0 phase5=0
INVALIDATIONS cycle=1661630848 reason=4 phase0=0 phase1=0 phase2=0 phase3=0 phase4=0 phase5=0
INVALIDATIONS cycle=1661630848 reason=5 phase0=0 phase1=0 phase2=0 phase3=0 phase4=0 phase5=0
ADAPTER cycle=1667977001 request_samples=930042421 ack_samples=351641130 instruction_acks=141989920 data_acks=209651210 error_acks=0 fetched_bytes=475148598 dispatches=344000000 known_dispatches=216214829 ir_mismatch=4876393 signature_failures=0 secondary_skipped=254324 primary_mismatch_skipped=4876393 diagnostic_dropped=0 starts=0 stops=0 callbacks=0 returns=0 aborts=0 unmatched=0 prefix_aborts=134 prefix0=0 prefix1=134 prefix2=0 prefix3=0 prefix4=0 prefix5=0 invalidation0=174604 invalidation1=137582 invalidation2=1 invalidation3=0 invalidation4=0 invalidation5=0
INVALIDATIONS cycle=1667977001 reason=0 phase0=174527 phase1=77 phase2=0 phase3=0 phase4=0 phase5=0
INVALIDATIONS cycle=1667977001 reason=1 phase0=137525 phase1=57 phase2=0 phase3=0 phase4=0 phase5=0
INVALIDATIONS cycle=1667977001 reason=2 phase0=1 phase1=0 phase2=0 phase3=0 phase4=0 phase5=0
INVALIDATIONS cycle=1667977001 reason=3 phase0=0 phase1=0 phase2=0 phase3=0 phase4=0 phase5=0
INVALIDATIONS cycle=1667977001 reason=4 phase0=0 phase1=0 phase2=0 phase3=0 phase4=0 phase5=0
INVALIDATIONS cycle=1667977001 reason=5 phase0=0 phase1=0 phase2=0 phase3=0 phase4=0 phase5=0
ADAPTER cycle=1675164506 request_samples=935234773 ack_samples=353013095 instruction_acks=142617053 data_acks=210396042 error_acks=0 fetched_bytes=477293696 dispatches=345000000 known_dispatches=216861277 ir_mismatch=4906859 signature_failures=0 secondary_skipped=255717 primary_mismatch_skipped=4906859 diagnostic_dropped=0 starts=0 stops=0 callbacks=0 returns=0 aborts=0 unmatched=0 prefix_aborts=134 prefix0=0 prefix1=134 prefix2=0 prefix3=0 prefix4=0 prefix5=0 invalidation0=174774 invalidation1=138381 invalidation2=1 invalidation3=0 invalidation4=0 invalidation5=0
INVALIDATIONS cycle=1675164506 reason=0 phase0=174697 phase1=77 phase2=0 phase3=0 phase4=0 phase5=0
INVALIDATIONS cycle=1675164506 reason=1 phase0=138324 phase1=57 phase2=0 phase3=0 phase4=0 phase5=0
INVALIDATIONS cycle=1675164506 reason=2 phase0=1 phase1=0 phase2=0 phase3=0 phase4=0 phase5=0
INVALIDATIONS cycle=1675164506 reason=3 phase0=0 phase1=0 phase2=0 phase3=0 phase4=0 phase5=0
INVALIDATIONS cycle=1675164506 reason=4 phase0=0 phase1=0 phase2=0 phase3=0 phase4=0 phase5=0
INVALIDATIONS cycle=1675164506 reason=5 phase0=0 phase1=0 phase2=0 phase3=0 phase4=0 phase5=0
ADAPTER cycle=1682624275 request_samples=940687367 ack_samples=354432061 instruction_acks=143271256 data_acks=211160805 error_acks=0 fetched_bytes=479526794 dispatches=346000000 known_dispatches=217513548 ir_mismatch=4935774 signature_failures=0 secondary_skipped=257191 primary_mismatch_skipped=4935774 diagnostic_dropped=0 starts=0 stops=0 callbacks=0 returns=0 aborts=0 unmatched=0 prefix_aborts=134 prefix0=0 prefix1=134 prefix2=0 prefix3=0 prefix4=0 prefix5=0 invalidation0=174974 invalidation1=139033 invalidation2=1 invalidation3=0 invalidation4=0 invalidation5=0
INVALIDATIONS cycle=1682624275 reason=0 phase0=174897 phase1=77 phase2=0 phase3=0 phase4=0 phase5=0
INVALIDATIONS cycle=1682624275 reason=1 phase0=138976 phase1=57 phase2=0 phase3=0 phase4=0 phase5=0
INVALIDATIONS cycle=1682624275 reason=2 phase0=1 phase1=0 phase2=0 phase3=0 phase4=0 phase5=0
INVALIDATIONS cycle=1682624275 reason=3 phase0=0 phase1=0 phase2=0 phase3=0 phase4=0 phase5=0
INVALIDATIONS cycle=1682624275 reason=4 phase0=0 phase1=0 phase2=0 phase3=0 phase4=0 phase5=0
INVALIDATIONS cycle=1682624275 reason=5 phase0=0 phase1=0 phase2=0 phase3=0 phase4=0 phase5=0
ADAPTER cycle=1690099483 request_samples=946153297 ack_samples=355854921 instruction_acks=143927760 data_acks=211927161 error_acks=0 fetched_bytes=481766674 dispatches=347000000 known_dispatches=218165849 ir_mismatch=4964794 signature_failures=0 secondary_skipped=258666 primary_mismatch_skipped=4964794 diagnostic_dropped=0 starts=0 stops=0 callbacks=0 returns=0 aborts=0 unmatched=0 prefix_aborts=134 prefix0=0 prefix1=134 prefix2=0 prefix3=0 prefix4=0 prefix5=0 invalidation0=175154 invalidation1=139690 invalidation2=1 invalidation3=0 invalidation4=0 invalidation5=0
INVALIDATIONS cycle=1690099483 reason=0 phase0=175077 phase1=77 phase2=0 phase3=0 phase4=0 phase5=0
INVALIDATIONS cycle=1690099483 reason=1 phase0=139633 phase1=57 phase2=0 phase3=0 phase4=0 phase5=0
INVALIDATIONS cycle=1690099483 reason=2 phase0=1 phase1=0 phase2=0 phase3=0 phase4=0 phase5=0
INVALIDATIONS cycle=1690099483 reason=3 phase0=0 phase1=0 phase2=0 phase3=0 phase4=0 phase5=0
INVALIDATIONS cycle=1690099483 reason=4 phase0=0 phase1=0 phase2=0 phase3=0 phase4=0 phase5=0
INVALIDATIONS cycle=1690099483 reason=5 phase0=0 phase1=0 phase2=0 phase3=0 phase4=0 phase5=0
ADAPTER cycle=1697571699 request_samples=951616582 ack_samples=357277798 instruction_acks=144584347 data_acks=212693451 error_acks=0 fetched_bytes=484006776 dispatches=348000000 known_dispatches=218818729 ir_mismatch=4993932 signature_failures=0 secondary_skipped=260138 primary_mismatch_skipped=4993932 diagnostic_dropped=0 starts=0 stops=0 callbacks=0 returns=0 aborts=0 unmatched=0 prefix_aborts=134 prefix0=0 prefix1=134 prefix2=0 prefix3=0 prefix4=0 prefix5=0 invalidation0=175324 invalidation1=140342 invalidation2=1 invalidation3=0 invalidation4=0 invalidation5=0
INVALIDATIONS cycle=1697571699 reason=0 phase0=175247 phase1=77 phase2=0 phase3=0 phase4=0 phase5=0
INVALIDATIONS cycle=1697571699 reason=1 phase0=140285 phase1=57 phase2=0 phase3=0 phase4=0 phase5=0
INVALIDATIONS cycle=1697571699 reason=2 phase0=1 phase1=0 phase2=0 phase3=0 phase4=0 phase5=0
INVALIDATIONS cycle=1697571699 reason=3 phase0=0 phase1=0 phase2=0 phase3=0 phase4=0 phase5=0
INVALIDATIONS cycle=1697571699 reason=4 phase0=0 phase1=0 phase2=0 phase3=0 phase4=0 phase5=0
INVALIDATIONS cycle=1697571699 reason=5 phase0=0 phase1=0 phase2=0 phase3=0 phase4=0 phase5=0
ADAPTER cycle=1701364884 request_samples=952481636 ack_samples=357843986 instruction_acks=144630327 data_acks=213213659 error_acks=0 fetched_bytes=484165140 dispatches=349000000 known_dispatches=219772635 ir_mismatch=4995464 signature_failures=0 secondary_skipped=260445 primary_mismatch_skipped=4995464 diagnostic_dropped=0 starts=0 stops=0 callbacks=0 returns=0 aborts=0 unmatched=0 prefix_aborts=134 prefix0=0 prefix1=134 prefix2=0 prefix3=0 prefix4=0 prefix5=0 invalidation0=175454 invalidation1=140402 invalidation2=1 invalidation3=0 invalidation4=0 invalidation5=0
INVALIDATIONS cycle=1701364884 reason=0 phase0=175377 phase1=77 phase2=0 phase3=0 phase4=0 phase5=0
INVALIDATIONS cycle=1701364884 reason=1 phase0=140345 phase1=57 phase2=0 phase3=0 phase4=0 phase5=0
INVALIDATIONS cycle=1701364884 reason=2 phase0=1 phase1=0 phase2=0 phase3=0 phase4=0 phase5=0
INVALIDATIONS cycle=1701364884 reason=3 phase0=0 phase1=0 phase2=0 phase3=0 phase4=0 phase5=0
INVALIDATIONS cycle=1701364884 reason=4 phase0=0 phase1=0 phase2=0 phase3=0 phase4=0 phase5=0
INVALIDATIONS cycle=1701364884 reason=5 phase0=0 phase1=0 phase2=0 phase3=0 phase4=0 phase5=0
ADAPTER cycle=1705128581 request_samples=953325344 ack_samples=358426680 instruction_acks=144677576 data_acks=213749104 error_acks=0 fetched_bytes=484330174 dispatches=350000000 known_dispatches=220728630 ir_mismatch=4997022 signature_failures=0 secondary_skipped=260691 primary_mismatch_skipped=4997022 diagnostic_dropped=0 starts=0 stops=0 callbacks=0 returns=0 aborts=0 unmatched=0 prefix_aborts=134 prefix0=0 prefix1=134 prefix2=0 prefix3=0 prefix4=0 prefix5=0 invalidation0=175624 invalidation1=140448 invalidation2=1 invalidation3=0 invalidation4=0 invalidation5=0
INVALIDATIONS cycle=1705128581 reason=0 phase0=175547 phase1=77 phase2=0 phase3=0 phase4=0 phase5=0
INVALIDATIONS cycle=1705128581 reason=1 phase0=140391 phase1=57 phase2=0 phase3=0 phase4=0 phase5=0
INVALIDATIONS cycle=1705128581 reason=2 phase0=1 phase1=0 phase2=0 phase3=0 phase4=0 phase5=0
INVALIDATIONS cycle=1705128581 reason=3 phase0=0 phase1=0 phase2=0 phase3=0 phase4=0 phase5=0
INVALIDATIONS cycle=1705128581 reason=4 phase0=0 phase1=0 phase2=0 phase3=0 phase4=0 phase5=0
INVALIDATIONS cycle=1705128581 reason=5 phase0=0 phase1=0 phase2=0 phase3=0 phase4=0 phase5=0
LIVE cycle=1707694206 kind=PREFIX phase=1 site=0 pc=603a24 reason=
LIVE cycle=1707710595 kind=INVALIDATE phase=1 site=0 pc=603a24 reason=MMU_REGISTERS
LIVE cycle=1709527924 kind=PREFIX phase=1 site=0 pc=7b1b46 reason=
LIVE cycle=1709533941 kind=INVALIDATE phase=1 site=0 pc=7b1b46 reason=PFLUSH_OR_CINV
ADAPTER cycle=1710498548 request_samples=956704425 ack_samples=359507216 instruction_acks=145081480 data_acks=214425736 error_acks=0 fetched_bytes=485779830 dispatches=351000000 known_dispatches=221277621 ir_mismatch=5007503 signature_failures=0 secondary_skipped=262248 primary_mismatch_skipped=5007503 diagnostic_dropped=0 starts=0 stops=0 callbacks=0 returns=0 aborts=0 unmatched=0 prefix_aborts=136 prefix0=0 prefix1=136 prefix2=0 prefix3=0 prefix4=0 prefix5=0 invalidation0=177269 invalidation1=141007 invalidation2=1 invalidation3=0 invalidation4=0 invalidation5=0
INVALIDATIONS cycle=1710498548 reason=0 phase0=177191 phase1=78 phase2=0 phase3=0 phase4=0 phase5=0
INVALIDATIONS cycle=1710498548 reason=1 phase0=140949 phase1=58 phase2=0 phase3=0 phase4=0 phase5=0
INVALIDATIONS cycle=1710498548 reason=2 phase0=1 phase1=0 phase2=0 phase3=0 phase4=0 phase5=0
INVALIDATIONS cycle=1710498548 reason=3 phase0=0 phase1=0 phase2=0 phase3=0 phase4=0 phase5=0
INVALIDATIONS cycle=1710498548 reason=4 phase0=0 phase1=0 phase2=0 phase3=0 phase4=0 phase5=0
INVALIDATIONS cycle=1710498548 reason=5 phase0=0 phase1=0 phase2=0 phase3=0 phase4=0 phase5=0
ADAPTER cycle=1714870330 request_samples=958945053 ack_samples=360774484 instruction_acks=145650941 data_acks=215123543 error_acks=0 fetched_bytes=487659624 dispatches=352000000 known_dispatches=221815024 ir_mismatch=5030908 signature_failures=0 secondary_skipped=262611 primary_mismatch_skipped=5030908 diagnostic_dropped=0 starts=0 stops=0 callbacks=0 returns=0 aborts=0 unmatched=0 prefix_aborts=136 prefix0=0 prefix1=136 prefix2=0 prefix3=0 prefix4=0 prefix5=0 invalidation0=177474 invalidation1=141109 invalidation2=1 invalidation3=0 invalidation4=0 invalidation5=0
INVALIDATIONS cycle=1714870330 reason=0 phase0=177396 phase1=78 phase2=0 phase3=0 phase4=0 phase5=0
INVALIDATIONS cycle=1714870330 reason=1 phase0=141051 phase1=58 phase2=0 phase3=0 phase4=0 phase5=0
INVALIDATIONS cycle=1714870330 reason=2 phase0=1 phase1=0 phase2=0 phase3=0 phase4=0 phase5=0
INVALIDATIONS cycle=1714870330 reason=3 phase0=0 phase1=0 phase2=0 phase3=0 phase4=0 phase5=0
INVALIDATIONS cycle=1714870330 reason=4 phase0=0 phase1=0 phase2=0 phase3=0 phase4=0 phase5=0
INVALIDATIONS cycle=1714870330 reason=5 phase0=0 phase1=0 phase2=0 phase3=0 phase4=0 phase5=0
ADAPTER cycle=1719027551 request_samples=960950169 ack_samples=362059447 instruction_acks=146234596 data_acks=215824851 error_acks=0 fetched_bytes=489569822 dispatches=353000000 known_dispatches=222345809 ir_mismatch=5054344 signature_failures=0 secondary_skipped=262855 primary_mismatch_skipped=5054344 diagnostic_dropped=0 starts=0 stops=0 callbacks=0 returns=0 aborts=0 unmatched=0 prefix_aborts=136 prefix0=0 prefix1=136 prefix2=0 prefix3=0 prefix4=0 prefix5=0 invalidation0=177574 invalidation1=141129 invalidation2=1 invalidation3=0 invalidation4=0 invalidation5=0
INVALIDATIONS cycle=1719027551 reason=0 phase0=177496 phase1=78 phase2=0 phase3=0 phase4=0 phase5=0
INVALIDATIONS cycle=1719027551 reason=1 phase0=141071 phase1=58 phase2=0 phase3=0 phase4=0 phase5=0
INVALIDATIONS cycle=1719027551 reason=2 phase0=1 phase1=0 phase2=0 phase3=0 phase4=0 phase5=0
INVALIDATIONS cycle=1719027551 reason=3 phase0=0 phase1=0 phase2=0 phase3=0 phase4=0 phase5=0
INVALIDATIONS cycle=1719027551 reason=4 phase0=0 phase1=0 phase2=0 phase3=0 phase4=0 phase5=0
INVALIDATIONS cycle=1719027551 reason=5 phase0=0 phase1=0 phase2=0 phase3=0 phase4=0 phase5=0
ADAPTER cycle=1723167510 request_samples=962936142 ack_samples=363344279 instruction_acks=146817988 data_acks=216526291 error_acks=0 fetched_bytes=491478526 dispatches=354000000 known_dispatches=222873935 ir_mismatch=5077764 signature_failures=0 secondary_skipped=263103 primary_mismatch_skipped=5077764 diagnostic_dropped=0 starts=0 stops=0 callbacks=0 returns=0 aborts=0 unmatched=0 prefix_aborts=136 prefix0=0 prefix1=136 prefix2=0 prefix3=0 prefix4=0 prefix5=0 invalidation0=177664 invalidation1=141147 invalidation2=1 invalidation3=0 invalidation4=0 invalidation5=0
INVALIDATIONS cycle=1723167510 reason=0 phase0=177586 phase1=78 phase2=0 phase3=0 phase4=0 phase5=0
INVALIDATIONS cycle=1723167510 reason=1 phase0=141089 phase1=58 phase2=0 phase3=0 phase4=0 phase5=0
INVALIDATIONS cycle=1723167510 reason=2 phase0=1 phase1=0 phase2=0 phase3=0 phase4=0 phase5=0
INVALIDATIONS cycle=1723167510 reason=3 phase0=0 phase1=0 phase2=0 phase3=0 phase4=0 phase5=0
INVALIDATIONS cycle=1723167510 reason=4 phase0=0 phase1=0 phase2=0 phase3=0 phase4=0 phase5=0
INVALIDATIONS cycle=1723167510 reason=5 phase0=0 phase1=0 phase2=0 phase3=0 phase4=0 phase5=0
ADAPTER cycle=1727321985 request_samples=964938040 ack_samples=364629344 instruction_acks=147401611 data_acks=217227733 error_acks=0 fetched_bytes=493388628 dispatches=355000000 known_dispatches=223399703 ir_mismatch=5101193 signature_failures=0 secondary_skipped=263353 primary_mismatch_skipped=5101193 diagnostic_dropped=0 starts=0 stops=0 callbacks=0 returns=0 aborts=0 unmatched=0 prefix_aborts=136 prefix0=0 prefix1=136 prefix2=0 prefix3=0 prefix4=0 prefix5=0 invalidation0=177764 invalidation1=141167 invalidation2=1 invalidation3=0 invalidation4=0 invalidation5=0
INVALIDATIONS cycle=1727321985 reason=0 phase0=177686 phase1=78 phase2=0 phase3=0 phase4=0 phase5=0
INVALIDATIONS cycle=1727321985 reason=1 phase0=141109 phase1=58 phase2=0 phase3=0 phase4=0 phase5=0
INVALIDATIONS cycle=1727321985 reason=2 phase0=1 phase1=0 phase2=0 phase3=0 phase4=0 phase5=0
INVALIDATIONS cycle=1727321985 reason=3 phase0=0 phase1=0 phase2=0 phase3=0 phase4=0 phase5=0
INVALIDATIONS cycle=1727321985 reason=4 phase0=0 phase1=0 phase2=0 phase3=0 phase4=0 phase5=0
INVALIDATIONS cycle=1727321985 reason=5 phase0=0 phase1=0 phase2=0 phase3=0 phase4=0 phase5=0
ADAPTER cycle=1731462319 request_samples=966924385 ack_samples=365914176 instruction_acks=147984991 data_acks=217929185 error_acks=0 fetched_bytes=495297342 dispatches=356000000 known_dispatches=223921097 ir_mismatch=5124605 signature_failures=0 secondary_skipped=263601 primary_mismatch_skipped=5124605 diagnostic_dropped=0 starts=0 stops=0 callbacks=0 returns=0 aborts=0 unmatched=0 prefix_aborts=136 prefix0=0 prefix1=136 prefix2=0 prefix3=0 prefix4=0 prefix5=0 invalidation0=177864 invalidation1=141187 invalidation2=1 invalidation3=0 invalidation4=0 invalidation5=0
INVALIDATIONS cycle=1731462319 reason=0 phase0=177786 phase1=78 phase2=0 phase3=0 phase4=0 phase5=0
INVALIDATIONS cycle=1731462319 reason=1 phase0=141129 phase1=58 phase2=0 phase3=0 phase4=0 phase5=0
INVALIDATIONS cycle=1731462319 reason=2 phase0=1 phase1=0 phase2=0 phase3=0 phase4=0 phase5=0
INVALIDATIONS cycle=1731462319 reason=3 phase0=0 phase1=0 phase2=0 phase3=0 phase4=0 phase5=0
INVALIDATIONS cycle=1731462319 reason=4 phase0=0 phase1=0 phase2=0 phase3=0 phase4=0 phase5=0
INVALIDATIONS cycle=1731462319 reason=5 phase0=0 phase1=0 phase2=0 phase3=0 phase4=0 phase5=0
ADAPTER cycle=1735616351 request_samples=968926166 ack_samples=367199135 instruction_acks=148568622 data_acks=218630513 error_acks=0 fetched_bytes=497207450 dispatches=357000000 known_dispatches=224448835 ir_mismatch=5148041 signature_failures=0 secondary_skipped=263845 primary_mismatch_skipped=5148041 diagnostic_dropped=0 starts=0 stops=0 callbacks=0 returns=0 aborts=0 unmatched=0 prefix_aborts=136 prefix0=0 prefix1=136 prefix2=0 prefix3=0 prefix4=0 prefix5=0 invalidation0=177964 invalidation1=141207 invalidation2=1 invalidation3=0 invalidation4=0 invalidation5=0
INVALIDATIONS cycle=1735616351 reason=0 phase0=177886 phase1=78 phase2=0 phase3=0 phase4=0 phase5=0
INVALIDATIONS cycle=1735616351 reason=1 phase0=141149 phase1=58 phase2=0 phase3=0 phase4=0 phase5=0
INVALIDATIONS cycle=1735616351 reason=2 phase0=1 phase1=0 phase2=0 phase3=0 phase4=0 phase5=0
INVALIDATIONS cycle=1735616351 reason=3 phase0=0 phase1=0 phase2=0 phase3=0 phase4=0 phase5=0
INVALIDATIONS cycle=1735616351 reason=4 phase0=0 phase1=0 phase2=0 phase3=0 phase4=0 phase5=0
INVALIDATIONS cycle=1735616351 reason=5 phase0=0 phase1=0 phase2=0 phase3=0 phase4=0 phase5=0
ADAPTER cycle=1739758017 request_samples=970913561 ack_samples=368484102 instruction_acks=149152017 data_acks=219332085 error_acks=0 fetched_bytes=499116260 dispatches=358000000 known_dispatches=224971149 ir_mismatch=5171444 signature_failures=0 secondary_skipped=264093 primary_mismatch_skipped=5171444 diagnostic_dropped=0 starts=0 stops=0 callbacks=0 returns=0 aborts=0 unmatched=0 prefix_aborts=136 prefix0=0 prefix1=136 prefix2=0 prefix3=0 prefix4=0 prefix5=0 invalidation0=178064 invalidation1=141227 invalidation2=1 invalidation3=0 invalidation4=0 invalidation5=0
INVALIDATIONS cycle=1739758017 reason=0 phase0=177986 phase1=78 phase2=0 phase3=0 phase4=0 phase5=0
INVALIDATIONS cycle=1739758017 reason=1 phase0=141169 phase1=58 phase2=0 phase3=0 phase4=0 phase5=0
INVALIDATIONS cycle=1739758017 reason=2 phase0=1 phase1=0 phase2=0 phase3=0 phase4=0 phase5=0
INVALIDATIONS cycle=1739758017 reason=3 phase0=0 phase1=0 phase2=0 phase3=0 phase4=0 phase5=0
INVALIDATIONS cycle=1739758017 reason=4 phase0=0 phase1=0 phase2=0 phase3=0 phase4=0 phase5=0
INVALIDATIONS cycle=1739758017 reason=5 phase0=0 phase1=0 phase2=0 phase3=0 phase4=0 phase5=0
ADAPTER cycle=1743913167 request_samples=972916400 ack_samples=369769078 instruction_acks=149735660 data_acks=220033418 error_acks=0 fetched_bytes=501026406 dispatches=359000000 known_dispatches=225493501 ir_mismatch=5194883 signature_failures=0 secondary_skipped=264343 primary_mismatch_skipped=5194883 diagnostic_dropped=0 starts=0 stops=0 callbacks=0 returns=0 aborts=0 unmatched=0 prefix_aborts=136 prefix0=0 prefix1=136 prefix2=0 prefix3=0 prefix4=0 prefix5=0 invalidation0=178164 invalidation1=141247 invalidation2=1 invalidation3=0 invalidation4=0 invalidation5=0
INVALIDATIONS cycle=1743913167 reason=0 phase0=178086 phase1=78 phase2=0 phase3=0 phase4=0 phase5=0
INVALIDATIONS cycle=1743913167 reason=1 phase0=141189 phase1=58 phase2=0 phase3=0 phase4=0 phase5=0
INVALIDATIONS cycle=1743913167 reason=2 phase0=1 phase1=0 phase2=0 phase3=0 phase4=0 phase5=0
INVALIDATIONS cycle=1743913167 reason=3 phase0=0 phase1=0 phase2=0 phase3=0 phase4=0 phase5=0
INVALIDATIONS cycle=1743913167 reason=4 phase0=0 phase1=0 phase2=0 phase3=0 phase4=0 phase5=0
INVALIDATIONS cycle=1743913167 reason=5 phase0=0 phase1=0 phase2=0 phase3=0 phase4=0 phase5=0
ADAPTER cycle=1748094800 request_samples=974948989 ack_samples=371052168 instruction_acks=150317871 data_acks=220734297 error_acks=0 fetched_bytes=502933720 dispatches=360000000 known_dispatches=226022612 ir_mismatch=5218109 signature_failures=0 secondary_skipped=264611 primary_mismatch_skipped=5218109 diagnostic_dropped=0 starts=0 stops=0 callbacks=0 returns=0 aborts=0 unmatched=0 prefix_aborts=136 prefix0=0 prefix1=136 prefix2=0 prefix3=0 prefix4=0 prefix5=0 invalidation0=178284 invalidation1=141271 invalidation2=1 invalidation3=0 invalidation4=0 invalidation5=0
INVALIDATIONS cycle=1748094800 reason=0 phase0=178206 phase1=78 phase2=0 phase3=0 phase4=0 phase5=0
INVALIDATIONS cycle=1748094800 reason=1 phase0=141213 phase1=58 phase2=0 phase3=0 phase4=0 phase5=0
INVALIDATIONS cycle=1748094800 reason=2 phase0=1 phase1=0 phase2=0 phase3=0 phase4=0 phase5=0
INVALIDATIONS cycle=1748094800 reason=3 phase0=0 phase1=0 phase2=0 phase3=0 phase4=0 phase5=0
INVALIDATIONS cycle=1748094800 reason=4 phase0=0 phase1=0 phase2=0 phase3=0 phase4=0 phase5=0
INVALIDATIONS cycle=1748094800 reason=5 phase0=0 phase1=0 phase2=0 phase3=0 phase4=0 phase5=0
ADAPTER cycle=1752256611 request_samples=976958592 ack_samples=372337092 instruction_acks=150901496 data_acks=221435596 error_acks=0 fetched_bytes=504843810 dispatches=361000000 known_dispatches=226557035 ir_mismatch=5241544 signature_failures=0 secondary_skipped=264861 primary_mismatch_skipped=5241544 diagnostic_dropped=0 starts=0 stops=0 callbacks=0 returns=0 aborts=0 unmatched=0 prefix_aborts=136 prefix0=0 prefix1=136 prefix2=0 prefix3=0 prefix4=0 prefix5=0 invalidation0=178384 invalidation1=141291 invalidation2=1 invalidation3=0 invalidation4=0 invalidation5=0
INVALIDATIONS cycle=1752256611 reason=0 phase0=178306 phase1=78 phase2=0 phase3=0 phase4=0 phase5=0
INVALIDATIONS cycle=1752256611 reason=1 phase0=141233 phase1=58 phase2=0 phase3=0 phase4=0 phase5=0
INVALIDATIONS cycle=1752256611 reason=2 phase0=1 phase1=0 phase2=0 phase3=0 phase4=0 phase5=0
INVALIDATIONS cycle=1752256611 reason=3 phase0=0 phase1=0 phase2=0 phase3=0 phase4=0 phase5=0
INVALIDATIONS cycle=1752256611 reason=4 phase0=0 phase1=0 phase2=0 phase3=0 phase4=0 phase5=0
INVALIDATIONS cycle=1752256611 reason=5 phase0=0 phase1=0 phase2=0 phase3=0 phase4=0 phase5=0
ADAPTER cycle=1756391985 request_samples=978940041 ack_samples=373621913 instruction_acks=151484886 data_acks=222137027 error_acks=0 fetched_bytes=506752532 dispatches=362000000 known_dispatches=227079288 ir_mismatch=5264967 signature_failures=0 secondary_skipped=265103 primary_mismatch_skipped=5264967 diagnostic_dropped=0 starts=0 stops=0 callbacks=0 returns=0 aborts=0 unmatched=0 prefix_aborts=136 prefix0=0 prefix1=136 prefix2=0 prefix3=0 prefix4=0 prefix5=0 invalidation0=178474 invalidation1=141309 invalidation2=1 invalidation3=0 invalidation4=0 invalidation5=0
INVALIDATIONS cycle=1756391985 reason=0 phase0=178396 phase1=78 phase2=0 phase3=0 phase4=0 phase5=0
INVALIDATIONS cycle=1756391985 reason=1 phase0=141251 phase1=58 phase2=0 phase3=0 phase4=0 phase5=0
INVALIDATIONS cycle=1756391985 reason=2 phase0=1 phase1=0 phase2=0 phase3=0 phase4=0 phase5=0
INVALIDATIONS cycle=1756391985 reason=3 phase0=0 phase1=0 phase2=0 phase3=0 phase4=0 phase5=0
INVALIDATIONS cycle=1756391985 reason=4 phase0=0 phase1=0 phase2=0 phase3=0 phase4=0 phase5=0
INVALIDATIONS cycle=1756391985 reason=5 phase0=0 phase1=0 phase2=0 phase3=0 phase4=0 phase5=0
ADAPTER cycle=1760550890 request_samples=980946371 ack_samples=374907020 instruction_acks=152068555 data_acks=222838465 error_acks=0 fetched_bytes=508662784 dispatches=363000000 known_dispatches=227613570 ir_mismatch=5288400 signature_failures=0 secondary_skipped=265353 primary_mismatch_skipped=5288400 diagnostic_dropped=0 starts=0 stops=0 callbacks=0 returns=0 aborts=0 unmatched=0 prefix_aborts=136 prefix0=0 prefix1=136 prefix2=0 prefix3=0 prefix4=0 prefix5=0 invalidation0=178574 invalidation1=141329 invalidation2=1 invalidation3=0 invalidation4=0 invalidation5=0
INVALIDATIONS cycle=1760550890 reason=0 phase0=178496 phase1=78 phase2=0 phase3=0 phase4=0 phase5=0
INVALIDATIONS cycle=1760550890 reason=1 phase0=141271 phase1=58 phase2=0 phase3=0 phase4=0 phase5=0
INVALIDATIONS cycle=1760550890 reason=2 phase0=1 phase1=0 phase2=0 phase3=0 phase4=0 phase5=0
INVALIDATIONS cycle=1760550890 reason=3 phase0=0 phase1=0 phase2=0 phase3=0 phase4=0 phase5=0
INVALIDATIONS cycle=1760550890 reason=4 phase0=0 phase1=0 phase2=0 phase3=0 phase4=0 phase5=0
INVALIDATIONS cycle=1760550890 reason=5 phase0=0 phase1=0 phase2=0 phase3=0 phase4=0 phase5=0
ADAPTER cycle=1765562915 request_samples=983980625 ack_samples=375907262 instruction_acks=152447479 data_acks=223459783 error_acks=0 fetched_bytes=509931492 dispatches=364000000 known_dispatches=228283573 ir_mismatch=5301440 signature_failures=0 secondary_skipped=265890 primary_mismatch_skipped=5301440 diagnostic_dropped=0 starts=0 stops=0 callbacks=0 returns=0 aborts=0 unmatched=0 prefix_aborts=136 prefix0=0 prefix1=136 prefix2=0 prefix3=0 prefix4=0 prefix5=0 invalidation0=178724 invalidation1=141505 invalidation2=1 invalidation3=0 invalidation4=0 invalidation5=0
INVALIDATIONS cycle=1765562915 reason=0 phase0=178646 phase1=78 phase2=0 phase3=0 phase4=0 phase5=0
INVALIDATIONS cycle=1765562915 reason=1 phase0=141447 phase1=58 phase2=0 phase3=0 phase4=0 phase5=0
INVALIDATIONS cycle=1765562915 reason=2 phase0=1 phase1=0 phase2=0 phase3=0 phase4=0 phase5=0
INVALIDATIONS cycle=1765562915 reason=3 phase0=0 phase1=0 phase2=0 phase3=0 phase4=0 phase5=0
INVALIDATIONS cycle=1765562915 reason=4 phase0=0 phase1=0 phase2=0 phase3=0 phase4=0 phase5=0
INVALIDATIONS cycle=1765562915 reason=5 phase0=0 phase1=0 phase2=0 phase3=0 phase4=0 phase5=0
ADAPTER cycle=1771656572 request_samples=988048632 ack_samples=377113979 instruction_acks=152932842 data_acks=224181137 error_acks=0 fetched_bytes=511629814 dispatches=365000000 known_dispatches=228847449 ir_mismatch=5313944 signature_failures=0 secondary_skipped=267680 primary_mismatch_skipped=5313944 diagnostic_dropped=0 starts=0 stops=0 callbacks=0 returns=0 aborts=0 unmatched=0 prefix_aborts=136 prefix0=0 prefix1=136 prefix2=0 prefix3=0 prefix4=0 prefix5=0 invalidation0=180504 invalidation1=142140 invalidation2=1 invalidation3=0 invalidation4=0 invalidation5=0
INVALIDATIONS cycle=1771656572 reason=0 phase0=180426 phase1=78 phase2=0 phase3=0 phase4=0 phase5=0
INVALIDATIONS cycle=1771656572 reason=1 phase0=142082 phase1=58 phase2=0 phase3=0 phase4=0 phase5=0
INVALIDATIONS cycle=1771656572 reason=2 phase0=1 phase1=0 phase2=0 phase3=0 phase4=0 phase5=0
INVALIDATIONS cycle=1771656572 reason=3 phase0=0 phase1=0 phase2=0 phase3=0 phase4=0 phase5=0
INVALIDATIONS cycle=1771656572 reason=4 phase0=0 phase1=0 phase2=0 phase3=0 phase4=0 phase5=0
INVALIDATIONS cycle=1771656572 reason=5 phase0=0 phase1=0 phase2=0 phase3=0 phase4=0 phase5=0
ADAPTER cycle=1779326241 request_samples=993593149 ack_samples=378551420 instruction_acks=153566866 data_acks=224984554 error_acks=0 fetched_bytes=513794010 dispatches=366000000 known_dispatches=229472721 ir_mismatch=5330584 signature_failures=0 secondary_skipped=269680 primary_mismatch_skipped=5330584 diagnostic_dropped=0 starts=0 stops=0 callbacks=0 returns=0 aborts=0 unmatched=0 prefix_aborts=136 prefix0=0 prefix1=136 prefix2=0 prefix3=0 prefix4=0 prefix5=0 invalidation0=180704 invalidation1=142894 invalidation2=1 invalidation3=0 invalidation4=0 invalidation5=0
INVALIDATIONS cycle=1779326241 reason=0 phase0=180626 phase1=78 phase2=0 phase3=0 phase4=0 phase5=0
INVALIDATIONS cycle=1779326241 reason=1 phase0=142836 phase1=58 phase2=0 phase3=0 phase4=0 phase5=0
INVALIDATIONS cycle=1779326241 reason=2 phase0=1 phase1=0 phase2=0 phase3=0 phase4=0 phase5=0
INVALIDATIONS cycle=1779326241 reason=3 phase0=0 phase1=0 phase2=0 phase3=0 phase4=0 phase5=0
INVALIDATIONS cycle=1779326241 reason=4 phase0=0 phase1=0 phase2=0 phase3=0 phase4=0 phase5=0
INVALIDATIONS cycle=1779326241 reason=5 phase0=0 phase1=0 phase2=0 phase3=0 phase4=0 phase5=0
ADAPTER cycle=1786999556 request_samples=999140158 ack_samples=379990762 instruction_acks=154202223 data_acks=225788539 error_acks=0 fetched_bytes=515962208 dispatches=367000000 known_dispatches=230098677 ir_mismatch=5347431 signature_failures=0 secondary_skipped=271661 primary_mismatch_skipped=5347431 diagnostic_dropped=0 starts=0 stops=0 callbacks=0 returns=0 aborts=0 unmatched=0 prefix_aborts=136 prefix0=0 prefix1=136 prefix2=0 prefix3=0 prefix4=0 prefix5=0 invalidation0=180884 invalidation1=143646 invalidation2=1 invalidation3=0 invalidation4=0 invalidation5=0
INVALIDATIONS cycle=1786999556 reason=0 phase0=180806 phase1=78 phase2=0 phase3=0 phase4=0 phase5=0
INVALIDATIONS cycle=1786999556 reason=1 phase0=143588 phase1=58 phase2=0 phase3=0 phase4=0 phase5=0
INVALIDATIONS cycle=1786999556 reason=2 phase0=1 phase1=0 phase2=0 phase3=0 phase4=0 phase5=0
INVALIDATIONS cycle=1786999556 reason=3 phase0=0 phase1=0 phase2=0 phase3=0 phase4=0 phase5=0
INVALIDATIONS cycle=1786999556 reason=4 phase0=0 phase1=0 phase2=0 phase3=0 phase4=0 phase5=0
INVALIDATIONS cycle=1786999556 reason=5 phase0=0 phase1=0 phase2=0 phase3=0 phase4=0 phase5=0
ADAPTER cycle=1794676870 request_samples=1004690673 ack_samples=381430785 instruction_acks=154837786 data_acks=226592999 error_acks=0 fetched_bytes=518131218 dispatches=368000000 known_dispatches=230724113 ir_mismatch=5364195 signature_failures=0 secondary_skipped=273654 primary_mismatch_skipped=5364195 diagnostic_dropped=0 starts=0 stops=0 callbacks=0 returns=0 aborts=0 unmatched=0 prefix_aborts=136 prefix0=0 prefix1=136 prefix2=0 prefix3=0 prefix4=0 prefix5=0 invalidation0=181074 invalidation1=144403 invalidation2=1 invalidation3=0 invalidation4=0 invalidation5=0
INVALIDATIONS cycle=1794676870 reason=0 phase0=180996 phase1=78 phase2=0 phase3=0 phase4=0 phase5=0
INVALIDATIONS cycle=1794676870 reason=1 phase0=144345 phase1=58 phase2=0 phase3=0 phase4=0 phase5=0
INVALIDATIONS cycle=1794676870 reason=2 phase0=1 phase1=0 phase2=0 phase3=0 phase4=0 phase5=0
INVALIDATIONS cycle=1794676870 reason=3 phase0=0 phase1=0 phase2=0 phase3=0 phase4=0 phase5=0
INVALIDATIONS cycle=1794676870 reason=4 phase0=0 phase1=0 phase2=0 phase3=0 phase4=0 phase5=0
INVALIDATIONS cycle=1794676870 reason=5 phase0=0 phase1=0 phase2=0 phase3=0 phase4=0 phase5=0
ADAPTER cycle=1799426088 request_samples=1006703425 ack_samples=382210853 instruction_acks=155026834 data_acks=227184019 error_acks=0 fetched_bytes=518777818 dispatches=369000000 known_dispatches=231601621 ir_mismatch=5368993 signature_failures=0 secondary_skipped=274384 primary_mismatch_skipped=5368993 diagnostic_dropped=0 starts=0 stops=0 callbacks=0 returns=0 aborts=0 unmatched=0 prefix_aborts=136 prefix0=0 prefix1=136 prefix2=0 prefix3=0 prefix4=0 prefix5=0 invalidation0=181214 invalidation1=144633 invalidation2=1 invalidation3=0 invalidation4=0 invalidation5=0
INVALIDATIONS cycle=1799426088 reason=0 phase0=181136 phase1=78 phase2=0 phase3=0 phase4=0 phase5=0
INVALIDATIONS cycle=1799426088 reason=1 phase0=144575 phase1=58 phase2=0 phase3=0 phase4=0 phase5=0
INVALIDATIONS cycle=1799426088 reason=2 phase0=1 phase1=0 phase2=0 phase3=0 phase4=0 phase5=0
INVALIDATIONS cycle=1799426088 reason=3 phase0=0 phase1=0 phase2=0 phase3=0 phase4=0 phase5=0
INVALIDATIONS cycle=1799426088 reason=4 phase0=0 phase1=0 phase2=0 phase3=0 phase4=0 phase5=0
INVALIDATIONS cycle=1799426088 reason=5 phase0=0 phase1=0 phase2=0 phase3=0 phase4=0 phase5=0
ADAPTER cycle=1802983171 request_samples=1007260354 ack_samples=382720657 instruction_acks=155032060 data_acks=227688597 error_acks=0 fetched_bytes=518795868 dispatches=370000000 known_dispatches=232500805 ir_mismatch=5369012 signature_failures=0 secondary_skipped=274594 primary_mismatch_skipped=5369012 diagnostic_dropped=0 starts=0 stops=0 callbacks=0 returns=0 aborts=0 unmatched=0 prefix_aborts=136 prefix0=0 prefix1=136 prefix2=0 prefix3=0 prefix4=0 prefix5=0 invalidation0=181294 invalidation1=144649 invalidation2=1 invalidation3=0 invalidation4=0 invalidation5=0
INVALIDATIONS cycle=1802983171 reason=0 phase0=181216 phase1=78 phase2=0 phase3=0 phase4=0 phase5=0
INVALIDATIONS cycle=1802983171 reason=1 phase0=144591 phase1=58 phase2=0 phase3=0 phase4=0 phase5=0
INVALIDATIONS cycle=1802983171 reason=2 phase0=1 phase1=0 phase2=0 phase3=0 phase4=0 phase5=0
INVALIDATIONS cycle=1802983171 reason=3 phase0=0 phase1=0 phase2=0 phase3=0 phase4=0 phase5=0
INVALIDATIONS cycle=1802983171 reason=4 phase0=0 phase1=0 phase2=0 phase3=0 phase4=0 phase5=0
INVALIDATIONS cycle=1802983171 reason=5 phase0=0 phase1=0 phase2=0 phase3=0 phase4=0 phase5=0
ADAPTER cycle=1808389177 request_samples=1010597850 ack_samples=383804872 instruction_acks=155414708 data_acks=228390164 error_acks=0 fetched_bytes=520143796 dispatches=371000000 known_dispatches=233083931 ir_mismatch=5381566 signature_failures=0 secondary_skipped=275395 primary_mismatch_skipped=5381566 diagnostic_dropped=0 starts=0 stops=0 callbacks=0 returns=0 aborts=0 unmatched=0 prefix_aborts=136 prefix0=0 prefix1=136 prefix2=0 prefix3=0 prefix4=0 prefix5=0 invalidation0=182884 invalidation1=145079 invalidation2=1 invalidation3=0 invalidation4=0 invalidation5=0
INVALIDATIONS cycle=1808389177 reason=0 phase0=182806 phase1=78 phase2=0 phase3=0 phase4=0 phase5=0
INVALIDATIONS cycle=1808389177 reason=1 phase0=145021 phase1=58 phase2=0 phase3=0 phase4=0 phase5=0
INVALIDATIONS cycle=1808389177 reason=2 phase0=1 phase1=0 phase2=0 phase3=0 phase4=0 phase5=0
INVALIDATIONS cycle=1808389177 reason=3 phase0=0 phase1=0 phase2=0 phase3=0 phase4=0 phase5=0
INVALIDATIONS cycle=1808389177 reason=4 phase0=0 phase1=0 phase2=0 phase3=0 phase4=0 phase5=0
INVALIDATIONS cycle=1808389177 reason=5 phase0=0 phase1=0 phase2=0 phase3=0 phase4=0 phase5=0
LIVE cycle=1809849420 kind=PREFIX phase=1 site=0 pc=75e186 reason=
LIVE cycle=1809850108 kind=PREFIX phase=2 site=0 pc=7597da reason=
LIVE cycle=1809850108 kind=PREFIX phase=3 site=0 pc=7597e0 reason=
LIVE cycle=1809850113 kind=PREFIX phase=4 site=0 pc=7597e0 reason=
LIVE cycle=1809850113 kind=PREFIX phase=5 site=0 pc=7597e6 reason=
LIVE cycle=1809855969 kind=INVALIDATE phase=5 site=0 pc=7597da reason=PFLUSH_OR_CINV
ADAPTER cycle=1812987623 request_samples=1013715942 ack_samples=384576372 instruction_acks=155701810 data_acks=228874562 error_acks=0 fetched_bytes=521264432 dispatches=372000000 known_dispatches=233790708 ir_mismatch=5383501 signature_failures=0 secondary_skipped=275963 primary_mismatch_skipped=5383501 diagnostic_dropped=0 starts=0 stops=0 callbacks=0 returns=0 aborts=0 unmatched=0 prefix_aborts=137 prefix0=0 prefix1=137 prefix2=1 prefix3=1 prefix4=1 prefix5=1 invalidation0=183234 invalidation1=145180 invalidation2=1 invalidation3=0 invalidation4=0 invalidation5=0
INVALIDATIONS cycle=1812987623 reason=0 phase0=183156 phase1=78 phase2=0 phase3=0 phase4=0 phase5=0
INVALIDATIONS cycle=1812987623 reason=1 phase0=145121 phase1=58 phase2=0 phase3=0 phase4=0 phase5=1
INVALIDATIONS cycle=1812987623 reason=2 phase0=1 phase1=0 phase2=0 phase3=0 phase4=0 phase5=0
INVALIDATIONS cycle=1812987623 reason=3 phase0=0 phase1=0 phase2=0 phase3=0 phase4=0 phase5=0
INVALIDATIONS cycle=1812987623 reason=4 phase0=0 phase1=0 phase2=0 phase3=0 phase4=0 phase5=0
INVALIDATIONS cycle=1812987623 reason=5 phase0=0 phase1=0 phase2=0 phase3=0 phase4=0 phase5=0
LIVE cycle=1818166634 kind=PREFIX phase=1 site=0 pc=75e15a reason=
LIVE cycle=1818564562 kind=INVALIDATE phase=1 site=0 pc=75e15a reason=MMU_REGISTERS
ADAPTER cycle=1818831800 request_samples=1015966006 ack_samples=385710799 instruction_acks=156070111 data_acks=229640688 error_acks=0 fetched_bytes=522582804 dispatches=373000000 known_dispatches=234318572 ir_mismatch=5392428 signature_failures=0 secondary_skipped=276309 primary_mismatch_skipped=5392428 diagnostic_dropped=0 starts=0 stops=0 callbacks=0 returns=0 aborts=0 unmatched=0 prefix_aborts=138 prefix0=0 prefix1=138 prefix2=1 prefix3=1 prefix4=1 prefix5=1 invalidation0=183404 invalidation1=145471 invalidation2=1 invalidation3=0 invalidation4=0 invalidation5=0
INVALIDATIONS cycle=1818831800 reason=0 phase0=183325 phase1=79 phase2=0 phase3=0 phase4=0 phase5=0
INVALIDATIONS cycle=1818831800 reason=1 phase0=145412 phase1=58 phase2=0 phase3=0 phase4=0 phase5=1
INVALIDATIONS cycle=1818831800 reason=2 phase0=1 phase1=0 phase2=0 phase3=0 phase4=0 phase5=0
INVALIDATIONS cycle=1818831800 reason=3 phase0=0 phase1=0 phase2=0 phase3=0 phase4=0 phase5=0
INVALIDATIONS cycle=1818831800 reason=4 phase0=0 phase1=0 phase2=0 phase3=0 phase4=0 phase5=0
INVALIDATIONS cycle=1818831800 reason=5 phase0=0 phase1=0 phase2=0 phase3=0 phase4=0 phase5=0
LIVE cycle=1823654189 kind=PREFIX phase=1 site=0 pc=75e15a reason=
LIVE cycle=1823654464 kind=INVALIDATE phase=1 site=0 pc=75e15a reason=MMU_REGISTERS
ADAPTER cycle=1824617074 request_samples=1018188282 ack_samples=387077682 instruction_acks=156447697 data_acks=230629985 error_acks=0 fetched_bytes=523942270 dispatches=374000000 known_dispatches=234791144 ir_mismatch=5396930 signature_failures=0 secondary_skipped=276657 primary_mismatch_skipped=5396930 diagnostic_dropped=0 starts=0 stops=0 callbacks=0 returns=0 aborts=0 unmatched=0 prefix_aborts=139 prefix0=0 prefix1=139 prefix2=1 prefix3=1 prefix4=1 prefix5=1 invalidation0=183624 invalidation1=145532 invalidation2=1 invalidation3=0 invalidation4=0 invalidation5=0
INVALIDATIONS cycle=1824617074 reason=0 phase0=183544 phase1=80 phase2=0 phase3=0 phase4=0 phase5=0
INVALIDATIONS cycle=1824617074 reason=1 phase0=145473 phase1=58 phase2=0 phase3=0 phase4=0 phase5=1
INVALIDATIONS cycle=1824617074 reason=2 phase0=1 phase1=0 phase2=0 phase3=0 phase4=0 phase5=0
INVALIDATIONS cycle=1824617074 reason=3 phase0=0 phase1=0 phase2=0 phase3=0 phase4=0 phase5=0
INVALIDATIONS cycle=1824617074 reason=4 phase0=0 phase1=0 phase2=0 phase3=0 phase4=0 phase5=0
INVALIDATIONS cycle=1824617074 reason=5 phase0=0 phase1=0 phase2=0 phase3=0 phase4=0 phase5=0
LIVE cycle=1826431181 kind=PREFIX phase=1 site=0 pc=75e186 reason=
LIVE cycle=1826431859 kind=PREFIX phase=2 site=0 pc=75994c reason=
LIVE cycle=1826431859 kind=PREFIX phase=3 site=0 pc=759952 reason=
LIVE cycle=1826431862 kind=PREFIX phase=4 site=1 pc=759952 reason=
LIVE cycle=1826431862 kind=PREFIX phase=0 site=1 pc=759958 reason=
ADAPTER cycle=1829470640 request_samples=1020349958 ack_samples=387895048 instruction_acks=156747863 data_acks=231147185 error_acks=0 fetched_bytes=525010018 dispatches=375000000 known_dispatches=235338145 ir_mismatch=5410878 signature_failures=0 secondary_skipped=277971 primary_mismatch_skipped=5410878 diagnostic_dropped=0 starts=0 stops=0 callbacks=0 returns=0 aborts=0 unmatched=0 prefix_aborts=139 prefix0=1 prefix1=140 prefix2=2 prefix3=2 prefix4=2 prefix5=1 invalidation0=184264 invalidation1=146161 invalidation2=1 invalidation3=0 invalidation4=0 invalidation5=0
INVALIDATIONS cycle=1829470640 reason=0 phase0=184184 phase1=80 phase2=0 phase3=0 phase4=0 phase5=0
INVALIDATIONS cycle=1829470640 reason=1 phase0=146102 phase1=58 phase2=0 phase3=0 phase4=0 phase5=1
INVALIDATIONS cycle=1829470640 reason=2 phase0=1 phase1=0 phase2=0 phase3=0 phase4=0 phase5=0
INVALIDATIONS cycle=1829470640 reason=3 phase0=0 phase1=0 phase2=0 phase3=0 phase4=0 phase5=0
INVALIDATIONS cycle=1829470640 reason=4 phase0=0 phase1=0 phase2=0 phase3=0 phase4=0 phase5=0
INVALIDATIONS cycle=1829470640 reason=5 phase0=0 phase1=0 phase2=0 phase3=0 phase4=0 phase5=0
ADAPTER cycle=1833845984 request_samples=1021411078 ack_samples=388539509 instruction_acks=156988631 data_acks=231550878 error_acks=0 fetched_bytes=525891988 dispatches=376000000 known_dispatches=235792978 ir_mismatch=5412755 signature_failures=0 secondary_skipped=279151 primary_mismatch_skipped=5412755 diagnostic_dropped=0 starts=0 stops=0 callbacks=0 returns=0 aborts=0 unmatched=0 prefix_aborts=139 prefix0=1 prefix1=140 prefix2=2 prefix3=2 prefix4=2 prefix5=1 invalidation0=184374 invalidation1=146183 invalidation2=1 invalidation3=0 invalidation4=0 invalidation5=0
INVALIDATIONS cycle=1833845984 reason=0 phase0=184294 phase1=80 phase2=0 phase3=0 phase4=0 phase5=0
INVALIDATIONS cycle=1833845984 reason=1 phase0=146124 phase1=58 phase2=0 phase3=0 phase4=0 phase5=1
INVALIDATIONS cycle=1833845984 reason=2 phase0=1 phase1=0 phase2=0 phase3=0 phase4=0 phase5=0
INVALIDATIONS cycle=1833845984 reason=3 phase0=0 phase1=0 phase2=0 phase3=0 phase4=0 phase5=0
INVALIDATIONS cycle=1833845984 reason=4 phase0=0 phase1=0 phase2=0 phase3=0 phase4=0 phase5=0
INVALIDATIONS cycle=1833845984 reason=5 phase0=0 phase1=0 phase2=0 phase3=0 phase4=0 phase5=0
LIVE cycle=1834625646 kind=PREFIX phase=1 site=1 pc=75e15a reason=
LIVE cycle=1834944598 kind=INVALIDATE phase=1 site=1 pc=75e15a reason=MMU_REGISTERS
ADAPTER cycle=1838088744 request_samples=1022327721 ack_samples=389186527 instruction_acks=157237442 data_acks=231949085 error_acks=0 fetched_bytes=526801296 dispatches=377000000 known_dispatches=236241035 ir_mismatch=5414510 signature_failures=0 secondary_skipped=280227 primary_mismatch_skipped=5414510 diagnostic_dropped=0 starts=0 stops=0 callbacks=0 returns=0 aborts=0 unmatched=0 prefix_aborts=140 prefix0=1 prefix1=141 prefix2=2 prefix3=2 prefix4=2 prefix5=1 invalidation0=184494 invalidation1=146207 invalidation2=1 invalidation3=0 invalidation4=0 invalidation5=0
INVALIDATIONS cycle=1838088744 reason=0 phase0=184413 phase1=81 phase2=0 phase3=0 phase4=0 phase5=0
INVALIDATIONS cycle=1838088744 reason=1 phase0=146148 phase1=58 phase2=0 phase3=0 phase4=0 phase5=1
INVALIDATIONS cycle=1838088744 reason=2 phase0=1 phase1=0 phase2=0 phase3=0 phase4=0 phase5=0
INVALIDATIONS cycle=1838088744 reason=3 phase0=0 phase1=0 phase2=0 phase3=0 phase4=0 phase5=0
INVALIDATIONS cycle=1838088744 reason=4 phase0=0 phase1=0 phase2=0 phase3=0 phase4=0 phase5=0
INVALIDATIONS cycle=1838088744 reason=5 phase0=0 phase1=0 phase2=0 phase3=0 phase4=0 phase5=0
LIVE cycle=1840110501 kind=PREFIX phase=1 site=1 pc=75e15a reason=
LIVE cycle=1840404595 kind=INVALIDATE phase=1 site=1 pc=75e15a reason=MMU_REGISTERS
ADAPTER cycle=1842433306 request_samples=1023360849 ack_samples=389831477 instruction_acks=157478309 data_acks=232353168 error_acks=0 fetched_bytes=527683626 dispatches=378000000 known_dispatches=236700373 ir_mismatch=5416390 signature_failures=0 secondary_skipped=281404 primary_mismatch_skipped=5416390 diagnostic_dropped=0 starts=0 stops=0 callbacks=0 returns=0 aborts=0 unmatched=0 prefix_aborts=141 prefix0=1 prefix1=142 prefix2=2 prefix3=2 prefix4=2 prefix5=1 invalidation0=184614 invalidation1=146231 invalidation2=1 invalidation3=0 invalidation4=0 invalidation5=0
INVALIDATIONS cycle=1842433306 reason=0 phase0=184532 phase1=82 phase2=0 phase3=0 phase4=0 phase5=0
INVALIDATIONS cycle=1842433306 reason=1 phase0=146172 phase1=58 phase2=0 phase3=0 phase4=0 phase5=1
INVALIDATIONS cycle=1842433306 reason=2 phase0=1 phase1=0 phase2=0 phase3=0 phase4=0 phase5=0
INVALIDATIONS cycle=1842433306 reason=3 phase0=0 phase1=0 phase2=0 phase3=0 phase4=0 phase5=0
INVALIDATIONS cycle=1842433306 reason=4 phase0=0 phase1=0 phase2=0 phase3=0 phase4=0 phase5=0
INVALIDATIONS cycle=1842433306 reason=5 phase0=0 phase1=0 phase2=0 phase3=0 phase4=0 phase5=0
LIVE cycle=1845600429 kind=PREFIX phase=1 site=1 pc=75e15a reason=
LIVE cycle=1845864597 kind=INVALIDATE phase=1 site=1 pc=75e15a reason=MMU_REGISTERS
ADAPTER cycle=1846702358 request_samples=1024304799 ack_samples=390478086 instruction_acks=157726973 data_acks=232751113 error_acks=0 fetched_bytes=528592382 dispatches=379000000 known_dispatches=237152317 ir_mismatch=5418137 signature_failures=0 secondary_skipped=282474 primary_mismatch_skipped=5418137 diagnostic_dropped=0 starts=0 stops=0 callbacks=0 returns=0 aborts=0 unmatched=0 prefix_aborts=142 prefix0=1 prefix1=143 prefix2=2 prefix3=2 prefix4=2 prefix5=1 invalidation0=184734 invalidation1=146255 invalidation2=1 invalidation3=0 invalidation4=0 invalidation5=0
INVALIDATIONS cycle=1846702358 reason=0 phase0=184651 phase1=83 phase2=0 phase3=0 phase4=0 phase5=0
INVALIDATIONS cycle=1846702358 reason=1 phase0=146196 phase1=58 phase2=0 phase3=0 phase4=0 phase5=1
INVALIDATIONS cycle=1846702358 reason=2 phase0=1 phase1=0 phase2=0 phase3=0 phase4=0 phase5=0
INVALIDATIONS cycle=1846702358 reason=3 phase0=0 phase1=0 phase2=0 phase3=0 phase4=0 phase5=0
INVALIDATIONS cycle=1846702358 reason=4 phase0=0 phase1=0 phase2=0 phase3=0 phase4=0 phase5=0
INVALIDATIONS cycle=1846702358 reason=5 phase0=0 phase1=0 phase2=0 phase3=0 phase4=0 phase5=0
ADAPTER cycle=1851014309 request_samples=1025301986 ack_samples=391122783 instruction_acks=157967844 data_acks=233154939 error_acks=0 fetched_bytes=529474682 dispatches=380000000 known_dispatches=237609896 ir_mismatch=5420020 signature_failures=0 secondary_skipped=283653 primary_mismatch_skipped=5420020 diagnostic_dropped=0 starts=0 stops=0 callbacks=0 returns=0 aborts=0 unmatched=0 prefix_aborts=142 prefix0=1 prefix1=143 prefix2=2 prefix3=2 prefix4=2 prefix5=1 invalidation0=184844 invalidation1=146277 invalidation2=1 invalidation3=0 invalidation4=0 invalidation5=0
INVALIDATIONS cycle=1851014309 reason=0 phase0=184761 phase1=83 phase2=0 phase3=0 phase4=0 phase5=0
INVALIDATIONS cycle=1851014309 reason=1 phase0=146218 phase1=58 phase2=0 phase3=0 phase4=0 phase5=1
INVALIDATIONS cycle=1851014309 reason=2 phase0=1 phase1=0 phase2=0 phase3=0 phase4=0 phase5=0
INVALIDATIONS cycle=1851014309 reason=3 phase0=0 phase1=0 phase2=0 phase3=0 phase4=0 phase5=0
INVALIDATIONS cycle=1851014309 reason=4 phase0=0 phase1=0 phase2=0 phase3=0 phase4=0 phase5=0
INVALIDATIONS cycle=1851014309 reason=5 phase0=0 phase1=0 phase2=0 phase3=0 phase4=0 phase5=0
LIVE cycle=1851083404 kind=PREFIX phase=1 site=1 pc=75e15a reason=
LIVE cycle=1851324600 kind=INVALIDATE phase=1 site=1 pc=75e15a reason=MMU_REGISTERS
ADAPTER cycle=1855319091 request_samples=1026281007 ack_samples=391769686 instruction_acks=158216588 data_acks=233553098 error_acks=0 fetched_bytes=530383742 dispatches=381000000 known_dispatches=238053835 ir_mismatch=5421774 signature_failures=0 secondary_skipped=284729 primary_mismatch_skipped=5421774 diagnostic_dropped=0 starts=0 stops=0 callbacks=0 returns=0 aborts=0 unmatched=0 prefix_aborts=143 prefix0=1 prefix1=144 prefix2=2 prefix3=2 prefix4=2 prefix5=1 invalidation0=184964 invalidation1=146301 invalidation2=1 invalidation3=0 invalidation4=0 invalidation5=0
INVALIDATIONS cycle=1855319091 reason=0 phase0=184880 phase1=84 phase2=0 phase3=0 phase4=0 phase5=0
INVALIDATIONS cycle=1855319091 reason=1 phase0=146242 phase1=58 phase2=0 phase3=0 phase4=0 phase5=1
INVALIDATIONS cycle=1855319091 reason=2 phase0=1 phase1=0 phase2=0 phase3=0 phase4=0 phase5=0
INVALIDATIONS cycle=1855319091 reason=3 phase0=0 phase1=0 phase2=0 phase3=0 phase4=0 phase5=0
INVALIDATIONS cycle=1855319091 reason=4 phase0=0 phase1=0 phase2=0 phase3=0 phase4=0 phase5=0
INVALIDATIONS cycle=1855319091 reason=5 phase0=0 phase1=0 phase2=0 phase3=0 phase4=0 phase5=0
LIVE cycle=1856569413 kind=PREFIX phase=1 site=1 pc=75e15a reason=
LIVE cycle=1856784623 kind=INVALIDATE phase=1 site=1 pc=75e15a reason=MMU_REGISTERS
ADAPTER cycle=1859597692 request_samples=1027247518 ack_samples=392414303 instruction_acks=158457324 data_acks=233956979 error_acks=0 fetched_bytes=531265646 dispatches=382000000 known_dispatches=238500135 ir_mismatch=5423645 signature_failures=0 secondary_skipped=285901 primary_mismatch_skipped=5423645 diagnostic_dropped=0 starts=0 stops=0 callbacks=0 returns=0 aborts=0 unmatched=0 prefix_aborts=144 prefix0=1 prefix1=145 prefix2=2 prefix3=2 prefix4=2 prefix5=1 invalidation0=185084 invalidation1=146325 invalidation2=1 invalidation3=0 invalidation4=0 invalidation5=0
INVALIDATIONS cycle=1859597692 reason=0 phase0=184999 phase1=85 phase2=0 phase3=0 phase4=0 phase5=0
INVALIDATIONS cycle=1859597692 reason=1 phase0=146266 phase1=58 phase2=0 phase3=0 phase4=0 phase5=1
INVALIDATIONS cycle=1859597692 reason=2 phase0=1 phase1=0 phase2=0 phase3=0 phase4=0 phase5=0
INVALIDATIONS cycle=1859597692 reason=3 phase0=0 phase1=0 phase2=0 phase3=0 phase4=0 phase5=0
INVALIDATIONS cycle=1859597692 reason=4 phase0=0 phase1=0 phase2=0 phase3=0 phase4=0 phase5=0
INVALIDATIONS cycle=1859597692 reason=5 phase0=0 phase1=0 phase2=0 phase3=0 phase4=0 phase5=0
LIVE cycle=1862056469 kind=PREFIX phase=1 site=1 pc=75e15a reason=
LIVE cycle=1862244615 kind=INVALIDATE phase=1 site=1 pc=75e15a reason=MMU_REGISTERS
ADAPTER cycle=1863672787 request_samples=1028275602 ack_samples=393100291 instruction_acks=158733841 data_acks=234366450 error_acks=0 fetched_bytes=532242984 dispatches=383000000 known_dispatches=238944086 ir_mismatch=5437609 signature_failures=0 secondary_skipped=286920 primary_mismatch_skipped=5437609 diagnostic_dropped=0 starts=0 stops=0 callbacks=0 returns=0 aborts=0 unmatched=0 prefix_aborts=145 prefix0=1 prefix1=146 prefix2=2 prefix3=2 prefix4=2 prefix5=1 invalidation0=185204 invalidation1=146349 invalidation2=1 invalidation3=0 invalidation4=0 invalidation5=0
INVALIDATIONS cycle=1863672787 reason=0 phase0=185118 phase1=86 phase2=0 phase3=0 phase4=0 phase5=0
INVALIDATIONS cycle=1863672787 reason=1 phase0=146290 phase1=58 phase2=0 phase3=0 phase4=0 phase5=1
INVALIDATIONS cycle=1863672787 reason=2 phase0=1 phase1=0 phase2=0 phase3=0 phase4=0 phase5=0
INVALIDATIONS cycle=1863672787 reason=3 phase0=0 phase1=0 phase2=0 phase3=0 phase4=0 phase5=0
INVALIDATIONS cycle=1863672787 reason=4 phase0=0 phase1=0 phase2=0 phase3=0 phase4=0 phase5=0
INVALIDATIONS cycle=1863672787 reason=5 phase0=0 phase1=0 phase2=0 phase3=0 phase4=0 phase5=0
LIVE cycle=1867542015 kind=PREFIX phase=1 site=1 pc=75e15a reason=
LIVE cycle=1867704602 kind=INVALIDATE phase=1 site=1 pc=75e15a reason=MMU_REGISTERS
ADAPTER cycle=1867956370 request_samples=1029246958 ack_samples=393744838 instruction_acks=158974563 data_acks=234770275 error_acks=0 fetched_bytes=533124834 dispatches=384000000 known_dispatches=239417784 ir_mismatch=5439485 signature_failures=0 secondary_skipped=288092 primary_mismatch_skipped=5439485 diagnostic_dropped=0 starts=0 stops=0 callbacks=0 returns=0 aborts=0 unmatched=0 prefix_aborts=146 prefix0=1 prefix1=147 prefix2=2 prefix3=2 prefix4=2 prefix5=1 invalidation0=185324 invalidation1=146373 invalidation2=1 invalidation3=0 invalidation4=0 invalidation5=0
INVALIDATIONS cycle=1867956370 reason=0 phase0=185237 phase1=87 phase2=0 phase3=0 phase4=0 phase5=0
INVALIDATIONS cycle=1867956370 reason=1 phase0=146314 phase1=58 phase2=0 phase3=0 phase4=0 phase5=1
INVALIDATIONS cycle=1867956370 reason=2 phase0=1 phase1=0 phase2=0 phase3=0 phase4=0 phase5=0
INVALIDATIONS cycle=1867956370 reason=3 phase0=0 phase1=0 phase2=0 phase3=0 phase4=0 phase5=0
INVALIDATIONS cycle=1867956370 reason=4 phase0=0 phase1=0 phase2=0 phase3=0 phase4=0 phase5=0
INVALIDATIONS cycle=1867956370 reason=5 phase0=0 phase1=0 phase2=0 phase3=0 phase4=0 phase5=0
ADAPTER cycle=1872286560 request_samples=1030248584 ack_samples=394391539 instruction_acks=159223292 data_acks=235168247 error_acks=0 fetched_bytes=534033794 dispatches=385000000 known_dispatches=239875951 ir_mismatch=5441252 signature_failures=0 secondary_skipped=289176 primary_mismatch_skipped=5441252 diagnostic_dropped=0 starts=0 stops=0 callbacks=0 returns=0 aborts=0 unmatched=0 prefix_aborts=146 prefix0=1 prefix1=147 prefix2=2 prefix3=2 prefix4=2 prefix5=1 invalidation0=185424 invalidation1=146393 invalidation2=1 invalidation3=0 invalidation4=0 invalidation5=0
INVALIDATIONS cycle=1872286560 reason=0 phase0=185337 phase1=87 phase2=0 phase3=0 phase4=0 phase5=0
INVALIDATIONS cycle=1872286560 reason=1 phase0=146334 phase1=58 phase2=0 phase3=0 phase4=0 phase5=1
INVALIDATIONS cycle=1872286560 reason=2 phase0=1 phase1=0 phase2=0 phase3=0 phase4=0 phase5=0
INVALIDATIONS cycle=1872286560 reason=3 phase0=0 phase1=0 phase2=0 phase3=0 phase4=0 phase5=0
INVALIDATIONS cycle=1872286560 reason=4 phase0=0 phase1=0 phase2=0 phase3=0 phase4=0 phase5=0
INVALIDATIONS cycle=1872286560 reason=5 phase0=0 phase1=0 phase2=0 phase3=0 phase4=0 phase5=0
LIVE cycle=1873028499 kind=PREFIX phase=1 site=1 pc=75e15a reason=
LIVE cycle=1873164618 kind=INVALIDATE phase=1 site=1 pc=75e15a reason=MMU_REGISTERS
ADAPTER cycle=1876552400 request_samples=1031188269 ack_samples=395038778 instruction_acks=159472172 data_acks=235566606 error_acks=0 fetched_bytes=534943308 dispatches=386000000 known_dispatches=240316762 ir_mismatch=5443009 signature_failures=0 secondary_skipped=290252 primary_mismatch_skipped=5443009 diagnostic_dropped=0 starts=0 stops=0 callbacks=0 returns=0 aborts=0 unmatched=0 prefix_aborts=147 prefix0=1 prefix1=148 prefix2=2 prefix3=2 prefix4=2 prefix5=1 invalidation0=185554 invalidation1=146419 invalidation2=1 invalidation3=0 invalidation4=0 invalidation5=0
INVALIDATIONS cycle=1876552400 reason=0 phase0=185466 phase1=88 phase2=0 phase3=0 phase4=0 phase5=0
INVALIDATIONS cycle=1876552400 reason=1 phase0=146360 phase1=58 phase2=0 phase3=0 phase4=0 phase5=1
INVALIDATIONS cycle=1876552400 reason=2 phase0=1 phase1=0 phase2=0 phase3=0 phase4=0 phase5=0
INVALIDATIONS cycle=1876552400 reason=3 phase0=0 phase1=0 phase2=0 phase3=0 phase4=0 phase5=0
INVALIDATIONS cycle=1876552400 reason=4 phase0=0 phase1=0 phase2=0 phase3=0 phase4=0 phase5=0
INVALIDATIONS cycle=1876552400 reason=5 phase0=0 phase1=0 phase2=0 phase3=0 phase4=0 phase5=0
LIVE cycle=1878516877 kind=PREFIX phase=1 site=1 pc=75e15a reason=
LIVE cycle=1878624614 kind=INVALIDATE phase=1 site=1 pc=75e15a reason=MMU_REGISTERS
ADAPTER cycle=1880904602 request_samples=1032230979 ack_samples=395683409 instruction_acks=159712974 data_acks=235970435 error_acks=0 fetched_bytes=535825426 dispatches=387000000 known_dispatches=240778354 ir_mismatch=5444884 signature_failures=0 secondary_skipped=291423 primary_mismatch_skipped=5444884 diagnostic_dropped=0 starts=0 stops=0 callbacks=0 returns=0 aborts=0 unmatched=0 prefix_aborts=148 prefix0=1 prefix1=149 prefix2=2 prefix3=2 prefix4=2 prefix5=1 invalidation0=185674 invalidation1=146443 invalidation2=1 invalidation3=0 invalidation4=0 invalidation5=0
INVALIDATIONS cycle=1880904602 reason=0 phase0=185585 phase1=89 phase2=0 phase3=0 phase4=0 phase5=0
INVALIDATIONS cycle=1880904602 reason=1 phase0=146384 phase1=58 phase2=0 phase3=0 phase4=0 phase5=1
INVALIDATIONS cycle=1880904602 reason=2 phase0=1 phase1=0 phase2=0 phase3=0 phase4=0 phase5=0
INVALIDATIONS cycle=1880904602 reason=3 phase0=0 phase1=0 phase2=0 phase3=0 phase4=0 phase5=0
INVALIDATIONS cycle=1880904602 reason=4 phase0=0 phase1=0 phase2=0 phase3=0 phase4=0 phase5=0
INVALIDATIONS cycle=1880904602 reason=5 phase0=0 phase1=0 phase2=0 phase3=0 phase4=0 phase5=0
LIVE cycle=1884001062 kind=PREFIX phase=1 site=1 pc=75e15a reason=
LIVE cycle=1884084602 kind=INVALIDATE phase=1 site=1 pc=75e15a reason=MMU_REGISTERS
ADAPTER cycle=1885119629 request_samples=1033119320 ack_samples=396330305 instruction_acks=159961712 data_acks=236368593 error_acks=0 fetched_bytes=536734492 dispatches=388000000 known_dispatches=241233265 ir_mismatch=5446641 signature_failures=0 secondary_skipped=292498 primary_mismatch_skipped=5446641 diagnostic_dropped=0 starts=0 stops=0 callbacks=0 returns=0 aborts=0 unmatched=0 prefix_aborts=149 prefix0=1 prefix1=150 prefix2=2 prefix3=2 prefix4=2 prefix5=1 invalidation0=185794 invalidation1=146467 invalidation2=1 invalidation3=0 invalidation4=0 invalidation5=0
INVALIDATIONS cycle=1885119629 reason=0 phase0=185704 phase1=90 phase2=0 phase3=0 phase4=0 phase5=0
INVALIDATIONS cycle=1885119629 reason=1 phase0=146408 phase1=58 phase2=0 phase3=0 phase4=0 phase5=1
INVALIDATIONS cycle=1885119629 reason=2 phase0=1 phase1=0 phase2=0 phase3=0 phase4=0 phase5=0
INVALIDATIONS cycle=1885119629 reason=3 phase0=0 phase1=0 phase2=0 phase3=0 phase4=0 phase5=0
INVALIDATIONS cycle=1885119629 reason=4 phase0=0 phase1=0 phase2=0 phase3=0 phase4=0 phase5=0
INVALIDATIONS cycle=1885119629 reason=5 phase0=0 phase1=0 phase2=0 phase3=0 phase4=0 phase5=0
LIVE cycle=1889487244 kind=PREFIX phase=1 site=1 pc=75e15a reason=
ADAPTER cycle=1889507847 request_samples=1034196782 ack_samples=396975170 instruction_acks=160202537 data_acks=236772633 error_acks=0 fetched_bytes=537616692 dispatches=389000000 known_dispatches=241708367 ir_mismatch=5448518 signature_failures=0 secondary_skipped=293676 primary_mismatch_skipped=5448518 diagnostic_dropped=0 starts=0 stops=0 callbacks=0 returns=0 aborts=0 unmatched=0 prefix_aborts=149 prefix0=1 prefix1=151 prefix2=2 prefix3=2 prefix4=2 prefix5=1 invalidation0=185914 invalidation1=146491 invalidation2=1 invalidation3=0 invalidation4=0 invalidation5=0
INVALIDATIONS cycle=1889507847 reason=0 phase0=185824 phase1=90 phase2=0 phase3=0 phase4=0 phase5=0
INVALIDATIONS cycle=1889507847 reason=1 phase0=146432 phase1=58 phase2=0 phase3=0 phase4=0 phase5=1
INVALIDATIONS cycle=1889507847 reason=2 phase0=1 phase1=0 phase2=0 phase3=0 phase4=0 phase5=0
INVALIDATIONS cycle=1889507847 reason=3 phase0=0 phase1=0 phase2=0 phase3=0 phase4=0 phase5=0
INVALIDATIONS cycle=1889507847 reason=4 phase0=0 phase1=0 phase2=0 phase3=0 phase4=0 phase5=0
INVALIDATIONS cycle=1889507847 reason=5 phase0=0 phase1=0 phase2=0 phase3=0 phase4=0 phase5=0
LIVE cycle=1889544656 kind=INVALIDATE phase=1 site=1 pc=75e15a reason=MMU_REGISTERS
ADAPTER cycle=1893476940 request_samples=1035113882 ack_samples=397660529 instruction_acks=160478869 data_acks=237181660 error_acks=0 fetched_bytes=538593346 dispatches=390000000 known_dispatches=242141485 ir_mismatch=5462491 signature_failures=0 secondary_skipped=294692 primary_mismatch_skipped=5462491 diagnostic_dropped=0 starts=0 stops=0 callbacks=0 returns=0 aborts=0 unmatched=0 prefix_aborts=150 prefix0=1 prefix1=151 prefix2=2 prefix3=2 prefix4=2 prefix5=1 invalidation0=186014 invalidation1=146511 invalidation2=1 invalidation3=0 invalidation4=0 invalidation5=0
INVALIDATIONS cycle=1893476940 reason=0 phase0=185923 phase1=91 phase2=0 phase3=0 phase4=0 phase5=0
INVALIDATIONS cycle=1893476940 reason=1 phase0=146452 phase1=58 phase2=0 phase3=0 phase4=0 phase5=1
INVALIDATIONS cycle=1893476940 reason=2 phase0=1 phase1=0 phase2=0 phase3=0 phase4=0 phase5=0
INVALIDATIONS cycle=1893476940 reason=3 phase0=0 phase1=0 phase2=0 phase3=0 phase4=0 phase5=0
INVALIDATIONS cycle=1893476940 reason=4 phase0=0 phase1=0 phase2=0 phase3=0 phase4=0 phase5=0
INVALIDATIONS cycle=1893476940 reason=5 phase0=0 phase1=0 phase2=0 phase3=0 phase4=0 phase5=0
LIVE cycle=1894977255 kind=PREFIX phase=1 site=1 pc=75e15a reason=
LIVE cycle=1895004652 kind=INVALIDATE phase=1 site=1 pc=75e15a reason=MMU_REGISTERS
ADAPTER cycle=1897866135 request_samples=1036192441 ack_samples=398305461 instruction_acks=160719734 data_acks=237585727 error_acks=0 fetched_bytes=539475698 dispatches=391000000 known_dispatches=242608752 ir_mismatch=5464365 signature_failures=0 secondary_skipped=295870 primary_mismatch_skipped=5464365 diagnostic_dropped=0 starts=0 stops=0 callbacks=0 returns=0 aborts=0 unmatched=0 prefix_aborts=151 prefix0=1 prefix1=152 prefix2=2 prefix3=2 prefix4=2 prefix5=1 invalidation0=186134 invalidation1=146535 invalidation2=1 invalidation3=0 invalidation4=0 invalidation5=0
INVALIDATIONS cycle=1897866135 reason=0 phase0=186042 phase1=92 phase2=0 phase3=0 phase4=0 phase5=0
INVALIDATIONS cycle=1897866135 reason=1 phase0=146476 phase1=58 phase2=0 phase3=0 phase4=0 phase5=1
INVALIDATIONS cycle=1897866135 reason=2 phase0=1 phase1=0 phase2=0 phase3=0 phase4=0 phase5=0
INVALIDATIONS cycle=1897866135 reason=3 phase0=0 phase1=0 phase2=0 phase3=0 phase4=0 phase5=0
INVALIDATIONS cycle=1897866135 reason=4 phase0=0 phase1=0 phase2=0 phase3=0 phase4=0 phase5=0
INVALIDATIONS cycle=1897866135 reason=5 phase0=0 phase1=0 phase2=0 phase3=0 phase4=0 phase5=0
LIVE cycle=1900459697 kind=PREFIX phase=1 site=1 pc=75e15a reason=
LIVE cycle=1900464688 kind=INVALIDATE phase=1 site=1 pc=75e15a reason=MMU_REGISTERS
ADAPTER cycle=1902080056 request_samples=1037079692 ack_samples=398951946 instruction_acks=160968319 data_acks=237983627 error_acks=0 fetched_bytes=540384234 dispatches=392000000 known_dispatches=243043721 ir_mismatch=5466123 signature_failures=0 secondary_skipped=296940 primary_mismatch_skipped=5466123 diagnostic_dropped=0 starts=0 stops=0 callbacks=0 returns=0 aborts=0 unmatched=0 prefix_aborts=152 prefix0=1 prefix1=153 prefix2=2 prefix3=2 prefix4=2 prefix5=1 invalidation0=186254 invalidation1=146559 invalidation2=1 invalidation3=0 invalidation4=0 invalidation5=0
INVALIDATIONS cycle=1902080056 reason=0 phase0=186161 phase1=93 phase2=0 phase3=0 phase4=0 phase5=0
INVALIDATIONS cycle=1902080056 reason=1 phase0=146500 phase1=58 phase2=0 phase3=0 phase4=0 phase5=1
INVALIDATIONS cycle=1902080056 reason=2 phase0=1 phase1=0 phase2=0 phase3=0 phase4=0 phase5=0
INVALIDATIONS cycle=1902080056 reason=3 phase0=0 phase1=0 phase2=0 phase3=0 phase4=0 phase5=0
INVALIDATIONS cycle=1902080056 reason=4 phase0=0 phase1=0 phase2=0 phase3=0 phase4=0 phase5=0
INVALIDATIONS cycle=1902080056 reason=5 phase0=0 phase1=0 phase2=0 phase3=0 phase4=0 phase5=0
LIVE cycle=1905946129 kind=PREFIX phase=1 site=1 pc=75e15a reason=
LIVE cycle=1906344598 kind=INVALIDATE phase=1 site=1 pc=75e15a reason=MMU_REGISTERS
ADAPTER cycle=1906448779 request_samples=1038137689 ack_samples=399596962 instruction_acks=161209218 data_acks=238387744 error_acks=0 fetched_bytes=541266676 dispatches=393000000 known_dispatches=243493969 ir_mismatch=5467996 signature_failures=0 secondary_skipped=298116 primary_mismatch_skipped=5467996 diagnostic_dropped=0 starts=0 stops=0 callbacks=0 returns=0 aborts=0 unmatched=0 prefix_aborts=153 prefix0=1 prefix1=154 prefix2=2 prefix3=2 prefix4=2 prefix5=1 invalidation0=186384 invalidation1=146585 invalidation2=1 invalidation3=0 invalidation4=0 invalidation5=0
INVALIDATIONS cycle=1906448779 reason=0 phase0=186290 phase1=94 phase2=0 phase3=0 phase4=0 phase5=0
INVALIDATIONS cycle=1906448779 reason=1 phase0=146526 phase1=58 phase2=0 phase3=0 phase4=0 phase5=1
INVALIDATIONS cycle=1906448779 reason=2 phase0=1 phase1=0 phase2=0 phase3=0 phase4=0 phase5=0
INVALIDATIONS cycle=1906448779 reason=3 phase0=0 phase1=0 phase2=0 phase3=0 phase4=0 phase5=0
INVALIDATIONS cycle=1906448779 reason=4 phase0=0 phase1=0 phase2=0 phase3=0 phase4=0 phase5=0
INVALIDATIONS cycle=1906448779 reason=5 phase0=0 phase1=0 phase2=0 phase3=0 phase4=0 phase5=0
ADAPTER cycle=1910696329 request_samples=1039055264 ack_samples=400243621 instruction_acks=161457930 data_acks=238785691 error_acks=0 fetched_bytes=542175576 dispatches=394000000 known_dispatches=243940137 ir_mismatch=5469758 signature_failures=0 secondary_skipped=299194 primary_mismatch_skipped=5469758 diagnostic_dropped=0 starts=0 stops=0 callbacks=0 returns=0 aborts=0 unmatched=0 prefix_aborts=153 prefix0=1 prefix1=154 prefix2=2 prefix3=2 prefix4=2 prefix5=1 invalidation0=186484 invalidation1=146605 invalidation2=1 invalidation3=0 invalidation4=0 invalidation5=0
INVALIDATIONS cycle=1910696329 reason=0 phase0=186390 phase1=94 phase2=0 phase3=0 phase4=0 phase5=0
INVALIDATIONS cycle=1910696329 reason=1 phase0=146546 phase1=58 phase2=0 phase3=0 phase4=0 phase5=1
INVALIDATIONS cycle=1910696329 reason=2 phase0=1 phase1=0 phase2=0 phase3=0 phase4=0 phase5=0
INVALIDATIONS cycle=1910696329 reason=3 phase0=0 phase1=0 phase2=0 phase3=0 phase4=0 phase5=0
INVALIDATIONS cycle=1910696329 reason=4 phase0=0 phase1=0 phase2=0 phase3=0 phase4=0 phase5=0
INVALIDATIONS cycle=1910696329 reason=5 phase0=0 phase1=0 phase2=0 phase3=0 phase4=0 phase5=0
LIVE cycle=1911434697 kind=PREFIX phase=1 site=1 pc=75e15a reason=
LIVE cycle=1911804601 kind=INVALIDATE phase=1 site=1 pc=75e15a reason=MMU_REGISTERS
ADAPTER cycle=1915030894 request_samples=1040079581 ack_samples=400888351 instruction_acks=161698762 data_acks=239189589 error_acks=0 fetched_bytes=543057776 dispatches=395000000 known_dispatches=244387630 ir_mismatch=5471635 signature_failures=0 secondary_skipped=300371 primary_mismatch_skipped=5471635 diagnostic_dropped=0 starts=0 stops=0 callbacks=0 returns=0 aborts=0 unmatched=0 prefix_aborts=154 prefix0=1 prefix1=155 prefix2=2 prefix3=2 prefix4=2 prefix5=1 invalidation0=186604 invalidation1=146629 invalidation2=1 invalidation3=0 invalidation4=0 invalidation5=0
INVALIDATIONS cycle=1915030894 reason=0 phase0=186509 phase1=95 phase2=0 phase3=0 phase4=0 phase5=0
INVALIDATIONS cycle=1915030894 reason=1 phase0=146570 phase1=58 phase2=0 phase3=0 phase4=0 phase5=1
INVALIDATIONS cycle=1915030894 reason=2 phase0=1 phase1=0 phase2=0 phase3=0 phase4=0 phase5=0
INVALIDATIONS cycle=1915030894 reason=3 phase0=0 phase1=0 phase2=0 phase3=0 phase4=0 phase5=0
INVALIDATIONS cycle=1915030894 reason=4 phase0=0 phase1=0 phase2=0 phase3=0 phase4=0 phase5=0
INVALIDATIONS cycle=1915030894 reason=5 phase0=0 phase1=0 phase2=0 phase3=0 phase4=0 phase5=0
LIVE cycle=1916918681 kind=PREFIX phase=1 site=1 pc=75e15a reason=
LIVE cycle=1917264585 kind=INVALIDATE phase=1 site=1 pc=75e15a reason=MMU_REGISTERS
ADAPTER cycle=1919312316 request_samples=1041035299 ack_samples=401535351 instruction_acks=161947544 data_acks=239587807 error_acks=0 fetched_bytes=543966980 dispatches=396000000 known_dispatches=244830886 ir_mismatch=5473396 signature_failures=0 secondary_skipped=301447 primary_mismatch_skipped=5473396 diagnostic_dropped=0 starts=0 stops=0 callbacks=0 returns=0 aborts=0 unmatched=0 prefix_aborts=155 prefix0=1 prefix1=156 prefix2=2 prefix3=2 prefix4=2 prefix5=1 invalidation0=186724 invalidation1=146653 invalidation2=1 invalidation3=0 invalidation4=0 invalidation5=0
INVALIDATIONS cycle=1919312316 reason=0 phase0=186628 phase1=96 phase2=0 phase3=0 phase4=0 phase5=0
INVALIDATIONS cycle=1919312316 reason=1 phase0=146594 phase1=58 phase2=0 phase3=0 phase4=0 phase5=1
INVALIDATIONS cycle=1919312316 reason=2 phase0=1 phase1=0 phase2=0 phase3=0 phase4=0 phase5=0
INVALIDATIONS cycle=1919312316 reason=3 phase0=0 phase1=0 phase2=0 phase3=0 phase4=0 phase5=0
INVALIDATIONS cycle=1919312316 reason=4 phase0=0 phase1=0 phase2=0 phase3=0 phase4=0 phase5=0
INVALIDATIONS cycle=1919312316 reason=5 phase0=0 phase1=0 phase2=0 phase3=0 phase4=0 phase5=0
LIVE cycle=1922404816 kind=PREFIX phase=1 site=1 pc=75e15a reason=
LIVE cycle=1922724592 kind=INVALIDATE phase=1 site=1 pc=75e15a reason=MMU_REGISTERS
ADAPTER cycle=1923614265 request_samples=1042025528 ack_samples=402180003 instruction_acks=162188314 data_acks=239991689 error_acks=0 fetched_bytes=544848998 dispatches=397000000 known_dispatches=245290476 ir_mismatch=5475268 signature_failures=0 secondary_skipped=302618 primary_mismatch_skipped=5475268 diagnostic_dropped=0 starts=0 stops=0 callbacks=0 returns=0 aborts=0 unmatched=0 prefix_aborts=156 prefix0=1 prefix1=157 prefix2=2 prefix3=2 prefix4=2 prefix5=1 invalidation0=186854 invalidation1=146679 invalidation2=1 invalidation3=0 invalidation4=0 invalidation5=0
INVALIDATIONS cycle=1923614265 reason=0 phase0=186757 phase1=97 phase2=0 phase3=0 phase4=0 phase5=0
INVALIDATIONS cycle=1923614265 reason=1 phase0=146620 phase1=58 phase2=0 phase3=0 phase4=0 phase5=1
INVALIDATIONS cycle=1923614265 reason=2 phase0=1 phase1=0 phase2=0 phase3=0 phase4=0 phase5=0
INVALIDATIONS cycle=1923614265 reason=3 phase0=0 phase1=0 phase2=0 phase3=0 phase4=0 phase5=0
INVALIDATIONS cycle=1923614265 reason=4 phase0=0 phase1=0 phase2=0 phase3=0 phase4=0 phase5=0
INVALIDATIONS cycle=1923614265 reason=5 phase0=0 phase1=0 phase2=0 phase3=0 phase4=0 phase5=0
LIVE cycle=1926222027 kind=PREFIX phase=1 site=1 pc=75e186 reason=
LIVE cycle=1926222706 kind=PREFIX phase=2 site=1 pc=759b0a reason=
LIVE cycle=1926222706 kind=PREFIX phase=3 site=1 pc=759b10 reason=
LIVE cycle=1926222711 kind=PREFIX phase=4 site=2 pc=759b10 reason=
LIVE cycle=1926222711 kind=PREFIX phase=5 site=2 pc=759b16 reason=
LIVE cycle=1926228555 kind=INVALIDATE phase=5 site=2 pc=759b0a reason=PFLUSH_OR_CINV
ADAPTER cycle=1928426120 request_samples=1043818559 ack_samples=402959741 instruction_acks=162475813 data_acks=240483928 error_acks=0 fetched_bytes=545917618 dispatches=398000000 known_dispatches=245717967 ir_mismatch=5480661 signature_failures=0 secondary_skipped=303744 primary_mismatch_skipped=5480661 diagnostic_dropped=0 starts=0 stops=0 callbacks=0 returns=0 aborts=0 unmatched=0 prefix_aborts=157 prefix0=1 prefix1=158 prefix2=3 prefix3=3 prefix4=3 prefix5=2 invalidation0=187634 invalidation1=147095 invalidation2=1 invalidation3=0 invalidation4=0 invalidation5=0
INVALIDATIONS cycle=1928426120 reason=0 phase0=187537 phase1=97 phase2=0 phase3=0 phase4=0 phase5=0
INVALIDATIONS cycle=1928426120 reason=1 phase0=147035 phase1=58 phase2=0 phase3=0 phase4=0 phase5=2
INVALIDATIONS cycle=1928426120 reason=2 phase0=1 phase1=0 phase2=0 phase3=0 phase4=0 phase5=0
INVALIDATIONS cycle=1928426120 reason=3 phase0=0 phase1=0 phase2=0 phase3=0 phase4=0 phase5=0
INVALIDATIONS cycle=1928426120 reason=4 phase0=0 phase1=0 phase2=0 phase3=0 phase4=0 phase5=0
INVALIDATIONS cycle=1928426120 reason=5 phase0=0 phase1=0 phase2=0 phase3=0 phase4=0 phase5=0
ADAPTER cycle=1932552997 request_samples=1044473518 ack_samples=403500217 instruction_acks=162677110 data_acks=240823107 error_acks=0 fetched_bytes=546719364 dispatches=399000000 known_dispatches=246056892 ir_mismatch=5480682 signature_failures=0 secondary_skipped=303984 primary_mismatch_skipped=5480682 diagnostic_dropped=0 starts=0 stops=0 callbacks=0 returns=0 aborts=0 unmatched=0 prefix_aborts=157 prefix0=1 prefix1=158 prefix2=3 prefix3=3 prefix4=3 prefix5=2 invalidation0=187734 invalidation1=147115 invalidation2=1 invalidation3=0 invalidation4=0 invalidation5=0
INVALIDATIONS cycle=1932552997 reason=0 phase0=187637 phase1=97 phase2=0 phase3=0 phase4=0 phase5=0
INVALIDATIONS cycle=1932552997 reason=1 phase0=147055 phase1=58 phase2=0 phase3=0 phase4=0 phase5=2
INVALIDATIONS cycle=1932552997 reason=2 phase0=1 phase1=0 phase2=0 phase3=0 phase4=0 phase5=0
INVALIDATIONS cycle=1932552997 reason=3 phase0=0 phase1=0 phase2=0 phase3=0 phase4=0 phase5=0
INVALIDATIONS cycle=1932552997 reason=4 phase0=0 phase1=0 phase2=0 phase3=0 phase4=0 phase5=0
INVALIDATIONS cycle=1932552997 reason=5 phase0=0 phase1=0 phase2=0 phase3=0 phase4=0 phase5=0
LIVE cycle=1933380302 kind=PREFIX phase=1 site=2 pc=75e15a reason=
LIVE cycle=1933644589 kind=INVALIDATE phase=1 site=2 pc=75e15a reason=MMU_REGISTERS
ADAPTER cycle=1936681425 request_samples=1045138870 ack_samples=404041493 instruction_acks=162878592 data_acks=241162901 error_acks=0 fetched_bytes=547521620 dispatches=400000000 known_dispatches=246397860 ir_mismatch=5480705 signature_failures=0 secondary_skipped=304230 primary_mismatch_skipped=5480705 diagnostic_dropped=0 starts=0 stops=0 callbacks=0 returns=0 aborts=0 unmatched=0 prefix_aborts=158 prefix0=1 prefix1=159 prefix2=3 prefix3=3 prefix4=3 prefix5=2 invalidation0=187864 invalidation1=147141 invalidation2=1 invalidation3=0 invalidation4=0 invalidation5=0
INVALIDATIONS cycle=1936681425 reason=0 phase0=187766 phase1=98 phase2=0 phase3=0 phase4=0 phase5=0
INVALIDATIONS cycle=1936681425 reason=1 phase0=147081 phase1=58 phase2=0 phase3=0 phase4=0 phase5=2
INVALIDATIONS cycle=1936681425 reason=2 phase0=1 phase1=0 phase2=0 phase3=0 phase4=0 phase5=0
INVALIDATIONS cycle=1936681425 reason=3 phase0=0 phase1=0 phase2=0 phase3=0 phase4=0 phase5=0
INVALIDATIONS cycle=1936681425 reason=4 phase0=0 phase1=0 phase2=0 phase3=0 phase4=0 phase5=0
INVALIDATIONS cycle=1936681425 reason=5 phase0=0 phase1=0 phase2=0 phase3=0 phase4=0 phase5=0
LIVE cycle=1938863324 kind=PREFIX phase=1 site=2 pc=75e15a reason=
LIVE cycle=1939104589 kind=INVALIDATE phase=1 site=2 pc=75e15a reason=MMU_REGISTERS
ADAPTER cycle=1940809386 request_samples=1045801770 ack_samples=404582368 instruction_acks=163079904 data_acks=241502464 error_acks=0 fetched_bytes=548323194 dispatches=401000000 known_dispatches=246741780 ir_mismatch=5480725 signature_failures=0 secondary_skipped=304476 primary_mismatch_skipped=5480725 diagnostic_dropped=0 starts=0 stops=0 callbacks=0 returns=0 aborts=0 unmatched=0 prefix_aborts=159 prefix0=1 prefix1=160 prefix2=3 prefix3=3 prefix4=3 prefix5=2 invalidation0=187984 invalidation1=147165 invalidation2=1 invalidation3=0 invalidation4=0 invalidation5=0
INVALIDATIONS cycle=1940809386 reason=0 phase0=187885 phase1=99 phase2=0 phase3=0 phase4=0 phase5=0
INVALIDATIONS cycle=1940809386 reason=1 phase0=147105 phase1=58 phase2=0 phase3=0 phase4=0 phase5=2
INVALIDATIONS cycle=1940809386 reason=2 phase0=1 phase1=0 phase2=0 phase3=0 phase4=0 phase5=0
INVALIDATIONS cycle=1940809386 reason=3 phase0=0 phase1=0 phase2=0 phase3=0 phase4=0 phase5=0
INVALIDATIONS cycle=1940809386 reason=4 phase0=0 phase1=0 phase2=0 phase3=0 phase4=0 phase5=0
INVALIDATIONS cycle=1940809386 reason=5 phase0=0 phase1=0 phase2=0 phase3=0 phase4=0 phase5=0
LIVE cycle=1944352709 kind=PREFIX phase=1 site=2 pc=75e15a reason=
LIVE cycle=1944564599 kind=INVALIDATE phase=1 site=2 pc=75e15a reason=MMU_REGISTERS
ADAPTER cycle=1944964006 request_samples=1046490460 ack_samples=405138174 instruction_acks=163286198 data_acks=241851976 error_acks=0 fetched_bytes=549140418 dispatches=402000000 known_dispatches=247085447 ir_mismatch=5480927 signature_failures=0 secondary_skipped=304716 primary_mismatch_skipped=5480927 diagnostic_dropped=0 starts=0 stops=0 callbacks=0 returns=0 aborts=0 unmatched=0 prefix_aborts=160 prefix0=1 prefix1=161 prefix2=3 prefix3=3 prefix4=3 prefix5=2 invalidation0=188094 invalidation1=147187 invalidation2=1 invalidation3=0 invalidation4=0 invalidation5=0
INVALIDATIONS cycle=1944964006 reason=0 phase0=187994 phase1=100 phase2=0 phase3=0 phase4=0 phase5=0
INVALIDATIONS cycle=1944964006 reason=1 phase0=147127 phase1=58 phase2=0 phase3=0 phase4=0 phase5=2
INVALIDATIONS cycle=1944964006 reason=2 phase0=1 phase1=0 phase2=0 phase3=0 phase4=0 phase5=0
INVALIDATIONS cycle=1944964006 reason=3 phase0=0 phase1=0 phase2=0 phase3=0 phase4=0 phase5=0
INVALIDATIONS cycle=1944964006 reason=4 phase0=0 phase1=0 phase2=0 phase3=0 phase4=0 phase5=0
INVALIDATIONS cycle=1944964006 reason=5 phase0=0 phase1=0 phase2=0 phase3=0 phase4=0 phase5=0
ADAPTER cycle=1949100499 request_samples=1047147544 ack_samples=405678678 instruction_acks=163487601 data_acks=242191077 error_acks=0 fetched_bytes=549942518 dispatches=403000000 known_dispatches=247421401 ir_mismatch=5480950 signature_failures=0 secondary_skipped=304962 primary_mismatch_skipped=5480950 diagnostic_dropped=0 starts=0 stops=0 callbacks=0 returns=0 aborts=0 unmatched=0 prefix_aborts=160 prefix0=1 prefix1=161 prefix2=3 prefix3=3 prefix4=3 prefix5=2 invalidation0=188194 invalidation1=147207 invalidation2=1 invalidation3=0 invalidation4=0 invalidation5=0
INVALIDATIONS cycle=1949100499 reason=0 phase0=188094 phase1=100 phase2=0 phase3=0 phase4=0 phase5=0
INVALIDATIONS cycle=1949100499 reason=1 phase0=147147 phase1=58 phase2=0 phase3=0 phase4=0 phase5=2
INVALIDATIONS cycle=1949100499 reason=2 phase0=1 phase1=0 phase2=0 phase3=0 phase4=0 phase5=0
INVALIDATIONS cycle=1949100499 reason=3 phase0=0 phase1=0 phase2=0 phase3=0 phase4=0 phase5=0
INVALIDATIONS cycle=1949100499 reason=4 phase0=0 phase1=0 phase2=0 phase3=0 phase4=0 phase5=0
INVALIDATIONS cycle=1949100499 reason=5 phase0=0 phase1=0 phase2=0 phase3=0 phase4=0 phase5=0
LIVE cycle=1949836032 kind=PREFIX phase=1 site=2 pc=75e15a reason=
LIVE cycle=1950024585 kind=INVALIDATE phase=1 site=2 pc=75e15a reason=MMU_REGISTERS
ADAPTER cycle=1953220856 request_samples=1047810368 ack_samples=406219822 instruction_acks=163688922 data_acks=242530900 error_acks=0 fetched_bytes=550744082 dispatches=404000000 known_dispatches=247762307 ir_mismatch=5480972 signature_failures=0 secondary_skipped=305208 primary_mismatch_skipped=5480972 diagnostic_dropped=0 starts=0 stops=0 callbacks=0 returns=0 aborts=0 unmatched=0 prefix_aborts=161 prefix0=1 prefix1=162 prefix2=3 prefix3=3 prefix4=3 prefix5=2 invalidation0=188314 invalidation1=147231 invalidation2=1 invalidation3=0 invalidation4=0 invalidation5=0
INVALIDATIONS cycle=1953220856 reason=0 phase0=188213 phase1=101 phase2=0 phase3=0 phase4=0 phase5=0
INVALIDATIONS cycle=1953220856 reason=1 phase0=147171 phase1=58 phase2=0 phase3=0 phase4=0 phase5=2
INVALIDATIONS cycle=1953220856 reason=2 phase0=1 phase1=0 phase2=0 phase3=0 phase4=0 phase5=0
INVALIDATIONS cycle=1953220856 reason=3 phase0=0 phase1=0 phase2=0 phase3=0 phase4=0 phase5=0
INVALIDATIONS cycle=1953220856 reason=4 phase0=0 phase1=0 phase2=0 phase3=0 phase4=0 phase5=0
INVALIDATIONS cycle=1953220856 reason=5 phase0=0 phase1=0 phase2=0 phase3=0 phase4=0 phase5=0
LIVE cycle=1955322139 kind=PREFIX phase=1 site=2 pc=75e15a reason=
LIVE cycle=1955484585 kind=INVALIDATE phase=1 site=2 pc=75e15a reason=MMU_REGISTERS
ADAPTER cycle=1957384362 request_samples=1048497919 ack_samples=406775906 instruction_acks=163895416 data_acks=242880490 error_acks=0 fetched_bytes=551562170 dispatches=405000000 known_dispatches=248105244 ir_mismatch=5481173 signature_failures=0 secondary_skipped=305448 primary_mismatch_skipped=5481173 diagnostic_dropped=0 starts=0 stops=0 callbacks=0 returns=0 aborts=0 unmatched=0 prefix_aborts=162 prefix0=1 prefix1=163 prefix2=3 prefix3=3 prefix4=3 prefix5=2 invalidation0=188434 invalidation1=147255 invalidation2=1 invalidation3=0 invalidation4=0 invalidation5=0
INVALIDATIONS cycle=1957384362 reason=0 phase0=188332 phase1=102 phase2=0 phase3=0 phase4=0 phase5=0
INVALIDATIONS cycle=1957384362 reason=1 phase0=147195 phase1=58 phase2=0 phase3=0 phase4=0 phase5=2
INVALIDATIONS cycle=1957384362 reason=2 phase0=1 phase1=0 phase2=0 phase3=0 phase4=0 phase5=0
INVALIDATIONS cycle=1957384362 reason=3 phase0=0 phase1=0 phase2=0 phase3=0 phase4=0 phase5=0
INVALIDATIONS cycle=1957384362 reason=4 phase0=0 phase1=0 phase2=0 phase3=0 phase4=0 phase5=0
INVALIDATIONS cycle=1957384362 reason=5 phase0=0 phase1=0 phase2=0 phase3=0 phase4=0 phase5=0
LIVE cycle=1960809436 kind=PREFIX phase=1 site=2 pc=75e15a reason=
LIVE cycle=1960944580 kind=INVALIDATE phase=1 site=2 pc=75e15a reason=MMU_REGISTERS
ADAPTER cycle=1961510466 request_samples=1049160443 ack_samples=407316557 instruction_acks=164096639 data_acks=243219918 error_acks=0 fetched_bytes=552363414 dispatches=406000000 known_dispatches=248443287 ir_mismatch=5481197 signature_failures=0 secondary_skipped=305694 primary_mismatch_skipped=5481197 diagnostic_dropped=0 starts=0 stops=0 callbacks=0 returns=0 aborts=0 unmatched=0 prefix_aborts=163 prefix0=1 prefix1=164 prefix2=3 prefix3=3 prefix4=3 prefix5=2 invalidation0=188554 invalidation1=147279 invalidation2=1 invalidation3=0 invalidation4=0 invalidation5=0
INVALIDATIONS cycle=1961510466 reason=0 phase0=188451 phase1=103 phase2=0 phase3=0 phase4=0 phase5=0
INVALIDATIONS cycle=1961510466 reason=1 phase0=147219 phase1=58 phase2=0 phase3=0 phase4=0 phase5=2
INVALIDATIONS cycle=1961510466 reason=2 phase0=1 phase1=0 phase2=0 phase3=0 phase4=0 phase5=0
INVALIDATIONS cycle=1961510466 reason=3 phase0=0 phase1=0 phase2=0 phase3=0 phase4=0 phase5=0
INVALIDATIONS cycle=1961510466 reason=4 phase0=0 phase1=0 phase2=0 phase3=0 phase4=0 phase5=0
INVALIDATIONS cycle=1961510466 reason=5 phase0=0 phase1=0 phase2=0 phase3=0 phase4=0 phase5=0
ADAPTER cycle=1965638142 request_samples=1049816470 ack_samples=407857342 instruction_acks=164298031 data_acks=243559311 error_acks=0 fetched_bytes=553165460 dispatches=407000000 known_dispatches=248782712 ir_mismatch=5481219 signature_failures=0 secondary_skipped=305940 primary_mismatch_skipped=5481219 diagnostic_dropped=0 starts=0 stops=0 callbacks=0 returns=0 aborts=0 unmatched=0 prefix_aborts=163 prefix0=1 prefix1=164 prefix2=3 prefix3=3 prefix4=3 prefix5=2 invalidation0=188654 invalidation1=147299 invalidation2=1 invalidation3=0 invalidation4=0 invalidation5=0
INVALIDATIONS cycle=1965638142 reason=0 phase0=188551 phase1=103 phase2=0 phase3=0 phase4=0 phase5=0
INVALIDATIONS cycle=1965638142 reason=1 phase0=147239 phase1=58 phase2=0 phase3=0 phase4=0 phase5=2
INVALIDATIONS cycle=1965638142 reason=2 phase0=1 phase1=0 phase2=0 phase3=0 phase4=0 phase5=0
INVALIDATIONS cycle=1965638142 reason=3 phase0=0 phase1=0 phase2=0 phase3=0 phase4=0 phase5=0
INVALIDATIONS cycle=1965638142 reason=4 phase0=0 phase1=0 phase2=0 phase3=0 phase4=0 phase5=0
INVALIDATIONS cycle=1965638142 reason=5 phase0=0 phase1=0 phase2=0 phase3=0 phase4=0 phase5=0
LIVE cycle=1966294604 kind=PREFIX phase=1 site=2 pc=75e15a reason=
LIVE cycle=1966404577 kind=INVALIDATE phase=1 site=2 pc=75e15a reason=MMU_REGISTERS
ADAPTER cycle=1969764511 request_samples=1050476105 ack_samples=408398314 instruction_acks=164499405 data_acks=243898909 error_acks=0 fetched_bytes=553967358 dispatches=408000000 known_dispatches=249124263 ir_mismatch=5481243 signature_failures=0 secondary_skipped=306180 primary_mismatch_skipped=5481243 diagnostic_dropped=0 starts=0 stops=0 callbacks=0 returns=0 aborts=0 unmatched=0 prefix_aborts=164 prefix0=1 prefix1=165 prefix2=3 prefix3=3 prefix4=3 prefix5=2 invalidation0=188769 invalidation1=147322 invalidation2=1 invalidation3=0 invalidation4=0 invalidation5=0
INVALIDATIONS cycle=1969764511 reason=0 phase0=188665 phase1=104 phase2=0 phase3=0 phase4=0 phase5=0
INVALIDATIONS cycle=1969764511 reason=1 phase0=147262 phase1=58 phase2=0 phase3=0 phase4=0 phase5=2
INVALIDATIONS cycle=1969764511 reason=2 phase0=1 phase1=0 phase2=0 phase3=0 phase4=0 phase5=0
INVALIDATIONS cycle=1969764511 reason=3 phase0=0 phase1=0 phase2=0 phase3=0 phase4=0 phase5=0
INVALIDATIONS cycle=1969764511 reason=4 phase0=0 phase1=0 phase2=0 phase3=0 phase4=0 phase5=0
INVALIDATIONS cycle=1969764511 reason=5 phase0=0 phase1=0 phase2=0 phase3=0 phase4=0 phase5=0
LIVE cycle=1971781770 kind=PREFIX phase=1 site=2 pc=75e15a reason=
LIVE cycle=1971864577 kind=INVALIDATE phase=1 site=2 pc=75e15a reason=MMU_REGISTERS
ADAPTER cycle=1973917696 request_samples=1051164788 ack_samples=408953734 instruction_acks=164705460 data_acks=244248274 error_acks=0 fetched_bytes=554783698 dispatches=409000000 known_dispatches=249465581 ir_mismatch=5481445 signature_failures=0 secondary_skipped=306426 primary_mismatch_skipped=5481445 diagnostic_dropped=0 starts=0 stops=0 callbacks=0 returns=0 aborts=0 unmatched=0 prefix_aborts=165 prefix0=1 prefix1=166 prefix2=3 prefix3=3 prefix4=3 prefix5=2 invalidation0=188884 invalidation1=147345 invalidation2=1 invalidation3=0 invalidation4=0 invalidation5=0
INVALIDATIONS cycle=1973917696 reason=0 phase0=188779 phase1=105 phase2=0 phase3=0 phase4=0 phase5=0
INVALIDATIONS cycle=1973917696 reason=1 phase0=147285 phase1=58 phase2=0 phase3=0 phase4=0 phase5=2
INVALIDATIONS cycle=1973917696 reason=2 phase0=1 phase1=0 phase2=0 phase3=0 phase4=0 phase5=0
INVALIDATIONS cycle=1973917696 reason=3 phase0=0 phase1=0 phase2=0 phase3=0 phase4=0 phase5=0
INVALIDATIONS cycle=1973917696 reason=4 phase0=0 phase1=0 phase2=0 phase3=0 phase4=0 phase5=0
INVALIDATIONS cycle=1973917696 reason=5 phase0=0 phase1=0 phase2=0 phase3=0 phase4=0 phase5=0
LIVE cycle=1977269636 kind=PREFIX phase=1 site=2 pc=75e15a reason=
LIVE cycle=1977324630 kind=INVALIDATE phase=1 site=2 pc=75e15a reason=MMU_REGISTERS
ADAPTER cycle=1978044108 request_samples=1051827952 ack_samples=409495047 instruction_acks=164906975 data_acks=244588072 error_acks=0 fetched_bytes=555585964 dispatches=410000000 known_dispatches=249803836 ir_mismatch=5481467 signature_failures=0 secondary_skipped=306672 primary_mismatch_skipped=5481467 diagnostic_dropped=0 starts=0 stops=0 callbacks=0 returns=0 aborts=0 unmatched=0 prefix_aborts=166 prefix0=1 prefix1=167 prefix2=3 prefix3=3 prefix4=3 prefix5=2 invalidation0=189004 invalidation1=147369 invalidation2=1 invalidation3=0 invalidation4=0 invalidation5=0
INVALIDATIONS cycle=1978044108 reason=0 phase0=188898 phase1=106 phase2=0 phase3=0 phase4=0 phase5=0
INVALIDATIONS cycle=1978044108 reason=1 phase0=147309 phase1=58 phase2=0 phase3=0 phase4=0 phase5=2
INVALIDATIONS cycle=1978044108 reason=2 phase0=1 phase1=0 phase2=0 phase3=0 phase4=0 phase5=0
INVALIDATIONS cycle=1978044108 reason=3 phase0=0 phase1=0 phase2=0 phase3=0 phase4=0 phase5=0
INVALIDATIONS cycle=1978044108 reason=4 phase0=0 phase1=0 phase2=0 phase3=0 phase4=0 phase5=0
INVALIDATIONS cycle=1978044108 reason=5 phase0=0 phase1=0 phase2=0 phase3=0 phase4=0 phase5=0
ADAPTER cycle=1982180306 request_samples=1052484622 ack_samples=410035524 instruction_acks=165108378 data_acks=244927146 error_acks=0 fetched_bytes=556388102 dispatches=411000000 known_dispatches=250147302 ir_mismatch=5481491 signature_failures=0 secondary_skipped=306912 primary_mismatch_skipped=5481491 diagnostic_dropped=0 starts=0 stops=0 callbacks=0 returns=0 aborts=0 unmatched=0 prefix_aborts=166 prefix0=1 prefix1=167 prefix2=3 prefix3=3 prefix4=3 prefix5=2 invalidation0=189104 invalidation1=147389 invalidation2=1 invalidation3=0 invalidation4=0 invalidation5=0
INVALIDATIONS cycle=1982180306 reason=0 phase0=188998 phase1=106 phase2=0 phase3=0 phase4=0 phase5=0
INVALIDATIONS cycle=1982180306 reason=1 phase0=147329 phase1=58 phase2=0 phase3=0 phase4=0 phase5=2
INVALIDATIONS cycle=1982180306 reason=2 phase0=1 phase1=0 phase2=0 phase3=0 phase4=0 phase5=0
INVALIDATIONS cycle=1982180306 reason=3 phase0=0 phase1=0 phase2=0 phase3=0 phase4=0 phase5=0
INVALIDATIONS cycle=1982180306 reason=4 phase0=0 phase1=0 phase2=0 phase3=0 phase4=0 phase5=0
INVALIDATIONS cycle=1982180306 reason=5 phase0=0 phase1=0 phase2=0 phase3=0 phase4=0 phase5=0
LIVE cycle=1982753702 kind=PREFIX phase=1 site=2 pc=75e15a reason=
LIVE cycle=1982784631 kind=INVALIDATE phase=1 site=2 pc=75e15a reason=MMU_REGISTERS
ADAPTER cycle=1986337131 request_samples=1053172645 ack_samples=410591437 instruction_acks=165314696 data_acks=245276741 error_acks=0 fetched_bytes=557205464 dispatches=412000000 known_dispatches=250493557 ir_mismatch=5481692 signature_failures=0 secondary_skipped=307158 primary_mismatch_skipped=5481692 diagnostic_dropped=0 starts=0 stops=0 callbacks=0 returns=0 aborts=0 unmatched=0 prefix_aborts=167 prefix0=1 prefix1=168 prefix2=3 prefix3=3 prefix4=3 prefix5=2 invalidation0=189224 invalidation1=147413 invalidation2=1 invalidation3=0 invalidation4=0 invalidation5=0
INVALIDATIONS cycle=1986337131 reason=0 phase0=189117 phase1=107 phase2=0 phase3=0 phase4=0 phase5=0
INVALIDATIONS cycle=1986337131 reason=1 phase0=147353 phase1=58 phase2=0 phase3=0 phase4=0 phase5=2
INVALIDATIONS cycle=1986337131 reason=2 phase0=1 phase1=0 phase2=0 phase3=0 phase4=0 phase5=0
INVALIDATIONS cycle=1986337131 reason=3 phase0=0 phase1=0 phase2=0 phase3=0 phase4=0 phase5=0
INVALIDATIONS cycle=1986337131 reason=4 phase0=0 phase1=0 phase2=0 phase3=0 phase4=0 phase5=0
INVALIDATIONS cycle=1986337131 reason=5 phase0=0 phase1=0 phase2=0 phase3=0 phase4=0 phase5=0
LIVE cycle=1988240520 kind=PREFIX phase=1 site=2 pc=75e15a reason=
LIVE cycle=1988244606 kind=INVALIDATE phase=1 site=2 pc=75e15a reason=MMU_REGISTERS
ADAPTER cycle=1990468406 request_samples=1053838179 ack_samples=411133030 instruction_acks=165516324 data_acks=245616706 error_acks=0 fetched_bytes=558008190 dispatches=413000000 known_dispatches=250830000 ir_mismatch=5481717 signature_failures=0 secondary_skipped=307404 primary_mismatch_skipped=5481717 diagnostic_dropped=0 starts=0 stops=0 callbacks=0 returns=0 aborts=0 unmatched=0 prefix_aborts=168 prefix0=1 prefix1=169 prefix2=3 prefix3=3 prefix4=3 prefix5=2 invalidation0=189344 invalidation1=147437 invalidation2=1 invalidation3=0 invalidation4=0 invalidation5=0
INVALIDATIONS cycle=1990468406 reason=0 phase0=189236 phase1=108 phase2=0 phase3=0 phase4=0 phase5=0
INVALIDATIONS cycle=1990468406 reason=1 phase0=147377 phase1=58 phase2=0 phase3=0 phase4=0 phase5=2
INVALIDATIONS cycle=1990468406 reason=2 phase0=1 phase1=0 phase2=0 phase3=0 phase4=0 phase5=0
INVALIDATIONS cycle=1990468406 reason=3 phase0=0 phase1=0 phase2=0 phase3=0 phase4=0 phase5=0
INVALIDATIONS cycle=1990468406 reason=4 phase0=0 phase1=0 phase2=0 phase3=0 phase4=0 phase5=0
INVALIDATIONS cycle=1990468406 reason=5 phase0=0 phase1=0 phase2=0 phase3=0 phase4=0 phase5=0
LIVE cycle=1993726354 kind=PREFIX phase=1 site=2 pc=75e15a reason=
LIVE cycle=1994124572 kind=INVALIDATE phase=1 site=2 pc=75e15a reason=MMU_REGISTERS
ADAPTER cycle=1994590581 request_samples=1054497935 ack_samples=411673397 instruction_acks=165717401 data_acks=245955996 error_acks=0 fetched_bytes=558808934 dispatches=414000000 known_dispatches=251173746 ir_mismatch=5481739 signature_failures=0 secondary_skipped=307644 primary_mismatch_skipped=5481739 diagnostic_dropped=0 starts=0 stops=0 callbacks=0 returns=0 aborts=0 unmatched=0 prefix_aborts=169 prefix0=1 prefix1=170 prefix2=3 prefix3=3 prefix4=3 prefix5=2 invalidation0=189464 invalidation1=147461 invalidation2=1 invalidation3=0 invalidation4=0 invalidation5=0
INVALIDATIONS cycle=1994590581 reason=0 phase0=189355 phase1=109 phase2=0 phase3=0 phase4=0 phase5=0
INVALIDATIONS cycle=1994590581 reason=1 phase0=147401 phase1=58 phase2=0 phase3=0 phase4=0 phase5=2
INVALIDATIONS cycle=1994590581 reason=2 phase0=1 phase1=0 phase2=0 phase3=0 phase4=0 phase5=0
INVALIDATIONS cycle=1994590581 reason=3 phase0=0 phase1=0 phase2=0 phase3=0 phase4=0 phase5=0
INVALIDATIONS cycle=1994590581 reason=4 phase0=0 phase1=0 phase2=0 phase3=0 phase4=0 phase5=0
INVALIDATIONS cycle=1994590581 reason=5 phase0=0 phase1=0 phase2=0 phase3=0 phase4=0 phase5=0
ADAPTER cycle=1998717060 request_samples=1055152494 ack_samples=412213893 instruction_acks=165918687 data_acks=246295206 error_acks=0 fetched_bytes=559610634 dispatches=415000000 known_dispatches=251510594 ir_mismatch=5481761 signature_failures=0 secondary_skipped=307890 primary_mismatch_skipped=5481761 diagnostic_dropped=0 starts=0 stops=0 callbacks=0 returns=0 aborts=0 unmatched=0 prefix_aborts=169 prefix0=1 prefix1=170 prefix2=3 prefix3=3 prefix4=3 prefix5=2 invalidation0=189554 invalidation1=147479 invalidation2=1 invalidation3=0 invalidation4=0 invalidation5=0
INVALIDATIONS cycle=1998717060 reason=0 phase0=189445 phase1=109 phase2=0 phase3=0 phase4=0 phase5=0
INVALIDATIONS cycle=1998717060 reason=1 phase0=147419 phase1=58 phase2=0 phase3=0 phase4=0 phase5=2
INVALIDATIONS cycle=1998717060 reason=2 phase0=1 phase1=0 phase2=0 phase3=0 phase4=0 phase5=0
INVALIDATIONS cycle=1998717060 reason=3 phase0=0 phase1=0 phase2=0 phase3=0 phase4=0 phase5=0
INVALIDATIONS cycle=1998717060 reason=4 phase0=0 phase1=0 phase2=0 phase3=0 phase4=0 phase5=0
INVALIDATIONS cycle=1998717060 reason=5 phase0=0 phase1=0 phase2=0 phase3=0 phase4=0 phase5=0
LIVE cycle=1999215397 kind=PREFIX phase=1 site=2 pc=75e15a reason=
LIVE cycle=1999584581 kind=INVALIDATE phase=1 site=2 pc=75e15a reason=MMU_REGISTERS
ADAPTER cycle=2003928856 request_samples=1058116825 ack_samples=412961163 instruction_acks=166169530 data_acks=246791633 error_acks=0 fetched_bytes=560536402 dispatches=416000000 known_dispatches=252100979 ir_mismatch=5488454 signature_failures=0 secondary_skipped=312285 primary_mismatch_skipped=5488454 diagnostic_dropped=0 starts=0 stops=0 callbacks=0 returns=0 aborts=0 unmatched=0 prefix_aborts=170 prefix0=1 prefix1=171 prefix2=3 prefix3=3 prefix4=3 prefix5=2 invalidation0=190004 invalidation1=147700 invalidation2=1 invalidation3=0 invalidation4=0 invalidation5=0
INVALIDATIONS cycle=2003928856 reason=0 phase0=189894 phase1=110 phase2=0 phase3=0 phase4=0 phase5=0
INVALIDATIONS cycle=2003928856 reason=1 phase0=147640 phase1=58 phase2=0 phase3=0 phase4=0 phase5=2
INVALIDATIONS cycle=2003928856 reason=2 phase0=1 phase1=0 phase2=0 phase3=0 phase4=0 phase5=0
INVALIDATIONS cycle=2003928856 reason=3 phase0=0 phase1=0 phase2=0 phase3=0 phase4=0 phase5=0
INVALIDATIONS cycle=2003928856 reason=4 phase0=0 phase1=0 phase2=0 phase3=0 phase4=0 phase5=0
INVALIDATIONS cycle=2003928856 reason=5 phase0=0 phase1=0 phase2=0 phase3=0 phase4=0 phase5=0
ADAPTER cycle=2008743082 request_samples=1061288893 ack_samples=413618607 instruction_acks=166367097 data_acks=247251510 error_acks=0 fetched_bytes=561247662 dispatches=417000000 known_dispatches=252860788 ir_mismatch=5502186 signature_failures=0 secondary_skipped=317552 primary_mismatch_skipped=5502186 diagnostic_dropped=0 starts=0 stops=0 callbacks=0 returns=0 aborts=0 unmatched=0 prefix_aborts=170 prefix0=1 prefix1=171 prefix2=3 prefix3=3 prefix4=3 prefix5=2 invalidation0=190114 invalidation1=147844 invalidation2=1 invalidation3=0 invalidation4=0 invalidation5=0
INVALIDATIONS cycle=2008743082 reason=0 phase0=190004 phase1=110 phase2=0 phase3=0 phase4=0 phase5=0
INVALIDATIONS cycle=2008743082 reason=1 phase0=147784 phase1=58 phase2=0 phase3=0 phase4=0 phase5=2
INVALIDATIONS cycle=2008743082 reason=2 phase0=1 phase1=0 phase2=0 phase3=0 phase4=0 phase5=0
INVALIDATIONS cycle=2008743082 reason=3 phase0=0 phase1=0 phase2=0 phase3=0 phase4=0 phase5=0
INVALIDATIONS cycle=2008743082 reason=4 phase0=0 phase1=0 phase2=0 phase3=0 phase4=0 phase5=0
INVALIDATIONS cycle=2008743082 reason=5 phase0=0 phase1=0 phase2=0 phase3=0 phase4=0 phase5=0
ADAPTER cycle=2013884030 request_samples=1064413156 ack_samples=414388566 instruction_acks=166598287 data_acks=247790279 error_acks=0 fetched_bytes=562082904 dispatches=418000000 known_dispatches=253514597 ir_mismatch=5517650 signature_failures=0 secondary_skipped=321575 primary_mismatch_skipped=5517650 diagnostic_dropped=0 starts=0 stops=0 callbacks=0 returns=0 aborts=0 unmatched=0 prefix_aborts=170 prefix0=1 prefix1=171 prefix2=3 prefix3=3 prefix4=3 prefix5=2 invalidation0=190244 invalidation1=148464 invalidation2=1 invalidation3=0 invalidation4=0 invalidation5=0
INVALIDATIONS cycle=2013884030 reason=0 phase0=190134 phase1=110 phase2=0 phase3=0 phase4=0 phase5=0
INVALIDATIONS cycle=2013884030 reason=1 phase0=148404 phase1=58 phase2=0 phase3=0 phase4=0 phase5=2
INVALIDATIONS cycle=2013884030 reason=2 phase0=1 phase1=0 phase2=0 phase3=0 phase4=0 phase5=0
INVALIDATIONS cycle=2013884030 reason=3 phase0=0 phase1=0 phase2=0 phase3=0 phase4=0 phase5=0
INVALIDATIONS cycle=2013884030 reason=4 phase0=0 phase1=0 phase2=0 phase3=0 phase4=0 phase5=0
INVALIDATIONS cycle=2013884030 reason=5 phase0=0 phase1=0 phase2=0 phase3=0 phase4=0 phase5=0
ADAPTER cycle=2020000406 request_samples=1068301550 ack_samples=415619772 instruction_acks=167012943 data_acks=248606829 error_acks=0 fetched_bytes=563539652 dispatches=419000000 known_dispatches=254101773 ir_mismatch=5527732 signature_failures=0 secondary_skipped=322577 primary_mismatch_skipped=5527732 diagnostic_dropped=0 starts=0 stops=0 callbacks=0 returns=0 aborts=0 unmatched=0 prefix_aborts=170 prefix0=1 prefix1=171 prefix2=3 prefix3=3 prefix4=3 prefix5=2 invalidation0=191594 invalidation1=149318 invalidation2=1 invalidation3=0 invalidation4=0 invalidation5=0
INVALIDATIONS cycle=2020000406 reason=0 phase0=191484 phase1=110 phase2=0 phase3=0 phase4=0 phase5=0
INVALIDATIONS cycle=2020000406 reason=1 phase0=149258 phase1=58 phase2=0 phase3=0 phase4=0 phase5=2
INVALIDATIONS cycle=2020000406 reason=2 phase0=1 phase1=0 phase2=0 phase3=0 phase4=0 phase5=0
INVALIDATIONS cycle=2020000406 reason=3 phase0=0 phase1=0 phase2=0 phase3=0 phase4=0 phase5=0
INVALIDATIONS cycle=2020000406 reason=4 phase0=0 phase1=0 phase2=0 phase3=0 phase4=0 phase5=0
INVALIDATIONS cycle=2020000406 reason=5 phase0=0 phase1=0 phase2=0 phase3=0 phase4=0 phase5=0
LIVE cycle=2020897978 kind=PREFIX phase=1 site=2 pc=603a24 reason=
LIVE cycle=2020902464 kind=INVALIDATE phase=1 site=2 pc=603a24 reason=PFLUSH_OR_CINV
LIVE cycle=2022794013 kind=PREFIX phase=1 site=2 pc=7b1b46 reason=
LIVE cycle=2022801804 kind=INVALIDATE phase=1 site=2 pc=7b1b46 reason=MMU_REGISTERS
ADAPTER cycle=2025789171 request_samples=1072014160 ack_samples=416665042 instruction_acks=167444060 data_acks=249220982 error_acks=0 fetched_bytes=565048692 dispatches=420000000 known_dispatches=254658941 ir_mismatch=5549811 signature_failures=0 secondary_skipped=324680 primary_mismatch_skipped=5549811 diagnostic_dropped=0 starts=0 stops=0 callbacks=0 returns=0 aborts=0 unmatched=0 prefix_aborts=172 prefix0=1 prefix1=173 prefix2=3 prefix3=3 prefix4=3 prefix5=2 invalidation0=192054 invalidation1=149627 invalidation2=1 invalidation3=0 invalidation4=0 invalidation5=0
INVALIDATIONS cycle=2025789171 reason=0 phase0=191943 phase1=111 phase2=0 phase3=0 phase4=0 phase5=0
INVALIDATIONS cycle=2025789171 reason=1 phase0=149566 phase1=59 phase2=0 phase3=0 phase4=0 phase5=2
INVALIDATIONS cycle=2025789171 reason=2 phase0=1 phase1=0 phase2=0 phase3=0 phase4=0 phase5=0
INVALIDATIONS cycle=2025789171 reason=3 phase0=0 phase1=0 phase2=0 phase3=0 phase4=0 phase5=0
INVALIDATIONS cycle=2025789171 reason=4 phase0=0 phase1=0 phase2=0 phase3=0 phase4=0 phase5=0
INVALIDATIONS cycle=2025789171 reason=5 phase0=0 phase1=0 phase2=0 phase3=0 phase4=0 phase5=0
ADAPTER cycle=2033116773 request_samples=1077298355 ack_samples=418058084 instruction_acks=168076988 data_acks=249981096 error_acks=0 fetched_bytes=567211476 dispatches=421000000 known_dispatches=255308652 ir_mismatch=5579942 signature_failures=0 secondary_skipped=325698 primary_mismatch_skipped=5579942 diagnostic_dropped=0 starts=0 stops=0 callbacks=0 returns=0 aborts=0 unmatched=0 prefix_aborts=172 prefix0=1 prefix1=173 prefix2=3 prefix3=3 prefix4=3 prefix5=2 invalidation0=192224 invalidation1=150317 invalidation2=1 invalidation3=0 invalidation4=0 invalidation5=0
INVALIDATIONS cycle=2033116773 reason=0 phase0=192113 phase1=111 phase2=0 phase3=0 phase4=0 phase5=0
INVALIDATIONS cycle=2033116773 reason=1 phase0=150256 phase1=59 phase2=0 phase3=0 phase4=0 phase5=2
INVALIDATIONS cycle=2033116773 reason=2 phase0=1 phase1=0 phase2=0 phase3=0 phase4=0 phase5=0
INVALIDATIONS cycle=2033116773 reason=3 phase0=0 phase1=0 phase2=0 phase3=0 phase4=0 phase5=0
INVALIDATIONS cycle=2033116773 reason=4 phase0=0 phase1=0 phase2=0 phase3=0 phase4=0 phase5=0
INVALIDATIONS cycle=2033116773 reason=5 phase0=0 phase1=0 phase2=0 phase3=0 phase4=0 phase5=0
ADAPTER cycle=2040653111 request_samples=1082792967 ack_samples=419481644 instruction_acks=168731853 data_acks=250749791 error_acks=0 fetched_bytes=569446986 dispatches=422000000 known_dispatches=255961324 ir_mismatch=5608658 signature_failures=0 secondary_skipped=326751 primary_mismatch_skipped=5608658 diagnostic_dropped=0 starts=0 stops=0 callbacks=0 returns=0 aborts=0 unmatched=0 prefix_aborts=172 prefix0=1 prefix1=173 prefix2=3 prefix3=3 prefix4=3 prefix5=2 invalidation0=192414 invalidation1=150967 invalidation2=1 invalidation3=0 invalidation4=0 invalidation5=0
INVALIDATIONS cycle=2040653111 reason=0 phase0=192303 phase1=111 phase2=0 phase3=0 phase4=0 phase5=0
INVALIDATIONS cycle=2040653111 reason=1 phase0=150906 phase1=59 phase2=0 phase3=0 phase4=0 phase5=2
INVALIDATIONS cycle=2040653111 reason=2 phase0=1 phase1=0 phase2=0 phase3=0 phase4=0 phase5=0
INVALIDATIONS cycle=2040653111 reason=3 phase0=0 phase1=0 phase2=0 phase3=0 phase4=0 phase5=0
INVALIDATIONS cycle=2040653111 reason=4 phase0=0 phase1=0 phase2=0 phase3=0 phase4=0 phase5=0
INVALIDATIONS cycle=2040653111 reason=5 phase0=0 phase1=0 phase2=0 phase3=0 phase4=0 phase5=0
ADAPTER cycle=2048178007 request_samples=1088277193 ack_samples=420901886 instruction_acks=169384585 data_acks=251517301 error_acks=0 fetched_bytes=571675878 dispatches=423000000 known_dispatches=256613427 ir_mismatch=5637116 signature_failures=0 secondary_skipped=327822 primary_mismatch_skipped=5637116 diagnostic_dropped=0 starts=0 stops=0 callbacks=0 returns=0 aborts=0 unmatched=0 prefix_aborts=172 prefix0=1 prefix1=173 prefix2=3 prefix3=3 prefix4=3 prefix5=2 invalidation0=192604 invalidation1=151613 invalidation2=1 invalidation3=0 invalidation4=0 invalidation5=0
INVALIDATIONS cycle=2048178007 reason=0 phase0=192493 phase1=111 phase2=0 phase3=0 phase4=0 phase5=0
INVALIDATIONS cycle=2048178007 reason=1 phase0=151552 phase1=59 phase2=0 phase3=0 phase4=0 phase5=2
INVALIDATIONS cycle=2048178007 reason=2 phase0=1 phase1=0 phase2=0 phase3=0 phase4=0 phase5=0
INVALIDATIONS cycle=2048178007 reason=3 phase0=0 phase1=0 phase2=0 phase3=0 phase4=0 phase5=0
INVALIDATIONS cycle=2048178007 reason=4 phase0=0 phase1=0 phase2=0 phase3=0 phase4=0 phase5=0
INVALIDATIONS cycle=2048178007 reason=5 phase0=0 phase1=0 phase2=0 phase3=0 phase4=0 phase5=0
ADAPTER cycle=2055710934 request_samples=1093768426 ack_samples=422325470 instruction_acks=170039401 data_acks=252286069 error_acks=0 fetched_bytes=573911200 dispatches=424000000 known_dispatches=257265872 ir_mismatch=5665823 signature_failures=0 secondary_skipped=328874 primary_mismatch_skipped=5665823 diagnostic_dropped=0 starts=0 stops=0 callbacks=0 returns=0 aborts=0 unmatched=0 prefix_aborts=172 prefix0=1 prefix1=173 prefix2=3 prefix3=3 prefix4=3 prefix5=2 invalidation0=192784 invalidation1=152261 invalidation2=1 invalidation3=0 invalidation4=0 invalidation5=0
INVALIDATIONS cycle=2055710934 reason=0 phase0=192673 phase1=111 phase2=0 phase3=0 phase4=0 phase5=0
INVALIDATIONS cycle=2055710934 reason=1 phase0=152200 phase1=59 phase2=0 phase3=0 phase4=0 phase5=2
INVALIDATIONS cycle=2055710934 reason=2 phase0=1 phase1=0 phase2=0 phase3=0 phase4=0 phase5=0
INVALIDATIONS cycle=2055710934 reason=3 phase0=0 phase1=0 phase2=0 phase3=0 phase4=0 phase5=0
INVALIDATIONS cycle=2055710934 reason=4 phase0=0 phase1=0 phase2=0 phase3=0 phase4=0 phase5=0
INVALIDATIONS cycle=2055710934 reason=5 phase0=0 phase1=0 phase2=0 phase3=0 phase4=0 phase5=0
ADAPTER cycle=2063247967 request_samples=1099263395 ack_samples=423749280 instruction_acks=170694251 data_acks=253055029 error_acks=0 fetched_bytes=576146764 dispatches=425000000 known_dispatches=257918183 ir_mismatch=5694463 signature_failures=0 secondary_skipped=329933 primary_mismatch_skipped=5694463 diagnostic_dropped=0 starts=0 stops=0 callbacks=0 returns=0 aborts=0 unmatched=0 prefix_aborts=172 prefix0=1 prefix1=173 prefix2=3 prefix3=3 prefix4=3 prefix5=2 invalidation0=192964 invalidation1=152909 invalidation2=1 invalidation3=0 invalidation4=0 invalidation5=0
INVALIDATIONS cycle=2063247967 reason=0 phase0=192853 phase1=111 phase2=0 phase3=0 phase4=0 phase5=0
INVALIDATIONS cycle=2063247967 reason=1 phase0=152848 phase1=59 phase2=0 phase3=0 phase4=0 phase5=2
INVALIDATIONS cycle=2063247967 reason=2 phase0=1 phase1=0 phase2=0 phase3=0 phase4=0 phase5=0
INVALIDATIONS cycle=2063247967 reason=3 phase0=0 phase1=0 phase2=0 phase3=0 phase4=0 phase5=0
INVALIDATIONS cycle=2063247967 reason=4 phase0=0 phase1=0 phase2=0 phase3=0 phase4=0 phase5=0
INVALIDATIONS cycle=2063247967 reason=5 phase0=0 phase1=0 phase2=0 phase3=0 phase4=0 phase5=0
ADAPTER cycle=2070782842 request_samples=1104756165 ack_samples=425173073 instruction_acks=171349076 data_acks=253823997 error_acks=0 fetched_bytes=578382082 dispatches=426000000 known_dispatches=258570556 ir_mismatch=5723129 signature_failures=0 secondary_skipped=330991 primary_mismatch_skipped=5723129 diagnostic_dropped=0 starts=0 stops=0 callbacks=0 returns=0 aborts=0 unmatched=0 prefix_aborts=172 prefix0=1 prefix1=173 prefix2=3 prefix3=3 prefix4=3 prefix5=2 invalidation0=193144 invalidation1=153557 invalidation2=1 invalidation3=0 invalidation4=0 invalidation5=0
INVALIDATIONS cycle=2070782842 reason=0 phase0=193033 phase1=111 phase2=0 phase3=0 phase4=0 phase5=0
INVALIDATIONS cycle=2070782842 reason=1 phase0=153496 phase1=59 phase2=0 phase3=0 phase4=0 phase5=2
INVALIDATIONS cycle=2070782842 reason=2 phase0=1 phase1=0 phase2=0 phase3=0 phase4=0 phase5=0
INVALIDATIONS cycle=2070782842 reason=3 phase0=0 phase1=0 phase2=0 phase3=0 phase4=0 phase5=0
INVALIDATIONS cycle=2070782842 reason=4 phase0=0 phase1=0 phase2=0 phase3=0 phase4=0 phase5=0
INVALIDATIONS cycle=2070782842 reason=5 phase0=0 phase1=0 phase2=0 phase3=0 phase4=0 phase5=0
ADAPTER cycle=2078306117 request_samples=1110239946 ack_samples=426593184 instruction_acks=172001929 data_acks=254591255 error_acks=0 fetched_bytes=580611346 dispatches=427000000 known_dispatches=259223019 ir_mismatch=5751698 signature_failures=0 secondary_skipped=332057 primary_mismatch_skipped=5751698 diagnostic_dropped=0 starts=0 stops=0 callbacks=0 returns=0 aborts=0 unmatched=0 prefix_aborts=172 prefix0=1 prefix1=173 prefix2=3 prefix3=3 prefix4=3 prefix5=2 invalidation0=193344 invalidation1=154203 invalidation2=1 invalidation3=0 invalidation4=0 invalidation5=0
INVALIDATIONS cycle=2078306117 reason=0 phase0=193233 phase1=111 phase2=0 phase3=0 phase4=0 phase5=0
INVALIDATIONS cycle=2078306117 reason=1 phase0=154142 phase1=59 phase2=0 phase3=0 phase4=0 phase5=2
INVALIDATIONS cycle=2078306117 reason=2 phase0=1 phase1=0 phase2=0 phase3=0 phase4=0 phase5=0
INVALIDATIONS cycle=2078306117 reason=3 phase0=0 phase1=0 phase2=0 phase3=0 phase4=0 phase5=0
INVALIDATIONS cycle=2078306117 reason=4 phase0=0 phase1=0 phase2=0 phase3=0 phase4=0 phase5=0
INVALIDATIONS cycle=2078306117 reason=5 phase0=0 phase1=0 phase2=0 phase3=0 phase4=0 phase5=0
ADAPTER cycle=2085837925 request_samples=1115729993 ack_samples=428016598 instruction_acks=172656425 data_acks=255360173 error_acks=0 fetched_bytes=582846138 dispatches=428000000 known_dispatches=259875201 ir_mismatch=5780326 signature_failures=0 secondary_skipped=333107 primary_mismatch_skipped=5780326 diagnostic_dropped=0 starts=0 stops=0 callbacks=0 returns=0 aborts=0 unmatched=0 prefix_aborts=172 prefix0=1 prefix1=173 prefix2=3 prefix3=3 prefix4=3 prefix5=2 invalidation0=193524 invalidation1=154848 invalidation2=1 invalidation3=0 invalidation4=0 invalidation5=0
INVALIDATIONS cycle=2085837925 reason=0 phase0=193413 phase1=111 phase2=0 phase3=0 phase4=0 phase5=0
INVALIDATIONS cycle=2085837925 reason=1 phase0=154787 phase1=59 phase2=0 phase3=0 phase4=0 phase5=2
INVALIDATIONS cycle=2085837925 reason=2 phase0=1 phase1=0 phase2=0 phase3=0 phase4=0 phase5=0
INVALIDATIONS cycle=2085837925 reason=3 phase0=0 phase1=0 phase2=0 phase3=0 phase4=0 phase5=0
INVALIDATIONS cycle=2085837925 reason=4 phase0=0 phase1=0 phase2=0 phase3=0 phase4=0 phase5=0
INVALIDATIONS cycle=2085837925 reason=5 phase0=0 phase1=0 phase2=0 phase3=0 phase4=0 phase5=0
ADAPTER cycle=2093374911 request_samples=1121225327 ack_samples=429440316 instruction_acks=173311267 data_acks=256129049 error_acks=0 fetched_bytes=585081672 dispatches=429000000 known_dispatches=260527923 ir_mismatch=5809020 signature_failures=0 secondary_skipped=334166 primary_mismatch_skipped=5809020 diagnostic_dropped=0 starts=0 stops=0 callbacks=0 returns=0 aborts=0 unmatched=0 prefix_aborts=172 prefix0=1 prefix1=173 prefix2=3 prefix3=3 prefix4=3 prefix5=2 invalidation0=193704 invalidation1=155496 invalidation2=1 invalidation3=0 invalidation4=0 invalidation5=0
INVALIDATIONS cycle=2093374911 reason=0 phase0=193593 phase1=111 phase2=0 phase3=0 phase4=0 phase5=0
INVALIDATIONS cycle=2093374911 reason=1 phase0=155435 phase1=59 phase2=0 phase3=0 phase4=0 phase5=2
INVALIDATIONS cycle=2093374911 reason=2 phase0=1 phase1=0 phase2=0 phase3=0 phase4=0 phase5=0
INVALIDATIONS cycle=2093374911 reason=3 phase0=0 phase1=0 phase2=0 phase3=0 phase4=0 phase5=0
INVALIDATIONS cycle=2093374911 reason=4 phase0=0 phase1=0 phase2=0 phase3=0 phase4=0 phase5=0
INVALIDATIONS cycle=2093374911 reason=5 phase0=0 phase1=0 phase2=0 phase3=0 phase4=0 phase5=0
ADAPTER cycle=2100909385 request_samples=1126717566 ack_samples=430864205 instruction_acks=173966084 data_acks=256898121 error_acks=0 fetched_bytes=587316982 dispatches=430000000 known_dispatches=261180227 ir_mismatch=5837632 signature_failures=0 secondary_skipped=335224 primary_mismatch_skipped=5837632 diagnostic_dropped=0 starts=0 stops=0 callbacks=0 returns=0 aborts=0 unmatched=0 prefix_aborts=172 prefix0=1 prefix1=173 prefix2=3 prefix3=3 prefix4=3 prefix5=2 invalidation0=193884 invalidation1=156144 invalidation2=1 invalidation3=0 invalidation4=0 invalidation5=0
INVALIDATIONS cycle=2100909385 reason=0 phase0=193773 phase1=111 phase2=0 phase3=0 phase4=0 phase5=0
INVALIDATIONS cycle=2100909385 reason=1 phase0=156083 phase1=59 phase2=0 phase3=0 phase4=0 phase5=2
INVALIDATIONS cycle=2100909385 reason=2 phase0=1 phase1=0 phase2=0 phase3=0 phase4=0 phase5=0
INVALIDATIONS cycle=2100909385 reason=3 phase0=0 phase1=0 phase2=0 phase3=0 phase4=0 phase5=0
INVALIDATIONS cycle=2100909385 reason=4 phase0=0 phase1=0 phase2=0 phase3=0 phase4=0 phase5=0
INVALIDATIONS cycle=2100909385 reason=5 phase0=0 phase1=0 phase2=0 phase3=0 phase4=0 phase5=0
ADAPTER cycle=2108435964 request_samples=1132204318 ack_samples=432285051 instruction_acks=174619250 data_acks=257665801 error_acks=0 fetched_bytes=589547242 dispatches=431000000 known_dispatches=261832548 ir_mismatch=5866217 signature_failures=0 secondary_skipped=336290 primary_mismatch_skipped=5866217 diagnostic_dropped=0 starts=0 stops=0 callbacks=0 returns=0 aborts=0 unmatched=0 prefix_aborts=172 prefix0=1 prefix1=173 prefix2=3 prefix3=3 prefix4=3 prefix5=2 invalidation0=194084 invalidation1=156790 invalidation2=1 invalidation3=0 invalidation4=0 invalidation5=0
INVALIDATIONS cycle=2108435964 reason=0 phase0=193973 phase1=111 phase2=0 phase3=0 phase4=0 phase5=0
INVALIDATIONS cycle=2108435964 reason=1 phase0=156729 phase1=59 phase2=0 phase3=0 phase4=0 phase5=2
INVALIDATIONS cycle=2108435964 reason=2 phase0=1 phase1=0 phase2=0 phase3=0 phase4=0 phase5=0
INVALIDATIONS cycle=2108435964 reason=3 phase0=0 phase1=0 phase2=0 phase3=0 phase4=0 phase5=0
INVALIDATIONS cycle=2108435964 reason=4 phase0=0 phase1=0 phase2=0 phase3=0 phase4=0 phase5=0
INVALIDATIONS cycle=2108435964 reason=5 phase0=0 phase1=0 phase2=0 phase3=0 phase4=0 phase5=0
ADAPTER cycle=2115971027 request_samples=1137697736 ack_samples=433708225 instruction_acks=175273811 data_acks=258434414 error_acks=0 fetched_bytes=591781868 dispatches=432000000 known_dispatches=262485033 ir_mismatch=5894833 signature_failures=0 secondary_skipped=337348 primary_mismatch_skipped=5894833 diagnostic_dropped=0 starts=0 stops=0 callbacks=0 returns=0 aborts=0 unmatched=0 prefix_aborts=172 prefix0=1 prefix1=173 prefix2=3 prefix3=3 prefix4=3 prefix5=2 invalidation0=194264 invalidation1=157438 invalidation2=1 invalidation3=0 invalidation4=0 invalidation5=0
INVALIDATIONS cycle=2115971027 reason=0 phase0=194153 phase1=111 phase2=0 phase3=0 phase4=0 phase5=0
INVALIDATIONS cycle=2115971027 reason=1 phase0=157377 phase1=59 phase2=0 phase3=0 phase4=0 phase5=2
INVALIDATIONS cycle=2115971027 reason=2 phase0=1 phase1=0 phase2=0 phase3=0 phase4=0 phase5=0
INVALIDATIONS cycle=2115971027 reason=3 phase0=0 phase1=0 phase2=0 phase3=0 phase4=0 phase5=0
INVALIDATIONS cycle=2115971027 reason=4 phase0=0 phase1=0 phase2=0 phase3=0 phase4=0 phase5=0
INVALIDATIONS cycle=2115971027 reason=5 phase0=0 phase1=0 phase2=0 phase3=0 phase4=0 phase5=0
ADAPTER cycle=2123502741 request_samples=1143187505 ack_samples=435131817 instruction_acks=175928538 data_acks=259203279 error_acks=0 fetched_bytes=594016932 dispatches=433000000 known_dispatches=263137492 ir_mismatch=5923521 signature_failures=0 secondary_skipped=338400 primary_mismatch_skipped=5923521 diagnostic_dropped=0 starts=0 stops=0 callbacks=0 returns=0 aborts=0 unmatched=0 prefix_aborts=172 prefix0=1 prefix1=173 prefix2=3 prefix3=3 prefix4=3 prefix5=2 invalidation0=194444 invalidation1=158086 invalidation2=1 invalidation3=0 invalidation4=0 invalidation5=0
INVALIDATIONS cycle=2123502741 reason=0 phase0=194333 phase1=111 phase2=0 phase3=0 phase4=0 phase5=0
INVALIDATIONS cycle=2123502741 reason=1 phase0=158025 phase1=59 phase2=0 phase3=0 phase4=0 phase5=2
INVALIDATIONS cycle=2123502741 reason=2 phase0=1 phase1=0 phase2=0 phase3=0 phase4=0 phase5=0
INVALIDATIONS cycle=2123502741 reason=3 phase0=0 phase1=0 phase2=0 phase3=0 phase4=0 phase5=0
INVALIDATIONS cycle=2123502741 reason=4 phase0=0 phase1=0 phase2=0 phase3=0 phase4=0 phase5=0
INVALIDATIONS cycle=2123502741 reason=5 phase0=0 phase1=0 phase2=0 phase3=0 phase4=0 phase5=0
ADAPTER cycle=2131035472 request_samples=1148678884 ack_samples=436555546 instruction_acks=176583375 data_acks=259972171 error_acks=0 fetched_bytes=596252338 dispatches=434000000 known_dispatches=263790096 ir_mismatch=5952231 signature_failures=0 secondary_skipped=339457 primary_mismatch_skipped=5952231 diagnostic_dropped=0 starts=0 stops=0 callbacks=0 returns=0 aborts=0 unmatched=0 prefix_aborts=172 prefix0=1 prefix1=173 prefix2=3 prefix3=3 prefix4=3 prefix5=2 invalidation0=194614 invalidation1=158729 invalidation2=1 invalidation3=0 invalidation4=0 invalidation5=0
INVALIDATIONS cycle=2131035472 reason=0 phase0=194503 phase1=111 phase2=0 phase3=0 phase4=0 phase5=0
INVALIDATIONS cycle=2131035472 reason=1 phase0=158668 phase1=59 phase2=0 phase3=0 phase4=0 phase5=2
INVALIDATIONS cycle=2131035472 reason=2 phase0=1 phase1=0 phase2=0 phase3=0 phase4=0 phase5=0
INVALIDATIONS cycle=2131035472 reason=3 phase0=0 phase1=0 phase2=0 phase3=0 phase4=0 phase5=0
INVALIDATIONS cycle=2131035472 reason=4 phase0=0 phase1=0 phase2=0 phase3=0 phase4=0 phase5=0
INVALIDATIONS cycle=2131035472 reason=5 phase0=0 phase1=0 phase2=0 phase3=0 phase4=0 phase5=0
ADAPTER cycle=2138571965 request_samples=1154173657 ack_samples=437979182 instruction_acks=177238258 data_acks=260740924 error_acks=0 fetched_bytes=598487948 dispatches=435000000 known_dispatches=264442507 ir_mismatch=5980942 signature_failures=0 secondary_skipped=340510 primary_mismatch_skipped=5980942 diagnostic_dropped=0 starts=0 stops=0 callbacks=0 returns=0 aborts=0 unmatched=0 prefix_aborts=172 prefix0=1 prefix1=173 prefix2=3 prefix3=3 prefix4=3 prefix5=2 invalidation0=194794 invalidation1=159377 invalidation2=1 invalidation3=0 invalidation4=0 invalidation5=0
INVALIDATIONS cycle=2138571965 reason=0 phase0=194683 phase1=111 phase2=0 phase3=0 phase4=0 phase5=0
INVALIDATIONS cycle=2138571965 reason=1 phase0=159316 phase1=59 phase2=0 phase3=0 phase4=0 phase5=2
INVALIDATIONS cycle=2138571965 reason=2 phase0=1 phase1=0 phase2=0 phase3=0 phase4=0 phase5=0
INVALIDATIONS cycle=2138571965 reason=3 phase0=0 phase1=0 phase2=0 phase3=0 phase4=0 phase5=0
INVALIDATIONS cycle=2138571965 reason=4 phase0=0 phase1=0 phase2=0 phase3=0 phase4=0 phase5=0
INVALIDATIONS cycle=2138571965 reason=5 phase0=0 phase1=0 phase2=0 phase3=0 phase4=0 phase5=0
ADAPTER cycle=2146093908 request_samples=1159655400 ack_samples=439399488 instruction_acks=177891013 data_acks=261508475 error_acks=0 fetched_bytes=600716910 dispatches=436000000 known_dispatches=265094632 ir_mismatch=6009407 signature_failures=0 secondary_skipped=341582 primary_mismatch_skipped=6009407 diagnostic_dropped=0 starts=0 stops=0 callbacks=0 returns=0 aborts=0 unmatched=0 prefix_aborts=172 prefix0=1 prefix1=173 prefix2=3 prefix3=3 prefix4=3 prefix5=2 invalidation0=194994 invalidation1=160026 invalidation2=1 invalidation3=0 invalidation4=0 invalidation5=0
INVALIDATIONS cycle=2146093908 reason=0 phase0=194883 phase1=111 phase2=0 phase3=0 phase4=0 phase5=0
INVALIDATIONS cycle=2146093908 reason=1 phase0=159965 phase1=59 phase2=0 phase3=0 phase4=0 phase5=2
INVALIDATIONS cycle=2146093908 reason=2 phase0=1 phase1=0 phase2=0 phase3=0 phase4=0 phase5=0
INVALIDATIONS cycle=2146093908 reason=3 phase0=0 phase1=0 phase2=0 phase3=0 phase4=0 phase5=0
INVALIDATIONS cycle=2146093908 reason=4 phase0=0 phase1=0 phase2=0 phase3=0 phase4=0 phase5=0
INVALIDATIONS cycle=2146093908 reason=5 phase0=0 phase1=0 phase2=0 phase3=0 phase4=0 phase5=0
ADAPTER cycle=2153631102 request_samples=1165150986 ack_samples=440822981 instruction_acks=178545572 data_acks=262277409 error_acks=0 fetched_bytes=602951942 dispatches=437000000 known_dispatches=265746926 ir_mismatch=6038027 signature_failures=0 secondary_skipped=342633 primary_mismatch_skipped=6038027 diagnostic_dropped=0 starts=0 stops=0 callbacks=0 returns=0 aborts=0 unmatched=0 prefix_aborts=172 prefix0=1 prefix1=173 prefix2=3 prefix3=3 prefix4=3 prefix5=2 invalidation0=195174 invalidation1=160671 invalidation2=1 invalidation3=0 invalidation4=0 invalidation5=0
INVALIDATIONS cycle=2153631102 reason=0 phase0=195063 phase1=111 phase2=0 phase3=0 phase4=0 phase5=0
INVALIDATIONS cycle=2153631102 reason=1 phase0=160610 phase1=59 phase2=0 phase3=0 phase4=0 phase5=2
INVALIDATIONS cycle=2153631102 reason=2 phase0=1 phase1=0 phase2=0 phase3=0 phase4=0 phase5=0
INVALIDATIONS cycle=2153631102 reason=3 phase0=0 phase1=0 phase2=0 phase3=0 phase4=0 phase5=0
INVALIDATIONS cycle=2153631102 reason=4 phase0=0 phase1=0 phase2=0 phase3=0 phase4=0 phase5=0
INVALIDATIONS cycle=2153631102 reason=5 phase0=0 phase1=0 phase2=0 phase3=0 phase4=0 phase5=0
ADAPTER cycle=2161167815 request_samples=1170645997 ack_samples=442246724 instruction_acks=179200408 data_acks=263046316 error_acks=0 fetched_bytes=605187360 dispatches=438000000 known_dispatches=266399498 ir_mismatch=6066736 signature_failures=0 secondary_skipped=343690 primary_mismatch_skipped=6066736 diagnostic_dropped=0 starts=0 stops=0 callbacks=0 returns=0 aborts=0 unmatched=0 prefix_aborts=172 prefix0=1 prefix1=173 prefix2=3 prefix3=3 prefix4=3 prefix5=2 invalidation0=195354 invalidation1=161316 invalidation2=1 invalidation3=0 invalidation4=0 invalidation5=0
INVALIDATIONS cycle=2161167815 reason=0 phase0=195243 phase1=111 phase2=0 phase3=0 phase4=0 phase5=0
INVALIDATIONS cycle=2161167815 reason=1 phase0=161255 phase1=59 phase2=0 phase3=0 phase4=0 phase5=2
INVALIDATIONS cycle=2161167815 reason=2 phase0=1 phase1=0 phase2=0 phase3=0 phase4=0 phase5=0
INVALIDATIONS cycle=2161167815 reason=3 phase0=0 phase1=0 phase2=0 phase3=0 phase4=0 phase5=0
INVALIDATIONS cycle=2161167815 reason=4 phase0=0 phase1=0 phase2=0 phase3=0 phase4=0 phase5=0
INVALIDATIONS cycle=2161167815 reason=5 phase0=0 phase1=0 phase2=0 phase3=0 phase4=0 phase5=0
ADAPTER cycle=2168701833 request_samples=1176138588 ack_samples=443670290 instruction_acks=179855261 data_acks=263815029 error_acks=0 fetched_bytes=607422878 dispatches=439000000 known_dispatches=267051908 ir_mismatch=6095445 signature_failures=0 secondary_skipped=344742 primary_mismatch_skipped=6095445 diagnostic_dropped=0 starts=0 stops=0 callbacks=0 returns=0 aborts=0 unmatched=0 prefix_aborts=172 prefix0=1 prefix1=173 prefix2=3 prefix3=3 prefix4=3 prefix5=2 invalidation0=195534 invalidation1=161964 invalidation2=1 invalidation3=0 invalidation4=0 invalidation5=0
INVALIDATIONS cycle=2168701833 reason=0 phase0=195423 phase1=111 phase2=0 phase3=0 phase4=0 phase5=0
INVALIDATIONS cycle=2168701833 reason=1 phase0=161903 phase1=59 phase2=0 phase3=0 phase4=0 phase5=2
INVALIDATIONS cycle=2168701833 reason=2 phase0=1 phase1=0 phase2=0 phase3=0 phase4=0 phase5=0
INVALIDATIONS cycle=2168701833 reason=3 phase0=0 phase1=0 phase2=0 phase3=0 phase4=0 phase5=0
INVALIDATIONS cycle=2168701833 reason=4 phase0=0 phase1=0 phase2=0 phase3=0 phase4=0 phase5=0
INVALIDATIONS cycle=2168701833 reason=5 phase0=0 phase1=0 phase2=0 phase3=0 phase4=0 phase5=0
ADAPTER cycle=2176227766 request_samples=1181624212 ack_samples=445090794 instruction_acks=180508146 data_acks=264582648 error_acks=0 fetched_bytes=609652204 dispatches=440000000 known_dispatches=267704130 ir_mismatch=6123907 signature_failures=0 secondary_skipped=345814 primary_mismatch_skipped=6123907 diagnostic_dropped=0 starts=0 stops=0 callbacks=0 returns=0 aborts=0 unmatched=0 prefix_aborts=172 prefix0=1 prefix1=173 prefix2=3 prefix3=3 prefix4=3 prefix5=2 invalidation0=195734 invalidation1=162613 invalidation2=1 invalidation3=0 invalidation4=0 invalidation5=0
INVALIDATIONS cycle=2176227766 reason=0 phase0=195623 phase1=111 phase2=0 phase3=0 phase4=0 phase5=0
INVALIDATIONS cycle=2176227766 reason=1 phase0=162552 phase1=59 phase2=0 phase3=0 phase4=0 phase5=2
INVALIDATIONS cycle=2176227766 reason=2 phase0=1 phase1=0 phase2=0 phase3=0 phase4=0 phase5=0
INVALIDATIONS cycle=2176227766 reason=3 phase0=0 phase1=0 phase2=0 phase3=0 phase4=0 phase5=0
INVALIDATIONS cycle=2176227766 reason=4 phase0=0 phase1=0 phase2=0 phase3=0 phase4=0 phase5=0
INVALIDATIONS cycle=2176227766 reason=5 phase0=0 phase1=0 phase2=0 phase3=0 phase4=0 phase5=0
ADAPTER cycle=2183762523 request_samples=1187117477 ack_samples=446514365 instruction_acks=181162905 data_acks=265351460 error_acks=0 fetched_bytes=611887396 dispatches=441000000 known_dispatches=268356640 ir_mismatch=6152617 signature_failures=0 secondary_skipped=346865 primary_mismatch_skipped=6152617 diagnostic_dropped=0 starts=0 stops=0 callbacks=0 returns=0 aborts=0 unmatched=0 prefix_aborts=172 prefix0=1 prefix1=173 prefix2=3 prefix3=3 prefix4=3 prefix5=2 invalidation0=195914 invalidation1=163258 invalidation2=1 invalidation3=0 invalidation4=0 invalidation5=0
INVALIDATIONS cycle=2183762523 reason=0 phase0=195803 phase1=111 phase2=0 phase3=0 phase4=0 phase5=0
INVALIDATIONS cycle=2183762523 reason=1 phase0=163197 phase1=59 phase2=0 phase3=0 phase4=0 phase5=2
INVALIDATIONS cycle=2183762523 reason=2 phase0=1 phase1=0 phase2=0 phase3=0 phase4=0 phase5=0
INVALIDATIONS cycle=2183762523 reason=3 phase0=0 phase1=0 phase2=0 phase3=0 phase4=0 phase5=0
INVALIDATIONS cycle=2183762523 reason=4 phase0=0 phase1=0 phase2=0 phase3=0 phase4=0 phase5=0
INVALIDATIONS cycle=2183762523 reason=5 phase0=0 phase1=0 phase2=0 phase3=0 phase4=0 phase5=0
ADAPTER cycle=2191055114 request_samples=1192402307 ack_samples=447896399 instruction_acks=181799205 data_acks=266097194 error_acks=0 fetched_bytes=614062422 dispatches=442000000 known_dispatches=269007352 ir_mismatch=6182504 signature_failures=0 secondary_skipped=347884 primary_mismatch_skipped=6182504 diagnostic_dropped=0 starts=0 stops=0 callbacks=0 returns=0 aborts=0 unmatched=0 prefix_aborts=172 prefix0=1 prefix1=173 prefix2=3 prefix3=3 prefix4=3 prefix5=2 invalidation0=196084 invalidation1=163888 invalidation2=1 invalidation3=0 invalidation4=0 invalidation5=0
INVALIDATIONS cycle=2191055114 reason=0 phase0=195973 phase1=111 phase2=0 phase3=0 phase4=0 phase5=0
INVALIDATIONS cycle=2191055114 reason=1 phase0=163827 phase1=59 phase2=0 phase3=0 phase4=0 phase5=2
INVALIDATIONS cycle=2191055114 reason=2 phase0=1 phase1=0 phase2=0 phase3=0 phase4=0 phase5=0
INVALIDATIONS cycle=2191055114 reason=3 phase0=0 phase1=0 phase2=0 phase3=0 phase4=0 phase5=0
INVALIDATIONS cycle=2191055114 reason=4 phase0=0 phase1=0 phase2=0 phase3=0 phase4=0 phase5=0
INVALIDATIONS cycle=2191055114 reason=5 phase0=0 phase1=0 phase2=0 phase3=0 phase4=0 phase5=0
ADAPTER cycle=2198548222 request_samples=1197852205 ack_samples=449315472 instruction_acks=182449427 data_acks=266866045 error_acks=0 fetched_bytes=616282864 dispatches=443000000 known_dispatches=269658209 ir_mismatch=6211339 signature_failures=0 secondary_skipped=348946 primary_mismatch_skipped=6211339 diagnostic_dropped=0 starts=0 stops=0 callbacks=0 returns=0 aborts=0 unmatched=0 prefix_aborts=172 prefix0=1 prefix1=173 prefix2=3 prefix3=3 prefix4=3 prefix5=2 invalidation0=196264 invalidation1=164559 invalidation2=1 invalidation3=0 invalidation4=0 invalidation5=0
INVALIDATIONS cycle=2198548222 reason=0 phase0=196153 phase1=111 phase2=0 phase3=0 phase4=0 phase5=0
INVALIDATIONS cycle=2198548222 reason=1 phase0=164498 phase1=59 phase2=0 phase3=0 phase4=0 phase5=2
INVALIDATIONS cycle=2198548222 reason=2 phase0=1 phase1=0 phase2=0 phase3=0 phase4=0 phase5=0
INVALIDATIONS cycle=2198548222 reason=3 phase0=0 phase1=0 phase2=0 phase3=0 phase4=0 phase5=0
INVALIDATIONS cycle=2198548222 reason=4 phase0=0 phase1=0 phase2=0 phase3=0 phase4=0 phase5=0
INVALIDATIONS cycle=2198548222 reason=5 phase0=0 phase1=0 phase2=0 phase3=0 phase4=0 phase5=0
ADAPTER cycle=2206074371 request_samples=1203338172 ack_samples=450736532 instruction_acks=183102483 data_acks=267634049 error_acks=0 fetched_bytes=618512830 dispatches=444000000 known_dispatches=270310168 ir_mismatch=6239807 signature_failures=0 secondary_skipped=350010 primary_mismatch_skipped=6239807 diagnostic_dropped=0 starts=0 stops=0 callbacks=0 returns=0 aborts=0 unmatched=0 prefix_aborts=172 prefix0=1 prefix1=173 prefix2=3 prefix3=3 prefix4=3 prefix5=2 invalidation0=196464 invalidation1=165205 invalidation2=1 invalidation3=0 invalidation4=0 invalidation5=0
INVALIDATIONS cycle=2206074371 reason=0 phase0=196353 phase1=111 phase2=0 phase3=0 phase4=0 phase5=0
INVALIDATIONS cycle=2206074371 reason=1 phase0=165144 phase1=59 phase2=0 phase3=0 phase4=0 phase5=2
INVALIDATIONS cycle=2206074371 reason=2 phase0=1 phase1=0 phase2=0 phase3=0 phase4=0 phase5=0
INVALIDATIONS cycle=2206074371 reason=3 phase0=0 phase1=0 phase2=0 phase3=0 phase4=0 phase5=0
INVALIDATIONS cycle=2206074371 reason=4 phase0=0 phase1=0 phase2=0 phase3=0 phase4=0 phase5=0
INVALIDATIONS cycle=2206074371 reason=5 phase0=0 phase1=0 phase2=0 phase3=0 phase4=0 phase5=0
ADAPTER cycle=2213609133 request_samples=1208831587 ack_samples=452159391 instruction_acks=183756800 data_acks=268402591 error_acks=0 fetched_bytes=620747074 dispatches=445000000 known_dispatches=270962309 ir_mismatch=6268420 signature_failures=0 secondary_skipped=351067 primary_mismatch_skipped=6268420 diagnostic_dropped=0 starts=0 stops=0 callbacks=0 returns=0 aborts=0 unmatched=0 prefix_aborts=172 prefix0=1 prefix1=173 prefix2=3 prefix3=3 prefix4=3 prefix5=2 invalidation0=196644 invalidation1=165850 invalidation2=1 invalidation3=0 invalidation4=0 invalidation5=0
INVALIDATIONS cycle=2213609133 reason=0 phase0=196533 phase1=111 phase2=0 phase3=0 phase4=0 phase5=0
INVALIDATIONS cycle=2213609133 reason=1 phase0=165789 phase1=59 phase2=0 phase3=0 phase4=0 phase5=2
INVALIDATIONS cycle=2213609133 reason=2 phase0=1 phase1=0 phase2=0 phase3=0 phase4=0 phase5=0
INVALIDATIONS cycle=2213609133 reason=3 phase0=0 phase1=0 phase2=0 phase3=0 phase4=0 phase5=0
INVALIDATIONS cycle=2213609133 reason=4 phase0=0 phase1=0 phase2=0 phase3=0 phase4=0 phase5=0
INVALIDATIONS cycle=2213609133 reason=5 phase0=0 phase1=0 phase2=0 phase3=0 phase4=0 phase5=0
ADAPTER cycle=2221142974 request_samples=1214323765 ack_samples=453583003 instruction_acks=184411634 data_acks=269171369 error_acks=0 fetched_bytes=622982478 dispatches=446000000 known_dispatches=271614757 ir_mismatch=6297133 signature_failures=0 secondary_skipped=352120 primary_mismatch_skipped=6297133 diagnostic_dropped=0 starts=0 stops=0 callbacks=0 returns=0 aborts=0 unmatched=0 prefix_aborts=172 prefix0=1 prefix1=173 prefix2=3 prefix3=3 prefix4=3 prefix5=2 invalidation0=196824 invalidation1=166498 invalidation2=1 invalidation3=0 invalidation4=0 invalidation5=0
INVALIDATIONS cycle=2221142974 reason=0 phase0=196713 phase1=111 phase2=0 phase3=0 phase4=0 phase5=0
INVALIDATIONS cycle=2221142974 reason=1 phase0=166437 phase1=59 phase2=0 phase3=0 phase4=0 phase5=2
INVALIDATIONS cycle=2221142974 reason=2 phase0=1 phase1=0 phase2=0 phase3=0 phase4=0 phase5=0
INVALIDATIONS cycle=2221142974 reason=3 phase0=0 phase1=0 phase2=0 phase3=0 phase4=0 phase5=0
INVALIDATIONS cycle=2221142974 reason=4 phase0=0 phase1=0 phase2=0 phase3=0 phase4=0 phase5=0
INVALIDATIONS cycle=2221142974 reason=5 phase0=0 phase1=0 phase2=0 phase3=0 phase4=0 phase5=0
ADAPTER cycle=2228678593 request_samples=1219817415 ack_samples=455006604 instruction_acks=185066431 data_acks=269940173 error_acks=0 fetched_bytes=625217788 dispatches=447000000 known_dispatches=272267139 ir_mismatch=6325842 signature_failures=0 secondary_skipped=353179 primary_mismatch_skipped=6325842 diagnostic_dropped=0 starts=0 stops=0 callbacks=0 returns=0 aborts=0 unmatched=0 prefix_aborts=172 prefix0=1 prefix1=173 prefix2=3 prefix3=3 prefix4=3 prefix5=2 invalidation0=197004 invalidation1=167146 invalidation2=1 invalidation3=0 invalidation4=0 invalidation5=0
INVALIDATIONS cycle=2228678593 reason=0 phase0=196893 phase1=111 phase2=0 phase3=0 phase4=0 phase5=0
INVALIDATIONS cycle=2228678593 reason=1 phase0=167085 phase1=59 phase2=0 phase3=0 phase4=0 phase5=2
INVALIDATIONS cycle=2228678593 reason=2 phase0=1 phase1=0 phase2=0 phase3=0 phase4=0 phase5=0
INVALIDATIONS cycle=2228678593 reason=3 phase0=0 phase1=0 phase2=0 phase3=0 phase4=0 phase5=0
INVALIDATIONS cycle=2228678593 reason=4 phase0=0 phase1=0 phase2=0 phase3=0 phase4=0 phase5=0
INVALIDATIONS cycle=2228678593 reason=5 phase0=0 phase1=0 phase2=0 phase3=0 phase4=0 phase5=0
ADAPTER cycle=2236215293 request_samples=1225312210 ack_samples=456430425 instruction_acks=185721287 data_acks=270709138 error_acks=0 fetched_bytes=627453364 dispatches=448000000 known_dispatches=272919694 ir_mismatch=6354483 signature_failures=0 secondary_skipped=354231 primary_mismatch_skipped=6354483 diagnostic_dropped=0 starts=0 stops=0 callbacks=0 returns=0 aborts=0 unmatched=0 prefix_aborts=172 prefix0=1 prefix1=173 prefix2=3 prefix3=3 prefix4=3 prefix5=2 invalidation0=197184 invalidation1=167794 invalidation2=1 invalidation3=0 invalidation4=0 invalidation5=0
INVALIDATIONS cycle=2236215293 reason=0 phase0=197073 phase1=111 phase2=0 phase3=0 phase4=0 phase5=0
INVALIDATIONS cycle=2236215293 reason=1 phase0=167733 phase1=59 phase2=0 phase3=0 phase4=0 phase5=2
INVALIDATIONS cycle=2236215293 reason=2 phase0=1 phase1=0 phase2=0 phase3=0 phase4=0 phase5=0
INVALIDATIONS cycle=2236215293 reason=3 phase0=0 phase1=0 phase2=0 phase3=0 phase4=0 phase5=0
INVALIDATIONS cycle=2236215293 reason=4 phase0=0 phase1=0 phase2=0 phase3=0 phase4=0 phase5=0
INVALIDATIONS cycle=2236215293 reason=5 phase0=0 phase1=0 phase2=0 phase3=0 phase4=0 phase5=0
ADAPTER cycle=2243736258 request_samples=1230793174 ack_samples=457850623 instruction_acks=186374091 data_acks=271476532 error_acks=0 fetched_bytes=629682396 dispatches=449000000 known_dispatches=273572118 ir_mismatch=6383022 signature_failures=0 secondary_skipped=355302 primary_mismatch_skipped=6383022 diagnostic_dropped=0 starts=0 stops=0 callbacks=0 returns=0 aborts=0 unmatched=0 prefix_aborts=172 prefix0=1 prefix1=173 prefix2=3 prefix3=3 prefix4=3 prefix5=2 invalidation0=197384 invalidation1=168440 invalidation2=1 invalidation3=0 invalidation4=0 invalidation5=0
INVALIDATIONS cycle=2243736258 reason=0 phase0=197273 phase1=111 phase2=0 phase3=0 phase4=0 phase5=0
INVALIDATIONS cycle=2243736258 reason=1 phase0=168379 phase1=59 phase2=0 phase3=0 phase4=0 phase5=2
INVALIDATIONS cycle=2243736258 reason=2 phase0=1 phase1=0 phase2=0 phase3=0 phase4=0 phase5=0
INVALIDATIONS cycle=2243736258 reason=3 phase0=0 phase1=0 phase2=0 phase3=0 phase4=0 phase5=0
INVALIDATIONS cycle=2243736258 reason=4 phase0=0 phase1=0 phase2=0 phase3=0 phase4=0 phase5=0
INVALIDATIONS cycle=2243736258 reason=5 phase0=0 phase1=0 phase2=0 phase3=0 phase4=0 phase5=0
ADAPTER cycle=2251270842 request_samples=1236286205 ack_samples=459274264 instruction_acks=187028931 data_acks=272245333 error_acks=0 fetched_bytes=631917856 dispatches=450000000 known_dispatches=274224677 ir_mismatch=6411733 signature_failures=0 secondary_skipped=356355 primary_mismatch_skipped=6411733 diagnostic_dropped=0 starts=0 stops=0 callbacks=0 returns=0 aborts=0 unmatched=0 prefix_aborts=172 prefix0=1 prefix1=173 prefix2=3 prefix3=3 prefix4=3 prefix5=2 invalidation0=197564 invalidation1=169088 invalidation2=1 invalidation3=0 invalidation4=0 invalidation5=0
INVALIDATIONS cycle=2251270842 reason=0 phase0=197453 phase1=111 phase2=0 phase3=0 phase4=0 phase5=0
INVALIDATIONS cycle=2251270842 reason=1 phase0=169027 phase1=59 phase2=0 phase3=0 phase4=0 phase5=2
INVALIDATIONS cycle=2251270842 reason=2 phase0=1 phase1=0 phase2=0 phase3=0 phase4=0 phase5=0
INVALIDATIONS cycle=2251270842 reason=3 phase0=0 phase1=0 phase2=0 phase3=0 phase4=0 phase5=0
INVALIDATIONS cycle=2251270842 reason=4 phase0=0 phase1=0 phase2=0 phase3=0 phase4=0 phase5=0
INVALIDATIONS cycle=2251270842 reason=5 phase0=0 phase1=0 phase2=0 phase3=0 phase4=0 phase5=0
ADAPTER cycle=2258807831 request_samples=1241780855 ack_samples=460698169 instruction_acks=187683745 data_acks=273014424 error_acks=0 fetched_bytes=634153262 dispatches=451000000 known_dispatches=274876950 ir_mismatch=6440335 signature_failures=0 secondary_skipped=357412 primary_mismatch_skipped=6440335 diagnostic_dropped=0 starts=0 stops=0 callbacks=0 returns=0 aborts=0 unmatched=0 prefix_aborts=172 prefix0=1 prefix1=173 prefix2=3 prefix3=3 prefix4=3 prefix5=2 invalidation0=197744 invalidation1=169736 invalidation2=1 invalidation3=0 invalidation4=0 invalidation5=0
INVALIDATIONS cycle=2258807831 reason=0 phase0=197633 phase1=111 phase2=0 phase3=0 phase4=0 phase5=0
INVALIDATIONS cycle=2258807831 reason=1 phase0=169675 phase1=59 phase2=0 phase3=0 phase4=0 phase5=2
INVALIDATIONS cycle=2258807831 reason=2 phase0=1 phase1=0 phase2=0 phase3=0 phase4=0 phase5=0
INVALIDATIONS cycle=2258807831 reason=3 phase0=0 phase1=0 phase2=0 phase3=0 phase4=0 phase5=0
INVALIDATIONS cycle=2258807831 reason=4 phase0=0 phase1=0 phase2=0 phase3=0 phase4=0 phase5=0
INVALIDATIONS cycle=2258807831 reason=5 phase0=0 phase1=0 phase2=0 phase3=0 phase4=0 phase5=0
ADAPTER cycle=2266342291 request_samples=1247273741 ack_samples=462121833 instruction_acks=188338550 data_acks=273783283 error_acks=0 fetched_bytes=636388558 dispatches=452000000 known_dispatches=275529479 ir_mismatch=6469044 signature_failures=0 secondary_skipped=358470 primary_mismatch_skipped=6469044 diagnostic_dropped=0 starts=0 stops=0 callbacks=0 returns=0 aborts=0 unmatched=0 prefix_aborts=172 prefix0=1 prefix1=173 prefix2=3 prefix3=3 prefix4=3 prefix5=2 invalidation0=197924 invalidation1=170382 invalidation2=1 invalidation3=0 invalidation4=0 invalidation5=0
INVALIDATIONS cycle=2266342291 reason=0 phase0=197813 phase1=111 phase2=0 phase3=0 phase4=0 phase5=0
INVALIDATIONS cycle=2266342291 reason=1 phase0=170321 phase1=59 phase2=0 phase3=0 phase4=0 phase5=2
INVALIDATIONS cycle=2266342291 reason=2 phase0=1 phase1=0 phase2=0 phase3=0 phase4=0 phase5=0
INVALIDATIONS cycle=2266342291 reason=3 phase0=0 phase1=0 phase2=0 phase3=0 phase4=0 phase5=0
INVALIDATIONS cycle=2266342291 reason=4 phase0=0 phase1=0 phase2=0 phase3=0 phase4=0 phase5=0
INVALIDATIONS cycle=2266342291 reason=5 phase0=0 phase1=0 phase2=0 phase3=0 phase4=0 phase5=0
ADAPTER cycle=2273865294 request_samples=1252756921 ack_samples=463542021 instruction_acks=188991422 data_acks=274550599 error_acks=0 fetched_bytes=638617888 dispatches=453000000 known_dispatches=276181921 ir_mismatch=6497614 signature_failures=0 secondary_skipped=359536 primary_mismatch_skipped=6497614 diagnostic_dropped=0 starts=0 stops=0 callbacks=0 returns=0 aborts=0 unmatched=0 prefix_aborts=172 prefix0=1 prefix1=173 prefix2=3 prefix3=3 prefix4=3 prefix5=2 invalidation0=198124 invalidation1=171030 invalidation2=1 invalidation3=0 invalidation4=0 invalidation5=0
INVALIDATIONS cycle=2273865294 reason=0 phase0=198013 phase1=111 phase2=0 phase3=0 phase4=0 phase5=0
INVALIDATIONS cycle=2273865294 reason=1 phase0=170969 phase1=59 phase2=0 phase3=0 phase4=0 phase5=2
INVALIDATIONS cycle=2273865294 reason=2 phase0=1 phase1=0 phase2=0 phase3=0 phase4=0 phase5=0
INVALIDATIONS cycle=2273865294 reason=3 phase0=0 phase1=0 phase2=0 phase3=0 phase4=0 phase5=0
INVALIDATIONS cycle=2273865294 reason=4 phase0=0 phase1=0 phase2=0 phase3=0 phase4=0 phase5=0
INVALIDATIONS cycle=2273865294 reason=5 phase0=0 phase1=0 phase2=0 phase3=0 phase4=0 phase5=0
ADAPTER cycle=2281400071 request_samples=1258250142 ack_samples=464965521 instruction_acks=189645964 data_acks=275319557 error_acks=0 fetched_bytes=640852824 dispatches=454000000 known_dispatches=276834177 ir_mismatch=6526243 signature_failures=0 secondary_skipped=360593 primary_mismatch_skipped=6526243 diagnostic_dropped=0 starts=0 stops=0 callbacks=0 returns=0 aborts=0 unmatched=0 prefix_aborts=172 prefix0=1 prefix1=173 prefix2=3 prefix3=3 prefix4=3 prefix5=2 invalidation0=198294 invalidation1=171673 invalidation2=1 invalidation3=0 invalidation4=0 invalidation5=0
INVALIDATIONS cycle=2281400071 reason=0 phase0=198183 phase1=111 phase2=0 phase3=0 phase4=0 phase5=0
INVALIDATIONS cycle=2281400071 reason=1 phase0=171612 phase1=59 phase2=0 phase3=0 phase4=0 phase5=2
INVALIDATIONS cycle=2281400071 reason=2 phase0=1 phase1=0 phase2=0 phase3=0 phase4=0 phase5=0
INVALIDATIONS cycle=2281400071 reason=3 phase0=0 phase1=0 phase2=0 phase3=0 phase4=0 phase5=0
INVALIDATIONS cycle=2281400071 reason=4 phase0=0 phase1=0 phase2=0 phase3=0 phase4=0 phase5=0
INVALIDATIONS cycle=2281400071 reason=5 phase0=0 phase1=0 phase2=0 phase3=0 phase4=0 phase5=0
ADAPTER cycle=2288936311 request_samples=1263744821 ack_samples=466389230 instruction_acks=190300793 data_acks=276088437 error_acks=0 fetched_bytes=643088276 dispatches=455000000 known_dispatches=277486564 ir_mismatch=6554890 signature_failures=0 secondary_skipped=361646 primary_mismatch_skipped=6554890 diagnostic_dropped=0 starts=0 stops=0 callbacks=0 returns=0 aborts=0 unmatched=0 prefix_aborts=172 prefix0=1 prefix1=173 prefix2=3 prefix3=3 prefix4=3 prefix5=2 invalidation0=198474 invalidation1=172321 invalidation2=1 invalidation3=0 invalidation4=0 invalidation5=0
INVALIDATIONS cycle=2288936311 reason=0 phase0=198363 phase1=111 phase2=0 phase3=0 phase4=0 phase5=0
INVALIDATIONS cycle=2288936311 reason=1 phase0=172260 phase1=59 phase2=0 phase3=0 phase4=0 phase5=2
INVALIDATIONS cycle=2288936311 reason=2 phase0=1 phase1=0 phase2=0 phase3=0 phase4=0 phase5=0
INVALIDATIONS cycle=2288936311 reason=3 phase0=0 phase1=0 phase2=0 phase3=0 phase4=0 phase5=0
INVALIDATIONS cycle=2288936311 reason=4 phase0=0 phase1=0 phase2=0 phase3=0 phase4=0 phase5=0
INVALIDATIONS cycle=2288936311 reason=5 phase0=0 phase1=0 phase2=0 phase3=0 phase4=0 phase5=0
ADAPTER cycle=2296470386 request_samples=1269236873 ack_samples=467812994 instruction_acks=190955625 data_acks=276857369 error_acks=0 fetched_bytes=645323654 dispatches=456000000 known_dispatches=278138673 ir_mismatch=6583549 signature_failures=0 secondary_skipped=362703 primary_mismatch_skipped=6583549 diagnostic_dropped=0 starts=0 stops=0 callbacks=0 returns=0 aborts=0 unmatched=0 prefix_aborts=172 prefix0=1 prefix1=173 prefix2=3 prefix3=3 prefix4=3 prefix5=2 invalidation0=198654 invalidation1=172969 invalidation2=1 invalidation3=0 invalidation4=0 invalidation5=0
INVALIDATIONS cycle=2296470386 reason=0 phase0=198543 phase1=111 phase2=0 phase3=0 phase4=0 phase5=0
INVALIDATIONS cycle=2296470386 reason=1 phase0=172908 phase1=59 phase2=0 phase3=0 phase4=0 phase5=2
INVALIDATIONS cycle=2296470386 reason=2 phase0=1 phase1=0 phase2=0 phase3=0 phase4=0 phase5=0
INVALIDATIONS cycle=2296470386 reason=3 phase0=0 phase1=0 phase2=0 phase3=0 phase4=0 phase5=0
INVALIDATIONS cycle=2296470386 reason=4 phase0=0 phase1=0 phase2=0 phase3=0 phase4=0 phase5=0
INVALIDATIONS cycle=2296470386 reason=5 phase0=0 phase1=0 phase2=0 phase3=0 phase4=0 phase5=0
ADAPTER cycle=2304004053 request_samples=1274729097 ack_samples=469235899 instruction_acks=191610188 data_acks=277625711 error_acks=0 fetched_bytes=647558196 dispatches=457000000 known_dispatches=278791246 ir_mismatch=6612261 signature_failures=0 secondary_skipped=363753 primary_mismatch_skipped=6612261 diagnostic_dropped=0 starts=0 stops=0 callbacks=0 returns=0 aborts=0 unmatched=0 prefix_aborts=172 prefix0=1 prefix1=173 prefix2=3 prefix3=3 prefix4=3 prefix5=2 invalidation0=198844 invalidation1=173616 invalidation2=1 invalidation3=0 invalidation4=0 invalidation5=0
INVALIDATIONS cycle=2304004053 reason=0 phase0=198733 phase1=111 phase2=0 phase3=0 phase4=0 phase5=0
INVALIDATIONS cycle=2304004053 reason=1 phase0=173555 phase1=59 phase2=0 phase3=0 phase4=0 phase5=2
INVALIDATIONS cycle=2304004053 reason=2 phase0=1 phase1=0 phase2=0 phase3=0 phase4=0 phase5=0
INVALIDATIONS cycle=2304004053 reason=3 phase0=0 phase1=0 phase2=0 phase3=0 phase4=0 phase5=0
INVALIDATIONS cycle=2304004053 reason=4 phase0=0 phase1=0 phase2=0 phase3=0 phase4=0 phase5=0
INVALIDATIONS cycle=2304004053 reason=5 phase0=0 phase1=0 phase2=0 phase3=0 phase4=0 phase5=0
ADAPTER cycle=2311532026 request_samples=1280217025 ack_samples=470657061 instruction_acks=192263279 data_acks=278393782 error_acks=0 fetched_bytes=649788346 dispatches=458000000 known_dispatches=279443361 ir_mismatch=6640721 signature_failures=0 secondary_skipped=364825 primary_mismatch_skipped=6640721 diagnostic_dropped=0 starts=0 stops=0 callbacks=0 returns=0 aborts=0 unmatched=0 prefix_aborts=172 prefix0=1 prefix1=173 prefix2=3 prefix3=3 prefix4=3 prefix5=2 invalidation0=199034 invalidation1=174263 invalidation2=1 invalidation3=0 invalidation4=0 invalidation5=0
INVALIDATIONS cycle=2311532026 reason=0 phase0=198923 phase1=111 phase2=0 phase3=0 phase4=0 phase5=0
INVALIDATIONS cycle=2311532026 reason=1 phase0=174202 phase1=59 phase2=0 phase3=0 phase4=0 phase5=2
INVALIDATIONS cycle=2311532026 reason=2 phase0=1 phase1=0 phase2=0 phase3=0 phase4=0 phase5=0
INVALIDATIONS cycle=2311532026 reason=3 phase0=0 phase1=0 phase2=0 phase3=0 phase4=0 phase5=0
INVALIDATIONS cycle=2311532026 reason=4 phase0=0 phase1=0 phase2=0 phase3=0 phase4=0 phase5=0
INVALIDATIONS cycle=2311532026 reason=5 phase0=0 phase1=0 phase2=0 phase3=0 phase4=0 phase5=0
ADAPTER cycle=2319064197 request_samples=1285707679 ack_samples=472080667 instruction_acks=192918086 data_acks=279162581 error_acks=0 fetched_bytes=652023624 dispatches=459000000 known_dispatches=280095806 ir_mismatch=6669436 signature_failures=0 secondary_skipped=365877 primary_mismatch_skipped=6669436 diagnostic_dropped=0 starts=0 stops=0 callbacks=0 returns=0 aborts=0 unmatched=0 prefix_aborts=172 prefix0=1 prefix1=173 prefix2=3 prefix3=3 prefix4=3 prefix5=2 invalidation0=199214 invalidation1=174909 invalidation2=1 invalidation3=0 invalidation4=0 invalidation5=0
INVALIDATIONS cycle=2319064197 reason=0 phase0=199103 phase1=111 phase2=0 phase3=0 phase4=0 phase5=0
INVALIDATIONS cycle=2319064197 reason=1 phase0=174848 phase1=59 phase2=0 phase3=0 phase4=0 phase5=2
INVALIDATIONS cycle=2319064197 reason=2 phase0=1 phase1=0 phase2=0 phase3=0 phase4=0 phase5=0
INVALIDATIONS cycle=2319064197 reason=3 phase0=0 phase1=0 phase2=0 phase3=0 phase4=0 phase5=0
INVALIDATIONS cycle=2319064197 reason=4 phase0=0 phase1=0 phase2=0 phase3=0 phase4=0 phase5=0
INVALIDATIONS cycle=2319064197 reason=5 phase0=0 phase1=0 phase2=0 phase3=0 phase4=0 phase5=0
ADAPTER cycle=2326600982 request_samples=1291202684 ack_samples=473504327 instruction_acks=193572917 data_acks=279931410 error_acks=0 fetched_bytes=654259096 dispatches=460000000 known_dispatches=280748223 ir_mismatch=6698140 signature_failures=0 secondary_skipped=366934 primary_mismatch_skipped=6698140 diagnostic_dropped=0 starts=0 stops=0 callbacks=0 returns=0 aborts=0 unmatched=0 prefix_aborts=172 prefix0=1 prefix1=173 prefix2=3 prefix3=3 prefix4=3 prefix5=2 invalidation0=199394 invalidation1=175556 invalidation2=1 invalidation3=0 invalidation4=0 invalidation5=0
INVALIDATIONS cycle=2326600982 reason=0 phase0=199283 phase1=111 phase2=0 phase3=0 phase4=0 phase5=0
INVALIDATIONS cycle=2326600982 reason=1 phase0=175495 phase1=59 phase2=0 phase3=0 phase4=0 phase5=2
INVALIDATIONS cycle=2326600982 reason=2 phase0=1 phase1=0 phase2=0 phase3=0 phase4=0 phase5=0
INVALIDATIONS cycle=2326600982 reason=3 phase0=0 phase1=0 phase2=0 phase3=0 phase4=0 phase5=0
INVALIDATIONS cycle=2326600982 reason=4 phase0=0 phase1=0 phase2=0 phase3=0 phase4=0 phase5=0
INVALIDATIONS cycle=2326600982 reason=5 phase0=0 phase1=0 phase2=0 phase3=0 phase4=0 phase5=0
ADAPTER cycle=2334134193 request_samples=1296693855 ack_samples=474927988 instruction_acks=194227775 data_acks=280700213 error_acks=0 fetched_bytes=656494578 dispatches=461000000 known_dispatches=281400896 ir_mismatch=6726849 signature_failures=0 secondary_skipped=367987 primary_mismatch_skipped=6726849 diagnostic_dropped=0 starts=0 stops=0 callbacks=0 returns=0 aborts=0 unmatched=0 prefix_aborts=172 prefix0=1 prefix1=173 prefix2=3 prefix3=3 prefix4=3 prefix5=2 invalidation0=199574 invalidation1=176204 invalidation2=1 invalidation3=0 invalidation4=0 invalidation5=0
INVALIDATIONS cycle=2334134193 reason=0 phase0=199463 phase1=111 phase2=0 phase3=0 phase4=0 phase5=0
INVALIDATIONS cycle=2334134193 reason=1 phase0=176143 phase1=59 phase2=0 phase3=0 phase4=0 phase5=2
INVALIDATIONS cycle=2334134193 reason=2 phase0=1 phase1=0 phase2=0 phase3=0 phase4=0 phase5=0
INVALIDATIONS cycle=2334134193 reason=3 phase0=0 phase1=0 phase2=0 phase3=0 phase4=0 phase5=0
INVALIDATIONS cycle=2334134193 reason=4 phase0=0 phase1=0 phase2=0 phase3=0 phase4=0 phase5=0
INVALIDATIONS cycle=2334134193 reason=5 phase0=0 phase1=0 phase2=0 phase3=0 phase4=0 phase5=0
ADAPTER cycle=2341660688 request_samples=1302180427 ack_samples=476348414 instruction_acks=194880587 data_acks=281467827 error_acks=0 fetched_bytes=658723726 dispatches=462000000 known_dispatches=282053038 ir_mismatch=6755310 signature_failures=0 secondary_skipped=369058 primary_mismatch_skipped=6755310 diagnostic_dropped=0 starts=0 stops=0 callbacks=0 returns=0 aborts=0 unmatched=0 prefix_aborts=172 prefix0=1 prefix1=173 prefix2=3 prefix3=3 prefix4=3 prefix5=2 invalidation0=199774 invalidation1=176850 invalidation2=1 invalidation3=0 invalidation4=0 invalidation5=0
INVALIDATIONS cycle=2341660688 reason=0 phase0=199663 phase1=111 phase2=0 phase3=0 phase4=0 phase5=0
INVALIDATIONS cycle=2341660688 reason=1 phase0=176789 phase1=59 phase2=0 phase3=0 phase4=0 phase5=2
INVALIDATIONS cycle=2341660688 reason=2 phase0=1 phase1=0 phase2=0 phase3=0 phase4=0 phase5=0
INVALIDATIONS cycle=2341660688 reason=3 phase0=0 phase1=0 phase2=0 phase3=0 phase4=0 phase5=0
INVALIDATIONS cycle=2341660688 reason=4 phase0=0 phase1=0 phase2=0 phase3=0 phase4=0 phase5=0
INVALIDATIONS cycle=2341660688 reason=5 phase0=0 phase1=0 phase2=0 phase3=0 phase4=0 phase5=0
ADAPTER cycle=2349194689 request_samples=1307672575 ack_samples=477771842 instruction_acks=195535174 data_acks=282236668 error_acks=0 fetched_bytes=660958764 dispatches=463000000 known_dispatches=282705248 ir_mismatch=6783938 signature_failures=0 secondary_skipped=370110 primary_mismatch_skipped=6783938 diagnostic_dropped=0 starts=0 stops=0 callbacks=0 returns=0 aborts=0 unmatched=0 prefix_aborts=172 prefix0=1 prefix1=173 prefix2=3 prefix3=3 prefix4=3 prefix5=2 invalidation0=199954 invalidation1=177498 invalidation2=1 invalidation3=0 invalidation4=0 invalidation5=0
INVALIDATIONS cycle=2349194689 reason=0 phase0=199843 phase1=111 phase2=0 phase3=0 phase4=0 phase5=0
INVALIDATIONS cycle=2349194689 reason=1 phase0=177437 phase1=59 phase2=0 phase3=0 phase4=0 phase5=2
INVALIDATIONS cycle=2349194689 reason=2 phase0=1 phase1=0 phase2=0 phase3=0 phase4=0 phase5=0
INVALIDATIONS cycle=2349194689 reason=3 phase0=0 phase1=0 phase2=0 phase3=0 phase4=0 phase5=0
INVALIDATIONS cycle=2349194689 reason=4 phase0=0 phase1=0 phase2=0 phase3=0 phase4=0 phase5=0
INVALIDATIONS cycle=2349194689 reason=5 phase0=0 phase1=0 phase2=0 phase3=0 phase4=0 phase5=0
ADAPTER cycle=2356474139 request_samples=1312944390 ack_samples=479151389 instruction_acks=196169729 data_acks=282981660 error_acks=0 fetched_bytes=663128004 dispatches=464000000 known_dispatches=283355483 ir_mismatch=6813925 signature_failures=0 secondary_skipped=371118 primary_mismatch_skipped=6813925 diagnostic_dropped=0 starts=0 stops=0 callbacks=0 returns=0 aborts=0 unmatched=0 prefix_aborts=172 prefix0=1 prefix1=173 prefix2=3 prefix3=3 prefix4=3 prefix5=2 invalidation0=200124 invalidation1=178139 invalidation2=1 invalidation3=0 invalidation4=0 invalidation5=0
INVALIDATIONS cycle=2356474139 reason=0 phase0=200013 phase1=111 phase2=0 phase3=0 phase4=0 phase5=0
INVALIDATIONS cycle=2356474139 reason=1 phase0=178078 phase1=59 phase2=0 phase3=0 phase4=0 phase5=2
INVALIDATIONS cycle=2356474139 reason=2 phase0=1 phase1=0 phase2=0 phase3=0 phase4=0 phase5=0
INVALIDATIONS cycle=2356474139 reason=3 phase0=0 phase1=0 phase2=0 phase3=0 phase4=0 phase5=0
INVALIDATIONS cycle=2356474139 reason=4 phase0=0 phase1=0 phase2=0 phase3=0 phase4=0 phase5=0
INVALIDATIONS cycle=2356474139 reason=5 phase0=0 phase1=0 phase2=0 phase3=0 phase4=0 phase5=0
ADAPTER cycle=2363997646 request_samples=1318422575 ack_samples=480575368 instruction_acks=196823894 data_acks=283751474 error_acks=0 fetched_bytes=665360898 dispatches=465000000 known_dispatches=284008184 ir_mismatch=6843051 signature_failures=0 secondary_skipped=372186 primary_mismatch_skipped=6843051 diagnostic_dropped=0 starts=0 stops=0 callbacks=0 returns=0 aborts=0 unmatched=0 prefix_aborts=172 prefix0=1 prefix1=173 prefix2=3 prefix3=3 prefix4=3 prefix5=2 invalidation0=200304 invalidation1=178796 invalidation2=1 invalidation3=0 invalidation4=0 invalidation5=0
INVALIDATIONS cycle=2363997646 reason=0 phase0=200193 phase1=111 phase2=0 phase3=0 phase4=0 phase5=0
INVALIDATIONS cycle=2363997646 reason=1 phase0=178735 phase1=59 phase2=0 phase3=0 phase4=0 phase5=2
INVALIDATIONS cycle=2363997646 reason=2 phase0=1 phase1=0 phase2=0 phase3=0 phase4=0 phase5=0
INVALIDATIONS cycle=2363997646 reason=3 phase0=0 phase1=0 phase2=0 phase3=0 phase4=0 phase5=0
INVALIDATIONS cycle=2363997646 reason=4 phase0=0 phase1=0 phase2=0 phase3=0 phase4=0 phase5=0
INVALIDATIONS cycle=2363997646 reason=5 phase0=0 phase1=0 phase2=0 phase3=0 phase4=0 phase5=0
ADAPTER cycle=2371521846 request_samples=1323906917 ack_samples=481996367 instruction_acks=197476949 data_acks=284519418 error_acks=0 fetched_bytes=667590832 dispatches=466000000 known_dispatches=284659990 ir_mismatch=6871516 signature_failures=0 secondary_skipped=373251 primary_mismatch_skipped=6871516 diagnostic_dropped=0 starts=0 stops=0 callbacks=0 returns=0 aborts=0 unmatched=0 prefix_aborts=172 prefix0=1 prefix1=173 prefix2=3 prefix3=3 prefix4=3 prefix5=2 invalidation0=200504 invalidation1=179442 invalidation2=1 invalidation3=0 invalidation4=0 invalidation5=0
INVALIDATIONS cycle=2371521846 reason=0 phase0=200393 phase1=111 phase2=0 phase3=0 phase4=0 phase5=0
INVALIDATIONS cycle=2371521846 reason=1 phase0=179381 phase1=59 phase2=0 phase3=0 phase4=0 phase5=2
INVALIDATIONS cycle=2371521846 reason=2 phase0=1 phase1=0 phase2=0 phase3=0 phase4=0 phase5=0
INVALIDATIONS cycle=2371521846 reason=3 phase0=0 phase1=0 phase2=0 phase3=0 phase4=0 phase5=0
INVALIDATIONS cycle=2371521846 reason=4 phase0=0 phase1=0 phase2=0 phase3=0 phase4=0 phase5=0
INVALIDATIONS cycle=2371521846 reason=5 phase0=0 phase1=0 phase2=0 phase3=0 phase4=0 phase5=0
ADAPTER cycle=2379054878 request_samples=1329398224 ack_samples=483419279 instruction_acks=198131473 data_acks=285287806 error_acks=0 fetched_bytes=669825258 dispatches=467000000 known_dispatches=285312748 ir_mismatch=6900222 signature_failures=0 secondary_skipped=374309 primary_mismatch_skipped=6900222 diagnostic_dropped=0 starts=0 stops=0 callbacks=0 returns=0 aborts=0 unmatched=0 prefix_aborts=172 prefix0=1 prefix1=173 prefix2=3 prefix3=3 prefix4=3 prefix5=2 invalidation0=200684 invalidation1=180090 invalidation2=1 invalidation3=0 invalidation4=0 invalidation5=0
INVALIDATIONS cycle=2379054878 reason=0 phase0=200573 phase1=111 phase2=0 phase3=0 phase4=0 phase5=0
INVALIDATIONS cycle=2379054878 reason=1 phase0=180029 phase1=59 phase2=0 phase3=0 phase4=0 phase5=2
INVALIDATIONS cycle=2379054878 reason=2 phase0=1 phase1=0 phase2=0 phase3=0 phase4=0 phase5=0
INVALIDATIONS cycle=2379054878 reason=3 phase0=0 phase1=0 phase2=0 phase3=0 phase4=0 phase5=0
INVALIDATIONS cycle=2379054878 reason=4 phase0=0 phase1=0 phase2=0 phase3=0 phase4=0 phase5=0
INVALIDATIONS cycle=2379054878 reason=5 phase0=0 phase1=0 phase2=0 phase3=0 phase4=0 phase5=0
ADAPTER cycle=2386589321 request_samples=1334891021 ack_samples=484842985 instruction_acks=198786356 data_acks=286056629 error_acks=0 fetched_bytes=672060822 dispatches=468000000 known_dispatches=285965076 ir_mismatch=6928926 signature_failures=0 secondary_skipped=375362 primary_mismatch_skipped=6928926 diagnostic_dropped=0 starts=0 stops=0 callbacks=0 returns=0 aborts=0 unmatched=0 prefix_aborts=172 prefix0=1 prefix1=173 prefix2=3 prefix3=3 prefix4=3 prefix5=2 invalidation0=200864 invalidation1=180738 invalidation2=1 invalidation3=0 invalidation4=0 invalidation5=0
INVALIDATIONS cycle=2386589321 reason=0 phase0=200753 phase1=111 phase2=0 phase3=0 phase4=0 phase5=0
INVALIDATIONS cycle=2386589321 reason=1 phase0=180677 phase1=59 phase2=0 phase3=0 phase4=0 phase5=2
INVALIDATIONS cycle=2386589321 reason=2 phase0=1 phase1=0 phase2=0 phase3=0 phase4=0 phase5=0
INVALIDATIONS cycle=2386589321 reason=3 phase0=0 phase1=0 phase2=0 phase3=0 phase4=0 phase5=0
INVALIDATIONS cycle=2386589321 reason=4 phase0=0 phase1=0 phase2=0 phase3=0 phase4=0 phase5=0
INVALIDATIONS cycle=2386589321 reason=5 phase0=0 phase1=0 phase2=0 phase3=0 phase4=0 phase5=0
ADAPTER cycle=2394125583 request_samples=1340385022 ack_samples=486266853 instruction_acks=199441150 data_acks=286825703 error_acks=0 fetched_bytes=674296112 dispatches=469000000 known_dispatches=286617377 ir_mismatch=6957529 signature_failures=0 secondary_skipped=376419 primary_mismatch_skipped=6957529 diagnostic_dropped=0 starts=0 stops=0 callbacks=0 returns=0 aborts=0 unmatched=0 prefix_aborts=172 prefix0=1 prefix1=173 prefix2=3 prefix3=3 prefix4=3 prefix5=2 invalidation0=201044 invalidation1=181386 invalidation2=1 invalidation3=0 invalidation4=0 invalidation5=0
INVALIDATIONS cycle=2394125583 reason=0 phase0=200933 phase1=111 phase2=0 phase3=0 phase4=0 phase5=0
INVALIDATIONS cycle=2394125583 reason=1 phase0=181325 phase1=59 phase2=0 phase3=0 phase4=0 phase5=2
INVALIDATIONS cycle=2394125583 reason=2 phase0=1 phase1=0 phase2=0 phase3=0 phase4=0 phase5=0
INVALIDATIONS cycle=2394125583 reason=3 phase0=0 phase1=0 phase2=0 phase3=0 phase4=0 phase5=0
INVALIDATIONS cycle=2394125583 reason=4 phase0=0 phase1=0 phase2=0 phase3=0 phase4=0 phase5=0
INVALIDATIONS cycle=2394125583 reason=5 phase0=0 phase1=0 phase2=0 phase3=0 phase4=0 phase5=0
ADAPTER cycle=2401658435 request_samples=1345876565 ack_samples=487690475 instruction_acks=200095911 data_acks=287594564 error_acks=0 fetched_bytes=676531308 dispatches=470000000 known_dispatches=287269925 ir_mismatch=6986243 signature_failures=0 secondary_skipped=377470 primary_mismatch_skipped=6986243 diagnostic_dropped=0 starts=0 stops=0 callbacks=0 returns=0 aborts=0 unmatched=0 prefix_aborts=172 prefix0=1 prefix1=173 prefix2=3 prefix3=3 prefix4=3 prefix5=2 invalidation0=201224 invalidation1=182031 invalidation2=1 invalidation3=0 invalidation4=0 invalidation5=0
INVALIDATIONS cycle=2401658435 reason=0 phase0=201113 phase1=111 phase2=0 phase3=0 phase4=0 phase5=0
INVALIDATIONS cycle=2401658435 reason=1 phase0=181970 phase1=59 phase2=0 phase3=0 phase4=0 phase5=2
INVALIDATIONS cycle=2401658435 reason=2 phase0=1 phase1=0 phase2=0 phase3=0 phase4=0 phase5=0
INVALIDATIONS cycle=2401658435 reason=3 phase0=0 phase1=0 phase2=0 phase3=0 phase4=0 phase5=0
INVALIDATIONS cycle=2401658435 reason=4 phase0=0 phase1=0 phase2=0 phase3=0 phase4=0 phase5=0
INVALIDATIONS cycle=2401658435 reason=5 phase0=0 phase1=0 phase2=0 phase3=0 phase4=0 phase5=0
ADAPTER cycle=2409183700 request_samples=1351361644 ack_samples=489110725 instruction_acks=200748796 data_acks=288361929 error_acks=0 fetched_bytes=678760714 dispatches=471000000 known_dispatches=287922093 ir_mismatch=7014764 signature_failures=0 secondary_skipped=378543 primary_mismatch_skipped=7014764 diagnostic_dropped=0 starts=0 stops=0 callbacks=0 returns=0 aborts=0 unmatched=0 prefix_aborts=172 prefix0=1 prefix1=173 prefix2=3 prefix3=3 prefix4=3 prefix5=2 invalidation0=201424 invalidation1=182680 invalidation2=1 invalidation3=0 invalidation4=0 invalidation5=0
INVALIDATIONS cycle=2409183700 reason=0 phase0=201313 phase1=111 phase2=0 phase3=0 phase4=0 phase5=0
INVALIDATIONS cycle=2409183700 reason=1 phase0=182619 phase1=59 phase2=0 phase3=0 phase4=0 phase5=2
INVALIDATIONS cycle=2409183700 reason=2 phase0=1 phase1=0 phase2=0 phase3=0 phase4=0 phase5=0
INVALIDATIONS cycle=2409183700 reason=3 phase0=0 phase1=0 phase2=0 phase3=0 phase4=0 phase5=0
INVALIDATIONS cycle=2409183700 reason=4 phase0=0 phase1=0 phase2=0 phase3=0 phase4=0 phase5=0
INVALIDATIONS cycle=2409183700 reason=5 phase0=0 phase1=0 phase2=0 phase3=0 phase4=0 phase5=0
ADAPTER cycle=2416718637 request_samples=1356855158 ack_samples=490534160 instruction_acks=201403373 data_acks=289130787 error_acks=0 fetched_bytes=680995736 dispatches=472000000 known_dispatches=288574424 ir_mismatch=7043424 signature_failures=0 secondary_skipped=379594 primary_mismatch_skipped=7043424 diagnostic_dropped=0 starts=0 stops=0 callbacks=0 returns=0 aborts=0 unmatched=0 prefix_aborts=172 prefix0=1 prefix1=173 prefix2=3 prefix3=3 prefix4=3 prefix5=2 invalidation0=201604 invalidation1=183325 invalidation2=1 invalidation3=0 invalidation4=0 invalidation5=0
INVALIDATIONS cycle=2416718637 reason=0 phase0=201493 phase1=111 phase2=0 phase3=0 phase4=0 phase5=0
INVALIDATIONS cycle=2416718637 reason=1 phase0=183264 phase1=59 phase2=0 phase3=0 phase4=0 phase5=2
INVALIDATIONS cycle=2416718637 reason=2 phase0=1 phase1=0 phase2=0 phase3=0 phase4=0 phase5=0
INVALIDATIONS cycle=2416718637 reason=3 phase0=0 phase1=0 phase2=0 phase3=0 phase4=0 phase5=0
INVALIDATIONS cycle=2416718637 reason=4 phase0=0 phase1=0 phase2=0 phase3=0 phase4=0 phase5=0
INVALIDATIONS cycle=2416718637 reason=5 phase0=0 phase1=0 phase2=0 phase3=0 phase4=0 phase5=0
ADAPTER cycle=2424254531 request_samples=1362348797 ack_samples=491958055 instruction_acks=202058196 data_acks=289899859 error_acks=0 fetched_bytes=683231178 dispatches=473000000 known_dispatches=289226659 ir_mismatch=7072025 signature_failures=0 secondary_skipped=380652 primary_mismatch_skipped=7072025 diagnostic_dropped=0 starts=0 stops=0 callbacks=0 returns=0 aborts=0 unmatched=0 prefix_aborts=172 prefix0=1 prefix1=173 prefix2=3 prefix3=3 prefix4=3 prefix5=2 invalidation0=201784 invalidation1=183973 invalidation2=1 invalidation3=0 invalidation4=0 invalidation5=0
INVALIDATIONS cycle=2424254531 reason=0 phase0=201673 phase1=111 phase2=0 phase3=0 phase4=0 phase5=0
INVALIDATIONS cycle=2424254531 reason=1 phase0=183912 phase1=59 phase2=0 phase3=0 phase4=0 phase5=2
INVALIDATIONS cycle=2424254531 reason=2 phase0=1 phase1=0 phase2=0 phase3=0 phase4=0 phase5=0
INVALIDATIONS cycle=2424254531 reason=3 phase0=0 phase1=0 phase2=0 phase3=0 phase4=0 phase5=0
INVALIDATIONS cycle=2424254531 reason=4 phase0=0 phase1=0 phase2=0 phase3=0 phase4=0 phase5=0
INVALIDATIONS cycle=2424254531 reason=5 phase0=0 phase1=0 phase2=0 phase3=0 phase4=0 phase5=0
ADAPTER cycle=2431787699 request_samples=1367840692 ack_samples=493381708 instruction_acks=202712946 data_acks=290668762 error_acks=0 fetched_bytes=685466340 dispatches=474000000 known_dispatches=289879091 ir_mismatch=7100727 signature_failures=0 secondary_skipped=381709 primary_mismatch_skipped=7100727 diagnostic_dropped=0 starts=0 stops=0 callbacks=0 returns=0 aborts=0 unmatched=0 prefix_aborts=172 prefix0=1 prefix1=173 prefix2=3 prefix3=3 prefix4=3 prefix5=2 invalidation0=201964 invalidation1=184618 invalidation2=1 invalidation3=0 invalidation4=0 invalidation5=0
INVALIDATIONS cycle=2431787699 reason=0 phase0=201853 phase1=111 phase2=0 phase3=0 phase4=0 phase5=0
INVALIDATIONS cycle=2431787699 reason=1 phase0=184557 phase1=59 phase2=0 phase3=0 phase4=0 phase5=2
INVALIDATIONS cycle=2431787699 reason=2 phase0=1 phase1=0 phase2=0 phase3=0 phase4=0 phase5=0
INVALIDATIONS cycle=2431787699 reason=3 phase0=0 phase1=0 phase2=0 phase3=0 phase4=0 phase5=0
INVALIDATIONS cycle=2431787699 reason=4 phase0=0 phase1=0 phase2=0 phase3=0 phase4=0 phase5=0
INVALIDATIONS cycle=2431787699 reason=5 phase0=0 phase1=0 phase2=0 phase3=0 phase4=0 phase5=0
ADAPTER cycle=2439308467 request_samples=1373321787 ack_samples=494801877 instruction_acks=203365848 data_acks=291436029 error_acks=0 fetched_bytes=687695668 dispatches=475000000 known_dispatches=290531794 ir_mismatch=7129310 signature_failures=0 secondary_skipped=382776 primary_mismatch_skipped=7129310 diagnostic_dropped=0 starts=0 stops=0 callbacks=0 returns=0 aborts=0 unmatched=0 prefix_aborts=172 prefix0=1 prefix1=173 prefix2=3 prefix3=3 prefix4=3 prefix5=2 invalidation0=202154 invalidation1=185265 invalidation2=1 invalidation3=0 invalidation4=0 invalidation5=0
INVALIDATIONS cycle=2439308467 reason=0 phase0=202043 phase1=111 phase2=0 phase3=0 phase4=0 phase5=0
INVALIDATIONS cycle=2439308467 reason=1 phase0=185204 phase1=59 phase2=0 phase3=0 phase4=0 phase5=2
INVALIDATIONS cycle=2439308467 reason=2 phase0=1 phase1=0 phase2=0 phase3=0 phase4=0 phase5=0
INVALIDATIONS cycle=2439308467 reason=3 phase0=0 phase1=0 phase2=0 phase3=0 phase4=0 phase5=0
INVALIDATIONS cycle=2439308467 reason=4 phase0=0 phase1=0 phase2=0 phase3=0 phase4=0 phase5=0
INVALIDATIONS cycle=2439308467 reason=5 phase0=0 phase1=0 phase2=0 phase3=0 phase4=0 phase5=0
ADAPTER cycle=2446844900 request_samples=1378815984 ack_samples=496225677 instruction_acks=204020642 data_acks=292205035 error_acks=0 fetched_bytes=689931028 dispatches=476000000 known_dispatches=291184147 ir_mismatch=7157913 signature_failures=0 secondary_skipped=383834 primary_mismatch_skipped=7157913 diagnostic_dropped=0 starts=0 stops=0 callbacks=0 returns=0 aborts=0 unmatched=0 prefix_aborts=172 prefix0=1 prefix1=173 prefix2=3 prefix3=3 prefix4=3 prefix5=2 invalidation0=202334 invalidation1=185913 invalidation2=1 invalidation3=0 invalidation4=0 invalidation5=0
INVALIDATIONS cycle=2446844900 reason=0 phase0=202223 phase1=111 phase2=0 phase3=0 phase4=0 phase5=0
INVALIDATIONS cycle=2446844900 reason=1 phase0=185852 phase1=59 phase2=0 phase3=0 phase4=0 phase5=2
INVALIDATIONS cycle=2446844900 reason=2 phase0=1 phase1=0 phase2=0 phase3=0 phase4=0 phase5=0
INVALIDATIONS cycle=2446844900 reason=3 phase0=0 phase1=0 phase2=0 phase3=0 phase4=0 phase5=0
INVALIDATIONS cycle=2446844900 reason=4 phase0=0 phase1=0 phase2=0 phase3=0 phase4=0 phase5=0
INVALIDATIONS cycle=2446844900 reason=5 phase0=0 phase1=0 phase2=0 phase3=0 phase4=0 phase5=0
ADAPTER cycle=2454377556 request_samples=1384307268 ack_samples=497649334 instruction_acks=204675410 data_acks=292973924 error_acks=0 fetched_bytes=692166210 dispatches=477000000 known_dispatches=291836565 ir_mismatch=7186622 signature_failures=0 secondary_skipped=384885 primary_mismatch_skipped=7186622 diagnostic_dropped=0 starts=0 stops=0 callbacks=0 returns=0 aborts=0 unmatched=0 prefix_aborts=172 prefix0=1 prefix1=173 prefix2=3 prefix3=3 prefix4=3 prefix5=2 invalidation0=202514 invalidation1=186558 invalidation2=1 invalidation3=0 invalidation4=0 invalidation5=0
INVALIDATIONS cycle=2454377556 reason=0 phase0=202403 phase1=111 phase2=0 phase3=0 phase4=0 phase5=0
INVALIDATIONS cycle=2454377556 reason=1 phase0=186497 phase1=59 phase2=0 phase3=0 phase4=0 phase5=2
INVALIDATIONS cycle=2454377556 reason=2 phase0=1 phase1=0 phase2=0 phase3=0 phase4=0 phase5=0
INVALIDATIONS cycle=2454377556 reason=3 phase0=0 phase1=0 phase2=0 phase3=0 phase4=0 phase5=0
INVALIDATIONS cycle=2454377556 reason=4 phase0=0 phase1=0 phase2=0 phase3=0 phase4=0 phase5=0
INVALIDATIONS cycle=2454377556 reason=5 phase0=0 phase1=0 phase2=0 phase3=0 phase4=0 phase5=0
ADAPTER cycle=2461915234 request_samples=1389803098 ack_samples=499073015 instruction_acks=205330312 data_acks=293742703 error_acks=0 fetched_bytes=694401944 dispatches=478000000 known_dispatches=292489130 ir_mismatch=7215338 signature_failures=0 secondary_skipped=385944 primary_mismatch_skipped=7215338 diagnostic_dropped=0 starts=0 stops=0 callbacks=0 returns=0 aborts=0 unmatched=0 prefix_aborts=172 prefix0=1 prefix1=173 prefix2=3 prefix3=3 prefix4=3 prefix5=2 invalidation0=202694 invalidation1=187206 invalidation2=1 invalidation3=0 invalidation4=0 invalidation5=0
INVALIDATIONS cycle=2461915234 reason=0 phase0=202583 phase1=111 phase2=0 phase3=0 phase4=0 phase5=0
INVALIDATIONS cycle=2461915234 reason=1 phase0=187145 phase1=59 phase2=0 phase3=0 phase4=0 phase5=2
INVALIDATIONS cycle=2461915234 reason=2 phase0=1 phase1=0 phase2=0 phase3=0 phase4=0 phase5=0
INVALIDATIONS cycle=2461915234 reason=3 phase0=0 phase1=0 phase2=0 phase3=0 phase4=0 phase5=0
INVALIDATIONS cycle=2461915234 reason=4 phase0=0 phase1=0 phase2=0 phase3=0 phase4=0 phase5=0
INVALIDATIONS cycle=2461915234 reason=5 phase0=0 phase1=0 phase2=0 phase3=0 phase4=0 phase5=0
ADAPTER cycle=2469440717 request_samples=1395288411 ack_samples=500493845 instruction_acks=205983433 data_acks=294510412 error_acks=0 fetched_bytes=696632068 dispatches=479000000 known_dispatches=293141075 ir_mismatch=7243873 signature_failures=0 secondary_skipped=387011 primary_mismatch_skipped=7243873 diagnostic_dropped=0 starts=0 stops=0 callbacks=0 returns=0 aborts=0 unmatched=0 prefix_aborts=172 prefix0=1 prefix1=173 prefix2=3 prefix3=3 prefix4=3 prefix5=2 invalidation0=202894 invalidation1=187855 invalidation2=1 invalidation3=0 invalidation4=0 invalidation5=0
INVALIDATIONS cycle=2469440717 reason=0 phase0=202783 phase1=111 phase2=0 phase3=0 phase4=0 phase5=0
INVALIDATIONS cycle=2469440717 reason=1 phase0=187794 phase1=59 phase2=0 phase3=0 phase4=0 phase5=2
INVALIDATIONS cycle=2469440717 reason=2 phase0=1 phase1=0 phase2=0 phase3=0 phase4=0 phase5=0
INVALIDATIONS cycle=2469440717 reason=3 phase0=0 phase1=0 phase2=0 phase3=0 phase4=0 phase5=0
INVALIDATIONS cycle=2469440717 reason=4 phase0=0 phase1=0 phase2=0 phase3=0 phase4=0 phase5=0
INVALIDATIONS cycle=2469440717 reason=5 phase0=0 phase1=0 phase2=0 phase3=0 phase4=0 phase5=0
ADAPTER cycle=2476975032 request_samples=1400781058 ack_samples=501916810 instruction_acks=206637686 data_acks=295279124 error_acks=0 fetched_bytes=698866082 dispatches=480000000 known_dispatches=293793414 ir_mismatch=7272427 signature_failures=0 secondary_skipped=388067 primary_mismatch_skipped=7272427 diagnostic_dropped=0 starts=0 stops=0 callbacks=0 returns=0 aborts=0 unmatched=0 prefix_aborts=172 prefix0=1 prefix1=173 prefix2=3 prefix3=3 prefix4=3 prefix5=2 invalidation0=203074 invalidation1=188500 invalidation2=1 invalidation3=0 invalidation4=0 invalidation5=0
INVALIDATIONS cycle=2476975032 reason=0 phase0=202963 phase1=111 phase2=0 phase3=0 phase4=0 phase5=0
INVALIDATIONS cycle=2476975032 reason=1 phase0=188439 phase1=59 phase2=0 phase3=0 phase4=0 phase5=2
INVALIDATIONS cycle=2476975032 reason=2 phase0=1 phase1=0 phase2=0 phase3=0 phase4=0 phase5=0
INVALIDATIONS cycle=2476975032 reason=3 phase0=0 phase1=0 phase2=0 phase3=0 phase4=0 phase5=0
INVALIDATIONS cycle=2476975032 reason=4 phase0=0 phase1=0 phase2=0 phase3=0 phase4=0 phase5=0
INVALIDATIONS cycle=2476975032 reason=5 phase0=0 phase1=0 phase2=0 phase3=0 phase4=0 phase5=0
ADAPTER cycle=2484510054 request_samples=1406274499 ack_samples=503340532 instruction_acks=207292475 data_acks=296048057 error_acks=0 fetched_bytes=701101308 dispatches=481000000 known_dispatches=294445771 ir_mismatch=7301121 signature_failures=0 secondary_skipped=389118 primary_mismatch_skipped=7301121 diagnostic_dropped=0 starts=0 stops=0 callbacks=0 returns=0 aborts=0 unmatched=0 prefix_aborts=172 prefix0=1 prefix1=173 prefix2=3 prefix3=3 prefix4=3 prefix5=2 invalidation0=203254 invalidation1=189145 invalidation2=1 invalidation3=0 invalidation4=0 invalidation5=0
INVALIDATIONS cycle=2484510054 reason=0 phase0=203143 phase1=111 phase2=0 phase3=0 phase4=0 phase5=0
INVALIDATIONS cycle=2484510054 reason=1 phase0=189084 phase1=59 phase2=0 phase3=0 phase4=0 phase5=2
INVALIDATIONS cycle=2484510054 reason=2 phase0=1 phase1=0 phase2=0 phase3=0 phase4=0 phase5=0
INVALIDATIONS cycle=2484510054 reason=3 phase0=0 phase1=0 phase2=0 phase3=0 phase4=0 phase5=0
INVALIDATIONS cycle=2484510054 reason=4 phase0=0 phase1=0 phase2=0 phase3=0 phase4=0 phase5=0
INVALIDATIONS cycle=2484510054 reason=5 phase0=0 phase1=0 phase2=0 phase3=0 phase4=0 phase5=0
ADAPTER cycle=2492046689 request_samples=1411769346 ack_samples=504764181 instruction_acks=207947331 data_acks=296816850 error_acks=0 fetched_bytes=703336832 dispatches=482000000 known_dispatches=295098122 ir_mismatch=7329824 signature_failures=0 secondary_skipped=390177 primary_mismatch_skipped=7329824 diagnostic_dropped=0 starts=0 stops=0 callbacks=0 returns=0 aborts=0 unmatched=0 prefix_aborts=172 prefix0=1 prefix1=173 prefix2=3 prefix3=3 prefix4=3 prefix5=2 invalidation0=203434 invalidation1=189793 invalidation2=1 invalidation3=0 invalidation4=0 invalidation5=0
INVALIDATIONS cycle=2492046689 reason=0 phase0=203323 phase1=111 phase2=0 phase3=0 phase4=0 phase5=0
INVALIDATIONS cycle=2492046689 reason=1 phase0=189732 phase1=59 phase2=0 phase3=0 phase4=0 phase5=2
INVALIDATIONS cycle=2492046689 reason=2 phase0=1 phase1=0 phase2=0 phase3=0 phase4=0 phase5=0
INVALIDATIONS cycle=2492046689 reason=3 phase0=0 phase1=0 phase2=0 phase3=0 phase4=0 phase5=0
INVALIDATIONS cycle=2492046689 reason=4 phase0=0 phase1=0 phase2=0 phase3=0 phase4=0 phase5=0
INVALIDATIONS cycle=2492046689 reason=5 phase0=0 phase1=0 phase2=0 phase3=0 phase4=0 phase5=0
ADAPTER cycle=2499580292 request_samples=1417261251 ack_samples=506187781 instruction_acks=208602160 data_acks=297585621 error_acks=0 fetched_bytes=705572204 dispatches=483000000 known_dispatches=295750440 ir_mismatch=7358533 signature_failures=0 secondary_skipped=391229 primary_mismatch_skipped=7358533 diagnostic_dropped=0 starts=0 stops=0 callbacks=0 returns=0 aborts=0 unmatched=0 prefix_aborts=172 prefix0=1 prefix1=173 prefix2=3 prefix3=3 prefix4=3 prefix5=2 invalidation0=203614 invalidation1=190441 invalidation2=1 invalidation3=0 invalidation4=0 invalidation5=0
INVALIDATIONS cycle=2499580292 reason=0 phase0=203503 phase1=111 phase2=0 phase3=0 phase4=0 phase5=0
INVALIDATIONS cycle=2499580292 reason=1 phase0=190380 phase1=59 phase2=0 phase3=0 phase4=0 phase5=2
INVALIDATIONS cycle=2499580292 reason=2 phase0=1 phase1=0 phase2=0 phase3=0 phase4=0 phase5=0
INVALIDATIONS cycle=2499580292 reason=3 phase0=0 phase1=0 phase2=0 phase3=0 phase4=0 phase5=0
INVALIDATIONS cycle=2499580292 reason=4 phase0=0 phase1=0 phase2=0 phase3=0 phase4=0 phase5=0
INVALIDATIONS cycle=2499580292 reason=5 phase0=0 phase1=0 phase2=0 phase3=0 phase4=0 phase5=0
ADAPTER cycle=2507104320 request_samples=1422745237 ack_samples=507608210 instruction_acks=209254988 data_acks=298353222 error_acks=0 fetched_bytes=707801334 dispatches=484000000 known_dispatches=296402561 ir_mismatch=7386985 signature_failures=0 secondary_skipped=392300 primary_mismatch_skipped=7386985 diagnostic_dropped=0 starts=0 stops=0 callbacks=0 returns=0 aborts=0 unmatched=0 prefix_aborts=172 prefix0=1 prefix1=173 prefix2=3 prefix3=3 prefix4=3 prefix5=2 invalidation0=203824 invalidation1=191089 invalidation2=1 invalidation3=0 invalidation4=0 invalidation5=0
INVALIDATIONS cycle=2507104320 reason=0 phase0=203713 phase1=111 phase2=0 phase3=0 phase4=0 phase5=0
INVALIDATIONS cycle=2507104320 reason=1 phase0=191028 phase1=59 phase2=0 phase3=0 phase4=0 phase5=2
INVALIDATIONS cycle=2507104320 reason=2 phase0=1 phase1=0 phase2=0 phase3=0 phase4=0 phase5=0
INVALIDATIONS cycle=2507104320 reason=3 phase0=0 phase1=0 phase2=0 phase3=0 phase4=0 phase5=0
INVALIDATIONS cycle=2507104320 reason=4 phase0=0 phase1=0 phase2=0 phase3=0 phase4=0 phase5=0
INVALIDATIONS cycle=2507104320 reason=5 phase0=0 phase1=0 phase2=0 phase3=0 phase4=0 phase5=0
ADAPTER cycle=2514641405 request_samples=1428240646 ack_samples=509031800 instruction_acks=209909830 data_acks=299121970 error_acks=0 fetched_bytes=710036818 dispatches=485000000 known_dispatches=297055127 ir_mismatch=7415699 signature_failures=0 secondary_skipped=393353 primary_mismatch_skipped=7415699 diagnostic_dropped=0 starts=0 stops=0 callbacks=0 returns=0 aborts=0 unmatched=0 prefix_aborts=172 prefix0=1 prefix1=173 prefix2=3 prefix3=3 prefix4=3 prefix5=2 invalidation0=204004 invalidation1=191737 invalidation2=1 invalidation3=0 invalidation4=0 invalidation5=0
INVALIDATIONS cycle=2514641405 reason=0 phase0=203893 phase1=111 phase2=0 phase3=0 phase4=0 phase5=0
INVALIDATIONS cycle=2514641405 reason=1 phase0=191676 phase1=59 phase2=0 phase3=0 phase4=0 phase5=2
INVALIDATIONS cycle=2514641405 reason=2 phase0=1 phase1=0 phase2=0 phase3=0 phase4=0 phase5=0
INVALIDATIONS cycle=2514641405 reason=3 phase0=0 phase1=0 phase2=0 phase3=0 phase4=0 phase5=0
INVALIDATIONS cycle=2514641405 reason=4 phase0=0 phase1=0 phase2=0 phase3=0 phase4=0 phase5=0
INVALIDATIONS cycle=2514641405 reason=5 phase0=0 phase1=0 phase2=0 phase3=0 phase4=0 phase5=0
ADAPTER cycle=2521897045 request_samples=1433488950 ack_samples=510409196 instruction_acks=210541867 data_acks=299867329 error_acks=0 fetched_bytes=712198256 dispatches=486000000 known_dispatches=297703317 ir_mismatch=7445425 signature_failures=0 secondary_skipped=394368 primary_mismatch_skipped=7445425 diagnostic_dropped=0 starts=0 stops=0 callbacks=0 returns=0 aborts=0 unmatched=0 prefix_aborts=172 prefix0=1 prefix1=173 prefix2=3 prefix3=3 prefix4=3 prefix5=2 invalidation0=204174 invalidation1=192384 invalidation2=1 invalidation3=0 invalidation4=0 invalidation5=0
INVALIDATIONS cycle=2521897045 reason=0 phase0=204063 phase1=111 phase2=0 phase3=0 phase4=0 phase5=0
INVALIDATIONS cycle=2521897045 reason=1 phase0=192323 phase1=59 phase2=0 phase3=0 phase4=0 phase5=2
INVALIDATIONS cycle=2521897045 reason=2 phase0=1 phase1=0 phase2=0 phase3=0 phase4=0 phase5=0
INVALIDATIONS cycle=2521897045 reason=3 phase0=0 phase1=0 phase2=0 phase3=0 phase4=0 phase5=0
INVALIDATIONS cycle=2521897045 reason=4 phase0=0 phase1=0 phase2=0 phase3=0 phase4=0 phase5=0
INVALIDATIONS cycle=2521897045 reason=5 phase0=0 phase1=0 phase2=0 phase3=0 phase4=0 phase5=0
ADAPTER cycle=2529426007 request_samples=1438973715 ack_samples=511832959 instruction_acks=211196333 data_acks=300636626 error_acks=0 fetched_bytes=714432230 dispatches=487000000 known_dispatches=298355735 ir_mismatch=7474406 signature_failures=0 secondary_skipped=395433 primary_mismatch_skipped=7474406 diagnostic_dropped=0 starts=0 stops=0 callbacks=0 returns=0 aborts=0 unmatched=0 prefix_aborts=172 prefix0=1 prefix1=173 prefix2=3 prefix3=3 prefix4=3 prefix5=2 invalidation0=204354 invalidation1=193038 invalidation2=1 invalidation3=0 invalidation4=0 invalidation5=0
INVALIDATIONS cycle=2529426007 reason=0 phase0=204243 phase1=111 phase2=0 phase3=0 phase4=0 phase5=0
INVALIDATIONS cycle=2529426007 reason=1 phase0=192977 phase1=59 phase2=0 phase3=0 phase4=0 phase5=2
INVALIDATIONS cycle=2529426007 reason=2 phase0=1 phase1=0 phase2=0 phase3=0 phase4=0 phase5=0
INVALIDATIONS cycle=2529426007 reason=3 phase0=0 phase1=0 phase2=0 phase3=0 phase4=0 phase5=0
INVALIDATIONS cycle=2529426007 reason=4 phase0=0 phase1=0 phase2=0 phase3=0 phase4=0 phase5=0
INVALIDATIONS cycle=2529426007 reason=5 phase0=0 phase1=0 phase2=0 phase3=0 phase4=0 phase5=0
ADAPTER cycle=2536952125 request_samples=1444459735 ack_samples=513253513 instruction_acks=211849216 data_acks=301404297 error_acks=0 fetched_bytes=716661590 dispatches=488000000 known_dispatches=299008122 ir_mismatch=7502869 signature_failures=0 secondary_skipped=396498 primary_mismatch_skipped=7502869 diagnostic_dropped=0 starts=0 stops=0 callbacks=0 returns=0 aborts=0 unmatched=0 prefix_aborts=172 prefix0=1 prefix1=173 prefix2=3 prefix3=3 prefix4=3 prefix5=2 invalidation0=204554 invalidation1=193684 invalidation2=1 invalidation3=0 invalidation4=0 invalidation5=0
INVALIDATIONS cycle=2536952125 reason=0 phase0=204443 phase1=111 phase2=0 phase3=0 phase4=0 phase5=0
INVALIDATIONS cycle=2536952125 reason=1 phase0=193623 phase1=59 phase2=0 phase3=0 phase4=0 phase5=2
INVALIDATIONS cycle=2536952125 reason=2 phase0=1 phase1=0 phase2=0 phase3=0 phase4=0 phase5=0
INVALIDATIONS cycle=2536952125 reason=3 phase0=0 phase1=0 phase2=0 phase3=0 phase4=0 phase5=0
INVALIDATIONS cycle=2536952125 reason=4 phase0=0 phase1=0 phase2=0 phase3=0 phase4=0 phase5=0
INVALIDATIONS cycle=2536952125 reason=5 phase0=0 phase1=0 phase2=0 phase3=0 phase4=0 phase5=0
ADAPTER cycle=2544487767 request_samples=1449953992 ack_samples=514676924 instruction_acks=212503725 data_acks=302173199 error_acks=0 fetched_bytes=718896488 dispatches=489000000 known_dispatches=299660310 ir_mismatch=7531488 signature_failures=0 secondary_skipped=397555 primary_mismatch_skipped=7531488 diagnostic_dropped=0 starts=0 stops=0 callbacks=0 returns=0 aborts=0 unmatched=0 prefix_aborts=172 prefix0=1 prefix1=173 prefix2=3 prefix3=3 prefix4=3 prefix5=2 invalidation0=204734 invalidation1=194329 invalidation2=1 invalidation3=0 invalidation4=0 invalidation5=0
INVALIDATIONS cycle=2544487767 reason=0 phase0=204623 phase1=111 phase2=0 phase3=0 phase4=0 phase5=0
INVALIDATIONS cycle=2544487767 reason=1 phase0=194268 phase1=59 phase2=0 phase3=0 phase4=0 phase5=2
INVALIDATIONS cycle=2544487767 reason=2 phase0=1 phase1=0 phase2=0 phase3=0 phase4=0 phase5=0
INVALIDATIONS cycle=2544487767 reason=3 phase0=0 phase1=0 phase2=0 phase3=0 phase4=0 phase5=0
INVALIDATIONS cycle=2544487767 reason=4 phase0=0 phase1=0 phase2=0 phase3=0 phase4=0 phase5=0
INVALIDATIONS cycle=2544487767 reason=5 phase0=0 phase1=0 phase2=0 phase3=0 phase4=0 phase5=0
ADAPTER cycle=2552021277 request_samples=1455446030 ack_samples=516100523 instruction_acks=213158549 data_acks=302941974 error_acks=0 fetched_bytes=721131888 dispatches=490000000 known_dispatches=300312851 ir_mismatch=7560203 signature_failures=0 secondary_skipped=398607 primary_mismatch_skipped=7560203 diagnostic_dropped=0 starts=0 stops=0 callbacks=0 returns=0 aborts=0 unmatched=0 prefix_aborts=172 prefix0=1 prefix1=173 prefix2=3 prefix3=3 prefix4=3 prefix5=2 invalidation0=204914 invalidation1=194977 invalidation2=1 invalidation3=0 invalidation4=0 invalidation5=0
INVALIDATIONS cycle=2552021277 reason=0 phase0=204803 phase1=111 phase2=0 phase3=0 phase4=0 phase5=0
INVALIDATIONS cycle=2552021277 reason=1 phase0=194916 phase1=59 phase2=0 phase3=0 phase4=0 phase5=2
INVALIDATIONS cycle=2552021277 reason=2 phase0=1 phase1=0 phase2=0 phase3=0 phase4=0 phase5=0
INVALIDATIONS cycle=2552021277 reason=3 phase0=0 phase1=0 phase2=0 phase3=0 phase4=0 phase5=0
INVALIDATIONS cycle=2552021277 reason=4 phase0=0 phase1=0 phase2=0 phase3=0 phase4=0 phase5=0
INVALIDATIONS cycle=2552021277 reason=5 phase0=0 phase1=0 phase2=0 phase3=0 phase4=0 phase5=0
ADAPTER cycle=2559557315 request_samples=1460940164 ack_samples=517524078 instruction_acks=213813339 data_acks=303710739 error_acks=0 fetched_bytes=723367186 dispatches=491000000 known_dispatches=300965199 ir_mismatch=7588903 signature_failures=0 secondary_skipped=399666 primary_mismatch_skipped=7588903 diagnostic_dropped=0 starts=0 stops=0 callbacks=0 returns=0 aborts=0 unmatched=0 prefix_aborts=172 prefix0=1 prefix1=173 prefix2=3 prefix3=3 prefix4=3 prefix5=2 invalidation0=205094 invalidation1=195625 invalidation2=1 invalidation3=0 invalidation4=0 invalidation5=0
INVALIDATIONS cycle=2559557315 reason=0 phase0=204983 phase1=111 phase2=0 phase3=0 phase4=0 phase5=0
INVALIDATIONS cycle=2559557315 reason=1 phase0=195564 phase1=59 phase2=0 phase3=0 phase4=0 phase5=2
INVALIDATIONS cycle=2559557315 reason=2 phase0=1 phase1=0 phase2=0 phase3=0 phase4=0 phase5=0
INVALIDATIONS cycle=2559557315 reason=3 phase0=0 phase1=0 phase2=0 phase3=0 phase4=0 phase5=0
INVALIDATIONS cycle=2559557315 reason=4 phase0=0 phase1=0 phase2=0 phase3=0 phase4=0 phase5=0
INVALIDATIONS cycle=2559557315 reason=5 phase0=0 phase1=0 phase2=0 phase3=0 phase4=0 phase5=0
ADAPTER cycle=2567093467 request_samples=1466434587 ack_samples=518947808 instruction_acks=214468174 data_acks=304479634 error_acks=0 fetched_bytes=725602696 dispatches=492000000 known_dispatches=301617720 ir_mismatch=7617577 signature_failures=0 secondary_skipped=400719 primary_mismatch_skipped=7617577 diagnostic_dropped=0 starts=0 stops=0 callbacks=0 returns=0 aborts=0 unmatched=0 prefix_aborts=172 prefix0=1 prefix1=173 prefix2=3 prefix3=3 prefix4=3 prefix5=2 invalidation0=205274 invalidation1=196273 invalidation2=1 invalidation3=0 invalidation4=0 invalidation5=0
INVALIDATIONS cycle=2567093467 reason=0 phase0=205163 phase1=111 phase2=0 phase3=0 phase4=0 phase5=0
INVALIDATIONS cycle=2567093467 reason=1 phase0=196212 phase1=59 phase2=0 phase3=0 phase4=0 phase5=2
INVALIDATIONS cycle=2567093467 reason=2 phase0=1 phase1=0 phase2=0 phase3=0 phase4=0 phase5=0
INVALIDATIONS cycle=2567093467 reason=3 phase0=0 phase1=0 phase2=0 phase3=0 phase4=0 phase5=0
INVALIDATIONS cycle=2567093467 reason=4 phase0=0 phase1=0 phase2=0 phase3=0 phase4=0 phase5=0
INVALIDATIONS cycle=2567093467 reason=5 phase0=0 phase1=0 phase2=0 phase3=0 phase4=0 phase5=0
ADAPTER cycle=2574616258 request_samples=1471917100 ack_samples=520368171 instruction_acks=215121004 data_acks=305247167 error_acks=0 fetched_bytes=727831812 dispatches=493000000 known_dispatches=302269987 ir_mismatch=7646078 signature_failures=0 secondary_skipped=401790 primary_mismatch_skipped=7646078 diagnostic_dropped=0 starts=0 stops=0 callbacks=0 returns=0 aborts=0 unmatched=0 prefix_aborts=172 prefix0=1 prefix1=173 prefix2=3 prefix3=3 prefix4=3 prefix5=2 invalidation0=205474 invalidation1=196919 invalidation2=1 invalidation3=0 invalidation4=0 invalidation5=0
INVALIDATIONS cycle=2574616258 reason=0 phase0=205363 phase1=111 phase2=0 phase3=0 phase4=0 phase5=0
INVALIDATIONS cycle=2574616258 reason=1 phase0=196858 phase1=59 phase2=0 phase3=0 phase4=0 phase5=2
INVALIDATIONS cycle=2574616258 reason=2 phase0=1 phase1=0 phase2=0 phase3=0 phase4=0 phase5=0
INVALIDATIONS cycle=2574616258 reason=3 phase0=0 phase1=0 phase2=0 phase3=0 phase4=0 phase5=0
INVALIDATIONS cycle=2574616258 reason=4 phase0=0 phase1=0 phase2=0 phase3=0 phase4=0 phase5=0
INVALIDATIONS cycle=2574616258 reason=5 phase0=0 phase1=0 phase2=0 phase3=0 phase4=0 phase5=0
ADAPTER cycle=2582149247 request_samples=1477408439 ack_samples=521791741 instruction_acks=215775809 data_acks=306015932 error_acks=0 fetched_bytes=730067140 dispatches=494000000 known_dispatches=302922570 ir_mismatch=7674784 signature_failures=0 secondary_skipped=402842 primary_mismatch_skipped=7674784 diagnostic_dropped=0 starts=0 stops=0 callbacks=0 returns=0 aborts=0 unmatched=0 prefix_aborts=172 prefix0=1 prefix1=173 prefix2=3 prefix3=3 prefix4=3 prefix5=2 invalidation0=205654 invalidation1=197567 invalidation2=1 invalidation3=0 invalidation4=0 invalidation5=0
INVALIDATIONS cycle=2582149247 reason=0 phase0=205543 phase1=111 phase2=0 phase3=0 phase4=0 phase5=0
INVALIDATIONS cycle=2582149247 reason=1 phase0=197506 phase1=59 phase2=0 phase3=0 phase4=0 phase5=2
INVALIDATIONS cycle=2582149247 reason=2 phase0=1 phase1=0 phase2=0 phase3=0 phase4=0 phase5=0
INVALIDATIONS cycle=2582149247 reason=3 phase0=0 phase1=0 phase2=0 phase3=0 phase4=0 phase5=0
INVALIDATIONS cycle=2582149247 reason=4 phase0=0 phase1=0 phase2=0 phase3=0 phase4=0 phase5=0
INVALIDATIONS cycle=2582149247 reason=5 phase0=0 phase1=0 phase2=0 phase3=0 phase4=0 phase5=0
ADAPTER cycle=2589682990 request_samples=1482900307 ack_samples=523215462 instruction_acks=216430611 data_acks=306784851 error_acks=0 fetched_bytes=732302522 dispatches=495000000 known_dispatches=303575138 ir_mismatch=7703458 signature_failures=0 secondary_skipped=403901 primary_mismatch_skipped=7703458 diagnostic_dropped=0 starts=0 stops=0 callbacks=0 returns=0 aborts=0 unmatched=0 prefix_aborts=172 prefix0=1 prefix1=173 prefix2=3 prefix3=3 prefix4=3 prefix5=2 invalidation0=205824 invalidation1=198213 invalidation2=1 invalidation3=0 invalidation4=0 invalidation5=0
INVALIDATIONS cycle=2589682990 reason=0 phase0=205713 phase1=111 phase2=0 phase3=0 phase4=0 phase5=0
INVALIDATIONS cycle=2589682990 reason=1 phase0=198152 phase1=59 phase2=0 phase3=0 phase4=0 phase5=2
INVALIDATIONS cycle=2589682990 reason=2 phase0=1 phase1=0 phase2=0 phase3=0 phase4=0 phase5=0
INVALIDATIONS cycle=2589682990 reason=3 phase0=0 phase1=0 phase2=0 phase3=0 phase4=0 phase5=0
INVALIDATIONS cycle=2589682990 reason=4 phase0=0 phase1=0 phase2=0 phase3=0 phase4=0 phase5=0
INVALIDATIONS cycle=2589682990 reason=5 phase0=0 phase1=0 phase2=0 phase3=0 phase4=0 phase5=0
ADAPTER cycle=2597218407 request_samples=1488393701 ack_samples=524639277 instruction_acks=217085431 data_acks=307553846 error_acks=0 fetched_bytes=734537876 dispatches=496000000 known_dispatches=304227347 ir_mismatch=7732097 signature_failures=0 secondary_skipped=404959 primary_mismatch_skipped=7732097 diagnostic_dropped=0 starts=0 stops=0 callbacks=0 returns=0 aborts=0 unmatched=0 prefix_aborts=172 prefix0=1 prefix1=173 prefix2=3 prefix3=3 prefix4=3 prefix5=2 invalidation0=206004 invalidation1=198861 invalidation2=1 invalidation3=0 invalidation4=0 invalidation5=0
INVALIDATIONS cycle=2597218407 reason=0 phase0=205893 phase1=111 phase2=0 phase3=0 phase4=0 phase5=0
INVALIDATIONS cycle=2597218407 reason=1 phase0=198800 phase1=59 phase2=0 phase3=0 phase4=0 phase5=2
INVALIDATIONS cycle=2597218407 reason=2 phase0=1 phase1=0 phase2=0 phase3=0 phase4=0 phase5=0
INVALIDATIONS cycle=2597218407 reason=3 phase0=0 phase1=0 phase2=0 phase3=0 phase4=0 phase5=0
INVALIDATIONS cycle=2597218407 reason=4 phase0=0 phase1=0 phase2=0 phase3=0 phase4=0 phase5=0
INVALIDATIONS cycle=2597218407 reason=5 phase0=0 phase1=0 phase2=0 phase3=0 phase4=0 phase5=0
ADAPTER cycle=2604741721 request_samples=1493877442 ack_samples=526059376 instruction_acks=217738218 data_acks=308321158 error_acks=0 fetched_bytes=736766948 dispatches=497000000 known_dispatches=304879643 ir_mismatch=7760666 signature_failures=0 secondary_skipped=406025 primary_mismatch_skipped=7760666 diagnostic_dropped=0 starts=0 stops=0 callbacks=0 returns=0 aborts=0 unmatched=0 prefix_aborts=172 prefix0=1 prefix1=173 prefix2=3 prefix3=3 prefix4=3 prefix5=2 invalidation0=206204 invalidation1=199507 invalidation2=1 invalidation3=0 invalidation4=0 invalidation5=0
INVALIDATIONS cycle=2604741721 reason=0 phase0=206093 phase1=111 phase2=0 phase3=0 phase4=0 phase5=0
INVALIDATIONS cycle=2604741721 reason=1 phase0=199446 phase1=59 phase2=0 phase3=0 phase4=0 phase5=2
INVALIDATIONS cycle=2604741721 reason=2 phase0=1 phase1=0 phase2=0 phase3=0 phase4=0 phase5=0
INVALIDATIONS cycle=2604741721 reason=3 phase0=0 phase1=0 phase2=0 phase3=0 phase4=0 phase5=0
INVALIDATIONS cycle=2604741721 reason=4 phase0=0 phase1=0 phase2=0 phase3=0 phase4=0 phase5=0
INVALIDATIONS cycle=2604741721 reason=5 phase0=0 phase1=0 phase2=0 phase3=0 phase4=0 phase5=0
ADAPTER cycle=2612276004 request_samples=1499369923 ack_samples=527482780 instruction_acks=218392705 data_acks=309090075 error_acks=0 fetched_bytes=739001700 dispatches=498000000 known_dispatches=305531885 ir_mismatch=7789298 signature_failures=0 secondary_skipped=407081 primary_mismatch_skipped=7789298 diagnostic_dropped=0 starts=0 stops=0 callbacks=0 returns=0 aborts=0 unmatched=0 prefix_aborts=172 prefix0=1 prefix1=173 prefix2=3 prefix3=3 prefix4=3 prefix5=2 invalidation0=206384 invalidation1=200152 invalidation2=1 invalidation3=0 invalidation4=0 invalidation5=0
INVALIDATIONS cycle=2612276004 reason=0 phase0=206273 phase1=111 phase2=0 phase3=0 phase4=0 phase5=0
INVALIDATIONS cycle=2612276004 reason=1 phase0=200091 phase1=59 phase2=0 phase3=0 phase4=0 phase5=2
INVALIDATIONS cycle=2612276004 reason=2 phase0=1 phase1=0 phase2=0 phase3=0 phase4=0 phase5=0
INVALIDATIONS cycle=2612276004 reason=3 phase0=0 phase1=0 phase2=0 phase3=0 phase4=0 phase5=0
INVALIDATIONS cycle=2612276004 reason=4 phase0=0 phase1=0 phase2=0 phase3=0 phase4=0 phase5=0
INVALIDATIONS cycle=2612276004 reason=5 phase0=0 phase1=0 phase2=0 phase3=0 phase4=0 phase5=0
ADAPTER cycle=2619810424 request_samples=1504862594 ack_samples=528906444 instruction_acks=219047561 data_acks=309858883 error_acks=0 fetched_bytes=741237222 dispatches=499000000 known_dispatches=306184335 ir_mismatch=7818000 signature_failures=0 secondary_skipped=408134 primary_mismatch_skipped=7818000 diagnostic_dropped=0 starts=0 stops=0 callbacks=0 returns=0 aborts=0 unmatched=0 prefix_aborts=172 prefix0=1 prefix1=173 prefix2=3 prefix3=3 prefix4=3 prefix5=2 invalidation0=206564 invalidation1=200800 invalidation2=1 invalidation3=0 invalidation4=0 invalidation5=0
INVALIDATIONS cycle=2619810424 reason=0 phase0=206453 phase1=111 phase2=0 phase3=0 phase4=0 phase5=0
INVALIDATIONS cycle=2619810424 reason=1 phase0=200739 phase1=59 phase2=0 phase3=0 phase4=0 phase5=2
INVALIDATIONS cycle=2619810424 reason=2 phase0=1 phase1=0 phase2=0 phase3=0 phase4=0 phase5=0
INVALIDATIONS cycle=2619810424 reason=3 phase0=0 phase1=0 phase2=0 phase3=0 phase4=0 phase5=0
INVALIDATIONS cycle=2619810424 reason=4 phase0=0 phase1=0 phase2=0 phase3=0 phase4=0 phase5=0
INVALIDATIONS cycle=2619810424 reason=5 phase0=0 phase1=0 phase2=0 phase3=0 phase4=0 phase5=0
ADAPTER cycle=2627345894 request_samples=1510355952 ack_samples=530330332 instruction_acks=219702381 data_acks=310627951 error_acks=0 fetched_bytes=743472564 dispatches=500000000 known_dispatches=306836808 ir_mismatch=7846606 signature_failures=0 secondary_skipped=409192 primary_mismatch_skipped=7846606 diagnostic_dropped=0 starts=0 stops=0 callbacks=0 returns=0 aborts=0 unmatched=0 prefix_aborts=172 prefix0=1 prefix1=173 prefix2=3 prefix3=3 prefix4=3 prefix5=2 invalidation0=206744 invalidation1=201448 invalidation2=1 invalidation3=0 invalidation4=0 invalidation5=0
INVALIDATIONS cycle=2627345894 reason=0 phase0=206633 phase1=111 phase2=0 phase3=0 phase4=0 phase5=0
INVALIDATIONS cycle=2627345894 reason=1 phase0=201387 phase1=59 phase2=0 phase3=0 phase4=0 phase5=2
INVALIDATIONS cycle=2627345894 reason=2 phase0=1 phase1=0 phase2=0 phase3=0 phase4=0 phase5=0
INVALIDATIONS cycle=2627345894 reason=3 phase0=0 phase1=0 phase2=0 phase3=0 phase4=0 phase5=0
INVALIDATIONS cycle=2627345894 reason=4 phase0=0 phase1=0 phase2=0 phase3=0 phase4=0 phase5=0
INVALIDATIONS cycle=2627345894 reason=5 phase0=0 phase1=0 phase2=0 phase3=0 phase4=0 phase5=0
ADAPTER cycle=2634871928 request_samples=1515841805 ack_samples=531751192 instruction_acks=220355508 data_acks=311395684 error_acks=0 fetched_bytes=745702714 dispatches=501000000 known_dispatches=307488883 ir_mismatch=7875181 signature_failures=0 secondary_skipped=410258 primary_mismatch_skipped=7875181 diagnostic_dropped=0 starts=0 stops=0 callbacks=0 returns=0 aborts=0 unmatched=0 prefix_aborts=172 prefix0=1 prefix1=173 prefix2=3 prefix3=3 prefix4=3 prefix5=2 invalidation0=206944 invalidation1=202094 invalidation2=1 invalidation3=0 invalidation4=0 invalidation5=0
INVALIDATIONS cycle=2634871928 reason=0 phase0=206833 phase1=111 phase2=0 phase3=0 phase4=0 phase5=0
INVALIDATIONS cycle=2634871928 reason=1 phase0=202033 phase1=59 phase2=0 phase3=0 phase4=0 phase5=2
INVALIDATIONS cycle=2634871928 reason=2 phase0=1 phase1=0 phase2=0 phase3=0 phase4=0 phase5=0
INVALIDATIONS cycle=2634871928 reason=3 phase0=0 phase1=0 phase2=0 phase3=0 phase4=0 phase5=0
INVALIDATIONS cycle=2634871928 reason=4 phase0=0 phase1=0 phase2=0 phase3=0 phase4=0 phase5=0
INVALIDATIONS cycle=2634871928 reason=5 phase0=0 phase1=0 phase2=0 phase3=0 phase4=0 phase5=0
ADAPTER cycle=2642408216 request_samples=1521336498 ack_samples=533174414 instruction_acks=221010067 data_acks=312164347 error_acks=0 fetched_bytes=747937320 dispatches=502000000 known_dispatches=308141313 ir_mismatch=7903785 signature_failures=0 secondary_skipped=411315 primary_mismatch_skipped=7903785 diagnostic_dropped=0 starts=0 stops=0 callbacks=0 returns=0 aborts=0 unmatched=0 prefix_aborts=172 prefix0=1 prefix1=173 prefix2=3 prefix3=3 prefix4=3 prefix5=2 invalidation0=207124 invalidation1=202742 invalidation2=1 invalidation3=0 invalidation4=0 invalidation5=0
INVALIDATIONS cycle=2642408216 reason=0 phase0=207013 phase1=111 phase2=0 phase3=0 phase4=0 phase5=0
INVALIDATIONS cycle=2642408216 reason=1 phase0=202681 phase1=59 phase2=0 phase3=0 phase4=0 phase5=2
INVALIDATIONS cycle=2642408216 reason=2 phase0=1 phase1=0 phase2=0 phase3=0 phase4=0 phase5=0
INVALIDATIONS cycle=2642408216 reason=3 phase0=0 phase1=0 phase2=0 phase3=0 phase4=0 phase5=0
INVALIDATIONS cycle=2642408216 reason=4 phase0=0 phase1=0 phase2=0 phase3=0 phase4=0 phase5=0
INVALIDATIONS cycle=2642408216 reason=5 phase0=0 phase1=0 phase2=0 phase3=0 phase4=0 phase5=0
ADAPTER cycle=2649941556 request_samples=1526828083 ack_samples=534598008 instruction_acks=221664860 data_acks=312933148 error_acks=0 fetched_bytes=750172552 dispatches=503000000 known_dispatches=308793880 ir_mismatch=7932481 signature_failures=0 secondary_skipped=412368 primary_mismatch_skipped=7932481 diagnostic_dropped=0 starts=0 stops=0 callbacks=0 returns=0 aborts=0 unmatched=0 prefix_aborts=172 prefix0=1 prefix1=173 prefix2=3 prefix3=3 prefix4=3 prefix5=2 invalidation0=207304 invalidation1=203390 invalidation2=1 invalidation3=0 invalidation4=0 invalidation5=0
INVALIDATIONS cycle=2649941556 reason=0 phase0=207193 phase1=111 phase2=0 phase3=0 phase4=0 phase5=0
INVALIDATIONS cycle=2649941556 reason=1 phase0=203329 phase1=59 phase2=0 phase3=0 phase4=0 phase5=2
INVALIDATIONS cycle=2649941556 reason=2 phase0=1 phase1=0 phase2=0 phase3=0 phase4=0 phase5=0
INVALIDATIONS cycle=2649941556 reason=3 phase0=0 phase1=0 phase2=0 phase3=0 phase4=0 phase5=0
INVALIDATIONS cycle=2649941556 reason=4 phase0=0 phase1=0 phase2=0 phase3=0 phase4=0 phase5=0
INVALIDATIONS cycle=2649941556 reason=5 phase0=0 phase1=0 phase2=0 phase3=0 phase4=0 phase5=0
ADAPTER cycle=2657475952 request_samples=1532321029 ack_samples=536021687 instruction_acks=222319683 data_acks=313702004 error_acks=0 fetched_bytes=752407996 dispatches=504000000 known_dispatches=309446351 ir_mismatch=7961189 signature_failures=0 secondary_skipped=413425 primary_mismatch_skipped=7961189 diagnostic_dropped=0 starts=0 stops=0 callbacks=0 returns=0 aborts=0 unmatched=0 prefix_aborts=172 prefix0=1 prefix1=173 prefix2=3 prefix3=3 prefix4=3 prefix5=2 invalidation0=207484 invalidation1=204035 invalidation2=1 invalidation3=0 invalidation4=0 invalidation5=0
INVALIDATIONS cycle=2657475952 reason=0 phase0=207373 phase1=111 phase2=0 phase3=0 phase4=0 phase5=0
INVALIDATIONS cycle=2657475952 reason=1 phase0=203974 phase1=59 phase2=0 phase3=0 phase4=0 phase5=2
INVALIDATIONS cycle=2657475952 reason=2 phase0=1 phase1=0 phase2=0 phase3=0 phase4=0 phase5=0
INVALIDATIONS cycle=2657475952 reason=3 phase0=0 phase1=0 phase2=0 phase3=0 phase4=0 phase5=0
INVALIDATIONS cycle=2657475952 reason=4 phase0=0 phase1=0 phase2=0 phase3=0 phase4=0 phase5=0
INVALIDATIONS cycle=2657475952 reason=5 phase0=0 phase1=0 phase2=0 phase3=0 phase4=0 phase5=0
ADAPTER cycle=2665012202 request_samples=1537815330 ack_samples=537445345 instruction_acks=222974537 data_acks=314470808 error_acks=0 fetched_bytes=754643482 dispatches=505000000 known_dispatches=310099131 ir_mismatch=7989903 signature_failures=0 secondary_skipped=414478 primary_mismatch_skipped=7989903 diagnostic_dropped=0 starts=0 stops=0 callbacks=0 returns=0 aborts=0 unmatched=0 prefix_aborts=172 prefix0=1 prefix1=173 prefix2=3 prefix3=3 prefix4=3 prefix5=2 invalidation0=207664 invalidation1=204683 invalidation2=1 invalidation3=0 invalidation4=0 invalidation5=0
INVALIDATIONS cycle=2665012202 reason=0 phase0=207553 phase1=111 phase2=0 phase3=0 phase4=0 phase5=0
INVALIDATIONS cycle=2665012202 reason=1 phase0=204622 phase1=59 phase2=0 phase3=0 phase4=0 phase5=2
INVALIDATIONS cycle=2665012202 reason=2 phase0=1 phase1=0 phase2=0 phase3=0 phase4=0 phase5=0
INVALIDATIONS cycle=2665012202 reason=3 phase0=0 phase1=0 phase2=0 phase3=0 phase4=0 phase5=0
INVALIDATIONS cycle=2665012202 reason=4 phase0=0 phase1=0 phase2=0 phase3=0 phase4=0 phase5=0
INVALIDATIONS cycle=2665012202 reason=5 phase0=0 phase1=0 phase2=0 phase3=0 phase4=0 phase5=0
ADAPTER cycle=2672534830 request_samples=1543297926 ack_samples=538865834 instruction_acks=223627374 data_acks=315238460 error_acks=0 fetched_bytes=756872654 dispatches=506000000 known_dispatches=310751316 ir_mismatch=8018373 signature_failures=0 secondary_skipped=415548 primary_mismatch_skipped=8018373 diagnostic_dropped=0 starts=0 stops=0 callbacks=0 returns=0 aborts=0 unmatched=0 prefix_aborts=172 prefix0=1 prefix1=173 prefix2=3 prefix3=3 prefix4=3 prefix5=2 invalidation0=207864 invalidation1=205329 invalidation2=1 invalidation3=0 invalidation4=0 invalidation5=0
INVALIDATIONS cycle=2672534830 reason=0 phase0=207753 phase1=111 phase2=0 phase3=0 phase4=0 phase5=0
INVALIDATIONS cycle=2672534830 reason=1 phase0=205268 phase1=59 phase2=0 phase3=0 phase4=0 phase5=2
INVALIDATIONS cycle=2672534830 reason=2 phase0=1 phase1=0 phase2=0 phase3=0 phase4=0 phase5=0
INVALIDATIONS cycle=2672534830 reason=3 phase0=0 phase1=0 phase2=0 phase3=0 phase4=0 phase5=0
INVALIDATIONS cycle=2672534830 reason=4 phase0=0 phase1=0 phase2=0 phase3=0 phase4=0 phase5=0
INVALIDATIONS cycle=2672534830 reason=5 phase0=0 phase1=0 phase2=0 phase3=0 phase4=0 phase5=0
ADAPTER cycle=2680071957 request_samples=1548793419 ack_samples=540289186 instruction_acks=224281924 data_acks=316007262 error_acks=0 fetched_bytes=759107688 dispatches=507000000 known_dispatches=311403568 ir_mismatch=8046998 signature_failures=0 secondary_skipped=416601 primary_mismatch_skipped=8046998 diagnostic_dropped=0 starts=0 stops=0 callbacks=0 returns=0 aborts=0 unmatched=0 prefix_aborts=172 prefix0=1 prefix1=173 prefix2=3 prefix3=3 prefix4=3 prefix5=2 invalidation0=208044 invalidation1=205977 invalidation2=1 invalidation3=0 invalidation4=0 invalidation5=0
INVALIDATIONS cycle=2680071957 reason=0 phase0=207933 phase1=111 phase2=0 phase3=0 phase4=0 phase5=0
INVALIDATIONS cycle=2680071957 reason=1 phase0=205916 phase1=59 phase2=0 phase3=0 phase4=0 phase5=2
INVALIDATIONS cycle=2680071957 reason=2 phase0=1 phase1=0 phase2=0 phase3=0 phase4=0 phase5=0
INVALIDATIONS cycle=2680071957 reason=3 phase0=0 phase1=0 phase2=0 phase3=0 phase4=0 phase5=0
INVALIDATIONS cycle=2680071957 reason=4 phase0=0 phase1=0 phase2=0 phase3=0 phase4=0 phase5=0
INVALIDATIONS cycle=2680071957 reason=5 phase0=0 phase1=0 phase2=0 phase3=0 phase4=0 phase5=0
ADAPTER cycle=2687338758 request_samples=1554049397 ack_samples=541669038 instruction_acks=224915859 data_acks=316753179 error_acks=0 fetched_bytes=761274558 dispatches=508000000 known_dispatches=312053708 ir_mismatch=8077272 signature_failures=0 secondary_skipped=417617 primary_mismatch_skipped=8077272 diagnostic_dropped=0 starts=0 stops=0 callbacks=0 returns=0 aborts=0 unmatched=0 prefix_aborts=172 prefix0=1 prefix1=173 prefix2=3 prefix3=3 prefix4=3 prefix5=2 invalidation0=208214 invalidation1=206625 invalidation2=1 invalidation3=0 invalidation4=0 invalidation5=0
INVALIDATIONS cycle=2687338758 reason=0 phase0=208103 phase1=111 phase2=0 phase3=0 phase4=0 phase5=0
INVALIDATIONS cycle=2687338758 reason=1 phase0=206564 phase1=59 phase2=0 phase3=0 phase4=0 phase5=2
INVALIDATIONS cycle=2687338758 reason=2 phase0=1 phase1=0 phase2=0 phase3=0 phase4=0 phase5=0
INVALIDATIONS cycle=2687338758 reason=3 phase0=0 phase1=0 phase2=0 phase3=0 phase4=0 phase5=0
INVALIDATIONS cycle=2687338758 reason=4 phase0=0 phase1=0 phase2=0 phase3=0 phase4=0 phase5=0
INVALIDATIONS cycle=2687338758 reason=5 phase0=0 phase1=0 phase2=0 phase3=0 phase4=0 phase5=0
ADAPTER cycle=2694871652 request_samples=1559539736 ack_samples=543092656 instruction_acks=225570591 data_acks=317522065 error_acks=0 fetched_bytes=763509616 dispatches=509000000 known_dispatches=312706330 ir_mismatch=8106104 signature_failures=0 secondary_skipped=418677 primary_mismatch_skipped=8106104 diagnostic_dropped=0 starts=0 stops=0 callbacks=0 returns=0 aborts=0 unmatched=0 prefix_aborts=172 prefix0=1 prefix1=173 prefix2=3 prefix3=3 prefix4=3 prefix5=2 invalidation0=208394 invalidation1=207275 invalidation2=1 invalidation3=0 invalidation4=0 invalidation5=0
INVALIDATIONS cycle=2694871652 reason=0 phase0=208283 phase1=111 phase2=0 phase3=0 phase4=0 phase5=0
INVALIDATIONS cycle=2694871652 reason=1 phase0=207214 phase1=59 phase2=0 phase3=0 phase4=0 phase5=2
INVALIDATIONS cycle=2694871652 reason=2 phase0=1 phase1=0 phase2=0 phase3=0 phase4=0 phase5=0
INVALIDATIONS cycle=2694871652 reason=3 phase0=0 phase1=0 phase2=0 phase3=0 phase4=0 phase5=0
INVALIDATIONS cycle=2694871652 reason=4 phase0=0 phase1=0 phase2=0 phase3=0 phase4=0 phase5=0
INVALIDATIONS cycle=2694871652 reason=5 phase0=0 phase1=0 phase2=0 phase3=0 phase4=0 phase5=0
ADAPTER cycle=2702396603 request_samples=1565024891 ack_samples=544513121 instruction_acks=226223464 data_acks=318289657 error_acks=0 fetched_bytes=765738904 dispatches=510000000 known_dispatches=313358485 ir_mismatch=8134571 signature_failures=0 secondary_skipped=419741 primary_mismatch_skipped=8134571 diagnostic_dropped=0 starts=0 stops=0 callbacks=0 returns=0 aborts=0 unmatched=0 prefix_aborts=172 prefix0=1 prefix1=173 prefix2=3 prefix3=3 prefix4=3 prefix5=2 invalidation0=208594 invalidation1=207921 invalidation2=1 invalidation3=0 invalidation4=0 invalidation5=0
INVALIDATIONS cycle=2702396603 reason=0 phase0=208483 phase1=111 phase2=0 phase3=0 phase4=0 phase5=0
INVALIDATIONS cycle=2702396603 reason=1 phase0=207860 phase1=59 phase2=0 phase3=0 phase4=0 phase5=2
INVALIDATIONS cycle=2702396603 reason=2 phase0=1 phase1=0 phase2=0 phase3=0 phase4=0 phase5=0
INVALIDATIONS cycle=2702396603 reason=3 phase0=0 phase1=0 phase2=0 phase3=0 phase4=0 phase5=0
INVALIDATIONS cycle=2702396603 reason=4 phase0=0 phase1=0 phase2=0 phase3=0 phase4=0 phase5=0
INVALIDATIONS cycle=2702396603 reason=5 phase0=0 phase1=0 phase2=0 phase3=0 phase4=0 phase5=0
ADAPTER cycle=2709932141 request_samples=1570518260 ack_samples=545936613 instruction_acks=226878223 data_acks=319058390 error_acks=0 fetched_bytes=767974144 dispatches=511000000 known_dispatches=314010921 ir_mismatch=8163277 signature_failures=0 secondary_skipped=420800 primary_mismatch_skipped=8163277 diagnostic_dropped=0 starts=0 stops=0 callbacks=0 returns=0 aborts=0 unmatched=0 prefix_aborts=172 prefix0=1 prefix1=173 prefix2=3 prefix3=3 prefix4=3 prefix5=2 invalidation0=208774 invalidation1=208569 invalidation2=1 invalidation3=0 invalidation4=0 invalidation5=0
INVALIDATIONS cycle=2709932141 reason=0 phase0=208663 phase1=111 phase2=0 phase3=0 phase4=0 phase5=0
INVALIDATIONS cycle=2709932141 reason=1 phase0=208508 phase1=59 phase2=0 phase3=0 phase4=0 phase5=2
INVALIDATIONS cycle=2709932141 reason=2 phase0=1 phase1=0 phase2=0 phase3=0 phase4=0 phase5=0
INVALIDATIONS cycle=2709932141 reason=3 phase0=0 phase1=0 phase2=0 phase3=0 phase4=0 phase5=0
INVALIDATIONS cycle=2709932141 reason=4 phase0=0 phase1=0 phase2=0 phase3=0 phase4=0 phase5=0
INVALIDATIONS cycle=2709932141 reason=5 phase0=0 phase1=0 phase2=0 phase3=0 phase4=0 phase5=0
ADAPTER cycle=2717467240 request_samples=1576011804 ack_samples=547360269 instruction_acks=227533058 data_acks=319827211 error_acks=0 fetched_bytes=770209572 dispatches=512000000 known_dispatches=314663334 ir_mismatch=8191976 signature_failures=0 secondary_skipped=421853 primary_mismatch_skipped=8191976 diagnostic_dropped=0 starts=0 stops=0 callbacks=0 returns=0 aborts=0 unmatched=0 prefix_aborts=172 prefix0=1 prefix1=173 prefix2=3 prefix3=3 prefix4=3 prefix5=2 invalidation0=208954 invalidation1=209217 invalidation2=1 invalidation3=0 invalidation4=0 invalidation5=0
INVALIDATIONS cycle=2717467240 reason=0 phase0=208843 phase1=111 phase2=0 phase3=0 phase4=0 phase5=0
INVALIDATIONS cycle=2717467240 reason=1 phase0=209156 phase1=59 phase2=0 phase3=0 phase4=0 phase5=2
INVALIDATIONS cycle=2717467240 reason=2 phase0=1 phase1=0 phase2=0 phase3=0 phase4=0 phase5=0
INVALIDATIONS cycle=2717467240 reason=3 phase0=0 phase1=0 phase2=0 phase3=0 phase4=0 phase5=0
INVALIDATIONS cycle=2717467240 reason=4 phase0=0 phase1=0 phase2=0 phase3=0 phase4=0 phase5=0
INVALIDATIONS cycle=2717467240 reason=5 phase0=0 phase1=0 phase2=0 phase3=0 phase4=0 phase5=0
ADAPTER cycle=2725002687 request_samples=1581505097 ack_samples=548784164 instruction_acks=228187908 data_acks=320596256 error_acks=0 fetched_bytes=772445066 dispatches=513000000 known_dispatches=315315638 ir_mismatch=8220592 signature_failures=0 secondary_skipped=422910 primary_mismatch_skipped=8220592 diagnostic_dropped=0 starts=0 stops=0 callbacks=0 returns=0 aborts=0 unmatched=0 prefix_aborts=172 prefix0=1 prefix1=173 prefix2=3 prefix3=3 prefix4=3 prefix5=2 invalidation0=209134 invalidation1=209865 invalidation2=1 invalidation3=0 invalidation4=0 invalidation5=0
INVALIDATIONS cycle=2725002687 reason=0 phase0=209023 phase1=111 phase2=0 phase3=0 phase4=0 phase5=0
INVALIDATIONS cycle=2725002687 reason=1 phase0=209804 phase1=59 phase2=0 phase3=0 phase4=0 phase5=2
INVALIDATIONS cycle=2725002687 reason=2 phase0=1 phase1=0 phase2=0 phase3=0 phase4=0 phase5=0
INVALIDATIONS cycle=2725002687 reason=3 phase0=0 phase1=0 phase2=0 phase3=0 phase4=0 phase5=0
INVALIDATIONS cycle=2725002687 reason=4 phase0=0 phase1=0 phase2=0 phase3=0 phase4=0 phase5=0
INVALIDATIONS cycle=2725002687 reason=5 phase0=0 phase1=0 phase2=0 phase3=0 phase4=0 phase5=0
ADAPTER cycle=2732526982 request_samples=1586989366 ack_samples=550205046 instruction_acks=228841030 data_acks=321364016 error_acks=0 fetched_bytes=774675150 dispatches=514000000 known_dispatches=315967851 ir_mismatch=8249160 signature_failures=0 secondary_skipped=423976 primary_mismatch_skipped=8249160 diagnostic_dropped=0 starts=0 stops=0 callbacks=0 returns=0 aborts=0 unmatched=0 prefix_aborts=172 prefix0=1 prefix1=173 prefix2=3 prefix3=3 prefix4=3 prefix5=2 invalidation0=209334 invalidation1=210511 invalidation2=1 invalidation3=0 invalidation4=0 invalidation5=0
INVALIDATIONS cycle=2732526982 reason=0 phase0=209223 phase1=111 phase2=0 phase3=0 phase4=0 phase5=0
INVALIDATIONS cycle=2732526982 reason=1 phase0=210450 phase1=59 phase2=0 phase3=0 phase4=0 phase5=2
INVALIDATIONS cycle=2732526982 reason=2 phase0=1 phase1=0 phase2=0 phase3=0 phase4=0 phase5=0
INVALIDATIONS cycle=2732526982 reason=3 phase0=0 phase1=0 phase2=0 phase3=0 phase4=0 phase5=0
INVALIDATIONS cycle=2732526982 reason=4 phase0=0 phase1=0 phase2=0 phase3=0 phase4=0 phase5=0
INVALIDATIONS cycle=2732526982 reason=5 phase0=0 phase1=0 phase2=0 phase3=0 phase4=0 phase5=0
ADAPTER cycle=2740061377 request_samples=1592482377 ack_samples=551627959 instruction_acks=229495368 data_acks=322132591 error_acks=0 fetched_bytes=776909414 dispatches=515000000 known_dispatches=316620294 ir_mismatch=8277779 signature_failures=0 secondary_skipped=425033 primary_mismatch_skipped=8277779 diagnostic_dropped=0 starts=0 stops=0 callbacks=0 returns=0 aborts=0 unmatched=0 prefix_aborts=172 prefix0=1 prefix1=173 prefix2=3 prefix3=3 prefix4=3 prefix5=2 invalidation0=209514 invalidation1=211156 invalidation2=1 invalidation3=0 invalidation4=0 invalidation5=0
INVALIDATIONS cycle=2740061377 reason=0 phase0=209403 phase1=111 phase2=0 phase3=0 phase4=0 phase5=0
INVALIDATIONS cycle=2740061377 reason=1 phase0=211095 phase1=59 phase2=0 phase3=0 phase4=0 phase5=2
INVALIDATIONS cycle=2740061377 reason=2 phase0=1 phase1=0 phase2=0 phase3=0 phase4=0 phase5=0
INVALIDATIONS cycle=2740061377 reason=3 phase0=0 phase1=0 phase2=0 phase3=0 phase4=0 phase5=0
INVALIDATIONS cycle=2740061377 reason=4 phase0=0 phase1=0 phase2=0 phase3=0 phase4=0 phase5=0
INVALIDATIONS cycle=2740061377 reason=5 phase0=0 phase1=0 phase2=0 phase3=0 phase4=0 phase5=0
ADAPTER cycle=2747595121 request_samples=1597974500 ack_samples=553051495 instruction_acks=230150140 data_acks=322901355 error_acks=0 fetched_bytes=779144650 dispatches=516000000 known_dispatches=317272882 ir_mismatch=8306489 signature_failures=0 secondary_skipped=426086 primary_mismatch_skipped=8306489 diagnostic_dropped=0 starts=0 stops=0 callbacks=0 returns=0 aborts=0 unmatched=0 prefix_aborts=172 prefix0=1 prefix1=173 prefix2=3 prefix3=3 prefix4=3 prefix5=2 invalidation0=209684 invalidation1=211802 invalidation2=1 invalidation3=0 invalidation4=0 invalidation5=0
INVALIDATIONS cycle=2747595121 reason=0 phase0=209573 phase1=111 phase2=0 phase3=0 phase4=0 phase5=0
INVALIDATIONS cycle=2747595121 reason=1 phase0=211741 phase1=59 phase2=0 phase3=0 phase4=0 phase5=2
INVALIDATIONS cycle=2747595121 reason=2 phase0=1 phase1=0 phase2=0 phase3=0 phase4=0 phase5=0
INVALIDATIONS cycle=2747595121 reason=3 phase0=0 phase1=0 phase2=0 phase3=0 phase4=0 phase5=0
INVALIDATIONS cycle=2747595121 reason=4 phase0=0 phase1=0 phase2=0 phase3=0 phase4=0 phase5=0
INVALIDATIONS cycle=2747595121 reason=5 phase0=0 phase1=0 phase2=0 phase3=0 phase4=0 phase5=0
ADAPTER cycle=2755130633 request_samples=1603468126 ack_samples=554475199 instruction_acks=230804963 data_acks=323670236 error_acks=0 fetched_bytes=781380058 dispatches=517000000 known_dispatches=317925367 ir_mismatch=8335168 signature_failures=0 secondary_skipped=427144 primary_mismatch_skipped=8335168 diagnostic_dropped=0 starts=0 stops=0 callbacks=0 returns=0 aborts=0 unmatched=0 prefix_aborts=172 prefix0=1 prefix1=173 prefix2=3 prefix3=3 prefix4=3 prefix5=2 invalidation0=209864 invalidation1=212450 invalidation2=1 invalidation3=0 invalidation4=0 invalidation5=0
INVALIDATIONS cycle=2755130633 reason=0 phase0=209753 phase1=111 phase2=0 phase3=0 phase4=0 phase5=0
INVALIDATIONS cycle=2755130633 reason=1 phase0=212389 phase1=59 phase2=0 phase3=0 phase4=0 phase5=2
INVALIDATIONS cycle=2755130633 reason=2 phase0=1 phase1=0 phase2=0 phase3=0 phase4=0 phase5=0
INVALIDATIONS cycle=2755130633 reason=3 phase0=0 phase1=0 phase2=0 phase3=0 phase4=0 phase5=0
INVALIDATIONS cycle=2755130633 reason=4 phase0=0 phase1=0 phase2=0 phase3=0 phase4=0 phase5=0
INVALIDATIONS cycle=2755130633 reason=5 phase0=0 phase1=0 phase2=0 phase3=0 phase4=0 phase5=0
ADAPTER cycle=2762665067 request_samples=1608960337 ack_samples=555898999 instruction_acks=231459744 data_acks=324439255 error_acks=0 fetched_bytes=783615300 dispatches=518000000 known_dispatches=318577538 ir_mismatch=8363796 signature_failures=0 secondary_skipped=428202 primary_mismatch_skipped=8363796 diagnostic_dropped=0 starts=0 stops=0 callbacks=0 returns=0 aborts=0 unmatched=0 prefix_aborts=172 prefix0=1 prefix1=173 prefix2=3 prefix3=3 prefix4=3 prefix5=2 invalidation0=210044 invalidation1=213098 invalidation2=1 invalidation3=0 invalidation4=0 invalidation5=0
INVALIDATIONS cycle=2762665067 reason=0 phase0=209933 phase1=111 phase2=0 phase3=0 phase4=0 phase5=0
INVALIDATIONS cycle=2762665067 reason=1 phase0=213037 phase1=59 phase2=0 phase3=0 phase4=0 phase5=2
INVALIDATIONS cycle=2762665067 reason=2 phase0=1 phase1=0 phase2=0 phase3=0 phase4=0 phase5=0
INVALIDATIONS cycle=2762665067 reason=3 phase0=0 phase1=0 phase2=0 phase3=0 phase4=0 phase5=0
INVALIDATIONS cycle=2762665067 reason=4 phase0=0 phase1=0 phase2=0 phase3=0 phase4=0 phase5=0
INVALIDATIONS cycle=2762665067 reason=5 phase0=0 phase1=0 phase2=0 phase3=0 phase4=0 phase5=0
ADAPTER cycle=2770188016 request_samples=1614444001 ack_samples=557319179 instruction_acks=232112624 data_acks=325206555 error_acks=0 fetched_bytes=785844638 dispatches=519000000 known_dispatches=319229932 ir_mismatch=8392367 signature_failures=0 secondary_skipped=429268 primary_mismatch_skipped=8392367 diagnostic_dropped=0 starts=0 stops=0 callbacks=0 returns=0 aborts=0 unmatched=0 prefix_aborts=172 prefix0=1 prefix1=173 prefix2=3 prefix3=3 prefix4=3 prefix5=2 invalidation0=210244 invalidation1=213744 invalidation2=1 invalidation3=0 invalidation4=0 invalidation5=0
INVALIDATIONS cycle=2770188016 reason=0 phase0=210133 phase1=111 phase2=0 phase3=0 phase4=0 phase5=0
INVALIDATIONS cycle=2770188016 reason=1 phase0=213683 phase1=59 phase2=0 phase3=0 phase4=0 phase5=2
INVALIDATIONS cycle=2770188016 reason=2 phase0=1 phase1=0 phase2=0 phase3=0 phase4=0 phase5=0
INVALIDATIONS cycle=2770188016 reason=3 phase0=0 phase1=0 phase2=0 phase3=0 phase4=0 phase5=0
INVALIDATIONS cycle=2770188016 reason=4 phase0=0 phase1=0 phase2=0 phase3=0 phase4=0 phase5=0
INVALIDATIONS cycle=2770188016 reason=5 phase0=0 phase1=0 phase2=0 phase3=0 phase4=0 phase5=0
ADAPTER cycle=2777725428 request_samples=1619939040 ack_samples=558743096 instruction_acks=232767456 data_acks=325975640 error_acks=0 fetched_bytes=788080102 dispatches=520000000 known_dispatches=319882218 ir_mismatch=8420963 signature_failures=0 secondary_skipped=430326 primary_mismatch_skipped=8420963 diagnostic_dropped=0 starts=0 stops=0 callbacks=0 returns=0 aborts=0 unmatched=0 prefix_aborts=172 prefix0=1 prefix1=173 prefix2=3 prefix3=3 prefix4=3 prefix5=2 invalidation0=210424 invalidation1=214392 invalidation2=1 invalidation3=0 invalidation4=0 invalidation5=0
INVALIDATIONS cycle=2777725428 reason=0 phase0=210313 phase1=111 phase2=0 phase3=0 phase4=0 phase5=0
INVALIDATIONS cycle=2777725428 reason=1 phase0=214331 phase1=59 phase2=0 phase3=0 phase4=0 phase5=2
INVALIDATIONS cycle=2777725428 reason=2 phase0=1 phase1=0 phase2=0 phase3=0 phase4=0 phase5=0
INVALIDATIONS cycle=2777725428 reason=3 phase0=0 phase1=0 phase2=0 phase3=0 phase4=0 phase5=0
INVALIDATIONS cycle=2777725428 reason=4 phase0=0 phase1=0 phase2=0 phase3=0 phase4=0 phase5=0
INVALIDATIONS cycle=2777725428 reason=5 phase0=0 phase1=0 phase2=0 phase3=0 phase4=0 phase5=0
ADAPTER cycle=2785257190 request_samples=1625429303 ack_samples=560166694 instruction_acks=233422227 data_acks=326744467 error_acks=0 fetched_bytes=790315308 dispatches=521000000 known_dispatches=320534632 ir_mismatch=8449678 signature_failures=0 secondary_skipped=431378 primary_mismatch_skipped=8449678 diagnostic_dropped=0 starts=0 stops=0 callbacks=0 returns=0 aborts=0 unmatched=0 prefix_aborts=172 prefix0=1 prefix1=173 prefix2=3 prefix3=3 prefix4=3 prefix5=2 invalidation0=210604 invalidation1=215038 invalidation2=1 invalidation3=0 invalidation4=0 invalidation5=0
INVALIDATIONS cycle=2785257190 reason=0 phase0=210493 phase1=111 phase2=0 phase3=0 phase4=0 phase5=0
INVALIDATIONS cycle=2785257190 reason=1 phase0=214977 phase1=59 phase2=0 phase3=0 phase4=0 phase5=2
INVALIDATIONS cycle=2785257190 reason=2 phase0=1 phase1=0 phase2=0 phase3=0 phase4=0 phase5=0
INVALIDATIONS cycle=2785257190 reason=3 phase0=0 phase1=0 phase2=0 phase3=0 phase4=0 phase5=0
INVALIDATIONS cycle=2785257190 reason=4 phase0=0 phase1=0 phase2=0 phase3=0 phase4=0 phase5=0
INVALIDATIONS cycle=2785257190 reason=5 phase0=0 phase1=0 phase2=0 phase3=0 phase4=0 phase5=0
ADAPTER cycle=2792793934 request_samples=1630924297 ack_samples=561590415 instruction_acks=234077097 data_acks=327513318 error_acks=0 fetched_bytes=792550844 dispatches=522000000 known_dispatches=321186998 ir_mismatch=8478381 signature_failures=0 secondary_skipped=432435 primary_mismatch_skipped=8478381 diagnostic_dropped=0 starts=0 stops=0 callbacks=0 returns=0 aborts=0 unmatched=0 prefix_aborts=172 prefix0=1 prefix1=173 prefix2=3 prefix3=3 prefix4=3 prefix5=2 invalidation0=210784 invalidation1=215685 invalidation2=1 invalidation3=0 invalidation4=0 invalidation5=0
INVALIDATIONS cycle=2792793934 reason=0 phase0=210673 phase1=111 phase2=0 phase3=0 phase4=0 phase5=0
INVALIDATIONS cycle=2792793934 reason=1 phase0=215624 phase1=59 phase2=0 phase3=0 phase4=0 phase5=2
INVALIDATIONS cycle=2792793934 reason=2 phase0=1 phase1=0 phase2=0 phase3=0 phase4=0 phase5=0
INVALIDATIONS cycle=2792793934 reason=3 phase0=0 phase1=0 phase2=0 phase3=0 phase4=0 phase5=0
INVALIDATIONS cycle=2792793934 reason=4 phase0=0 phase1=0 phase2=0 phase3=0 phase4=0 phase5=0
INVALIDATIONS cycle=2792793934 reason=5 phase0=0 phase1=0 phase2=0 phase3=0 phase4=0 phase5=0
ADAPTER cycle=2800316663 request_samples=1636406713 ack_samples=563010808 instruction_acks=234729950 data_acks=328280858 error_acks=0 fetched_bytes=794780084 dispatches=523000000 known_dispatches=321839231 ir_mismatch=8506853 signature_failures=0 secondary_skipped=433502 primary_mismatch_skipped=8506853 diagnostic_dropped=0 starts=0 stops=0 callbacks=0 returns=0 aborts=0 unmatched=0 prefix_aborts=172 prefix0=1 prefix1=173 prefix2=3 prefix3=3 prefix4=3 prefix5=2 invalidation0=210984 invalidation1=216334 invalidation2=1 invalidation3=0 invalidation4=0 invalidation5=0
INVALIDATIONS cycle=2800316663 reason=0 phase0=210873 phase1=111 phase2=0 phase3=0 phase4=0 phase5=0
INVALIDATIONS cycle=2800316663 reason=1 phase0=216273 phase1=59 phase2=0 phase3=0 phase4=0 phase5=2
INVALIDATIONS cycle=2800316663 reason=2 phase0=1 phase1=0 phase2=0 phase3=0 phase4=0 phase5=0
INVALIDATIONS cycle=2800316663 reason=3 phase0=0 phase1=0 phase2=0 phase3=0 phase4=0 phase5=0
INVALIDATIONS cycle=2800316663 reason=4 phase0=0 phase1=0 phase2=0 phase3=0 phase4=0 phase5=0
INVALIDATIONS cycle=2800316663 reason=5 phase0=0 phase1=0 phase2=0 phase3=0 phase4=0 phase5=0
ADAPTER cycle=2807852122 request_samples=1641900661 ack_samples=564434211 instruction_acks=235384495 data_acks=329049716 error_acks=0 fetched_bytes=797015098 dispatches=524000000 known_dispatches=322491374 ir_mismatch=8535484 signature_failures=0 secondary_skipped=434559 primary_mismatch_skipped=8535484 diagnostic_dropped=0 starts=0 stops=0 callbacks=0 returns=0 aborts=0 unmatched=0 prefix_aborts=172 prefix0=1 prefix1=173 prefix2=3 prefix3=3 prefix4=3 prefix5=2 invalidation0=211164 invalidation1=216979 invalidation2=1 invalidation3=0 invalidation4=0 invalidation5=0
INVALIDATIONS cycle=2807852122 reason=0 phase0=211053 phase1=111 phase2=0 phase3=0 phase4=0 phase5=0
INVALIDATIONS cycle=2807852122 reason=1 phase0=216918 phase1=59 phase2=0 phase3=0 phase4=0 phase5=2
INVALIDATIONS cycle=2807852122 reason=2 phase0=1 phase1=0 phase2=0 phase3=0 phase4=0 phase5=0
INVALIDATIONS cycle=2807852122 reason=3 phase0=0 phase1=0 phase2=0 phase3=0 phase4=0 phase5=0
INVALIDATIONS cycle=2807852122 reason=4 phase0=0 phase1=0 phase2=0 phase3=0 phase4=0 phase5=0
INVALIDATIONS cycle=2807852122 reason=5 phase0=0 phase1=0 phase2=0 phase3=0 phase4=0 phase5=0
ADAPTER cycle=2815385007 request_samples=1647391738 ack_samples=565857848 instruction_acks=236039290 data_acks=329818558 error_acks=0 fetched_bytes=799250376 dispatches=525000000 known_dispatches=323143830 ir_mismatch=8564181 signature_failures=0 secondary_skipped=435611 primary_mismatch_skipped=8564181 diagnostic_dropped=0 starts=0 stops=0 callbacks=0 returns=0 aborts=0 unmatched=0 prefix_aborts=172 prefix0=1 prefix1=173 prefix2=3 prefix3=3 prefix4=3 prefix5=2 invalidation0=211344 invalidation1=217627 invalidation2=1 invalidation3=0 invalidation4=0 invalidation5=0
INVALIDATIONS cycle=2815385007 reason=0 phase0=211233 phase1=111 phase2=0 phase3=0 phase4=0 phase5=0
INVALIDATIONS cycle=2815385007 reason=1 phase0=217566 phase1=59 phase2=0 phase3=0 phase4=0 phase5=2
INVALIDATIONS cycle=2815385007 reason=2 phase0=1 phase1=0 phase2=0 phase3=0 phase4=0 phase5=0
INVALIDATIONS cycle=2815385007 reason=3 phase0=0 phase1=0 phase2=0 phase3=0 phase4=0 phase5=0
INVALIDATIONS cycle=2815385007 reason=4 phase0=0 phase1=0 phase2=0 phase3=0 phase4=0 phase5=0
INVALIDATIONS cycle=2815385007 reason=5 phase0=0 phase1=0 phase2=0 phase3=0 phase4=0 phase5=0
ADAPTER cycle=2822922042 request_samples=1652887565 ack_samples=567281572 instruction_acks=236694113 data_acks=330587459 error_acks=0 fetched_bytes=801485766 dispatches=526000000 known_dispatches=323796281 ir_mismatch=8592888 signature_failures=0 secondary_skipped=436668 primary_mismatch_skipped=8592888 diagnostic_dropped=0 starts=0 stops=0 callbacks=0 returns=0 aborts=0 unmatched=0 prefix_aborts=172 prefix0=1 prefix1=173 prefix2=3 prefix3=3 prefix4=3 prefix5=2 invalidation0=211524 invalidation1=218272 invalidation2=1 invalidation3=0 invalidation4=0 invalidation5=0
INVALIDATIONS cycle=2822922042 reason=0 phase0=211413 phase1=111 phase2=0 phase3=0 phase4=0 phase5=0
INVALIDATIONS cycle=2822922042 reason=1 phase0=218211 phase1=59 phase2=0 phase3=0 phase4=0 phase5=2
INVALIDATIONS cycle=2822922042 reason=2 phase0=1 phase1=0 phase2=0 phase3=0 phase4=0 phase5=0
INVALIDATIONS cycle=2822922042 reason=3 phase0=0 phase1=0 phase2=0 phase3=0 phase4=0 phase5=0
INVALIDATIONS cycle=2822922042 reason=4 phase0=0 phase1=0 phase2=0 phase3=0 phase4=0 phase5=0
INVALIDATIONS cycle=2822922042 reason=5 phase0=0 phase1=0 phase2=0 phase3=0 phase4=0 phase5=0
ADAPTER cycle=2830456327 request_samples=1658380222 ack_samples=568705173 instruction_acks=237348956 data_acks=331356217 error_acks=0 fetched_bytes=803721210 dispatches=527000000 known_dispatches=324448963 ir_mismatch=8621601 signature_failures=0 secondary_skipped=437721 primary_mismatch_skipped=8621601 diagnostic_dropped=0 starts=0 stops=0 callbacks=0 returns=0 aborts=0 unmatched=0 prefix_aborts=172 prefix0=1 prefix1=173 prefix2=3 prefix3=3 prefix4=3 prefix5=2 invalidation0=211704 invalidation1=218920 invalidation2=1 invalidation3=0 invalidation4=0 invalidation5=0
INVALIDATIONS cycle=2830456327 reason=0 phase0=211593 phase1=111 phase2=0 phase3=0 phase4=0 phase5=0
INVALIDATIONS cycle=2830456327 reason=1 phase0=218859 phase1=59 phase2=0 phase3=0 phase4=0 phase5=2
INVALIDATIONS cycle=2830456327 reason=2 phase0=1 phase1=0 phase2=0 phase3=0 phase4=0 phase5=0
INVALIDATIONS cycle=2830456327 reason=3 phase0=0 phase1=0 phase2=0 phase3=0 phase4=0 phase5=0
INVALIDATIONS cycle=2830456327 reason=4 phase0=0 phase1=0 phase2=0 phase3=0 phase4=0 phase5=0
INVALIDATIONS cycle=2830456327 reason=5 phase0=0 phase1=0 phase2=0 phase3=0 phase4=0 phase5=0
ADAPTER cycle=2837982533 request_samples=1663866331 ack_samples=570125526 instruction_acks=238001787 data_acks=332123739 error_acks=0 fetched_bytes=805950418 dispatches=528000000 known_dispatches=325101051 ir_mismatch=8650059 signature_failures=0 secondary_skipped=438792 primary_mismatch_skipped=8650059 diagnostic_dropped=0 starts=0 stops=0 callbacks=0 returns=0 aborts=0 unmatched=0 prefix_aborts=172 prefix0=1 prefix1=173 prefix2=3 prefix3=3 prefix4=3 prefix5=2 invalidation0=211944 invalidation1=219574 invalidation2=1 invalidation3=0 invalidation4=0 invalidation5=0
INVALIDATIONS cycle=2837982533 reason=0 phase0=211833 phase1=111 phase2=0 phase3=0 phase4=0 phase5=0
INVALIDATIONS cycle=2837982533 reason=1 phase0=219513 phase1=59 phase2=0 phase3=0 phase4=0 phase5=2
INVALIDATIONS cycle=2837982533 reason=2 phase0=1 phase1=0 phase2=0 phase3=0 phase4=0 phase5=0
INVALIDATIONS cycle=2837982533 reason=3 phase0=0 phase1=0 phase2=0 phase3=0 phase4=0 phase5=0
INVALIDATIONS cycle=2837982533 reason=4 phase0=0 phase1=0 phase2=0 phase3=0 phase4=0 phase5=0
INVALIDATIONS cycle=2837982533 reason=5 phase0=0 phase1=0 phase2=0 phase3=0 phase4=0 phase5=0
ADAPTER cycle=2845517540 request_samples=1669359464 ack_samples=571549181 instruction_acks=238656666 data_acks=332892515 error_acks=0 fetched_bytes=808185976 dispatches=529000000 known_dispatches=325753522 ir_mismatch=8678770 signature_failures=0 secondary_skipped=439844 primary_mismatch_skipped=8678770 diagnostic_dropped=0 starts=0 stops=0 callbacks=0 returns=0 aborts=0 unmatched=0 prefix_aborts=172 prefix0=1 prefix1=173 prefix2=3 prefix3=3 prefix4=3 prefix5=2 invalidation0=212124 invalidation1=220222 invalidation2=1 invalidation3=0 invalidation4=0 invalidation5=0
INVALIDATIONS cycle=2845517540 reason=0 phase0=212013 phase1=111 phase2=0 phase3=0 phase4=0 phase5=0
INVALIDATIONS cycle=2845517540 reason=1 phase0=220161 phase1=59 phase2=0 phase3=0 phase4=0 phase5=2
INVALIDATIONS cycle=2845517540 reason=2 phase0=1 phase1=0 phase2=0 phase3=0 phase4=0 phase5=0
INVALIDATIONS cycle=2845517540 reason=3 phase0=0 phase1=0 phase2=0 phase3=0 phase4=0 phase5=0
INVALIDATIONS cycle=2845517540 reason=4 phase0=0 phase1=0 phase2=0 phase3=0 phase4=0 phase5=0
INVALIDATIONS cycle=2845517540 reason=5 phase0=0 phase1=0 phase2=0 phase3=0 phase4=0 phase5=0
ADAPTER cycle=2852770431 request_samples=1674602558 ack_samples=572926809 instruction_acks=239288436 data_acks=333638373 error_acks=0 fetched_bytes=810346252 dispatches=530000000 known_dispatches=326400489 ir_mismatch=8708782 signature_failures=0 secondary_skipped=440865 primary_mismatch_skipped=8708782 diagnostic_dropped=0 starts=0 stops=0 callbacks=0 returns=0 aborts=0 unmatched=0 prefix_aborts=172 prefix0=1 prefix1=173 prefix2=3 prefix3=3 prefix4=3 prefix5=2 invalidation0=212294 invalidation1=220875 invalidation2=1 invalidation3=0 invalidation4=0 invalidation5=0
INVALIDATIONS cycle=2852770431 reason=0 phase0=212183 phase1=111 phase2=0 phase3=0 phase4=0 phase5=0
INVALIDATIONS cycle=2852770431 reason=1 phase0=220814 phase1=59 phase2=0 phase3=0 phase4=0 phase5=2
INVALIDATIONS cycle=2852770431 reason=2 phase0=1 phase1=0 phase2=0 phase3=0 phase4=0 phase5=0
INVALIDATIONS cycle=2852770431 reason=3 phase0=0 phase1=0 phase2=0 phase3=0 phase4=0 phase5=0
INVALIDATIONS cycle=2852770431 reason=4 phase0=0 phase1=0 phase2=0 phase3=0 phase4=0 phase5=0
INVALIDATIONS cycle=2852770431 reason=5 phase0=0 phase1=0 phase2=0 phase3=0 phase4=0 phase5=0
ADAPTER cycle=2860306470 request_samples=1680096808 ack_samples=574350450 instruction_acks=239943278 data_acks=334407172 error_acks=0 fetched_bytes=812581744 dispatches=531000000 known_dispatches=327052861 ir_mismatch=8737485 signature_failures=0 secondary_skipped=441924 primary_mismatch_skipped=8737485 diagnostic_dropped=0 starts=0 stops=0 callbacks=0 returns=0 aborts=0 unmatched=0 prefix_aborts=172 prefix0=1 prefix1=173 prefix2=3 prefix3=3 prefix4=3 prefix5=2 invalidation0=212474 invalidation1=221523 invalidation2=1 invalidation3=0 invalidation4=0 invalidation5=0
INVALIDATIONS cycle=2860306470 reason=0 phase0=212363 phase1=111 phase2=0 phase3=0 phase4=0 phase5=0
INVALIDATIONS cycle=2860306470 reason=1 phase0=221462 phase1=59 phase2=0 phase3=0 phase4=0 phase5=2
INVALIDATIONS cycle=2860306470 reason=2 phase0=1 phase1=0 phase2=0 phase3=0 phase4=0 phase5=0
INVALIDATIONS cycle=2860306470 reason=3 phase0=0 phase1=0 phase2=0 phase3=0 phase4=0 phase5=0
INVALIDATIONS cycle=2860306470 reason=4 phase0=0 phase1=0 phase2=0 phase3=0 phase4=0 phase5=0
INVALIDATIONS cycle=2860306470 reason=5 phase0=0 phase1=0 phase2=0 phase3=0 phase4=0 phase5=0
ADAPTER cycle=2867829595 request_samples=1685579937 ack_samples=575770863 instruction_acks=240596063 data_acks=335174800 error_acks=0 fetched_bytes=814810798 dispatches=532000000 known_dispatches=327705007 ir_mismatch=8765952 signature_failures=0 secondary_skipped=442988 primary_mismatch_skipped=8765952 diagnostic_dropped=0 starts=0 stops=0 callbacks=0 returns=0 aborts=0 unmatched=0 prefix_aborts=172 prefix0=1 prefix1=173 prefix2=3 prefix3=3 prefix4=3 prefix5=2 invalidation0=212674 invalidation1=222169 invalidation2=1 invalidation3=0 invalidation4=0 invalidation5=0
INVALIDATIONS cycle=2867829595 reason=0 phase0=212563 phase1=111 phase2=0 phase3=0 phase4=0 phase5=0
INVALIDATIONS cycle=2867829595 reason=1 phase0=222108 phase1=59 phase2=0 phase3=0 phase4=0 phase5=2
INVALIDATIONS cycle=2867829595 reason=2 phase0=1 phase1=0 phase2=0 phase3=0 phase4=0 phase5=0
INVALIDATIONS cycle=2867829595 reason=3 phase0=0 phase1=0 phase2=0 phase3=0 phase4=0 phase5=0
INVALIDATIONS cycle=2867829595 reason=4 phase0=0 phase1=0 phase2=0 phase3=0 phase4=0 phase5=0
INVALIDATIONS cycle=2867829595 reason=5 phase0=0 phase1=0 phase2=0 phase3=0 phase4=0 phase5=0
ADAPTER cycle=2875365722 request_samples=1691074575 ack_samples=577194451 instruction_acks=241250662 data_acks=335943789 error_acks=0 fetched_bytes=817045966 dispatches=533000000 known_dispatches=328357027 ir_mismatch=8794560 signature_failures=0 secondary_skipped=444044 primary_mismatch_skipped=8794560 diagnostic_dropped=0 starts=0 stops=0 callbacks=0 returns=0 aborts=0 unmatched=0 prefix_aborts=172 prefix0=1 prefix1=173 prefix2=3 prefix3=3 prefix4=3 prefix5=2 invalidation0=212854 invalidation1=222814 invalidation2=1 invalidation3=0 invalidation4=0 invalidation5=0
INVALIDATIONS cycle=2875365722 reason=0 phase0=212743 phase1=111 phase2=0 phase3=0 phase4=0 phase5=0
INVALIDATIONS cycle=2875365722 reason=1 phase0=222753 phase1=59 phase2=0 phase3=0 phase4=0 phase5=2
INVALIDATIONS cycle=2875365722 reason=2 phase0=1 phase1=0 phase2=0 phase3=0 phase4=0 phase5=0
INVALIDATIONS cycle=2875365722 reason=3 phase0=0 phase1=0 phase2=0 phase3=0 phase4=0 phase5=0
INVALIDATIONS cycle=2875365722 reason=4 phase0=0 phase1=0 phase2=0 phase3=0 phase4=0 phase5=0
INVALIDATIONS cycle=2875365722 reason=5 phase0=0 phase1=0 phase2=0 phase3=0 phase4=0 phase5=0
ADAPTER cycle=2882900718 request_samples=1696568042 ack_samples=578618024 instruction_acks=241905498 data_acks=336712526 error_acks=0 fetched_bytes=819281386 dispatches=534000000 known_dispatches=329009582 ir_mismatch=8823273 signature_failures=0 secondary_skipped=445097 primary_mismatch_skipped=8823273 diagnostic_dropped=0 starts=0 stops=0 callbacks=0 returns=0 aborts=0 unmatched=0 prefix_aborts=172 prefix0=1 prefix1=173 prefix2=3 prefix3=3 prefix4=3 prefix5=2 invalidation0=213034 invalidation1=223462 invalidation2=1 invalidation3=0 invalidation4=0 invalidation5=0
INVALIDATIONS cycle=2882900718 reason=0 phase0=212923 phase1=111 phase2=0 phase3=0 phase4=0 phase5=0
INVALIDATIONS cycle=2882900718 reason=1 phase0=223401 phase1=59 phase2=0 phase3=0 phase4=0 phase5=2
INVALIDATIONS cycle=2882900718 reason=2 phase0=1 phase1=0 phase2=0 phase3=0 phase4=0 phase5=0
INVALIDATIONS cycle=2882900718 reason=3 phase0=0 phase1=0 phase2=0 phase3=0 phase4=0 phase5=0
INVALIDATIONS cycle=2882900718 reason=4 phase0=0 phase1=0 phase2=0 phase3=0 phase4=0 phase5=0
INVALIDATIONS cycle=2882900718 reason=5 phase0=0 phase1=0 phase2=0 phase3=0 phase4=0 phase5=0
ADAPTER cycle=2890434509 request_samples=1702059935 ack_samples=580041590 instruction_acks=242560292 data_acks=337481298 error_acks=0 fetched_bytes=821516670 dispatches=535000000 known_dispatches=329662132 ir_mismatch=8851975 signature_failures=0 secondary_skipped=446156 primary_mismatch_skipped=8851975 diagnostic_dropped=0 starts=0 stops=0 callbacks=0 returns=0 aborts=0 unmatched=0 prefix_aborts=172 prefix0=1 prefix1=173 prefix2=3 prefix3=3 prefix4=3 prefix5=2 invalidation0=213214 invalidation1=224110 invalidation2=1 invalidation3=0 invalidation4=0 invalidation5=0
INVALIDATIONS cycle=2890434509 reason=0 phase0=213103 phase1=111 phase2=0 phase3=0 phase4=0 phase5=0
INVALIDATIONS cycle=2890434509 reason=1 phase0=224049 phase1=59 phase2=0 phase3=0 phase4=0 phase5=2
INVALIDATIONS cycle=2890434509 reason=2 phase0=1 phase1=0 phase2=0 phase3=0 phase4=0 phase5=0
INVALIDATIONS cycle=2890434509 reason=3 phase0=0 phase1=0 phase2=0 phase3=0 phase4=0 phase5=0
INVALIDATIONS cycle=2890434509 reason=4 phase0=0 phase1=0 phase2=0 phase3=0 phase4=0 phase5=0
INVALIDATIONS cycle=2890434509 reason=5 phase0=0 phase1=0 phase2=0 phase3=0 phase4=0 phase5=0
ADAPTER cycle=2897959772 request_samples=1707545070 ack_samples=581462746 instruction_acks=243213396 data_acks=338249350 error_acks=0 fetched_bytes=823746722 dispatches=536000000 known_dispatches=330314242 ir_mismatch=8880443 signature_failures=0 secondary_skipped=447221 primary_mismatch_skipped=8880443 diagnostic_dropped=0 starts=0 stops=0 callbacks=0 returns=0 aborts=0 unmatched=0 prefix_aborts=172 prefix0=1 prefix1=173 prefix2=3 prefix3=3 prefix4=3 prefix5=2 invalidation0=213404 invalidation1=224754 invalidation2=1 invalidation3=0 invalidation4=0 invalidation5=0
INVALIDATIONS cycle=2897959772 reason=0 phase0=213293 phase1=111 phase2=0 phase3=0 phase4=0 phase5=0
INVALIDATIONS cycle=2897959772 reason=1 phase0=224693 phase1=59 phase2=0 phase3=0 phase4=0 phase5=2
INVALIDATIONS cycle=2897959772 reason=2 phase0=1 phase1=0 phase2=0 phase3=0 phase4=0 phase5=0
INVALIDATIONS cycle=2897959772 reason=3 phase0=0 phase1=0 phase2=0 phase3=0 phase4=0 phase5=0
INVALIDATIONS cycle=2897959772 reason=4 phase0=0 phase1=0 phase2=0 phase3=0 phase4=0 phase5=0
INVALIDATIONS cycle=2897959772 reason=5 phase0=0 phase1=0 phase2=0 phase3=0 phase4=0 phase5=0
ADAPTER cycle=2905491757 request_samples=1713035483 ack_samples=582885755 instruction_acks=243867996 data_acks=339017759 error_acks=0 fetched_bytes=825981358 dispatches=537000000 known_dispatches=330967103 ir_mismatch=8909153 signature_failures=0 secondary_skipped=448278 primary_mismatch_skipped=8909153 diagnostic_dropped=0 starts=0 stops=0 callbacks=0 returns=0 aborts=0 unmatched=0 prefix_aborts=172 prefix0=1 prefix1=173 prefix2=3 prefix3=3 prefix4=3 prefix5=2 invalidation0=213584 invalidation1=225402 invalidation2=1 invalidation3=0 invalidation4=0 invalidation5=0
INVALIDATIONS cycle=2905491757 reason=0 phase0=213473 phase1=111 phase2=0 phase3=0 phase4=0 phase5=0
INVALIDATIONS cycle=2905491757 reason=1 phase0=225341 phase1=59 phase2=0 phase3=0 phase4=0 phase5=2
INVALIDATIONS cycle=2905491757 reason=2 phase0=1 phase1=0 phase2=0 phase3=0 phase4=0 phase5=0
INVALIDATIONS cycle=2905491757 reason=3 phase0=0 phase1=0 phase2=0 phase3=0 phase4=0 phase5=0
INVALIDATIONS cycle=2905491757 reason=4 phase0=0 phase1=0 phase2=0 phase3=0 phase4=0 phase5=0
INVALIDATIONS cycle=2905491757 reason=5 phase0=0 phase1=0 phase2=0 phase3=0 phase4=0 phase5=0
ADAPTER cycle=2913025405 request_samples=1718527524 ack_samples=584309254 instruction_acks=244522798 data_acks=339786456 error_acks=0 fetched_bytes=828216710 dispatches=538000000 known_dispatches=331619561 ir_mismatch=8937859 signature_failures=0 secondary_skipped=449331 primary_mismatch_skipped=8937859 diagnostic_dropped=0 starts=0 stops=0 callbacks=0 returns=0 aborts=0 unmatched=0 prefix_aborts=172 prefix0=1 prefix1=173 prefix2=3 prefix3=3 prefix4=3 prefix5=2 invalidation0=213764 invalidation1=226050 invalidation2=1 invalidation3=0 invalidation4=0 invalidation5=0
INVALIDATIONS cycle=2913025405 reason=0 phase0=213653 phase1=111 phase2=0 phase3=0 phase4=0 phase5=0
INVALIDATIONS cycle=2913025405 reason=1 phase0=225989 phase1=59 phase2=0 phase3=0 phase4=0 phase5=2
INVALIDATIONS cycle=2913025405 reason=2 phase0=1 phase1=0 phase2=0 phase3=0 phase4=0 phase5=0
INVALIDATIONS cycle=2913025405 reason=3 phase0=0 phase1=0 phase2=0 phase3=0 phase4=0 phase5=0
INVALIDATIONS cycle=2913025405 reason=4 phase0=0 phase1=0 phase2=0 phase3=0 phase4=0 phase5=0
INVALIDATIONS cycle=2913025405 reason=5 phase0=0 phase1=0 phase2=0 phase3=0 phase4=0 phase5=0
ADAPTER cycle=2920562866 request_samples=1724023102 ack_samples=585733054 instruction_acks=245177654 data_acks=340555400 error_acks=0 fetched_bytes=830452254 dispatches=539000000 known_dispatches=332272146 ir_mismatch=8966524 signature_failures=0 secondary_skipped=450390 primary_mismatch_skipped=8966524 diagnostic_dropped=0 starts=0 stops=0 callbacks=0 returns=0 aborts=0 unmatched=0 prefix_aborts=172 prefix0=1 prefix1=173 prefix2=3 prefix3=3 prefix4=3 prefix5=2 invalidation0=213944 invalidation1=226698 invalidation2=1 invalidation3=0 invalidation4=0 invalidation5=0
INVALIDATIONS cycle=2920562866 reason=0 phase0=213833 phase1=111 phase2=0 phase3=0 phase4=0 phase5=0
INVALIDATIONS cycle=2920562866 reason=1 phase0=226637 phase1=59 phase2=0 phase3=0 phase4=0 phase5=2
INVALIDATIONS cycle=2920562866 reason=2 phase0=1 phase1=0 phase2=0 phase3=0 phase4=0 phase5=0
INVALIDATIONS cycle=2920562866 reason=3 phase0=0 phase1=0 phase2=0 phase3=0 phase4=0 phase5=0
INVALIDATIONS cycle=2920562866 reason=4 phase0=0 phase1=0 phase2=0 phase3=0 phase4=0 phase5=0
INVALIDATIONS cycle=2920562866 reason=5 phase0=0 phase1=0 phase2=0 phase3=0 phase4=0 phase5=0
ADAPTER cycle=2928098038 request_samples=1729516106 ack_samples=587156852 instruction_acks=245832454 data_acks=341324398 error_acks=0 fetched_bytes=832687534 dispatches=540000000 known_dispatches=332924461 ir_mismatch=8995162 signature_failures=0 secondary_skipped=451448 primary_mismatch_skipped=8995162 diagnostic_dropped=0 starts=0 stops=0 callbacks=0 returns=0 aborts=0 unmatched=0 prefix_aborts=172 prefix0=1 prefix1=173 prefix2=3 prefix3=3 prefix4=3 prefix5=2 invalidation0=214124 invalidation1=227346 invalidation2=1 invalidation3=0 invalidation4=0 invalidation5=0
INVALIDATIONS cycle=2928098038 reason=0 phase0=214013 phase1=111 phase2=0 phase3=0 phase4=0 phase5=0
INVALIDATIONS cycle=2928098038 reason=1 phase0=227285 phase1=59 phase2=0 phase3=0 phase4=0 phase5=2
INVALIDATIONS cycle=2928098038 reason=2 phase0=1 phase1=0 phase2=0 phase3=0 phase4=0 phase5=0
INVALIDATIONS cycle=2928098038 reason=3 phase0=0 phase1=0 phase2=0 phase3=0 phase4=0 phase5=0
INVALIDATIONS cycle=2928098038 reason=4 phase0=0 phase1=0 phase2=0 phase3=0 phase4=0 phase5=0
INVALIDATIONS cycle=2928098038 reason=5 phase0=0 phase1=0 phase2=0 phase3=0 phase4=0 phase5=0
ADAPTER cycle=2935621214 request_samples=1734999556 ack_samples=588577129 instruction_acks=246485378 data_acks=342091751 error_acks=0 fetched_bytes=834916944 dispatches=541000000 known_dispatches=333576834 ir_mismatch=9023733 signature_failures=0 secondary_skipped=452513 primary_mismatch_skipped=9023733 diagnostic_dropped=0 starts=0 stops=0 callbacks=0 returns=0 aborts=0 unmatched=0 prefix_aborts=172 prefix0=1 prefix1=173 prefix2=3 prefix3=3 prefix4=3 prefix5=2 invalidation0=214324 invalidation1=227992 invalidation2=1 invalidation3=0 invalidation4=0 invalidation5=0
INVALIDATIONS cycle=2935621214 reason=0 phase0=214213 phase1=111 phase2=0 phase3=0 phase4=0 phase5=0
INVALIDATIONS cycle=2935621214 reason=1 phase0=227931 phase1=59 phase2=0 phase3=0 phase4=0 phase5=2
INVALIDATIONS cycle=2935621214 reason=2 phase0=1 phase1=0 phase2=0 phase3=0 phase4=0 phase5=0
INVALIDATIONS cycle=2935621214 reason=3 phase0=0 phase1=0 phase2=0 phase3=0 phase4=0 phase5=0
INVALIDATIONS cycle=2935621214 reason=4 phase0=0 phase1=0 phase2=0 phase3=0 phase4=0 phase5=0
INVALIDATIONS cycle=2935621214 reason=5 phase0=0 phase1=0 phase2=0 phase3=0 phase4=0 phase5=0
ADAPTER cycle=2943155681 request_samples=1740492324 ack_samples=590000549 instruction_acks=247139865 data_acks=342860684 error_acks=0 fetched_bytes=837151760 dispatches=542000000 known_dispatches=334228983 ir_mismatch=9052354 signature_failures=0 secondary_skipped=453570 primary_mismatch_skipped=9052354 diagnostic_dropped=0 starts=0 stops=0 callbacks=0 returns=0 aborts=0 unmatched=0 prefix_aborts=172 prefix0=1 prefix1=173 prefix2=3 prefix3=3 prefix4=3 prefix5=2 invalidation0=214504 invalidation1=228637 invalidation2=1 invalidation3=0 invalidation4=0 invalidation5=0
INVALIDATIONS cycle=2943155681 reason=0 phase0=214393 phase1=111 phase2=0 phase3=0 phase4=0 phase5=0
INVALIDATIONS cycle=2943155681 reason=1 phase0=228576 phase1=59 phase2=0 phase3=0 phase4=0 phase5=2
INVALIDATIONS cycle=2943155681 reason=2 phase0=1 phase1=0 phase2=0 phase3=0 phase4=0 phase5=0
INVALIDATIONS cycle=2943155681 reason=3 phase0=0 phase1=0 phase2=0 phase3=0 phase4=0 phase5=0
INVALIDATIONS cycle=2943155681 reason=4 phase0=0 phase1=0 phase2=0 phase3=0 phase4=0 phase5=0
INVALIDATIONS cycle=2943155681 reason=5 phase0=0 phase1=0 phase2=0 phase3=0 phase4=0 phase5=0
ADAPTER cycle=2950692047 request_samples=1745987344 ack_samples=591424181 instruction_acks=247794719 data_acks=343629462 error_acks=0 fetched_bytes=839387296 dispatches=543000000 known_dispatches=334881543 ir_mismatch=9081055 signature_failures=0 secondary_skipped=454623 primary_mismatch_skipped=9081055 diagnostic_dropped=0 starts=0 stops=0 callbacks=0 returns=0 aborts=0 unmatched=0 prefix_aborts=172 prefix0=1 prefix1=173 prefix2=3 prefix3=3 prefix4=3 prefix5=2 invalidation0=214684 invalidation1=229285 invalidation2=1 invalidation3=0 invalidation4=0 invalidation5=0
INVALIDATIONS cycle=2950692047 reason=0 phase0=214573 phase1=111 phase2=0 phase3=0 phase4=0 phase5=0
INVALIDATIONS cycle=2950692047 reason=1 phase0=229224 phase1=59 phase2=0 phase3=0 phase4=0 phase5=2
INVALIDATIONS cycle=2950692047 reason=2 phase0=1 phase1=0 phase2=0 phase3=0 phase4=0 phase5=0
INVALIDATIONS cycle=2950692047 reason=3 phase0=0 phase1=0 phase2=0 phase3=0 phase4=0 phase5=0
INVALIDATIONS cycle=2950692047 reason=4 phase0=0 phase1=0 phase2=0 phase3=0 phase4=0 phase5=0
INVALIDATIONS cycle=2950692047 reason=5 phase0=0 phase1=0 phase2=0 phase3=0 phase4=0 phase5=0
ADAPTER cycle=2958228478 request_samples=1751481553 ack_samples=592848110 instruction_acks=248449584 data_acks=344398526 error_acks=0 fetched_bytes=841622774 dispatches=544000000 known_dispatches=335533907 ir_mismatch=9109663 signature_failures=0 secondary_skipped=455680 primary_mismatch_skipped=9109663 diagnostic_dropped=0 starts=0 stops=0 callbacks=0 returns=0 aborts=0 unmatched=0 prefix_aborts=172 prefix0=1 prefix1=173 prefix2=3 prefix3=3 prefix4=3 prefix5=2 invalidation0=214864 invalidation1=229933 invalidation2=1 invalidation3=0 invalidation4=0 invalidation5=0
INVALIDATIONS cycle=2958228478 reason=0 phase0=214753 phase1=111 phase2=0 phase3=0 phase4=0 phase5=0
INVALIDATIONS cycle=2958228478 reason=1 phase0=229872 phase1=59 phase2=0 phase3=0 phase4=0 phase5=2
INVALIDATIONS cycle=2958228478 reason=2 phase0=1 phase1=0 phase2=0 phase3=0 phase4=0 phase5=0
INVALIDATIONS cycle=2958228478 reason=3 phase0=0 phase1=0 phase2=0 phase3=0 phase4=0 phase5=0
INVALIDATIONS cycle=2958228478 reason=4 phase0=0 phase1=0 phase2=0 phase3=0 phase4=0 phase5=0
INVALIDATIONS cycle=2958228478 reason=5 phase0=0 phase1=0 phase2=0 phase3=0 phase4=0 phase5=0
ADAPTER cycle=2965750141 request_samples=1756963236 ack_samples=594268299 instruction_acks=249102419 data_acks=345165880 error_acks=0 fetched_bytes=843851904 dispatches=545000000 known_dispatches=336186310 ir_mismatch=9138235 signature_failures=0 secondary_skipped=456746 primary_mismatch_skipped=9138235 diagnostic_dropped=0 starts=0 stops=0 callbacks=0 returns=0 aborts=0 unmatched=0 prefix_aborts=172 prefix0=1 prefix1=173 prefix2=3 prefix3=3 prefix4=3 prefix5=2 invalidation0=215064 invalidation1=230579 invalidation2=1 invalidation3=0 invalidation4=0 invalidation5=0
INVALIDATIONS cycle=2965750141 reason=0 phase0=214953 phase1=111 phase2=0 phase3=0 phase4=0 phase5=0
INVALIDATIONS cycle=2965750141 reason=1 phase0=230518 phase1=59 phase2=0 phase3=0 phase4=0 phase5=2
INVALIDATIONS cycle=2965750141 reason=2 phase0=1 phase1=0 phase2=0 phase3=0 phase4=0 phase5=0
INVALIDATIONS cycle=2965750141 reason=3 phase0=0 phase1=0 phase2=0 phase3=0 phase4=0 phase5=0
INVALIDATIONS cycle=2965750141 reason=4 phase0=0 phase1=0 phase2=0 phase3=0 phase4=0 phase5=0
INVALIDATIONS cycle=2965750141 reason=5 phase0=0 phase1=0 phase2=0 phase3=0 phase4=0 phase5=0
ADAPTER cycle=2973289449 request_samples=1762460604 ack_samples=595692162 instruction_acks=249757265 data_acks=345934897 error_acks=0 fetched_bytes=846087466 dispatches=546000000 known_dispatches=336838765 ir_mismatch=9166852 signature_failures=0 secondary_skipped=457804 primary_mismatch_skipped=9166852 diagnostic_dropped=0 starts=0 stops=0 callbacks=0 returns=0 aborts=0 unmatched=0 prefix_aborts=172 prefix0=1 prefix1=173 prefix2=3 prefix3=3 prefix4=3 prefix5=2 invalidation0=215244 invalidation1=231227 invalidation2=1 invalidation3=0 invalidation4=0 invalidation5=0
INVALIDATIONS cycle=2973289449 reason=0 phase0=215133 phase1=111 phase2=0 phase3=0 phase4=0 phase5=0
INVALIDATIONS cycle=2973289449 reason=1 phase0=231166 phase1=59 phase2=0 phase3=0 phase4=0 phase5=2
INVALIDATIONS cycle=2973289449 reason=2 phase0=1 phase1=0 phase2=0 phase3=0 phase4=0 phase5=0
INVALIDATIONS cycle=2973289449 reason=3 phase0=0 phase1=0 phase2=0 phase3=0 phase4=0 phase5=0
INVALIDATIONS cycle=2973289449 reason=4 phase0=0 phase1=0 phase2=0 phase3=0 phase4=0 phase5=0
INVALIDATIONS cycle=2973289449 reason=5 phase0=0 phase1=0 phase2=0 phase3=0 phase4=0 phase5=0
ADAPTER cycle=2980820499 request_samples=1767949925 ack_samples=597115739 instruction_acks=250412049 data_acks=346703690 error_acks=0 fetched_bytes=848322666 dispatches=547000000 known_dispatches=337491289 ir_mismatch=9195549 signature_failures=0 secondary_skipped=458857 primary_mismatch_skipped=9195549 diagnostic_dropped=0 starts=0 stops=0 callbacks=0 returns=0 aborts=0 unmatched=0 prefix_aborts=172 prefix0=1 prefix1=173 prefix2=3 prefix3=3 prefix4=3 prefix5=2 invalidation0=215424 invalidation1=231875 invalidation2=1 invalidation3=0 invalidation4=0 invalidation5=0
INVALIDATIONS cycle=2980820499 reason=0 phase0=215313 phase1=111 phase2=0 phase3=0 phase4=0 phase5=0
INVALIDATIONS cycle=2980820499 reason=1 phase0=231814 phase1=59 phase2=0 phase3=0 phase4=0 phase5=2
INVALIDATIONS cycle=2980820499 reason=2 phase0=1 phase1=0 phase2=0 phase3=0 phase4=0 phase5=0
INVALIDATIONS cycle=2980820499 reason=3 phase0=0 phase1=0 phase2=0 phase3=0 phase4=0 phase5=0
INVALIDATIONS cycle=2980820499 reason=4 phase0=0 phase1=0 phase2=0 phase3=0 phase4=0 phase5=0
INVALIDATIONS cycle=2980820499 reason=5 phase0=0 phase1=0 phase2=0 phase3=0 phase4=0 phase5=0
ADAPTER cycle=2988355710 request_samples=1773443846 ack_samples=598539494 instruction_acks=251066905 data_acks=347472589 error_acks=0 fetched_bytes=850558206 dispatches=548000000 known_dispatches=338143775 ir_mismatch=9224251 signature_failures=0 secondary_skipped=459913 primary_mismatch_skipped=9224251 diagnostic_dropped=0 starts=0 stops=0 callbacks=0 returns=0 aborts=0 unmatched=0 prefix_aborts=172 prefix0=1 prefix1=173 prefix2=3 prefix3=3 prefix4=3 prefix5=2 invalidation0=215604 invalidation1=232520 invalidation2=1 invalidation3=0 invalidation4=0 invalidation5=0
INVALIDATIONS cycle=2988355710 reason=0 phase0=215493 phase1=111 phase2=0 phase3=0 phase4=0 phase5=0
INVALIDATIONS cycle=2988355710 reason=1 phase0=232459 phase1=59 phase2=0 phase3=0 phase4=0 phase5=2
INVALIDATIONS cycle=2988355710 reason=2 phase0=1 phase1=0 phase2=0 phase3=0 phase4=0 phase5=0
INVALIDATIONS cycle=2988355710 reason=3 phase0=0 phase1=0 phase2=0 phase3=0 phase4=0 phase5=0
INVALIDATIONS cycle=2988355710 reason=4 phase0=0 phase1=0 phase2=0 phase3=0 phase4=0 phase5=0
INVALIDATIONS cycle=2988355710 reason=5 phase0=0 phase1=0 phase2=0 phase3=0 phase4=0 phase5=0
ADAPTER cycle=2995881053 request_samples=1778929030 ack_samples=599960324 instruction_acks=251720080 data_acks=348240244 error_acks=0 fetched_bytes=852788498 dispatches=549000000 known_dispatches=338796134 ir_mismatch=9252827 signature_failures=0 secondary_skipped=460981 primary_mismatch_skipped=9252827 diagnostic_dropped=0 starts=0 stops=0 callbacks=0 returns=0 aborts=0 unmatched=0 prefix_aborts=172 prefix0=1 prefix1=173 prefix2=3 prefix3=3 prefix4=3 prefix5=2 invalidation0=215804 invalidation1=233169 invalidation2=1 invalidation3=0 invalidation4=0 invalidation5=0
INVALIDATIONS cycle=2995881053 reason=0 phase0=215693 phase1=111 phase2=0 phase3=0 phase4=0 phase5=0
INVALIDATIONS cycle=2995881053 reason=1 phase0=233108 phase1=59 phase2=0 phase3=0 phase4=0 phase5=2
INVALIDATIONS cycle=2995881053 reason=2 phase0=1 phase1=0 phase2=0 phase3=0 phase4=0 phase5=0
INVALIDATIONS cycle=2995881053 reason=3 phase0=0 phase1=0 phase2=0 phase3=0 phase4=0 phase5=0
INVALIDATIONS cycle=2995881053 reason=4 phase0=0 phase1=0 phase2=0 phase3=0 phase4=0 phase5=0
INVALIDATIONS cycle=2995881053 reason=5 phase0=0 phase1=0 phase2=0 phase3=0 phase4=0 phase5=0
ADAPTER cycle=3003417034 request_samples=1784423515 ack_samples=601383310 instruction_acks=252374340 data_acks=349008970 error_acks=0 fetched_bytes=855022618 dispatches=550000000 known_dispatches=339448475 ir_mismatch=9281379 signature_failures=0 secondary_skipped=462038 primary_mismatch_skipped=9281379 diagnostic_dropped=0 starts=0 stops=0 callbacks=0 returns=0 aborts=0 unmatched=0 prefix_aborts=172 prefix0=1 prefix1=173 prefix2=3 prefix3=3 prefix4=3 prefix5=2 invalidation0=215984 invalidation1=233814 invalidation2=1 invalidation3=0 invalidation4=0 invalidation5=0
INVALIDATIONS cycle=3003417034 reason=0 phase0=215873 phase1=111 phase2=0 phase3=0 phase4=0 phase5=0
INVALIDATIONS cycle=3003417034 reason=1 phase0=233753 phase1=59 phase2=0 phase3=0 phase4=0 phase5=2
INVALIDATIONS cycle=3003417034 reason=2 phase0=1 phase1=0 phase2=0 phase3=0 phase4=0 phase5=0
INVALIDATIONS cycle=3003417034 reason=3 phase0=0 phase1=0 phase2=0 phase3=0 phase4=0 phase5=0
INVALIDATIONS cycle=3003417034 reason=4 phase0=0 phase1=0 phase2=0 phase3=0 phase4=0 phase5=0
INVALIDATIONS cycle=3003417034 reason=5 phase0=0 phase1=0 phase2=0 phase3=0 phase4=0 phase5=0
ADAPTER cycle=3010950267 request_samples=1789914969 ack_samples=602806941 instruction_acks=253029117 data_acks=349777824 error_acks=0 fetched_bytes=857257854 dispatches=551000000 known_dispatches=340100872 ir_mismatch=9310054 signature_failures=0 secondary_skipped=463090 primary_mismatch_skipped=9310054 diagnostic_dropped=0 starts=0 stops=0 callbacks=0 returns=0 aborts=0 unmatched=0 prefix_aborts=172 prefix0=1 prefix1=173 prefix2=3 prefix3=3 prefix4=3 prefix5=2 invalidation0=216164 invalidation1=234462 invalidation2=1 invalidation3=0 invalidation4=0 invalidation5=0
INVALIDATIONS cycle=3010950267 reason=0 phase0=216053 phase1=111 phase2=0 phase3=0 phase4=0 phase5=0
INVALIDATIONS cycle=3010950267 reason=1 phase0=234401 phase1=59 phase2=0 phase3=0 phase4=0 phase5=2
INVALIDATIONS cycle=3010950267 reason=2 phase0=1 phase1=0 phase2=0 phase3=0 phase4=0 phase5=0
INVALIDATIONS cycle=3010950267 reason=3 phase0=0 phase1=0 phase2=0 phase3=0 phase4=0 phase5=0
INVALIDATIONS cycle=3010950267 reason=4 phase0=0 phase1=0 phase2=0 phase3=0 phase4=0 phase5=0
INVALIDATIONS cycle=3010950267 reason=5 phase0=0 phase1=0 phase2=0 phase3=0 phase4=0 phase5=0
ADAPTER cycle=3018218314 request_samples=1795171489 ack_samples=604186863 instruction_acks=253663031 data_acks=350523832 error_acks=0 fetched_bytes=859424476 dispatches=552000000 known_dispatches=340741431 ir_mismatch=9340448 signature_failures=0 secondary_skipped=464106 primary_mismatch_skipped=9340448 diagnostic_dropped=0 starts=0 stops=0 callbacks=0 returns=0 aborts=0 unmatched=0 prefix_aborts=172 prefix0=1 prefix1=173 prefix2=3 prefix3=3 prefix4=3 prefix5=2 invalidation0=216334 invalidation1=235112 invalidation2=1 invalidation3=0 invalidation4=0 invalidation5=0
INVALIDATIONS cycle=3018218314 reason=0 phase0=216223 phase1=111 phase2=0 phase3=0 phase4=0 phase5=0
INVALIDATIONS cycle=3018218314 reason=1 phase0=235051 phase1=59 phase2=0 phase3=0 phase4=0 phase5=2
INVALIDATIONS cycle=3018218314 reason=2 phase0=1 phase1=0 phase2=0 phase3=0 phase4=0 phase5=0
INVALIDATIONS cycle=3018218314 reason=3 phase0=0 phase1=0 phase2=0 phase3=0 phase4=0 phase5=0
INVALIDATIONS cycle=3018218314 reason=4 phase0=0 phase1=0 phase2=0 phase3=0 phase4=0 phase5=0
INVALIDATIONS cycle=3018218314 reason=5 phase0=0 phase1=0 phase2=0 phase3=0 phase4=0 phase5=0
ADAPTER cycle=3025755029 request_samples=1800666400 ack_samples=605610505 instruction_acks=254317872 data_acks=351292633 error_acks=0 fetched_bytes=861659936 dispatches=553000000 known_dispatches=341393897 ir_mismatch=9369152 signature_failures=0 secondary_skipped=465165 primary_mismatch_skipped=9369152 diagnostic_dropped=0 starts=0 stops=0 callbacks=0 returns=0 aborts=0 unmatched=0 prefix_aborts=172 prefix0=1 prefix1=173 prefix2=3 prefix3=3 prefix4=3 prefix5=2 invalidation0=216514 invalidation1=235760 invalidation2=1 invalidation3=0 invalidation4=0 invalidation5=0
INVALIDATIONS cycle=3025755029 reason=0 phase0=216403 phase1=111 phase2=0 phase3=0 phase4=0 phase5=0
INVALIDATIONS cycle=3025755029 reason=1 phase0=235699 phase1=59 phase2=0 phase3=0 phase4=0 phase5=2
INVALIDATIONS cycle=3025755029 reason=2 phase0=1 phase1=0 phase2=0 phase3=0 phase4=0 phase5=0
INVALIDATIONS cycle=3025755029 reason=3 phase0=0 phase1=0 phase2=0 phase3=0 phase4=0 phase5=0
INVALIDATIONS cycle=3025755029 reason=4 phase0=0 phase1=0 phase2=0 phase3=0 phase4=0 phase5=0
INVALIDATIONS cycle=3025755029 reason=5 phase0=0 phase1=0 phase2=0 phase3=0 phase4=0 phase5=0
ADAPTER cycle=3033277305 request_samples=1806148795 ack_samples=607030871 instruction_acks=254970682 data_acks=352060189 error_acks=0 fetched_bytes=863889048 dispatches=554000000 known_dispatches=342046167 ir_mismatch=9397620 signature_failures=0 secondary_skipped=466230 primary_mismatch_skipped=9397620 diagnostic_dropped=0 starts=0 stops=0 callbacks=0 returns=0 aborts=0 unmatched=0 prefix_aborts=172 prefix0=1 prefix1=173 prefix2=3 prefix3=3 prefix4=3 prefix5=2 invalidation0=216714 invalidation1=236406 invalidation2=1 invalidation3=0 invalidation4=0 invalidation5=0
INVALIDATIONS cycle=3033277305 reason=0 phase0=216603 phase1=111 phase2=0 phase3=0 phase4=0 phase5=0
INVALIDATIONS cycle=3033277305 reason=1 phase0=236345 phase1=59 phase2=0 phase3=0 phase4=0 phase5=2
INVALIDATIONS cycle=3033277305 reason=2 phase0=1 phase1=0 phase2=0 phase3=0 phase4=0 phase5=0
INVALIDATIONS cycle=3033277305 reason=3 phase0=0 phase1=0 phase2=0 phase3=0 phase4=0 phase5=0
INVALIDATIONS cycle=3033277305 reason=4 phase0=0 phase1=0 phase2=0 phase3=0 phase4=0 phase5=0
INVALIDATIONS cycle=3033277305 reason=5 phase0=0 phase1=0 phase2=0 phase3=0 phase4=0 phase5=0
ADAPTER cycle=3040813728 request_samples=1811643282 ack_samples=608454472 instruction_acks=255625507 data_acks=352828965 error_acks=0 fetched_bytes=866124432 dispatches=555000000 known_dispatches=342698575 ir_mismatch=9426325 signature_failures=0 secondary_skipped=467289 primary_mismatch_skipped=9426325 diagnostic_dropped=0 starts=0 stops=0 callbacks=0 returns=0 aborts=0 unmatched=0 prefix_aborts=172 prefix0=1 prefix1=173 prefix2=3 prefix3=3 prefix4=3 prefix5=2 invalidation0=216894 invalidation1=237054 invalidation2=1 invalidation3=0 invalidation4=0 invalidation5=0
INVALIDATIONS cycle=3040813728 reason=0 phase0=216783 phase1=111 phase2=0 phase3=0 phase4=0 phase5=0
INVALIDATIONS cycle=3040813728 reason=1 phase0=236993 phase1=59 phase2=0 phase3=0 phase4=0 phase5=2
INVALIDATIONS cycle=3040813728 reason=2 phase0=1 phase1=0 phase2=0 phase3=0 phase4=0 phase5=0
INVALIDATIONS cycle=3040813728 reason=3 phase0=0 phase1=0 phase2=0 phase3=0 phase4=0 phase5=0
INVALIDATIONS cycle=3040813728 reason=4 phase0=0 phase1=0 phase2=0 phase3=0 phase4=0 phase5=0
INVALIDATIONS cycle=3040813728 reason=5 phase0=0 phase1=0 phase2=0 phase3=0 phase4=0 phase5=0
ADAPTER cycle=3048347914 request_samples=1817135909 ack_samples=609878173 instruction_acks=256280373 data_acks=353597800 error_acks=0 fetched_bytes=868359974 dispatches=556000000 known_dispatches=343351125 ir_mismatch=9455031 signature_failures=0 secondary_skipped=468341 primary_mismatch_skipped=9455031 diagnostic_dropped=0 starts=0 stops=0 callbacks=0 returns=0 aborts=0 unmatched=0 prefix_aborts=172 prefix0=1 prefix1=173 prefix2=3 prefix3=3 prefix4=3 prefix5=2 invalidation0=217074 invalidation1=237702 invalidation2=1 invalidation3=0 invalidation4=0 invalidation5=0
INVALIDATIONS cycle=3048347914 reason=0 phase0=216963 phase1=111 phase2=0 phase3=0 phase4=0 phase5=0
INVALIDATIONS cycle=3048347914 reason=1 phase0=237641 phase1=59 phase2=0 phase3=0 phase4=0 phase5=2
INVALIDATIONS cycle=3048347914 reason=2 phase0=1 phase1=0 phase2=0 phase3=0 phase4=0 phase5=0
INVALIDATIONS cycle=3048347914 reason=3 phase0=0 phase1=0 phase2=0 phase3=0 phase4=0 phase5=0
INVALIDATIONS cycle=3048347914 reason=4 phase0=0 phase1=0 phase2=0 phase3=0 phase4=0 phase5=0
INVALIDATIONS cycle=3048347914 reason=5 phase0=0 phase1=0 phase2=0 phase3=0 phase4=0 phase5=0
ADAPTER cycle=3055881545 request_samples=1822627334 ack_samples=611302032 instruction_acks=256935198 data_acks=354366834 error_acks=0 fetched_bytes=870595392 dispatches=557000000 known_dispatches=344003409 ir_mismatch=9483648 signature_failures=0 secondary_skipped=469400 primary_mismatch_skipped=9483648 diagnostic_dropped=0 starts=0 stops=0 callbacks=0 returns=0 aborts=0 unmatched=0 prefix_aborts=172 prefix0=1 prefix1=173 prefix2=3 prefix3=3 prefix4=3 prefix5=2 invalidation0=217244 invalidation1=238348 invalidation2=1 invalidation3=0 invalidation4=0 invalidation5=0
INVALIDATIONS cycle=3055881545 reason=0 phase0=217133 phase1=111 phase2=0 phase3=0 phase4=0 phase5=0
INVALIDATIONS cycle=3055881545 reason=1 phase0=238287 phase1=59 phase2=0 phase3=0 phase4=0 phase5=2
INVALIDATIONS cycle=3055881545 reason=2 phase0=1 phase1=0 phase2=0 phase3=0 phase4=0 phase5=0
INVALIDATIONS cycle=3055881545 reason=3 phase0=0 phase1=0 phase2=0 phase3=0 phase4=0 phase5=0
INVALIDATIONS cycle=3055881545 reason=4 phase0=0 phase1=0 phase2=0 phase3=0 phase4=0 phase5=0
INVALIDATIONS cycle=3055881545 reason=5 phase0=0 phase1=0 phase2=0 phase3=0 phase4=0 phase5=0
ADAPTER cycle=3063405533 request_samples=1828111578 ack_samples=612722862 instruction_acks=257588284 data_acks=355134578 error_acks=0 fetched_bytes=872825350 dispatches=558000000 known_dispatches=344655420 ir_mismatch=9512208 signature_failures=0 secondary_skipped=470465 primary_mismatch_skipped=9512208 diagnostic_dropped=0 starts=0 stops=0 callbacks=0 returns=0 aborts=0 unmatched=0 prefix_aborts=172 prefix0=1 prefix1=173 prefix2=3 prefix3=3 prefix4=3 prefix5=2 invalidation0=217444 invalidation1=238994 invalidation2=1 invalidation3=0 invalidation4=0 invalidation5=0
INVALIDATIONS cycle=3063405533 reason=0 phase0=217333 phase1=111 phase2=0 phase3=0 phase4=0 phase5=0
INVALIDATIONS cycle=3063405533 reason=1 phase0=238933 phase1=59 phase2=0 phase3=0 phase4=0 phase5=2
INVALIDATIONS cycle=3063405533 reason=2 phase0=1 phase1=0 phase2=0 phase3=0 phase4=0 phase5=0
INVALIDATIONS cycle=3063405533 reason=3 phase0=0 phase1=0 phase2=0 phase3=0 phase4=0 phase5=0
INVALIDATIONS cycle=3063405533 reason=4 phase0=0 phase1=0 phase2=0 phase3=0 phase4=0 phase5=0
INVALIDATIONS cycle=3063405533 reason=5 phase0=0 phase1=0 phase2=0 phase3=0 phase4=0 phase5=0
ADAPTER cycle=3070939692 request_samples=1833604168 ack_samples=614145744 instruction_acks=258242596 data_acks=355903148 error_acks=0 fetched_bytes=875059554 dispatches=559000000 known_dispatches=345307886 ir_mismatch=9540831 signature_failures=0 secondary_skipped=471522 primary_mismatch_skipped=9540831 diagnostic_dropped=0 starts=0 stops=0 callbacks=0 returns=0 aborts=0 unmatched=0 prefix_aborts=172 prefix0=1 prefix1=173 prefix2=3 prefix3=3 prefix4=3 prefix5=2 invalidation0=217624 invalidation1=239639 invalidation2=1 invalidation3=0 invalidation4=0 invalidation5=0
INVALIDATIONS cycle=3070939692 reason=0 phase0=217513 phase1=111 phase2=0 phase3=0 phase4=0 phase5=0
INVALIDATIONS cycle=3070939692 reason=1 phase0=239578 phase1=59 phase2=0 phase3=0 phase4=0 phase5=2
INVALIDATIONS cycle=3070939692 reason=2 phase0=1 phase1=0 phase2=0 phase3=0 phase4=0 phase5=0
INVALIDATIONS cycle=3070939692 reason=3 phase0=0 phase1=0 phase2=0 phase3=0 phase4=0 phase5=0
INVALIDATIONS cycle=3070939692 reason=4 phase0=0 phase1=0 phase2=0 phase3=0 phase4=0 phase5=0
INVALIDATIONS cycle=3070939692 reason=5 phase0=0 phase1=0 phase2=0 phase3=0 phase4=0 phase5=0
ADAPTER cycle=3078475094 request_samples=1839097928 ack_samples=615569370 instruction_acks=258897423 data_acks=356671947 error_acks=0 fetched_bytes=877294958 dispatches=560000000 known_dispatches=345960278 ir_mismatch=9569531 signature_failures=0 secondary_skipped=472580 primary_mismatch_skipped=9569531 diagnostic_dropped=0 starts=0 stops=0 callbacks=0 returns=0 aborts=0 unmatched=0 prefix_aborts=172 prefix0=1 prefix1=173 prefix2=3 prefix3=3 prefix4=3 prefix5=2 invalidation0=217804 invalidation1=240287 invalidation2=1 invalidation3=0 invalidation4=0 invalidation5=0
INVALIDATIONS cycle=3078475094 reason=0 phase0=217693 phase1=111 phase2=0 phase3=0 phase4=0 phase5=0
INVALIDATIONS cycle=3078475094 reason=1 phase0=240226 phase1=59 phase2=0 phase3=0 phase4=0 phase5=2
INVALIDATIONS cycle=3078475094 reason=2 phase0=1 phase1=0 phase2=0 phase3=0 phase4=0 phase5=0
INVALIDATIONS cycle=3078475094 reason=3 phase0=0 phase1=0 phase2=0 phase3=0 phase4=0 phase5=0
INVALIDATIONS cycle=3078475094 reason=4 phase0=0 phase1=0 phase2=0 phase3=0 phase4=0 phase5=0
INVALIDATIONS cycle=3078475094 reason=5 phase0=0 phase1=0 phase2=0 phase3=0 phase4=0 phase5=0
ADAPTER cycle=3086009136 request_samples=1844590306 ack_samples=616993024 instruction_acks=259552228 data_acks=357440796 error_acks=0 fetched_bytes=879530356 dispatches=561000000 known_dispatches=346612652 ir_mismatch=9598202 signature_failures=0 secondary_skipped=473633 primary_mismatch_skipped=9598202 diagnostic_dropped=0 starts=0 stops=0 callbacks=0 returns=0 aborts=0 unmatched=0 prefix_aborts=172 prefix0=1 prefix1=173 prefix2=3 prefix3=3 prefix4=3 prefix5=2 invalidation0=217984 invalidation1=240935 invalidation2=1 invalidation3=0 invalidation4=0 invalidation5=0
INVALIDATIONS cycle=3086009136 reason=0 phase0=217873 phase1=111 phase2=0 phase3=0 phase4=0 phase5=0
INVALIDATIONS cycle=3086009136 reason=1 phase0=240874 phase1=59 phase2=0 phase3=0 phase4=0 phase5=2
INVALIDATIONS cycle=3086009136 reason=2 phase0=1 phase1=0 phase2=0 phase3=0 phase4=0 phase5=0
INVALIDATIONS cycle=3086009136 reason=3 phase0=0 phase1=0 phase2=0 phase3=0 phase4=0 phase5=0
INVALIDATIONS cycle=3086009136 reason=4 phase0=0 phase1=0 phase2=0 phase3=0 phase4=0 phase5=0
INVALIDATIONS cycle=3086009136 reason=5 phase0=0 phase1=0 phase2=0 phase3=0 phase4=0 phase5=0
ADAPTER cycle=3093544299 request_samples=1850083158 ack_samples=618416890 instruction_acks=260207047 data_acks=358209843 error_acks=0 fetched_bytes=881765702 dispatches=562000000 known_dispatches=347265186 ir_mismatch=9626838 signature_failures=0 secondary_skipped=474691 primary_mismatch_skipped=9626838 diagnostic_dropped=0 starts=0 stops=0 callbacks=0 returns=0 aborts=0 unmatched=0 prefix_aborts=172 prefix0=1 prefix1=173 prefix2=3 prefix3=3 prefix4=3 prefix5=2 invalidation0=218164 invalidation1=241583 invalidation2=1 invalidation3=0 invalidation4=0 invalidation5=0
INVALIDATIONS cycle=3093544299 reason=0 phase0=218053 phase1=111 phase2=0 phase3=0 phase4=0 phase5=0
INVALIDATIONS cycle=3093544299 reason=1 phase0=241522 phase1=59 phase2=0 phase3=0 phase4=0 phase5=2
INVALIDATIONS cycle=3093544299 reason=2 phase0=1 phase1=0 phase2=0 phase3=0 phase4=0 phase5=0
INVALIDATIONS cycle=3093544299 reason=3 phase0=0 phase1=0 phase2=0 phase3=0 phase4=0 phase5=0
INVALIDATIONS cycle=3093544299 reason=4 phase0=0 phase1=0 phase2=0 phase3=0 phase4=0 phase5=0
INVALIDATIONS cycle=3093544299 reason=5 phase0=0 phase1=0 phase2=0 phase3=0 phase4=0 phase5=0
ADAPTER cycle=3101067055 request_samples=1855566426 ack_samples=619836963 instruction_acks=260859849 data_acks=358977114 error_acks=0 fetched_bytes=883994770 dispatches=563000000 known_dispatches=347917660 ir_mismatch=9655417 signature_failures=0 secondary_skipped=475757 primary_mismatch_skipped=9655417 diagnostic_dropped=0 starts=0 stops=0 callbacks=0 returns=0 aborts=0 unmatched=0 prefix_aborts=172 prefix0=1 prefix1=173 prefix2=3 prefix3=3 prefix4=3 prefix5=2 invalidation0=218364 invalidation1=242229 invalidation2=1 invalidation3=0 invalidation4=0 invalidation5=0
INVALIDATIONS cycle=3101067055 reason=0 phase0=218253 phase1=111 phase2=0 phase3=0 phase4=0 phase5=0
INVALIDATIONS cycle=3101067055 reason=1 phase0=242168 phase1=59 phase2=0 phase3=0 phase4=0 phase5=2
INVALIDATIONS cycle=3101067055 reason=2 phase0=1 phase1=0 phase2=0 phase3=0 phase4=0 phase5=0
INVALIDATIONS cycle=3101067055 reason=3 phase0=0 phase1=0 phase2=0 phase3=0 phase4=0 phase5=0
INVALIDATIONS cycle=3101067055 reason=4 phase0=0 phase1=0 phase2=0 phase3=0 phase4=0 phase5=0
INVALIDATIONS cycle=3101067055 reason=5 phase0=0 phase1=0 phase2=0 phase3=0 phase4=0 phase5=0
ADAPTER cycle=3101412027 request_samples=1855817990 ack_samples=619902067 instruction_acks=260889732 data_acks=359012335 error_acks=0 fetched_bytes=884096790 dispatches=563045659 known_dispatches=347947353 ir_mismatch=9656695 signature_failures=0 secondary_skipped=475802 primary_mismatch_skipped=9656695 diagnostic_dropped=0 starts=0 stops=0 callbacks=0 returns=0 aborts=0 unmatched=0 prefix_aborts=172 prefix0=1 prefix1=173 prefix2=3 prefix3=3 prefix4=3 prefix5=2 invalidation0=218374 invalidation1=242258 invalidation2=1 invalidation3=0 invalidation4=0 invalidation5=0
INVALIDATIONS cycle=3101412027 reason=0 phase0=218263 phase1=111 phase2=0 phase3=0 phase4=0 phase5=0
INVALIDATIONS cycle=3101412027 reason=1 phase0=242197 phase1=59 phase2=0 phase3=0 phase4=0 phase5=2
INVALIDATIONS cycle=3101412027 reason=2 phase0=1 phase1=0 phase2=0 phase3=0 phase4=0 phase5=0
INVALIDATIONS cycle=3101412027 reason=3 phase0=0 phase1=0 phase2=0 phase3=0 phase4=0 phase5=0
INVALIDATIONS cycle=3101412027 reason=4 phase0=0 phase1=0 phase2=0 phase3=0 phase4=0 phase5=0
INVALIDATIONS cycle=3101412027 reason=5 phase0=0 phase1=0 phase2=0 phase3=0 phase4=0 phase5=0
FPU_SUMMARY starts=0 stops=0 callbacks=0 returns=0 aborts=0 unmatched=0 prefix_aborts=172 timer_open=0 callback_open=0 raw_stop_pending=0
SUMMARY records=0 identities=0 micro_starts=0 micro_stops=0 contexts=218374 capped=0
