CONFIG_END	pc	cacr	tc
CONFIG_END	4081C946	80008000	0000C000
ENABLED_CYCLES	ic	dc	mmu
ENABLED_CYCLES	1304100000	1304100000	1304100000
SUMMARY	cycles	dispatches	clocks_per_dispatch	rd_accept_samples	look_hit_cycles	ipred_hit_cycles
SUMMARY	1304100000	194699897	6.698000	194777320	306798211	18387176
STATE	id	cycles	entries	percent
STATE	3	209540287	42770624	16.067808
STATE	4	96902919	84719082	7.430636
STATE	5	499452	499452	0.038299
STATE	8	62790262	37134463	4.814835
STATE	9	386920429	72970208	29.669537
STATE	10	128210005	50286795	9.831302
STATE	11	17529175	17529175	1.344159
STATE	13	15051242	15021072	1.154148
STATE	15	6335878	6335878	0.485843
STATE	16	1801400	1801400	0.138134
STATE	17	485383	485383	0.037220
STATE	18	4533	4533	0.000348
STATE	19	11463223	11463223	0.879014
STATE	20	65686539	65686539	5.036925
STATE	21	1640840	1640840	0.125822
STATE	22	8900581	8900581	0.682508
STATE	23	2265723	2265723	0.173738
STATE	24	3908860	3908860	0.299736
STATE	26	7100596	7100596	0.544482
STATE	27	4813399	4813399	0.369097
STATE	28	13943400	13943400	1.069197
STATE	29	2359	2359	0.000181
STATE	30	2075359	224851	0.159141
STATE	31	110	110	0.000008
STATE	34	3078611	1707973	0.236072
STATE	35	1713194	1713194	0.131370
STATE	36	1713194	1713194	0.131370
STATE	37	1713194	1713194	0.131370
STATE	38	5221	5221	0.000400
STATE	39	1713194	1713194	0.131370
STATE	41	1713194	1713194	0.131370
STATE	42	1713194	1713194	0.131370
STATE	43	43100	43100	0.003305
STATE	44	43100	43100	0.003305
STATE	45	43100	43100	0.003305
STATE	46	43100	43100	0.003305
STATE	47	43100	43100	0.003305
STATE	48	7993	7993	0.000613
STATE	49	465	465	0.000036
STATE	51	3098838	3098365	0.237623
STATE	52	1589435	1589435	0.121880
STATE	53	421278	420967	0.032304
STATE	55	2627465	2627465	0.201477
STATE	56	2685663	2685663	0.205940
STATE	57	625280	625280	0.047947
STATE	58	813883	813883	0.062410
STATE	59	58420	58420	0.004480
STATE	62	2475623	2475623	0.189834
STATE	65	2475624	2475624	0.189834
STATE	68	4001773	4001773	0.306861
STATE	69	2878446	2878446	0.220723
STATE	70	15088231	15088231	1.156984
STATE	78	4688	4688	0.000359
STATE	79	4688	4688	0.000359
STATE	81	134490	134490	0.010313
STATE	82	110190	74687	0.008450
STATE	87	29972	29972	0.002298
STATE	89	66629	66629	0.005109
STATE	90	66629	66629	0.005109
STATE	91	66629	66629	0.005109
STATE	92	66629	66629	0.005109
STATE	96	66629	66629	0.005109
STATE	97	66629	66629	0.005109
STATE	98	196636	196636	0.015078
STATE	99	2359	2359	0.000181
STATE	102	1123327	1123327	0.086138
STATE	103	1703	1703	0.000131
STATE	104	1703	1703	0.000131
STATE	106	22428	7476	0.001720
STATE	107	2155907	29972	0.165318
STATE	112	214015	214015	0.016411
STATE	113	214015	214015	0.016411
STATE	114	10652	10652	0.000817
STATE	115	2508	2508	0.000192
STATE	116	10652	10652	0.000817
STATE	117	203363	203363	0.015594
STATE	118	203363	203363	0.015594
STATE	119	3450	3450	0.000265
STATE	120	203363	203363	0.015594
STATE	121	69058	69058	0.005295
STATE	122	27	27	0.000002
STATE	129	2526	2526	0.000194
STATE	130	214015	214015	0.016411
STATE	131	214015	214015	0.016411
STATE	132	69058	69058	0.005295
STATE	133	11898914	90160	0.912423
STATE	134	930	930	0.000071
STATE	135	930	930	0.000071
STATE	136	930	930	0.000071
STATE	137	930	930	0.000071
STATE	151	10460	10460	0.000802
STATE	152	18	18	0.000001
STATE	153	22316634	11741448	1.711267
STATE	154	214	214	0.000016
STATE	155	7838035	7838035	0.601030
STATE	156	44460	44460	0.003409
STATE	157	36667	36667	0.002812
STATE	158	5716269	5716269	0.438331
STATE	160	45146772	11666052	3.461910
STATE	161	3024549	3024549	0.231926
STATE	162	74197	42451	0.005690
STATE	163	21589	21589	0.001655
STATE	164	90964	90964	0.006975
STATE	165	234937	234937	0.018015
STATE	167	65	65	0.000005
STATE	171	18	18	0.000001
STATE	173	11206	11206	0.000859
STATE	175	5542	129	0.000425
STATE	176	710	19	0.000054
STATE	177	15689	15689	0.001203
STATE	178	31292308	13702056	2.399533
STATE	179	11989299	11989299	0.919354
STATE	180	1712757	1712757	0.131336
STATE	181	36822	36822	0.002824
STATE	182	67873	67873	0.005205
STATE	183	67873	67873	0.005205
STATE	190	52826812	31394474	4.050825
STATE	191	5240	5221	0.000402
STATE	250	3488575	3385585	0.267508
MEM	name	value
MEM	mrd_cycles_cst0	160775150
MEM	mrd_cycles_cst1	40560999
MEM	mrd_cycles_cst4	155429038
MEM	mrd_cycles_cst5	10873455
MEM	mrd_cycles_cst6	19281787
MEM	mwr_cycles_cst0	66417872
MEM	mwr_cycles_cst1	5639793
MEM	mwr_cycles_cst4	41434127
MEM	mwr_cycles_cst5	8118785
MEM	mwr_cycles_cst6	6599428
MEM	mrd_cycles_sb_pending	35016683
MEM	mwr_cycles_sb_pending	30777822
MEM	data_tagwrite_entries	11246681
MEM	instr_tagwrite_entries	24224920
MEM	sb_push_signal_samples	50401647
MEM	sb_full_request_samples	1
MEM	read_with_store_pending_samples	6035040
MEM	pass_cycles_write	52788695
MEM	pass_cycles_read	17195120
REFILL_META	clock_sample	post_eval_rising_edge
REFILL_META	duration	C_FILL_through_C_TAGW_complete_bracket_spans_only
REFILL_META	mrd_overlap	core_state_9_and_C_FILL_same_sample
REFILL_META	states	issued_is_registered_state_local_match_is_combinational_setup_is_neither
REFILL_PARTIAL	start	0
REFILL_PARTIAL	end	1
REFILL_PARTIAL	aborted	0
REFILL_REGION	bank	region	fill_entries	fill_samples	tagwrite_samples	issued_state_samples	local_match_samples	setup_state_samples	mrd_overlap_samples	completed
REFILL_REGION	data	ram	10699017	106779384	10699016	63983318	32210616	10585450	87992780	10699016
REFILL_REGION	data	rom	547665	5069062	547665	2878402	0	2190660	2406375	547665
REFILL_REGION	instruction	ram	16464893	167903029	16464893	102043457	49393771	16465801	41869308	16464893
REFILL_REGION	instruction	rom	7760027	79346361	7760027	48306253	0	31040108	23160575	7760027
REFILL_SAMPLE	bank	region	fill_cnt	r_issued	fill_acked	clocks
REFILL_SAMPLE	data	ram	0	0	0	10699017
REFILL_SAMPLE	data	ram	0	1	0	63982877
REFILL_SAMPLE	data	ram	1	0	0	1369133
REFILL_SAMPLE	data	ram	1	0	1	9329884
REFILL_SAMPLE	data	ram	1	1	0	81
REFILL_SAMPLE	data	ram	1	1	1	66
REFILL_SAMPLE	data	ram	2	0	1	10699016
REFILL_SAMPLE	data	ram	2	1	1	147
REFILL_SAMPLE	data	ram	3	0	1	10699016
REFILL_SAMPLE	data	ram	3	1	1	147
REFILL_SAMPLE	data	rom	0	0	0	547665
REFILL_SAMPLE	data	rom	0	1	0	1235407
REFILL_SAMPLE	data	rom	1	0	0	101
REFILL_SAMPLE	data	rom	1	0	1	547564
REFILL_SAMPLE	data	rom	1	1	0	101
REFILL_SAMPLE	data	rom	1	1	1	547564
REFILL_SAMPLE	data	rom	2	0	1	547665
REFILL_SAMPLE	data	rom	2	1	1	547665
REFILL_SAMPLE	data	rom	3	0	1	547665
REFILL_SAMPLE	data	rom	3	1	1	547665
REFILL_SAMPLE	instruction	ram	0	0	0	16464893
REFILL_SAMPLE	instruction	ram	0	1	0	102042419
REFILL_SAMPLE	instruction	ram	1	0	1	16464893
REFILL_SAMPLE	instruction	ram	1	1	1	346
REFILL_SAMPLE	instruction	ram	2	0	1	16464893
REFILL_SAMPLE	instruction	ram	2	1	1	346
REFILL_SAMPLE	instruction	ram	3	0	1	16464893
REFILL_SAMPLE	instruction	ram	3	1	1	346
REFILL_SAMPLE	instruction	rom	0	0	0	7760027
REFILL_SAMPLE	instruction	rom	0	1	0	25026172
REFILL_SAMPLE	instruction	rom	1	0	1	7760027
REFILL_SAMPLE	instruction	rom	1	1	1	7760027
REFILL_SAMPLE	instruction	rom	2	0	1	7760027
REFILL_SAMPLE	instruction	rom	2	1	1	7760027
REFILL_SAMPLE	instruction	rom	3	0	1	7760027
REFILL_SAMPLE	instruction	rom	3	1	1	7760027
REFILL_DURATION	bank	region	clocks	complete_fills
REFILL_DURATION	data	ram	5	114008
REFILL_DURATION	instruction	ram	5	130
REFILL_DURATION	data	rom	9	203858
REFILL_DURATION	instruction	rom	9	29269
REFILL_DURATION	data	ram	11	10256564
REFILL_DURATION	data	rom	11	343679
REFILL_DURATION	instruction	ram	11	14372277
REFILL_DURATION	instruction	rom	11	6682609
REFILL_DURATION	data	ram	12	213460
REFILL_DURATION	data	rom	12	128
REFILL_DURATION	instruction	ram	12	1166971
REFILL_DURATION	instruction	rom	12	596573
REFILL_DURATION	data	ram	13	85450
REFILL_DURATION	instruction	ram	13	747671
REFILL_DURATION	instruction	rom	13	327815
REFILL_DURATION	data	ram	14	29383
REFILL_DURATION	instruction	ram	14	148370
REFILL_DURATION	instruction	rom	14	63261
REFILL_DURATION	data	ram	15	42
REFILL_DURATION	instruction	ram	15	239
REFILL_DURATION	data	ram	16	84
REFILL_DURATION	instruction	ram	16	29074
REFILL_DURATION	instruction	rom	16	29339
REFILL_DURATION	data	ram	17	11
REFILL_DURATION	instruction	ram	17	67
REFILL_DURATION	instruction	rom	17	2179
REFILL_DURATION	data	ram	18	11
REFILL_DURATION	instruction	ram	18	27
REFILL_DURATION	instruction	rom	18	28982
REFILL_DURATION	data	ram	19	3
REFILL_DURATION	instruction	ram	19	64
REFILL_DURATION	instruction	ram	20	3
CACHE_STATE	id	cycles	percent
CACHE_STATE	0	745308911	57.151209
CACHE_STATE	1	82697357	6.341336
CACHE_STATE	4	359097836	27.536066
CACHE_STATE	5	35471601	2.720006
CACHE_STATE	6	69983815	5.366445
CACHE_STATE	7	11540480	0.884938
TRANSITION	from	to	count
TRANSITION	3	4	42770004
TRANSITION	3	34	620
TRANSITION	4	3	10916153
TRANSITION	4	8	6431239
TRANSITION	4	9	7121824
TRANSITION	4	10	551079
TRANSITION	4	11	5647018
TRANSITION	4	13	793224
TRANSITION	4	20	26293508
TRANSITION	4	34	1670094
TRANSITION	4	43	43100
TRANSITION	4	48	6320
TRANSITION	4	51	603541
TRANSITION	4	53	64905
TRANSITION	4	62	1610634
TRANSITION	4	65	353572
TRANSITION	4	68	2703492
TRANSITION	4	78	4688
TRANSITION	4	81	59815
TRANSITION	4	87	29972
TRANSITION	4	89	64053
TRANSITION	4	98	136782
TRANSITION	4	104	1679
TRANSITION	4	106	7476
TRANSITION	4	112	211174
TRANSITION	4	133	90160
TRANSITION	4	134	930
TRANSITION	4	153	19095
TRANSITION	4	167	65
TRANSITION	4	181	901
TRANSITION	4	190	16120965
TRANSITION	4	250	3161624
TRANSITION	5	3	134697
TRANSITION	5	4	174249
TRANSITION	5	20	189844
TRANSITION	5	51	3
TRANSITION	5	53	4
TRANSITION	5	56	53
TRANSITION	5	181	522
TRANSITION	5	190	80
TRANSITION	8	13	13523299
TRANSITION	8	15	4313035
TRANSITION	8	16	1794411
TRANSITION	8	18	4533
TRANSITION	8	19	11463223
TRANSITION	8	20	2611314
TRANSITION	8	48	1673
TRANSITION	8	51	1020674
TRANSITION	8	53	90654
TRANSITION	8	62	806570
TRANSITION	8	68	1298281
TRANSITION	8	81	74675
TRANSITION	8	89	2576
TRANSITION	8	98	59854
TRANSITION	8	104	24
TRANSITION	8	112	2841
TRANSITION	8	153	28457
TRANSITION	8	157	22680
TRANSITION	8	177	15689
TRANSITION	9	3	12134482
TRANSITION	9	4	10084629
TRANSITION	9	8	117745
TRANSITION	9	10	8596175
TRANSITION	9	11	1048126
TRANSITION	9	13	127563
TRANSITION	9	15	516961
TRANSITION	9	17	485383
TRANSITION	9	20	13416949
TRANSITION	9	23	2265624
TRANSITION	9	27	4813399
TRANSITION	9	28	1421
TRANSITION	9	42	1713194
TRANSITION	9	44	43100
TRANSITION	9	45	43100
TRANSITION	9	46	43100
TRANSITION	9	49	465
TRANSITION	9	51	407624
TRANSITION	9	53	23340
TRANSITION	9	55	553
TRANSITION	9	56	60582
TRANSITION	9	62	29247
TRANSITION	9	65	716962
TRANSITION	9	70	2001349
TRANSITION	9	118	203351
TRANSITION	9	119	3450
TRANSITION	9	136	930
TRANSITION	9	137	930
TRANSITION	9	153	1543817
TRANSITION	9	160	5716251
TRANSITION	9	162	15922
TRANSITION	9	165	42973
TRANSITION	9	171	18
TRANSITION	9	175	129
TRANSITION	9	181	4299
TRANSITION	9	190	6546681
TRANSITION	9	250	200383
TRANSITION	10	3	4202201
TRANSITION	10	4	7219557
TRANSITION	10	9	2672001
TRANSITION	10	13	385329
TRANSITION	10	20	9541893
TRANSITION	10	36	1713194
TRANSITION	10	37	1713194
TRANSITION	10	38	5221
TRANSITION	10	39	1713194
TRANSITION	10	51	229059
TRANSITION	10	52	1589435
TRANSITION	10	53	70465
TRANSITION	10	55	145869
TRANSITION	10	56	1057617
TRANSITION	10	57	625280
TRANSITION	10	62	29155
TRANSITION	10	65	233155
TRANSITION	10	70	9085109
TRANSITION	10	96	66629
TRANSITION	10	122	27
TRANSITION	10	153	18603
TRANSITION	10	161	3024549
TRANSITION	10	162	15824
TRANSITION	10	165	143973
TRANSITION	10	176	19
TRANSITION	10	181	4146
TRANSITION	10	183	67873
TRANSITION	10	190	4690646
TRANSITION	10	250	23578
TRANSITION	11	8	13566992
TRANSITION	11	26	2444067
TRANSITION	11	55	1123144
TRANSITION	11	56	203338
TRANSITION	11	58	117
TRANSITION	11	59	99
TRANSITION	11	102	757
TRANSITION	11	117	180163
TRANSITION	11	151	10460
TRANSITION	11	152	18
TRANSITION	11	155	20
TRANSITION	13	3	326468
TRANSITION	13	4	709774
TRANSITION	13	9	3699620
TRANSITION	13	10	819155
TRANSITION	13	20	1106553
TRANSITION	13	22	488316
TRANSITION	13	26	1591701
TRANSITION	13	51	607
TRANSITION	13	53	75
TRANSITION	13	55	2654
TRANSITION	13	56	515125
TRANSITION	13	62	2
TRANSITION	13	102	1122366
TRANSITION	13	117	23200
TRANSITION	13	135	930
TRANSITION	13	153	4543
TRANSITION	13	155	4609736
TRANSITION	13	181	135
TRANSITION	13	190	112
TRANSITION	15	8	1794411
TRANSITION	15	9	337467
TRANSITION	15	16	6989
TRANSITION	15	22	1
TRANSITION	15	26	517689
TRANSITION	15	55	90915
TRANSITION	15	56	29512
TRANSITION	15	58	330774
TRANSITION	15	155	3228120
TRANSITION	16	9	485383
TRANSITION	16	22	1315456
TRANSITION	16	55	165
TRANSITION	16	58	396
TRANSITION	17	8	4533
TRANSITION	17	22	11359
TRANSITION	17	26	703
TRANSITION	17	55	28560
TRANSITION	17	56	439675
TRANSITION	17	58	394
TRANSITION	17	155	159
TRANSITION	18	22	1276
TRANSITION	18	26	152
TRANSITION	18	58	3105
TRANSITION	19	22	7084173
TRANSITION	19	26	2546284
TRANSITION	19	55	1177392
TRANSITION	19	56	117752
TRANSITION	19	58	479097
TRANSITION	19	59	58321
TRANSITION	19	102	204
TRANSITION	20	8	15181174
TRANSITION	20	9	31927022
TRANSITION	20	10	7706954
TRANSITION	20	11	1361291
TRANSITION	20	15	1505882
TRANSITION	20	21	1640840
TRANSITION	20	24	2390
TRANSITION	20	28	2657797
TRANSITION	20	190	3703189
TRANSITION	21	24	1640840
TRANSITION	22	9	8900581
TRANSITION	23	3	4
TRANSITION	23	20	23
TRANSITION	23	24	2265630
TRANSITION	23	53	10
TRANSITION	23	190	56
TRANSITION	24	11	307085
TRANSITION	24	28	3601775
TRANSITION	26	9	2025655
TRANSITION	26	10	2527589
TRANSITION	26	28	2547352
TRANSITION	27	28	4813399
TRANSITION	28	3	236489
TRANSITION	28	4	6812982
TRANSITION	28	5	168741
TRANSITION	28	10	6028230
TRANSITION	28	13	1028
TRANSITION	28	20	21915
TRANSITION	28	29	2359
TRANSITION	28	30	223148
TRANSITION	28	51	291075
TRANSITION	28	53	29336
TRANSITION	28	65	225
TRANSITION	28	103	1703
TRANSITION	28	181	1260
TRANSITION	28	190	124909
TRANSITION	29	99	2359
TRANSITION	30	3	114
TRANSITION	30	4	96229
TRANSITION	30	13	42544
TRANSITION	30	20	40923
TRANSITION	30	31	110
TRANSITION	30	55	1
TRANSITION	30	65	5
TRANSITION	30	153	40485
TRANSITION	30	181	35
TRANSITION	30	190	4405
TRANSITION	31	4	34
TRANSITION	31	20	76
TRANSITION	34	35	1707973
TRANSITION	35	10	1713194
TRANSITION	36	10	1713194
TRANSITION	37	10	1713194
TRANSITION	38	10	5221
TRANSITION	39	41	1713194
TRANSITION	41	9	1713194
TRANSITION	42	34	437
TRANSITION	42	178	1712757
TRANSITION	43	9	43100
TRANSITION	44	9	43100
TRANSITION	45	9	43100
TRANSITION	46	47	43100
TRANSITION	47	3	23697
TRANSITION	47	181	19403
TRANSITION	48	9	7993
TRANSITION	49	181	465
TRANSITION	51	3	1158961
TRANSITION	51	4	320327
TRANSITION	51	10	1257874
TRANSITION	51	13	30008
TRANSITION	51	20	200818
TRANSITION	51	56	28443
TRANSITION	51	62	15
TRANSITION	51	153	6
TRANSITION	51	181	90
TRANSITION	51	190	101823
TRANSITION	52	3	1589275
TRANSITION	52	181	160
TRANSITION	53	3	113887
TRANSITION	53	4	209834
TRANSITION	53	13	15
TRANSITION	53	20	53272
TRANSITION	53	51	30492
TRANSITION	53	65	151
TRANSITION	53	181	17
TRANSITION	53	190	13299
TRANSITION	55	3	2595632
TRANSITION	55	4	31614
TRANSITION	55	181	219
TRANSITION	56	10	2685663
TRANSITION	57	3	625158
TRANSITION	57	181	122
TRANSITION	58	3	90297
TRANSITION	58	4	396154
TRANSITION	58	13	28520
TRANSITION	58	20	298803
TRANSITION	58	56	37
TRANSITION	58	181	72
TRANSITION	59	10	58420
TRANSITION	62	10	2475623
TRANSITION	65	9	2475624
TRANSITION	68	11	1123327
TRANSITION	68	69	2878446
TRANSITION	69	70	2878446
TRANSITION	70	3	58805
TRANSITION	70	4	1103494
TRANSITION	70	9	2001349
TRANSITION	70	10	9085109
TRANSITION	70	13	1846
TRANSITION	70	20	1570603
TRANSITION	70	51	29779
TRANSITION	70	53	40
TRANSITION	70	55	29107
TRANSITION	70	56	58405
TRANSITION	70	65	1108248
TRANSITION	70	153	10674
TRANSITION	70	181	1273
TRANSITION	70	190	29499
TRANSITION	78	79	4688
TRANSITION	79	3	68
TRANSITION	79	4	2035
TRANSITION	79	20	2585
TRANSITION	81	5	59803
TRANSITION	81	82	74687
TRANSITION	82	5	74687
TRANSITION	87	107	29972
TRANSITION	89	90	66629
TRANSITION	90	91	66629
TRANSITION	91	92	66629
TRANSITION	92	9	66629
TRANSITION	96	97	66629
TRANSITION	97	4	66390
TRANSITION	97	51	186
TRANSITION	97	53	15
TRANSITION	97	181	38
TRANSITION	98	3	164
TRANSITION	98	4	45
TRANSITION	98	5	196202
TRANSITION	98	20	225
TRANSITION	99	3	46
TRANSITION	99	4	1692
TRANSITION	99	20	376
TRANSITION	99	190	245
TRANSITION	102	70	1123327
TRANSITION	103	30	1703
TRANSITION	104	20	1703
TRANSITION	106	3	7476
TRANSITION	107	3	29972
TRANSITION	112	113	214015
TRANSITION	113	11	203363
TRANSITION	113	114	10652
TRANSITION	114	115	2508
TRANSITION	114	116	8144
TRANSITION	115	116	2508
TRANSITION	116	130	10652
TRANSITION	117	9	203363
TRANSITION	118	9	3450
TRANSITION	118	120	199913
TRANSITION	119	120	3450
TRANSITION	120	130	203363
TRANSITION	121	10	69058
TRANSITION	122	10	27
TRANSITION	129	4	2171
TRANSITION	129	20	256
TRANSITION	129	153	98
TRANSITION	129	181	1
TRANSITION	130	131	214015
TRANSITION	131	3	1443
TRANSITION	131	4	135621
TRANSITION	131	20	5270
TRANSITION	131	129	2526
TRANSITION	131	132	69058
TRANSITION	131	181	25
TRANSITION	131	190	72
TRANSITION	132	121	69058
TRANSITION	133	3	90101
TRANSITION	133	181	59
TRANSITION	134	11	930
TRANSITION	135	9	930
TRANSITION	136	9	930
TRANSITION	137	51	930
TRANSITION	151	10	5239
TRANSITION	151	182	5221
TRANSITION	152	9	18
TRANSITION	153	8	15689
TRANSITION	153	11	7838035
TRANSITION	153	154	214
TRANSITION	153	156	44460
TRANSITION	153	157	13987
TRANSITION	153	158	786322
TRANSITION	153	160	3009422
TRANSITION	153	164	22113
TRANSITION	153	173	11206
TRANSITION	154	162	214
TRANSITION	155	158	4929929
TRANSITION	155	160	2881932
TRANSITION	155	162	10491
TRANSITION	155	164	15683
TRANSITION	156	160	44460
TRANSITION	157	8	22680
TRANSITION	157	160	13987
TRANSITION	158	9	5716269
TRANSITION	160	3	12
TRANSITION	160	4	2011943
TRANSITION	160	10	2916350
TRANSITION	160	20	16476
TRANSITION	160	51	5182
TRANSITION	160	153	6709711
TRANSITION	160	181	1157
TRANSITION	160	191	5221
TRANSITION	161	4	512858
TRANSITION	161	10	108199
TRANSITION	161	20	773539
TRANSITION	161	56	8990
TRANSITION	161	153	1620387
TRANSITION	161	181	576
TRANSITION	162	4	111
TRANSITION	162	9	15922
TRANSITION	162	20	5336
TRANSITION	162	65	5219
TRANSITION	162	153	35
TRANSITION	162	163	15824
TRANSITION	162	181	4
TRANSITION	163	3	30
TRANSITION	163	4	257
TRANSITION	163	10	15824
TRANSITION	163	20	5478
TRANSITION	164	9	42973
TRANSITION	164	165	47991
TRANSITION	165	4	14321
TRANSITION	165	10	143973
TRANSITION	165	20	1065
TRANSITION	165	153	22398
TRANSITION	165	164	53168
TRANSITION	165	181	12
TRANSITION	167	20	65
TRANSITION	171	4	18
TRANSITION	173	4	208
TRANSITION	173	153	5233
TRANSITION	173	163	5765
TRANSITION	175	23	99
TRANSITION	175	118	12
TRANSITION	175	158	18
TRANSITION	176	5	19
TRANSITION	177	3	57
TRANSITION	177	4	5164
TRANSITION	177	20	5221
TRANSITION	177	153	5247
TRANSITION	178	179	11989299
TRANSITION	178	180	1712757
TRANSITION	179	178	11989299
TRANSITION	180	3	1712757
TRANSITION	181	34	36822
TRANSITION	182	10	67873
TRANSITION	183	4	5218
TRANSITION	183	181	3
TRANSITION	183	182	62652
TRANSITION	190	3	6721874
TRANSITION	190	4	11987380
TRANSITION	190	9	186352
TRANSITION	190	13	87457
TRANSITION	190	20	9520659
TRANSITION	190	28	321656
TRANSITION	190	51	479213
TRANSITION	190	53	141605
TRANSITION	190	55	29105
TRANSITION	190	56	146935
TRANSITION	190	65	58087
TRANSITION	190	153	1712659
TRANSITION	190	181	1492
TRANSITION	191	35	5221
TRANSITION	250	3	303
TRANSITION	250	4	44769
TRANSITION	250	9	3236359
TRANSITION	250	10	23578
TRANSITION	250	13	239
TRANSITION	250	20	1791
TRANSITION	250	53	518
TRANSITION	250	56	19199
TRANSITION	250	181	336
TRANSITION	250	190	58493
F4SITE	F4E9	0009AD6E	59891
F4SITE	F4E9	40887126	111
F4SITE	F4E9	408E9B18	160
F4SITE	F4F1	0009AD6A	352
F4SITE	F4F1	40887122	3
F4SITE	F4F8	0009AD20	17
F4SITE	F4F8	40885032	29626
F4CALL	0009AD6E	00000000	123
F4CALL	0009AD6E	00000A60	126
F4CALL	0009AD6E	00000C90	116
F4CALL	0009AD6E	0000FFFF	110
F4CALL	0009AD6E	6214FFFF	57162
F4CALL	0009AD6E	9BE00000	140
F4CALL	0009AD6E	E2E60000	549
F4CALL	40885032	40887824	29194
F4CALL	40885032	50300003	162
OPCODE	opcode	dispatches	percent
OPCODE	4E75	8188843	4.205879
OPCODE	F22E	4526705	2.324965
OPCODE	2008	3002830	1.542286
OPCODE	F200	2986762	1.534034
OPCODE	5343	2814982	1.445806
OPCODE	672E	2785648	1.430739
OPCODE	201B	2784663	1.430233
OPCODE	6ECA	2783760	1.429770
OPCODE	E788	2571583	1.320793
OPCODE	0C42	2487720	1.277720
OPCODE	4E5E	2475326	1.271355
OPCODE	4E56	2475325	1.271354
OPCODE	48E7	1992115	1.023172
OPCODE	4EBA	1859586	0.955104
OPCODE	241F	1787581	0.918121
OPCODE	2F02	1787322	0.917988
OPCODE	2F0A	1763339	0.905670
OPCODE	245F	1704511	0.875456
OPCODE	286E	1698683	0.872462
OPCODE	246F	1670266	0.857867
OPCODE	2F4A	1670094	0.857779
OPCODE	341A	1670094	0.857779
OPCODE	E588	1594815	0.819114
OPCODE	E589	1594024	0.818708
OPCODE	48C0	1512136	0.776650
OPCODE	4EF9	1381502	0.709555
OPCODE	205F	1336703	0.686545
OPCODE	2F70	1312534	0.674132
OPCODE	0442	1312010	0.673863
OPCODE	7000	1304846	0.670183
OPCODE	F232	1282520	0.658716
OPCODE	200C	1254315	0.644230
OPCODE	F230	1177600	0.604828
OPCODE	B0B8	1160486	0.596038
OPCODE	2F0C	1115448	0.572906
OPCODE	4CEE	1115335	0.572848
OPCODE	2E9F	1107050	0.568593
OPCODE	2F38	1027430	0.527699
OPCODE	4E71	1015776	0.521714
OPCODE	2040	1008769	0.518115
OPCODE	22D8	1005968	0.516676
OPCODE	4ED0	994022	0.510541
OPCODE	6006	965226	0.495751
OPCODE	3043	963176	0.494698
OPCODE	6100	931400	0.478377
OPCODE	0C97	902838	0.463707
OPCODE	225F	895275	0.459823
OPCODE	6EFA	894518	0.459434
OPCODE	4CDF	883189	0.453616
OPCODE	558F	872072	0.447906
OPCODE	3003	857428	0.440384
OPCODE	2209	829225	0.425899
OPCODE	2208	826028	0.424257
OPCODE	3044	825805	0.424142
OPCODE	3045	825603	0.424039
OPCODE	6706	815957	0.419084
OPCODE	2270	809698	0.415870
OPCODE	5242	798404	0.410069
OPCODE	F212	770560	0.395768
OPCODE	2073	768105	0.394507
OPCODE	2046	768020	0.394463
OPCODE	24AE	768010	0.394458
OPCODE	3042	768000	0.394453
OPCODE	3242	768000	0.394453
OPCODE	F231	768000	0.394453
OPCODE	C0B8	732859	0.376404
OPCODE	598F	730435	0.375159
OPCODE	0240	713594	0.366510
OPCODE	0838	687854	0.353289
OPCODE	6604	674495	0.346428
OPCODE	3029	640260	0.328845
OPCODE	2F08	633175	0.325206
OPCODE	0C40	632282	0.324747
OPCODE	2F09	630035	0.323593
OPCODE	6608	620126	0.318504
OPCODE	6700	614046	0.315381
OPCODE	486E	605518	0.311001
OPCODE	266E	604470	0.310462
OPCODE	66F2	581995	0.298919
OPCODE	2055	557036	0.286100
OPCODE	2250	552528	0.283784
OPCODE	41FA	541538	0.278140
OPCODE	661C	531953	0.273217
OPCODE	4A80	529614	0.272016
OPCODE	5243	489923	0.251630
OPCODE	6602	480204	0.246638
OPCODE	2A78	465239	0.238952
OPCODE	0C6C	464936	0.238796
OPCODE	2F01	453289	0.232814
OPCODE	584F	450983	0.231630
OPCODE	5240	443883	0.227983
OPCODE	4EB0	438476	0.225206
OPCODE	4A40	424000	0.217771
OPCODE	221F	423897	0.217718
OPCODE	D045	411742	0.211475
OPCODE	2047	411223	0.211209
OPCODE	3004	410062	0.210612
OPCODE	27AE	409600	0.210375
OPCODE	671A	409437	0.210291
OPCODE	2978	407674	0.209386
OPCODE	6708	402009	0.206476
OPCODE	6000	389100	0.199846
OPCODE	2F2E	387221	0.198881
OPCODE	0C38	386642	0.198584
OPCODE	7002	378050	0.194171
OPCODE	670E	373158	0.191658
OPCODE	47FA	363000	0.186441
OPCODE	3202	362098	0.185977
OPCODE	0242	358782	0.184274
OPCODE	7600	358450	0.184104
OPCODE	6530	358159	0.183954
OPCODE	1401	358121	0.183935
OPCODE	3200	354065	0.181852
OPCODE	6606	353360	0.181490
OPCODE	204B	353344	0.181481
OPCODE	200B	353289	0.181453
OPCODE	0C50	352283	0.180936
OPCODE	2070	351605	0.180588
OPCODE	4A11	351412	0.180489
OPCODE	4A1F	350012	0.179770
OPCODE	102C	349393	0.179452
OPCODE	6E26	348764	0.179129
OPCODE	6D20	348762	0.179128
OPCODE	B228	348761	0.179127
OPCODE	4881	348761	0.179127
OPCODE	9228	348758	0.179126
OPCODE	E541	348755	0.179124
OPCODE	A829	348211	0.178845
OPCODE	2A40	348195	0.178837
OPCODE	2078	339733	0.174491
OPCODE	2478	327258	0.168083
OPCODE	61FF	326474	0.167681
OPCODE	21CA	325248	0.167051
OPCODE	21CB	325024	0.166936
OPCODE	47FB	325009	0.166928
OPCODE	47F9	324968	0.166907
OPCODE	7601	322623	0.165703
OPCODE	504F	322332	0.165553
OPCODE	206D	318955	0.163819
OPCODE	7A00	299123	0.153633
OPCODE	1A2B	297975	0.153043
OPCODE	6AF8	296730	0.152404
OPCODE	2009	291519	0.149727
OPCODE	B0AC	291086	0.149505
OPCODE	285F	290905	0.149412
OPCODE	200D	290362	0.149133
OPCODE	206E	289222	0.148548
OPCODE	4A10	288531	0.148193
OPCODE	6704	286217	0.147004
OPCODE	6600	285673	0.146725
OPCODE	4A2C	265738	0.136486
OPCODE	317C	264784	0.135996
OPCODE	202E	259050	0.133051
OPCODE	0800	253578	0.130240
OPCODE	670C	252142	0.129503
OPCODE	660E	250743	0.128784
OPCODE	B3D6	243321	0.124972
OPCODE	6426	242965	0.124789
OPCODE	2211	240037	0.123286
OPCODE	6710	239453	0.122986
OPCODE	D3C1	238384	0.122437
OPCODE	C282	238382	0.122436
OPCODE	670A	237383	0.121923
OPCODE	426E	236767	0.121606
OPCODE	548F	236034	0.121230
OPCODE	301F	233749	0.120056
OPCODE	2F00	233438	0.119896
OPCODE	D1C0	233262	0.119806
OPCODE	2007	233196	0.119772
OPCODE	1D43	232810	0.119574
OPCODE	41ED	232541	0.119436
OPCODE	60F4	232531	0.119430
OPCODE	2D6C	232463	0.119396
OPCODE	B66E	231426	0.118863
OPCODE	0C43	230718	0.118499
OPCODE	D3C0	229419	0.117832
OPCODE	6C04	217060	0.111484
OPCODE	2D40	216901	0.111403
OPCODE	2F3A	215281	0.110571
OPCODE	0C6F	214389	0.110113
OPCODE	6724	212807	0.109300
OPCODE	5088	211453	0.108605
OPCODE	3005	209291	0.107494
OPCODE	2F3C	208813	0.107249
OPCODE	4267	208002	0.106832
OPCODE	262E	207483	0.106566
OPCODE	D043	206960	0.106297
OPCODE	D046	206901	0.106267
OPCODE	2E00	206512	0.106067
OPCODE	D044	206091	0.105851
OPCODE	224A	205891	0.105748
OPCODE	226F	205676	0.105637
OPCODE	3243	205169	0.105377
OPCODE	3F3C	204991	0.105286
OPCODE	6FE0	204800	0.105188
OPCODE	2878	204524	0.105046
OPCODE	2D4C	203989	0.104771
OPCODE	7400	203901	0.104726
OPCODE	A873	203420	0.104479
OPCODE	20AF	203420	0.104479
OPCODE	7001	196506	0.100928
OPCODE	6702	187261	0.096179
OPCODE	2400	186069	0.095567
OPCODE	2840	182209	0.093585
OPCODE	6720	182132	0.093545
OPCODE	661A	181810	0.093380
OPCODE	5188	180430	0.092671
OPCODE	4278	179975	0.092437
OPCODE	2002	179804	0.092349
OPCODE	2C78	177866	0.091354
OPCODE	1F38	177802	0.091321
OPCODE	11DF	177781	0.091310
OPCODE	2F14	177742	0.091290
OPCODE	2C40	177680	0.091258
OPCODE	2849	177650	0.091243
OPCODE	D9C3	177573	0.091203
OPCODE	908E	177573	0.091203
OPCODE	200E	177512	0.091172
OPCODE	6740	177321	0.091074
OPCODE	08F8	177287	0.091057
OPCODE	662C	176783	0.090798
OPCODE	70FF	176106	0.090450
OPCODE	594F	175590	0.090185
OPCODE	602A	175296	0.090034
OPCODE	0C5F	175108	0.089937
OPCODE	6E0C	175105	0.089936
OPCODE	3EB8	175096	0.089931
OPCODE	2EB8	174791	0.089775
OPCODE	295F	174755	0.089756
OPCODE	B0AB	174671	0.089713
OPCODE	E748	174575	0.089664
OPCODE	2D5F	174436	0.089592
OPCODE	2F30	174325	0.089535
OPCODE	B9F8	174299	0.089522
OPCODE	296B	174269	0.089506
OPCODE	6674	174248	0.089496
OPCODE	2A41	174246	0.089495
OPCODE	A88F	174246	0.089495
OPCODE	220D	174246	0.089495
OPCODE	66D2	174237	0.089490
OPCODE	65F2	174137	0.089439
OPCODE	A924	174130	0.089435
OPCODE	08B8	173164	0.088939
OPCODE	286D	172253	0.088471
OPCODE	302E	166320	0.085424
OPCODE	007C	166248	0.085387
OPCODE	51C8	162829	0.083631
OPCODE	6002	155900	0.080072
OPCODE	660A	154571	0.079389
OPCODE	3028	154092	0.079143
OPCODE	662A	152879	0.078520
OPCODE	286B	152442	0.078296
OPCODE	6B3A	151199	0.077657
OPCODE	6B0C	151004	0.077557
OPCODE	2240	150892	0.077500
OPCODE	202C	149828	0.076953
OPCODE	200A	149473	0.076771
OPCODE	4FEF	149427	0.076747
OPCODE	4EB9	149014	0.076535
OPCODE	6B00	148382	0.076211
OPCODE	2051	148365	0.076202
OPCODE	6130	147648	0.075834
OPCODE	2E08	147531	0.075774
OPCODE	3038	147494	0.075755
OPCODE	2C49	147397	0.075705
OPCODE	9DE8	147314	0.075662
OPCODE	2050	146981	0.075491
OPCODE	2278	146913	0.075456
OPCODE	6C18	146447	0.075217
OPCODE	6106	146070	0.075023
OPCODE	224C	145969	0.074971
OPCODE	4A6C	145931	0.074952
OPCODE	3D47	145875	0.074923
OPCODE	4A47	145573	0.074768
OPCODE	3014	145135	0.074543
OPCODE	0C52	145082	0.074516
OPCODE	3612	145047	0.074498
OPCODE	62EA	145030	0.074489
OPCODE	43EE	138770	0.071274
OPCODE	2068	134609	0.069137
OPCODE	2038	132047	0.067821
OPCODE	6F00	131995	0.067794
OPCODE	6712	131994	0.067794
OPCODE	4A38	130633	0.067095
OPCODE	4E90	130445	0.066998
OPCODE	2010	130240	0.066893
OPCODE	206B	129401	0.066462
OPCODE	4AB8	128595	0.066048
OPCODE	4ED1	125969	0.064699
OPCODE	0C00	122835	0.063089
OPCODE	6734	122624	0.062981
OPCODE	203A	121598	0.062454
OPCODE	6008	120126	0.061698
OPCODE	2668	119953	0.061609
OPCODE	2269	119257	0.061252
OPCODE	201F	118959	0.061099
OPCODE	0C68	118790	0.061012
OPCODE	2178	118223	0.060721
OPCODE	4A28	117951	0.060581
OPCODE	6730	117864	0.060536
OPCODE	1432	117209	0.060200
OPCODE	4247	116858	0.060020
OPCODE	554F	116829	0.060005
OPCODE	082A	116801	0.059990
OPCODE	220B	116494	0.059833
OPCODE	60EA	116376	0.059772
OPCODE	321A	116283	0.059724
OPCODE	2290	116204	0.059684
OPCODE	A874	116193	0.059678
OPCODE	2453	116166	0.059664
OPCODE	B243	116158	0.059660
OPCODE	2F2D	116147	0.059654
OPCODE	6F1C	116106	0.059633
OPCODE	266D	115635	0.059391
OPCODE	4207	115622	0.059385
OPCODE	246E	115117	0.059125
OPCODE	41EE	111626	0.057332
OPCODE	41EB	106636	0.054769
OPCODE	B646	102419	0.052604
OPCODE	40E7	99913	0.051316
OPCODE	46DF	99887	0.051303
OPCODE	4A68	97654	0.050156
OPCODE	6622	96438	0.049532
OPCODE	B7CC	96170	0.049394
OPCODE	51CA	94989	0.048787
OPCODE	2054	94895	0.048739
OPCODE	40C0	94570	0.048572
OPCODE	B280	94523	0.048548
OPCODE	6618	93896	0.048226
OPCODE	660C	93822	0.048188
OPCODE	2678	93687	0.048119
OPCODE	66F0	93408	0.047975
OPCODE	0801	92915	0.047722
OPCODE	2028	92761	0.047643
OPCODE	43E9	92053	0.047279
OPCODE	4A50	92007	0.047256
OPCODE	2F0B	91929	0.047216
OPCODE	6620	91904	0.047203
OPCODE	0829	91530	0.047011
OPCODE	6500	91079	0.046779
OPCODE	4EFB	91026	0.046752
OPCODE	0C80	91024	0.046751
OPCODE	663A	90942	0.046709
OPCODE	6004	90760	0.046615
OPCODE	43F8	90296	0.046377
OPCODE	4A43	89778	0.046111
OPCODE	6732	89539	0.045988
OPCODE	4A00	89369	0.045901
OPCODE	672A	89367	0.045900
OPCODE	6614	88907	0.045664
OPCODE	2640	88699	0.045557
OPCODE	1003	88573	0.045492
OPCODE	2014	88064	0.045231
OPCODE	41EA	87962	0.045178
OPCODE	3E1F	87914	0.045154
OPCODE	45FA	87776	0.045083
OPCODE	5540	87744	0.045066
OPCODE	5C4F	87659	0.045023
OPCODE	6026	87598	0.044991
OPCODE	08D1	87554	0.044969
OPCODE	2F07	87534	0.044958
OPCODE	486B	87519	0.044951
OPCODE	B093	87433	0.044907
OPCODE	4AAD	87175	0.044774
OPCODE	67F2	87145	0.044759
OPCODE	266C	87140	0.044756
OPCODE	6C12	87081	0.044726
OPCODE	4A53	87064	0.044717
OPCODE	2F0F	87056	0.044713
OPCODE	D4C7	87039	0.044704
OPCODE	4250	87022	0.044695
OPCODE	7004	86945	0.044656
OPCODE	B0AD	86512	0.044434
OPCODE	4A6D	86472	0.044413
OPCODE	1D47	86423	0.044388
OPCODE	C1FC	83562	0.042918
OPCODE	302C	79040	0.040596
OPCODE	C029	75758	0.038910
OPCODE	4880	74943	0.038492
OPCODE	4E7B	74687	0.038360
OPCODE	2448	73525	0.037763
OPCODE	0281	72914	0.037449
OPCODE	1080	72373	0.037172
OPCODE	203C	71544	0.036746
OPCODE	102E	70960	0.036446
OPCODE	3018	70398	0.036157
OPCODE	E9D0	70331	0.036123
OPCODE	5382	69332	0.035610
OPCODE	D685	69295	0.035591
OPCODE	2006	69134	0.035508
OPCODE	EFD1	69015	0.035447
OPCODE	DC84	68690	0.035280
OPCODE	2037	68688	0.035279
OPCODE	42AE	68060	0.034956
OPCODE	B1CB	67659	0.034750
OPCODE	700C	67548	0.034693
OPCODE	5340	67353	0.034593
OPCODE	76FF	65673	0.033730
OPCODE	46C0	65645	0.033716
OPCODE	6F04	65608	0.033697
OPCODE	222E	65212	0.033494
OPCODE	674C	64430	0.033092
OPCODE	0280	64355	0.033053
OPCODE	2251	63623	0.032677
OPCODE	3228	62992	0.032353
OPCODE	41F8	62765	0.032237
OPCODE	6E0A	62448	0.032074
OPCODE	4A05	62424	0.032062
OPCODE	42A8	62181	0.031937
OPCODE	204C	62143	0.031917
OPCODE	600A	61622	0.031650
OPCODE	2229	61508	0.031591
OPCODE	4AAE	61263	0.031465
OPCODE	2469	61257	0.031462
OPCODE	2215	61066	0.031364
OPCODE	60FF	60891	0.031274
OPCODE	6716	60459	0.031052
OPCODE	3238	60185	0.030912
OPCODE	F4E9	60162	0.030900
OPCODE	3010	60152	0.030895
OPCODE	0CAF	60088	0.030862
OPCODE	2E2E	59941	0.030786
OPCODE	B058	59860	0.030745
OPCODE	4E7A	59803	0.030715
OPCODE	7201	59790	0.030709
OPCODE	C2B8	59746	0.030686
OPCODE	20D9	59702	0.030664
OPCODE	4A07	59279	0.030446
OPCODE	6626	59277	0.030445
OPCODE	4AAB	59264	0.030439
OPCODE	2940	59138	0.030374
OPCODE	2253	59125	0.030367
OPCODE	3013	58934	0.030269
OPCODE	3232	58884	0.030243
OPCODE	3F2E	58870	0.030236
OPCODE	2F2F	58811	0.030206
OPCODE	508F	58703	0.030151
OPCODE	244B	58691	0.030144
OPCODE	6752	58684	0.030141
OPCODE	B06C	58648	0.030122
OPCODE	4A5F	58647	0.030122
OPCODE	6016	58625	0.030110
OPCODE	57C3	58594	0.030095
OPCODE	41E8	58593	0.030094
OPCODE	600E	58561	0.030078
OPCODE	4403	58502	0.030047
OPCODE	2F28	58456	0.030024
OPCODE	3F06	58454	0.030023
OPCODE	6638	58452	0.030022
OPCODE	B7FC	58443	0.030017
OPCODE	7006	58432	0.030011
OPCODE	DFC0	58361	0.029975
OPCODE	302D	58359	0.029974
OPCODE	0247	58334	0.029961
OPCODE	4878	58318	0.029953
OPCODE	2C00	58313	0.029950
OPCODE	4869	58309	0.029948
OPCODE	3D5F	58281	0.029934
OPCODE	6B12	58227	0.029906
OPCODE	663C	58223	0.029904
OPCODE	6632	58216	0.029900
OPCODE	7010	58180	0.029882
OPCODE	6746	58171	0.029877
OPCODE	207A	58169	0.029876
OPCODE	08AA	58156	0.029870
OPCODE	A049	58138	0.029860
OPCODE	0647	58132	0.029857
OPCODE	2238	58116	0.029849
OPCODE	6636	58110	0.029846
OPCODE	3218	58099	0.029840
OPCODE	2450	58094	0.029838
OPCODE	2D6D	58087	0.029834
OPCODE	62EC	58061	0.029821
OPCODE	2A81	58058	0.029819
OPCODE	676A	58058	0.029819
OPCODE	4A52	58055	0.029818
OPCODE	7012	58052	0.029816
OPCODE	6634	58051	0.029816
OPCODE	260C	58048	0.029814
OPCODE	C078	58047	0.029814
OPCODE	1141	58036	0.029808
OPCODE	4254	58035	0.029807
OPCODE	D8FC	58031	0.029805
OPCODE	1178	58030	0.029805
OPCODE	3F7A	58030	0.029805
OPCODE	1F05	58026	0.029803
OPCODE	1D5F	58026	0.029803
OPCODE	4A54	58021	0.029800
OPCODE	E359	58018	0.029799
OPCODE	5D43	58017	0.029798
OPCODE	303A	58015	0.029797
OPCODE	103A	58011	0.029795
OPCODE	677E	58010	0.029795
OPCODE	675A	58009	0.029794
OPCODE	D0A9	58004	0.029791
OPCODE	5543	58003	0.029791
OPCODE	70FC	57736	0.029654
OPCODE	224B	57728	0.029650
OPCODE	6C08	57600	0.029584
OPCODE	1EBC	57541	0.029554
OPCODE	B054	57532	0.029549
OPCODE	B051	57222	0.029390
OPCODE	38BC	57071	0.029312
OPCODE	C0A9	56790	0.029168
OPCODE	6722	55534	0.028523
OPCODE	6718	55216	0.028360
OPCODE	25AE	55020	0.028259
OPCODE	9082	54992	0.028244
OPCODE	422E	52299	0.026861
OPCODE	4258	49408	0.025376
OPCODE	5380	49174	0.025256
OPCODE	4840	48342	0.024829
OPCODE	D1C1	45971	0.023611
OPCODE	5244	45538	0.023389
OPCODE	0640	45535	0.023387
OPCODE	2210	45285	0.023259
OPCODE	F201	43908	0.022552
OPCODE	F620	43304	0.022241
OPCODE	4E73	43100	0.022137
OPCODE	48C1	42821	0.021993
OPCODE	0811	42728	0.021946
OPCODE	08A9	41820	0.021479
OPCODE	9240	40262	0.020679
OPCODE	7200	39325	0.020198
OPCODE	3204	39220	0.020144
OPCODE	3006	39130	0.020098
OPCODE	43FA	38920	0.019990
OPCODE	81FC	38611	0.019831
OPCODE	3940	38518	0.019783
OPCODE	4E93	38512	0.019780
OPCODE	3800	38499	0.019774
OPCODE	0641	38492	0.019770
OPCODE	83FC	38401	0.019723
OPCODE	21AE	38400	0.019723
OPCODE	2072	38400	0.019723
OPCODE	65A6	38353	0.019699
OPCODE	F227	38282	0.019662
OPCODE	6A44	38125	0.019581
OPCODE	707F	37885	0.019458
OPCODE	6D06	36963	0.018985
OPCODE	6714	36900	0.018952
OPCODE	6748	36257	0.018622
OPCODE	6616	36018	0.018499
OPCODE	0C01	36007	0.018494
OPCODE	2049	35987	0.018483
OPCODE	6A02	35937	0.018458
OPCODE	57C0	35404	0.018184
OPCODE	D081	35326	0.018144
OPCODE	6104	35280	0.018120
OPCODE	302F	35197	0.018078
OPCODE	6646	35089	0.018022
OPCODE	0891	35002	0.017977
OPCODE	2248	34827	0.017888
OPCODE	202D	34783	0.017865
OPCODE	307B	34756	0.017851
OPCODE	7217	34756	0.017851
OPCODE	0241	34726	0.017836
OPCODE	24D1	34582	0.017762
OPCODE	4AA8	34568	0.017755
OPCODE	2D7C	34538	0.017739
OPCODE	F23A	34141	0.017535
OPCODE	4A6E	33842	0.017382
OPCODE	4A94	33813	0.017367
OPCODE	43E8	33684	0.017300
OPCODE	671C	33667	0.017292
OPCODE	6404	33611	0.017263
OPCODE	3428	33597	0.017256
OPCODE	2011	33252	0.017079
OPCODE	2440	33251	0.017078
OPCODE	51CB	33083	0.016992
OPCODE	E149	32999	0.016949
OPCODE	2043	32928	0.016912
OPCODE	42A7	32924	0.016910
OPCODE	7E00	32784	0.016838
OPCODE	4E91	32767	0.016829
OPCODE	6728	32696	0.016793
OPCODE	6E04	32695	0.016793
OPCODE	E9D4	32659	0.016774
OPCODE	422C	32604	0.016746
OPCODE	4A2A	32602	0.016745
OPCODE	1F00	32410	0.016646
OPCODE	4A42	32299	0.016589
OPCODE	675C	32257	0.016568
OPCODE	F22C	32090	0.016482
OPCODE	6A04	32022	0.016447
OPCODE	275F	31962	0.016416
OPCODE	6E00	31833	0.016350
OPCODE	4A2D	31764	0.016314
OPCODE	101F	31737	0.016300
OPCODE	2D41	31624	0.016242
OPCODE	4A41	31496	0.016177
OPCODE	B1D6	31478	0.016167
OPCODE	56C8	31350	0.016102
OPCODE	6736	31254	0.016052
OPCODE	6B04	31153	0.016001
OPCODE	5448	31123	0.015985
OPCODE	9081	31040	0.015942
OPCODE	4868	31025	0.015935
OPCODE	720F	30987	0.015915
OPCODE	D480	30970	0.015907
OPCODE	5180	30939	0.015891
OPCODE	4A78	30915	0.015878
OPCODE	C210	30914	0.015878
OPCODE	3C2E	30901	0.015871
OPCODE	6726	30827	0.015833
OPCODE	4238	30823	0.015831
OPCODE	2242	30731	0.015784
OPCODE	6B16	30726	0.015781
OPCODE	226D	30651	0.015743
OPCODE	74F4	30642	0.015738
OPCODE	4642	30582	0.015707
OPCODE	2449	30522	0.015676
OPCODE	6010	30518	0.015674
OPCODE	D040	30416	0.015622
OPCODE	B050	30411	0.015619
OPCODE	7420	30354	0.015590
OPCODE	303C	30344	0.015585
OPCODE	3628	30325	0.015575
OPCODE	8481	30316	0.015571
OPCODE	9288	30314	0.015570
OPCODE	74FC	30314	0.015570
OPCODE	A055	30288	0.015556
OPCODE	2848	30248	0.015536
OPCODE	2412	30247	0.015535
OPCODE	672C	30230	0.015526
OPCODE	6FCA	30166	0.015494
OPCODE	4A2E	30125	0.015473
OPCODE	9242	30076	0.015447
OPCODE	6EC6	30002	0.015409
OPCODE	2442	29995	0.015406
OPCODE	4AAC	29974	0.015395
OPCODE	F569	29972	0.015394
OPCODE	3409	29972	0.015394
OPCODE	027C	29954	0.015385
OPCODE	0C28	29952	0.015384
OPCODE	E44A	29937	0.015376
OPCODE	544F	29935	0.015375
OPCODE	6506	29931	0.015373
OPCODE	6A0C	29926	0.015370
OPCODE	0C81	29898	0.015356
OPCODE	4A6A	29898	0.015356
OPCODE	6088	29879	0.015346
OPCODE	4A93	29868	0.015341
OPCODE	6014	29846	0.015329
OPCODE	2243	29814	0.015313
OPCODE	D0C2	29813	0.015312
OPCODE	C445	29812	0.015312
OPCODE	C644	29812	0.015312
OPCODE	E842	29812	0.015312
OPCODE	BB42	29812	0.015312
OPCODE	8642	29812	0.015312
OPCODE	3A04	29796	0.015304
OPCODE	6628	29769	0.015290
OPCODE	383C	29765	0.015288
OPCODE	D441	29763	0.015287
OPCODE	2F03	29759	0.015285
OPCODE	4645	29751	0.015280
OPCODE	B544	29751	0.015280
OPCODE	7405	29751	0.015280
OPCODE	4A2B	29741	0.015275
OPCODE	2A08	29738	0.015274
OPCODE	661E	29734	0.015272
OPCODE	2029	29732	0.015271
OPCODE	603C	29732	0.015271
OPCODE	6744	29725	0.015267
OPCODE	2D4B	29705	0.015257
OPCODE	226B	29692	0.015250
OPCODE	0C51	29689	0.015249
OPCODE	F23C	29676	0.015242
OPCODE	3141	29662	0.015235
OPCODE	6B06	29644	0.015225
OPCODE	F4F8	29643	0.015225
OPCODE	303B	29631	0.015219
OPCODE	43EB	29626	0.015216
OPCODE	6630	29616	0.015211
OPCODE	4400	29605	0.015205
OPCODE	0807	29590	0.015198
OPCODE	7009	29581	0.015193
OPCODE	265F	29579	0.015192
OPCODE	2600	29576	0.015191
OPCODE	2431	29576	0.015191
OPCODE	2D78	29575	0.015190
OPCODE	0C47	29556	0.015180
OPCODE	7802	29555	0.015180
OPCODE	60E2	29554	0.015179
OPCODE	30C0	29552	0.015178
OPCODE	7202	29533	0.015168
OPCODE	66E8	29528	0.015166
OPCODE	43EC	29515	0.015159
OPCODE	261F	29503	0.015153
OPCODE	208B	29494	0.015148
OPCODE	6B1E	29492	0.015147
OPCODE	6664	29492	0.015147
OPCODE	673C	29489	0.015146
OPCODE	B478	29483	0.015143
OPCODE	486C	29481	0.015142
OPCODE	720C	29477	0.015140
OPCODE	2F17	29476	0.015139
OPCODE	4EB2	29464	0.015133
OPCODE	0929	29464	0.015133
OPCODE	70E4	29464	0.015133
OPCODE	E542	29464	0.015133
OPCODE	6112	29453	0.015127
OPCODE	6028	29427	0.015114
OPCODE	7041	29418	0.015109
OPCODE	70EF	29418	0.015109
OPCODE	B252	29418	0.015109
OPCODE	268C	29417	0.015109
OPCODE	A204	29414	0.015107
OPCODE	30E9	29414	0.015107
OPCODE	2C10	29414	0.015107
OPCODE	B9CB	29398	0.015099
OPCODE	662E	29386	0.015093
OPCODE	A025	29386	0.015093
OPCODE	6054	29382	0.015091
OPCODE	504A	29381	0.015090
OPCODE	294B	29374	0.015087
OPCODE	6030	29321	0.015060
OPCODE	49EE	29307	0.015052
OPCODE	1940	29307	0.015052
OPCODE	6640	29305	0.015051
OPCODE	6D0E	29277	0.015037
OPCODE	A029	29274	0.015035
OPCODE	6624	29256	0.015026
OPCODE	382A	29254	0.015025
OPCODE	A02E	29250	0.015023
OPCODE	7003	29225	0.015010
OPCODE	6200	29224	0.015010
OPCODE	3C1F	29210	0.015003
OPCODE	D094	29209	0.015002
OPCODE	A02A	29207	0.015001
OPCODE	61DA	29203	0.014999
OPCODE	2B40	29198	0.014996
OPCODE	48C7	29190	0.014992
OPCODE	B094	29185	0.014990
OPCODE	9090	29181	0.014988
OPCODE	21EE	29179	0.014987
OPCODE	2E80	29175	0.014985
OPCODE	5C53	29169	0.014982
OPCODE	2E38	29169	0.014982
OPCODE	7204	29169	0.014982
OPCODE	4205	29168	0.014981
OPCODE	3017	29154	0.014974
OPCODE	5D4F	29144	0.014969
OPCODE	6300	29143	0.014968
OPCODE	610A	29143	0.014968
OPCODE	4246	29123	0.014958
OPCODE	2468	29123	0.014958
OPCODE	D359	29121	0.014957
OPCODE	4A04	29121	0.014957
OPCODE	D159	29121	0.014957
OPCODE	422D	29117	0.014955
OPCODE	6038	29111	0.014952
OPCODE	1E03	29108	0.014950
OPCODE	6A12	29103	0.014948
OPCODE	61EE	29101	0.014947
OPCODE	422F	29092	0.014942
OPCODE	2D6B	29092	0.014942
OPCODE	5740	29091	0.014941
OPCODE	3E2A	29083	0.014937
OPCODE	3E00	29080	0.014936
OPCODE	6754	29078	0.014935
OPCODE	1C2E	29077	0.014934
OPCODE	630A	29072	0.014932
OPCODE	67F8	29070	0.014931
OPCODE	526C	29067	0.014929
OPCODE	66A8	29066	0.014929
OPCODE	3F40	29066	0.014929
OPCODE	70FE	29065	0.014928
OPCODE	2D54	29064	0.014928
OPCODE	3D46	29060	0.014926
OPCODE	22B8	29060	0.014926
OPCODE	61E2	29057	0.014924
OPCODE	A01C	29057	0.014924
OPCODE	2F6C	29056	0.014923
OPCODE	D7CC	29055	0.014923
OPCODE	61BC	29055	0.014923
OPCODE	6F3E	29055	0.014923
OPCODE	2D70	29055	0.014923
OPCODE	247A	29053	0.014922
OPCODE	703C	29050	0.014920
OPCODE	701E	29041	0.014916
OPCODE	21EB	29041	0.014916
OPCODE	95CA	29041	0.014916
OPCODE	296A	29041	0.014916
OPCODE	9091	29041	0.014916
OPCODE	676C	29037	0.014914
OPCODE	426F	29036	0.014913
OPCODE	276E	29034	0.014912
OPCODE	A871	29034	0.014912
OPCODE	E540	29031	0.014911
OPCODE	522E	29029	0.014910
OPCODE	6E5A	29028	0.014909
OPCODE	E940	29027	0.014909
OPCODE	6650	29026	0.014908
OPCODE	2F7A	29026	0.014908
OPCODE	7240	29026	0.014908
OPCODE	5C8F	29024	0.014907
OPCODE	E358	29021	0.014906
OPCODE	3A38	29020	0.014905
OPCODE	6678	29020	0.014905
OPCODE	4204	29019	0.014904
OPCODE	1A2E	29019	0.014904
OPCODE	1969	29019	0.014904
OPCODE	A970	29019	0.014904
OPCODE	3146	29019	0.014904
OPCODE	287A	29019	0.014904
OPCODE	1978	29019	0.014904
OPCODE	0254	29019	0.014904
OPCODE	536C	29018	0.014904
OPCODE	665A	29016	0.014903
OPCODE	BE46	29015	0.014902
OPCODE	B9DF	29015	0.014902
OPCODE	A030	29012	0.014901
OPCODE	721A	29011	0.014900
OPCODE	227B	29011	0.014900
OPCODE	A0DD	29011	0.014900
OPCODE	ABF7	29011	0.014900
OPCODE	362C	29011	0.014900
OPCODE	A97F	29011	0.014900
OPCODE	A9B4	29011	0.014900
OPCODE	9CAA	29010	0.014900
OPCODE	4A97	29010	0.014900
OPCODE	C038	29008	0.014899
OPCODE	633C	29008	0.014899
OPCODE	A8AE	29008	0.014899
OPCODE	0C59	29008	0.014899
OPCODE	143A	29008	0.014899
OPCODE	2851	29008	0.014899
OPCODE	A031	29006	0.014898
OPCODE	60FA	29005	0.014897
OPCODE	2638	29004	0.014897
OPCODE	60B6	29003	0.014896
OPCODE	3638	29003	0.014896
OPCODE	6D16	29003	0.014896
OPCODE	51D0	29003	0.014896
OPCODE	3412	29003	0.014896
OPCODE	50D0	29003	0.014896
OPCODE	6E3A	29002	0.014896
OPCODE	1A07	29002	0.014896
OPCODE	A972	29002	0.014896
OPCODE	6F48	29001	0.014895
OPCODE	3083	28999	0.014894
OPCODE	A911	28999	0.014894
OPCODE	6F8A	28999	0.014894
OPCODE	4293	28998	0.014894
OPCODE	A980	28998	0.014894
OPCODE	67B2	28996	0.014893
OPCODE	6518	28981	0.014885
OPCODE	E048	28873	0.014829
OPCODE	602C	28805	0.014795
OPCODE	6F16	28731	0.014757
OPCODE	102D	28621	0.014700
OPCODE	322F	28602	0.014690
OPCODE	4EF0	28595	0.014687
OPCODE	B9ED	28568	0.014673
OPCODE	A8E2	28515	0.014646
OPCODE	6212	28491	0.014633
OPCODE	8041	28490	0.014633
OPCODE	B7C9	28435	0.014605
OPCODE	B189	28428	0.014601
OPCODE	3E10	28428	0.014601
OPCODE	66D6	28427	0.014600
OPCODE	66D0	28415	0.014594
OPCODE	43ED	28411	0.014592
OPCODE	2B49	28403	0.014588
OPCODE	3806	28400	0.014587
OPCODE	D1C4	28007	0.014385
OPCODE	2810	27921	0.014341
OPCODE	C8B8	27801	0.014279
OPCODE	D7C0	27765	0.014260
OPCODE	6FB0	25700	0.013200
OPCODE	3C04	25561	0.013128
OPCODE	BC45	25560	0.013128
OPCODE	082B	25550	0.013123
OPCODE	DC6E	25500	0.013097
OPCODE	51CF	25265	0.012976
OPCODE	1033	23416	0.012027
OPCODE	F623	23280	0.011957
OPCODE	2228	22852	0.011737
OPCODE	1010	22195	0.011400
OPCODE	6CF4	21678	0.011134
OPCODE	E9EE	20884	0.010726
OPCODE	382E	20799	0.010683
OPCODE	2C2E	20583	0.010572
OPCODE	6FA8	20369	0.010462
OPCODE	7401	20270	0.010411
OPCODE	0C44	20181	0.010365
OPCODE	082E	19938	0.010240
OPCODE	5368	19906	0.010224
OPCODE	4A13	19879	0.010210
OPCODE	3F04	19731	0.010134
OPCODE	3A2E	19638	0.010086
OPCODE	3F05	19591	0.010062
OPCODE	4292	19261	0.009893
OPCODE	6052	19249	0.009886
OPCODE	6FCC	19200	0.009861
OPCODE	4680	19136	0.009828
OPCODE	584C	19040	0.009779
OPCODE	D3CE	18491	0.009497
OPCODE	2013	18311	0.009405
OPCODE	8195	18034	0.009262
OPCODE	C1C5	17780	0.009132
OPCODE	C084	17180	0.008824
OPCODE	1018	16876	0.008668
OPCODE	F22A	16800	0.008629
OPCODE	57CC	16697	0.008576
OPCODE	51CC	16544	0.008497
OPCODE	2212	16459	0.008454
OPCODE	B86E	16420	0.008433
OPCODE	B041	16258	0.008350
OPCODE	7008	15847	0.008139
OPCODE	B3DA	15606	0.008015
OPCODE	B7CA	15522	0.007972
OPCODE	C085	15444	0.007932
OPCODE	F210	15316	0.007866
OPCODE	B5CB	15297	0.007857
OPCODE	819D	14625	0.007512
OPCODE	D5C1	14590	0.007494
OPCODE	C1C6	14420	0.007406
OPCODE	2ADC	14410	0.007401
OPCODE	6B14	13925	0.007152
OPCODE	5342	13758	0.007066
OPCODE	4A29	13570	0.006970
OPCODE	D0AC	13438	0.006902
OPCODE	24D9	13264	0.006813
OPCODE	4240	13231	0.006796
OPCODE	422B	12898	0.006625
OPCODE	4A83	12790	0.006569
OPCODE	4841	12771	0.006559
OPCODE	D010	12762	0.006555
OPCODE	08EB	12744	0.006545
OPCODE	7230	12742	0.006544
OPCODE	11A9	12742	0.006544
OPCODE	B311	12742	0.006544
OPCODE	0A11	12742	0.006544
OPCODE	4A14	12741	0.006544
OPCODE	284A	12731	0.006539
OPCODE	65CA	12682	0.006514
OPCODE	6A1E	12625	0.006484
OPCODE	66FF	12581	0.006462
OPCODE	C082	12351	0.006344
OPCODE	C1C3	12320	0.006328
OPCODE	7040	12283	0.006309
OPCODE	202B	12189	0.006260
OPCODE	D9CA	12058	0.006193
OPCODE	DBCB	12058	0.006193
OPCODE	C086	11730	0.006025
OPCODE	BE8B	11723	0.006021
OPCODE	1200	11665	0.005991
OPCODE	F21F	11257	0.005782
OPCODE	51CE	11184	0.005744
OPCODE	2268	11027	0.005664
OPCODE	3219	10693	0.005492
OPCODE	F327	10460	0.005372
OPCODE	0C2F	10442	0.005363
OPCODE	0817	10442	0.005363
OPCODE	3408	10303	0.005292
OPCODE	D4C0	10129	0.005202
OPCODE	2005	10104	0.005190
OPCODE	0286	9720	0.004992
OPCODE	4A84	9646	0.004954
OPCODE	2214	9557	0.004909
OPCODE	C081	9512	0.004885
OPCODE	0284	9485	0.004872
OPCODE	65AA	9480	0.004869
OPCODE	E88C	9465	0.004861
OPCODE	2C14	9463	0.004860
OPCODE	D9C6	9458	0.004858
OPCODE	B9D0	9456	0.004857
OPCODE	1814	9448	0.004853
OPCODE	226C	9436	0.004846
OPCODE	B084	9390	0.004823
OPCODE	C087	9312	0.004783
OPCODE	1CD4	9216	0.004733
OPCODE	16F4	9216	0.004733
OPCODE	DE84	9216	0.004733
OPCODE	6FE4	8991	0.004618
OPCODE	2D48	8883	0.004562
OPCODE	D1EB	8881	0.004561
OPCODE	2AC6	8844	0.004542
OPCODE	588F	8825	0.004533
OPCODE	122B	8800	0.004520
OPCODE	137C	8676	0.004456
OPCODE	B692	8664	0.004450
OPCODE	57CD	8664	0.004450
OPCODE	6D00	8629	0.004432
OPCODE	D9C1	8381	0.004305
OPCODE	1017	8326	0.004276
OPCODE	4845	8235	0.004230
OPCODE	4E74	7993	0.004105
OPCODE	51C9	7900	0.004058
OPCODE	264F	7859	0.004036
OPCODE	BF80	7854	0.004034
OPCODE	2200	7734	0.003972
OPCODE	1038	7670	0.003939
OPCODE	2069	7560	0.003883
OPCODE	F518	7476	0.003840
OPCODE	11C1	7476	0.003840
OPCODE	B440	7322	0.003761
OPCODE	102B	7309	0.003754
OPCODE	226E	7280	0.003739
OPCODE	7220	7264	0.003731
OPCODE	2A00	7260	0.003729
OPCODE	B380	7213	0.003705
OPCODE	22C5	7204	0.003700
OPCODE	0200	7202	0.003699
OPCODE	C083	7189	0.003692
OPCODE	1CEC	7168	0.003682
OPCODE	3099	7154	0.003674
OPCODE	601C	7007	0.003599
OPCODE	1418	7000	0.003595
OPCODE	E088	6999	0.003595
OPCODE	12C0	6963	0.003576
OPCODE	DC83	6912	0.003550
OPCODE	D002	6912	0.003550
OPCODE	D282	6894	0.003541
OPCODE	201A	6840	0.003513
OPCODE	429A	6816	0.003501
OPCODE	42AA	6793	0.003489
OPCODE	00AE	6790	0.003487
OPCODE	6168	6699	0.003441
OPCODE	22FB	6656	0.003419
OPCODE	6A10	6566	0.003372
OPCODE	BBCB	6553	0.003366
OPCODE	022B	6506	0.003342
OPCODE	4A02	6451	0.003313
OPCODE	002B	6435	0.003305
OPCODE	72FF	6410	0.003292
OPCODE	6170	6397	0.003286
OPCODE	1743	6383	0.003278
OPCODE	6794	6379	0.003276
OPCODE	162B	6377	0.003275
OPCODE	08AB	6375	0.003274
OPCODE	6126	6373	0.003273
OPCODE	1343	6371	0.003272
OPCODE	0029	6371	0.003272
OPCODE	176B	6371	0.003272
OPCODE	7640	6371	0.003272
OPCODE	617A	6371	0.003272
OPCODE	E90B	6371	0.003272
OPCODE	0003	6371	0.003272
OPCODE	E809	6371	0.003272
OPCODE	4483	6371	0.003272
OPCODE	6A4E	6371	0.003272
OPCODE	1601	6371	0.003272
OPCODE	C600	6371	0.003272
OPCODE	C211	6371	0.003272
OPCODE	0211	6371	0.003272
OPCODE	1741	6371	0.003272
OPCODE	C12B	6371	0.003272
OPCODE	4A01	6268	0.003219
OPCODE	671E	6228	0.003199
OPCODE	396C	6221	0.003195
OPCODE	4A85	6217	0.003193
OPCODE	7080	6210	0.003190
OPCODE	8029	6210	0.003190
OPCODE	6FAA	6161	0.003164
OPCODE	600C	6119	0.003143
OPCODE	B085	6061	0.003113
OPCODE	0285	6035	0.003100
OPCODE	1A14	6032	0.003098
OPCODE	E88D	6032	0.003098
OPCODE	B3CA	6012	0.003088
OPCODE	3D40	6010	0.003087
OPCODE	60B0	6004	0.003084
OPCODE	D8C8	5976	0.003069
OPCODE	DAC8	5976	0.003069
OPCODE	41E9	5916	0.003039
OPCODE	6D34	5901	0.003031
OPCODE	81AE	5861	0.003010
OPCODE	60C8	5858	0.003009
OPCODE	C195	5820	0.002989
OPCODE	6A18	5813	0.002986
OPCODE	204A	5807	0.002983
OPCODE	67F6	5642	0.002898
OPCODE	E298	5640	0.002897
OPCODE	1013	5587	0.002870
OPCODE	740F	5549	0.002850
OPCODE	E5A8	5540	0.002845
OPCODE	1232	5520	0.002835
OPCODE	2004	5420	0.002784
OPCODE	6A16	5402	0.002775
OPCODE	C284	5361	0.002753
OPCODE	56CB	5359	0.002752
OPCODE	6B02	5339	0.002742
OPCODE	C004	5320	0.002732
OPCODE	D0F0	5319	0.002732
OPCODE	6F12	5285	0.002714
OPCODE	D2F1	5283	0.002713
OPCODE	48EE	5249	0.002696
OPCODE	802E	5229	0.002686
OPCODE	0401	5221	0.002682
OPCODE	EDC0	5221	0.002682
OPCODE	C02E	5221	0.002682
OPCODE	6610	5189	0.002665
OPCODE	D881	5162	0.002651
OPCODE	2601	5128	0.002634
OPCODE	4A12	5083	0.002611
OPCODE	2415	5032	0.002584
OPCODE	342E	4937	0.002536
OPCODE	B181	4913	0.002523
OPCODE	487A	4908	0.002521
OPCODE	DACB	4902	0.002518
OPCODE	2AC0	4873	0.002503
OPCODE	3230	4767	0.002448
OPCODE	B1CA	4733	0.002431
OPCODE	65D4	4727	0.002428
OPCODE	6900	4714	0.002421
OPCODE	2411	4631	0.002379
OPCODE	43F0	4629	0.002378
OPCODE	B641	4584	0.002354
OPCODE	D281	4569	0.002347
OPCODE	2003	4550	0.002337
OPCODE	4EAD	4538	0.002331
OPCODE	206F	4528	0.002326
OPCODE	3019	4502	0.002312
OPCODE	6B50	4480	0.002301
OPCODE	34FC	4477	0.002299
OPCODE	3206	4470	0.002296
OPCODE	6B10	4443	0.002282
OPCODE	536E	4347	0.002233
OPCODE	2D49	4332	0.002225
OPCODE	E9D3	4326	0.002222
OPCODE	2854	4321	0.002219
OPCODE	1029	4313	0.002215
OPCODE	D280	4307	0.002212
OPCODE	C3C0	4224	0.002169
OPCODE	9243	4200	0.002157
OPCODE	1229	4123	0.002118
OPCODE	2619	4119	0.002116
OPCODE	2428	4098	0.002105
OPCODE	E288	4043	0.002077
OPCODE	2452	4031	0.002070
OPCODE	E881	4004	0.002056
OPCODE	E548	3942	0.002025
OPCODE	51CD	3910	0.002008
OPCODE	8081	3904	0.002005
OPCODE	6E22	3892	0.001999
OPCODE	B3F8	3873	0.001989
OPCODE	674A	3871	0.001988
OPCODE	8480	3868	0.001987
OPCODE	2A82	3862	0.001984
OPCODE	C485	3862	0.001984
OPCODE	103B	3861	0.001983
OPCODE	22C0	3841	0.001973
OPCODE	6B0E	3825	0.001965
OPCODE	4241	3802	0.001953
OPCODE	9440	3801	0.001952
OPCODE	34C0	3781	0.001942
OPCODE	E449	3764	0.001933
OPCODE	D0AE	3746	0.001924
OPCODE	E080	3720	0.001911
OPCODE	3D6E	3689	0.001895
OPCODE	601E	3686	0.001893
OPCODE	0642	3683	0.001892
OPCODE	266B	3680	0.001890
OPCODE	7603	3673	0.001886
OPCODE	9481	3650	0.001875
OPCODE	B06E	3617	0.001858
OPCODE	F211	3614	0.001856
OPCODE	F219	3614	0.001856
OPCODE	2089	3590	0.001844
OPCODE	D080	3584	0.001841
OPCODE	4844	3582	0.001840
OPCODE	2059	3576	0.001837
OPCODE	C4B8	3563	0.001830
OPCODE	C2FC	3557	0.001827
OPCODE	B202	3523	0.001809
OPCODE	1429	3523	0.001809
OPCODE	D245	3504	0.001800
OPCODE	9087	3489	0.001792
OPCODE	D3C2	3489	0.001792
OPCODE	2080	3485	0.001790
OPCODE	0880	3483	0.001789
OPCODE	B846	3475	0.001785
OPCODE	3805	3468	0.001781
OPCODE	2A19	3467	0.001781
OPCODE	E999	3467	0.001781
OPCODE	3819	3467	0.001781
OPCODE	D981	3467	0.001781
OPCODE	4401	3467	0.001781
OPCODE	A193	3467	0.001781
OPCODE	9381	3467	0.001781
OPCODE	E899	3467	0.001781
OPCODE	9681	3467	0.001781
OPCODE	0685	3459	0.001777
OPCODE	61C6	3453	0.001773
OPCODE	65E6	3448	0.001771
OPCODE	B842	3447	0.001770
OPCODE	6D18	3443	0.001768
OPCODE	6114	3399	0.001746
OPCODE	B081	3391	0.001742
OPCODE	2018	3377	0.001734
OPCODE	60BC	3364	0.001728
OPCODE	6446	3361	0.001726
OPCODE	4681	3359	0.001725
OPCODE	E980	3314	0.001702
OPCODE	45EE	3290	0.001690
OPCODE	6756	3245	0.001667
OPCODE	6E08	3216	0.001652
OPCODE	C100	3200	0.001644
OPCODE	676E	3184	0.001635
OPCODE	3D42	3167	0.001627
OPCODE	6B2A	3164	0.001625
OPCODE	0201	3159	0.001622
OPCODE	78FF	3149	0.001617
OPCODE	D5CE	3147	0.001616
OPCODE	2204	3146	0.001616
OPCODE	EA46	3144	0.001615
OPCODE	1E80	3143	0.001614
OPCODE	D0FB	3142	0.001614
OPCODE	227A	3135	0.001610
OPCODE	282A	3132	0.001609
OPCODE	67E8	3129	0.001607
OPCODE	D041	3121	0.001603
OPCODE	286A	3114	0.001599
OPCODE	357C	3108	0.001596
OPCODE	E808	3107	0.001596
OPCODE	262A	3105	0.001595
OPCODE	52A9	3105	0.001595
OPCODE	0197	3105	0.001595
OPCODE	D1AE	3095	0.001590
OPCODE	6A34	3091	0.001588
OPCODE	D7CE	3091	0.001588
OPCODE	D243	3048	0.001565
OPCODE	0812	3046	0.001564
OPCODE	3012	3033	0.001558
OPCODE	0828	3030	0.001556
OPCODE	67F4	3017	0.001550
OPCODE	6A0A	3017	0.001550
OPCODE	B388	3015	0.001549
OPCODE	1014	3012	0.001547
OPCODE	E888	2995	0.001538
OPCODE	2447	2995	0.001538
OPCODE	B3C8	2988	0.001535
OPCODE	2800	2978	0.001530
OPCODE	C703	2912	0.001496
OPCODE	C301	2912	0.001496
OPCODE	CB05	2912	0.001496
OPCODE	C502	2912	0.001496
OPCODE	C904	2912	0.001496
OPCODE	6402	2901	0.001490
OPCODE	4218	2790	0.001433
OPCODE	D481	2788	0.001432
OPCODE	4643	2732	0.001403
OPCODE	2081	2704	0.001389
OPCODE	32D8	2695	0.001384
OPCODE	3A00	2694	0.001384
OPCODE	B1AE	2684	0.001379
OPCODE	6B7C	2684	0.001379
OPCODE	4210	2631	0.001351
OPCODE	B480	2631	0.001351
OPCODE	9041	2620	0.001346
OPCODE	3D41	2606	0.001338
OPCODE	6738	2598	0.001334
OPCODE	C440	2596	0.001333
OPCODE	6538	2579	0.001325
OPCODE	6D1C	2569	0.001319
OPCODE	3480	2560	0.001315
OPCODE	E098	2560	0.001315
OPCODE	B458	2560	0.001315
OPCODE	2A09	2550	0.001310
OPCODE	5345	2542	0.001306
OPCODE	B258	2511	0.001290
OPCODE	7800	2511	0.001290
OPCODE	B658	2479	0.001273
OPCODE	2245	2478	0.001273
OPCODE	B858	2478	0.001273
OPCODE	2D6E	2470	0.001269
OPCODE	2D68	2449	0.001258
OPCODE	E9D2	2448	0.001257
OPCODE	2AC1	2448	0.001257
OPCODE	0686	2448	0.001257
OPCODE	28C4	2448	0.001257
OPCODE	8287	2448	0.001257
OPCODE	2815	2448	0.001257
OPCODE	CE81	2448	0.001257
OPCODE	2053	2447	0.001257
OPCODE	B2A9	2439	0.001253
OPCODE	D2B1	2433	0.001250
OPCODE	BA6E	2429	0.001248
OPCODE	52B8	2417	0.001241
OPCODE	B5CC	2380	0.001222
OPCODE	46FC	2378	0.001221
OPCODE	2341	2368	0.001216
OPCODE	B070	2368	0.001216
OPCODE	BFD1	2362	0.001213
OPCODE	BFC0	2362	0.001213
OPCODE	60CC	2350	0.001207
OPCODE	322E	2344	0.001204
OPCODE	B580	2340	0.001202
OPCODE	701F	2312	0.001187
OPCODE	7801	2307	0.001185
OPCODE	D2AE	2299	0.001181
OPCODE	24C6	2292	0.001177
OPCODE	62D8	2290	0.001176
OPCODE	3400	2268	0.001165
OPCODE	3601	2244	0.001153
OPCODE	6A06	2227	0.001144
OPCODE	2470	2216	0.001138
OPCODE	E9E9	2216	0.001138
OPCODE	6F0A	2213	0.001137
OPCODE	02AE	2212	0.001136
OPCODE	0680	2212	0.001136
OPCODE	4A90	2205	0.001133
OPCODE	28C5	2187	0.001123
OPCODE	6416	2183	0.001121
OPCODE	50EE	2178	0.001119
OPCODE	4870	2177	0.001118
OPCODE	2241	2174	0.001117
OPCODE	66A0	2161	0.001110
OPCODE	654E	2143	0.001101
OPCODE	3C01	2130	0.001094
OPCODE	B5C8	2128	0.001093
OPCODE	B091	2127	0.001092
OPCODE	3205	2124	0.001091
OPCODE	B847	2120	0.001089
OPCODE	2654	2113	0.001085
OPCODE	9045	2104	0.001081
OPCODE	9245	2100	0.001079
OPCODE	C3C3	2100	0.001079
OPCODE	C3C5	2100	0.001079
OPCODE	7007	2080	0.001068
OPCODE	2D4F	2075	0.001066
OPCODE	B681	2070	0.001063
OPCODE	3007	2055	0.001055
OPCODE	5141	2014	0.001034
OPCODE	34C1	2011	0.001033
OPCODE	2001	2009	0.001032
OPCODE	3203	1987	0.001021
OPCODE	91AE	1987	0.001021
OPCODE	0C45	1986	0.001020
OPCODE	2D59	1978	0.001016
OPCODE	2378	1977	0.001015
OPCODE	24C0	1951	0.001002
OPCODE	302B	1949	0.001001
OPCODE	D2C1	1947	0.001000
OPCODE	584B	1938	0.000995
OPCODE	B042	1938	0.000995
OPCODE	2034	1911	0.000982
OPCODE	D442	1904	0.000978
OPCODE	673A	1898	0.000975
OPCODE	9280	1891	0.000971
OPCODE	47EB	1883	0.000967
OPCODE	5246	1880	0.000966
OPCODE	6420	1874	0.000963
OPCODE	D444	1839	0.000945
OPCODE	6612	1826	0.000938
OPCODE	5341	1823	0.000936
OPCODE	3E3C	1809	0.000929
OPCODE	2618	1802	0.000926
OPCODE	366E	1802	0.000926
OPCODE	C447	1800	0.000924
OPCODE	EFC6	1800	0.000924
OPCODE	E9C5	1800	0.000924
OPCODE	1B40	1798	0.000923
OPCODE	E16B	1797	0.000923
OPCODE	20FB	1784	0.000916
OPCODE	4242	1772	0.000910
OPCODE	3403	1768	0.000908
OPCODE	4843	1766	0.000907
OPCODE	D0FC	1761	0.000904
OPCODE	41F0	1756	0.000902
OPCODE	BE6E	1741	0.000894
OPCODE	1212	1734	0.000891
OPCODE	4EFA	1733	0.000890
OPCODE	3818	1730	0.000889
OPCODE	6EAE	1728	0.000888
OPCODE	1019	1723	0.000885
OPCODE	0C05	1719	0.000883
OPCODE	C247	1714	0.000880
OPCODE	5247	1697	0.000872
OPCODE	1A19	1693	0.000870
OPCODE	280A	1692	0.000869
OPCODE	9A6E	1681	0.000863
OPCODE	3D7C	1678	0.000862
OPCODE	4A46	1675	0.000860
OPCODE	60C0	1674	0.000860
OPCODE	4227	1666	0.000856
OPCODE	2A01	1665	0.000855
OPCODE	48AE	1649	0.000847
OPCODE	4440	1647	0.000846
OPCODE	302A	1645	0.000845
OPCODE	3C02	1645	0.000845
OPCODE	0C6E	1644	0.000844
OPCODE	3F00	1633	0.000839
OPCODE	663E	1628	0.000836
OPCODE	4481	1626	0.000835
OPCODE	4C00	1626	0.000835
OPCODE	2483	1617	0.000831
OPCODE	4ED2	1616	0.000830
OPCODE	6012	1614	0.000829
OPCODE	9C44	1613	0.000828
OPCODE	DBC4	1609	0.000826
OPCODE	5848	1607	0.000825
OPCODE	12DC	1594	0.000819
OPCODE	D443	1591	0.000817
OPCODE	3630	1591	0.000817
OPCODE	62B4	1581	0.000812
OPCODE	D8AE	1581	0.000812
OPCODE	D9AE	1581	0.000812
OPCODE	E04B	1581	0.000812
OPCODE	2830	1581	0.000812
OPCODE	D66E	1581	0.000812
OPCODE	1D6E	1580	0.000812
OPCODE	5149	1575	0.000809
OPCODE	E169	1574	0.000808
OPCODE	3D70	1574	0.000808
OPCODE	22DF	1573	0.000808
OPCODE	20C0	1573	0.000808
OPCODE	C8C0	1572	0.000807
OPCODE	380B	1572	0.000807
OPCODE	E4A4	1572	0.000807
OPCODE	E54E	1572	0.000807
OPCODE	E29C	1572	0.000807
OPCODE	3C03	1572	0.000807
OPCODE	E16A	1572	0.000807
OPCODE	D9C4	1572	0.000807
OPCODE	DE2E	1572	0.000807
OPCODE	E384	1572	0.000807
OPCODE	DAC6	1572	0.000807
OPCODE	2F11	1570	0.000806
OPCODE	B0AE	1570	0.000806
OPCODE	22E8	1568	0.000805
OPCODE	18D8	1566	0.000804
OPCODE	3250	1562	0.000802
OPCODE	7020	1562	0.000802
OPCODE	D0C9	1561	0.000802
OPCODE	2246	1561	0.000802
OPCODE	B3FA	1561	0.000802
OPCODE	486F	1546	0.000794
OPCODE	56EE	1533	0.000787
OPCODE	2438	1528	0.000785
OPCODE	91C8	1526	0.000784
OPCODE	93C9	1522	0.000782
OPCODE	5346	1519	0.000780
OPCODE	2A0E	1514	0.000778
OPCODE	8310	1510	0.000776
OPCODE	5181	1510	0.000776
OPCODE	0210	1510	0.000776
OPCODE	2052	1507	0.000774
OPCODE	2C05	1505	0.000773
OPCODE	DACC	1504	0.000772
OPCODE	2044	1503	0.000772
OPCODE	11FC	1502	0.000771
OPCODE	4842	1494	0.000767
OPCODE	5245	1494	0.000767
OPCODE	673E	1484	0.000762
OPCODE	CF46	1482	0.000761
OPCODE	0810	1474	0.000757
OPCODE	74FF	1464	0.000752
OPCODE	206C	1464	0.000752
OPCODE	6C00	1455	0.000747
OPCODE	4A69	1455	0.000747
OPCODE	6E28	1451	0.000745
OPCODE	0480	1447	0.000743
OPCODE	BBFC	1446	0.000743
OPCODE	4EED	1446	0.000743
OPCODE	202A	1445	0.000742
OPCODE	0440	1443	0.000741
OPCODE	0C2D	1440	0.000740
OPCODE	4C98	1430	0.000734
OPCODE	3001	1428	0.000733
OPCODE	22DC	1424	0.000731
OPCODE	65E2	1418	0.000728
OPCODE	D06E	1406	0.000722
OPCODE	5542	1406	0.000722
OPCODE	D680	1399	0.000719
OPCODE	0080	1399	0.000719
OPCODE	2488	1398	0.000718
OPCODE	362E	1389	0.000713
OPCODE	D853	1384	0.000711
OPCODE	504B	1384	0.000711
OPCODE	6B26	1382	0.000710
OPCODE	4A6B	1379	0.000708
OPCODE	B9EE	1375	0.000706
OPCODE	2145	1372	0.000705
OPCODE	3406	1358	0.000697
OPCODE	177C	1358	0.000697
OPCODE	3046	1358	0.000697
OPCODE	66E0	1357	0.000697
OPCODE	3619	1354	0.000695
OPCODE	2041	1349	0.000693
OPCODE	E28A	1348	0.000692
OPCODE	0C41	1340	0.000688
OPCODE	6022	1340	0.000688
OPCODE	C480	1335	0.000686
OPCODE	4443	1330	0.000683
OPCODE	96C4	1328	0.000682
OPCODE	94C4	1328	0.000682
OPCODE	DC43	1328	0.000682
OPCODE	E54C	1328	0.000682
OPCODE	7820	1328	0.000682
OPCODE	9C80	1328	0.000682
OPCODE	C640	1328	0.000682
OPCODE	9284	1328	0.000682
OPCODE	22D0	1317	0.000676
OPCODE	B7D6	1316	0.000676
OPCODE	700A	1316	0.000676
OPCODE	4E92	1312	0.000674
OPCODE	6162	1304	0.000670
OPCODE	9051	1284	0.000659
OPCODE	21DF	1283	0.000659
OPCODE	6D04	1281	0.000658
OPCODE	4A1B	1280	0.000657
OPCODE	6B3C	1278	0.000656
OPCODE	21C8	1276	0.000655
OPCODE	E499	1274	0.000654
OPCODE	9044	1272	0.000653
OPCODE	56C0	1269	0.000652
OPCODE	67E0	1268	0.000651
OPCODE	D9C0	1260	0.000647
OPCODE	D1C2	1258	0.000646
OPCODE	4243	1255	0.000645
OPCODE	1480	1248	0.000641
OPCODE	B451	1239	0.000636
OPCODE	0802	1235	0.000634
OPCODE	43EA	1235	0.000634
OPCODE	B452	1231	0.000632
OPCODE	6F14	1229	0.000631
OPCODE	0282	1228	0.000631
OPCODE	C094	1227	0.000630
OPCODE	2A2E	1223	0.000628
OPCODE	282E	1219	0.000626
OPCODE	286C	1209	0.000621
OPCODE	2032	1209	0.000621
OPCODE	5286	1208	0.000620
OPCODE	C02B	1207	0.000620
OPCODE	12D8	1207	0.000620
OPCODE	3633	1206	0.000619
OPCODE	22C1	1205	0.000619
OPCODE	B2B0	1204	0.000618
OPCODE	264A	1201	0.000617
OPCODE	E819	1200	0.000616
OPCODE	B21A	1200	0.000616
OPCODE	67D0	1196	0.000614
OPCODE	61CE	1195	0.000614
OPCODE	1230	1192	0.000612
OPCODE	28C1	1191	0.000612
OPCODE	261A	1191	0.000612
OPCODE	3828	1188	0.000610
OPCODE	1169	1179	0.000606
OPCODE	1D7C	1178	0.000605
OPCODE	2A6E	1178	0.000605
OPCODE	201C	1170	0.000601
OPCODE	3D5C	1164	0.000598
OPCODE	5241	1161	0.000596
OPCODE	6102	1152	0.000592
OPCODE	E9D1	1147	0.000589
OPCODE	6400	1145	0.000588
OPCODE	2648	1138	0.000584
OPCODE	D086	1136	0.000583
OPCODE	6A2E	1134	0.000582
OPCODE	6648	1133	0.000582
OPCODE	56CA	1133	0.000582
OPCODE	6772	1127	0.000579
OPCODE	2855	1125	0.000578
OPCODE	301A	1124	0.000577
OPCODE	640A	1116	0.000573
OPCODE	2230	1114	0.000572
OPCODE	60A2	1108	0.000569
OPCODE	B231	1108	0.000569
OPCODE	2272	1108	0.000569
OPCODE	1411	1095	0.000562
OPCODE	B1EE	1094	0.000562
OPCODE	B481	1093	0.000561
OPCODE	24D8	1086	0.000558
OPCODE	42B8	1080	0.000555
OPCODE	92AA	1074	0.000552
OPCODE	6A00	1074	0.000552
OPCODE	321F	1074	0.000552
OPCODE	E1AC	1071	0.000550
OPCODE	1481	1070	0.000550
OPCODE	C240	1069	0.000549
OPCODE	30C2	1067	0.000548
OPCODE	323C	1065	0.000547
OPCODE	2D50	1064	0.000546
OPCODE	4A06	1060	0.000544
OPCODE	0803	1059	0.000544
OPCODE	601A	1058	0.000543
OPCODE	5C40	1056	0.000542
OPCODE	49EC	1056	0.000542
OPCODE	6042	1055	0.000542
OPCODE	28C0	1054	0.000541
OPCODE	E348	1053	0.000541
OPCODE	1006	1051	0.000540
OPCODE	E1AD	1050	0.000539
OPCODE	B005	1050	0.000539
OPCODE	8886	1050	0.000539
OPCODE	8A87	1050	0.000539
OPCODE	3E2E	1041	0.000535
OPCODE	DEC0	1039	0.000534
OPCODE	6A08	1037	0.000533
OPCODE	2F29	1036	0.000532
OPCODE	60DA	1035	0.000532
OPCODE	E282	1034	0.000531
OPCODE	30C1	1033	0.000531
OPCODE	B46E	1032	0.000530
OPCODE	12C6	1024	0.000526
OPCODE	21F8	1023	0.000525
OPCODE	E988	1021	0.000524
OPCODE	221A	1014	0.000521
OPCODE	6FB8	1010	0.000519
OPCODE	2650	1009	0.000518
OPCODE	9EC0	999	0.000513
OPCODE	306C	997	0.000512
OPCODE	D1C9	997	0.000512
OPCODE	CF45	996	0.000512
OPCODE	2F10	994	0.000511
OPCODE	6F3A	991	0.000509
OPCODE	30C3	988	0.000507
OPCODE	66F4	985	0.000506
OPCODE	226A	983	0.000505
OPCODE	47EE	982	0.000504
OPCODE	30C4	980	0.000503
OPCODE	4A45	974	0.000500
OPCODE	60E8	969	0.000498
OPCODE	2288	967	0.000497
OPCODE	6FAC	960	0.000493
OPCODE	B087	954	0.000490
OPCODE	B898	948	0.000487
OPCODE	E880	948	0.000487
OPCODE	26C6	948	0.000487
OPCODE	3D43	948	0.000487
OPCODE	61E8	946	0.000486
OPCODE	2D1F	940	0.000483
OPCODE	2F1E	940	0.000483
OPCODE	342A	936	0.000481
OPCODE	243C	935	0.000480
OPCODE	6FE8	931	0.000478
OPCODE	5080	931	0.000478
OPCODE	EC80	930	0.000478
OPCODE	04FA	930	0.000478
OPCODE	3D7A	930	0.000478
OPCODE	56C9	928	0.000477
OPCODE	222C	926	0.000476
OPCODE	916E	923	0.000474
OPCODE	E84A	922	0.000474
OPCODE	3D6A	916	0.000470
OPCODE	E290	916	0.000470
OPCODE	6406	912	0.000468
OPCODE	E280	907	0.000466
OPCODE	2012	904	0.000464
OPCODE	D082	901	0.000463
OPCODE	14EB	900	0.000462
OPCODE	E198	896	0.000460
OPCODE	3080	896	0.000460
OPCODE	426C	894	0.000459
OPCODE	1400	892	0.000458
OPCODE	5280	887	0.000456
OPCODE	6504	883	0.000454
OPCODE	8198	882	0.000453
OPCODE	9251	879	0.000451
OPCODE	21EF	873	0.000448
OPCODE	2F2C	872	0.000448
OPCODE	322A	870	0.000447
OPCODE	7014	867	0.000445
OPCODE	21EC	866	0.000445
OPCODE	4441	862	0.000443
OPCODE	C280	861	0.000442
OPCODE	202F	858	0.000441
OPCODE	1D42	855	0.000439
OPCODE	C481	855	0.000439
OPCODE	4EB5	855	0.000439
OPCODE	363C	855	0.000439
OPCODE	1001	853	0.000438
OPCODE	2E6E	846	0.000435
OPCODE	0C46	845	0.000434
OPCODE	2480	845	0.000434
OPCODE	2255	843	0.000433
OPCODE	48E6	839	0.000431
OPCODE	B251	838	0.000430
OPCODE	D16E	837	0.000430
OPCODE	2E28	836	0.000429
OPCODE	B069	835	0.000429
OPCODE	322B	833	0.000428
OPCODE	6F02	832	0.000427
OPCODE	2F04	823	0.000423
OPCODE	2802	819	0.000421
OPCODE	C283	818	0.000420
OPCODE	3140	812	0.000417
OPCODE	240A	807	0.000414
OPCODE	58AC	803	0.000412
OPCODE	4CDE	802	0.000412
OPCODE	45EA	799	0.000410
OPCODE	BA47	796	0.000409
OPCODE	45E8	795	0.000408
OPCODE	606A	795	0.000408
OPCODE	2418	795	0.000408
OPCODE	D0BC	795	0.000408
OPCODE	1005	792	0.000407
OPCODE	20A9	788	0.000405
OPCODE	32E8	786	0.000404
OPCODE	E448	785	0.000403
OPCODE	301B	783	0.000402
OPCODE	E1A9	783	0.000402
OPCODE	3F03	781	0.000401
OPCODE	66EA	779	0.000400
OPCODE	66DE	771	0.000396
OPCODE	34D8	769	0.000395
OPCODE	2401	766	0.000393
OPCODE	7208	759	0.000390
OPCODE	4290	758	0.000389
OPCODE	2348	758	0.000389
OPCODE	0CAE	750	0.000385
OPCODE	B099	750	0.000385
OPCODE	7C00	750	0.000385
OPCODE	6C10	749	0.000385
OPCODE	486D	748	0.000384
OPCODE	B4AC	746	0.000383
OPCODE	2254	739	0.000380
OPCODE	2388	738	0.000379
OPCODE	6018	734	0.000377
OPCODE	6408	733	0.000376
OPCODE	D278	732	0.000376
OPCODE	6660	731	0.000375
OPCODE	6B0A	725	0.000372
OPCODE	2F50	724	0.000372
OPCODE	0882	723	0.000371
OPCODE	5344	715	0.000367
OPCODE	5049	711	0.000365
OPCODE	90B8	707	0.000363
OPCODE	1BAD	703	0.000361
OPCODE	6124	701	0.000360
OPCODE	2819	701	0.000360
OPCODE	5BC8	700	0.000360
OPCODE	6F58	700	0.000360
OPCODE	60B4	699	0.000359
OPCODE	9FAC	699	0.000359
OPCODE	D269	696	0.000357
OPCODE	65BC	693	0.000356
OPCODE	4846	693	0.000356
OPCODE	C14D	692	0.000355
OPCODE	1684	689	0.000354
OPCODE	D08F	689	0.000354
OPCODE	B0A8	689	0.000354
OPCODE	1419	688	0.000353
OPCODE	9282	686	0.000352
OPCODE	21C9	685	0.000352
OPCODE	3D5B	685	0.000352
OPCODE	C285	681	0.000350
OPCODE	4684	680	0.000349
OPCODE	4A92	679	0.000349
OPCODE	41F1	675	0.000347
OPCODE	60F2	675	0.000347
OPCODE	6A14	671	0.000345
OPCODE	4206	670	0.000344
OPCODE	41EC	666	0.000342
OPCODE	2608	665	0.000342
OPCODE	08C0	664	0.000341
OPCODE	B9E8	664	0.000341
OPCODE	B282	662	0.000340
OPCODE	B647	659	0.000338
OPCODE	2A06	655	0.000336
OPCODE	906E	653	0.000335
OPCODE	C892	652	0.000335
OPCODE	8A84	652	0.000335
OPCODE	CA84	652	0.000335
OPCODE	24C5	652	0.000335
OPCODE	6BDC	652	0.000335
OPCODE	664A	651	0.000334
OPCODE	3604	649	0.000333
OPCODE	6444	646	0.000332
OPCODE	6448	642	0.000330
OPCODE	0482	642	0.000330
OPCODE	612A	641	0.000329
OPCODE	2E03	640	0.000329
OPCODE	EE80	640	0.000329
OPCODE	2022	640	0.000329
OPCODE	2A6D	638	0.000328
OPCODE	E14D	632	0.000325
OPCODE	4A87	631	0.000324
OPCODE	D646	630	0.000324
OPCODE	65E4	629	0.000323
OPCODE	D8EE	627	0.000322
OPCODE	4ED3	627	0.000322
OPCODE	6B28	626	0.000322
OPCODE	DAC7	625	0.000321
OPCODE	D8C6	625	0.000321
OPCODE	1759	624	0.000320
OPCODE	2F2B	623	0.000320
OPCODE	D0A8	618	0.000317
OPCODE	2D4D	616	0.000316
OPCODE	2F48	615	0.000316
OPCODE	32C1	613	0.000315
OPCODE	3F01	613	0.000315
OPCODE	5A41	609	0.000313
OPCODE	D241	605	0.000311
OPCODE	4ED4	605	0.000311
OPCODE	6118	605	0.000311
OPCODE	06A1	604	0.000310
OPCODE	0651	604	0.000310
OPCODE	5261	604	0.000310
OPCODE	B673	603	0.000310
OPCODE	B887	601	0.000309
OPCODE	5888	600	0.000308
OPCODE	664C	595	0.000306
OPCODE	48C2	595	0.000306
OPCODE	2817	594	0.000305
OPCODE	2868	593	0.000305
OPCODE	B4B1	592	0.000304
OPCODE	C882	592	0.000304
OPCODE	D7C9	592	0.000304
OPCODE	DBC8	592	0.000304
OPCODE	D5C9	592	0.000304
OPCODE	2C2F	592	0.000304
OPCODE	6ED4	592	0.000304
OPCODE	D4C4	592	0.000304
OPCODE	30D9	592	0.000304
OPCODE	9053	589	0.000303
OPCODE	322C	589	0.000303
OPCODE	65F0	588	0.000302
OPCODE	E04A	585	0.000300
OPCODE	4269	585	0.000300
OPCODE	397C	576	0.000296
OPCODE	E959	575	0.000295
OPCODE	E859	575	0.000295
OPCODE	2149	575	0.000295
OPCODE	6758	573	0.000294
OPCODE	602E	572	0.000294
OPCODE	6308	572	0.000294
OPCODE	1282	567	0.000291
OPCODE	EA81	567	0.000291
OPCODE	1D40	561	0.000288
OPCODE	5882	558	0.000287
OPCODE	619A	555	0.000285
OPCODE	2602	554	0.000285
OPCODE	2D44	550	0.000282
OPCODE	1D78	549	0.000282
OPCODE	B443	548	0.000281
OPCODE	2140	547	0.000281
OPCODE	2F0D	546	0.000280
OPCODE	66EE	546	0.000280
OPCODE	2A5F	546	0.000280
OPCODE	2948	546	0.000280
OPCODE	7EFF	546	0.000280
OPCODE	66E6	546	0.000280
OPCODE	2542	545	0.000280
OPCODE	21F0	544	0.000279
OPCODE	60F0	544	0.000279
OPCODE	20EE	544	0.000279
OPCODE	234C	543	0.000279
OPCODE	B044	542	0.000278
OPCODE	3002	540	0.000277
OPCODE	70F0	539	0.000277
OPCODE	9443	538	0.000276
OPCODE	40C3	537	0.000276
OPCODE	D62A	537	0.000276
OPCODE	1541	537	0.000276
OPCODE	C601	537	0.000276
OPCODE	46C3	537	0.000276
OPCODE	45E9	537	0.000276
OPCODE	1482	537	0.000276
OPCODE	C229	537	0.000276
OPCODE	E94A	537	0.000276
OPCODE	D5AA	537	0.000276
OPCODE	93AA	537	0.000276
OPCODE	9411	537	0.000276
OPCODE	D2A9	537	0.000276
OPCODE	9611	537	0.000276
OPCODE	1F02	537	0.000276
OPCODE	BC5B	537	0.000276
OPCODE	56C3	536	0.000275
OPCODE	2B41	536	0.000275
OPCODE	C02D	534	0.000274
OPCODE	50ED	534	0.000274
OPCODE	936E	534	0.000274
OPCODE	082D	534	0.000274
OPCODE	1B6B	534	0.000274
OPCODE	B2AA	533	0.000274
OPCODE	0243	532	0.000273
OPCODE	32FC	532	0.000273
OPCODE	5189	531	0.000273
OPCODE	74F0	531	0.000273
OPCODE	B894	531	0.000273
OPCODE	B511	529	0.000272
OPCODE	C010	529	0.000272
OPCODE	B110	529	0.000272
OPCODE	2489	529	0.000272
OPCODE	8111	529	0.000272
OPCODE	32C0	529	0.000272
OPCODE	5889	529	0.000272
OPCODE	20CE	529	0.000272
OPCODE	C411	529	0.000272
OPCODE	8510	529	0.000272
OPCODE	2435	524	0.000269
OPCODE	21D0	523	0.000269
OPCODE	7203	523	0.000269
OPCODE	3F07	522	0.000268
OPCODE	C6B8	522	0.000268
OPCODE	22AE	521	0.000268
OPCODE	2649	521	0.000268
OPCODE	6D0A	520	0.000267
OPCODE	2F80	518	0.000266
OPCODE	D2C0	518	0.000266
OPCODE	2244	517	0.000266
OPCODE	C947	517	0.000266
OPCODE	3F70	516	0.000265
OPCODE	61B0	513	0.000263
OPCODE	6060	512	0.000263
OPCODE	EFC2	512	0.000263
OPCODE	2F20	510	0.000262
OPCODE	2655	510	0.000262
OPCODE	6A0E	508	0.000261
OPCODE	B090	507	0.000260
OPCODE	67DA	504	0.000259
OPCODE	205A	504	0.000259
OPCODE	225A	504	0.000259
OPCODE	D7CD	502	0.000258
OPCODE	2C56	502	0.000258
OPCODE	3419	502	0.000258
OPCODE	B05B	499	0.000256
OPCODE	5048	499	0.000256
OPCODE	6A32	498	0.000256
OPCODE	9069	498	0.000256
OPCODE	22C6	498	0.000256
OPCODE	41F9	497	0.000255
OPCODE	7050	496	0.000255
OPCODE	0883	494	0.000254
OPCODE	284E	494	0.000254
OPCODE	B7EE	494	0.000254
OPCODE	2F06	494	0.000254
OPCODE	2941	493	0.000253
OPCODE	08AE	491	0.000252
OPCODE	D4C3	489	0.000251
OPCODE	2C33	489	0.000251
OPCODE	284B	489	0.000251
OPCODE	1F11	489	0.000251
OPCODE	129F	489	0.000251
OPCODE	9042	487	0.000250
OPCODE	55C7	486	0.000250
OPCODE	A024	486	0.000250
OPCODE	43EF	483	0.000248
OPCODE	254E	482	0.000248
OPCODE	08E8	482	0.000248
OPCODE	0092	482	0.000248
OPCODE	3F02	481	0.000247
OPCODE	0C6D	479	0.000246
OPCODE	6FC0	478	0.000246
OPCODE	0C6B	478	0.000246
OPCODE	BC6E	477	0.000245
OPCODE	DE86	473	0.000243
OPCODE	1140	473	0.000243
OPCODE	C200	471	0.000242
OPCODE	5C48	469	0.000241
OPCODE	2A55	468	0.000240
OPCODE	C2C2	465	0.000239
OPCODE	D259	465	0.000239
OPCODE	2F5F	464	0.000238
OPCODE	D7D3	464	0.000238
OPCODE	2471	462	0.000237
OPCODE	20C1	462	0.000237
OPCODE	66EC	460	0.000236
OPCODE	6D26	454	0.000233
OPCODE	C042	454	0.000233
OPCODE	5278	453	0.000233
OPCODE	5378	453	0.000233
OPCODE	12E8	453	0.000233
OPCODE	2F40	453	0.000233
OPCODE	3236	450	0.000231
OPCODE	50F8	450	0.000231
OPCODE	2036	450	0.000231
OPCODE	61D8	450	0.000231
OPCODE	4876	450	0.000231
OPCODE	2D76	450	0.000231
OPCODE	B082	449	0.000231
OPCODE	504C	448	0.000230
OPCODE	6E0E	448	0.000230
OPCODE	6310	448	0.000230
OPCODE	60AE	448	0.000230
OPCODE	D085	448	0.000230
OPCODE	61E0	448	0.000230
OPCODE	D2C8	447	0.000230
OPCODE	246C	445	0.000229
OPCODE	5D40	445	0.000229
OPCODE	2883	444	0.000228
OPCODE	8685	444	0.000228
OPCODE	C694	444	0.000228
OPCODE	F217	444	0.000228
OPCODE	B078	441	0.000227
OPCODE	2275	439	0.000225
OPCODE	1F40	439	0.000225
OPCODE	4A81	439	0.000225
OPCODE	0C82	438	0.000225
OPCODE	2031	436	0.000224
OPCODE	B0AA	436	0.000224
OPCODE	614E	435	0.000223
OPCODE	66F8	434	0.000223
OPCODE	92C8	434	0.000223
OPCODE	BDF8	433	0.000222
OPCODE	2C2A	432	0.000222
OPCODE	6778	432	0.000222
OPCODE	224D	431	0.000221
OPCODE	3D50	429	0.000220
OPCODE	603A	426	0.000219
OPCODE	220F	426	0.000219
OPCODE	3429	425	0.000218
OPCODE	3342	425	0.000218
OPCODE	236E	424	0.000218
OPCODE	E9A9	424	0.000218
OPCODE	D240	420	0.000216
OPCODE	B242	419	0.000215
OPCODE	2F0E	419	0.000215
OPCODE	2C5F	419	0.000215
OPCODE	3A1A	418	0.000215
OPCODE	D6EB	418	0.000215
OPCODE	1813	417	0.000214
OPCODE	49E9	417	0.000214
OPCODE	2019	417	0.000214
OPCODE	D8C7	416	0.000214
OPCODE	2D45	415	0.000213
OPCODE	57CA	414	0.000213
OPCODE	6048	414	0.000213
OPCODE	9651	414	0.000213
OPCODE	6F1A	414	0.000213
OPCODE	9459	414	0.000213
OPCODE	2656	414	0.000213
OPCODE	B4B8	413	0.000212
OPCODE	DE47	413	0.000212
OPCODE	6A22	412	0.000212
OPCODE	3F28	412	0.000212
OPCODE	B278	411	0.000211
OPCODE	2D4A	410	0.000211
OPCODE	604C	409	0.000210
OPCODE	DA87	409	0.000210
OPCODE	3C2B	408	0.000210
OPCODE	208C	408	0.000210
OPCODE	D986	407	0.000209
OPCODE	D3CA	407	0.000209
OPCODE	2A02	407	0.000209
OPCODE	42A9	407	0.000209
OPCODE	D584	407	0.000209
OPCODE	91CA	407	0.000209
OPCODE	5548	406	0.000209
OPCODE	2E41	405	0.000208
OPCODE	3F11	404	0.000207
OPCODE	31A9	403	0.000207
OPCODE	2191	403	0.000207
OPCODE	61EA	396	0.000203
OPCODE	0228	396	0.000203
OPCODE	6792	396	0.000203
OPCODE	337C	395	0.000203
OPCODE	023C	395	0.000203
OPCODE	2C68	395	0.000203
OPCODE	7224	394	0.000202
OPCODE	B46B	394	0.000202
OPCODE	B26B	394	0.000202
OPCODE	49F3	394	0.000202
OPCODE	3941	394	0.000202
OPCODE	41F6	394	0.000202
OPCODE	2949	393	0.000202
OPCODE	3151	393	0.000202
OPCODE	50D9	393	0.000202
OPCODE	A901	393	0.000202
OPCODE	32D0	393	0.000202
OPCODE	92AE	393	0.000202
OPCODE	B297	392	0.000201
OPCODE	5238	392	0.000201
OPCODE	A01F	392	0.000201
OPCODE	526E	391	0.000201
OPCODE	6D42	391	0.000201
OPCODE	43FB	390	0.000200
OPCODE	2C02	390	0.000200
OPCODE	C06E	386	0.000198
OPCODE	6438	386	0.000198
OPCODE	BC85	385	0.000198
OPCODE	5387	385	0.000198
OPCODE	E9C1	384	0.000197
OPCODE	6208	381	0.000196
OPCODE	6F08	380	0.000195
OPCODE	A822	377	0.000194
OPCODE	0245	375	0.000193
OPCODE	6C32	375	0.000193
OPCODE	2889	375	0.000193
OPCODE	65CE	375	0.000193
OPCODE	2C1C	375	0.000193
OPCODE	3287	374	0.000192
OPCODE	21CC	374	0.000192
OPCODE	6B5E	373	0.000192
OPCODE	5538	373	0.000192
OPCODE	6116	372	0.000191
OPCODE	E580	372	0.000191
OPCODE	67E2	372	0.000191
OPCODE	60DE	371	0.000191
OPCODE	4A86	370	0.000190
OPCODE	3D44	370	0.000190
OPCODE	A023	369	0.000190
OPCODE	A31E	369	0.000190
OPCODE	6306	368	0.000189
OPCODE	1007	367	0.000188
OPCODE	60DC	366	0.000188
OPCODE	43F9	364	0.000187
OPCODE	BEAD	364	0.000187
OPCODE	209F	364	0.000187
OPCODE	D844	364	0.000187
OPCODE	6328	364	0.000187
OPCODE	30DF	362	0.000186
OPCODE	2806	362	0.000186
OPCODE	E0A9	362	0.000186
OPCODE	20DF	362	0.000186
OPCODE	2169	362	0.000186
OPCODE	2A07	361	0.000185
OPCODE	2E2A	359	0.000184
OPCODE	906B	359	0.000184
OPCODE	2D42	358	0.000184
OPCODE	D158	358	0.000184
OPCODE	2042	358	0.000184
OPCODE	B1F8	356	0.000183
OPCODE	F4F1	355	0.000182
OPCODE	4A51	355	0.000182
OPCODE	3740	355	0.000182
OPCODE	1C3C	355	0.000182
OPCODE	D091	354	0.000182
OPCODE	D3D1	354	0.000182
OPCODE	2455	354	0.000182
OPCODE	6196	352	0.000181
OPCODE	9A8E	352	0.000181
OPCODE	3802	352	0.000181
OPCODE	242E	352	0.000181
OPCODE	7E02	352	0.000181
OPCODE	3A03	352	0.000181
OPCODE	B308	352	0.000181
OPCODE	0001	351	0.000180
OPCODE	4298	351	0.000180
OPCODE	C295	351	0.000180
OPCODE	262D	350	0.000180
OPCODE	5BEE	350	0.000180
OPCODE	8641	350	0.000180
OPCODE	E741	350	0.000180
OPCODE	B741	350	0.000180
OPCODE	2075	347	0.000178
OPCODE	E248	347	0.000178
OPCODE	2D51	346	0.000178
OPCODE	4EB6	344	0.000177
OPCODE	CC85	344	0.000177
OPCODE	8086	344	0.000177
OPCODE	C095	344	0.000177
OPCODE	51EE	342	0.000176
OPCODE	5488	341	0.000175
OPCODE	5268	340	0.000175
OPCODE	604A	338	0.000174
OPCODE	664E	338	0.000174
OPCODE	6D7A	337	0.000173
OPCODE	C0AC	337	0.000173
OPCODE	48C6	336	0.000173
OPCODE	B1C9	336	0.000173
OPCODE	8328	336	0.000173
OPCODE	E509	336	0.000173
OPCODE	6E6E	336	0.000173
OPCODE	B9D3	336	0.000173
OPCODE	6C06	335	0.000172
OPCODE	EA82	334	0.000172
OPCODE	E2AB	334	0.000172
OPCODE	EA80	334	0.000172
OPCODE	E1AA	334	0.000172
OPCODE	6D5C	334	0.000172
OPCODE	C291	334	0.000172
OPCODE	E480	332	0.000171
OPCODE	B300	331	0.000170
OPCODE	60D8	330	0.000169
OPCODE	1028	330	0.000169
OPCODE	D0C0	328	0.000168
OPCODE	B6AC	326	0.000167
OPCODE	6F0C	325	0.000167
OPCODE	9201	325	0.000167
OPCODE	BEAC	322	0.000165
OPCODE	08D2	322	0.000165
OPCODE	3030	322	0.000165
OPCODE	5140	322	0.000165
OPCODE	0892	322	0.000165
OPCODE	2D47	321	0.000165
OPCODE	1830	321	0.000165
OPCODE	1630	321	0.000165
OPCODE	5347	320	0.000164
OPCODE	1210	318	0.000163
OPCODE	C06B	318	0.000163
OPCODE	1012	317	0.000163
OPCODE	D093	317	0.000163
OPCODE	197C	316	0.000162
OPCODE	1A00	316	0.000162
OPCODE	BA40	316	0.000162
OPCODE	ED49	314	0.000161
OPCODE	C1EE	313	0.000161
OPCODE	5210	312	0.000160
OPCODE	1180	312	0.000160
OPCODE	650A	312	0.000160
OPCODE	650C	311	0.000160
OPCODE	610C	311	0.000160
OPCODE	2D58	310	0.000159
OPCODE	67EE	308	0.000158
OPCODE	6B34	308	0.000158
OPCODE	6A3E	307	0.000158
OPCODE	7620	307	0.000158
OPCODE	421C	306	0.000157
OPCODE	7054	306	0.000157
OPCODE	1E00	305	0.000157
OPCODE	2271	305	0.000157
OPCODE	D301	304	0.000156
OPCODE	2A04	304	0.000156
OPCODE	A82A	304	0.000156
OPCODE	4E94	302	0.000155
OPCODE	D06A	301	0.000155
OPCODE	B047	301	0.000155
OPCODE	30EE	300	0.000154
OPCODE	620C	299	0.000154
OPCODE	4E5C	298	0.000153
OPCODE	4E54	298	0.000153
OPCODE	377C	296	0.000152
OPCODE	946E	295	0.000152
OPCODE	6644	294	0.000151
OPCODE	3401	294	0.000151
OPCODE	6CF6	291	0.000149
OPCODE	5489	290	0.000149
OPCODE	22C4	290	0.000149
OPCODE	E189	290	0.000149
OPCODE	2850	290	0.000149
OPCODE	926D	289	0.000148
OPCODE	5300	289	0.000148
OPCODE	1D68	289	0.000148
OPCODE	66D4	288	0.000148
OPCODE	22C2	288	0.000148
OPCODE	3A2C	287	0.000147
OPCODE	244C	285	0.000146
OPCODE	94C0	283	0.000145
OPCODE	246A	281	0.000144
OPCODE	6D3C	280	0.000144
OPCODE	9FC2	280	0.000144
OPCODE	28AE	279	0.000143
OPCODE	E0AC	279	0.000143
OPCODE	235F	279	0.000143
OPCODE	D087	279	0.000143
OPCODE	614A	278	0.000143
OPCODE	2950	278	0.000143
OPCODE	5381	278	0.000143
OPCODE	2281	276	0.000142
OPCODE	D290	276	0.000142
OPCODE	643C	275	0.000141
OPCODE	A893	274	0.000141
OPCODE	6148	273	0.000140
OPCODE	722A	273	0.000140
OPCODE	E08C	272	0.000140
OPCODE	EE8C	272	0.000140
OPCODE	2C0A	272	0.000140
OPCODE	6516	272	0.000140
OPCODE	1744	272	0.000140
OPCODE	E29A	272	0.000140
OPCODE	9682	272	0.000140
OPCODE	6B30	271	0.000139
OPCODE	EA48	271	0.000139
OPCODE	4BEE	271	0.000139
OPCODE	B843	271	0.000139
OPCODE	5449	270	0.000139
OPCODE	6DE2	270	0.000139
OPCODE	322D	268	0.000138
OPCODE	D358	268	0.000138
OPCODE	4A76	266	0.000137
OPCODE	E858	266	0.000137
OPCODE	56C7	266	0.000137
OPCODE	49C7	266	0.000137
OPCODE	4ED5	265	0.000136
OPCODE	E24C	264	0.000136
OPCODE	C0C1	264	0.000136
OPCODE	31E8	263	0.000135
OPCODE	610E	263	0.000135
OPCODE	B06B	262	0.000135
OPCODE	342B	262	0.000135
OPCODE	2968	261	0.000134
OPCODE	48C5	261	0.000134
OPCODE	2E88	261	0.000134
OPCODE	7AFF	260	0.000134
OPCODE	2845	260	0.000134
OPCODE	34D9	259	0.000133
OPCODE	906D	258	0.000133
OPCODE	6220	258	0.000133
OPCODE	D843	258	0.000133
OPCODE	286F	258	0.000133
OPCODE	5549	257	0.000132
OPCODE	4A99	257	0.000132
OPCODE	5287	256	0.000131
OPCODE	526D	256	0.000131
OPCODE	536D	256	0.000131
OPCODE	9A87	255	0.000131
OPCODE	08EC	255	0.000131
OPCODE	9685	255	0.000131
OPCODE	3229	255	0.000131
OPCODE	3404	254	0.000130
OPCODE	4AB1	254	0.000130
OPCODE	42AC	253	0.000130
OPCODE	2308	253	0.000130
OPCODE	67EA	253	0.000130
OPCODE	62B8	252	0.000129
OPCODE	206A	251	0.000129
OPCODE	80FC	250	0.000128
OPCODE	1A12	249	0.000128
OPCODE	558C	249	0.000128
OPCODE	1485	249	0.000128
OPCODE	2405	248	0.000127
OPCODE	B7D4	247	0.000127
OPCODE	08AC	247	0.000127
OPCODE	C149	247	0.000127
OPCODE	31C0	247	0.000127
OPCODE	5589	247	0.000127
OPCODE	93CA	246	0.000126
OPCODE	A065	246	0.000126
OPCODE	9584	246	0.000126
OPCODE	D1CA	246	0.000126
OPCODE	9986	246	0.000126
OPCODE	4A30	245	0.000126
OPCODE	2410	245	0.000126
OPCODE	E38E	245	0.000126
OPCODE	B682	244	0.000125
OPCODE	518A	244	0.000125
OPCODE	E96B	244	0.000125
OPCODE	D641	244	0.000125
OPCODE	BC6B	244	0.000125
OPCODE	70C6	243	0.000125
OPCODE	926B	243	0.000125
OPCODE	57EE	242	0.000124
OPCODE	67F0	242	0.000124
OPCODE	C099	241	0.000124
OPCODE	242B	241	0.000124
OPCODE	66B6	240	0.000123
OPCODE	3810	239	0.000123
OPCODE	2641	238	0.000122
OPCODE	DAFC	238	0.000122
OPCODE	D46E	237	0.000122
OPCODE	D5CB	236	0.000121
OPCODE	2A18	236	0.000121
OPCODE	6F0E	236	0.000121
OPCODE	1238	236	0.000121
OPCODE	E440	235	0.000121
OPCODE	2202	234	0.000120
OPCODE	B483	234	0.000120
OPCODE	906C	234	0.000120
OPCODE	C94D	234	0.000120
OPCODE	1011	233	0.000120
OPCODE	1211	233	0.000120
OPCODE	741F	232	0.000119
OPCODE	2207	232	0.000119
OPCODE	EBA9	232	0.000119
OPCODE	E84B	231	0.000119
OPCODE	8CAE	231	0.000119
OPCODE	96C0	230	0.000118
OPCODE	DBC0	230	0.000118
OPCODE	45F1	230	0.000118
OPCODE	DBC1	230	0.000118
OPCODE	5880	230	0.000118
OPCODE	55C0	230	0.000118
OPCODE	2C04	230	0.000118
OPCODE	0054	230	0.000118
OPCODE	6510	230	0.000118
OPCODE	D052	230	0.000118
OPCODE	343C	229	0.000118
OPCODE	2653	229	0.000118
OPCODE	70F8	229	0.000118
OPCODE	2076	229	0.000118
OPCODE	C0AB	229	0.000118
OPCODE	99CC	228	0.000117
OPCODE	3413	228	0.000117
OPCODE	204E	227	0.000117
OPCODE	3207	227	0.000117
OPCODE	862E	225	0.000116
OPCODE	C602	225	0.000116
OPCODE	65D8	225	0.000116
OPCODE	56C2	225	0.000116
OPCODE	D141	225	0.000116
OPCODE	9D6E	225	0.000116
OPCODE	D368	225	0.000116
OPCODE	6A28	225	0.000116
OPCODE	200F	225	0.000116
OPCODE	4A82	225	0.000116
OPCODE	C0FC	225	0.000116
OPCODE	5FE7	225	0.000116
OPCODE	C12E	225	0.000116
OPCODE	43F1	224	0.000115
OPCODE	B244	224	0.000115
OPCODE	1228	223	0.000115
OPCODE	0C87	223	0.000115
OPCODE	4244	223	0.000115
OPCODE	5040	223	0.000115
OPCODE	6C38	222	0.000114
OPCODE	E16F	222	0.000114
OPCODE	3602	221	0.000114
OPCODE	31B2	221	0.000114
OPCODE	3808	221	0.000114
OPCODE	A884	221	0.000114
OPCODE	D36B	220	0.000113
OPCODE	5545	220	0.000113
OPCODE	B5FC	220	0.000113
OPCODE	E6A8	220	0.000113
OPCODE	0C6A	219	0.000112
OPCODE	3C12	219	0.000112
OPCODE	9C47	219	0.000112
OPCODE	6B4A	219	0.000112
OPCODE	3E1A	219	0.000112
OPCODE	C443	219	0.000112
OPCODE	DF6B	219	0.000112
OPCODE	911C	219	0.000112
OPCODE	5640	219	0.000112
OPCODE	101C	219	0.000112
OPCODE	43F2	219	0.000112
OPCODE	6032	219	0.000112
OPCODE	6F06	218	0.000112
OPCODE	2F57	217	0.000111
OPCODE	584E	217	0.000111
OPCODE	E9D6	217	0.000111
OPCODE	2A54	216	0.000111
OPCODE	C4C4	216	0.000111
OPCODE	341F	215	0.000110
OPCODE	4685	215	0.000110
OPCODE	8280	215	0.000110
OPCODE	6C46	214	0.000110
OPCODE	5385	214	0.000110
OPCODE	603E	211	0.000108
OPCODE	12C1	211	0.000108
OPCODE	6DF0	210	0.000108
OPCODE	545B	210	0.000108
OPCODE	4CD3	210	0.000108
OPCODE	48D3	210	0.000108
OPCODE	620A	209	0.000107
OPCODE	2F05	209	0.000107
OPCODE	316A	208	0.000107
OPCODE	1219	206	0.000106
OPCODE	3F38	205	0.000105
OPCODE	B9FC	205	0.000105
OPCODE	9088	204	0.000105
OPCODE	1281	204	0.000105
OPCODE	6C0A	204	0.000105
OPCODE	D7D4	203	0.000104
OPCODE	60D2	203	0.000104
OPCODE	2808	203	0.000104
OPCODE	21ED	203	0.000104
OPCODE	C243	201	0.000103
OPCODE	142C	200	0.000103
OPCODE	8083	200	0.000103
OPCODE	C091	200	0.000103
OPCODE	0831	199	0.000102
OPCODE	0057	198	0.000102
OPCODE	B38B	198	0.000102
OPCODE	B05A	198	0.000102
OPCODE	56CC	198	0.000102
OPCODE	34E9	198	0.000102
OPCODE	34A9	198	0.000102
OPCODE	1C00	197	0.000101
OPCODE	3F14	196	0.000101
OPCODE	E9C2	196	0.000101
OPCODE	EFC1	196	0.000101
OPCODE	2E10	195	0.000100
OPCODE	10D9	194	0.000100
OPCODE	3D68	194	0.000100
OPCODE	6742	194	0.000100
OPCODE	3C00	193	0.000099
OPCODE	2368	193	0.000099
OPCODE	46EF	192	0.000099
OPCODE	B1E9	192	0.000099
OPCODE	56C6	191	0.000098
OPCODE	47EC	191	0.000098
OPCODE	4BFA	191	0.000098
OPCODE	BC2C	191	0.000098
OPCODE	B5EC	191	0.000098
OPCODE	20C7	190	0.000098
OPCODE	0C84	190	0.000098
OPCODE	224F	189	0.000097
OPCODE	1F7C	189	0.000097
OPCODE	0040	188	0.000097
OPCODE	A8E4	188	0.000097
OPCODE	425B	188	0.000097
OPCODE	B1C1	187	0.000096
OPCODE	2F19	187	0.000096
OPCODE	264C	187	0.000096
OPCODE	E848	187	0.000096
OPCODE	A04A	187	0.000096
OPCODE	0190	186	0.000096
OPCODE	B240	186	0.000096
OPCODE	DE41	184	0.000095
OPCODE	7810	184	0.000095
OPCODE	9C41	184	0.000095
OPCODE	B81C	184	0.000095
OPCODE	1944	184	0.000095
OPCODE	3407	184	0.000095
OPCODE	1884	184	0.000095
OPCODE	E56C	184	0.000095
OPCODE	528C	184	0.000095
OPCODE	E16E	184	0.000095
OPCODE	B814	184	0.000095
OPCODE	61CC	184	0.000095
OPCODE	50E7	184	0.000095
OPCODE	3803	184	0.000095
OPCODE	3035	184	0.000095
OPCODE	721F	183	0.000094
OPCODE	B068	183	0.000094
OPCODE	296E	183	0.000094
OPCODE	7A01	182	0.000093
OPCODE	A322	182	0.000093
OPCODE	AA14	181	0.000093
OPCODE	9883	181	0.000093
OPCODE	0C70	181	0.000093
OPCODE	2151	180	0.000092
OPCODE	BE90	180	0.000092
OPCODE	48D0	180	0.000092
OPCODE	66E4	180	0.000092
OPCODE	0C98	180	0.000092
OPCODE	2157	180	0.000092
OPCODE	5480	180	0.000092
OPCODE	6D08	179	0.000092
OPCODE	3600	179	0.000092
OPCODE	223B	178	0.000091
OPCODE	E538	178	0.000091
OPCODE	BF00	178	0.000091
OPCODE	D8C0	178	0.000091
OPCODE	207C	175	0.000090
OPCODE	2880	175	0.000090
OPCODE	2C08	175	0.000090
OPCODE	6804	174	0.000089
OPCODE	926A	174	0.000089
OPCODE	60AA	172	0.000088
OPCODE	2082	172	0.000088
OPCODE	2A2C	172	0.000088
OPCODE	3A11	171	0.000088
OPCODE	EA89	171	0.000088
OPCODE	20B8	171	0.000088
OPCODE	34D1	171	0.000088
OPCODE	4257	171	0.000088
OPCODE	2F2A	170	0.000087
OPCODE	6134	170	0.000087
OPCODE	7E0A	170	0.000087
OPCODE	B642	170	0.000087
OPCODE	1C03	170	0.000087
OPCODE	30C7	170	0.000087
OPCODE	323B	169	0.000087
OPCODE	0C04	169	0.000087
OPCODE	1834	169	0.000087
OPCODE	1E01	169	0.000087
OPCODE	D851	168	0.000086
OPCODE	605C	168	0.000086
OPCODE	102F	168	0.000086
OPCODE	9BCD	168	0.000086
OPCODE	026E	168	0.000086
OPCODE	21FC	168	0.000086
OPCODE	6E82	168	0.000086
OPCODE	61C4	168	0.000086
OPCODE	244D	167	0.000086
OPCODE	61BE	167	0.000086
OPCODE	6774	166	0.000085
OPCODE	2F6F	166	0.000085
OPCODE	518F	166	0.000085
OPCODE	3947	166	0.000085
OPCODE	E4AD	165	0.000085
OPCODE	49FA	164	0.000084
OPCODE	66FA	164	0.000084
OPCODE	204F	164	0.000084
OPCODE	3435	164	0.000084
OPCODE	6EC8	163	0.000084
OPCODE	780F	163	0.000084
OPCODE	4444	163	0.000084
OPCODE	C843	163	0.000084
OPCODE	B2FC	162	0.000083
OPCODE	223C	162	0.000083
OPCODE	3F3A	162	0.000083
OPCODE	3F29	161	0.000083
OPCODE	E218	160	0.000082
OPCODE	6110	160	0.000082
OPCODE	8242	160	0.000082
OPCODE	D100	160	0.000082
OPCODE	67DC	159	0.000082
OPCODE	F236	159	0.000082
OPCODE	6304	158	0.000081
OPCODE	2E48	158	0.000081
OPCODE	3606	158	0.000081
OPCODE	142B	158	0.000081
OPCODE	BEAE	158	0.000081
OPCODE	2F21	158	0.000081
OPCODE	DC93	158	0.000081
OPCODE	E219	155	0.000080
OPCODE	6142	155	0.000080
OPCODE	C4FC	155	0.000080
OPCODE	08A8	155	0.000080
OPCODE	5741	155	0.000080
OPCODE	7E01	154	0.000079
OPCODE	536F	154	0.000079
OPCODE	64F0	153	0.000079
OPCODE	61A6	153	0.000079
OPCODE	ED59	153	0.000079
OPCODE	01D0	152	0.000078
OPCODE	1142	152	0.000078
OPCODE	E8C1	152	0.000078
OPCODE	08B0	152	0.000078
OPCODE	319F	152	0.000078
OPCODE	2E6D	152	0.000078
OPCODE	A9EE	152	0.000078
OPCODE	5887	151	0.000078
OPCODE	C1C1	151	0.000078
OPCODE	7205	151	0.000078
OPCODE	B269	151	0.000078
OPCODE	C446	150	0.000077
OPCODE	7C07	150	0.000077
OPCODE	4A2F	150	0.000077
OPCODE	D5F2	150	0.000077
OPCODE	6D1A	150	0.000077
OPCODE	7E0F	150	0.000077
OPCODE	D46B	150	0.000077
OPCODE	1202	149	0.000077
OPCODE	2C36	149	0.000077
OPCODE	652A	149	0.000077
OPCODE	621C	148	0.000076
OPCODE	2E6C	148	0.000076
OPCODE	294F	148	0.000076
OPCODE	294D	148	0.000076
OPCODE	B5C0	148	0.000076
OPCODE	220C	148	0.000076
OPCODE	B845	147	0.000076
OPCODE	2141	147	0.000076
OPCODE	CE53	147	0.000076
OPCODE	0C07	147	0.000076
OPCODE	4268	147	0.000076
OPCODE	6080	147	0.000076
OPCODE	604E	146	0.000075
OPCODE	6658	146	0.000075
OPCODE	1280	146	0.000075
OPCODE	2C1F	145	0.000074
OPCODE	1E2E	145	0.000074
OPCODE	E208	144	0.000074
OPCODE	BE92	144	0.000074
OPCODE	65F6	144	0.000074
OPCODE	D1C3	144	0.000074
OPCODE	8043	144	0.000074
OPCODE	5289	144	0.000074
OPCODE	0042	144	0.000074
OPCODE	B0A9	143	0.000073
OPCODE	2030	143	0.000073
OPCODE	B4A8	143	0.000073
OPCODE	7402	142	0.000073
OPCODE	2A4F	142	0.000073
OPCODE	DEFC	141	0.000072
OPCODE	4CD0	140	0.000072
OPCODE	284F	140	0.000072
OPCODE	61DE	140	0.000072
OPCODE	3609	140	0.000072
OPCODE	60E6	140	0.000072
OPCODE	6FF0	140	0.000072
OPCODE	93CC	140	0.000072
OPCODE	554B	140	0.000072
OPCODE	E749	140	0.000072
OPCODE	2482	139	0.000071
OPCODE	2D43	138	0.000071
OPCODE	E368	138	0.000071
OPCODE	222A	138	0.000071
OPCODE	D244	138	0.000071
OPCODE	67D8	138	0.000071
OPCODE	61A4	138	0.000071
OPCODE	0881	138	0.000071
OPCODE	2828	137	0.000070
OPCODE	2385	137	0.000070
OPCODE	30FC	137	0.000070
OPCODE	AA15	136	0.000070
OPCODE	288C	136	0.000070
OPCODE	2801	136	0.000070
OPCODE	618E	136	0.000070
OPCODE	66D8	136	0.000070
OPCODE	294C	136	0.000070
OPCODE	B9C9	136	0.000070
OPCODE	3142	136	0.000070
OPCODE	2A03	135	0.000069
OPCODE	215F	135	0.000069
OPCODE	E968	135	0.000069
OPCODE	6C02	135	0.000069
OPCODE	6E48	134	0.000069
OPCODE	D640	134	0.000069
OPCODE	666C	133	0.000068
OPCODE	2D46	133	0.000068
OPCODE	B680	133	0.000068
OPCODE	B652	132	0.000068
OPCODE	1030	132	0.000068
OPCODE	A069	132	0.000068
OPCODE	57C5	131	0.000067
OPCODE	D1F0	131	0.000067
OPCODE	E9C0	131	0.000067
OPCODE	4245	131	0.000067
OPCODE	3009	131	0.000067
OPCODE	611E	131	0.000067
OPCODE	E400	130	0.000067
OPCODE	9048	130	0.000067
OPCODE	10FC	130	0.000067
OPCODE	18C5	130	0.000067
OPCODE	DC44	130	0.000067
OPCODE	5445	130	0.000067
OPCODE	1705	130	0.000067
OPCODE	9641	129	0.000066
OPCODE	A050	128	0.000066
OPCODE	C684	128	0.000066
OPCODE	3082	128	0.000066
OPCODE	283C	128	0.000066
OPCODE	6762	127	0.000065
OPCODE	6F10	127	0.000065
OPCODE	AB1D	127	0.000065
OPCODE	6024	127	0.000065
OPCODE	70DA	127	0.000065
OPCODE	A122	126	0.000065
OPCODE	9A82	126	0.000065
OPCODE	D7C4	126	0.000065
OPCODE	9A86	126	0.000065
OPCODE	7C1F	126	0.000065
OPCODE	C1C4	126	0.000065
OPCODE	08EA	126	0.000065
OPCODE	A96F	126	0.000065
OPCODE	BE86	125	0.000064
OPCODE	216C	125	0.000064
OPCODE	6FB6	125	0.000064
OPCODE	2490	125	0.000064
OPCODE	EBC0	125	0.000064
OPCODE	E508	125	0.000064
OPCODE	B250	125	0.000064
OPCODE	66E2	125	0.000064
OPCODE	41FB	125	0.000064
OPCODE	4CAE	125	0.000064
OPCODE	E158	125	0.000064
OPCODE	56F8	125	0.000064
OPCODE	0805	125	0.000064
OPCODE	0C78	125	0.000064
OPCODE	3370	124	0.000064
OPCODE	2419	124	0.000064
OPCODE	A06A	124	0.000064
OPCODE	0C2A	124	0.000064
OPCODE	C0E9	124	0.000064
OPCODE	22B0	124	0.000064
OPCODE	6750	124	0.000064
OPCODE	4847	124	0.000064
OPCODE	360B	124	0.000064
OPCODE	0C34	124	0.000064
OPCODE	B26E	123	0.000063
OPCODE	E44B	123	0.000063
OPCODE	4201	123	0.000063
OPCODE	6DC8	123	0.000063
OPCODE	B1FC	122	0.000063
OPCODE	80C1	122	0.000063
OPCODE	2548	121	0.000062
OPCODE	66F6	121	0.000062
OPCODE	45F8	121	0.000062
OPCODE	6058	120	0.000062
OPCODE	2403	120	0.000062
OPCODE	B1C0	120	0.000062
OPCODE	121A	120	0.000062
OPCODE	D5C2	120	0.000062
OPCODE	216E	119	0.000061
OPCODE	2484	119	0.000061
OPCODE	AA33	119	0.000061
OPCODE	162C	119	0.000061
OPCODE	0202	119	0.000061
OPCODE	522A	118	0.000061
OPCODE	3E2B	118	0.000061
OPCODE	8401	118	0.000061
OPCODE	4A17	118	0.000061
OPCODE	97D4	118	0.000061
OPCODE	2946	118	0.000061
OPCODE	57C8	118	0.000061
OPCODE	D882	118	0.000061
OPCODE	6DFA	118	0.000061
OPCODE	612C	117	0.000060
OPCODE	7C7F	117	0.000060
OPCODE	6D24	117	0.000060
OPCODE	67AE	117	0.000060
OPCODE	4A70	117	0.000060
OPCODE	3D78	117	0.000060
OPCODE	4486	117	0.000060
OPCODE	C0A8	116	0.000060
OPCODE	48C3	116	0.000060
OPCODE	CEB0	116	0.000060
OPCODE	082C	116	0.000060
OPCODE	B490	116	0.000060
OPCODE	9252	116	0.000060
OPCODE	4A91	116	0.000060
OPCODE	254A	116	0.000060
OPCODE	2420	115	0.000059
OPCODE	61D4	115	0.000059
OPCODE	D0EE	115	0.000059
OPCODE	22E0	115	0.000059
OPCODE	B859	114	0.000059
OPCODE	594A	114	0.000059
OPCODE	6D10	113	0.000058
OPCODE	B880	113	0.000058
OPCODE	3410	113	0.000058
OPCODE	A855	113	0.000058
OPCODE	A853	113	0.000058
OPCODE	2340	112	0.000058
OPCODE	D3AE	112	0.000058
OPCODE	700F	112	0.000058
OPCODE	6D02	112	0.000058
OPCODE	2408	112	0.000058
OPCODE	3F5F	111	0.000057
OPCODE	7C01	111	0.000057
OPCODE	47F1	110	0.000056
OPCODE	C07C	110	0.000056
OPCODE	00AC	110	0.000056
OPCODE	4A73	110	0.000056
OPCODE	A88C	110	0.000056
OPCODE	2C07	110	0.000056
OPCODE	3C38	109	0.000056
OPCODE	6788	109	0.000056
OPCODE	266F	109	0.000056
OPCODE	6136	108	0.000055
OPCODE	84FC	108	0.000055
OPCODE	50E9	108	0.000055
OPCODE	1E2B	107	0.000055
OPCODE	1205	107	0.000055
OPCODE	242A	107	0.000055
OPCODE	6182	107	0.000055
OPCODE	70F2	106	0.000054
OPCODE	220A	106	0.000054
OPCODE	3A01	106	0.000054
OPCODE	246D	106	0.000054
OPCODE	362A	105	0.000054
OPCODE	306E	105	0.000054
OPCODE	60B2	105	0.000054
OPCODE	42AB	105	0.000054
OPCODE	6C14	105	0.000054
OPCODE	3801	104	0.000053
OPCODE	C589	104	0.000053
OPCODE	B5C9	104	0.000053
OPCODE	611A	104	0.000053
OPCODE	4A03	104	0.000053
OPCODE	7A03	104	0.000053
OPCODE	677A	103	0.000053
OPCODE	2458	103	0.000053
OPCODE	2652	103	0.000053
OPCODE	B485	103	0.000053
OPCODE	11C0	103	0.000053
OPCODE	66DA	102	0.000052
OPCODE	E549	102	0.000052
OPCODE	3418	102	0.000052
OPCODE	B08C	102	0.000052
OPCODE	B02C	102	0.000052
OPCODE	31F8	102	0.000052
OPCODE	49E8	102	0.000052
OPCODE	6FD6	101	0.000052
OPCODE	225E	101	0.000052
OPCODE	5200	101	0.000052
OPCODE	486A	101	0.000052
OPCODE	5C8A	101	0.000052
OPCODE	623E	101	0.000052
OPCODE	B291	101	0.000052
OPCODE	9489	101	0.000052
OPCODE	D488	101	0.000052
OPCODE	635A	101	0.000052
OPCODE	7048	101	0.000052
OPCODE	2D09	101	0.000052
OPCODE	6354	101	0.000052
OPCODE	80EC	101	0.000052
OPCODE	24C8	101	0.000052
OPCODE	D681	100	0.000051
OPCODE	0683	100	0.000051
OPCODE	208A	100	0.000051
OPCODE	2E1F	100	0.000051
OPCODE	38DB	100	0.000051
OPCODE	C6C1	100	0.000051
OPCODE	C685	100	0.000051
OPCODE	70CD	100	0.000051
OPCODE	EA4D	100	0.000051
OPCODE	E58B	100	0.000051
OPCODE	CAEE	100	0.000051
OPCODE	5441	100	0.000051
OPCODE	8BFC	100	0.000051
OPCODE	B086	100	0.000051
OPCODE	6672	99	0.000051
OPCODE	93C8	99	0.000051
OPCODE	122C	99	0.000051
OPCODE	24E9	99	0.000051
OPCODE	65E8	99	0.000051
OPCODE	C18C	99	0.000051
OPCODE	6D2E	99	0.000051
OPCODE	6C44	98	0.000050
OPCODE	BC6C	98	0.000050
OPCODE	5D42	98	0.000050
OPCODE	2A10	98	0.000050
OPCODE	3011	98	0.000050
OPCODE	3C10	97	0.000050
OPCODE	5281	97	0.000050
OPCODE	82FC	97	0.000050
OPCODE	D7E8	97	0.000050
OPCODE	2C28	97	0.000050
OPCODE	3E06	96	0.000049
OPCODE	A862	96	0.000049
OPCODE	2B78	96	0.000049
OPCODE	4DEE	96	0.000049
OPCODE	2063	96	0.000049
OPCODE	3978	96	0.000049
OPCODE	3742	96	0.000049
OPCODE	3F2C	96	0.000049
OPCODE	7210	96	0.000049
OPCODE	9C81	96	0.000049
OPCODE	6666	96	0.000049
OPCODE	9CFC	96	0.000049
OPCODE	2683	96	0.000049
OPCODE	222F	96	0.000049
OPCODE	4299	96	0.000049
OPCODE	6E06	96	0.000049
OPCODE	2F13	95	0.000049
OPCODE	6FEE	95	0.000049
OPCODE	D2C7	95	0.000049
OPCODE	DA46	95	0.000049
OPCODE	66CC	95	0.000049
OPCODE	BE53	95	0.000049
OPCODE	3E09	95	0.000049
OPCODE	6098	95	0.000049
OPCODE	97CB	95	0.000049
OPCODE	E388	95	0.000049
OPCODE	E54D	95	0.000049
OPCODE	0041	95	0.000049
OPCODE	A8E6	94	0.000048
OPCODE	2680	94	0.000048
OPCODE	2203	94	0.000048
OPCODE	4A44	94	0.000048
OPCODE	31EC	94	0.000048
OPCODE	2740	94	0.000048
OPCODE	20C2	93	0.000048
OPCODE	A889	93	0.000048
OPCODE	1203	93	0.000048
OPCODE	0441	93	0.000048
OPCODE	396D	92	0.000047
OPCODE	2A69	92	0.000047
OPCODE	A825	92	0.000047
OPCODE	2A31	92	0.000047
OPCODE	B001	92	0.000047
OPCODE	216B	92	0.000047
OPCODE	1204	91	0.000047
OPCODE	47EA	91	0.000047
OPCODE	B844	91	0.000047
OPCODE	4AAA	90	0.000046
OPCODE	2404	90	0.000046
OPCODE	666E	90	0.000046
OPCODE	1082	90	0.000046
OPCODE	720A	90	0.000046
OPCODE	E781	90	0.000046
OPCODE	4214	90	0.000046
OPCODE	246B	90	0.000046
OPCODE	2942	89	0.000046
OPCODE	0894	89	0.000046
OPCODE	665E	89	0.000046
OPCODE	2071	89	0.000046
OPCODE	6766	89	0.000046
OPCODE	E188	89	0.000046
OPCODE	48F8	88	0.000045
OPCODE	6E14	88	0.000045
OPCODE	A002	88	0.000045
OPCODE	E410	88	0.000045
OPCODE	2E57	87	0.000045
OPCODE	B7E8	87	0.000045
OPCODE	926C	87	0.000045
OPCODE	9C85	87	0.000045
OPCODE	6B38	87	0.000045
OPCODE	84F8	87	0.000045
OPCODE	C043	87	0.000045
OPCODE	6318	86	0.000044
OPCODE	4442	86	0.000044
OPCODE	7E1F	86	0.000044
OPCODE	67D4	86	0.000044
OPCODE	667C	85	0.000044
OPCODE	2097	85	0.000044
OPCODE	6F18	85	0.000044
OPCODE	67BC	85	0.000044
OPCODE	0643	85	0.000044
OPCODE	611C	85	0.000044
OPCODE	4252	85	0.000044
OPCODE	641A	85	0.000044
OPCODE	90AB	85	0.000044
OPCODE	2417	85	0.000044
OPCODE	2D9F	85	0.000044
OPCODE	3368	85	0.000044
OPCODE	41F7	85	0.000044
OPCODE	B229	85	0.000044
OPCODE	6072	84	0.000043
OPCODE	6CD6	84	0.000043
OPCODE	95C0	83	0.000043
OPCODE	D5C0	83	0.000043
OPCODE	102A	83	0.000043
OPCODE	E281	83	0.000043
OPCODE	228E	83	0.000043
OPCODE	9286	83	0.000043
OPCODE	928F	83	0.000043
OPCODE	2E49	83	0.000043
OPCODE	E9AE	83	0.000043
OPCODE	9C6D	83	0.000043
OPCODE	31DF	83	0.000043
OPCODE	CC80	83	0.000043
OPCODE	48B8	83	0.000043
OPCODE	B095	83	0.000043
OPCODE	97C0	83	0.000043
OPCODE	442E	82	0.000042
OPCODE	31FC	82	0.000042
OPCODE	651C	82	0.000042
OPCODE	2853	82	0.000042
OPCODE	6046	82	0.000042
OPCODE	61F6	82	0.000042
OPCODE	C22B	82	0.000042
OPCODE	6D44	82	0.000042
OPCODE	6204	81	0.000042
OPCODE	D740	81	0.000042
OPCODE	A8D9	81	0.000042
OPCODE	A9A0	81	0.000042
OPCODE	6230	81	0.000042
OPCODE	6768	81	0.000042
OPCODE	4213	81	0.000042
OPCODE	6B5C	81	0.000042
OPCODE	0246	81	0.000042
OPCODE	C641	80	0.000041
OPCODE	B543	80	0.000041
OPCODE	28A8	80	0.000041
OPCODE	80F8	80	0.000041
OPCODE	B270	80	0.000041
OPCODE	A9EB	80	0.000041
OPCODE	5D8F	80	0.000041
OPCODE	3F6F	80	0.000041
OPCODE	1B7C	80	0.000041
OPCODE	6D52	80	0.000041
OPCODE	6D54	80	0.000041
OPCODE	49F4	80	0.000041
OPCODE	D5D4	80	0.000041
OPCODE	3169	79	0.000041
OPCODE	11F8	79	0.000041
OPCODE	D08C	79	0.000041
OPCODE	AA19	79	0.000041
OPCODE	2E2B	79	0.000041
OPCODE	619C	79	0.000041
OPCODE	B290	79	0.000041
OPCODE	7602	79	0.000041
OPCODE	122A	78	0.000040
OPCODE	D804	78	0.000040
OPCODE	60EE	78	0.000040
OPCODE	2807	78	0.000040
OPCODE	5BC1	78	0.000040
OPCODE	4886	78	0.000040
OPCODE	B089	78	0.000040
OPCODE	6668	78	0.000040
OPCODE	BA59	78	0.000040
OPCODE	805F	78	0.000040
OPCODE	2352	78	0.000040
OPCODE	4646	78	0.000040
OPCODE	A8D8	78	0.000040
OPCODE	6D0C	78	0.000040
OPCODE	3982	78	0.000040
OPCODE	90FC	77	0.000040
OPCODE	62F4	77	0.000040
OPCODE	B2B8	77	0.000040
OPCODE	469B	77	0.000040
OPCODE	B644	77	0.000040
OPCODE	2F49	77	0.000040
OPCODE	47E8	77	0.000040
OPCODE	A03C	77	0.000040
OPCODE	BC84	77	0.000040
OPCODE	7207	77	0.000040
OPCODE	C22D	76	0.000039
OPCODE	2142	76	0.000039
OPCODE	2A50	76	0.000039
OPCODE	D440	76	0.000039
OPCODE	214A	76	0.000039
OPCODE	B028	76	0.000039
OPCODE	2B4F	76	0.000039
OPCODE	D001	76	0.000039
OPCODE	7280	76	0.000039
OPCODE	2D73	76	0.000039
OPCODE	B1CC	76	0.000039
OPCODE	3A3C	76	0.000039
OPCODE	5989	76	0.000039
OPCODE	1768	76	0.000039
OPCODE	A830	76	0.000039
OPCODE	A089	76	0.000039
OPCODE	0244	75	0.000039
OPCODE	6050	75	0.000039
OPCODE	6D78	75	0.000039
OPCODE	4AA9	75	0.000039
OPCODE	60D6	75	0.000039
OPCODE	2F68	75	0.000039
OPCODE	E38F	75	0.000039
OPCODE	4259	74	0.000038
OPCODE	3838	74	0.000038
OPCODE	D090	74	0.000038
OPCODE	2747	74	0.000038
OPCODE	6C5A	74	0.000038
OPCODE	9478	74	0.000038
OPCODE	9269	74	0.000038
OPCODE	9078	74	0.000038
OPCODE	2A28	74	0.000038
OPCODE	D651	73	0.000037
OPCODE	606C	73	0.000037
OPCODE	2605	73	0.000037
OPCODE	CCEA	73	0.000037
OPCODE	2E11	73	0.000037
OPCODE	3031	73	0.000037
OPCODE	6C0E	73	0.000037
OPCODE	DF53	73	0.000037
OPCODE	8CFC	73	0.000037
OPCODE	1C38	73	0.000037
OPCODE	2C09	73	0.000037
OPCODE	D687	73	0.000037
OPCODE	21C7	73	0.000037
OPCODE	C6C6	73	0.000037
OPCODE	86EA	73	0.000037
OPCODE	C4EA	73	0.000037
OPCODE	84EA	73	0.000037
OPCODE	7C02	73	0.000037
OPCODE	2A13	73	0.000037
OPCODE	88EA	73	0.000037
OPCODE	9E91	73	0.000037
OPCODE	60C4	73	0.000037
OPCODE	6FDC	72	0.000037
OPCODE	3280	72	0.000037
OPCODE	C0D4	72	0.000037
OPCODE	72FE	72	0.000037
OPCODE	C0E8	72	0.000037
OPCODE	2035	72	0.000037
OPCODE	EDC6	72	0.000037
OPCODE	4883	72	0.000037
OPCODE	B446	72	0.000037
OPCODE	2803	72	0.000037
OPCODE	3411	72	0.000037
OPCODE	2611	72	0.000037
OPCODE	6B3E	72	0.000037
OPCODE	277C	71	0.000036
OPCODE	802B	71	0.000036
OPCODE	4251	71	0.000036
OPCODE	2C2B	71	0.000036
OPCODE	E140	71	0.000036
OPCODE	6D14	71	0.000036
OPCODE	DDA8	71	0.000036
OPCODE	AA1A	71	0.000036
OPCODE	0447	71	0.000036
OPCODE	0C83	71	0.000036
OPCODE	9E86	71	0.000036
OPCODE	DA86	71	0.000036
OPCODE	D66D	70	0.000036
OPCODE	2E2F	70	0.000036
OPCODE	2A4B	70	0.000036
OPCODE	2612	70	0.000036
OPCODE	3A1F	70	0.000036
OPCODE	D86D	70	0.000036
OPCODE	B444	70	0.000036
OPCODE	3812	70	0.000036
OPCODE	49F0	69	0.000035
OPCODE	632A	69	0.000035
OPCODE	E7A8	69	0.000035
OPCODE	66C8	69	0.000035
OPCODE	C188	68	0.000035
OPCODE	BBCC	68	0.000035
OPCODE	5288	68	0.000035
OPCODE	D7F3	68	0.000035
OPCODE	D4C5	68	0.000035
OPCODE	307C	68	0.000035
OPCODE	EF6D	68	0.000035
OPCODE	2274	68	0.000035
OPCODE	6FD8	68	0.000035
OPCODE	6348	68	0.000035
OPCODE	D684	67	0.000034
OPCODE	0C11	67	0.000034
OPCODE	60F8	67	0.000034
OPCODE	08E9	67	0.000034
OPCODE	2A6C	67	0.000034
OPCODE	6128	67	0.000034
OPCODE	2A48	67	0.000034
OPCODE	2409	67	0.000034
OPCODE	6B18	66	0.000034
OPCODE	A8E5	66	0.000034
OPCODE	909B	66	0.000034
OPCODE	BC87	66	0.000034
OPCODE	B841	66	0.000034
OPCODE	642A	66	0.000034
OPCODE	F280	65	0.000033
OPCODE	289F	65	0.000033
OPCODE	C068	65	0.000033
OPCODE	4BED	65	0.000033
OPCODE	B897	65	0.000033
OPCODE	B670	65	0.000033
OPCODE	95D4	65	0.000033
OPCODE	6414	65	0.000033
OPCODE	2E3C	65	0.000033
OPCODE	2F41	65	0.000033
OPCODE	0804	65	0.000033
OPCODE	42AF	65	0.000033
OPCODE	6C90	65	0.000033
OPCODE	3F7C	65	0.000033
OPCODE	6034	64	0.000033
OPCODE	6B08	64	0.000033
OPCODE	6EF2	64	0.000033
OPCODE	7CFF	64	0.000033
OPCODE	4480	64	0.000033
OPCODE	3340	64	0.000033
OPCODE	67E6	64	0.000033
OPCODE	6E02	64	0.000033
OPCODE	6044	64	0.000033
OPCODE	4229	63	0.000032
OPCODE	2217	63	0.000032
OPCODE	EFA9	63	0.000032
OPCODE	3320	63	0.000032
OPCODE	6C0C	63	0.000032
OPCODE	A22E	63	0.000032
OPCODE	5349	62	0.000032
OPCODE	0C69	62	0.000032
OPCODE	5849	62	0.000032
OPCODE	7403	62	0.000032
OPCODE	31C6	62	0.000032
OPCODE	D0E8	62	0.000032
OPCODE	3946	62	0.000032
OPCODE	20CC	62	0.000032
OPCODE	7091	61	0.000031
OPCODE	EA88	61	0.000031
OPCODE	2943	61	0.000031
OPCODE	B268	61	0.000031
OPCODE	266A	61	0.000031
OPCODE	0878	61	0.000031
OPCODE	0446	61	0.000031
OPCODE	2669	61	0.000031
OPCODE	265E	61	0.000031
OPCODE	2441	61	0.000031
OPCODE	526B	61	0.000031
OPCODE	C047	61	0.000031
OPCODE	2171	61	0.000031
OPCODE	9642	61	0.000031
OPCODE	E18D	61	0.000031
OPCODE	536B	61	0.000031
OPCODE	DA85	61	0.000031
OPCODE	C34D	61	0.000031
OPCODE	2A75	61	0.000031
OPCODE	609E	61	0.000031
OPCODE	300D	61	0.000031
OPCODE	2D0B	61	0.000031
OPCODE	196B	61	0.000031
OPCODE	E780	60	0.000031
OPCODE	522D	60	0.000031
OPCODE	341B	60	0.000031
OPCODE	E678	60	0.000031
OPCODE	2350	60	0.000031
OPCODE	E0AF	60	0.000031
OPCODE	D2C5	60	0.000031
OPCODE	926E	60	0.000031
OPCODE	E34A	60	0.000031
OPCODE	B26A	60	0.000031
OPCODE	2E2C	60	0.000031
OPCODE	E240	60	0.000031
OPCODE	45F3	60	0.000031
OPCODE	3233	60	0.000031
OPCODE	7A0F	60	0.000031
OPCODE	532D	60	0.000031
OPCODE	5541	60	0.000031
OPCODE	95A8	59	0.000030
OPCODE	300F	59	0.000030
OPCODE	45F2	59	0.000030
OPCODE	D2C2	59	0.000030
OPCODE	5001	59	0.000030
OPCODE	E18E	59	0.000030
OPCODE	6D12	59	0.000030
OPCODE	9C42	59	0.000030
OPCODE	A1AD	59	0.000030
OPCODE	425C	59	0.000030
OPCODE	DEC7	59	0.000030
OPCODE	2C13	59	0.000030
OPCODE	E08A	59	0.000030
OPCODE	384B	59	0.000030
OPCODE	D5A8	59	0.000030
OPCODE	D04D	59	0.000030
OPCODE	6DF2	58	0.000030
OPCODE	E0AD	58	0.000030
OPCODE	C1C2	58	0.000030
OPCODE	D042	58	0.000030
OPCODE	A891	58	0.000030
OPCODE	A998	57	0.000029
OPCODE	B060	57	0.000029
OPCODE	514F	57	0.000029
OPCODE	61A8	57	0.000029
OPCODE	30B1	57	0.000029
OPCODE	6698	57	0.000029
OPCODE	262B	57	0.000029
OPCODE	B046	56	0.000029
OPCODE	D06C	56	0.000029
OPCODE	6316	56	0.000029
OPCODE	4683	56	0.000029
OPCODE	5282	56	0.000029
OPCODE	2852	56	0.000029
OPCODE	9250	56	0.000029
OPCODE	6020	56	0.000029
OPCODE	E54F	56	0.000029
OPCODE	6C16	55	0.000028
OPCODE	3A10	55	0.000028
OPCODE	6642	55	0.000028
OPCODE	4CD8	55	0.000028
OPCODE	67C8	55	0.000028
OPCODE	6B76	54	0.000028
OPCODE	C2AE	54	0.000028
OPCODE	D7C2	54	0.000028
OPCODE	7005	54	0.000028
OPCODE	C0C3	54	0.000028
OPCODE	241A	54	0.000028
OPCODE	30C6	54	0.000028
OPCODE	956E	54	0.000028
OPCODE	216A	54	0.000028
OPCODE	426B	53	0.000027
OPCODE	5987	53	0.000027
OPCODE	BE40	53	0.000027
OPCODE	0BC3	53	0.000027
OPCODE	A8DD	53	0.000027
OPCODE	43D2	53	0.000027
OPCODE	263C	53	0.000027
OPCODE	6F22	52	0.000027
OPCODE	40C2	52	0.000027
OPCODE	D28C	52	0.000027
OPCODE	49EB	52	0.000027
OPCODE	A879	52	0.000027
OPCODE	A05A	52	0.000027
OPCODE	6C22	52	0.000027
OPCODE	A975	52	0.000027
OPCODE	5384	52	0.000027
OPCODE	A8E0	52	0.000027
OPCODE	D0AA	52	0.000027
OPCODE	46C2	52	0.000027
OPCODE	6A76	52	0.000027
OPCODE	7206	52	0.000027
OPCODE	327C	52	0.000027
OPCODE	6C26	51	0.000026
OPCODE	E058	51	0.000026
OPCODE	3405	51	0.000026
OPCODE	5285	51	0.000026
OPCODE	2A2B	51	0.000026
OPCODE	6DC0	51	0.000026
OPCODE	3768	51	0.000026
OPCODE	724E	50	0.000026
OPCODE	6F30	50	0.000026
OPCODE	4291	50	0.000026
OPCODE	740E	50	0.000026
OPCODE	ED40	50	0.000026
OPCODE	5544	50	0.000026
OPCODE	3945	50	0.000026
OPCODE	40C1	50	0.000026
OPCODE	361F	50	0.000026
OPCODE	816E	50	0.000026
OPCODE	3629	50	0.000026
OPCODE	6E20	50	0.000026
OPCODE	EFA8	50	0.000026
OPCODE	46C1	50	0.000026
OPCODE	AAA2	50	0.000026
OPCODE	92A8	50	0.000026
OPCODE	2F6D	50	0.000026
OPCODE	45F4	50	0.000026
OPCODE	B06A	50	0.000026
OPCODE	5248	49	0.000025
OPCODE	5284	49	0.000025
OPCODE	0657	49	0.000025
OPCODE	0000	49	0.000025
OPCODE	60C2	49	0.000025
OPCODE	A9ED	49	0.000025
OPCODE	92F8	49	0.000025
OPCODE	2818	49	0.000025
OPCODE	3B7C	49	0.000025
OPCODE	D644	49	0.000025
OPCODE	0C53	49	0.000025
OPCODE	74B0	49	0.000025
OPCODE	2A49	48	0.000025
OPCODE	117C	48	0.000025
OPCODE	4482	48	0.000025
OPCODE	E9E8	48	0.000025
OPCODE	66DC	48	0.000025
OPCODE	30D2	48	0.000025
OPCODE	2B4B	48	0.000025
OPCODE	36C6	48	0.000025
OPCODE	2A1B	48	0.000025
OPCODE	6D40	48	0.000025
OPCODE	22C3	48	0.000025
OPCODE	36C5	48	0.000025
OPCODE	2540	48	0.000025
OPCODE	361A	48	0.000025
OPCODE	58AE	48	0.000025
OPCODE	6694	48	0.000025
OPCODE	4EB4	48	0.000025
OPCODE	A260	48	0.000025
OPCODE	2C1B	48	0.000025
OPCODE	281B	48	0.000025
OPCODE	2D53	48	0.000025
OPCODE	C052	48	0.000025
OPCODE	261B	48	0.000025
OPCODE	B098	48	0.000025
OPCODE	7023	48	0.000025
OPCODE	A0A5	48	0.000025
OPCODE	D169	47	0.000024
OPCODE	D4F2	47	0.000024
OPCODE	BEA8	47	0.000024
OPCODE	9083	47	0.000024
OPCODE	B101	47	0.000024
OPCODE	A88B	47	0.000024
OPCODE	B7C0	46	0.000024
OPCODE	BE82	46	0.000024
OPCODE	217C	46	0.000024
OPCODE	6572	46	0.000024
OPCODE	3438	46	0.000024
OPCODE	9484	46	0.000024
OPCODE	690E	46	0.000024
OPCODE	70CE	46	0.000024
OPCODE	D6E8	46	0.000024
OPCODE	720E	46	0.000024
OPCODE	61A2	46	0.000024
OPCODE	82C0	46	0.000024
OPCODE	7614	46	0.000024
OPCODE	7610	46	0.000024
OPCODE	2252	46	0.000024
OPCODE	AA42	46	0.000024
OPCODE	BA6B	46	0.000024
OPCODE	5C88	46	0.000024
OPCODE	C348	45	0.000023
OPCODE	E54B	45	0.000023
OPCODE	A9EF	45	0.000023
OPCODE	6F42	45	0.000023
OPCODE	9868	45	0.000023
OPCODE	F624	45	0.000023
OPCODE	A851	45	0.000023
OPCODE	6676	45	0.000023
OPCODE	2282	45	0.000023
OPCODE	204D	45	0.000023
OPCODE	20AE	45	0.000023
OPCODE	A8E9	44	0.000023
OPCODE	6146	44	0.000023
OPCODE	D092	44	0.000023
OPCODE	B3CB	44	0.000023
OPCODE	3543	44	0.000023
OPCODE	4BEB	44	0.000023
OPCODE	3341	44	0.000023
OPCODE	21CE	44	0.000023
OPCODE	3F78	43	0.000022
OPCODE	30BC	43	0.000022
OPCODE	5043	43	0.000022
OPCODE	8042	43	0.000022
OPCODE	281F	43	0.000022
OPCODE	66C0	43	0.000022
OPCODE	66C2	43	0.000022
OPCODE	2842	43	0.000022
OPCODE	4640	43	0.000022
OPCODE	B5D9	43	0.000022
OPCODE	C0AE	43	0.000022
OPCODE	60F6	43	0.000022
OPCODE	70ED	42	0.000022
OPCODE	60EC	42	0.000022
OPCODE	60C6	42	0.000022
OPCODE	296C	42	0.000022
OPCODE	D1A9	42	0.000022
OPCODE	21C0	42	0.000022
OPCODE	296D	42	0.000022
OPCODE	2B6B	42	0.000022
OPCODE	740C	42	0.000022
OPCODE	2B44	42	0.000022
OPCODE	3F33	42	0.000022
OPCODE	A89E	42	0.000022
OPCODE	D1A8	42	0.000022
OPCODE	A8A3	42	0.000022
OPCODE	2B45	42	0.000022
OPCODE	723C	42	0.000022
OPCODE	214D	42	0.000022
OPCODE	176C	42	0.000022
OPCODE	316E	42	0.000022
OPCODE	6E1E	42	0.000022
OPCODE	D0C4	42	0.000022
OPCODE	60E0	42	0.000022
OPCODE	A869	42	0.000022
OPCODE	60E4	42	0.000022
OPCODE	B200	41	0.000021
OPCODE	8046	41	0.000021
OPCODE	9582	41	0.000021
OPCODE	B7ED	41	0.000021
OPCODE	5940	41	0.000021
OPCODE	8640	41	0.000021
OPCODE	360D	41	0.000021
OPCODE	700D	41	0.000021
OPCODE	E641	41	0.000021
OPCODE	D647	41	0.000021
OPCODE	B5F1	41	0.000021
OPCODE	3E0B	41	0.000021
OPCODE	5840	41	0.000021
OPCODE	8047	41	0.000021
OPCODE	0CA9	41	0.000021
OPCODE	CA47	41	0.000021
OPCODE	6D28	41	0.000021
OPCODE	906A	41	0.000021
OPCODE	300C	41	0.000021
OPCODE	C2C4	41	0.000021
OPCODE	8082	41	0.000021
OPCODE	D8C1	41	0.000021
OPCODE	D885	41	0.000021
OPCODE	6DA8	40	0.000021
OPCODE	6B6A	40	0.000021
OPCODE	D284	40	0.000021
OPCODE	6EAC	40	0.000021
OPCODE	AA64	40	0.000021
OPCODE	6B54	40	0.000021
OPCODE	D6FC	40	0.000021
OPCODE	7025	40	0.000021
OPCODE	3C18	40	0.000021
OPCODE	D485	40	0.000021
OPCODE	022A	40	0.000021
OPCODE	54C0	40	0.000021
OPCODE	0CA2	40	0.000021
OPCODE	4857	40	0.000021
OPCODE	5743	40	0.000021
OPCODE	D083	40	0.000021
OPCODE	6524	40	0.000021
OPCODE	4ED6	40	0.000021
OPCODE	747E	40	0.000021
OPCODE	2A6F	40	0.000021
OPCODE	3F57	40	0.000021
OPCODE	ED98	40	0.000021
OPCODE	EA8A	40	0.000021
OPCODE	3F30	40	0.000021
OPCODE	2486	40	0.000021
OPCODE	4DFA	40	0.000021
OPCODE	962A	39	0.000020
OPCODE	2E05	39	0.000020
OPCODE	E582	39	0.000020
OPCODE	9A59	39	0.000020
OPCODE	9A68	39	0.000020
OPCODE	B687	39	0.000020
OPCODE	56E7	39	0.000020
OPCODE	965F	39	0.000020
OPCODE	1828	39	0.000020
OPCODE	2205	39	0.000020
OPCODE	7404	39	0.000020
OPCODE	9859	39	0.000020
OPCODE	3607	39	0.000020
OPCODE	2550	39	0.000020
OPCODE	968D	39	0.000020
OPCODE	34BC	39	0.000020
OPCODE	57E7	39	0.000020
OPCODE	E250	39	0.000020
OPCODE	E291	39	0.000020
OPCODE	D483	39	0.000020
OPCODE	1345	39	0.000020
OPCODE	E399	39	0.000020
OPCODE	6654	39	0.000020
OPCODE	9159	39	0.000020
OPCODE	B128	39	0.000020
OPCODE	B0B4	39	0.000020
OPCODE	EE4A	39	0.000020
OPCODE	A90B	39	0.000020
OPCODE	EF8A	39	0.000020
OPCODE	0A3C	39	0.000020
OPCODE	0A80	39	0.000020
OPCODE	3E12	39	0.000020
OPCODE	B292	39	0.000020
OPCODE	CAC1	39	0.000020
OPCODE	9359	39	0.000020
OPCODE	763B	39	0.000020
OPCODE	A9C6	39	0.000020
OPCODE	7647	39	0.000020
OPCODE	AA17	39	0.000020
OPCODE	5A40	39	0.000020
OPCODE	B474	39	0.000020
OPCODE	C34A	38	0.000020
OPCODE	BAAC	38	0.000020
OPCODE	2454	38	0.000020
OPCODE	C041	38	0.000020
OPCODE	47ED	38	0.000020
OPCODE	0CAC	38	0.000020
OPCODE	6ED6	38	0.000020
OPCODE	2EB1	38	0.000020
OPCODE	9068	38	0.000020
OPCODE	5845	38	0.000020
OPCODE	E840	38	0.000020
OPCODE	D490	38	0.000020
OPCODE	0C54	38	0.000020
OPCODE	653A	38	0.000020
OPCODE	3078	37	0.000019
OPCODE	EEAA	37	0.000019
OPCODE	4DEC	37	0.000019
OPCODE	EEAD	37	0.000019
OPCODE	B645	37	0.000019
OPCODE	EF6E	37	0.000019
OPCODE	6214	37	0.000019
OPCODE	4850	37	0.000019
OPCODE	006C	37	0.000019
OPCODE	9C40	37	0.000019
OPCODE	218C	37	0.000019
OPCODE	2C45	37	0.000019
OPCODE	D551	37	0.000019
OPCODE	9A84	37	0.000019
OPCODE	E78A	37	0.000019
OPCODE	1E30	37	0.000019
OPCODE	E58A	37	0.000019
OPCODE	D645	37	0.000019
OPCODE	C8C2	37	0.000019
OPCODE	A868	37	0.000019
OPCODE	6B4E	37	0.000019
OPCODE	A87A	37	0.000019
OPCODE	E685	37	0.000019
OPCODE	E7A9	37	0.000019
OPCODE	DBC5	37	0.000019
OPCODE	08C7	37	0.000019
OPCODE	B245	37	0.000019
OPCODE	2870	37	0.000019
OPCODE	EA8D	37	0.000019
OPCODE	32C5	37	0.000019
OPCODE	32C3	37	0.000019
OPCODE	32C2	37	0.000019
OPCODE	3285	37	0.000019
OPCODE	7A10	37	0.000019
OPCODE	3256	37	0.000019
OPCODE	91C2	37	0.000019
OPCODE	3380	36	0.000018
OPCODE	262F	36	0.000018
OPCODE	2017	36	0.000018
OPCODE	D168	36	0.000018
OPCODE	2057	36	0.000018
OPCODE	6062	36	0.000018
OPCODE	C1C7	36	0.000018
OPCODE	B659	36	0.000018
OPCODE	B459	36	0.000018
OPCODE	0CAD	36	0.000018
OPCODE	3C3C	36	0.000018
OPCODE	B259	36	0.000018
OPCODE	3F2D	36	0.000018
OPCODE	082F	36	0.000018
OPCODE	A8DC	36	0.000018
OPCODE	2320	36	0.000018
OPCODE	22D2	36	0.000018
OPCODE	0214	36	0.000018
OPCODE	A994	36	0.000018
OPCODE	0287	35	0.000018
OPCODE	6E18	35	0.000018
OPCODE	422A	35	0.000018
OPCODE	9050	35	0.000018
OPCODE	4217	35	0.000018
OPCODE	A93A	35	0.000018
OPCODE	47F7	35	0.000018
OPCODE	3E2D	35	0.000018
OPCODE	9285	35	0.000018
OPCODE	47F8	35	0.000018
OPCODE	0181	35	0.000018
OPCODE	49F8	35	0.000018
OPCODE	196E	35	0.000018
OPCODE	B9EB	35	0.000018
OPCODE	61DC	35	0.000018
OPCODE	D26D	35	0.000018
OPCODE	E488	35	0.000018
OPCODE	7410	35	0.000018
OPCODE	3270	35	0.000018
OPCODE	CA81	34	0.000017
OPCODE	5C44	34	0.000017
OPCODE	3E05	34	0.000017
OPCODE	16BC	34	0.000017
OPCODE	3E2C	34	0.000017
OPCODE	E0A1	34	0.000017
OPCODE	C441	34	0.000017
OPCODE	2873	34	0.000017
OPCODE	7A1F	34	0.000017
OPCODE	3F2F	34	0.000017
OPCODE	6D32	34	0.000017
OPCODE	802D	34	0.000017
OPCODE	D9D0	34	0.000017
OPCODE	6D3E	34	0.000017
OPCODE	4297	34	0.000017
OPCODE	0302	34	0.000017
OPCODE	BC47	34	0.000017
OPCODE	2C01	34	0.000017
OPCODE	B3CC	34	0.000017
OPCODE	5945	34	0.000017
OPCODE	1740	34	0.000017
OPCODE	80BC	34	0.000017
OPCODE	524B	34	0.000017
OPCODE	B5E9	34	0.000017
OPCODE	4C41	34	0.000017
OPCODE	E84C	34	0.000017
OPCODE	6C1E	34	0.000017
OPCODE	E681	34	0.000017
OPCODE	214B	34	0.000017
OPCODE	1941	34	0.000017
OPCODE	631E	33	0.000017
OPCODE	6652	33	0.000017
OPCODE	3747	33	0.000017
OPCODE	E8A1	33	0.000017
OPCODE	6064	33	0.000017
OPCODE	A8A9	33	0.000017
OPCODE	6056	33	0.000017
OPCODE	BE80	33	0.000017
OPCODE	0257	33	0.000017
OPCODE	2280	33	0.000017
OPCODE	3B40	33	0.000017
OPCODE	3D45	33	0.000017
OPCODE	A87B	33	0.000017
OPCODE	E48E	33	0.000017
OPCODE	E0AE	32	0.000016
OPCODE	31E1	32	0.000016
OPCODE	2206	32	0.000016
OPCODE	4686	32	0.000016
OPCODE	3040	32	0.000016
OPCODE	CE03	32	0.000016
OPCODE	6EF8	32	0.000016
OPCODE	A08F	32	0.000016
OPCODE	DFAC	32	0.000016
OPCODE	5201	32	0.000016
OPCODE	381A	32	0.000016
OPCODE	A80A	32	0.000016
OPCODE	3942	32	0.000016
OPCODE	3A06	32	0.000016
OPCODE	C5EC	32	0.000016
OPCODE	7044	32	0.000016
OPCODE	B0FC	32	0.000016
OPCODE	6C34	32	0.000016
OPCODE	2328	32	0.000016
OPCODE	A887	32	0.000016
OPCODE	12BC	32	0.000016
OPCODE	342C	32	0.000016
OPCODE	6066	32	0.000016
OPCODE	0682	32	0.000016
OPCODE	2607	31	0.000016
OPCODE	9EFC	31	0.000016
OPCODE	6122	31	0.000016
OPCODE	D880	31	0.000016
OPCODE	2144	31	0.000016
OPCODE	B02E	31	0.000016
OPCODE	6074	31	0.000016
OPCODE	EF8E	31	0.000016
OPCODE	446F	31	0.000016
OPCODE	7030	31	0.000016
OPCODE	3210	31	0.000016
OPCODE	297C	31	0.000016
OPCODE	5148	31	0.000016
OPCODE	5841	31	0.000016
OPCODE	74FE	31	0.000016
OPCODE	B7EC	30	0.000015
OPCODE	3345	30	0.000015
OPCODE	3618	30	0.000015
OPCODE	BA29	30	0.000015
OPCODE	61B2	30	0.000015
OPCODE	D593	30	0.000015
OPCODE	3A18	30	0.000015
OPCODE	3C2D	30	0.000015
OPCODE	3E18	30	0.000015
OPCODE	4263	30	0.000015
OPCODE	4469	30	0.000015
OPCODE	2682	30	0.000015
OPCODE	6198	30	0.000015
OPCODE	3332	30	0.000015
OPCODE	4A9F	30	0.000015
OPCODE	9EC4	30	0.000015
OPCODE	9E80	30	0.000015
OPCODE	89FC	30	0.000015
OPCODE	C05A	30	0.000015
OPCODE	9969	30	0.000015
OPCODE	C4C5	30	0.000015
OPCODE	C4C6	30	0.000015
OPCODE	C840	30	0.000015
OPCODE	C8C1	30	0.000015
OPCODE	92C4	30	0.000015
OPCODE	CBC0	30	0.000015
OPCODE	2702	30	0.000015
OPCODE	6120	30	0.000015
OPCODE	D78C	30	0.000015
OPCODE	1091	30	0.000015
OPCODE	E05A	30	0.000015
OPCODE	E342	30	0.000015
OPCODE	1A10	30	0.000015
OPCODE	6D2A	30	0.000015
OPCODE	16DC	30	0.000015
OPCODE	0644	30	0.000015
OPCODE	DE46	30	0.000015
OPCODE	6CBC	30	0.000015
OPCODE	0887	30	0.000015
OPCODE	6B32	30	0.000015
OPCODE	DC47	30	0.000015
OPCODE	E668	30	0.000015
OPCODE	E445	30	0.000015
OPCODE	E946	30	0.000015
OPCODE	DA44	30	0.000015
OPCODE	0204	30	0.000015
OPCODE	22C8	30	0.000015
OPCODE	613C	29	0.000015
OPCODE	C544	29	0.000015
OPCODE	9441	29	0.000015
OPCODE	48C4	29	0.000015
OPCODE	6F2A	29	0.000015
OPCODE	50E8	29	0.000015
OPCODE	006B	29	0.000015
OPCODE	2E01	29	0.000015
OPCODE	A8A1	29	0.000015
OPCODE	53EE	29	0.000015
OPCODE	6D1E	29	0.000015
OPCODE	382C	29	0.000015
OPCODE	43D4	28	0.000014
OPCODE	294E	28	0.000014
OPCODE	3199	28	0.000014
OPCODE	2150	28	0.000014
OPCODE	216F	28	0.000014
OPCODE	6E12	28	0.000014
OPCODE	301E	28	0.000014
OPCODE	2180	28	0.000014
OPCODE	CA83	28	0.000014
OPCODE	E7AA	28	0.000014
OPCODE	28C6	28	0.000014
OPCODE	DDC0	28	0.000014
OPCODE	62F2	28	0.000014
OPCODE	43F4	28	0.000014
OPCODE	CC84	28	0.000014
OPCODE	CC94	28	0.000014
OPCODE	2874	28	0.000014
OPCODE	3D00	28	0.000014
OPCODE	0C2C	28	0.000014
OPCODE	B053	28	0.000014
OPCODE	90AE	28	0.000014
OPCODE	11D9	28	0.000014
OPCODE	D06F	28	0.000014
OPCODE	9DC0	28	0.000014
OPCODE	D06B	28	0.000014
OPCODE	9168	28	0.000014
OPCODE	8E00	28	0.000014
OPCODE	C286	28	0.000014
OPCODE	E0AB	28	0.000014
OPCODE	4A56	28	0.000014
OPCODE	A803	28	0.000014
OPCODE	8C81	28	0.000014
OPCODE	E180	28	0.000014
OPCODE	41D4	28	0.000014
OPCODE	A863	28	0.000014
OPCODE	BB86	28	0.000014
OPCODE	41F4	28	0.000014
OPCODE	7626	28	0.000014
OPCODE	6D82	28	0.000014
OPCODE	DC82	27	0.000014
OPCODE	A88A	27	0.000014
OPCODE	0890	27	0.000014
OPCODE	4A59	27	0.000014
OPCODE	B043	27	0.000014
OPCODE	3C2C	27	0.000014
OPCODE	234A	27	0.000014
OPCODE	508C	27	0.000014
OPCODE	A126	27	0.000014
OPCODE	704A	27	0.000014
OPCODE	E249	27	0.000014
OPCODE	EDC1	27	0.000014
OPCODE	5A80	26	0.000013
OPCODE	50C1	26	0.000013
OPCODE	A01B	26	0.000013
OPCODE	E9A8	26	0.000013
OPCODE	56E8	26	0.000013
OPCODE	60A0	26	0.000013
OPCODE	3E80	26	0.000013
OPCODE	70FD	26	0.000013
OPCODE	EDE8	26	0.000013
OPCODE	B854	26	0.000013
OPCODE	0294	26	0.000013
OPCODE	3E29	26	0.000013
OPCODE	0C06	26	0.000013
OPCODE	BEAB	26	0.000013
OPCODE	ECE8	26	0.000013
OPCODE	3352	26	0.000013
OPCODE	182E	26	0.000013
OPCODE	6E1A	26	0.000013
OPCODE	65EA	26	0.000013
OPCODE	6E76	26	0.000013
OPCODE	229F	26	0.000013
OPCODE	6E58	26	0.000013
OPCODE	3A2A	26	0.000013
OPCODE	60D4	26	0.000013
OPCODE	518B	26	0.000013
OPCODE	D482	26	0.000013
OPCODE	2147	26	0.000013
OPCODE	8441	26	0.000013
OPCODE	8001	26	0.000013
OPCODE	9047	26	0.000013
OPCODE	98FC	25	0.000013
OPCODE	674E	25	0.000013
OPCODE	376D	25	0.000013
OPCODE	7A04	25	0.000013
OPCODE	45EB	25	0.000013
OPCODE	9043	25	0.000013
OPCODE	3829	25	0.000013
OPCODE	A722	25	0.000013
OPCODE	08C3	25	0.000013
OPCODE	01C1	25	0.000013
OPCODE	36A8	25	0.000013
OPCODE	36AD	25	0.000013
OPCODE	A939	25	0.000013
OPCODE	9A44	25	0.000013
OPCODE	2E0B	25	0.000013
OPCODE	62F0	25	0.000013
OPCODE	1434	24	0.000012
OPCODE	D16F	24	0.000012
OPCODE	BA43	24	0.000012
OPCODE	DE80	24	0.000012
OPCODE	9452	24	0.000012
OPCODE	E8A0	24	0.000012
OPCODE	E411	24	0.000012
OPCODE	6CEC	24	0.000012
OPCODE	C543	24	0.000012
OPCODE	DE87	24	0.000012
OPCODE	1EB8	24	0.000012
OPCODE	32E9	24	0.000012
OPCODE	5307	24	0.000012
OPCODE	262C	24	0.000012
OPCODE	AA27	24	0.000012
OPCODE	E709	24	0.000012
OPCODE	254B	24	0.000012
OPCODE	E319	24	0.000012
OPCODE	740A	24	0.000012
OPCODE	E2A0	24	0.000012
OPCODE	D2BC	24	0.000012
OPCODE	4A5A	24	0.000012
OPCODE	D642	24	0.000012
OPCODE	3631	24	0.000012
OPCODE	5C42	24	0.000012
OPCODE	21C1	24	0.000012
OPCODE	3C29	24	0.000012
OPCODE	6DF8	24	0.000012
OPCODE	A949	24	0.000012
OPCODE	6F40	24	0.000012
OPCODE	335A	24	0.000012
OPCODE	E4A1	24	0.000012
OPCODE	CC81	24	0.000012
OPCODE	D095	24	0.000012
OPCODE	9843	23	0.000012
OPCODE	615A	23	0.000012
OPCODE	2A68	23	0.000012
OPCODE	2085	23	0.000012
OPCODE	6C76	23	0.000012
OPCODE	6EE4	23	0.000012
OPCODE	0A00	23	0.000012
OPCODE	6760	23	0.000012
OPCODE	2958	23	0.000012
OPCODE	3944	23	0.000012
OPCODE	7078	23	0.000012
OPCODE	D111	23	0.000012
OPCODE	DBE8	23	0.000012
OPCODE	7021	23	0.000012
OPCODE	D157	23	0.000012
OPCODE	6302	22	0.000011
OPCODE	0701	22	0.000011
OPCODE	1618	22	0.000011
OPCODE	5358	22	0.000011
OPCODE	A8DE	22	0.000011
OPCODE	51E8	22	0.000011
OPCODE	5258	22	0.000011
OPCODE	EA49	22	0.000011
OPCODE	2D57	22	0.000011
OPCODE	66CE	22	0.000011
OPCODE	45EC	22	0.000011
OPCODE	20C5	22	0.000011
OPCODE	50EB	22	0.000011
OPCODE	2407	22	0.000011
OPCODE	234F	22	0.000011
OPCODE	4851	22	0.000011
OPCODE	3F19	22	0.000011
OPCODE	60B8	22	0.000011
OPCODE	30AA	22	0.000011
OPCODE	30EA	22	0.000011
OPCODE	C4C1	22	0.000011
OPCODE	6410	22	0.000011
OPCODE	D180	22	0.000011
OPCODE	0450	22	0.000011
OPCODE	3D69	22	0.000011
OPCODE	4C2F	22	0.000011
OPCODE	2A1F	22	0.000011
OPCODE	20EA	22	0.000011
OPCODE	D150	22	0.000011
OPCODE	0128	22	0.000011
OPCODE	6A2A	22	0.000011
OPCODE	8050	21	0.000011
OPCODE	A8DF	21	0.000011
OPCODE	61B8	21	0.000011
OPCODE	6D9A	21	0.000011
OPCODE	4A88	21	0.000011
OPCODE	9444	21	0.000011
OPCODE	966E	21	0.000011
OPCODE	8058	21	0.000011
OPCODE	A11E	21	0.000011
OPCODE	4C46	21	0.000011
OPCODE	986E	21	0.000011
OPCODE	9259	21	0.000011
OPCODE	3290	21	0.000011
OPCODE	223A	21	0.000011
OPCODE	91A9	21	0.000011
OPCODE	E1AB	21	0.000011
OPCODE	2C38	21	0.000011
OPCODE	D152	20	0.000010
OPCODE	6E32	20	0.000010
OPCODE	A8B5	20	0.000010
OPCODE	A89B	20	0.000010
OPCODE	8194	20	0.000010
OPCODE	0CB8	20	0.000010
OPCODE	D088	20	0.000010
OPCODE	7278	20	0.000010
OPCODE	BFC4	20	0.000010
OPCODE	6C3C	20	0.000010
OPCODE	D068	20	0.000010
OPCODE	544C	20	0.000010
OPCODE	11EB	20	0.000010
OPCODE	2881	20	0.000010
OPCODE	24F4	20	0.000010
OPCODE	12A8	20	0.000010
OPCODE	D1AD	20	0.000010
OPCODE	3211	20	0.000010
OPCODE	6512	20	0.000010
OPCODE	BE6C	20	0.000010
OPCODE	6418	20	0.000010
OPCODE	0C14	20	0.000010
OPCODE	6068	20	0.000010
OPCODE	90A8	20	0.000010
OPCODE	4698	20	0.000010
OPCODE	2A0B	20	0.000010
OPCODE	0C18	19	0.000010
OPCODE	51C4	19	0.000010
OPCODE	5440	19	0.000010
OPCODE	B393	19	0.000010
OPCODE	7013	19	0.000010
OPCODE	E2AD	19	0.000010
OPCODE	3D6B	19	0.000010
OPCODE	B5F8	19	0.000010
OPCODE	1340	19	0.000010
OPCODE	51C6	19	0.000010
OPCODE	B62C	19	0.000010
OPCODE	2898	19	0.000010
OPCODE	675E	19	0.000010
OPCODE	9869	19	0.000010
OPCODE	EA4B	19	0.000010
OPCODE	2C2C	19	0.000010
OPCODE	61BA	19	0.000010
OPCODE	61B6	19	0.000010
OPCODE	EA4C	19	0.000010
OPCODE	6D38	19	0.000010
OPCODE	9669	19	0.000010
OPCODE	7604	19	0.000010
OPCODE	7228	19	0.000010
OPCODE	902C	19	0.000010
OPCODE	D6C0	19	0.000010
OPCODE	615C	19	0.000010
OPCODE	C044	19	0.000010
OPCODE	605E	19	0.000010
OPCODE	ABC9	19	0.000010
OPCODE	7AFC	19	0.000010
OPCODE	026B	19	0.000010
OPCODE	D02C	19	0.000010
OPCODE	D084	19	0.000010
OPCODE	61D2	19	0.000010
OPCODE	61CA	19	0.000010
OPCODE	224E	19	0.000010
OPCODE	3F2B	19	0.000010
OPCODE	C0EA	19	0.000010
OPCODE	3F2A	19	0.000010
OPCODE	8128	19	0.000010
OPCODE	5C43	18	0.000009
OPCODE	9283	18	0.000009
OPCODE	208F	18	0.000009
OPCODE	0C2E	18	0.000009
OPCODE	70D5	18	0.000009
OPCODE	A899	18	0.000009
OPCODE	652C	18	0.000009
OPCODE	9040	18	0.000009
OPCODE	B653	18	0.000009
OPCODE	C001	18	0.000009
OPCODE	A04C	18	0.000009
OPCODE	A898	18	0.000009
OPCODE	DC87	18	0.000009
OPCODE	21E8	18	0.000009
OPCODE	AA34	18	0.000009
OPCODE	3F10	18	0.000009
OPCODE	D059	18	0.000009
OPCODE	9258	18	0.000009
OPCODE	9058	18	0.000009
OPCODE	C06C	18	0.000009
OPCODE	C05F	18	0.000009
OPCODE	3744	18	0.000009
OPCODE	9086	18	0.000009
OPCODE	0259	18	0.000009
OPCODE	D057	18	0.000009
OPCODE	966A	18	0.000009
OPCODE	2E42	18	0.000009
OPCODE	BE6B	18	0.000009
OPCODE	908F	18	0.000009
OPCODE	276C	18	0.000009
OPCODE	3214	18	0.000009
OPCODE	C343	18	0.000009
OPCODE	A8A8	18	0.000009
OPCODE	6CD8	18	0.000009
OPCODE	3298	18	0.000009
OPCODE	E782	18	0.000009
OPCODE	240F	18	0.000009
OPCODE	2B4C	18	0.000009
OPCODE	EAC0	18	0.000009
OPCODE	E8C0	18	0.000009
OPCODE	A198	18	0.000009
OPCODE	6AC0	18	0.000009
OPCODE	4CF8	18	0.000009
OPCODE	1E2C	18	0.000009
OPCODE	F35F	18	0.000009
OPCODE	522C	18	0.000009
OPCODE	1F07	18	0.000009
OPCODE	52AC	18	0.000009
OPCODE	141C	18	0.000009
OPCODE	2953	18	0.000009
OPCODE	6CEA	18	0.000009
OPCODE	341C	17	0.000009
OPCODE	2647	17	0.000009
OPCODE	2642	17	0.000009
OPCODE	3A2B	17	0.000009
OPCODE	0110	17	0.000009
OPCODE	631A	17	0.000009
OPCODE	6276	17	0.000009
OPCODE	A815	17	0.000009
OPCODE	7042	17	0.000009
OPCODE	0068	17	0.000009
OPCODE	64CA	17	0.000009
OPCODE	9C83	17	0.000009
OPCODE	C028	17	0.000009
OPCODE	723A	17	0.000009
OPCODE	1801	17	0.000009
OPCODE	1A03	17	0.000009
OPCODE	C12C	17	0.000009
OPCODE	C2DF	17	0.000009
OPCODE	1A2C	17	0.000009
OPCODE	66B0	17	0.000009
OPCODE	1B43	17	0.000009
OPCODE	E98E	17	0.000009
OPCODE	EAD0	17	0.000009
OPCODE	DEAE	17	0.000009
OPCODE	4228	17	0.000009
OPCODE	52AB	17	0.000009
OPCODE	CA2B	17	0.000009
OPCODE	7808	17	0.000009
OPCODE	CC6B	17	0.000009
OPCODE	B08E	17	0.000009
OPCODE	70F9	17	0.000009
OPCODE	2074	17	0.000009
OPCODE	9268	17	0.000009
OPCODE	6454	17	0.000009
OPCODE	B868	17	0.000009
OPCODE	7A07	17	0.000009
OPCODE	70DD	17	0.000009
OPCODE	70DC	17	0.000009
OPCODE	8200	16	0.000008
OPCODE	0044	16	0.000008
OPCODE	A89D	16	0.000008
OPCODE	ABCA	16	0.000008
OPCODE	0C32	16	0.000008
OPCODE	6FF2	16	0.000008
OPCODE	426A	16	0.000008
OPCODE	B0AF	16	0.000008
OPCODE	5CC0	16	0.000008
OPCODE	5905	16	0.000008
OPCODE	2A4C	16	0.000008
OPCODE	3338	16	0.000008
OPCODE	21E1	16	0.000008
OPCODE	806E	16	0.000008
OPCODE	536A	16	0.000008
OPCODE	7213	16	0.000008
OPCODE	DA45	16	0.000008
OPCODE	9EAB	16	0.000008
OPCODE	E04C	16	0.000008
OPCODE	1A31	16	0.000008
OPCODE	1A30	16	0.000008
OPCODE	DB45	16	0.000008
OPCODE	5C49	16	0.000008
OPCODE	1803	16	0.000008
OPCODE	D26A	16	0.000008
OPCODE	242C	16	0.000008
OPCODE	3081	16	0.000008
OPCODE	181B	16	0.000008
OPCODE	182A	16	0.000008
OPCODE	8800	16	0.000008
OPCODE	E144	16	0.000008
OPCODE	E14C	16	0.000008
OPCODE	183B	16	0.000008
OPCODE	2F12	16	0.000008
OPCODE	9A6B	16	0.000008
OPCODE	2748	16	0.000008
OPCODE	A809	16	0.000008
OPCODE	10C1	16	0.000008
OPCODE	21CD	16	0.000008
OPCODE	2338	16	0.000008
OPCODE	1F2F	16	0.000008
OPCODE	294A	16	0.000008
OPCODE	36BC	16	0.000008
OPCODE	B8A9	16	0.000008
OPCODE	D06D	16	0.000008
OPCODE	36AE	16	0.000008
OPCODE	280B	16	0.000008
OPCODE	5C41	16	0.000008
OPCODE	B83A	16	0.000008
OPCODE	2746	16	0.000008
OPCODE	6536	16	0.000008
OPCODE	3544	16	0.000008
OPCODE	D957	16	0.000008
OPCODE	650E	16	0.000008
OPCODE	26DC	16	0.000008
OPCODE	B891	16	0.000008
OPCODE	3484	16	0.000008
OPCODE	2887	15	0.000008
OPCODE	6312	15	0.000008
OPCODE	9E81	15	0.000008
OPCODE	2023	15	0.000008
OPCODE	4CB8	15	0.000008
OPCODE	2964	15	0.000008
OPCODE	DE6E	15	0.000008
OPCODE	6F44	15	0.000008
OPCODE	5847	15	0.000008
OPCODE	2631	15	0.000008
OPCODE	257C	15	0.000008
OPCODE	6656	15	0.000008
OPCODE	AA44	15	0.000008
OPCODE	BB9B	15	0.000008
OPCODE	2688	15	0.000008
OPCODE	2283	15	0.000008
OPCODE	B3EA	15	0.000008
OPCODE	A87C	15	0.000008
OPCODE	70FB	15	0.000008
OPCODE	52A8	15	0.000008
OPCODE	0C10	15	0.000008
OPCODE	2886	15	0.000008
OPCODE	32BC	15	0.000008
OPCODE	BE41	15	0.000008
OPCODE	67A6	15	0.000008
OPCODE	C046	15	0.000008
OPCODE	6782	15	0.000008
OPCODE	5580	15	0.000008
OPCODE	9244	14	0.000007
OPCODE	6070	14	0.000007
OPCODE	7A02	14	0.000007
OPCODE	CD40	14	0.000007
OPCODE	2F31	14	0.000007
OPCODE	607E	14	0.000007
OPCODE	282B	14	0.000007
OPCODE	613E	14	0.000007
OPCODE	6082	14	0.000007
OPCODE	2088	14	0.000007
OPCODE	B092	14	0.000007
OPCODE	E349	14	0.000007
OPCODE	B468	14	0.000007
OPCODE	B450	14	0.000007
OPCODE	0C85	14	0.000007
OPCODE	A81E	14	0.000007
OPCODE	7024	14	0.000007
OPCODE	3C28	14	0.000007
OPCODE	6C2C	14	0.000007
OPCODE	6BF0	14	0.000007
OPCODE	7088	14	0.000007
OPCODE	E64A	14	0.000007
OPCODE	50C6	14	0.000007
OPCODE	A162	14	0.000007
OPCODE	3D01	14	0.000007
OPCODE	DDC1	14	0.000007
OPCODE	222D	14	0.000007
OPCODE	5357	14	0.000007
OPCODE	31EE	14	0.000007
OPCODE	7218	14	0.000007
OPCODE	240C	14	0.000007
OPCODE	9DC1	14	0.000007
OPCODE	3F1E	14	0.000007
OPCODE	7416	14	0.000007
OPCODE	6684	14	0.000007
OPCODE	E049	14	0.000007
OPCODE	2A7A	14	0.000007
OPCODE	D6C1	13	0.000007
OPCODE	A9DA	13	0.000007
OPCODE	2213	13	0.000007
OPCODE	0014	13	0.000007
OPCODE	2E30	13	0.000007
OPCODE	B46A	13	0.000007
OPCODE	3C07	13	0.000007
OPCODE	E688	13	0.000007
OPCODE	11B3	13	0.000007
OPCODE	329F	13	0.000007
OPCODE	3178	13	0.000007
OPCODE	316B	13	0.000007
OPCODE	3084	13	0.000007
OPCODE	3034	13	0.000007
OPCODE	268A	13	0.000007
OPCODE	2C3C	13	0.000007
OPCODE	3F42	13	0.000007
OPCODE	DEC1	13	0.000007
OPCODE	2A12	13	0.000007
OPCODE	4274	13	0.000007
OPCODE	4682	13	0.000007
OPCODE	2857	13	0.000007
OPCODE	B052	13	0.000007
OPCODE	2774	13	0.000007
OPCODE	532C	13	0.000007
OPCODE	613A	13	0.000007
OPCODE	4C90	13	0.000007
OPCODE	588A	13	0.000007
OPCODE	605A	13	0.000007
OPCODE	A823	13	0.000007
OPCODE	A950	13	0.000007
OPCODE	50C5	13	0.000007
OPCODE	616E	13	0.000007
OPCODE	A207	13	0.000007
OPCODE	6E42	13	0.000007
OPCODE	6E4E	13	0.000007
OPCODE	6132	13	0.000007
OPCODE	5886	13	0.000007
OPCODE	6502	13	0.000007
OPCODE	A522	13	0.000007
OPCODE	651E	13	0.000007
OPCODE	640C	13	0.000007
OPCODE	966B	13	0.000007
OPCODE	6D22	12	0.000006
OPCODE	2633	12	0.000006
OPCODE	2F69	12	0.000006
OPCODE	6CC2	12	0.000006
OPCODE	B287	12	0.000006
OPCODE	0C90	12	0.000006
OPCODE	D8C5	12	0.000006
OPCODE	9A80	12	0.000006
OPCODE	A800	12	0.000006
OPCODE	5DEE	12	0.000006
OPCODE	7018	12	0.000006
OPCODE	4873	12	0.000006
OPCODE	2146	12	0.000006
OPCODE	B640	12	0.000006
OPCODE	5251	12	0.000006
OPCODE	AA67	12	0.000006
OPCODE	2890	12	0.000006
OPCODE	E658	12	0.000006
OPCODE	31BC	12	0.000006
OPCODE	3180	12	0.000006
OPCODE	26A8	12	0.000006
OPCODE	6B1C	12	0.000006
OPCODE	70F3	12	0.000006
OPCODE	544A	12	0.000006
OPCODE	11D0	12	0.000006
OPCODE	3087	12	0.000006
OPCODE	116F	12	0.000006
OPCODE	A892	12	0.000006
OPCODE	E68A	12	0.000006
OPCODE	B08B	12	0.000006
OPCODE	278A	12	0.000006
OPCODE	E740	12	0.000006
OPCODE	44FC	12	0.000006
OPCODE	1004	12	0.000006
OPCODE	C093	12	0.000006
OPCODE	BE68	12	0.000006
OPCODE	22DB	12	0.000006
OPCODE	66BC	12	0.000006
OPCODE	6172	12	0.000006
OPCODE	5350	12	0.000006
OPCODE	261E	12	0.000006
OPCODE	A9E0	12	0.000006
OPCODE	026C	12	0.000006
OPCODE	EFAA	12	0.000006
OPCODE	C2C0	12	0.000006
OPCODE	EF6A	12	0.000006
OPCODE	C4C0	12	0.000006
OPCODE	95AE	12	0.000006
OPCODE	2D03	12	0.000006
OPCODE	6D9E	12	0.000006
OPCODE	49F9	12	0.000006
OPCODE	EBAA	12	0.000006
OPCODE	EAAA	12	0.000006
OPCODE	49EA	12	0.000006
OPCODE	2260	12	0.000006
OPCODE	66A2	12	0.000006
OPCODE	B66C	12	0.000006
OPCODE	E44C	11	0.000006
OPCODE	6FEA	11	0.000006
OPCODE	62DE	11	0.000006
OPCODE	61AE	11	0.000006
OPCODE	E789	11	0.000006
OPCODE	60BA	11	0.000006
OPCODE	C090	11	0.000006
OPCODE	2C0C	11	0.000006
OPCODE	D1AB	11	0.000006
OPCODE	90AD	11	0.000006
OPCODE	395F	11	0.000006
OPCODE	7E08	11	0.000006
OPCODE	EFAE	11	0.000006
OPCODE	3D54	11	0.000006
OPCODE	D2D0	11	0.000006
OPCODE	8357	11	0.000006
OPCODE	0101	11	0.000006
OPCODE	DA43	11	0.000006
OPCODE	5486	11	0.000006
OPCODE	276B	11	0.000006
OPCODE	A817	11	0.000006
OPCODE	E2AA	11	0.000006
OPCODE	CBC7	11	0.000006
OPCODE	3605	11	0.000006
OPCODE	6D6A	11	0.000006
OPCODE	1A1F	11	0.000006
OPCODE	6C48	11	0.000006
OPCODE	6FE2	11	0.000006
OPCODE	BA84	11	0.000006
OPCODE	6040	11	0.000006
OPCODE	E34D	11	0.000006
OPCODE	2970	11	0.000006
OPCODE	906F	11	0.000006
OPCODE	1F01	11	0.000006
OPCODE	222B	11	0.000006
OPCODE	288B	11	0.000006
OPCODE	2628	11	0.000006
OPCODE	D289	10	0.000005
OPCODE	A860	10	0.000005
OPCODE	A8B0	10	0.000005
OPCODE	DEB8	10	0.000005
OPCODE	5390	10	0.000005
OPCODE	A8D4	10	0.000005
OPCODE	25BC	10	0.000005
OPCODE	E287	10	0.000005
OPCODE	4EF2	10	0.000005
OPCODE	2451	10	0.000005
OPCODE	9FA8	10	0.000005
OPCODE	3C19	10	0.000005
OPCODE	6144	10	0.000005
OPCODE	5087	10	0.000005
OPCODE	3D6F	10	0.000005
OPCODE	9046	10	0.000005
OPCODE	3E28	10	0.000005
OPCODE	6670	10	0.000005
OPCODE	7805	10	0.000005
OPCODE	5082	10	0.000005
OPCODE	A888	10	0.000005
OPCODE	3E36	10	0.000005
OPCODE	2658	10	0.000005
OPCODE	6152	10	0.000005
OPCODE	E24A	10	0.000005
OPCODE	3B46	10	0.000005
OPCODE	7216	10	0.000005
OPCODE	5290	10	0.000005
OPCODE	BA87	10	0.000005
OPCODE	9EAE	10	0.000005
OPCODE	2549	10	0.000005
OPCODE	6574	10	0.000005
OPCODE	A870	10	0.000005
OPCODE	163B	10	0.000005
OPCODE	6228	10	0.000005
OPCODE	97C4	10	0.000005
OPCODE	B6FC	10	0.000005
OPCODE	8114	10	0.000005
OPCODE	A98D	10	0.000005
OPCODE	E84E	10	0.000005
OPCODE	2F18	10	0.000005
OPCODE	5CEE	10	0.000005
OPCODE	0C15	10	0.000005
OPCODE	CC40	10	0.000005
OPCODE	5881	10	0.000005
OPCODE	92FC	10	0.000005
OPCODE	9E83	10	0.000005
OPCODE	2E13	10	0.000005
OPCODE	C6C0	10	0.000005
OPCODE	0268	10	0.000005
OPCODE	376E	10	0.000005
OPCODE	B650	10	0.000005
OPCODE	9492	10	0.000005
OPCODE	376C	10	0.000005
OPCODE	36B8	10	0.000005
OPCODE	2A3C	10	0.000005
OPCODE	D7C6	10	0.000005
OPCODE	26C0	10	0.000005
OPCODE	D0AB	10	0.000005
OPCODE	A99B	10	0.000005
OPCODE	E450	10	0.000005
OPCODE	0052	10	0.000005
OPCODE	2087	10	0.000005
OPCODE	9C87	10	0.000005
OPCODE	2406	10	0.000005
OPCODE	11EE	10	0.000005
OPCODE	42B2	10	0.000005
OPCODE	E586	10	0.000005
OPCODE	6EC2	10	0.000005
OPCODE	D047	10	0.000005
OPCODE	2C12	10	0.000005
OPCODE	7C0F	10	0.000005
OPCODE	3831	10	0.000005
OPCODE	256E	9	0.000005
OPCODE	B685	9	0.000005
OPCODE	218A	9	0.000005
OPCODE	21AA	9	0.000005
OPCODE	21AC	9	0.000005
OPCODE	7E04	9	0.000005
OPCODE	31C2	9	0.000005
OPCODE	3541	9	0.000005
OPCODE	D3AC	9	0.000005
OPCODE	DBAB	9	0.000005
OPCODE	6520	9	0.000005
OPCODE	6514	9	0.000005
OPCODE	A81F	9	0.000005
OPCODE	B8AC	9	0.000005
OPCODE	64EC	9	0.000005
OPCODE	3830	9	0.000005
OPCODE	3743	9	0.000005
OPCODE	8240	9	0.000005
OPCODE	8841	9	0.000005
OPCODE	D5C8	9	0.000005
OPCODE	2545	9	0.000005
OPCODE	2547	9	0.000005
OPCODE	A11A	9	0.000005
OPCODE	816A	9	0.000005
OPCODE	3745	9	0.000005
OPCODE	6D30	9	0.000005
OPCODE	E48F	9	0.000005
OPCODE	90BA	9	0.000005
OPCODE	9190	9	0.000005
OPCODE	91A8	9	0.000005
OPCODE	91CC	9	0.000005
OPCODE	9BAC	9	0.000005
OPCODE	2838	9	0.000005
OPCODE	1002	9	0.000005
OPCODE	2841	9	0.000005
OPCODE	284D	9	0.000005
OPCODE	2F78	9	0.000005
OPCODE	C0FA	9	0.000005
OPCODE	2944	9	0.000005
OPCODE	AA52	9	0.000005
OPCODE	D1FC	9	0.000005
OPCODE	EA58	9	0.000005
OPCODE	C680	9	0.000005
OPCODE	99AC	9	0.000005
OPCODE	2D81	9	0.000005
OPCODE	9881	9	0.000005
OPCODE	2C6C	9	0.000005
OPCODE	6F82	9	0.000005
OPCODE	C2AC	9	0.000005
OPCODE	6F26	9	0.000005
OPCODE	A9E1	9	0.000005
OPCODE	6E30	9	0.000005
OPCODE	6E36	9	0.000005
OPCODE	A9A2	9	0.000005
OPCODE	12FC	9	0.000005
OPCODE	DFAE	9	0.000005
OPCODE	E04D	9	0.000005
OPCODE	4EF6	9	0.000005
OPCODE	162F	9	0.000005
OPCODE	1628	9	0.000005
OPCODE	BCAA	9	0.000005
OPCODE	6ABA	9	0.000005
OPCODE	1A29	9	0.000005
OPCODE	60BE	9	0.000005
OPCODE	2257	8	0.000004
OPCODE	BD40	8	0.000004
OPCODE	D66C	8	0.000004
OPCODE	BE28	8	0.000004
OPCODE	2A1D	8	0.000004
OPCODE	BE52	8	0.000004
OPCODE	2B6E	8	0.000004
OPCODE	5388	8	0.000004
OPCODE	BCA8	8	0.000004
OPCODE	BC80	8	0.000004
OPCODE	C484	8	0.000004
OPCODE	BAA8	8	0.000004
OPCODE	BC78	8	0.000004
OPCODE	6314	8	0.000004
OPCODE	D26B	8	0.000004
OPCODE	2C1D	8	0.000004
OPCODE	2A61	8	0.000004
OPCODE	254C	8	0.000004
OPCODE	BC44	8	0.000004
OPCODE	966C	8	0.000004
OPCODE	C045	8	0.000004
OPCODE	2F61	8	0.000004
OPCODE	61C2	8	0.000004
OPCODE	5400	8	0.000004
OPCODE	30F8	8	0.000004
OPCODE	D053	8	0.000004
OPCODE	2809	8	0.000004
OPCODE	D4B8	8	0.000004
OPCODE	2B4A	8	0.000004
OPCODE	22EF	8	0.000004
OPCODE	22CD	8	0.000004
OPCODE	D2E9	8	0.000004
OPCODE	6076	8	0.000004
OPCODE	9EA8	8	0.000004
OPCODE	C1ED	8	0.000004
OPCODE	6210	8	0.000004
OPCODE	CCAB	8	0.000004
OPCODE	2EAF	8	0.000004
OPCODE	5C4B	8	0.000004
OPCODE	D605	8	0.000004
OPCODE	CB49	8	0.000004
OPCODE	CA82	8	0.000004
OPCODE	5BCB	8	0.000004
OPCODE	361C	8	0.000004
OPCODE	5389	8	0.000004
OPCODE	2277	8	0.000004
OPCODE	EB5A	8	0.000004
OPCODE	B46D	8	0.000004
OPCODE	DBC3	8	0.000004
OPCODE	44DF	8	0.000004
OPCODE	3A14	8	0.000004
OPCODE	AA2A	8	0.000004
OPCODE	665C	8	0.000004
OPCODE	1E12	8	0.000004
OPCODE	E942	8	0.000004
OPCODE	49F1	8	0.000004
OPCODE	A80D	8	0.000004
OPCODE	3884	8	0.000004
OPCODE	20AC	8	0.000004
OPCODE	1D46	8	0.000004
OPCODE	20C4	8	0.000004
OPCODE	E0AA	8	0.000004
OPCODE	EF4B	8	0.000004
OPCODE	7C1E	8	0.000004
OPCODE	DEBC	8	0.000004
OPCODE	E908	8	0.000004
OPCODE	A9F1	8	0.000004
OPCODE	3A29	8	0.000004
OPCODE	DE85	8	0.000004
OPCODE	B454	8	0.000004
OPCODE	1F68	8	0.000004
OPCODE	426D	8	0.000004
OPCODE	429B	8	0.000004
OPCODE	1F2E	8	0.000004
OPCODE	B3E8	8	0.000004
OPCODE	1206	8	0.000004
OPCODE	122E	8	0.000004
OPCODE	6594	8	0.000004
OPCODE	1297	8	0.000004
OPCODE	A43C	8	0.000004
OPCODE	4CD9	8	0.000004
OPCODE	E2A8	8	0.000004
OPCODE	A938	8	0.000004
OPCODE	E306	8	0.000004
OPCODE	1605	8	0.000004
OPCODE	36DC	8	0.000004
OPCODE	7034	8	0.000004
OPCODE	700E	8	0.000004
OPCODE	D845	8	0.000004
OPCODE	E243	8	0.000004
OPCODE	A41C	8	0.000004
OPCODE	4A98	8	0.000004
OPCODE	E241	8	0.000004
OPCODE	3807	8	0.000004
OPCODE	D8C3	8	0.000004
OPCODE	A9B2	8	0.000004
OPCODE	143B	8	0.000004
OPCODE	EF48	8	0.000004
OPCODE	72FB	8	0.000004
OPCODE	B5ED	8	0.000004
OPCODE	6798	8	0.000004
OPCODE	48E0	8	0.000004
OPCODE	05C0	8	0.000004
OPCODE	381D	8	0.000004
OPCODE	A8EC	7	0.000004
OPCODE	26AC	7	0.000004
OPCODE	7630	7	0.000004
OPCODE	BC8A	7	0.000004
OPCODE	7660	7	0.000004
OPCODE	6770	7	0.000004
OPCODE	1819	7	0.000004
OPCODE	7016	7	0.000004
OPCODE	7615	7	0.000004
OPCODE	1619	7	0.000004
OPCODE	6E1C	7	0.000004
OPCODE	720B	7	0.000004
OPCODE	D1EE	7	0.000004
OPCODE	336E	7	0.000004
OPCODE	2E12	7	0.000004
OPCODE	45F7	7	0.000004
OPCODE	6C20	7	0.000004
OPCODE	5645	7	0.000004
OPCODE	A9AF	7	0.000004
OPCODE	B4FC	7	0.000004
OPCODE	2E91	7	0.000004
OPCODE	703E	7	0.000004
OPCODE	651A	7	0.000004
OPCODE	282C	7	0.000004
OPCODE	AA94	7	0.000004
OPCODE	6EE8	7	0.000004
OPCODE	6C24	7	0.000004
OPCODE	9644	7	0.000004
OPCODE	3814	7	0.000004
OPCODE	301C	7	0.000004
OPCODE	780D	7	0.000004
OPCODE	1F3C	7	0.000004
OPCODE	C0C4	7	0.000004
OPCODE	5250	7	0.000004
OPCODE	94FC	6	0.000003
OPCODE	A8ED	6	0.000003
OPCODE	6C30	6	0.000003
OPCODE	A8FA	6	0.000003
OPCODE	AA68	6	0.000003
OPCODE	D0C1	6	0.000003
OPCODE	53AE	6	0.000003
OPCODE	7022	6	0.000003
OPCODE	2F4D	6	0.000003
OPCODE	6036	6	0.000003
OPCODE	A943	6	0.000003
OPCODE	9A43	6	0.000003
OPCODE	3147	6	0.000003
OPCODE	3143	6	0.000003
OPCODE	56C5	6	0.000003
OPCODE	9207	6	0.000003
OPCODE	1431	6	0.000003
OPCODE	282F	6	0.000003
OPCODE	306A	6	0.000003
OPCODE	45D1	6	0.000003
OPCODE	44C0	6	0.000003
OPCODE	1171	6	0.000003
OPCODE	70EE	6	0.000003
OPCODE	A90C	6	0.000003
OPCODE	CD38	6	0.000003
OPCODE	5AEE	6	0.000003
OPCODE	2E04	6	0.000003
OPCODE	2286	6	0.000003
OPCODE	7011	6	0.000003
OPCODE	78FE	6	0.000003
OPCODE	528B	6	0.000003
OPCODE	244F	6	0.000003
OPCODE	CA38	6	0.000003
OPCODE	2429	6	0.000003
OPCODE	61AA	6	0.000003
OPCODE	0094	6	0.000003
OPCODE	B4A9	6	0.000003
OPCODE	20BC	6	0.000003
OPCODE	A068	6	0.000003
OPCODE	B5D0	6	0.000003
OPCODE	2293	6	0.000003
OPCODE	0C12	6	0.000003
OPCODE	A9A8	6	0.000003
OPCODE	3613	6	0.000003
OPCODE	A440	6	0.000003
OPCODE	B66D	6	0.000003
OPCODE	51E9	6	0.000003
OPCODE	B678	6	0.000003
OPCODE	2219	6	0.000003
OPCODE	7E10	6	0.000003
OPCODE	C401	6	0.000003
OPCODE	6356	6	0.000003
OPCODE	D768	6	0.000003
OPCODE	21AF	6	0.000003
OPCODE	7E94	6	0.000003
OPCODE	A836	6	0.000003
OPCODE	58AF	6	0.000003
OPCODE	1631	6	0.000003
OPCODE	A8B2	6	0.000003
OPCODE	E286	6	0.000003
OPCODE	3F1A	6	0.000003
OPCODE	E259	6	0.000003
OPCODE	2651	6	0.000003
OPCODE	67CC	6	0.000003
OPCODE	7244	6	0.000003
OPCODE	6C4C	6	0.000003
OPCODE	0BC4	6	0.000003
OPCODE	321C	6	0.000003
OPCODE	66BE	6	0.000003
OPCODE	5369	6	0.000003
OPCODE	9840	6	0.000003
OPCODE	666A	6	0.000003
OPCODE	1E31	6	0.000003
OPCODE	BCAE	6	0.000003
OPCODE	A86C	6	0.000003
OPCODE	A027	6	0.000003
OPCODE	5701	6	0.000003
OPCODE	1F06	6	0.000003
OPCODE	617C	6	0.000003
OPCODE	32F8	6	0.000003
OPCODE	D26E	6	0.000003
OPCODE	6548	6	0.000003
OPCODE	0A30	5	0.000003
OPCODE	6EEA	5	0.000003
OPCODE	C745	5	0.000003
OPCODE	93E8	5	0.000003
OPCODE	9480	5	0.000003
OPCODE	6D48	5	0.000003
OPCODE	6D4A	5	0.000003
OPCODE	94A9	5	0.000003
OPCODE	5941	5	0.000003
OPCODE	6D70	5	0.000003
OPCODE	ED6D	5	0.000003
OPCODE	EDAD	5	0.000003
OPCODE	EE49	5	0.000003
OPCODE	C4E8	5	0.000003
OPCODE	6F9A	5	0.000003
OPCODE	6E10	5	0.000003
OPCODE	0251	5	0.000003
OPCODE	022C	5	0.000003
OPCODE	6EDA	5	0.000003
OPCODE	002C	5	0.000003
OPCODE	618C	5	0.000003
OPCODE	E24D	5	0.000003
OPCODE	1882	5	0.000003
OPCODE	1942	5	0.000003
OPCODE	72A9	5	0.000003
OPCODE	8FFC	5	0.000003
OPCODE	8E40	5	0.000003
OPCODE	8DFC	5	0.000003
OPCODE	DE42	5	0.000003
OPCODE	6184	5	0.000003
OPCODE	24C3	5	0.000003
OPCODE	2481	5	0.000003
OPCODE	78F8	5	0.000003
OPCODE	D0EF	5	0.000003
OPCODE	D3C5	5	0.000003
OPCODE	20DA	5	0.000003
OPCODE	22CA	5	0.000003
OPCODE	20F8	5	0.000003
OPCODE	6430	5	0.000003
OPCODE	214C	5	0.000003
OPCODE	8151	5	0.000003
OPCODE	6332	5	0.000003
OPCODE	6350	5	0.000003
OPCODE	21D8	5	0.000003
OPCODE	7E20	5	0.000003
OPCODE	7064	5	0.000003
OPCODE	6C5C	5	0.000003
OPCODE	0A6E	5	0.000003
OPCODE	E982	5	0.000003
OPCODE	E949	5	0.000003
OPCODE	701A	5	0.000003
OPCODE	6C3E	5	0.000003
OPCODE	0C9F	5	0.000003
OPCODE	7036	5	0.000003
OPCODE	2846	5	0.000003
OPCODE	E7A1	5	0.000003
OPCODE	E76C	5	0.000003
OPCODE	0A33	5	0.000003
OPCODE	11D1	5	0.000003
OPCODE	60A8	5	0.000003
OPCODE	6B52	5	0.000003
OPCODE	6B40	5	0.000003
OPCODE	2760	5	0.000003
OPCODE	1414	5	0.000003
OPCODE	60CA	5	0.000003
OPCODE	908A	5	0.000003
OPCODE	D0B8	5	0.000003
OPCODE	2692	5	0.000003
OPCODE	9084	5	0.000003
OPCODE	B9C0	5	0.000003
OPCODE	A955	5	0.000003
OPCODE	A885	5	0.000003
OPCODE	A927	5	0.000003
OPCODE	45FB	5	0.000003
OPCODE	A886	5	0.000003
OPCODE	9E7C	5	0.000003
OPCODE	A923	5	0.000003
OPCODE	A922	5	0.000003
OPCODE	9A40	5	0.000003
OPCODE	B740	5	0.000003
OPCODE	A91C	5	0.000003
OPCODE	315F	5	0.000003
OPCODE	3E38	5	0.000003
OPCODE	2E4B	5	0.000003
OPCODE	57C9	5	0.000003
OPCODE	A8A7	5	0.000003
OPCODE	3540	5	0.000003
OPCODE	A90D	5	0.000003
OPCODE	A90A	5	0.000003
OPCODE	A146	5	0.000003
OPCODE	A09D	5	0.000003
OPCODE	546E	5	0.000003
OPCODE	362B	5	0.000003
OPCODE	9CFA	5	0.000003
OPCODE	B0BA	5	0.000003
OPCODE	362D	5	0.000003
OPCODE	2EA8	5	0.000003
OPCODE	3632	5	0.000003
OPCODE	41EF	5	0.000003
OPCODE	31C7	5	0.000003
OPCODE	AA12	5	0.000003
OPCODE	A876	5	0.000003
OPCODE	387C	5	0.000003
OPCODE	3832	5	0.000003
OPCODE	5302	5	0.000003
OPCODE	C2E9	5	0.000003
OPCODE	AA1F	5	0.000003
OPCODE	A992	5	0.000003
OPCODE	31C3	5	0.000003
OPCODE	B2AE	5	0.000003
OPCODE	AA43	5	0.000003
OPCODE	A9BA	5	0.000003
OPCODE	2D69	5	0.000003
OPCODE	3047	5	0.000003
OPCODE	ABEB	5	0.000003
OPCODE	A9A3	5	0.000003
OPCODE	A821	5	0.000003
OPCODE	A81A	4	0.000002
OPCODE	396E	4	0.000002
OPCODE	205E	4	0.000002
OPCODE	2061	4	0.000002
OPCODE	6508	4	0.000002
OPCODE	D16C	4	0.000002
OPCODE	36C7	4	0.000002
OPCODE	B7E9	4	0.000002
OPCODE	3685	4	0.000002
OPCODE	21EA	4	0.000002
OPCODE	A20C	4	0.000002
OPCODE	A23C	4	0.000002
OPCODE	7CEE	4	0.000002
OPCODE	36C3	4	0.000002
OPCODE	7CEF	4	0.000002
OPCODE	6452	4	0.000002
OPCODE	B700	4	0.000002
OPCODE	36C4	4	0.000002
OPCODE	B6A9	4	0.000002
OPCODE	642C	4	0.000002
OPCODE	51F8	4	0.000002
OPCODE	A00A	4	0.000002
OPCODE	249F	4	0.000002
OPCODE	D299	4	0.000002
OPCODE	A033	4	0.000002
OPCODE	BA82	4	0.000002
OPCODE	BA83	4	0.000002
OPCODE	D26C	4	0.000002
OPCODE	BB98	4	0.000002
OPCODE	A011	4	0.000002
OPCODE	2493	4	0.000002
OPCODE	A005	4	0.000002
OPCODE	6166	4	0.000002
OPCODE	A004	4	0.000002
OPCODE	BD90	4	0.000002
OPCODE	A001	4	0.000002
OPCODE	BE45	4	0.000002
OPCODE	9FC1	4	0.000002
OPCODE	A999	4	0.000002
OPCODE	241D	4	0.000002
OPCODE	622E	4	0.000002
OPCODE	A0A4	4	0.000002
OPCODE	22BC	4	0.000002
OPCODE	D4D2	4	0.000002
OPCODE	A064	4	0.000002
OPCODE	2344	4	0.000002
OPCODE	236A	4	0.000002
OPCODE	61B4	4	0.000002
OPCODE	B7F8	4	0.000002
OPCODE	242D	4	0.000002
OPCODE	242F	4	0.000002
OPCODE	3347	4	0.000002
OPCODE	D2E8	4	0.000002
OPCODE	3346	4	0.000002
OPCODE	2457	4	0.000002
OPCODE	248C	4	0.000002
OPCODE	E6AC	4	0.000002
OPCODE	B029	4	0.000002
OPCODE	4877	4	0.000002
OPCODE	47EF	4	0.000002
OPCODE	702A	4	0.000002
OPCODE	702B	4	0.000002
OPCODE	0CB1	4	0.000002
OPCODE	B06F	4	0.000002
OPCODE	B073	4	0.000002
OPCODE	E6AD	4	0.000002
OPCODE	7015	4	0.000002
OPCODE	7094	4	0.000002
OPCODE	10DA	4	0.000002
OPCODE	1147	4	0.000002
OPCODE	6B72	4	0.000002
OPCODE	A919	4	0.000002
OPCODE	6B60	4	0.000002
OPCODE	6B58	4	0.000002
OPCODE	B09F	4	0.000002
OPCODE	6DB6	4	0.000002
OPCODE	A99A	4	0.000002
OPCODE	4A9C	4	0.000002
OPCODE	A9A4	4	0.000002
OPCODE	6E7E	4	0.000002
OPCODE	6E40	4	0.000002
OPCODE	0229	4	0.000002
OPCODE	4A6F	4	0.000002
OPCODE	AA06	4	0.000002
OPCODE	6B48	4	0.000002
OPCODE	03C2	4	0.000002
OPCODE	04B8	4	0.000002
OPCODE	EA84	4	0.000002
OPCODE	EA83	4	0.000002
OPCODE	AA31	4	0.000002
OPCODE	06B8	4	0.000002
OPCODE	EA50	4	0.000002
OPCODE	08B1	4	0.000002
OPCODE	1E14	4	0.000002
OPCODE	727F	4	0.000002
OPCODE	66C6	4	0.000002
OPCODE	1A13	4	0.000002
OPCODE	B285	4	0.000002
OPCODE	66BA	4	0.000002
OPCODE	66B8	4	0.000002
OPCODE	3D9F	4	0.000002
OPCODE	1C1F	4	0.000002
OPCODE	6764	4	0.000002
OPCODE	1E28	4	0.000002
OPCODE	7609	4	0.000002
OPCODE	B3C5	4	0.000002
OPCODE	5147	4	0.000002
OPCODE	B3D7	4	0.000002
OPCODE	B3EE	4	0.000002
OPCODE	5187	4	0.000002
OPCODE	7803	4	0.000002
OPCODE	6AF6	4	0.000002
OPCODE	12AA	4	0.000002
OPCODE	1320	4	0.000002
OPCODE	A908	4	0.000002
OPCODE	6B2C	4	0.000002
OPCODE	6B24	4	0.000002
OPCODE	1383	4	0.000002
OPCODE	6B1A	4	0.000002
OPCODE	4CD2	4	0.000002
OPCODE	2045	4	0.000002
OPCODE	A8E7	4	0.000002
OPCODE	3F68	4	0.000002
OPCODE	6A1A	4	0.000002
OPCODE	162E	4	0.000002
OPCODE	A8A5	4	0.000002
OPCODE	721C	4	0.000002
OPCODE	5041	4	0.000002
OPCODE	722C	4	0.000002
OPCODE	5C4A	4	0.000002
OPCODE	2829	4	0.000002
OPCODE	2A38	4	0.000002
OPCODE	9E8B	4	0.000002
OPCODE	26CC	4	0.000002
OPCODE	5C80	4	0.000002
OPCODE	9A41	4	0.000002
OPCODE	D0C3	4	0.000002
OPCODE	5B40	4	0.000002
OPCODE	26C2	4	0.000002
OPCODE	2D08	4	0.000002
OPCODE	608A	4	0.000002
OPCODE	2A4A	4	0.000002
OPCODE	2741	4	0.000002
OPCODE	2E4A	4	0.000002
OPCODE	588B	4	0.000002
OPCODE	9CAB	4	0.000002
OPCODE	D099	4	0.000002
OPCODE	BE50	4	0.000002
OPCODE	2646	4	0.000002
OPCODE	5949	4	0.000002
OPCODE	9254	4	0.000002
OPCODE	9054	4	0.000002
OPCODE	26C5	4	0.000002
OPCODE	C007	4	0.000002
OPCODE	C2EE	4	0.000002
OPCODE	C0BC	4	0.000002
OPCODE	26CA	4	0.000002
OPCODE	2E02	3	0.000002
OPCODE	70F7	3	0.000002
OPCODE	30E4	3	0.000002
OPCODE	A90F	3	0.000002
OPCODE	4457	3	0.000002
OPCODE	8193	3	0.000002
OPCODE	227C	3	0.000002
OPCODE	D484	3	0.000002
OPCODE	D3C4	3	0.000002
OPCODE	4602	3	0.000002
OPCODE	5980	3	0.000002
OPCODE	22FC	3	0.000002
OPCODE	84C1	3	0.000002
OPCODE	D3E9	3	0.000002
OPCODE	7093	3	0.000002
OPCODE	C218	3	0.000002
OPCODE	620E	3	0.000002
OPCODE	72FC	3	0.000002
OPCODE	1F1A	3	0.000002
OPCODE	1F03	3	0.000002
OPCODE	3B43	3	0.000002
OPCODE	7618	3	0.000002
OPCODE	A877	3	0.000002
OPCODE	2015	3	0.000002
OPCODE	5680	3	0.000002
OPCODE	55C3	3	0.000002
OPCODE	3D6D	3	0.000002
OPCODE	3A02	3	0.000002
OPCODE	91EE	3	0.000002
OPCODE	DABC	3	0.000002
OPCODE	B491	3	0.000002
OPCODE	3E01	3	0.000002
OPCODE	926F	3	0.000002
OPCODE	11EF	3	0.000002
OPCODE	306D	3	0.000002
OPCODE	B26C	3	0.000002
OPCODE	D96E	3	0.000002
OPCODE	67EC	3	0.000002
OPCODE	A8AA	3	0.000002
OPCODE	A461	3	0.000002
OPCODE	4CED	3	0.000002
OPCODE	7209	3	0.000002
OPCODE	4233	3	0.000002
OPCODE	5202	3	0.000002
OPCODE	E648	3	0.000002
OPCODE	28AB	3	0.000002
OPCODE	A90E	3	0.000002
OPCODE	1218	3	0.000002
OPCODE	B7EA	3	0.000002
OPCODE	A020	3	0.000002
OPCODE	5328	3	0.000002
OPCODE	D2D8	3	0.000002
OPCODE	9E84	3	0.000002
OPCODE	6FF8	3	0.000002
OPCODE	0213	3	0.000002
OPCODE	5301	3	0.000002
OPCODE	A9E3	3	0.000002
OPCODE	A990	3	0.000002
OPCODE	D0EA	3	0.000002
OPCODE	D2C3	3	0.000002
OPCODE	D16A	3	0.000002
OPCODE	AA32	3	0.000002
OPCODE	31AE	3	0.000002
OPCODE	4AAF	3	0.000002
OPCODE	BE85	3	0.000002
OPCODE	0293	3	0.000002
OPCODE	6D4E	3	0.000002
OPCODE	A034	3	0.000002
OPCODE	6F4A	3	0.000002
OPCODE	D0D0	3	0.000002
OPCODE	0310	3	0.000002
OPCODE	6C4A	3	0.000002
OPCODE	2B48	3	0.000002
OPCODE	48E8	3	0.000002
OPCODE	4879	3	0.000002
OPCODE	B9EA	3	0.000002
OPCODE	D3AA	3	0.000002
OPCODE	2A14	3	0.000002
OPCODE	5089	2	0.000001
OPCODE	18AD	2	0.000001
OPCODE	0300	2	0.000001
OPCODE	4CEA	2	0.000001
OPCODE	3E14	2	0.000001
OPCODE	7236	2	0.000001
OPCODE	A8DB	2	0.000001
OPCODE	6F6C	2	0.000001
OPCODE	A906	2	0.000001
OPCODE	C293	2	0.000001
OPCODE	3F21	2	0.000001
OPCODE	3F32	2	0.000001
OPCODE	677C	2	0.000001
OPCODE	2EA9	2	0.000001
OPCODE	E28B	2	0.000001
OPCODE	EF4A	2	0.000001
OPCODE	A896	2	0.000001
OPCODE	1800	2	0.000001
OPCODE	A897	2	0.000001
OPCODE	67E4	2	0.000001
OPCODE	A8DA	2	0.000001
OPCODE	E289	2	0.000001
OPCODE	B1ED	2	0.000001
OPCODE	9A47	2	0.000001
OPCODE	16C1	2	0.000001
OPCODE	6F62	2	0.000001
OPCODE	CE6E	2	0.000001
OPCODE	1D41	2	0.000001
OPCODE	A9C3	2	0.000001
OPCODE	B2AF	2	0.000001
OPCODE	DFED	2	0.000001
OPCODE	A878	2	0.000001
OPCODE	97AC	2	0.000001
OPCODE	0081	2	0.000001
OPCODE	6EBA	2	0.000001
OPCODE	7606	2	0.000001
OPCODE	E059	2	0.000001
OPCODE	9794	2	0.000001
OPCODE	50EA	2	0.000001
OPCODE	A9A1	2	0.000001
OPCODE	6EF4	2	0.000001
OPCODE	C0AA	2	0.000001
OPCODE	002A	2	0.000001
OPCODE	76EB	2	0.000001
OPCODE	A854	2	0.000001
OPCODE	66AE	2	0.000001
OPCODE	1943	2	0.000001
OPCODE	1946	2	0.000001
OPCODE	1947	2	0.000001
OPCODE	C0EE	2	0.000001
OPCODE	97CA	2	0.000001
OPCODE	6F34	2	0.000001
OPCODE	CD4B	2	0.000001
OPCODE	7440	2	0.000001
OPCODE	5681	2	0.000001
OPCODE	E09B	2	0.000001
OPCODE	1B54	2	0.000001
OPCODE	E089	2	0.000001
OPCODE	A9E2	2	0.000001
OPCODE	2A90	2	0.000001
OPCODE	E069	2	0.000001
OPCODE	668A	2	0.000001
OPCODE	6E72	2	0.000001
OPCODE	A91F	2	0.000001
OPCODE	45F9	2	0.000001
OPCODE	594C	2	0.000001
OPCODE	B07A	2	0.000001
OPCODE	101A	2	0.000001
OPCODE	1031	2	0.000001
OPCODE	103C	2	0.000001
OPCODE	2954	2	0.000001
OPCODE	C6C2	2	0.000001
OPCODE	E7B8	2	0.000001
OPCODE	446E	2	0.000001
OPCODE	6BD6	2	0.000001
OPCODE	10C2	2	0.000001
OPCODE	6D36	2	0.000001
OPCODE	C4EE	2	0.000001
OPCODE	614C	2	0.000001
OPCODE	70AB	2	0.000001
OPCODE	10D1	2	0.000001
OPCODE	A937	2	0.000001
OPCODE	B038	2	0.000001
OPCODE	A95D	2	0.000001
OPCODE	0C29	2	0.000001
OPCODE	E8A9	2	0.000001
OPCODE	C242	2	0.000001
OPCODE	0C03	2	0.000001
OPCODE	0C57	2	0.000001
OPCODE	0C02	2	0.000001
OPCODE	5894	2	0.000001
OPCODE	7032	2	0.000001
OPCODE	E849	2	0.000001
OPCODE	0A44	2	0.000001
OPCODE	0CAB	2	0.000001
OPCODE	4641	2	0.000001
OPCODE	594B	2	0.000001
OPCODE	4BF9	2	0.000001
OPCODE	08AF	2	0.000001
OPCODE	93AE	2	0.000001
OPCODE	12C2	2	0.000001
OPCODE	12DB	2	0.000001
OPCODE	C192	2	0.000001
OPCODE	C18D	2	0.000001
OPCODE	93C0	2	0.000001
OPCODE	6B20	2	0.000001
OPCODE	2E89	2	0.000001
OPCODE	E3A8	2	0.000001
OPCODE	03C0	2	0.000001
OPCODE	1403	2	0.000001
OPCODE	C189	2	0.000001
OPCODE	288A	2	0.000001
OPCODE	B141	2	0.000001
OPCODE	1540	2	0.000001
OPCODE	92B8	2	0.000001
OPCODE	2888	2	0.000001
OPCODE	6DF4	2	0.000001
OPCODE	AA29	2	0.000001
OPCODE	AA2C	2	0.000001
OPCODE	10E9	2	0.000001
OPCODE	A91B	2	0.000001
OPCODE	C82B	2	0.000001
OPCODE	116E	2	0.000001
OPCODE	AA2B	2	0.000001
OPCODE	A915	2	0.000001
OPCODE	B097	2	0.000001
OPCODE	6A20	2	0.000001
OPCODE	6D58	2	0.000001
OPCODE	C8AE	2	0.000001
OPCODE	2A42	2	0.000001
OPCODE	B0A0	2	0.000001
OPCODE	122F	2	0.000001
OPCODE	EBD7	2	0.000001
OPCODE	6B46	2	0.000001
OPCODE	0444	2	0.000001
OPCODE	B840	2	0.000001
OPCODE	D283	2	0.000001
OPCODE	D354	2	0.000001
OPCODE	907C	2	0.000001
OPCODE	2687	2	0.000001
OPCODE	892B	2	0.000001
OPCODE	528A	2	0.000001
OPCODE	274A	2	0.000001
OPCODE	D36C	2	0.000001
OPCODE	A804	2	0.000001
OPCODE	5497	2	0.000001
OPCODE	20E9	2	0.000001
OPCODE	2670	2	0.000001
OPCODE	A02F	2	0.000001
OPCODE	A128	2	0.000001
OPCODE	3144	2	0.000001
OPCODE	D25F	2	0.000001
OPCODE	6176	2	0.000001
OPCODE	240D	2	0.000001
OPCODE	228A	2	0.000001
OPCODE	280F	2	0.000001
OPCODE	3568	2	0.000001
OPCODE	5254	2	0.000001
OPCODE	7C03	2	0.000001
OPCODE	2609	2	0.000001
OPCODE	3417	2	0.000001
OPCODE	5283	2	0.000001
OPCODE	640E	2	0.000001
OPCODE	63D0	2	0.000001
OPCODE	B7D2	2	0.000001
OPCODE	63F0	2	0.000001
OPCODE	9E6E	2	0.000001
OPCODE	316D	2	0.000001
OPCODE	60AC	2	0.000001
OPCODE	D078	2	0.000001
OPCODE	BA46	2	0.000001
OPCODE	D6D0	2	0.000001
OPCODE	618A	2	0.000001
OPCODE	9085	2	0.000001
OPCODE	219F	2	0.000001
OPCODE	D7EB	2	0.000001
OPCODE	A02B	2	0.000001
OPCODE	5481	2	0.000001
OPCODE	80D7	2	0.000001
OPCODE	A346	2	0.000001
OPCODE	276A	2	0.000001
OPCODE	A039	2	0.000001
OPCODE	7E06	2	0.000001
OPCODE	A71E	2	0.000001
OPCODE	24D5	2	0.000001
OPCODE	7E03	2	0.000001
OPCODE	5217	2	0.000001
OPCODE	D66A	2	0.000001
OPCODE	308B	2	0.000001
OPCODE	BCAC	2	0.000001
OPCODE	6202	2	0.000001
OPCODE	205C	2	0.000001
OPCODE	2617	2	0.000001
OPCODE	2024	2	0.000001
OPCODE	DBC2	2	0.000001
OPCODE	3208	2	0.000001
OPCODE	22E9	2	0.000001
OPCODE	8283	2	0.000001
OPCODE	A81D	2	0.000001
OPCODE	78E0	2	0.000001
OPCODE	1F6A	2	0.000001
OPCODE	51AE	2	0.000001
OPCODE	61C0	2	0.000001
OPCODE	A079	2	0.000001
OPCODE	A833	2	0.000001
OPCODE	905F	2	0.000001
OPCODE	7806	2	0.000001
OPCODE	9030	2	0.000001
OPCODE	82AE	2	0.000001
OPCODE	6164	2	0.000001
OPCODE	342F	2	0.000001
OPCODE	D183	2	0.000001
OPCODE	1F29	2	0.000001
OPCODE	1F28	2	0.000001
OPCODE	61D6	2	0.000001
OPCODE	A000	2	0.000001
OPCODE	2083	2	0.000001
OPCODE	D1CE	2	0.000001
OPCODE	7A9D	2	0.000001
OPCODE	3957	2	0.000001
OPCODE	91CE	2	0.000001
OPCODE	D1E8	2	0.000001
OPCODE	3943	2	0.000001
OPCODE	260A	2	0.000001
OPCODE	A80C	2	0.000001
OPCODE	5257	2	0.000001
OPCODE	6C42	1	0.000001
OPCODE	56D8	1	0.000001
OPCODE	E847	1	0.000001
OPCODE	A958	1	0.000001
OPCODE	A96D	1	0.000001
OPCODE	A051	1	0.000001
OPCODE	4647	1	0.000001
OPCODE	A96E	1	0.000001
OPCODE	700B	1	0.000001
OPCODE	49C2	1	0.000001
OPCODE	49D0	1	0.000001
OPCODE	D3C3	1	0.000001
OPCODE	8229	1	0.000001
OPCODE	A97C	1	0.000001
OPCODE	701B	1	0.000001
OPCODE	A956	1	0.000001
OPCODE	08D0	1	0.000001
OPCODE	A969	1	0.000001
OPCODE	A058	1	0.000001
OPCODE	A05E	1	0.000001
OPCODE	240B	1	0.000001
OPCODE	237C	1	0.000001
OPCODE	26AE	1	0.000001
OPCODE	3354	1	0.000001
OPCODE	0C86	1	0.000001
OPCODE	2369	1	0.000001
OPCODE	7017	1	0.000001
OPCODE	A92D	1	0.000001
OPCODE	A95F	1	0.000001
OPCODE	A954	1	0.000001
OPCODE	7029	1	0.000001
OPCODE	5948	1	0.000001
OPCODE	D340	1	0.000001
OPCODE	A059	1	0.000001
OPCODE	A92A	1	0.000001
OPCODE	234B	1	0.000001
OPCODE	C642	1	0.000001
OPCODE	4871	1	0.000001
OPCODE	2D74	1	0.000001
OPCODE	7035	1	0.000001
OPCODE	6F3C	1	0.000001
OPCODE	A9D2	1	0.000001
OPCODE	A991	1	0.000001
OPCODE	2610	1	0.000001
OPCODE	6F28	1	0.000001
OPCODE	D1D0	1	0.000001
OPCODE	A98B	1	0.000001
OPCODE	3292	1	0.000001
OPCODE	56EF	1	0.000001
OPCODE	A9CE	1	0.000001
OPCODE	AA07	1	0.000001
OPCODE	02AC	1	0.000001
OPCODE	AA08	1	0.000001
OPCODE	AA0D	1	0.000001
OPCODE	5351	1	0.000001
OPCODE	AA0E	1	0.000001
OPCODE	255F	1	0.000001
OPCODE	EE98	1	0.000001
OPCODE	9FC0	1	0.000001
OPCODE	966D	1	0.000001
OPCODE	0028	1	0.000001
OPCODE	C3EE	1	0.000001
OPCODE	96FC	1	0.000001
OPCODE	0069	1	0.000001
OPCODE	006E	1	0.000001
OPCODE	D154	1	0.000001
OPCODE	0086	1	0.000001
OPCODE	4A57	1	0.000001
OPCODE	2629	1	0.000001
OPCODE	C342	1	0.000001
OPCODE	6138	1	0.000001
OPCODE	A9C8	1	0.000001
OPCODE	584A	1	0.000001
OPCODE	D1C5	1	0.000001
OPCODE	A9CD	1	0.000001
OPCODE	6F1E	1	0.000001
OPCODE	A97D	1	0.000001
OPCODE	BA6C	1	0.000001
OPCODE	D294	1	0.000001
OPCODE	0646	1	0.000001
OPCODE	066D	1	0.000001
OPCODE	24A9	1	0.000001
OPCODE	986D	1	0.000001
OPCODE	2C4F	1	0.000001
OPCODE	A03B	1	0.000001
OPCODE	617E	1	0.000001
OPCODE	248B	1	0.000001
OPCODE	07B2	1	0.000001
OPCODE	6188	1	0.000001
OPCODE	AA41	1	0.000001
OPCODE	07F2	1	0.000001
OPCODE	6D2C	1	0.000001
OPCODE	6CF8	1	0.000001
OPCODE	E9D7	1	0.000001
OPCODE	8A40	1	0.000001
OPCODE	A983	1	0.000001
OPCODE	2657	1	0.000001
OPCODE	31EB	1	0.000001
OPCODE	A982	1	0.000001
OPCODE	EDA8	1	0.000001
OPCODE	AA18	1	0.000001
OPCODE	A981	1	0.000001
OPCODE	986B	1	0.000001
OPCODE	C27C	1	0.000001
OPCODE	6D7C	1	0.000001
OPCODE	AA1E	1	0.000001
OPCODE	EC88	1	0.000001
OPCODE	AA24	1	0.000001
OPCODE	EB98	1	0.000001
OPCODE	AA28	1	0.000001
OPCODE	EB48	1	0.000001
OPCODE	D9C2	1	0.000001
OPCODE	6498	1	0.000001
OPCODE	5C89	1	0.000001
OPCODE	D96A	1	0.000001
OPCODE	A805	1	0.000001
OPCODE	382B	1	0.000001
OPCODE	A807	1	0.000001
OPCODE	7245	1	0.000001
OPCODE	382D	1	0.000001
OPCODE	E18A	1	0.000001
OPCODE	D938	1	0.000001
OPCODE	5D88	1	0.000001
OPCODE	3E08	1	0.000001
OPCODE	20AB	1	0.000001
OPCODE	D9C7	1	0.000001
OPCODE	D9C8	1	0.000001
OPCODE	3E04	1	0.000001
OPCODE	E14F	1	0.000001
OPCODE	3880	1	0.000001
OPCODE	6926	1	0.000001
OPCODE	381F	1	0.000001
OPCODE	A746	1	0.000001
OPCODE	B1EF	1	0.000001
OPCODE	548C	1	0.000001
OPCODE	B5F3	1	0.000001
OPCODE	6928	1	0.000001
OPCODE	A801	1	0.000001
OPCODE	CBC4	1	0.000001
OPCODE	9A7C	1	0.000001
OPCODE	3F13	1	0.000001
OPCODE	5494	1	0.000001
OPCODE	3F08	1	0.000001
OPCODE	E246	1	0.000001
OPCODE	A8A2	1	0.000001
OPCODE	9A6A	1	0.000001
OPCODE	20E4	1	0.000001
OPCODE	CC42	1	0.000001
OPCODE	3C2A	1	0.000001
OPCODE	A87E	1	0.000001
OPCODE	CE46	1	0.000001
OPCODE	A87D	1	0.000001
OPCODE	3A1C	1	0.000001
OPCODE	51C5	1	0.000001
OPCODE	760C	1	0.000001
OPCODE	780A	1	0.000001
OPCODE	CEAC	1	0.000001
OPCODE	A87F	1	0.000001
OPCODE	A86F	1	0.000001
OPCODE	B441	1	0.000001
OPCODE	607A	1	0.000001
OPCODE	3000	1	0.000001
OPCODE	76F7	1	0.000001
OPCODE	C09F	1	0.000001
OPCODE	CFFC	1	0.000001
OPCODE	3C05	1	0.000001
OPCODE	1C1B	1	0.000001
OPCODE	5E80	1	0.000001
OPCODE	3E02	1	0.000001
OPCODE	2F24	1	0.000001
OPCODE	2F42	1	0.000001
OPCODE	66B4	1	0.000001
OPCODE	CDFC	1	0.000001
OPCODE	7A0E	1	0.000001
OPCODE	B298	1	0.000001
OPCODE	D884	1	0.000001
OPCODE	2064	1	0.000001
OPCODE	1C28	1	0.000001
OPCODE	396B	1	0.000001
OPCODE	3068	1	0.000001
OPCODE	554C	1	0.000001
OPCODE	3024	1	0.000001
OPCODE	CE45	1	0.000001
OPCODE	1D6C	1	0.000001
OPCODE	E587	1	0.000001
OPCODE	7085	1	0.000001
OPCODE	A84A	1	0.000001
OPCODE	9093	1	0.000001
OPCODE	E64B	1	0.000001
OPCODE	356A	1	0.000001
OPCODE	81C1	1	0.000001
OPCODE	360C	1	0.000001
OPCODE	70C0	1	0.000001
OPCODE	C7C4	1	0.000001
OPCODE	7068	1	0.000001
OPCODE	2264	1	0.000001
OPCODE	622A	1	0.000001
OPCODE	90AA	1	0.000001
OPCODE	5BC0	1	0.000001
OPCODE	2E81	1	0.000001
OPCODE	2752	1	0.000001
OPCODE	A913	1	0.000001
OPCODE	5BC2	1	0.000001
OPCODE	526F	1	0.000001
OPCODE	9E40	1	0.000001
OPCODE	82F8	1	0.000001
OPCODE	6C2A	1	0.000001
OPCODE	2E06	1	0.000001
OPCODE	61E6	1	0.000001
OPCODE	2E0C	1	0.000001
OPCODE	A05F	1	0.000001
OPCODE	705B	1	0.000001
OPCODE	2768	1	0.000001
OPCODE	908B	1	0.000001
OPCODE	2957	1	0.000001
OPCODE	1034	1	0.000001
OPCODE	705C	1	0.000001
OPCODE	44FB	1	0.000001
OPCODE	705D	1	0.000001
OPCODE	6206	1	0.000001
OPCODE	3154	1	0.000001
OPCODE	6A56	1	0.000001
OPCODE	E38D	1	0.000001
OPCODE	9154	1	0.000001
OPCODE	309A	1	0.000001
OPCODE	5C47	1	0.000001
OPCODE	2778	1	0.000001
OPCODE	B102	1	0.000001
OPCODE	9C6A	1	0.000001
OPCODE	6090	1	0.000001
OPCODE	1413	1	0.000001
OPCODE	41D3	1	0.000001
OPCODE	3741	1	0.000001
OPCODE	216D	1	0.000001
OPCODE	7E07	1	0.000001
OPCODE	6A1C	1	0.000001
OPCODE	162A	1	0.000001
OPCODE	2EAB	1	0.000001
OPCODE	E28C	1	0.000001
OPCODE	93C1	1	0.000001
OPCODE	1213	1	0.000001
OPCODE	4294	1	0.000001
OPCODE	6322	1	0.000001
OPCODE	B7DF	1	0.000001
OPCODE	5BC6	1	0.000001
OPCODE	2E82	1	0.000001
OPCODE	4253	1	0.000001
OPCODE	36AA	1	0.000001
OPCODE	7038	1	0.000001
OPCODE	D730	1	0.000001
OPCODE	A909	1	0.000001
OPCODE	2893	1	0.000001
OPCODE	90C0	1	0.000001
OPCODE	B7C4	1	0.000001
OPCODE	7E27	1	0.000001
OPCODE	21C2	1	0.000001
OPCODE	309F	1	0.000001
FPU_GUARD_META	format	fpu-guard-profile-v1
FPU_GUARD_META	sample	pre_eval_inputs_committed_start_inclusive_stop_exclusive
FPU_GUARD_META	counts	new_fp_command_branch_events_not_retirements_or_unique_requests
FPU_GUARD_META	side_bits	cr_we,fm_we,bsun_req,fp_reset,frestore_idle,frestore_unimp,fsave_ack,pend_capture
FPU_GUARD_SUMMARY	edges	raw	restore	pending	unexpected_single_class	enable_rejected_normal	context_dropped	eligible_post_round	eligible_post_mismatch	reconciles
FPU_GUARD_SUMMARY	1304100000	11666052	0	0	0	5346934	5347800	930	0	1
FPU_GUARD_BUCKET	precision	enables	raw	single	exp_zero	exp_normal	exp_allones	old_guard	new_guard
FPU_GUARD_BUCKET	0	0	140224	930	0	930	0	930	930
FPU_GUARD_BUCKET	0	32	11525828	5584580	237646	5346934	0	0	0
FPU_GUARD_REJECT_SIDE	0	0
FPU_GUARD_REJECT_SIDE	1	0
FPU_GUARD_REJECT_SIDE	2	0
FPU_GUARD_REJECT_SIDE	3	0
FPU_GUARD_REJECT_SIDE	4	0
FPU_GUARD_REJECT_SIDE	5	0
FPU_GUARD_REJECT_SIDE	6	0
FPU_GUARD_REJECT_SIDE	7	0
FPU_GUARD_CONTEXT	profile_edge	pc	fpcr	opclass	side_bits	old_guard	new_guard
FPU_GUARD_CONTEXT	25332713	4089278E	00000000	2	0	1	1
FPU_GUARD_CONTEXT	25334873	4089278E	00000000	2	0	1	1
FPU_GUARD_CONTEXT	25336934	4089278E	00000000	2	0	1	1
FPU_GUARD_CONTEXT	25338995	4089278E	00000000	2	0	1	1
FPU_GUARD_CONTEXT	25341056	4089278E	00000000	2	0	1	1
FPU_GUARD_CONTEXT	25343117	4089278E	00000000	2	0	1	1
FPU_GUARD_CONTEXT	25345178	4089278E	00000000	2	0	1	1
FPU_GUARD_CONTEXT	25347239	4089278E	00000000	2	0	1	1
FPU_GUARD_CONTEXT	25349300	4089278E	00000000	2	0	1	1
FPU_GUARD_CONTEXT	25351361	4089278E	00000000	2	0	1	1
FPU_GUARD_CONTEXT	25353422	4089278E	00000000	2	0	1	1
FPU_GUARD_CONTEXT	25355483	4089278E	00000000	2	0	1	1
FPU_GUARD_CONTEXT	25357544	4089278E	00000000	2	0	1	1
FPU_GUARD_CONTEXT	25359605	4089278E	00000000	2	0	1	1
FPU_GUARD_CONTEXT	25361666	4089278E	00000000	2	0	1	1
FPU_GUARD_CONTEXT	25363727	4089278E	00000000	2	0	1	1
FPU_GUARD_CONTEXT	25365788	4089278E	00000000	2	0	1	1
FPU_GUARD_CONTEXT	25367849	4089278E	00000000	2	0	1	1
FPU_GUARD_CONTEXT	25369910	4089278E	00000000	2	0	1	1
FPU_GUARD_CONTEXT	25371971	4089278E	00000000	2	0	1	1
FPU_GUARD_CONTEXT	25374032	4089278E	00000000	2	0	1	1
FPU_GUARD_CONTEXT	25376093	4089278E	00000000	2	0	1	1
FPU_GUARD_CONTEXT	25378154	4089278E	00000000	2	0	1	1
FPU_GUARD_CONTEXT	25380215	4089278E	00000000	2	0	1	1
FPU_GUARD_CONTEXT	25382276	4089278E	00000000	2	0	1	1
FPU_GUARD_CONTEXT	25384337	4089278E	00000000	2	0	1	1
FPU_GUARD_CONTEXT	25386398	4089278E	00000000	2	0	1	1
FPU_GUARD_CONTEXT	25388459	4089278E	00000000	2	0	1	1
FPU_GUARD_CONTEXT	25390520	4089278E	00000000	2	0	1	1
FPU_GUARD_CONTEXT	25392581	4089278E	00000000	2	0	1	1
FPU_GUARD_CONTEXT	25394642	4089278E	00000000	2	0	1	1
FPU_GUARD_CONTEXT	25396703	4089278E	00000000	2	0	1	1
FPU_GUARD_CONTEXT	25398764	4089278E	00000000	2	0	1	1
FPU_GUARD_CONTEXT	25400825	4089278E	00000000	2	0	1	1
FPU_GUARD_CONTEXT	25402886	4089278E	00000000	2	0	1	1
FPU_GUARD_CONTEXT	25404947	4089278E	00000000	2	0	1	1
FPU_GUARD_CONTEXT	25407008	4089278E	00000000	2	0	1	1
FPU_GUARD_CONTEXT	25409069	4089278E	00000000	2	0	1	1
FPU_GUARD_CONTEXT	25411130	4089278E	00000000	2	0	1	1
FPU_GUARD_CONTEXT	25413191	4089278E	00000000	2	0	1	1
FPU_GUARD_CONTEXT	25415252	4089278E	00000000	2	0	1	1
FPU_GUARD_CONTEXT	25417313	4089278E	00000000	2	0	1	1
FPU_GUARD_CONTEXT	25419374	4089278E	00000000	2	0	1	1
FPU_GUARD_CONTEXT	25421435	4089278E	00000000	2	0	1	1
FPU_GUARD_CONTEXT	25424453	4089278E	00000000	2	0	1	1
FPU_GUARD_CONTEXT	25426532	4089278E	00000000	2	0	1	1
FPU_GUARD_CONTEXT	25428593	4089278E	00000000	2	0	1	1
FPU_GUARD_CONTEXT	25430654	4089278E	00000000	2	0	1	1
FPU_GUARD_CONTEXT	25432715	4089278E	00000000	2	0	1	1
FPU_GUARD_CONTEXT	25434776	4089278E	00000000	2	0	1	1
FPU_GUARD_CONTEXT	25436837	4089278E	00000000	2	0	1	1
FPU_GUARD_CONTEXT	25438898	4089278E	00000000	2	0	1	1
FPU_GUARD_CONTEXT	25440959	4089278E	00000000	2	0	1	1
FPU_GUARD_CONTEXT	25443020	4089278E	00000000	2	0	1	1
FPU_GUARD_CONTEXT	25445081	4089278E	00000000	2	0	1	1
FPU_GUARD_CONTEXT	25447142	4089278E	00000000	2	0	1	1
FPU_GUARD_CONTEXT	25449203	4089278E	00000000	2	0	1	1
FPU_GUARD_CONTEXT	25451264	4089278E	00000000	2	0	1	1
FPU_GUARD_CONTEXT	25453325	4089278E	00000000	2	0	1	1
FPU_GUARD_CONTEXT	25455386	4089278E	00000000	2	0	1	1
FPU_GUARD_CONTEXT	25457447	4089278E	00000000	2	0	1	1
FPU_GUARD_CONTEXT	25459508	4089278E	00000000	2	0	1	1
FPU_GUARD_CONTEXT	25461569	4089278E	00000000	2	0	1	1
FPU_GUARD_CONTEXT	25463630	4089278E	00000000	2	0	1	1
