CONFIG_END	pc	cacr	tc
CONFIG_END	00034F3A	80008000	0000C000
ENABLED_CYCLES	ic	dc	mmu
ENABLED_CYCLES	524160000	524160000	524160000
SUMMARY	cycles	dispatches	clocks_per_dispatch	rd_accept_samples	look_hit_cycles	ipred_hit_cycles
SUMMARY	524160000	93973496	5.577743	67495305	95935362	4747560
STATE	id	cycles	entries	percent
STATE	3	54913347	14406643	10.476447
STATE	4	49364895	40835916	9.417906
STATE	5	277566	277566	0.052954
STATE	8	15876104	10085405	3.028866
STATE	9	189483260	31886397	36.149889
STATE	10	76800933	21919728	14.652193
STATE	11	3220645	3220645	0.614439
STATE	13	3801523	3793798	0.725260
STATE	15	1294773	1294773	0.247019
STATE	16	823452	823452	0.157099
STATE	17	622222	622222	0.118708
STATE	18	5531	5531	0.001055
STATE	19	3460127	3460127	0.660128
STATE	20	32256737	32256737	6.153987
STATE	21	650732	650732	0.124148
STATE	22	2850274	2850274	0.543779
STATE	23	794927	794927	0.151657
STATE	24	1446494	1446494	0.275964
STATE	26	1665491	1665491	0.317745
STATE	27	1743196	1743196	0.332569
STATE	28	5382707	5382707	1.026921
STATE	29	98095	98095	0.018715
STATE	30	302574	28461	0.057726
STATE	31	577	577	0.000110
STATE	34	468413	266354	0.089365
STATE	35	266366	266366	0.050818
STATE	36	266366	266366	0.050818
STATE	37	266366	266366	0.050818
STATE	38	12	12	0.000002
STATE	39	266366	266366	0.050818
STATE	41	266366	266366	0.050818
STATE	42	266366	266366	0.050818
STATE	43	15161	15161	0.002892
STATE	44	15161	15161	0.002892
STATE	45	15161	15161	0.002892
STATE	46	15161	15161	0.002892
STATE	47	15161	15161	0.002892
STATE	48	97471	97471	0.018596
STATE	49	115	115	0.000022
STATE	51	1160914	1132639	0.221481
STATE	52	488616	488616	0.093219
STATE	53	4733586	4732382	0.903080
STATE	55	967242	967242	0.184532
STATE	56	986098	986098	0.188129
STATE	57	138173	138173	0.026361
STATE	58	342824	342824	0.065404
STATE	59	15124	15124	0.002885
STATE	62	364452	364452	0.069531
STATE	65	364451	364451	0.069530
STATE	68	1103246	1103246	0.210479
STATE	69	799735	799735	0.152575
STATE	70	4707342	4707342	0.898073
STATE	78	120121	120121	0.022917
STATE	79	120121	120121	0.022917
STATE	81	171506	171506	0.032720
STATE	82	221450	163321	0.042249
STATE	87	4140	4140	0.000790
STATE	89	2535050	2535050	0.483640
STATE	90	2535050	2535050	0.483640
STATE	91	2535050	2535050	0.483640
STATE	92	2535050	2535050	0.483640
STATE	96	2535050	2535050	0.483640
STATE	97	2535050	2535050	0.483640
STATE	98	54571	54571	0.010411
STATE	99	98095	98095	0.018715
STATE	102	303511	303511	0.057904
STATE	103	4004	4004	0.000764
STATE	104	4004	4004	0.000764
STATE	106	79638	26546	0.015193
STATE	107	296489	4140	0.056565
STATE	112	346920	346920	0.066186
STATE	113	346920	346920	0.066186
STATE	114	39565	39565	0.007548
STATE	115	6384	6384	0.001218
STATE	116	39565	39565	0.007548
STATE	117	307355	307355	0.058638
STATE	118	307355	307355	0.058638
STATE	119	3670	3670	0.000700
STATE	120	307355	307355	0.058638
STATE	121	115989	115989	0.022129
STATE	122	43	43	0.000008
STATE	129	6384	6384	0.001218
STATE	130	346920	346920	0.066186
STATE	131	346920	346920	0.066186
STATE	132	115989	115989	0.022129
STATE	133	2840398	21552	0.541895
STATE	151	30	30	0.000006
STATE	152	6	6	0.000001
STATE	153	1117	840	0.000213
STATE	154	62	62	0.000012
STATE	155	128	128	0.000024
STATE	157	16	16	0.000003
STATE	158	120	120	0.000023
STATE	160	966	273	0.000184
STATE	161	381	381	0.000073
STATE	162	536	322	0.000102
STATE	163	304	304	0.000058
STATE	164	214	214	0.000041
STATE	165	466	466	0.000089
STATE	167	18	18	0.000003
STATE	171	6	6	0.000001
STATE	173	319	319	0.000061
STATE	175	6919	188	0.001320
STATE	176	806	24	0.000154
STATE	177	40	40	0.000008
STATE	178	5310887	2130344	1.013219
STATE	179	1864051	1864051	0.355626
STATE	180	266293	266293	0.050804
STATE	181	14973	14973	0.002857
STATE	182	156	156	0.000030
STATE	183	156	156	0.000030
STATE	190	26945382	16720829	5.140679
STATE	191	12	12	0.000002
STATE	250	2031957	1486425	0.387660
MEM	name	value
MEM	mrd_cycles_cst0	78512895
MEM	mrd_cycles_cst1	10173858
MEM	mrd_cycles_cst4	41344927
MEM	mrd_cycles_cst5	3016617
MEM	mrd_cycles_cst6	56434963
MEM	mwr_cycles_cst0	47993697
MEM	mwr_cycles_cst1	1094240
MEM	mwr_cycles_cst4	8885827
MEM	mwr_cycles_cst5	1822979
MEM	mwr_cycles_cst6	17004190
MEM	mrd_cycles_sb_pending	12735945
MEM	mwr_cycles_sb_pending	30003879
MEM	data_tagwrite_entries	3118034
MEM	instr_tagwrite_entries	5304452
MEM	sb_push_signal_samples	29473493
MEM	sb_full_request_samples	8
MEM	read_with_store_pending_samples	2395765
MEM	pass_cycles_write	30618658
MEM	pass_cycles_read	55351114
REFILL_META	clock_sample	post_eval_rising_edge
REFILL_META	duration	C_FILL_through_C_TAGW_complete_bracket_spans_only
REFILL_META	mrd_overlap	core_state_9_and_C_FILL_same_sample
REFILL_META	states	issued_is_registered_state_local_match_is_combinational_setup_is_neither
REFILL_PARTIAL	start	1
REFILL_PARTIAL	end	0
REFILL_PARTIAL	aborted	0
REFILL_REGION	bank	region	fill_entries	fill_samples	tagwrite_samples	issued_state_samples	local_match_samples	setup_state_samples	mrd_overlap_samples	completed
REFILL_REGION	data	ram	3004946	30079883	3004946	18060099	9035907	2983877	24983697	3004946
REFILL_REGION	data	rom	113088	1074720	113088	622368	0	452352	547842	113088
REFILL_REGION	instruction	ram	2620348	26637107	2620349	16155714	7859184	2622209	6803291	2620348
REFILL_REGION	instruction	rom	2684103	27232541	2684103	16496129	0	10736412	9010097	2684103
REFILL_SAMPLE	bank	region	fill_cnt	r_issued	fill_acked	clocks
REFILL_SAMPLE	data	ram	0	0	0	3004946
REFILL_SAMPLE	data	ram	0	1	0	18059661
REFILL_SAMPLE	data	ram	1	0	0	353510
REFILL_SAMPLE	data	ram	1	0	1	2651436
REFILL_SAMPLE	data	ram	1	1	0	64
REFILL_SAMPLE	data	ram	1	1	1	82
REFILL_SAMPLE	data	ram	2	0	1	3004946
REFILL_SAMPLE	data	ram	2	1	1	146
REFILL_SAMPLE	data	ram	3	0	1	3004946
REFILL_SAMPLE	data	ram	3	1	1	146
REFILL_SAMPLE	data	rom	0	0	0	113088
REFILL_SAMPLE	data	rom	0	1	0	283104
REFILL_SAMPLE	data	rom	1	0	0	223
REFILL_SAMPLE	data	rom	1	0	1	112865
REFILL_SAMPLE	data	rom	1	1	0	223
REFILL_SAMPLE	data	rom	1	1	1	112865
REFILL_SAMPLE	data	rom	2	0	1	113088
REFILL_SAMPLE	data	rom	2	1	1	113088
REFILL_SAMPLE	data	rom	3	0	1	113088
REFILL_SAMPLE	data	rom	3	1	1	113088
REFILL_SAMPLE	instruction	ram	0	0	0	2620348
REFILL_SAMPLE	instruction	ram	0	1	0	16153722
REFILL_SAMPLE	instruction	ram	1	0	1	2620348
REFILL_SAMPLE	instruction	ram	1	1	1	664
REFILL_SAMPLE	instruction	ram	2	0	1	2620348
REFILL_SAMPLE	instruction	ram	2	1	1	664
REFILL_SAMPLE	instruction	ram	3	0	1	2620349
REFILL_SAMPLE	instruction	ram	3	1	1	664
REFILL_SAMPLE	instruction	rom	0	0	0	2684103
REFILL_SAMPLE	instruction	rom	0	1	0	8443820
REFILL_SAMPLE	instruction	rom	1	0	1	2684103
REFILL_SAMPLE	instruction	rom	1	1	1	2684103
REFILL_SAMPLE	instruction	rom	2	0	1	2684103
REFILL_SAMPLE	instruction	rom	2	1	1	2684103
REFILL_SAMPLE	instruction	rom	3	0	1	2684103
REFILL_SAMPLE	instruction	rom	3	1	1	2684103
REFILL_DURATION	bank	region	clocks	complete_fills
REFILL_DURATION	data	ram	5	21507
REFILL_DURATION	instruction	ram	5	131
REFILL_DURATION	data	rom	9	28292
REFILL_DURATION	instruction	rom	9	7663
REFILL_DURATION	data	ram	11	2863539
REFILL_DURATION	data	rom	11	84373
REFILL_DURATION	instruction	ram	11	2322644
REFILL_DURATION	instruction	rom	11	2355815
REFILL_DURATION	data	ram	12	84771
REFILL_DURATION	data	rom	12	422
REFILL_DURATION	instruction	ram	12	181499
REFILL_DURATION	instruction	rom	12	247111
REFILL_DURATION	data	ram	13	31063
REFILL_DURATION	data	rom	13	1
REFILL_DURATION	instruction	ram	13	97862
REFILL_DURATION	instruction	rom	13	63622
REFILL_DURATION	data	ram	14	3903
REFILL_DURATION	instruction	ram	14	17309
REFILL_DURATION	instruction	rom	14	8789
REFILL_DURATION	data	ram	15	46
REFILL_DURATION	instruction	ram	15	215
REFILL_DURATION	data	ram	16	71
REFILL_DURATION	instruction	ram	16	68
REFILL_DURATION	instruction	rom	16	511
REFILL_DURATION	data	ram	17	10
REFILL_DURATION	instruction	ram	17	382
REFILL_DURATION	instruction	rom	17	584
REFILL_DURATION	data	ram	18	28
REFILL_DURATION	instruction	ram	18	154
REFILL_DURATION	instruction	rom	18	8
REFILL_DURATION	data	ram	19	8
REFILL_DURATION	instruction	ram	19	64
REFILL_DURATION	instruction	ram	20	20
CACHE_STATE	id	cycles	percent
CACHE_STATE	0	321024204	61.245460
CACHE_STATE	1	20960631	3.998899
CACHE_STATE	4	85024251	16.221049
CACHE_STATE	5	8422486	1.606854
CACHE_STATE	6	85969772	16.401437
CACHE_STATE	7	2758656	0.526300
TRANSITION	from	to	count
TRANSITION	3	4	14406540
TRANSITION	3	34	103
TRANSITION	4	3	4622861
TRANSITION	4	8	1717791
TRANSITION	4	9	2022985
TRANSITION	4	10	242491
TRANSITION	4	11	2179432
TRANSITION	4	13	149932
TRANSITION	4	20	15456399
TRANSITION	4	34	251205
TRANSITION	4	43	15161
TRANSITION	4	48	85599
TRANSITION	4	51	125212
TRANSITION	4	53	76386
TRANSITION	4	62	241203
TRANSITION	4	65	87918
TRANSITION	4	68	840982
TRANSITION	4	78	120121
TRANSITION	4	81	110257
TRANSITION	4	87	4140
TRANSITION	4	89	2511673
TRANSITION	4	98	47161
TRANSITION	4	104	2614
TRANSITION	4	106	26546
TRANSITION	4	112	325301
TRANSITION	4	133	21552
TRANSITION	4	153	119
TRANSITION	4	167	18
TRANSITION	4	181	276
TRANSITION	4	190	8396277
TRANSITION	4	250	1154304
TRANSITION	5	3	171684
TRANSITION	5	4	54698
TRANSITION	5	20	50936
TRANSITION	5	53	6
TRANSITION	5	56	71
TRANSITION	5	181	143
TRANSITION	5	190	28
TRANSITION	8	13	3285196
TRANSITION	8	15	894600
TRANSITION	8	16	797014
TRANSITION	8	18	5531
TRANSITION	8	19	3460127
TRANSITION	8	20	836425
TRANSITION	8	48	11872
TRANSITION	8	51	250559
TRANSITION	8	53	50115
TRANSITION	8	62	116586
TRANSITION	8	68	262264
TRANSITION	8	81	61249
TRANSITION	8	89	23377
TRANSITION	8	98	7410
TRANSITION	8	104	1390
TRANSITION	8	112	21619
TRANSITION	8	153	23
TRANSITION	8	157	8
TRANSITION	8	177	40
TRANSITION	9	3	3111725
TRANSITION	9	4	8427855
TRANSITION	9	8	16094
TRANSITION	9	10	6158996
TRANSITION	9	11	133331
TRANSITION	9	13	164123
TRANSITION	9	15	8665
TRANSITION	9	17	622222
TRANSITION	9	20	5519343
TRANSITION	9	23	794786
TRANSITION	9	27	1743196
TRANSITION	9	28	3452
TRANSITION	9	42	266366
TRANSITION	9	44	15161
TRANSITION	9	45	15161
TRANSITION	9	46	15161
TRANSITION	9	49	115
TRANSITION	9	51	336332
TRANSITION	9	53	57261
TRANSITION	9	55	16356
TRANSITION	9	56	59633
TRANSITION	9	62	3431
TRANSITION	9	65	106237
TRANSITION	9	70	561470
TRANSITION	9	118	307308
TRANSITION	9	119	3670
TRANSITION	9	153	110
TRANSITION	9	160	120
TRANSITION	9	162	129
TRANSITION	9	165	130
TRANSITION	9	171	6
TRANSITION	9	175	188
TRANSITION	9	181	1674
TRANSITION	9	190	3329111
TRANSITION	9	250	87478
TRANSITION	10	3	1055541
TRANSITION	10	4	2295909
TRANSITION	10	9	2579362
TRANSITION	10	13	94856
TRANSITION	10	20	2765546
TRANSITION	10	36	266366
TRANSITION	10	37	266366
TRANSITION	10	38	12
TRANSITION	10	39	266366
TRANSITION	10	51	113989
TRANSITION	10	52	488616
TRANSITION	10	53	2885307
TRANSITION	10	55	22639
TRANSITION	10	56	130465
TRANSITION	10	57	138173
TRANSITION	10	62	3216
TRANSITION	10	65	32774
TRANSITION	10	70	3042626
TRANSITION	10	96	2535050
TRANSITION	10	122	43
TRANSITION	10	153	158
TRANSITION	10	161	381
TRANSITION	10	162	85
TRANSITION	10	165	252
TRANSITION	10	176	24
TRANSITION	10	181	1704
TRANSITION	10	183	156
TRANSITION	10	190	2689103
TRANSITION	10	250	244643
TRANSITION	11	8	1682635
TRANSITION	11	26	345877
TRANSITION	11	55	665771
TRANSITION	11	56	74740
TRANSITION	11	58	112
TRANSITION	11	59	8539
TRANSITION	11	102	157277
TRANSITION	11	117	285656
TRANSITION	11	151	30
TRANSITION	11	152	6
TRANSITION	11	155	2
TRANSITION	13	3	65066
TRANSITION	13	4	132656
TRANSITION	13	9	1975861
TRANSITION	13	10	237582
TRANSITION	13	20	335406
TRANSITION	13	22	207150
TRANSITION	13	26	485461
TRANSITION	13	51	1678
TRANSITION	13	53	609
TRANSITION	13	55	2459
TRANSITION	13	56	181934
TRANSITION	13	62	5
TRANSITION	13	102	145876
TRANSITION	13	117	21699
TRANSITION	13	155	82
TRANSITION	13	181	25
TRANSITION	13	190	249
TRANSITION	15	8	797014
TRANSITION	15	9	221152
TRANSITION	15	16	26438
TRANSITION	15	22	1
TRANSITION	15	26	86681
TRANSITION	15	55	26735
TRANSITION	15	56	3303
TRANSITION	15	58	133449
TRANSITION	16	9	622222
TRANSITION	16	22	199088
TRANSITION	16	55	1320
TRANSITION	16	58	822
TRANSITION	17	8	5531
TRANSITION	17	22	95369
TRANSITION	17	26	657
TRANSITION	17	55	6000
TRANSITION	17	56	435103
TRANSITION	17	58	79518
TRANSITION	17	155	44
TRANSITION	18	22	3883
TRANSITION	18	26	400
TRANSITION	18	58	1248
TRANSITION	19	22	2344783
TRANSITION	19	26	746415
TRANSITION	19	55	218369
TRANSITION	19	56	15942
TRANSITION	19	58	127675
TRANSITION	19	59	6585
TRANSITION	19	102	358
TRANSITION	20	8	5866292
TRANSITION	20	9	15793958
TRANSITION	20	10	6166812
TRANSITION	20	11	203160
TRANSITION	20	15	391508
TRANSITION	20	21	650732
TRANSITION	20	24	968
TRANSITION	20	28	1547290
TRANSITION	20	190	1636017
TRANSITION	21	24	650732
TRANSITION	22	9	2850274
TRANSITION	23	3	4
TRANSITION	23	20	5
TRANSITION	23	24	794794
TRANSITION	23	53	13
TRANSITION	23	190	111
TRANSITION	24	11	93728
TRANSITION	24	28	1352766
TRANSITION	26	9	639415
TRANSITION	26	10	431183
TRANSITION	26	28	594893
TRANSITION	27	28	1743196
TRANSITION	28	3	50520
TRANSITION	28	4	2161312
TRANSITION	28	5	51769
TRANSITION	28	10	2804335
TRANSITION	28	13	661
TRANSITION	28	20	20179
TRANSITION	28	29	98095
TRANSITION	28	30	24457
TRANSITION	28	51	139938
TRANSITION	28	53	6837
TRANSITION	28	55	2
TRANSITION	28	65	173
TRANSITION	28	103	4004
TRANSITION	28	181	359
TRANSITION	28	190	20066
TRANSITION	29	99	98095
TRANSITION	30	3	211
TRANSITION	30	4	10037
TRANSITION	30	20	17176
TRANSITION	30	31	577
TRANSITION	30	55	1
TRANSITION	30	65	6
TRANSITION	30	181	6
TRANSITION	30	190	447
TRANSITION	31	4	26
TRANSITION	31	20	551
TRANSITION	34	35	266354
TRANSITION	35	10	266366
TRANSITION	36	10	266366
TRANSITION	37	10	266366
TRANSITION	38	10	12
TRANSITION	39	41	266366
TRANSITION	41	9	266366
TRANSITION	42	34	73
TRANSITION	42	178	266293
TRANSITION	43	9	15161
TRANSITION	44	9	15161
TRANSITION	45	9	15161
TRANSITION	46	47	15161
TRANSITION	47	3	7450
TRANSITION	47	181	7711
TRANSITION	48	9	97471
TRANSITION	49	181	115
TRANSITION	51	3	439540
TRANSITION	51	4	120252
TRANSITION	51	10	309352
TRANSITION	51	13	5222
TRANSITION	51	20	253530
TRANSITION	51	56	3705
TRANSITION	51	62	11
TRANSITION	51	181	30
TRANSITION	51	190	997
TRANSITION	52	3	488569
TRANSITION	52	181	47
TRANSITION	53	3	338530
TRANSITION	53	4	3234115
TRANSITION	53	13	21
TRANSITION	53	20	791990
TRANSITION	53	51	8718
TRANSITION	53	56	1
TRANSITION	53	65	604
TRANSITION	53	181	65
TRANSITION	53	190	358338
TRANSITION	55	3	937303
TRANSITION	55	4	29858
TRANSITION	55	181	81
TRANSITION	56	10	986098
TRANSITION	57	3	138125
TRANSITION	57	181	48
TRANSITION	58	3	12387
TRANSITION	58	4	125826
TRANSITION	58	13	3300
TRANSITION	58	20	201249
TRANSITION	58	56	33
TRANSITION	58	181	29
TRANSITION	59	10	15124
TRANSITION	62	10	364452
TRANSITION	65	9	364451
TRANSITION	68	11	303511
TRANSITION	68	69	799735
TRANSITION	69	70	799735
TRANSITION	70	3	85125
TRANSITION	70	4	526107
TRANSITION	70	9	561470
TRANSITION	70	10	3042626
TRANSITION	70	13	18964
TRANSITION	70	20	324505
TRANSITION	70	51	3982
TRANSITION	70	53	111
TRANSITION	70	55	3312
TRANSITION	70	56	6911
TRANSITION	70	65	130366
TRANSITION	70	153	74
TRANSITION	70	181	358
TRANSITION	70	190	3431
TRANSITION	78	79	120121
TRANSITION	79	3	688
TRANSITION	79	4	61637
TRANSITION	79	20	57768
TRANSITION	79	56	23
TRANSITION	79	181	5
TRANSITION	81	5	8185
TRANSITION	81	82	163321
TRANSITION	82	5	163321
TRANSITION	87	107	4140
TRANSITION	89	90	2535050
TRANSITION	90	91	2535050
TRANSITION	91	92	2535050
TRANSITION	92	9	2535050
TRANSITION	96	97	2535050
TRANSITION	97	4	2321130
TRANSITION	97	51	154
TRANSITION	97	53	212364
TRANSITION	97	181	1402
TRANSITION	98	3	112
TRANSITION	98	4	19
TRANSITION	98	5	54267
TRANSITION	98	20	173
TRANSITION	99	3	735
TRANSITION	99	4	48112
TRANSITION	99	20	1721
TRANSITION	99	181	7
TRANSITION	99	190	47520
TRANSITION	102	70	303511
TRANSITION	103	30	4004
TRANSITION	104	20	4004
TRANSITION	106	3	26546
TRANSITION	107	3	4140
TRANSITION	112	113	346920
TRANSITION	113	11	307355
TRANSITION	113	114	39565
TRANSITION	114	115	6384
TRANSITION	114	116	33181
TRANSITION	115	116	6384
TRANSITION	116	130	39565
TRANSITION	117	9	307355
TRANSITION	118	9	3670
TRANSITION	118	120	303685
TRANSITION	119	120	3670
TRANSITION	120	130	307355
TRANSITION	121	10	115989
TRANSITION	122	10	43
TRANSITION	129	4	6239
TRANSITION	129	20	100
TRANSITION	129	153	44
TRANSITION	129	181	1
TRANSITION	130	131	346920
TRANSITION	131	3	1103
TRANSITION	131	4	219597
TRANSITION	131	20	3718
TRANSITION	131	129	6384
TRANSITION	131	132	115989
TRANSITION	131	181	41
TRANSITION	131	190	88
TRANSITION	132	121	115989
TRANSITION	133	3	21533
TRANSITION	133	181	19
TRANSITION	151	10	18
TRANSITION	151	182	12
TRANSITION	152	9	6
TRANSITION	153	8	40
TRANSITION	153	11	128
TRANSITION	153	154	62
TRANSITION	153	157	8
TRANSITION	153	158	76
TRANSITION	153	160	145
TRANSITION	153	164	62
TRANSITION	153	173	319
TRANSITION	154	162	62
TRANSITION	155	158	44
TRANSITION	155	162	46
TRANSITION	155	164	38
TRANSITION	157	8	8
TRANSITION	157	160	8
TRANSITION	158	9	120
TRANSITION	160	4	4
TRANSITION	160	10	145
TRANSITION	160	20	68
TRANSITION	160	153	44
TRANSITION	160	191	12
TRANSITION	161	4	18
TRANSITION	161	10	236
TRANSITION	161	20	115
TRANSITION	161	153	12
TRANSITION	162	4	38
TRANSITION	162	9	129
TRANSITION	162	20	51
TRANSITION	162	65	12
TRANSITION	162	153	7
TRANSITION	162	163	85
TRANSITION	163	3	6
TRANSITION	163	4	101
TRANSITION	163	10	85
TRANSITION	163	20	112
TRANSITION	164	9	130
TRANSITION	164	165	84
TRANSITION	165	4	15
TRANSITION	165	10	252
TRANSITION	165	20	6
TRANSITION	165	153	79
TRANSITION	165	164	114
TRANSITION	167	20	18
TRANSITION	171	4	6
TRANSITION	173	4	78
TRANSITION	173	153	22
TRANSITION	173	163	219
TRANSITION	175	23	141
TRANSITION	175	118	47
TRANSITION	176	5	24
TRANSITION	177	3	12
TRANSITION	177	20	12
TRANSITION	177	153	16
TRANSITION	178	179	1864051
TRANSITION	178	180	266293
TRANSITION	179	178	1864051
TRANSITION	180	3	266293
TRANSITION	181	34	14973
TRANSITION	182	10	156
TRANSITION	183	4	12
TRANSITION	183	182	144
TRANSITION	190	3	2554817
TRANSITION	190	4	6631444
TRANSITION	190	9	55502
TRANSITION	190	13	71340
TRANSITION	190	20	5586335
TRANSITION	190	28	141110
TRANSITION	190	51	152074
TRANSITION	190	53	1442534
TRANSITION	190	55	4278
TRANSITION	190	56	74231
TRANSITION	190	65	6361
TRANSITION	190	153	132
TRANSITION	190	181	671
TRANSITION	191	35	12
TRANSITION	250	3	6017
TRANSITION	250	4	22275
TRANSITION	250	9	943965
TRANSITION	250	10	244643
TRANSITION	250	13	183
TRANSITION	250	20	29295
TRANSITION	250	51	3
TRANSITION	250	53	839
TRANSITION	250	56	3
TRANSITION	250	181	156
TRANSITION	250	190	239046
F4SITE	F4E9	0009AD6E	8344
F4SITE	F4E9	40887126	374
F4SITE	F4E9	408E9B18	56
F4SITE	F4F1	0009AD6A	420
F4SITE	F4F1	40887122	12
F4SITE	F4F8	0009AD20	28
F4SITE	F4F8	40885032	12318
F4CALL	0009AD6A	FFFFFF10	215
F4CALL	0009AD6E	00000000	211
F4CALL	0009AD6E	00004980	116
F4CALL	0009AD6E	5AA80000	211
F4CALL	0009AD6E	84160000	111
F4CALL	0009AD6E	90D80000	137
F4CALL	0009AD6E	91440000	113
F4CALL	0009AD6E	9224FFFF	6148
F4CALL	0009AD6E	E2E60000	160
F4CALL	0009AD6E	FFFFFF10	205
F4CALL	40885032	40804088	8663
F4CALL	40885032	40887824	3371
F4CALL	40887126	00000000	135
F4CALL	40887126	00000001	124
OPCODE	opcode	dispatches	percent
OPCODE	51CA	2332734	2.482332
OPCODE	4E75	2146284	2.283925
OPCODE	22C4	2058218	2.190211
OPCODE	F624	1699885	1.808898
OPCODE	6EFA	1526043	1.623908
OPCODE	2ADC	1284744	1.367134
OPCODE	B0B8	945804	1.006458
OPCODE	B041	931533	0.991272
OPCODE	F623	789053	0.839655
OPCODE	51C9	752560	0.800822
OPCODE	3018	736478	0.783708
OPCODE	6D06	715396	0.761274
OPCODE	B3CA	714814	0.760655
OPCODE	1981	679068	0.722617
OPCODE	B452	664144	0.706735
OPCODE	6DFA	652931	0.694803
OPCODE	B451	634454	0.675141
OPCODE	594A	619360	0.659079
OPCODE	6002	561393	0.597395
OPCODE	B481	560516	0.596462
OPCODE	1018	548019	0.583163
OPCODE	202E	529511	0.563468
OPCODE	51CE	526373	0.560129
OPCODE	51CD	521339	0.554772
OPCODE	3219	491495	0.523014
OPCODE	5343	484219	0.515272
OPCODE	6706	480884	0.511723
OPCODE	5043	477745	0.508383
OPCODE	66C0	471718	0.501969
OPCODE	48E7	456992	0.486299
OPCODE	4EBA	448939	0.477729
OPCODE	22C0	439490	0.467674
OPCODE	5380	424420	0.451638
OPCODE	4258	424008	0.451200
OPCODE	4EB0	413912	0.440456
OPCODE	0C40	408413	0.434604
OPCODE	4A11	397325	0.422805
OPCODE	4681	396147	0.421552
OPCODE	4E71	391319	0.416414
OPCODE	D040	367323	0.390879
OPCODE	302E	362933	0.386208
OPCODE	4E56	360860	0.384002
OPCODE	4E5E	360859	0.384001
OPCODE	2602	358808	0.381818
OPCODE	5849	348058	0.370379
OPCODE	B3D6	342965	0.364959
OPCODE	6426	340973	0.362840
OPCODE	6E06	340691	0.362539
OPCODE	2211	339294	0.361053
OPCODE	C282	336621	0.358208
OPCODE	D3C1	336601	0.358187
OPCODE	D8C7	330024	0.351188
OPCODE	D685	328163	0.349208
OPCODE	4CDF	326583	0.347527
OPCODE	C694	325744	0.346634
OPCODE	8685	325744	0.346634
OPCODE	2883	325744	0.346634
OPCODE	BE6E	318997	0.339454
OPCODE	7000	317936	0.338325
OPCODE	7A00	306414	0.326064
OPCODE	672E	305835	0.325448
OPCODE	201B	303414	0.322872
OPCODE	6ECA	300236	0.319490
OPCODE	1A2B	297645	0.316733
OPCODE	2040	296926	0.315968
OPCODE	6AF8	296418	0.315427
OPCODE	2F0A	285321	0.303619
OPCODE	6C04	283237	0.301401
OPCODE	245F	276233	0.293948
OPCODE	6708	273955	0.291524
OPCODE	4ED0	271090	0.288475
OPCODE	0C50	267711	0.284879
OPCODE	241F	264792	0.281773
OPCODE	2F02	264380	0.281335
OPCODE	34C0	263093	0.279965
OPCODE	51CB	260558	0.277268
OPCODE	4A42	258563	0.275145
OPCODE	0C42	257893	0.274432
OPCODE	2011	257492	0.274005
OPCODE	4EF9	253702	0.269972
OPCODE	2480	252964	0.269187
OPCODE	264F	252652	0.268855
OPCODE	22D2	252360	0.268544
OPCODE	342E	251655	0.267794
OPCODE	246F	251614	0.267750
OPCODE	2F4A	251205	0.267315
OPCODE	341A	251205	0.267315
OPCODE	C0B8	246530	0.262340
OPCODE	6F04	241662	0.257160
OPCODE	205F	238241	0.253519
OPCODE	C084	237421	0.252647
OPCODE	0240	233847	0.248844
OPCODE	34C1	233422	0.248391
OPCODE	72FF	226511	0.241037
OPCODE	9980	226364	0.240881
OPCODE	246E	221321	0.235514
OPCODE	6100	217782	0.231748
OPCODE	2050	213348	0.227030
OPCODE	DA87	212896	0.226549
OPCODE	D3CA	212895	0.226548
OPCODE	D584	212895	0.226548
OPCODE	D986	212895	0.226548
OPCODE	91CA	212895	0.226548
OPCODE	701F	212563	0.226195
OPCODE	4ED4	212221	0.225831
OPCODE	6718	211668	0.225242
OPCODE	C240	210653	0.224162
OPCODE	E0A9	210078	0.223550
OPCODE	DFAE	209691	0.223138
OPCODE	286E	208183	0.221534
OPCODE	8081	207093	0.220374
OPCODE	4A2E	204960	0.218104
OPCODE	76FF	204853	0.217990
OPCODE	2001	201898	0.214846
OPCODE	2D41	200515	0.213374
OPCODE	48C1	198527	0.211259
OPCODE	B058	198271	0.210986
OPCODE	D4C0	198049	0.210750
OPCODE	6604	197680	0.210357
OPCODE	322E	197602	0.210274
OPCODE	2018	196767	0.209386
OPCODE	206E	191224	0.203487
OPCODE	9A87	190972	0.203219
OPCODE	9685	190972	0.203219
OPCODE	9986	190959	0.203205
OPCODE	D1CA	190959	0.203205
OPCODE	9584	190959	0.203205
OPCODE	93CA	190959	0.203205
OPCODE	47EE	186935	0.198923
OPCODE	48C2	186921	0.198908
OPCODE	9440	183944	0.195740
OPCODE	2F38	183787	0.195573
OPCODE	B242	183650	0.195427
OPCODE	B46B	183526	0.195295
OPCODE	B26B	183524	0.195293
OPCODE	B05B	183276	0.195029
OPCODE	6C32	182800	0.194523
OPCODE	4840	182474	0.194176
OPCODE	E1A9	182395	0.194092
OPCODE	C042	182291	0.193981
OPCODE	EA80	181762	0.193418
OPCODE	D2C0	181760	0.193416
OPCODE	E2AB	181760	0.193416
OPCODE	C291	181760	0.193416
OPCODE	E1AA	181760	0.193416
OPCODE	EA82	181760	0.193416
OPCODE	2F70	180834	0.192431
OPCODE	0442	180197	0.191753
OPCODE	32D8	178337	0.189774
OPCODE	0838	177934	0.189345
OPCODE	6700	177252	0.188619
OPCODE	6000	176023	0.187311
OPCODE	4841	175373	0.186620
OPCODE	600C	175232	0.186470
OPCODE	B042	174987	0.186209
OPCODE	6D00	173130	0.184233
OPCODE	51C8	172664	0.183737
OPCODE	225F	169991	0.180892
OPCODE	2078	169511	0.180382
OPCODE	D1AE	167779	0.178539
OPCODE	226E	166769	0.177464
OPCODE	6606	165870	0.176507
OPCODE	4E7B	163321	0.173795
OPCODE	34FC	161684	0.172053
OPCODE	B26A	159778	0.170025
OPCODE	6DF2	159767	0.170013
OPCODE	2010	157193	0.167274
OPCODE	B269	154810	0.164738
OPCODE	6EF2	154196	0.164085
OPCODE	0C03	153622	0.163474
OPCODE	2E9F	151809	0.161544
OPCODE	24C5	150416	0.160062
OPCODE	6006	149804	0.159411
OPCODE	200B	149311	0.158886
OPCODE	200C	146359	0.155745
OPCODE	2F08	140991	0.150033
OPCODE	66A0	139407	0.148347
OPCODE	654E	139267	0.148198
OPCODE	B380	136502	0.145256
OPCODE	2F0C	136285	0.145025
OPCODE	2008	135580	0.144275
OPCODE	2F2E	135111	0.143776
OPCODE	3228	132532	0.141031
OPCODE	6702	131950	0.140412
OPCODE	4CEE	131646	0.140088
OPCODE	63D0	128859	0.137123
OPCODE	6600	125850	0.133921
OPCODE	22D8	124464	0.132446
OPCODE	20C0	123361	0.131272
OPCODE	2AC6	121450	0.129239
OPCODE	E9D0	120188	0.127896
OPCODE	6704	120168	0.127874
OPCODE	0C97	119821	0.127505
OPCODE	5542	119280	0.126929
OPCODE	B7CC	118063	0.125634
OPCODE	284A	116858	0.124352
OPCODE	6D18	116730	0.124216
OPCODE	2D40	116655	0.124136
OPCODE	5382	115819	0.123246
OPCODE	EFD1	115491	0.122897
OPCODE	2037	115344	0.122741
OPCODE	DC84	115152	0.122537
OPCODE	B3CC	114602	0.121951
OPCODE	4684	113162	0.120419
OPCODE	2819	112038	0.119223
OPCODE	8A84	112016	0.119200
OPCODE	CA84	112016	0.119200
OPCODE	C892	112016	0.119200
OPCODE	2055	110905	0.118017
OPCODE	486E	110479	0.117564
OPCODE	67F4	109945	0.116996
OPCODE	2447	109907	0.116955
OPCODE	224B	109044	0.116037
OPCODE	3203	108697	0.115668
OPCODE	0C38	107966	0.114890
OPCODE	2F09	107008	0.113870
OPCODE	C283	106875	0.113729
OPCODE	2A06	106391	0.113214
OPCODE	4A10	106335	0.113154
OPCODE	224D	105026	0.111761
OPCODE	6D3C	104814	0.111536
OPCODE	DAEE	104006	0.110676
OPCODE	8043	103462	0.110097
OPCODE	E290	103230	0.109850
OPCODE	244C	103185	0.109802
OPCODE	D08C	102356	0.108920
OPCODE	3410	102339	0.108902
OPCODE	6734	102075	0.108621
OPCODE	0800	101369	0.107870
OPCODE	47FA	100936	0.107409
OPCODE	4680	100909	0.107380
OPCODE	558F	99922	0.106330
OPCODE	48C0	99875	0.106280
OPCODE	5341	99584	0.105970
OPCODE	2068	99245	0.105610
OPCODE	670A	97471	0.103722
OPCODE	4E74	97471	0.103722
OPCODE	4A40	93185	0.099161
OPCODE	2AC0	92822	0.098775
OPCODE	2F01	92260	0.098177
OPCODE	41FA	92148	0.098057
OPCODE	61FF	91570	0.097442
OPCODE	6712	90291	0.096081
OPCODE	24D9	90263	0.096052
OPCODE	266E	89490	0.095229
OPCODE	2415	89414	0.095148
OPCODE	6714	89368	0.095099
OPCODE	2478	89075	0.094787
OPCODE	221F	89072	0.094784
OPCODE	4A80	89031	0.094741
OPCODE	584F	87129	0.092717
OPCODE	3013	86802	0.092369
OPCODE	282E	86416	0.091958
OPCODE	47FB	85935	0.091446
OPCODE	21CA	85935	0.091446
OPCODE	47F9	85728	0.091226
OPCODE	2A2E	85702	0.091198
OPCODE	21CB	85685	0.091180
OPCODE	6608	85629	0.091120
OPCODE	5240	85415	0.090893
OPCODE	670E	85392	0.090868
OPCODE	28C5	83557	0.088915
OPCODE	3202	83386	0.088734
OPCODE	6740	83340	0.088685
OPCODE	6720	83220	0.088557
OPCODE	3029	83189	0.088524
OPCODE	598F	83069	0.088396
OPCODE	2C10	82726	0.088031
OPCODE	9280	82478	0.087767
OPCODE	B06E	82352	0.087633
OPCODE	2C2E	81949	0.087204
OPCODE	0242	81114	0.086316
OPCODE	6008	81031	0.086228
OPCODE	2228	80537	0.085702
OPCODE	2006	80232	0.085377
OPCODE	2003	80196	0.085339
OPCODE	41F6	79518	0.084617
OPCODE	660E	79466	0.084562
OPCODE	E580	78521	0.083557
OPCODE	6C38	78465	0.083497
OPCODE	6DF0	78303	0.083325
OPCODE	545B	78293	0.083314
OPCODE	4CD3	78293	0.083314
OPCODE	48D3	78293	0.083314
OPCODE	6404	77866	0.082860
OPCODE	C684	77568	0.082542
OPCODE	600A	77549	0.082522
OPCODE	C091	77081	0.082024
OPCODE	8083	77081	0.082024
OPCODE	671A	76959	0.081894
OPCODE	5247	76939	0.081873
OPCODE	2619	75959	0.080830
OPCODE	0830	74496	0.079273
OPCODE	D8C6	73536	0.078252
OPCODE	4ED3	73443	0.078153
OPCODE	DAC7	73439	0.078149
OPCODE	65AA	72902	0.077577
OPCODE	0C43	72631	0.077289
OPCODE	2D49	72010	0.076628
OPCODE	2215	71408	0.075987
OPCODE	204B	71407	0.075986
OPCODE	2F00	71312	0.075885
OPCODE	1401	71200	0.075766
OPCODE	6530	71021	0.075576
OPCODE	66F2	70856	0.075400
OPCODE	2028	70842	0.075385
OPCODE	3D47	70434	0.074951
OPCODE	661C	70036	0.074527
OPCODE	24F4	68654	0.073057
OPCODE	3028	68490	0.072882
OPCODE	3D6E	68120	0.072489
OPCODE	6BDC	67505	0.071834
OPCODE	487A	65669	0.069880
OPCODE	4A13	65627	0.069836
OPCODE	DACB	65607	0.069814
OPCODE	2250	65415	0.069610
OPCODE	6614	65286	0.069473
OPCODE	4278	64909	0.069072
OPCODE	4ED1	64267	0.068388
OPCODE	8480	63994	0.068098
OPCODE	2A82	63988	0.068092
OPCODE	C485	63988	0.068092
OPCODE	3E1F	63809	0.067901
OPCODE	6602	63127	0.067175
OPCODE	7001	62798	0.066825
OPCODE	2245	62767	0.066792
OPCODE	2C33	61378	0.065314
OPCODE	D7C0	60690	0.064582
OPCODE	6724	58951	0.062732
OPCODE	4267	58696	0.062460
OPCODE	3218	58575	0.062331
OPCODE	4A68	57635	0.061331
OPCODE	5088	57042	0.060700
OPCODE	C06E	56827	0.060471
OPCODE	9242	55746	0.059321
OPCODE	3017	55537	0.059099
OPCODE	0C00	55235	0.058777
OPCODE	3F07	54960	0.058485
OPCODE	51CF	54697	0.058205
OPCODE	2251	54121	0.057592
OPCODE	E5A8	54075	0.057543
OPCODE	3007	53810	0.057261
OPCODE	D06E	53719	0.057164
OPCODE	6722	53635	0.057075
OPCODE	2400	53570	0.057005
OPCODE	6660	53496	0.056927
OPCODE	2047	53248	0.056663
OPCODE	2F3C	53006	0.056405
OPCODE	2A78	52909	0.056302
OPCODE	262E	52820	0.056207
OPCODE	6016	52805	0.056191
OPCODE	BFC4	52688	0.056067
OPCODE	2044	52551	0.055921
OPCODE	2278	52368	0.055726
OPCODE	4843	52021	0.055357
OPCODE	2070	51984	0.055318
OPCODE	6710	51869	0.055195
OPCODE	2246	51853	0.055178
OPCODE	548F	51852	0.055177
OPCODE	CF46	51774	0.055094
OPCODE	D4C3	51678	0.054992
OPCODE	4A1F	51494	0.054796
OPCODE	D042	51467	0.054768
OPCODE	0883	51360	0.054654
OPCODE	0C6C	51344	0.054637
OPCODE	C085	51256	0.054543
OPCODE	5188	51177	0.054459
OPCODE	66A2	51102	0.054379
OPCODE	B580	50852	0.054113
OPCODE	007C	50747	0.054001
OPCODE	11DF	50443	0.053678
OPCODE	1F38	50423	0.053657
OPCODE	2002	50124	0.053338
OPCODE	4E90	50115	0.053329
OPCODE	6C00	49873	0.053071
OPCODE	6E22	49541	0.052718
OPCODE	4A43	49236	0.052393
OPCODE	CC47	49225	0.052382
OPCODE	32C1	49091	0.052239
OPCODE	6D0A	48879	0.052014
OPCODE	2648	48818	0.051949
OPCODE	3200	48401	0.051505
OPCODE	3D5B	48370	0.051472
OPCODE	32C0	48294	0.051391
OPCODE	67F6	48065	0.051147
OPCODE	2013	47224	0.050252
OPCODE	2244	47143	0.050166
OPCODE	C947	47140	0.050163
OPCODE	4A00	46814	0.049816
OPCODE	B7CA	46649	0.049641
OPCODE	2978	46640	0.049631
OPCODE	7400	46407	0.049383
OPCODE	F620	46112	0.049069
OPCODE	2C78	46111	0.049068
OPCODE	2C40	45967	0.048915
OPCODE	60DE	45830	0.048769
OPCODE	3D40	45681	0.048611
OPCODE	B641	45649	0.048576
OPCODE	603C	45617	0.048542
OPCODE	24D1	45591	0.048515
OPCODE	2F14	45420	0.048333
OPCODE	6E28	45415	0.048327
OPCODE	2849	45402	0.048314
OPCODE	908E	45328	0.048235
OPCODE	D9C3	45328	0.048235
OPCODE	200E	45230	0.048131
OPCODE	5846	44838	0.047713
OPCODE	42A7	44217	0.047053
OPCODE	2F3A	43797	0.046606
OPCODE	662C	43557	0.046350
OPCODE	43EE	43323	0.046101
OPCODE	7600	43288	0.046064
OPCODE	7002	42854	0.045602
OPCODE	6B3A	42783	0.045527
OPCODE	4ED2	42499	0.045224
OPCODE	6B0C	42275	0.044986
OPCODE	3003	42213	0.044920
OPCODE	2240	42068	0.044766
OPCODE	24F0	41776	0.044455
OPCODE	24C6	41598	0.044266
OPCODE	2E08	41457	0.044116
OPCODE	660A	41335	0.043986
OPCODE	6102	41272	0.043919
OPCODE	2051	41203	0.043845
OPCODE	66F0	41176	0.043817
OPCODE	6E08	41031	0.043662
OPCODE	504F	40930	0.043555
OPCODE	660C	40806	0.043423
OPCODE	B001	40720	0.043331
OPCODE	670C	40521	0.043120
OPCODE	2C49	40303	0.042888
OPCODE	9DE8	40122	0.042695
OPCODE	6130	40035	0.042602
OPCODE	40E7	39973	0.042536
OPCODE	46DF	39952	0.042514
OPCODE	E548	39851	0.042407
OPCODE	B228	39835	0.042390
OPCODE	4881	39785	0.042336
OPCODE	224C	39758	0.042308
OPCODE	E541	39717	0.042264
OPCODE	6E26	39708	0.042254
OPCODE	6D20	39702	0.042248
OPCODE	9228	39700	0.042246
OPCODE	2A40	39627	0.042168
OPCODE	102C	38954	0.041452
OPCODE	A829	38773	0.041260
OPCODE	24C4	38400	0.040863
OPCODE	361A	38214	0.040665
OPCODE	317C	38133	0.040578
OPCODE	42AE	37949	0.040383
OPCODE	206F	37190	0.039575
OPCODE	6F02	37025	0.039399
OPCODE	D041	36391	0.038725
OPCODE	3F3C	36383	0.038716
OPCODE	4642	36233	0.038557
OPCODE	206D	35733	0.038025
OPCODE	4A78	35683	0.037971
OPCODE	B842	35448	0.037721
OPCODE	7601	35430	0.037702
OPCODE	3038	35362	0.037630
OPCODE	426E	35113	0.037365
OPCODE	4643	34860	0.037096
OPCODE	4A38	34525	0.036739
OPCODE	1C00	34461	0.036671
OPCODE	E84E	34327	0.036528
OPCODE	7C0F	34327	0.036528
OPCODE	CC40	34327	0.036528
OPCODE	3428	34073	0.036258
OPCODE	60CC	34032	0.036214
OPCODE	9082	33784	0.035951
OPCODE	200D	33494	0.035642
OPCODE	0C6F	33473	0.035620
OPCODE	504A	33278	0.035412
OPCODE	2059	33276	0.035410
OPCODE	08F8	33175	0.035303
OPCODE	3403	32639	0.034732
OPCODE	2840	32611	0.034702
OPCODE	DACC	32559	0.034647
OPCODE	B1D6	32552	0.034640
OPCODE	674C	32550	0.034637
OPCODE	285F	32388	0.034465
OPCODE	201F	32246	0.034314
OPCODE	B0AC	31914	0.033961
OPCODE	6B00	31742	0.033778
OPCODE	4AB8	31608	0.033635
OPCODE	4A6E	31598	0.033624
OPCODE	4A50	31126	0.033122
OPCODE	4A2C	30993	0.032981
OPCODE	321A	30986	0.032973
OPCODE	6622	30872	0.032852
OPCODE	6F00	30756	0.032728
OPCODE	301F	30434	0.032386
OPCODE	C029	30298	0.032241
OPCODE	7AFF	30063	0.031991
OPCODE	2007	30006	0.031930
OPCODE	422E	29990	0.031913
OPCODE	1200	29932	0.031852
OPCODE	0801	29865	0.031780
OPCODE	2038	29807	0.031719
OPCODE	602A	29708	0.031613
OPCODE	C2B8	29634	0.031534
OPCODE	200A	29454	0.031343
OPCODE	56C8	29348	0.031230
OPCODE	224A	29307	0.031186
OPCODE	2D5F	29160	0.031030
OPCODE	226F	29143	0.031012
OPCODE	B646	29129	0.030997
OPCODE	6C02	29102	0.030968
OPCODE	2F30	29019	0.030880
OPCODE	661A	28792	0.030638
OPCODE	0247	28622	0.030458
OPCODE	2669	28514	0.030343
OPCODE	6074	28370	0.030189
OPCODE	381A	28369	0.030188
OPCODE	B846	28361	0.030180
OPCODE	6F40	28356	0.030174
OPCODE	1033	28354	0.030172
OPCODE	B647	28331	0.030148
OPCODE	9843	28322	0.030138
OPCODE	6C3C	28315	0.030131
OPCODE	9669	28305	0.030120
OPCODE	9869	28305	0.030120
OPCODE	B847	28305	0.030120
OPCODE	EA4B	28305	0.030120
OPCODE	C044	28305	0.030120
OPCODE	EA4C	28305	0.030120
OPCODE	B393	28305	0.030120
OPCODE	D6C0	28305	0.030120
OPCODE	E2AD	28305	0.030120
OPCODE	0C41	28209	0.030018
OPCODE	662A	28208	0.030017
OPCODE	51CC	27710	0.029487
OPCODE	70FF	27619	0.029390
OPCODE	4EFB	27435	0.029194
OPCODE	671C	27133	0.028873
OPCODE	206B	27050	0.028785
OPCODE	08C3	27043	0.028777
OPCODE	2E00	27033	0.028767
OPCODE	2283	27033	0.028767
OPCODE	588A	27031	0.028764
OPCODE	619A	26955	0.028684
OPCODE	1038	26818	0.028538
OPCODE	618E	26630	0.028338
OPCODE	11C1	26546	0.028248
OPCODE	F518	26546	0.028248
OPCODE	663A	26498	0.028197
OPCODE	61A4	26458	0.028155
OPCODE	9240	26364	0.028055
OPCODE	D1C4	26249	0.027932
OPCODE	1D43	25943	0.027607
OPCODE	2810	25906	0.027567
OPCODE	2D6C	25680	0.027327
OPCODE	E9D4	25631	0.027275
OPCODE	60F4	25628	0.027272
OPCODE	C285	25472	0.027106
OPCODE	41ED	25429	0.027060
OPCODE	201C	25426	0.027057
OPCODE	C8B8	24910	0.026507
OPCODE	0C68	24888	0.026484
OPCODE	B258	24727	0.026313
OPCODE	B458	24670	0.026252
OPCODE	E9C0	24602	0.026180
OPCODE	B658	24579	0.026155
OPCODE	B858	24578	0.026154
OPCODE	B243	24410	0.025975
OPCODE	2878	24357	0.025919
OPCODE	2D4C	24181	0.025732
OPCODE	6716	24151	0.025700
OPCODE	0811	24143	0.025691
OPCODE	B280	24132	0.025680
OPCODE	3184	23541	0.025051
OPCODE	60C2	23391	0.024891
OPCODE	203A	23191	0.024678
OPCODE	6CF4	23020	0.024496
OPCODE	6728	22973	0.024446
OPCODE	4240	22841	0.024306
OPCODE	7200	22635	0.024087
OPCODE	244D	22452	0.023892
OPCODE	20AF	22422	0.023860
OPCODE	A873	22390	0.023826
OPCODE	2049	21967	0.023376
OPCODE	594F	21953	0.023361
OPCODE	6618	21896	0.023300
OPCODE	41EB	21668	0.023058
OPCODE	2470	21634	0.023021
OPCODE	E9E9	21630	0.023017
OPCODE	4AAB	21455	0.022831
OPCODE	2452	21286	0.022651
OPCODE	2F0B	21259	0.022622
OPCODE	0C80	21247	0.022610
OPCODE	204C	21187	0.022546
OPCODE	2678	21092	0.022445
OPCODE	6E0C	21027	0.022375
OPCODE	4868	21024	0.022372
OPCODE	3810	21023	0.022371
OPCODE	3EB8	21007	0.022354
OPCODE	0C5F	20932	0.022274
OPCODE	2248	20846	0.022183
OPCODE	4EB9	20834	0.022170
OPCODE	286D	20492	0.021806
OPCODE	57CC	20457	0.021769
OPCODE	4EB6	20418	0.021727
OPCODE	2EB8	20334	0.021638
OPCODE	295F	20156	0.021449
OPCODE	43E9	20135	0.021426
OPCODE	2668	20035	0.021320
OPCODE	4A28	19972	0.021253
OPCODE	6F0A	19947	0.021226
OPCODE	22C5	19892	0.021168
OPCODE	202C	19888	0.021163
OPCODE	0803	19707	0.020971
OPCODE	49FA	19706	0.020970
OPCODE	6004	19698	0.020961
OPCODE	08D1	19563	0.020818
OPCODE	24C0	19502	0.020753
OPCODE	0C52	19425	0.020671
OPCODE	B0AB	19356	0.020597
OPCODE	E748	19314	0.020553
OPCODE	B9F8	19167	0.020396
OPCODE	286B	19132	0.020359
OPCODE	B3DA	19092	0.020316
OPCODE	296B	19036	0.020257
OPCODE	66D2	18997	0.020215
OPCODE	6674	18977	0.020194
OPCODE	220D	18972	0.020189
OPCODE	A88F	18972	0.020189
OPCODE	2A41	18972	0.020189
OPCODE	E1AC	18947	0.020162
OPCODE	08B8	18940	0.020155
OPCODE	2448	18911	0.020124
OPCODE	8886	18903	0.020115
OPCODE	8A87	18903	0.020115
OPCODE	E1AD	18903	0.020115
OPCODE	65F2	18837	0.020045
OPCODE	A924	18821	0.020028
OPCODE	204A	18816	0.020023
OPCODE	2271	18776	0.019980
OPCODE	D3CE	18757	0.019960
OPCODE	60FF	18615	0.019809
OPCODE	082B	18533	0.019722
OPCODE	6748	18521	0.019709
OPCODE	2D4B	18493	0.019679
OPCODE	2469	18467	0.019651
OPCODE	5243	18458	0.019642
OPCODE	2F07	18430	0.019612
OPCODE	11FC	18175	0.019341
OPCODE	2054	18140	0.019303
OPCODE	3D41	18139	0.019302
OPCODE	2212	18123	0.019285
OPCODE	6500	18083	0.019243
OPCODE	9051	18038	0.019195
OPCODE	1010	17997	0.019151
OPCODE	5340	17983	0.019136
OPCODE	6732	17928	0.019078
OPCODE	2229	17879	0.019026
OPCODE	2268	17743	0.018881
OPCODE	6736	17705	0.018840
OPCODE	082E	17651	0.018783
OPCODE	3F00	17636	0.018767
OPCODE	0CAF	17626	0.018756
OPCODE	4A6C	17516	0.018639
OPCODE	322B	17498	0.018620
OPCODE	4880	17476	0.018597
OPCODE	4A47	17429	0.018547
OPCODE	2D48	17341	0.018453
OPCODE	B5CB	17294	0.018403
OPCODE	4FEF	17277	0.018385
OPCODE	45EE	17198	0.018301
OPCODE	6106	17119	0.018217
OPCODE	2A30	16886	0.017969
OPCODE	D1C1	16720	0.017792
OPCODE	2005	16640	0.017707
OPCODE	3F2E	16625	0.017691
OPCODE	6C18	16582	0.017645
OPCODE	203C	16542	0.017603
OPCODE	266D	16369	0.017419
OPCODE	4238	16152	0.017188
OPCODE	0241	16048	0.017077
OPCODE	0281	16026	0.017054
OPCODE	4A6A	15995	0.017021
OPCODE	4E93	15971	0.016995
OPCODE	3014	15854	0.016871
OPCODE	4242	15851	0.016868
OPCODE	6A00	15753	0.016763
OPCODE	3612	15736	0.016745
OPCODE	6620	15691	0.016697
OPCODE	62EA	15690	0.016696
OPCODE	486B	15649	0.016653
OPCODE	0880	15600	0.016600
OPCODE	8195	15575	0.016574
OPCODE	C086	15548	0.016545
OPCODE	C087	15530	0.016526
OPCODE	41EE	15514	0.016509
OPCODE	D5C1	15459	0.016450
OPCODE	6738	15445	0.016435
OPCODE	2848	15435	0.016425
OPCODE	41F8	15397	0.016384
OPCODE	2D4F	15198	0.016173
OPCODE	4A69	15193	0.016167
OPCODE	0891	15188	0.016162
OPCODE	1230	15181	0.016155
OPCODE	4E73	15161	0.016133
OPCODE	1080	15157	0.016129
OPCODE	707F	15157	0.016129
OPCODE	2210	15119	0.016089
OPCODE	6730	14942	0.015900
OPCODE	2A6E	14935	0.015893
OPCODE	B692	14909	0.015865
OPCODE	57CD	14909	0.015865
OPCODE	202B	14905	0.015861
OPCODE	4A05	14877	0.015831
OPCODE	6A06	14863	0.015816
OPCODE	302F	14820	0.015770
OPCODE	2F2D	14762	0.015709
OPCODE	2214	14660	0.015600
OPCODE	2269	14623	0.015561
OPCODE	4A14	14589	0.015525
OPCODE	43E8	14588	0.015524
OPCODE	4C98	14506	0.015436
OPCODE	65CA	14505	0.015435
OPCODE	2178	14470	0.015398
OPCODE	6A1E	14424	0.015349
OPCODE	2081	14416	0.015340
OPCODE	102E	14329	0.015248
OPCODE	3F03	14316	0.015234
OPCODE	303C	14220	0.015132
OPCODE	6646	14218	0.015130
OPCODE	BE8B	14195	0.015105
OPCODE	C083	14157	0.015065
OPCODE	6026	14105	0.015010
OPCODE	3400	13974	0.014870
OPCODE	40C0	13928	0.014821
OPCODE	7217	13875	0.014765
OPCODE	307B	13875	0.014765
OPCODE	2200	13860	0.014749
OPCODE	673E	13809	0.014695
OPCODE	1432	13805	0.014690
OPCODE	2069	13798	0.014683
OPCODE	6F1C	13742	0.014623
OPCODE	554F	13709	0.014588
OPCODE	2009	13524	0.014391
OPCODE	4A6B	13491	0.014356
OPCODE	2E2E	13444	0.014306
OPCODE	6B14	13440	0.014302
OPCODE	082A	13372	0.014230
OPCODE	B898	13328	0.014183
OPCODE	26C6	13316	0.014170
OPCODE	DE84	13312	0.014166
OPCODE	16F4	13312	0.014166
OPCODE	1CD4	13312	0.014166
OPCODE	0C6E	13231	0.014080
OPCODE	600E	13197	0.014043
OPCODE	2654	13177	0.014022
OPCODE	275F	13131	0.013973
OPCODE	E819	13104	0.013944
OPCODE	C082	13102	0.013942
OPCODE	4247	13065	0.013903
OPCODE	4227	13027	0.013862
OPCODE	7802	13026	0.013861
OPCODE	60EA	12961	0.013792
OPCODE	4869	12915	0.013743
OPCODE	2341	12876	0.013702
OPCODE	41F3	12875	0.013701
OPCODE	22C1	12829	0.013652
OPCODE	1212	12821	0.013643
OPCODE	2453	12789	0.013609
OPCODE	B069	12787	0.013607
OPCODE	4EFA	12740	0.013557
OPCODE	2290	12724	0.013540
OPCODE	4486	12690	0.013504
OPCODE	A874	12690	0.013504
OPCODE	672A	12663	0.013475
OPCODE	220B	12634	0.013444
OPCODE	6F58	12600	0.013408
OPCODE	3A2E	12586	0.013393
OPCODE	BF80	12556	0.013361
OPCODE	4AA8	12553	0.013358
OPCODE	6A18	12537	0.013341
OPCODE	4207	12535	0.013339
OPCODE	D684	12508	0.013310
OPCODE	43F8	12400	0.013195
OPCODE	43F0	12372	0.013165
OPCODE	F4F8	12346	0.013138
OPCODE	B21A	12336	0.013127
OPCODE	10C1	12328	0.013119
OPCODE	4844	12297	0.013086
OPCODE	BBC9	12291	0.013079
OPCODE	4487	12288	0.013076
OPCODE	4485	12288	0.013076
OPCODE	38C0	12288	0.013076
OPCODE	3D5C	12223	0.013007
OPCODE	6014	12204	0.012987
OPCODE	0828	12172	0.012953
OPCODE	0829	12070	0.012844
OPCODE	A029	12052	0.012825
OPCODE	C081	11958	0.012725
OPCODE	0201	11912	0.012676
OPCODE	584C	11907	0.012671
OPCODE	A02A	11856	0.012616
OPCODE	302B	11818	0.012576
OPCODE	700A	11812	0.012570
OPCODE	0C46	11733	0.012485
OPCODE	B7D6	11712	0.012463
OPCODE	D0FC	11663	0.012411
OPCODE	6D02	11638	0.012384
OPCODE	4AAE	11629	0.012375
OPCODE	2468	11617	0.012362
OPCODE	7004	11591	0.012334
OPCODE	B091	11567	0.012309
OPCODE	6E0A	11542	0.012282
OPCODE	3019	11454	0.012189
OPCODE	2253	11393	0.012124
OPCODE	5342	11391	0.012122
OPCODE	222E	11364	0.012093
OPCODE	21EF	11362	0.012091
OPCODE	1003	11338	0.012065
OPCODE	5540	11324	0.012050
OPCODE	7C00	11244	0.011965
OPCODE	2855	11167	0.011883
OPCODE	6B16	11162	0.011878
OPCODE	B181	11118	0.011831
OPCODE	202A	11081	0.011792
OPCODE	5C4F	11077	0.011787
OPCODE	74FF	11056	0.011765
OPCODE	2640	11036	0.011744
OPCODE	3D43	11030	0.011737
OPCODE	CF45	10993	0.011698
OPCODE	B050	10975	0.011679
OPCODE	601C	10964	0.011667
OPCODE	2032	10906	0.011605
OPCODE	362E	10902	0.011601
OPCODE	6A2E	10881	0.011579
OPCODE	226C	10871	0.011568
OPCODE	1D7C	10867	0.011564
OPCODE	B2B0	10864	0.011561
OPCODE	4442	10845	0.011540
OPCODE	50EE	10839	0.011534
OPCODE	E9D1	10834	0.011529
OPCODE	6772	10829	0.011523
OPCODE	2230	10828	0.011522
OPCODE	60A2	10815	0.011509
OPCODE	2272	10815	0.011509
OPCODE	B231	10815	0.011509
OPCODE	B005	10794	0.011486
OPCODE	45FA	10766	0.011456
OPCODE	41EA	10751	0.011440
OPCODE	242E	10740	0.011429
OPCODE	266C	10712	0.011399
OPCODE	BBCB	10682	0.011367
OPCODE	640A	10675	0.011360
OPCODE	D1EB	10674	0.011359
OPCODE	78FF	10627	0.011309
OPCODE	6626	10555	0.011232
OPCODE	3010	10553	0.011230
OPCODE	202F	10546	0.011222
OPCODE	B2A9	10523	0.011198
OPCODE	2209	10464	0.011135
OPCODE	3C2E	10458	0.011129
OPCODE	2014	10440	0.011110
OPCODE	243C	10429	0.011098
OPCODE	46C0	10378	0.011044
OPCODE	B1CB	10360	0.011024
OPCODE	D7D3	10355	0.011019
OPCODE	4A01	10344	0.011007
OPCODE	7009	10297	0.010957
OPCODE	3628	10249	0.010906
OPCODE	6012	10209	0.010864
OPCODE	2F0F	10167	0.010819
OPCODE	2270	10153	0.010804
OPCODE	819D	10056	0.010701
OPCODE	7401	10055	0.010700
OPCODE	67F2	10024	0.010667
OPCODE	E048	9992	0.010633
OPCODE	3001	9903	0.010538
OPCODE	3002	9858	0.010490
OPCODE	3E29	9855	0.010487
OPCODE	335A	9853	0.010485
OPCODE	6CEC	9853	0.010485
OPCODE	3352	9845	0.010476
OPCODE	234A	9842	0.010473
OPCODE	9452	9841	0.010472
OPCODE	3C29	9841	0.010472
OPCODE	4A07	9823	0.010453
OPCODE	B093	9817	0.010447
OPCODE	302D	9777	0.010404
OPCODE	3043	9753	0.010378
OPCODE	6648	9741	0.010366
OPCODE	2481	9740	0.010365
OPCODE	E24D	9740	0.010365
OPCODE	3229	9697	0.010319
OPCODE	6C48	9689	0.010310
OPCODE	7007	9663	0.010283
OPCODE	AAA2	9593	0.010208
OPCODE	4AAD	9580	0.010194
OPCODE	6E00	9565	0.010178
OPCODE	6C12	9457	0.010063
OPCODE	4A53	9423	0.010027
OPCODE	D4C7	9423	0.010027
OPCODE	24D8	9410	0.010013
OPCODE	4250	9394	0.009996
OPCODE	B0AD	9336	0.009935
OPCODE	4A6D	9322	0.009920
OPCODE	1D47	9295	0.009891
OPCODE	DC93	9282	0.009877
OPCODE	30C2	9233	0.009825
OPCODE	30C1	9202	0.009792
OPCODE	6022	9178	0.009767
OPCODE	D9CA	9110	0.009694
OPCODE	DBCB	9110	0.009694
OPCODE	606A	9095	0.009678
OPCODE	34D8	9087	0.009670
OPCODE	7220	9082	0.009664
OPCODE	2080	9034	0.009613
OPCODE	6F3A	8937	0.009510
OPCODE	4CAE	8933	0.009506
OPCODE	E980	8874	0.009443
OPCODE	2140	8841	0.009408
OPCODE	E9D3	8817	0.009382
OPCODE	6638	8803	0.009368
OPCODE	42A8	8792	0.009356
OPCODE	F4E9	8774	0.009337
OPCODE	D087	8743	0.009304
OPCODE	D9C1	8684	0.009241
OPCODE	D0AC	8677	0.009233
OPCODE	6400	8599	0.009150
OPCODE	7008	8599	0.009150
OPCODE	2F28	8583	0.009133
OPCODE	202D	8573	0.009123
OPCODE	663C	8568	0.009117
OPCODE	5C40	8518	0.009064
OPCODE	720F	8515	0.009061
OPCODE	2D4A	8506	0.009051
OPCODE	31FC	8459	0.009001
OPCODE	7040	8457	0.008999
OPCODE	DEC0	8456	0.008998
OPCODE	B2FC	8447	0.008989
OPCODE	3F01	8444	0.008986
OPCODE	2171	8422	0.008962
OPCODE	0C69	8422	0.008962
OPCODE	2E6E	8421	0.008961
OPCODE	6A04	8420	0.008960
OPCODE	30B1	8418	0.008958
OPCODE	08E9	8414	0.008954
OPCODE	30C3	8414	0.008954
OPCODE	30C4	8406	0.008945
OPCODE	6642	8403	0.008942
OPCODE	6F1A	8391	0.008929
OPCODE	B052	8352	0.008888
OPCODE	336E	8340	0.008875
OPCODE	47F2	8338	0.008873
OPCODE	4853	8338	0.008873
OPCODE	6A3A	8338	0.008873
OPCODE	9081	8328	0.008862
OPCODE	20D9	8298	0.008830
OPCODE	08A9	8288	0.008820
OPCODE	5180	8199	0.008725
OPCODE	4E7A	8185	0.008710
OPCODE	C210	8178	0.008702
OPCODE	B068	8154	0.008677
OPCODE	5368	8139	0.008661
OPCODE	B051	8101	0.008621
OPCODE	3610	8097	0.008616
OPCODE	60F2	8086	0.008605
OPCODE	671E	8026	0.008541
OPCODE	1013	8013	0.008527
OPCODE	6C10	8007	0.008520
OPCODE	AA97	8005	0.008518
OPCODE	81C5	8004	0.008517
OPCODE	7E00	8004	0.008517
OPCODE	2A07	7970	0.008481
OPCODE	201A	7955	0.008465
OPCODE	2D44	7940	0.008449
OPCODE	7201	7908	0.008415
OPCODE	3238	7904	0.008411
OPCODE	B0FC	7878	0.008383
OPCODE	B8B8	7844	0.008347
OPCODE	5297	7844	0.008347
OPCODE	2831	7844	0.008347
OPCODE	6A16	7821	0.008323
OPCODE	3F06	7720	0.008215
OPCODE	6752	7692	0.008185
OPCODE	20FB	7688	0.008181
OPCODE	6726	7661	0.008152
OPCODE	D1C0	7627	0.008116
OPCODE	0243	7625	0.008114
OPCODE	3828	7604	0.008092
OPCODE	60BC	7586	0.008072
OPCODE	3408	7547	0.008031
OPCODE	6446	7510	0.007992
OPCODE	41E8	7493	0.007974
OPCODE	56CB	7490	0.007970
OPCODE	56CA	7479	0.007959
OPCODE	43EB	7473	0.007952
OPCODE	6D34	7471	0.007950
OPCODE	C004	7471	0.007950
OPCODE	244B	7406	0.007881
OPCODE	4A2D	7393	0.007867
OPCODE	6A02	7362	0.007834
OPCODE	9251	7336	0.007806
OPCODE	3D7C	7321	0.007790
OPCODE	5448	7317	0.007786
OPCODE	2940	7317	0.007786
OPCODE	2043	7297	0.007765
OPCODE	D282	7282	0.007749
OPCODE	6088	7279	0.007746
OPCODE	6628	7270	0.007736
OPCODE	08E8	7247	0.007712
OPCODE	2F2F	7234	0.007698
OPCODE	4A5F	7183	0.007644
OPCODE	508F	7176	0.007636
OPCODE	1CEC	7168	0.007628
OPCODE	9EC0	7154	0.007613
OPCODE	3099	7153	0.007612
OPCODE	662E	7141	0.007599
OPCODE	6A44	7135	0.007593
OPCODE	2004	7116	0.007572
OPCODE	B7FC	7115	0.007571
OPCODE	1D42	7115	0.007571
OPCODE	60C8	7089	0.007544
OPCODE	6B2A	7059	0.007512
OPCODE	B099	7020	0.007470
OPCODE	E088	7001	0.007450
OPCODE	6A34	6999	0.007448
OPCODE	6636	6978	0.007425
OPCODE	D7CE	6970	0.007417
OPCODE	1140	6968	0.007415
OPCODE	12C0	6962	0.007408
OPCODE	7006	6961	0.007407
OPCODE	6A22	6926	0.007370
OPCODE	DC83	6912	0.007355
OPCODE	D002	6912	0.007355
OPCODE	740F	6908	0.007351
OPCODE	3F02	6877	0.007318
OPCODE	C284	6859	0.007299
OPCODE	D281	6859	0.007299
OPCODE	6D1C	6858	0.007298
OPCODE	D243	6857	0.007297
OPCODE	429A	6818	0.007255
OPCODE	220F	6797	0.007233
OPCODE	B06C	6787	0.007222
OPCODE	2E41	6770	0.007204
OPCODE	6C08	6763	0.007197
OPCODE	4403	6754	0.007187
OPCODE	DFC0	6751	0.007184
OPCODE	2600	6748	0.007181
OPCODE	584B	6663	0.007090
OPCODE	57C3	6603	0.007026
OPCODE	6634	6603	0.007026
OPCODE	6B12	6582	0.007004
OPCODE	4878	6582	0.007004
OPCODE	E149	6573	0.006995
OPCODE	65A6	6572	0.006993
OPCODE	2C00	6571	0.006992
OPCODE	342A	6559	0.006980
OPCODE	0802	6557	0.006977
OPCODE	6632	6548	0.006968
OPCODE	7010	6526	0.006945
OPCODE	0680	6523	0.006941
OPCODE	57C0	6491	0.006907
OPCODE	2031	6490	0.006906
OPCODE	3D5F	6475	0.006890
OPCODE	6746	6475	0.006890
OPCODE	41F9	6474	0.006889
OPCODE	3232	6471	0.006886
OPCODE	6616	6467	0.006882
OPCODE	DAC8	6465	0.006880
OPCODE	D8C8	6465	0.006880
OPCODE	2D45	6447	0.006860
OPCODE	0647	6446	0.006859
OPCODE	43FB	6443	0.006856
OPCODE	0C45	6440	0.006853
OPCODE	207A	6440	0.006853
OPCODE	260C	6435	0.006848
OPCODE	B070	6434	0.006847
OPCODE	4A41	6426	0.006838
OPCODE	2D4D	6415	0.006826
OPCODE	2238	6406	0.006817
OPCODE	A049	6399	0.006809
OPCODE	2C2A	6392	0.006802
OPCODE	DC43	6389	0.006799
OPCODE	08AA	6364	0.006772
OPCODE	0245	6364	0.006772
OPCODE	61DC	6363	0.006771
OPCODE	2D6D	6362	0.006770
OPCODE	1F00	6359	0.006767
OPCODE	2450	6354	0.006761
OPCODE	6BD2	6347	0.006754
OPCODE	43F9	6339	0.006746
OPCODE	2E2A	6320	0.006725
OPCODE	2806	6318	0.006723
OPCODE	1141	6316	0.006721
OPCODE	1EBC	6316	0.006721
OPCODE	2455	6314	0.006719
OPCODE	3A03	6308	0.006713
OPCODE	5BEE	6307	0.006711
OPCODE	8641	6307	0.006711
OPCODE	B741	6307	0.006711
OPCODE	3D42	6306	0.006710
OPCODE	3F7A	6302	0.006706
OPCODE	4A52	6298	0.006702
OPCODE	6D7A	6293	0.006697
OPCODE	303A	6287	0.006690
OPCODE	2A81	6287	0.006690
OPCODE	675A	6287	0.006690
OPCODE	5D43	6287	0.006690
OPCODE	62EC	6286	0.006689
OPCODE	6E6E	6286	0.006689
OPCODE	70FC	6285	0.006688
OPCODE	C195	6285	0.006688
OPCODE	7012	6281	0.006684
OPCODE	676A	6280	0.006683
OPCODE	4254	6280	0.006683
OPCODE	1178	6279	0.006682
OPCODE	B054	6278	0.006681
OPCODE	4A54	6275	0.006677
OPCODE	1D5F	6272	0.006674
OPCODE	C078	6270	0.006672
OPCODE	1F05	6268	0.006670
OPCODE	D8FC	6267	0.006669
OPCODE	E359	6265	0.006667
OPCODE	677E	6263	0.006665
OPCODE	103A	6262	0.006664
OPCODE	28C1	6260	0.006661
OPCODE	261A	6260	0.006661
OPCODE	D0A9	6256	0.006657
OPCODE	5543	6249	0.006650
OPCODE	2034	6189	0.006586
OPCODE	7800	6175	0.006571
OPCODE	0C01	6162	0.006557
OPCODE	2800	6156	0.006551
OPCODE	67DC	6149	0.006543
OPCODE	6D26	6149	0.006543
OPCODE	9069	6136	0.006530
OPCODE	4EF0	6130	0.006523
OPCODE	D444	6107	0.006499
OPCODE	38BC	6103	0.006494
OPCODE	C447	6096	0.006487
OPCODE	EFC6	6096	0.006487
OPCODE	E9C5	6096	0.006487
OPCODE	4400	6093	0.006484
OPCODE	43EF	6068	0.006457
OPCODE	C0A9	6047	0.006435
OPCODE	4210	6044	0.006432
OPCODE	5278	6032	0.006419
OPCODE	5378	6031	0.006418
OPCODE	2D78	6022	0.006408
OPCODE	3006	6021	0.006407
OPCODE	1D40	6020	0.006406
OPCODE	9651	6010	0.006395
OPCODE	9459	6010	0.006395
OPCODE	B3C8	5966	0.006349
OPCODE	2C56	5965	0.006348
OPCODE	6416	5961	0.006343
OPCODE	0C51	5947	0.006328
OPCODE	0C47	5928	0.006308
OPCODE	6054	5895	0.006273
OPCODE	3E2E	5883	0.006260
OPCODE	C280	5880	0.006257
OPCODE	A055	5876	0.006253
OPCODE	C247	5867	0.006243
OPCODE	4A29	5860	0.006236
OPCODE	4A85	5817	0.006190
OPCODE	3080	5797	0.006169
OPCODE	2C5F	5780	0.006151
OPCODE	2F0E	5780	0.006151
OPCODE	6010	5777	0.006147
OPCODE	661E	5774	0.006144
OPCODE	6B04	5773	0.006143
OPCODE	6F0C	5695	0.006060
OPCODE	2F29	5684	0.006049
OPCODE	2D6E	5655	0.006018
OPCODE	936E	5634	0.005995
OPCODE	4845	5616	0.005976
OPCODE	4846	5613	0.005973
OPCODE	5141	5605	0.005964
OPCODE	B440	5602	0.005961
OPCODE	4E91	5595	0.005954
OPCODE	2440	5586	0.005944
OPCODE	4A87	5537	0.005892
OPCODE	664C	5532	0.005887
OPCODE	5242	5472	0.005823
OPCODE	B085	5453	0.005803
OPCODE	4AAC	5447	0.005796
OPCODE	C440	5434	0.005782
OPCODE	0285	5397	0.005743
OPCODE	E88D	5396	0.005742
OPCODE	1A14	5396	0.005742
OPCODE	2F06	5391	0.005737
OPCODE	41E9	5386	0.005731
OPCODE	6B50	5376	0.005721
OPCODE	60B0	5371	0.005715
OPCODE	6B10	5340	0.005682
OPCODE	D480	5309	0.005649
OPCODE	103B	5251	0.005588
OPCODE	906E	5224	0.005559
OPCODE	2242	5222	0.005557
OPCODE	48AE	5220	0.005555
OPCODE	422B	5217	0.005552
OPCODE	2412	5191	0.005524
OPCODE	6612	5186	0.005519
OPCODE	675C	5180	0.005512
OPCODE	7202	5177	0.005509
OPCODE	6A0C	5172	0.005504
OPCODE	08C0	5167	0.005498
OPCODE	4A94	5153	0.005483
OPCODE	672C	5143	0.005473
OPCODE	4A83	5139	0.005469
OPCODE	2D68	5098	0.005425
OPCODE	D010	5092	0.005419
OPCODE	4A2B	5090	0.005416
OPCODE	49EE	5088	0.005414
OPCODE	08EB	5084	0.005410
OPCODE	2442	5084	0.005410
OPCODE	11A9	5082	0.005408
OPCODE	0A11	5082	0.005408
OPCODE	7230	5082	0.005408
OPCODE	B311	5082	0.005408
OPCODE	4645	5039	0.005362
OPCODE	66FF	5037	0.005360
OPCODE	B388	5026	0.005348
OPCODE	6B1E	4991	0.005311
OPCODE	422C	4987	0.005307
OPCODE	3141	4962	0.005280
OPCODE	294B	4911	0.005226
OPCODE	0CAE	4865	0.005177
OPCODE	32FC	4844	0.005155
OPCODE	2653	4838	0.005148
OPCODE	122B	4836	0.005146
OPCODE	95CA	4830	0.005140
OPCODE	946E	4829	0.005139
OPCODE	265F	4811	0.005120
OPCODE	6744	4810	0.005118
OPCODE	2029	4800	0.005108
OPCODE	4A2A	4795	0.005103
OPCODE	5848	4785	0.005092
OPCODE	56EE	4773	0.005079
OPCODE	74F4	4767	0.005073
OPCODE	2A09	4758	0.005063
OPCODE	5244	4756	0.005061
OPCODE	3D44	4751	0.005056
OPCODE	486A	4731	0.005034
OPCODE	6E04	4686	0.004987
OPCODE	226D	4670	0.004969
OPCODE	D9C0	4663	0.004962
OPCODE	6B06	4652	0.004950
OPCODE	2255	4648	0.004946
OPCODE	674A	4641	0.004939
OPCODE	101F	4629	0.004926
OPCODE	D881	4610	0.004906
OPCODE	D16E	4573	0.004866
OPCODE	6EC6	4559	0.004851
OPCODE	66D6	4526	0.004816
OPCODE	2A08	4507	0.004796
OPCODE	43FA	4495	0.004783
OPCODE	382E	4489	0.004777
OPCODE	3E00	4481	0.004768
OPCODE	E448	4460	0.004746
OPCODE	8481	4428	0.004712
OPCODE	337C	4426	0.004710
OPCODE	74FC	4426	0.004710
OPCODE	9288	4426	0.004710
OPCODE	7420	4422	0.004706
OPCODE	4243	4412	0.004695
OPCODE	5544	4398	0.004680
OPCODE	6FCA	4396	0.004678
OPCODE	2F17	4393	0.004675
OPCODE	7210	4381	0.004662
OPCODE	9090	4371	0.004651
OPCODE	B5C8	4361	0.004641
OPCODE	6630	4356	0.004635
OPCODE	4241	4341	0.004619
OPCODE	7003	4333	0.004611
OPCODE	6506	4325	0.004602
OPCODE	E44A	4302	0.004578
OPCODE	2F03	4282	0.004557
OPCODE	2601	4258	0.004531
OPCODE	673C	4226	0.004497
OPCODE	0C81	4218	0.004488
OPCODE	2650	4185	0.004453
OPCODE	544F	4183	0.004451
OPCODE	3230	4178	0.004446
OPCODE	D081	4166	0.004433
OPCODE	377C	4162	0.004429
OPCODE	F569	4140	0.004405
OPCODE	3409	4140	0.004405
OPCODE	D0C2	4135	0.004400
OPCODE	536E	4127	0.004392
OPCODE	6104	4104	0.004367
OPCODE	2053	4101	0.004364
OPCODE	6300	4086	0.004348
OPCODE	2243	4086	0.004348
OPCODE	C644	4084	0.004346
OPCODE	C445	4084	0.004346
OPCODE	BB42	4084	0.004346
OPCODE	E842	4084	0.004346
OPCODE	8642	4084	0.004346
OPCODE	30C0	4075	0.004336
OPCODE	4A45	4074	0.004335
OPCODE	5181	4047	0.004307
OPCODE	0210	4047	0.004307
OPCODE	8310	4047	0.004307
OPCODE	3A04	4039	0.004298
OPCODE	43EC	4034	0.004293
OPCODE	D441	4027	0.004285
OPCODE	383C	4022	0.004280
OPCODE	91AE	4017	0.004275
OPCODE	B544	4017	0.004275
OPCODE	7405	4017	0.004275
OPCODE	E449	4014	0.004271
OPCODE	B9CB	4004	0.004261
OPCODE	3C1F	3985	0.004241
OPCODE	6624	3982	0.004237
OPCODE	2449	3975	0.004230
OPCODE	235F	3971	0.004226
OPCODE	A893	3963	0.004217
OPCODE	1006	3949	0.004202
OPCODE	2428	3931	0.004183
OPCODE	7204	3918	0.004169
OPCODE	9053	3903	0.004153
OPCODE	6900	3878	0.004127
OPCODE	0640	3871	0.004119
OPCODE	246D	3855	0.004102
OPCODE	48C7	3855	0.004102
OPCODE	E84A	3850	0.004097
OPCODE	D2AE	3849	0.004096
OPCODE	E198	3848	0.004095
OPCODE	EA81	3846	0.004093
OPCODE	1400	3844	0.004091
OPCODE	2747	3843	0.004089
OPCODE	2C2B	3840	0.004086
OPCODE	0280	3839	0.004085
OPCODE	2E2F	3839	0.004085
OPCODE	B444	3831	0.004077
OPCODE	2A4B	3831	0.004077
OPCODE	D66D	3831	0.004077
OPCODE	D86D	3831	0.004077
OPCODE	322F	3826	0.004071
OPCODE	67F8	3825	0.004070
OPCODE	A891	3815	0.004060
OPCODE	2D6B	3815	0.004060
OPCODE	21DF	3799	0.004043
OPCODE	1019	3794	0.004037
OPCODE	6672	3789	0.004032
OPCODE	261F	3775	0.004017
OPCODE	4A93	3753	0.003994
OPCODE	C14D	3752	0.003993
OPCODE	2052	3741	0.003981
OPCODE	486C	3729	0.003968
OPCODE	D086	3729	0.003968
OPCODE	A025	3729	0.003968
OPCODE	0C28	3721	0.003960
OPCODE	0807	3718	0.003956
OPCODE	226B	3718	0.003956
OPCODE	0C53	3717	0.003955
OPCODE	B098	3715	0.003953
OPCODE	C4B8	3711	0.003949
OPCODE	6EF8	3711	0.003949
OPCODE	BB9B	3703	0.003940
OPCODE	D280	3691	0.003928
OPCODE	422D	3690	0.003927
OPCODE	2D7C	3681	0.003917
OPCODE	2D47	3677	0.003913
OPCODE	303B	3670	0.003905
OPCODE	E288	3669	0.003904
OPCODE	1480	3664	0.003899
OPCODE	268C	3626	0.003859
OPCODE	61BC	3621	0.003853
OPCODE	916E	3614	0.003846
OPCODE	BA47	3614	0.003846
OPCODE	6A0A	3610	0.003842
OPCODE	4E54	3592	0.003822
OPCODE	4E5C	3592	0.003822
OPCODE	60E2	3586	0.003816
OPCODE	6664	3574	0.003803
OPCODE	D359	3553	0.003781
OPCODE	D159	3553	0.003781
OPCODE	2241	3549	0.003777
OPCODE	1F11	3543	0.003770
OPCODE	61B0	3542	0.003769
OPCODE	6028	3542	0.003769
OPCODE	129F	3542	0.003769
OPCODE	A024	3541	0.003768
OPCODE	6D08	3539	0.003766
OPCODE	B094	3525	0.003751
OPCODE	027C	3520	0.003746
OPCODE	20C1	3520	0.003746
OPCODE	6402	3515	0.003740
OPCODE	66E8	3508	0.003733
OPCODE	137C	3489	0.003713
OPCODE	48C3	3482	0.003705
OPCODE	382A	3480	0.003703
OPCODE	102B	3460	0.003682
OPCODE	9641	3459	0.003681
OPCODE	2802	3456	0.003678
OPCODE	700C	3451	0.003672
OPCODE	A02E	3449	0.003670
OPCODE	66A8	3445	0.003666
OPCODE	B26E	3439	0.003660
OPCODE	1940	3433	0.003653
OPCODE	2431	3430	0.003650
OPCODE	0882	3417	0.003636
OPCODE	4246	3416	0.003635
OPCODE	610A	3404	0.003622
OPCODE	602C	3402	0.003620
OPCODE	6B0E	3399	0.003617
OPCODE	362C	3398	0.003616
OPCODE	2E80	3394	0.003612
OPCODE	21EE	3374	0.003590
OPCODE	6640	3368	0.003584
OPCODE	6F16	3366	0.003582
OPCODE	6754	3360	0.003575
OPCODE	6112	3358	0.003573
OPCODE	D094	3356	0.003571
OPCODE	2D70	3342	0.003556
OPCODE	B681	3339	0.003553
OPCODE	4847	3337	0.003551
OPCODE	2B40	3323	0.003536
OPCODE	C094	3321	0.003534
OPCODE	6200	3320	0.003533
OPCODE	4205	3312	0.003524
OPCODE	6D0E	3309	0.003521
OPCODE	3D46	3307	0.003519
OPCODE	2E38	3305	0.003517
OPCODE	5C53	3305	0.003517
OPCODE	6F3E	3296	0.003507
OPCODE	61EE	3289	0.003500
OPCODE	22FB	3288	0.003499
OPCODE	6030	3288	0.003499
OPCODE	422F	3272	0.003482
OPCODE	5D4F	3270	0.003480
OPCODE	3F40	3268	0.003478
OPCODE	B478	3266	0.003475
OPCODE	2655	3264	0.003473
OPCODE	A8E2	3262	0.003471
OPCODE	720C	3261	0.003470
OPCODE	6038	3258	0.003467
OPCODE	70E4	3255	0.003464
OPCODE	E542	3255	0.003464
OPCODE	4EB2	3255	0.003464
OPCODE	0929	3255	0.003464
OPCODE	1E03	3251	0.003459
OPCODE	8594	3250	0.003458
OPCODE	208B	3246	0.003454
OPCODE	B5CC	3236	0.003444
OPCODE	5740	3232	0.003439
OPCODE	70FE	3228	0.003435
OPCODE	1C2E	3225	0.003432
OPCODE	2D54	3224	0.003431
OPCODE	1014	3224	0.003431
OPCODE	E888	3219	0.003425
OPCODE	630A	3218	0.003424
OPCODE	61DA	3212	0.003418
OPCODE	66D0	3212	0.003418
OPCODE	665A	3211	0.003417
OPCODE	3E2A	3211	0.003417
OPCODE	701E	3208	0.003414
OPCODE	526C	3208	0.003414
OPCODE	522E	3204	0.003409
OPCODE	4A04	3198	0.003403
OPCODE	61E2	3198	0.003403
OPCODE	102D	3197	0.003402
OPCODE	70EF	3186	0.003390
OPCODE	B252	3186	0.003390
OPCODE	6610	3185	0.003389
OPCODE	A204	3184	0.003388
OPCODE	6A12	3182	0.003386
OPCODE	E540	3182	0.003386
OPCODE	4204	3181	0.003385
OPCODE	7041	3179	0.003383
OPCODE	4EAD	3179	0.003383
OPCODE	30E9	3178	0.003382
OPCODE	426F	3177	0.003381
OPCODE	6650	3174	0.003378
OPCODE	B3F8	3174	0.003378
OPCODE	0C44	3173	0.003376
OPCODE	676C	3169	0.003372
OPCODE	536C	3168	0.003371
OPCODE	22B8	3166	0.003369
OPCODE	703C	3166	0.003369
OPCODE	D7CC	3166	0.003369
OPCODE	2F7A	3162	0.003365
OPCODE	247A	3161	0.003364
OPCODE	A01C	3161	0.003364
OPCODE	276E	3158	0.003361
OPCODE	21EB	3157	0.003359
OPCODE	296A	3157	0.003359
OPCODE	2F6C	3157	0.003359
OPCODE	9091	3157	0.003359
OPCODE	4A02	3154	0.003356
OPCODE	B9DF	3153	0.003355
OPCODE	3A38	3152	0.003354
OPCODE	7240	3152	0.003354
OPCODE	BE46	3151	0.003353
OPCODE	5C8F	3149	0.003351
OPCODE	1A2E	3147	0.003349
OPCODE	4870	3145	0.003347
OPCODE	6678	3145	0.003347
OPCODE	E358	3144	0.003346
OPCODE	E940	3144	0.003346
OPCODE	1969	3142	0.003343
OPCODE	0254	3142	0.003343
OPCODE	1978	3142	0.003343
OPCODE	3146	3142	0.003343
OPCODE	A970	3142	0.003343
OPCODE	287A	3142	0.003343
OPCODE	2638	3141	0.003342
OPCODE	721A	3139	0.003340
OPCODE	9CAA	3139	0.003340
OPCODE	A871	3137	0.003338
OPCODE	4A97	3136	0.003337
OPCODE	143A	3134	0.003335
OPCODE	A97F	3134	0.003335
OPCODE	0C59	3134	0.003335
OPCODE	633C	3134	0.003335
OPCODE	2851	3134	0.003335
OPCODE	A8AE	3134	0.003335
OPCODE	6D16	3134	0.003335
OPCODE	C038	3134	0.003335
OPCODE	A030	3133	0.003334
OPCODE	A031	3132	0.003333
OPCODE	6E5A	3132	0.003333
OPCODE	A9B4	3131	0.003332
OPCODE	60FA	3131	0.003332
OPCODE	ABF7	3131	0.003332
OPCODE	227B	3131	0.003332
OPCODE	A0DD	3131	0.003332
OPCODE	3412	3130	0.003331
OPCODE	A972	3128	0.003329
OPCODE	60B6	3128	0.003329
OPCODE	3638	3128	0.003329
OPCODE	6E3A	3128	0.003329
OPCODE	1A07	3128	0.003329
OPCODE	50D0	3128	0.003329
OPCODE	51D0	3128	0.003329
OPCODE	6F48	3127	0.003328
OPCODE	A911	3125	0.003325
OPCODE	6518	3125	0.003325
OPCODE	4293	3124	0.003324
OPCODE	3083	3124	0.003324
OPCODE	6F8A	3124	0.003324
OPCODE	A980	3124	0.003324
OPCODE	67B2	3123	0.003323
OPCODE	B7C9	3111	0.003311
OPCODE	6212	3110	0.003309
OPCODE	B9ED	3101	0.003300
OPCODE	D3C0	3096	0.003295
OPCODE	8041	3084	0.003282
OPCODE	926E	3070	0.003267
OPCODE	2483	3066	0.003263
OPCODE	1418	3064	0.003260
OPCODE	3E10	3061	0.003257
OPCODE	6A10	3050	0.003246
OPCODE	42AA	3047	0.003242
OPCODE	41F0	3046	0.003241
OPCODE	56C9	3046	0.003241
OPCODE	B189	3030	0.003224
OPCODE	43ED	3028	0.003222
OPCODE	2B49	3026	0.003220
OPCODE	21F8	3023	0.003217
OPCODE	62D8	2984	0.003175
OPCODE	1029	2974	0.003165
OPCODE	2AF4	2970	0.003160
OPCODE	366E	2951	0.003140
OPCODE	1601	2951	0.003140
OPCODE	6168	2934	0.003122
OPCODE	B1CA	2927	0.003115
OPCODE	65D4	2923	0.003110
OPCODE	4269	2912	0.003099
OPCODE	321F	2871	0.003055
OPCODE	322C	2863	0.003047
OPCODE	4E92	2831	0.003013
OPCODE	6406	2828	0.003009
OPCODE	B46E	2826	0.003007
OPCODE	301B	2824	0.003005
OPCODE	266B	2812	0.002992
OPCODE	4218	2806	0.002986
OPCODE	4A84	2777	0.002955
OPCODE	4A12	2755	0.002932
OPCODE	2854	2741	0.002917
OPCODE	0CAD	2728	0.002903
OPCODE	60D4	2719	0.002893
OPCODE	0286	2716	0.002890
OPCODE	1D78	2700	0.002873
OPCODE	2089	2690	0.002863
OPCODE	E280	2689	0.002861
OPCODE	302C	2689	0.002861
OPCODE	5346	2676	0.002848
OPCODE	2618	2659	0.002830
OPCODE	022B	2654	0.002824
OPCODE	486F	2640	0.002809
OPCODE	3F05	2624	0.002792
OPCODE	6A08	2620	0.002788
OPCODE	2438	2620	0.002788
OPCODE	42B8	2606	0.002773
OPCODE	3140	2601	0.002768
OPCODE	002B	2601	0.002768
OPCODE	5246	2596	0.002762
OPCODE	5345	2596	0.002762
OPCODE	20EE	2594	0.002760
OPCODE	28C0	2586	0.002752
OPCODE	6170	2578	0.002743
OPCODE	2288	2571	0.002736
OPCODE	1229	2562	0.002726
OPCODE	1743	2559	0.002723
OPCODE	162B	2549	0.002712
OPCODE	6794	2549	0.002712
OPCODE	221A	2548	0.002711
OPCODE	6126	2547	0.002710
OPCODE	08AB	2545	0.002708
OPCODE	6A4E	2542	0.002705
OPCODE	E90B	2541	0.002704
OPCODE	1343	2541	0.002704
OPCODE	176B	2541	0.002704
OPCODE	C12B	2541	0.002704
OPCODE	C211	2541	0.002704
OPCODE	1741	2541	0.002704
OPCODE	C600	2541	0.002704
OPCODE	0029	2541	0.002704
OPCODE	0003	2541	0.002704
OPCODE	617A	2541	0.002704
OPCODE	4483	2541	0.002704
OPCODE	0211	2541	0.002704
OPCODE	7640	2541	0.002704
OPCODE	E809	2541	0.002704
OPCODE	9043	2530	0.002692
OPCODE	396C	2520	0.002682
OPCODE	4441	2501	0.002661
OPCODE	7080	2496	0.002656
OPCODE	8029	2496	0.002656
OPCODE	2488	2484	0.002643
OPCODE	264A	2484	0.002643
OPCODE	1232	2484	0.002643
OPCODE	28C4	2480	0.002639
OPCODE	2AC1	2480	0.002639
OPCODE	8287	2480	0.002639
OPCODE	0686	2480	0.002639
OPCODE	E9D2	2480	0.002639
OPCODE	CE81	2480	0.002639
OPCODE	2815	2480	0.002639
OPCODE	0642	2467	0.002625
OPCODE	2145	2458	0.002616
OPCODE	4440	2456	0.002614
OPCODE	6162	2446	0.002603
OPCODE	B0AE	2434	0.002590
OPCODE	EA46	2434	0.002590
OPCODE	D9C6	2416	0.002571
OPCODE	C343	2416	0.002571
OPCODE	1030	2416	0.002571
OPCODE	E881	2414	0.002569
OPCODE	1830	2406	0.002560
OPCODE	1630	2404	0.002558
OPCODE	2C14	2400	0.002554
OPCODE	C481	2389	0.002542
OPCODE	0284	2389	0.002542
OPCODE	B202	2384	0.002537
OPCODE	E499	2377	0.002529
OPCODE	526E	2368	0.002520
OPCODE	D080	2368	0.002520
OPCODE	B084	2366	0.002518
OPCODE	E88C	2361	0.002512
OPCODE	B9D0	2360	0.002511
OPCODE	1814	2358	0.002509
OPCODE	D1C2	2357	0.002508
OPCODE	B087	2348	0.002499
OPCODE	9481	2347	0.002498
OPCODE	2A00	2320	0.002469
OPCODE	4842	2313	0.002461
OPCODE	1958	2304	0.002452
OPCODE	66E6	2303	0.002451
OPCODE	C2FC	2296	0.002443
OPCODE	21C8	2291	0.002438
OPCODE	5280	2264	0.002409
OPCODE	1485	2242	0.002386
OPCODE	1A12	2242	0.002386
OPCODE	E9A9	2239	0.002383
OPCODE	9087	2234	0.002377
OPCODE	60DA	2231	0.002374
OPCODE	4A86	2228	0.002371
OPCODE	5880	2226	0.002369
OPCODE	1429	2221	0.002363
OPCODE	E999	2215	0.002357
OPCODE	D245	2215	0.002357
OPCODE	4481	2215	0.002357
OPCODE	227A	2213	0.002355
OPCODE	22AE	2210	0.002352
OPCODE	2401	2209	0.002351
OPCODE	3806	2204	0.002345
OPCODE	C544	2203	0.002344
OPCODE	3805	2189	0.002329
OPCODE	3819	2184	0.002324
OPCODE	9681	2184	0.002324
OPCODE	2A19	2184	0.002324
OPCODE	A193	2184	0.002324
OPCODE	E899	2184	0.002324
OPCODE	D981	2184	0.002324
OPCODE	9381	2184	0.002324
OPCODE	0685	2184	0.002324
OPCODE	4401	2184	0.002324
OPCODE	65E6	2181	0.002321
OPCODE	906B	2170	0.002309
OPCODE	2340	2169	0.002308
OPCODE	4ED5	2155	0.002293
OPCODE	3F04	2153	0.002291
OPCODE	7014	2149	0.002287
OPCODE	2F50	2122	0.002258
OPCODE	08AE	2114	0.002250
OPCODE	280A	2110	0.002245
OPCODE	360B	2110	0.002245
OPCODE	C099	2094	0.002228
OPCODE	D3C2	2091	0.002225
OPCODE	3368	2090	0.002224
OPCODE	2418	2088	0.002222
OPCODE	322D	2075	0.002208
OPCODE	90B8	2075	0.002208
OPCODE	E38E	2072	0.002205
OPCODE	9044	2069	0.002202
OPCODE	C1EE	2061	0.002193
OPCODE	D08F	2060	0.002192
OPCODE	4206	2058	0.002190
OPCODE	5DC0	2056	0.002188
OPCODE	906D	2054	0.002186
OPCODE	0480	2050	0.002181
OPCODE	2A6D	2043	0.002174
OPCODE	0200	2021	0.002151
OPCODE	CC6E	2011	0.002140
OPCODE	2411	2010	0.002139
OPCODE	0057	2007	0.002136
OPCODE	363C	2006	0.002135
OPCODE	DC6E	2006	0.002135
OPCODE	D2B1	1996	0.002124
OPCODE	D091	1988	0.002115
OPCODE	D3D1	1988	0.002115
OPCODE	926D	1982	0.002109
OPCODE	3818	1976	0.002103
OPCODE	1434	1974	0.002101
OPCODE	C3C0	1974	0.002101
OPCODE	4685	1972	0.002098
OPCODE	3012	1971	0.002097
OPCODE	3A06	1969	0.002095
OPCODE	D1C5	1962	0.002088
OPCODE	E589	1962	0.002088
OPCODE	DBC2	1962	0.002088
OPCODE	6CDC	1961	0.002087
OPCODE	EA89	1959	0.002085
OPCODE	4BEE	1952	0.002077
OPCODE	5381	1950	0.002075
OPCODE	60C0	1943	0.002068
OPCODE	E858	1941	0.002065
OPCODE	49C7	1941	0.002065
OPCODE	56C7	1941	0.002065
OPCODE	4A76	1941	0.002065
OPCODE	61C6	1940	0.002064
OPCODE	6328	1928	0.002052
OPCODE	BEAD	1928	0.002052
OPCODE	66DE	1923	0.002046
OPCODE	B044	1910	0.002032
OPCODE	2019	1905	0.002027
OPCODE	A023	1903	0.002025
OPCODE	236E	1901	0.002023
OPCODE	302A	1899	0.002021
OPCODE	5048	1892	0.002013
OPCODE	B1F8	1891	0.002012
OPCODE	3630	1890	0.002011
OPCODE	1C3C	1889	0.002010
OPCODE	6196	1885	0.002006
OPCODE	9A8E	1884	0.002005
OPCODE	0C87	1883	0.002004
OPCODE	262D	1880	0.002001
OPCODE	2D51	1877	0.001997
OPCODE	12DC	1866	0.001986
OPCODE	6308	1848	0.001967
OPCODE	3A00	1847	0.001965
OPCODE	6538	1843	0.001961
OPCODE	2A55	1842	0.001960
OPCODE	E28A	1842	0.001960
OPCODE	3D50	1833	0.001951
OPCODE	B2AA	1831	0.001948
OPCODE	D06A	1827	0.001944
OPCODE	322A	1819	0.001936
OPCODE	2A04	1816	0.001932
OPCODE	49F4	1815	0.001931
OPCODE	BC6E	1811	0.001927
OPCODE	60C6	1810	0.001926
OPCODE	BC5B	1807	0.001923
OPCODE	D5CE	1799	0.001914
OPCODE	1E2E	1798	0.001913
OPCODE	3204	1793	0.001908
OPCODE	6F24	1792	0.001907
OPCODE	6D10	1780	0.001894
OPCODE	E0AC	1779	0.001893
OPCODE	3E3C	1779	0.001893
OPCODE	1B40	1776	0.001890
OPCODE	1F40	1770	0.001884
OPCODE	E7A8	1767	0.001880
OPCODE	1A00	1765	0.001878
OPCODE	0812	1764	0.001877
OPCODE	7CFF	1756	0.001869
OPCODE	601E	1756	0.001869
OPCODE	66E4	1752	0.001864
OPCODE	906C	1748	0.001860
OPCODE	C06B	1748	0.001860
OPCODE	926B	1748	0.001860
OPCODE	D680	1747	0.001859
OPCODE	EBA9	1736	0.001847
OPCODE	D052	1736	0.001847
OPCODE	741F	1736	0.001847
OPCODE	96C0	1734	0.001845
OPCODE	DBC1	1734	0.001845
OPCODE	DBC0	1734	0.001845
OPCODE	2A01	1729	0.001840
OPCODE	EA8A	1727	0.001838
OPCODE	0C07	1725	0.001836
OPCODE	3C2D	1721	0.001831
OPCODE	0282	1721	0.001831
OPCODE	B9EE	1720	0.001830
OPCODE	286C	1719	0.001829
OPCODE	21EC	1716	0.001826
OPCODE	588F	1715	0.001825
OPCODE	206C	1708	0.001818
OPCODE	91C8	1707	0.001816
OPCODE	3F11	1706	0.001815
OPCODE	B682	1704	0.001813
OPCODE	518A	1704	0.001813
OPCODE	C1C7	1704	0.001813
OPCODE	C594	1696	0.001805
OPCODE	7EFF	1692	0.001801
OPCODE	D1F0	1689	0.001797
OPCODE	E7AA	1689	0.001797
OPCODE	B86E	1684	0.001792
OPCODE	D06D	1682	0.001790
OPCODE	D7CD	1674	0.001781
OPCODE	E44B	1672	0.001779
OPCODE	7E02	1670	0.001777
OPCODE	8280	1668	0.001775
OPCODE	534A	1666	0.001773
OPCODE	6644	1666	0.001773
OPCODE	9842	1666	0.001773
OPCODE	3E04	1666	0.001773
OPCODE	4C43	1666	0.001773
OPCODE	9BAE	1666	0.001773
OPCODE	6E16	1666	0.001773
OPCODE	6114	1665	0.001772
OPCODE	22DC	1664	0.001771
OPCODE	60D8	1658	0.001764
OPCODE	6B26	1656	0.001762
OPCODE	5286	1653	0.001759
OPCODE	0805	1652	0.001758
OPCODE	2F2B	1648	0.001754
OPCODE	469B	1643	0.001748
OPCODE	42A9	1632	0.001737
OPCODE	B1EE	1626	0.001730
OPCODE	323C	1624	0.001728
OPCODE	D240	1616	0.001720
OPCODE	223B	1612	0.001715
OPCODE	E538	1612	0.001715
OPCODE	BF00	1612	0.001715
OPCODE	2F04	1600	0.001703
OPCODE	3619	1595	0.001697
OPCODE	0C84	1591	0.001693
OPCODE	663E	1585	0.001687
OPCODE	6D52	1583	0.001685
OPCODE	BEAC	1577	0.001678
OPCODE	22C6	1572	0.001673
OPCODE	B1C9	1565	0.001665
OPCODE	3342	1563	0.001663
OPCODE	9883	1559	0.001659
OPCODE	5741	1556	0.001656
OPCODE	1385	1551	0.001650
OPCODE	294F	1546	0.001645
OPCODE	294D	1546	0.001645
OPCODE	D46B	1543	0.001642
OPCODE	650C	1543	0.001642
OPCODE	7C07	1543	0.001642
OPCODE	C446	1542	0.001641
OPCODE	D5F2	1542	0.001641
OPCODE	2E6C	1541	0.001640
OPCODE	7E0F	1535	0.001633
OPCODE	2C36	1533	0.001631
OPCODE	2C05	1531	0.001629
OPCODE	620C	1525	0.001623
OPCODE	5347	1517	0.001614
OPCODE	4A90	1508	0.001605
OPCODE	4298	1501	0.001597
OPCODE	49EC	1480	0.001575
OPCODE	2F2C	1475	0.001570
OPCODE	D2C1	1470	0.001564
OPCODE	3602	1459	0.001553
OPCODE	4682	1440	0.001532
OPCODE	CA83	1434	0.001526
OPCODE	3419	1432	0.001524
OPCODE	21C9	1430	0.001522
OPCODE	DE47	1430	0.001522
OPCODE	3429	1430	0.001522
OPCODE	4244	1425	0.001516
OPCODE	C484	1421	0.001512
OPCODE	0C05	1418	0.001509
OPCODE	47EB	1418	0.001509
OPCODE	673A	1418	0.001509
OPCODE	B081	1413	0.001504
OPCODE	342B	1408	0.001498
OPCODE	CE53	1406	0.001496
OPCODE	E84B	1402	0.001492
OPCODE	0C6B	1396	0.001486
OPCODE	1A19	1392	0.001481
OPCODE	61CE	1391	0.001480
OPCODE	E16B	1390	0.001479
OPCODE	504B	1385	0.001474
OPCODE	2F19	1384	0.001473
OPCODE	D853	1384	0.001473
OPCODE	55C7	1380	0.001468
OPCODE	9050	1380	0.001468
OPCODE	BA6E	1377	0.001465
OPCODE	D1C3	1375	0.001463
OPCODE	2191	1370	0.001458
OPCODE	31A9	1370	0.001458
OPCODE	6438	1364	0.001451
OPCODE	7801	1364	0.001451
OPCODE	9A6E	1359	0.001446
OPCODE	1E80	1353	0.001440
OPCODE	2012	1350	0.001437
OPCODE	65E4	1345	0.001431
OPCODE	6756	1343	0.001429
OPCODE	2041	1337	0.001423
OPCODE	B240	1337	0.001423
OPCODE	7050	1336	0.001422
OPCODE	2405	1336	0.001422
OPCODE	B7EE	1336	0.001422
OPCODE	D0FB	1334	0.001420
OPCODE	4683	1333	0.001418
OPCODE	66EA	1327	0.001412
OPCODE	D259	1326	0.001411
OPCODE	C2C2	1326	0.001411
OPCODE	6C06	1325	0.001410
OPCODE	4443	1323	0.001408
OPCODE	6F14	1321	0.001406
OPCODE	676E	1320	0.001405
OPCODE	0C2D	1320	0.001405
OPCODE	3F29	1319	0.001404
OPCODE	D443	1311	0.001395
OPCODE	6420	1305	0.001389
OPCODE	2830	1305	0.001389
OPCODE	81FC	1304	0.001388
OPCODE	E04B	1301	0.001384
OPCODE	D66E	1301	0.001384
OPCODE	D9AE	1301	0.001384
OPCODE	D8AE	1301	0.001384
OPCODE	62B4	1301	0.001384
OPCODE	E28F	1297	0.001380
OPCODE	177C	1295	0.001378
OPCODE	6D42	1291	0.001374
OPCODE	3C02	1289	0.001372
OPCODE	3287	1288	0.001371
OPCODE	664A	1283	0.001365
OPCODE	7603	1281	0.001363
OPCODE	6B0A	1278	0.001360
OPCODE	B05A	1275	0.001357
OPCODE	282A	1273	0.001355
OPCODE	67E8	1273	0.001355
OPCODE	2204	1272	0.001354
OPCODE	D481	1270	0.001351
OPCODE	3401	1268	0.001349
OPCODE	34E9	1265	0.001346
OPCODE	286A	1263	0.001344
OPCODE	34A9	1260	0.001341
OPCODE	1017	1260	0.001341
OPCODE	3D70	1259	0.001340
OPCODE	C02B	1256	0.001337
OPCODE	357C	1254	0.001334
OPCODE	E808	1250	0.001330
OPCODE	4C00	1249	0.001329
OPCODE	DBC4	1248	0.001328
OPCODE	262A	1248	0.001328
OPCODE	52A9	1248	0.001328
OPCODE	0197	1248	0.001328
OPCODE	50E7	1246	0.001326
OPCODE	60AE	1245	0.001325
OPCODE	10D9	1245	0.001325
OPCODE	D158	1242	0.001322
OPCODE	6804	1237	0.001316
OPCODE	7E0A	1234	0.001313
OPCODE	3A11	1234	0.001313
OPCODE	30C7	1234	0.001313
OPCODE	601A	1233	0.001312
OPCODE	2C08	1233	0.001312
OPCODE	D085	1230	0.001309
OPCODE	026E	1230	0.001309
OPCODE	2808	1230	0.001309
OPCODE	1D6E	1228	0.001307
OPCODE	E169	1222	0.001300
OPCODE	6EF0	1218	0.001296
OPCODE	57CA	1218	0.001296
OPCODE	DE2E	1217	0.001295
OPCODE	E29C	1217	0.001295
OPCODE	C8C0	1217	0.001295
OPCODE	E384	1217	0.001295
OPCODE	380B	1217	0.001295
OPCODE	D9C4	1217	0.001295
OPCODE	9C44	1217	0.001295
OPCODE	DAC6	1217	0.001295
OPCODE	E54E	1217	0.001295
OPCODE	E16A	1217	0.001295
OPCODE	E4A4	1217	0.001295
OPCODE	3C03	1217	0.001295
OPCODE	2D58	1216	0.001294
OPCODE	7054	1212	0.001290
OPCODE	7020	1206	0.001283
OPCODE	60AA	1203	0.001280
OPCODE	12D8	1196	0.001273
OPCODE	60F0	1193	0.001270
OPCODE	22D0	1189	0.001265
OPCODE	C295	1187	0.001263
OPCODE	C843	1186	0.001262
OPCODE	780F	1186	0.001262
OPCODE	4444	1186	0.001262
OPCODE	D093	1170	0.001245
OPCODE	B480	1161	0.001235
OPCODE	D46E	1160	0.001234
OPCODE	6E0E	1159	0.001233
OPCODE	9041	1159	0.001233
OPCODE	6EAE	1152	0.001226
OPCODE	2E88	1150	0.001224
OPCODE	D442	1146	0.001219
OPCODE	2378	1143	0.001216
OPCODE	2F11	1142	0.001215
OPCODE	6F12	1129	0.001201
OPCODE	0246	1121	0.001193
OPCODE	56C0	1120	0.001192
OPCODE	3F28	1116	0.001188
OPCODE	2C1C	1111	0.001182
OPCODE	C480	1106	0.001177
OPCODE	5149	1103	0.001174
OPCODE	1169	1102	0.001173
OPCODE	22DF	1101	0.001172
OPCODE	22E8	1100	0.001171
OPCODE	C095	1091	0.001161
OPCODE	8086	1091	0.001161
OPCODE	CC85	1091	0.001161
OPCODE	3250	1090	0.001160
OPCODE	B3FA	1089	0.001159
OPCODE	D0C9	1089	0.001159
OPCODE	0244	1089	0.001159
OPCODE	9068	1085	0.001155
OPCODE	EA48	1083	0.001152
OPCODE	67EE	1078	0.001147
OPCODE	A322	1074	0.001143
OPCODE	5245	1073	0.001142
OPCODE	2F48	1067	0.001135
OPCODE	6742	1065	0.001133
OPCODE	B060	1056	0.001124
OPCODE	E58A	1053	0.001121
OPCODE	BFAE	1051	0.001118
OPCODE	3380	1046	0.001113
OPCODE	18D8	1044	0.001111
OPCODE	8357	1041	0.001108
OPCODE	E2A8	1037	0.001104
OPCODE	E0AA	1037	0.001104
OPCODE	B443	1036	0.001102
OPCODE	D1A9	1036	0.001102
OPCODE	4290	1036	0.001102
OPCODE	D272	1034	0.001100
OPCODE	6B1A	1029	0.001095
OPCODE	E4AD	1024	0.001090
OPCODE	12C6	1024	0.001090
OPCODE	0832	1024	0.001090
OPCODE	4647	1023	0.001089
OPCODE	C1C6	1022	0.001088
OPCODE	3646	1022	0.001088
OPCODE	D9C2	1022	0.001088
OPCODE	3A07	1022	0.001088
OPCODE	E68C	1022	0.001088
OPCODE	4A4A	1022	0.001088
OPCODE	4447	1022	0.001088
OPCODE	CA82	1018	0.001083
OPCODE	65E2	1017	0.001082
OPCODE	7224	1016	0.001081
OPCODE	284B	1016	0.001081
OPCODE	BA40	1011	0.001076
OPCODE	43F1	1009	0.001074
OPCODE	67D0	1004	0.001068
OPCODE	D358	1004	0.001068
OPCODE	341F	1002	0.001066
OPCODE	21F0	1000	0.001064
OPCODE	5049	997	0.001061
OPCODE	2801	996	0.001060
OPCODE	66F4	994	0.001058
OPCODE	3633	990	0.001053
OPCODE	E741	989	0.001052
OPCODE	3D68	989	0.001052
OPCODE	E64A	989	0.001052
OPCODE	2A0E	989	0.001052
OPCODE	E68A	987	0.001050
OPCODE	EAAA	987	0.001050
OPCODE	EF6A	987	0.001050
OPCODE	EFAA	987	0.001050
OPCODE	3406	987	0.001050
OPCODE	EBAA	987	0.001050
OPCODE	49F9	987	0.001050
OPCODE	426C	985	0.001048
OPCODE	2850	983	0.001046
OPCODE	C640	981	0.001044
OPCODE	94C4	981	0.001044
OPCODE	9C80	981	0.001044
OPCODE	E54C	981	0.001044
OPCODE	9284	981	0.001044
OPCODE	7820	981	0.001044
OPCODE	3046	981	0.001044
OPCODE	96C4	981	0.001044
OPCODE	2D59	980	0.001043
OPCODE	4A30	975	0.001038
OPCODE	504C	975	0.001038
OPCODE	BBFC	974	0.001036
OPCODE	4EED	974	0.001036
OPCODE	B047	974	0.001036
OPCODE	52B8	971	0.001033
OPCODE	5241	964	0.001026
OPCODE	D844	961	0.001023
OPCODE	C043	956	0.001017
OPCODE	46FC	956	0.001017
OPCODE	E9D6	955	0.001016
OPCODE	584E	955	0.001016
OPCODE	700F	953	0.001014
OPCODE	E588	947	0.001008
OPCODE	67FA	942	0.001002
OPCODE	6D2E	942	0.001002
OPCODE	BFD1	939	0.000999
OPCODE	BFC0	939	0.000999
OPCODE	3606	938	0.000998
OPCODE	6D5C	937	0.000997
OPCODE	0040	935	0.000995
OPCODE	6504	933	0.000993
OPCODE	E348	933	0.000993
OPCODE	2A03	933	0.000993
OPCODE	722A	932	0.000992
OPCODE	6C0A	929	0.000989
OPCODE	66F8	924	0.000983
OPCODE	6042	923	0.000982
OPCODE	D7C4	920	0.000979
OPCODE	9A82	920	0.000979
OPCODE	9A86	920	0.000979
OPCODE	C6B8	919	0.000978
OPCODE	8198	919	0.000978
OPCODE	E9C1	918	0.000977
OPCODE	6D04	915	0.000974
OPCODE	D640	913	0.000972
OPCODE	2D1F	907	0.000965
OPCODE	6B28	907	0.000965
OPCODE	2F1E	907	0.000965
OPCODE	6FEE	901	0.000959
OPCODE	B251	898	0.000956
OPCODE	7A03	896	0.000953
OPCODE	6CF6	894	0.000951
OPCODE	D5C2	893	0.000950
OPCODE	2202	892	0.000949
OPCODE	9FC2	890	0.000947
OPCODE	2484	889	0.000946
OPCODE	C443	888	0.000945
OPCODE	3030	887	0.000944
OPCODE	D882	886	0.000943
OPCODE	93C8	885	0.000942
OPCODE	B082	883	0.000940
OPCODE	D1C9	883	0.000940
OPCODE	306C	883	0.000940
OPCODE	6F2A	882	0.000939
OPCODE	DA46	881	0.000937
OPCODE	E54D	881	0.000937
OPCODE	3E09	881	0.000937
OPCODE	D2C7	881	0.000937
OPCODE	246C	875	0.000931
OPCODE	3011	875	0.000931
OPCODE	4BFA	863	0.000918
OPCODE	60E8	862	0.000917
OPCODE	14EB	858	0.000913
OPCODE	E9C2	856	0.000911
OPCODE	1684	855	0.000910
OPCODE	C94D	843	0.000897
OPCODE	6E58	841	0.000895
OPCODE	300D	840	0.000894
OPCODE	6ECE	836	0.000890
OPCODE	7403	836	0.000890
OPCODE	6DCA	835	0.000889
OPCODE	9441	834	0.000887
OPCODE	2C13	833	0.000886
OPCODE	D04D	832	0.000885
OPCODE	DEC7	832	0.000885
OPCODE	300F	832	0.000885
OPCODE	384B	832	0.000885
OPCODE	45F2	832	0.000885
OPCODE	D287	826	0.000879
OPCODE	3C2B	825	0.000878
OPCODE	BA41	824	0.000877
OPCODE	21CC	821	0.000874
OPCODE	48E6	813	0.000865
OPCODE	D278	804	0.000856
OPCODE	D851	804	0.000856
OPCODE	B66E	803	0.000854
OPCODE	C301	800	0.000851
OPCODE	643C	800	0.000851
OPCODE	C502	800	0.000851
OPCODE	C703	800	0.000851
OPCODE	CB05	800	0.000851
OPCODE	C904	800	0.000851
OPCODE	D0BC	784	0.000834
OPCODE	2348	784	0.000834
OPCODE	2A18	784	0.000834
OPCODE	B06B	783	0.000833
OPCODE	4CDE	782	0.000832
OPCODE	08D2	780	0.000830
OPCODE	0892	780	0.000830
OPCODE	61E8	777	0.000827
OPCODE	3605	777	0.000827
OPCODE	36C6	776	0.000826
OPCODE	6018	774	0.000824
OPCODE	4EB5	773	0.000823
OPCODE	36C5	772	0.000822
OPCODE	3433	771	0.000820
OPCODE	669E	771	0.000820
OPCODE	6A20	770	0.000819
OPCODE	B3CB	768	0.000817
OPCODE	10F5	768	0.000817
OPCODE	E8D2	768	0.000817
OPCODE	E24B	768	0.000817
OPCODE	10F4	768	0.000817
OPCODE	2033	768	0.000817
OPCODE	10F6	768	0.000817
OPCODE	0806	768	0.000817
OPCODE	1211	765	0.000814
OPCODE	3004	765	0.000814
OPCODE	2649	763	0.000812
OPCODE	6108	762	0.000811
OPCODE	B887	761	0.000810
OPCODE	1012	750	0.000798
OPCODE	3340	749	0.000797
OPCODE	4A46	747	0.000795
OPCODE	486D	746	0.000794
OPCODE	6208	745	0.000793
OPCODE	650A	740	0.000787
OPCODE	D301	736	0.000783
OPCODE	67E0	736	0.000783
OPCODE	BE86	733	0.000780
OPCODE	1001	728	0.000775
OPCODE	301A	726	0.000773
OPCODE	2E28	721	0.000767
OPCODE	A122	721	0.000767
OPCODE	30FC	718	0.000764
OPCODE	6F08	717	0.000763
OPCODE	8CAE	717	0.000763
OPCODE	1481	714	0.000760
OPCODE	6A14	713	0.000759
OPCODE	1411	709	0.000754
OPCODE	20A9	706	0.000751
OPCODE	2042	705	0.000750
OPCODE	32E8	704	0.000749
OPCODE	0810	699	0.000744
OPCODE	2205	699	0.000744
OPCODE	3604	698	0.000743
OPCODE	3D6A	698	0.000743
OPCODE	D269	696	0.000741
OPCODE	518F	694	0.000739
OPCODE	48C6	692	0.000736
OPCODE	B4AC	688	0.000732
OPCODE	30D9	686	0.000730
OPCODE	E0AE	684	0.000728
OPCODE	4686	684	0.000728
OPCODE	5344	680	0.000724
OPCODE	4A92	678	0.000721
OPCODE	1005	678	0.000721
OPCODE	60D2	674	0.000717
OPCODE	66EC	671	0.000714
OPCODE	22C2	668	0.000711
OPCODE	E0AB	667	0.000710
OPCODE	57C1	667	0.000710
OPCODE	CC84	667	0.000710
OPCODE	CC94	667	0.000710
OPCODE	28C6	666	0.000709
OPCODE	C286	666	0.000709
OPCODE	8C81	666	0.000709
OPCODE	67DA	666	0.000709
OPCODE	C0BC	666	0.000709
OPCODE	7203	662	0.000704
OPCODE	1BAD	657	0.000699
OPCODE	3A1A	657	0.000699
OPCODE	D6EB	657	0.000699
OPCODE	6D12	655	0.000697
OPCODE	6408	655	0.000697
OPCODE	BEAE	648	0.000690
OPCODE	2149	644	0.000685
OPCODE	E689	644	0.000685
OPCODE	3206	644	0.000685
OPCODE	9C6E	644	0.000685
OPCODE	C200	641	0.000682
OPCODE	9042	637	0.000678
OPCODE	6060	635	0.000676
OPCODE	222F	635	0.000676
OPCODE	24E9	635	0.000676
OPCODE	2254	635	0.000676
OPCODE	208A	633	0.000674
OPCODE	24C8	632	0.000673
OPCODE	C100	630	0.000670
OPCODE	B0A8	630	0.000670
OPCODE	66E0	630	0.000670
OPCODE	2F2A	629	0.000669
OPCODE	93C9	627	0.000667
OPCODE	E14D	619	0.000659
OPCODE	A822	615	0.000654
OPCODE	5BC8	614	0.000653
OPCODE	6124	612	0.000651
OPCODE	204F	607	0.000646
OPCODE	8001	604	0.000643
OPCODE	6020	601	0.000640
OPCODE	5882	600	0.000638
OPCODE	B4B1	592	0.000630
OPCODE	65F0	588	0.000626
OPCODE	2F80	585	0.000623
OPCODE	B291	583	0.000620
OPCODE	3F70	581	0.000618
OPCODE	5888	581	0.000618
OPCODE	66EE	580	0.000617
OPCODE	6F30	579	0.000616
OPCODE	2063	579	0.000616
OPCODE	3413	579	0.000616
OPCODE	6B3C	578	0.000615
OPCODE	4A1B	576	0.000613
OPCODE	2F41	576	0.000613
OPCODE	B308	575	0.000612
OPCODE	2641	574	0.000611
OPCODE	4A51	573	0.000610
OPCODE	4A06	573	0.000610
OPCODE	605C	569	0.000605
OPCODE	5A41	568	0.000604
OPCODE	2608	568	0.000604
OPCODE	2C04	567	0.000603
OPCODE	45F1	566	0.000602
OPCODE	6E48	564	0.000600
OPCODE	41F1	562	0.000598
OPCODE	223C	561	0.000597
OPCODE	226A	561	0.000597
OPCODE	1759	556	0.000592
OPCODE	B090	555	0.000591
OPCODE	2F13	555	0.000591
OPCODE	1028	555	0.000591
OPCODE	6118	554	0.000590
OPCODE	BC90	550	0.000585
OPCODE	6C7E	545	0.000580
OPCODE	32C3	543	0.000578
OPCODE	6758	542	0.000577
OPCODE	2B41	540	0.000575
OPCODE	6206	540	0.000575
OPCODE	082D	538	0.000573
OPCODE	50ED	538	0.000573
OPCODE	C02D	538	0.000573
OPCODE	1B6B	538	0.000573
OPCODE	DE80	537	0.000571
OPCODE	2088	537	0.000571
OPCODE	E09A	532	0.000566
OPCODE	D2C4	532	0.000566
OPCODE	1802	532	0.000566
OPCODE	43EA	532	0.000566
OPCODE	E181	532	0.000566
OPCODE	5287	531	0.000565
OPCODE	926A	528	0.000562
OPCODE	222C	525	0.000559
OPCODE	D0A8	525	0.000559
OPCODE	1419	524	0.000558
OPCODE	E049	523	0.000557
OPCODE	6DA8	520	0.000553
OPCODE	4C2F	519	0.000552
OPCODE	6EC8	519	0.000552
OPCODE	D180	519	0.000552
OPCODE	91A9	518	0.000551
OPCODE	3290	518	0.000551
OPCODE	6F1E	517	0.000550
OPCODE	6D44	517	0.000550
OPCODE	9444	517	0.000550
OPCODE	234C	515	0.000548
OPCODE	12C2	514	0.000547
OPCODE	6EA8	513	0.000546
OPCODE	6EBE	513	0.000546
OPCODE	6EC0	513	0.000546
OPCODE	D4FC	513	0.000546
OPCODE	6DB4	513	0.000546
OPCODE	5249	512	0.000545
OPCODE	6DC2	512	0.000545
OPCODE	6DB0	512	0.000545
OPCODE	08B1	511	0.000544
OPCODE	A8E4	511	0.000544
OPCODE	397C	511	0.000544
OPCODE	3381	508	0.000541
OPCODE	E098	504	0.000536
OPCODE	E9C3	502	0.000534
OPCODE	2817	500	0.000532
OPCODE	2948	499	0.000531
OPCODE	C882	498	0.000530
OPCODE	49E9	497	0.000529
OPCODE	2D50	497	0.000529
OPCODE	1813	497	0.000529
OPCODE	6A32	497	0.000529
OPCODE	6ED4	497	0.000529
OPCODE	2C2F	496	0.000528
OPCODE	D7C9	496	0.000528
OPCODE	D5C9	496	0.000528
OPCODE	D4C4	496	0.000528
OPCODE	DBC8	496	0.000528
OPCODE	B673	495	0.000527
OPCODE	101C	495	0.000527
OPCODE	70F0	495	0.000527
OPCODE	C22E	494	0.000526
OPCODE	4A59	494	0.000526
OPCODE	74F0	493	0.000525
OPCODE	A8A7	493	0.000525
OPCODE	0641	492	0.000524
OPCODE	DE85	490	0.000521
OPCODE	24C3	490	0.000521
OPCODE	6134	490	0.000521
OPCODE	4C40	490	0.000521
OPCODE	604C	490	0.000521
OPCODE	6CD6	488	0.000519
OPCODE	2D42	488	0.000519
OPCODE	3A1F	487	0.000518
OPCODE	0128	486	0.000517
OPCODE	6A2A	486	0.000517
OPCODE	6C76	484	0.000515
OPCODE	5189	484	0.000515
OPCODE	E740	483	0.000514
OPCODE	8111	482	0.000513
OPCODE	C411	482	0.000513
OPCODE	B511	482	0.000513
OPCODE	2489	482	0.000513
OPCODE	5889	482	0.000513
OPCODE	B483	482	0.000513
OPCODE	8510	482	0.000513
OPCODE	C010	482	0.000513
OPCODE	B110	482	0.000513
OPCODE	20CE	482	0.000513
OPCODE	D4E9	480	0.000511
OPCODE	6B38	478	0.000509
OPCODE	4EF2	478	0.000509
OPCODE	C2AE	473	0.000503
OPCODE	21D0	472	0.000502
OPCODE	0C82	470	0.000500
OPCODE	740E	468	0.000498
OPCODE	45F4	468	0.000498
OPCODE	2F40	466	0.000496
OPCODE	2C02	464	0.000494
OPCODE	4A81	463	0.000493
OPCODE	2419	460	0.000489
OPCODE	34D9	460	0.000489
OPCODE	92AA	460	0.000489
OPCODE	0054	459	0.000488
OPCODE	70F8	457	0.000486
OPCODE	08EA	455	0.000484
OPCODE	2208	454	0.000483
OPCODE	5387	452	0.000481
OPCODE	2E48	451	0.000480
OPCODE	60BE	450	0.000479
OPCODE	2471	447	0.000476
OPCODE	2A4F	447	0.000476
OPCODE	2F5F	446	0.000475
OPCODE	6116	446	0.000475
OPCODE	93CC	445	0.000474
OPCODE	3205	445	0.000474
OPCODE	B894	445	0.000474
OPCODE	554B	445	0.000474
OPCODE	2941	445	0.000474
OPCODE	3609	445	0.000474
OPCODE	284F	445	0.000474
OPCODE	4CD0	445	0.000474
OPCODE	C4FC	442	0.000470
OPCODE	6142	442	0.000470
OPCODE	D740	439	0.000467
OPCODE	2410	439	0.000467
OPCODE	B282	436	0.000464
OPCODE	5281	435	0.000463
OPCODE	B5FC	434	0.000462
OPCODE	2A5F	434	0.000462
OPCODE	2868	434	0.000462
OPCODE	2F0D	434	0.000462
OPCODE	664E	433	0.000461
OPCODE	F4F1	432	0.000460
OPCODE	2F10	432	0.000460
OPCODE	6F6C	430	0.000458
OPCODE	3341	430	0.000458
OPCODE	280F	430	0.000458
OPCODE	594C	430	0.000458
OPCODE	5285	429	0.000457
OPCODE	5488	427	0.000454
OPCODE	0C70	427	0.000454
OPCODE	3370	424	0.000451
OPCODE	22B0	424	0.000451
OPCODE	C149	423	0.000450
OPCODE	B200	422	0.000449
OPCODE	0440	419	0.000446
OPCODE	2082	418	0.000445
OPCODE	94C0	416	0.000443
OPCODE	E099	410	0.000436
OPCODE	B0A9	410	0.000436
OPCODE	D6C3	410	0.000436
OPCODE	12D3	410	0.000436
OPCODE	3A01	407	0.000433
OPCODE	9443	405	0.000431
OPCODE	B652	405	0.000431
OPCODE	92AE	402	0.000428
OPCODE	61D8	401	0.000427
OPCODE	6058	401	0.000427
OPCODE	B278	400	0.000426
OPCODE	58AC	400	0.000426
OPCODE	50F8	398	0.000424
OPCODE	5080	398	0.000424
OPCODE	61E0	397	0.000422
OPCODE	254E	396	0.000421
OPCODE	0092	396	0.000421
OPCODE	B078	395	0.000420
OPCODE	8401	395	0.000420
OPCODE	12E8	394	0.000419
OPCODE	B490	393	0.000418
OPCODE	0202	393	0.000418
OPCODE	9252	393	0.000418
OPCODE	CEB0	393	0.000418
OPCODE	31C0	392	0.000417
OPCODE	204E	392	0.000417
OPCODE	208C	390	0.000415
OPCODE	2482	389	0.000414
OPCODE	45EA	389	0.000414
OPCODE	32BC	389	0.000414
OPCODE	B843	386	0.000411
OPCODE	42AB	386	0.000411
OPCODE	246A	386	0.000411
OPCODE	6D1A	385	0.000410
OPCODE	5440	385	0.000410
OPCODE	E218	384	0.000409
OPCODE	D100	384	0.000409
OPCODE	8085	384	0.000409
OPCODE	2433	384	0.000409
OPCODE	8485	384	0.000409
OPCODE	DF6B	384	0.000409
OPCODE	67EA	382	0.000406
OPCODE	6768	381	0.000405
OPCODE	2E1F	380	0.000404
OPCODE	6318	380	0.000404
OPCODE	31E8	379	0.000403
OPCODE	5385	378	0.000402
OPCODE	AA33	377	0.000401
OPCODE	2F05	375	0.000399
OPCODE	B290	374	0.000398
OPCODE	E240	373	0.000397
OPCODE	206A	373	0.000397
OPCODE	224F	370	0.000394
OPCODE	C001	370	0.000394
OPCODE	2828	369	0.000393
OPCODE	9C81	367	0.000391
OPCODE	3941	367	0.000391
OPCODE	6048	366	0.000389
OPCODE	B4B8	366	0.000389
OPCODE	1218	366	0.000389
OPCODE	D0C0	364	0.000387
OPCODE	B6AC	364	0.000387
OPCODE	AA14	363	0.000386
OPCODE	362A	363	0.000386
OPCODE	3E1B	362	0.000385
OPCODE	D068	362	0.000385
OPCODE	9282	361	0.000384
OPCODE	264C	361	0.000384
OPCODE	67D8	360	0.000383
OPCODE	0257	360	0.000383
OPCODE	C641	359	0.000382
OPCODE	C243	359	0.000382
OPCODE	9682	358	0.000381
OPCODE	E29A	358	0.000381
OPCODE	E08C	358	0.000381
OPCODE	EE8C	358	0.000381
OPCODE	E298	358	0.000381
OPCODE	2C0A	358	0.000381
OPCODE	1744	358	0.000381
OPCODE	D8EE	357	0.000380
OPCODE	6D14	357	0.000380
OPCODE	92A8	356	0.000379
OPCODE	E208	355	0.000378
OPCODE	64F0	355	0.000378
OPCODE	56C3	355	0.000378
OPCODE	606C	353	0.000376
OPCODE	6D78	353	0.000376
OPCODE	3151	352	0.000375
OPCODE	50D9	352	0.000375
OPCODE	A901	352	0.000375
OPCODE	32D0	352	0.000375
OPCODE	2949	352	0.000375
OPCODE	DEFC	350	0.000372
OPCODE	5238	349	0.000371
OPCODE	6F06	349	0.000371
OPCODE	2889	348	0.000370
OPCODE	B4A8	347	0.000369
OPCODE	B300	347	0.000369
OPCODE	3236	346	0.000368
OPCODE	2036	346	0.000368
OPCODE	2D76	346	0.000368
OPCODE	4876	346	0.000368
OPCODE	207C	345	0.000367
OPCODE	2275	345	0.000367
OPCODE	9244	344	0.000366
OPCODE	E688	344	0.000366
OPCODE	5DEE	343	0.000365
OPCODE	60B2	343	0.000365
OPCODE	612A	342	0.000364
OPCODE	67E2	341	0.000363
OPCODE	D0C3	341	0.000363
OPCODE	A8A1	340	0.000362
OPCODE	D090	340	0.000362
OPCODE	6B5E	338	0.000360
OPCODE	5538	338	0.000360
OPCODE	225A	336	0.000358
OPCODE	5489	336	0.000358
OPCODE	205A	336	0.000358
OPCODE	B9D3	334	0.000355
OPCODE	B880	334	0.000355
OPCODE	2C1F	334	0.000355
OPCODE	D5CB	333	0.000354
OPCODE	926C	333	0.000354
OPCODE	610E	330	0.000351
OPCODE	4A18	330	0.000351
OPCODE	9C6D	329	0.000350
OPCODE	E9AE	329	0.000350
OPCODE	607E	329	0.000350
OPCODE	CC80	329	0.000350
OPCODE	B095	329	0.000350
OPCODE	A82A	328	0.000349
OPCODE	3740	328	0.000349
OPCODE	9286	327	0.000348
OPCODE	6306	326	0.000347
OPCODE	AA15	325	0.000346
OPCODE	6148	325	0.000346
OPCODE	8992	324	0.000345
OPCODE	BF84	324	0.000345
OPCODE	6EB0	323	0.000344
OPCODE	1F3C	323	0.000344
OPCODE	60E6	323	0.000344
OPCODE	6DBC	322	0.000343
OPCODE	E248	319	0.000339
OPCODE	6D82	318	0.000338
OPCODE	5384	317	0.000337
OPCODE	2A02	317	0.000337
OPCODE	4AB1	316	0.000336
OPCODE	60B4	314	0.000334
OPCODE	66D8	314	0.000334
OPCODE	65F6	312	0.000332
OPCODE	3F2A	310	0.000330
OPCODE	E282	310	0.000330
OPCODE	49F3	310	0.000330
OPCODE	2C38	309	0.000329
OPCODE	66F6	309	0.000329
OPCODE	5C8A	309	0.000329
OPCODE	3F38	307	0.000327
OPCODE	6510	306	0.000326
OPCODE	7208	304	0.000323
OPCODE	E641	303	0.000322
OPCODE	300C	303	0.000322
OPCODE	360D	303	0.000322
OPCODE	3E0B	303	0.000322
OPCODE	8047	303	0.000322
OPCODE	8046	303	0.000322
OPCODE	D8C1	303	0.000322
OPCODE	5284	303	0.000322
OPCODE	6D22	303	0.000322
OPCODE	4A82	303	0.000322
OPCODE	2E12	302	0.000321
OPCODE	603A	302	0.000321
OPCODE	3947	301	0.000320
OPCODE	6128	301	0.000320
OPCODE	D7D4	301	0.000320
OPCODE	BC85	300	0.000319
OPCODE	A05D	298	0.000317
OPCODE	99CC	296	0.000315
OPCODE	C052	296	0.000315
OPCODE	21C0	295	0.000314
OPCODE	E04A	293	0.000312
OPCODE	023C	293	0.000312
OPCODE	BC6B	293	0.000312
OPCODE	60DC	291	0.000310
OPCODE	429B	290	0.000309
OPCODE	61EA	287	0.000305
OPCODE	6B30	287	0.000305
OPCODE	5268	287	0.000305
OPCODE	6E3E	286	0.000304
OPCODE	2968	286	0.000304
OPCODE	60D6	286	0.000304
OPCODE	51EE	284	0.000302
OPCODE	3802	283	0.000301
OPCODE	229F	283	0.000301
OPCODE	DA86	283	0.000301
OPCODE	426A	282	0.000300
OPCODE	1011	282	0.000300
OPCODE	651C	282	0.000300
OPCODE	1803	281	0.000299
OPCODE	6182	281	0.000299
OPCODE	E189	280	0.000298
OPCODE	5449	280	0.000298
OPCODE	2075	278	0.000296
OPCODE	B853	278	0.000296
OPCODE	0701	278	0.000296
OPCODE	65CE	278	0.000296
OPCODE	C0D4	277	0.000295
OPCODE	6B5A	277	0.000295
OPCODE	B7D4	273	0.000291
OPCODE	7E01	272	0.000289
OPCODE	2F78	271	0.000288
OPCODE	41EC	271	0.000288
OPCODE	B9FC	271	0.000288
OPCODE	514F	268	0.000285
OPCODE	6516	268	0.000285
OPCODE	E14C	267	0.000284
OPCODE	31BC	265	0.000282
OPCODE	7620	264	0.000281
OPCODE	08EC	263	0.000280
OPCODE	1007	262	0.000279
OPCODE	C0AC	261	0.000278
OPCODE	9FAC	261	0.000278
OPCODE	197C	259	0.000276
OPCODE	6080	258	0.000275
OPCODE	6682	257	0.000273
OPCODE	6688	257	0.000273
OPCODE	6692	257	0.000273
OPCODE	A8A2	257	0.000273
OPCODE	668C	257	0.000273
OPCODE	6DAC	257	0.000273
OPCODE	A8B8	256	0.000272
OPCODE	6DCC	256	0.000272
OPCODE	A8B7	256	0.000272
OPCODE	A8D2	256	0.000272
OPCODE	1282	256	0.000272
OPCODE	6B6E	256	0.000272
OPCODE	603E	256	0.000272
OPCODE	6F2C	256	0.000272
OPCODE	B468	256	0.000272
OPCODE	A8E1	256	0.000272
OPCODE	1F7C	256	0.000272
OPCODE	1604	256	0.000272
OPCODE	102F	255	0.000271
OPCODE	E968	255	0.000271
OPCODE	6A0E	254	0.000270
OPCODE	EED2	254	0.000270
OPCODE	2074	254	0.000270
OPCODE	8042	253	0.000269
OPCODE	613C	252	0.000268
OPCODE	E148	252	0.000268
OPCODE	4257	252	0.000268
OPCODE	B432	251	0.000267
OPCODE	89AB	251	0.000267
OPCODE	08F1	251	0.000267
OPCODE	3F41	251	0.000267
OPCODE	33A8	251	0.000267
OPCODE	5270	251	0.000267
OPCODE	4270	251	0.000267
OPCODE	03C4	251	0.000267
OPCODE	D242	251	0.000267
OPCODE	2390	251	0.000267
OPCODE	6BC8	251	0.000267
OPCODE	48C5	250	0.000266
OPCODE	CA47	250	0.000266
OPCODE	6774	248	0.000264
OPCODE	222A	247	0.000263
OPCODE	42AC	247	0.000263
OPCODE	61BE	246	0.000262
OPCODE	C0FC	245	0.000261
OPCODE	B02E	245	0.000261
OPCODE	06A1	243	0.000259
OPCODE	1238	243	0.000259
OPCODE	5261	243	0.000259
OPCODE	A069	243	0.000259
OPCODE	0651	243	0.000259
OPCODE	08AC	242	0.000258
OPCODE	5549	241	0.000256
OPCODE	C1C1	241	0.000256
OPCODE	EA88	241	0.000256
OPCODE	604A	241	0.000256
OPCODE	4A99	241	0.000256
OPCODE	2308	240	0.000255
OPCODE	44AE	240	0.000255
OPCODE	343C	240	0.000255
OPCODE	A8E6	239	0.000254
OPCODE	2F20	239	0.000254
OPCODE	3F5F	239	0.000254
OPCODE	E24C	237	0.000252
OPCODE	B38B	237	0.000252
OPCODE	5C48	237	0.000252
OPCODE	56CC	237	0.000252
OPCODE	5140	237	0.000252
OPCODE	6C34	236	0.000251
OPCODE	D641	236	0.000251
OPCODE	E96B	236	0.000251
OPCODE	C0A8	236	0.000251
OPCODE	9159	234	0.000249
OPCODE	7E1F	234	0.000249
OPCODE	9359	234	0.000249
OPCODE	A06A	233	0.000248
OPCODE	D044	233	0.000248
OPCODE	2542	232	0.000247
OPCODE	6C14	232	0.000247
OPCODE	4A44	232	0.000247
OPCODE	65BC	231	0.000246
OPCODE	6B4A	231	0.000246
OPCODE	1F02	230	0.000245
OPCODE	E94A	230	0.000245
OPCODE	9611	230	0.000245
OPCODE	C601	230	0.000245
OPCODE	D62A	230	0.000245
OPCODE	9411	230	0.000245
OPCODE	1482	230	0.000245
OPCODE	1180	230	0.000245
OPCODE	D5AA	230	0.000245
OPCODE	1541	230	0.000245
OPCODE	D2A9	230	0.000245
OPCODE	2845	230	0.000245
OPCODE	40C3	230	0.000245
OPCODE	93AA	230	0.000245
OPCODE	45E9	230	0.000245
OPCODE	46C3	230	0.000245
OPCODE	C229	230	0.000245
OPCODE	3A2C	229	0.000244
OPCODE	319F	228	0.000243
OPCODE	4E94	228	0.000243
OPCODE	1210	227	0.000242
OPCODE	D843	225	0.000239
OPCODE	6220	225	0.000239
OPCODE	65D8	225	0.000239
OPCODE	D0AE	223	0.000237
OPCODE	56C2	223	0.000237
OPCODE	57EE	222	0.000236
OPCODE	B0AA	222	0.000236
OPCODE	3F6F	222	0.000236
OPCODE	2A2C	219	0.000233
OPCODE	1280	219	0.000233
OPCODE	67AE	219	0.000233
OPCODE	3600	218	0.000232
OPCODE	D082	218	0.000232
OPCODE	2073	217	0.000231
OPCODE	45E8	216	0.000230
OPCODE	60EE	216	0.000230
OPCODE	ED49	216	0.000230
OPCODE	3C00	215	0.000229
OPCODE	2852	215	0.000229
OPCODE	47EC	215	0.000229
OPCODE	57C5	215	0.000229
OPCODE	C0AB	213	0.000227
OPCODE	1228	212	0.000226
OPCODE	242B	211	0.000225
OPCODE	286F	211	0.000225
OPCODE	67D4	211	0.000225
OPCODE	A8D9	210	0.000223
OPCODE	6788	210	0.000223
OPCODE	6B34	209	0.000222
OPCODE	0C78	209	0.000222
OPCODE	70C6	209	0.000222
OPCODE	EFD2	208	0.000221
OPCODE	B5EC	208	0.000221
OPCODE	A04A	208	0.000221
OPCODE	6F0E	208	0.000221
OPCODE	B086	208	0.000221
OPCODE	B670	208	0.000221
OPCODE	6024	208	0.000221
OPCODE	A8D8	207	0.000220
OPCODE	642A	205	0.000218
OPCODE	20C7	205	0.000218
OPCODE	1D68	204	0.000217
OPCODE	277C	204	0.000217
OPCODE	E440	204	0.000217
OPCODE	2548	204	0.000217
OPCODE	C0C1	203	0.000216
OPCODE	58AE	203	0.000216
OPCODE	B270	202	0.000215
OPCODE	B1CC	202	0.000215
OPCODE	D043	201	0.000214
OPCODE	EFC2	200	0.000213
OPCODE	2E10	200	0.000213
OPCODE	2046	200	0.000213
OPCODE	610C	199	0.000212
OPCODE	283C	199	0.000212
OPCODE	E54B	199	0.000212
OPCODE	262F	199	0.000212
OPCODE	0831	198	0.000211
OPCODE	20AE	198	0.000211
OPCODE	80FC	198	0.000211
OPCODE	47F7	197	0.000210
OPCODE	D26D	197	0.000210
OPCODE	E488	197	0.000210
OPCODE	5D40	197	0.000210
OPCODE	97D4	196	0.000209
OPCODE	0C6D	195	0.000208
OPCODE	234F	195	0.000208
OPCODE	1E00	195	0.000208
OPCODE	3005	195	0.000208
OPCODE	3F14	195	0.000208
OPCODE	EA49	195	0.000208
OPCODE	3404	194	0.000206
OPCODE	B1FC	194	0.000206
OPCODE	D887	192	0.000204
OPCODE	604E	191	0.000203
OPCODE	3D78	190	0.000202
OPCODE	BC2C	190	0.000202
OPCODE	56C6	190	0.000202
OPCODE	5840	188	0.000200
OPCODE	4217	188	0.000200
OPCODE	3F2C	188	0.000200
OPCODE	425B	188	0.000200
OPCODE	90AE	187	0.000199
OPCODE	D0F0	187	0.000199
OPCODE	2076	186	0.000198
OPCODE	70DA	186	0.000198
OPCODE	8441	185	0.000197
OPCODE	518B	185	0.000197
OPCODE	0C04	184	0.000196
OPCODE	6098	183	0.000195
OPCODE	5480	183	0.000195
OPCODE	2417	183	0.000195
OPCODE	7048	183	0.000195
OPCODE	8640	183	0.000195
OPCODE	6D28	183	0.000195
OPCODE	A06E	183	0.000195
OPCODE	2385	183	0.000195
OPCODE	4251	182	0.000194
OPCODE	D647	182	0.000194
OPCODE	7205	182	0.000194
OPCODE	928F	181	0.000193
OPCODE	E281	181	0.000193
OPCODE	2E49	181	0.000193
OPCODE	F200	181	0.000193
OPCODE	228E	181	0.000193
OPCODE	296E	181	0.000193
OPCODE	A889	181	0.000193
OPCODE	D440	181	0.000193
OPCODE	C685	180	0.000192
OPCODE	4C90	180	0.000192
OPCODE	082C	179	0.000190
OPCODE	55C0	179	0.000190
OPCODE	1219	179	0.000190
OPCODE	61DE	178	0.000189
OPCODE	0C6A	177	0.000188
OPCODE	2A54	177	0.000188
OPCODE	968D	177	0.000188
OPCODE	30EE	177	0.000188
OPCODE	A03C	176	0.000187
OPCODE	2030	176	0.000187
OPCODE	E9A8	175	0.000186
OPCODE	3C38	175	0.000186
OPCODE	6ED6	175	0.000186
OPCODE	1834	175	0.000186
OPCODE	3800	174	0.000185
OPCODE	B08C	174	0.000185
OPCODE	45FB	174	0.000185
OPCODE	6C24	173	0.000184
OPCODE	862E	173	0.000184
OPCODE	D368	173	0.000184
OPCODE	9D6E	173	0.000184
OPCODE	6A28	173	0.000184
OPCODE	C602	173	0.000184
OPCODE	5FE7	173	0.000184
OPCODE	9644	173	0.000184
OPCODE	282C	173	0.000184
OPCODE	D141	173	0.000184
OPCODE	31F8	173	0.000184
OPCODE	D244	173	0.000184
OPCODE	200F	173	0.000184
OPCODE	B9E8	173	0.000184
OPCODE	C12E	173	0.000184
OPCODE	67F0	172	0.000183
OPCODE	6750	172	0.000183
OPCODE	4A91	171	0.000182
OPCODE	7C01	171	0.000182
OPCODE	605A	171	0.000182
OPCODE	3418	171	0.000182
OPCODE	2F21	170	0.000181
OPCODE	B642	169	0.000180
OPCODE	A884	169	0.000180
OPCODE	61F2	168	0.000179
OPCODE	D36B	168	0.000179
OPCODE	6666	168	0.000179
OPCODE	4A17	168	0.000179
OPCODE	E6A8	168	0.000179
OPCODE	62B8	168	0.000179
OPCODE	1E01	168	0.000179
OPCODE	E64B	167	0.000178
OPCODE	2D46	167	0.000178
OPCODE	D340	167	0.000178
OPCODE	6DEA	167	0.000178
OPCODE	C642	167	0.000178
OPCODE	360C	167	0.000178
OPCODE	9BCD	167	0.000178
OPCODE	21FC	167	0.000178
OPCODE	A8EF	166	0.000177
OPCODE	2950	166	0.000177
OPCODE	2880	164	0.000175
OPCODE	4AAA	163	0.000173
OPCODE	BE40	163	0.000173
OPCODE	6110	163	0.000173
OPCODE	665E	162	0.000172
OPCODE	4698	161	0.000171
OPCODE	6C16	161	0.000171
OPCODE	AA19	161	0.000171
OPCODE	C188	161	0.000171
OPCODE	AA1A	160	0.000170
OPCODE	67E6	160	0.000170
OPCODE	6792	159	0.000169
OPCODE	D241	159	0.000169
OPCODE	B244	159	0.000169
OPCODE	48F8	159	0.000169
OPCODE	43F2	159	0.000169
OPCODE	B250	158	0.000168
OPCODE	6A3E	158	0.000168
OPCODE	2252	158	0.000168
OPCODE	2D9F	157	0.000167
OPCODE	721F	157	0.000167
OPCODE	5640	157	0.000167
OPCODE	B5C9	156	0.000166
OPCODE	6304	156	0.000166
OPCODE	D0E8	155	0.000165
OPCODE	92FC	155	0.000165
OPCODE	5349	155	0.000165
OPCODE	3940	154	0.000164
OPCODE	4851	154	0.000164
OPCODE	614A	154	0.000164
OPCODE	B680	153	0.000163
OPCODE	11C0	153	0.000163
OPCODE	AB1D	152	0.000162
OPCODE	95C0	152	0.000162
OPCODE	D5C0	152	0.000162
OPCODE	3211	152	0.000162
OPCODE	97C0	152	0.000162
OPCODE	48B8	152	0.000162
OPCODE	6F10	152	0.000162
OPCODE	6658	151	0.000161
OPCODE	66D4	151	0.000161
OPCODE	442E	150	0.000160
OPCODE	A862	150	0.000160
OPCODE	3233	150	0.000160
OPCODE	E859	149	0.000159
OPCODE	E959	149	0.000159
OPCODE	67BC	147	0.000156
OPCODE	66FA	147	0.000156
OPCODE	3E06	147	0.000156
OPCODE	2169	147	0.000156
OPCODE	4A70	146	0.000155
OPCODE	316A	146	0.000155
OPCODE	B2B8	146	0.000155
OPCODE	620A	146	0.000155
OPCODE	80F8	146	0.000155
OPCODE	122A	146	0.000155
OPCODE	F217	146	0.000155
OPCODE	6444	146	0.000155
OPCODE	B089	146	0.000155
OPCODE	49E8	145	0.000154
OPCODE	2409	145	0.000154
OPCODE	C047	145	0.000154
OPCODE	3320	145	0.000154
OPCODE	02AE	144	0.000153
OPCODE	A8E5	144	0.000153
OPCODE	BE92	144	0.000153
OPCODE	6448	144	0.000153
OPCODE	A9A0	143	0.000152
OPCODE	3629	142	0.000151
OPCODE	3E2B	142	0.000151
OPCODE	266F	142	0.000151
OPCODE	2368	142	0.000151
OPCODE	21B8	142	0.000151
OPCODE	2680	140	0.000149
OPCODE	E368	139	0.000148
OPCODE	215F	139	0.000148
OPCODE	21ED	139	0.000148
OPCODE	57C8	138	0.000147
OPCODE	F201	138	0.000147
OPCODE	C0E8	138	0.000147
OPCODE	D088	138	0.000147
OPCODE	6762	138	0.000147
OPCODE	209F	137	0.000146
OPCODE	60C4	137	0.000146
OPCODE	214A	137	0.000146
OPCODE	61CC	137	0.000146
OPCODE	E219	136	0.000145
OPCODE	6C44	136	0.000145
OPCODE	2740	136	0.000145
OPCODE	20B8	136	0.000145
OPCODE	5743	136	0.000145
OPCODE	9FC1	136	0.000145
OPCODE	C1C2	135	0.000144
OPCODE	6348	135	0.000144
OPCODE	6C90	135	0.000144
OPCODE	A8EC	134	0.000143
OPCODE	3F7C	134	0.000143
OPCODE	5481	134	0.000143
OPCODE	E289	134	0.000143
OPCODE	11F8	134	0.000143
OPCODE	93AE	134	0.000143
OPCODE	2EA8	134	0.000143
OPCODE	5681	134	0.000143
OPCODE	E8A9	134	0.000143
OPCODE	5300	133	0.000142
OPCODE	47E8	132	0.000140
OPCODE	DE86	132	0.000140
OPCODE	ED59	132	0.000140
OPCODE	7218	132	0.000140
OPCODE	46EF	132	0.000140
OPCODE	612C	132	0.000140
OPCODE	45F8	132	0.000140
OPCODE	42AF	131	0.000139
OPCODE	E400	130	0.000138
OPCODE	5548	130	0.000138
OPCODE	DC44	130	0.000138
OPCODE	3142	130	0.000138
OPCODE	1705	130	0.000138
OPCODE	5040	130	0.000138
OPCODE	A065	130	0.000138
OPCODE	6230	130	0.000138
OPCODE	18C5	130	0.000138
OPCODE	B859	128	0.000136
OPCODE	5D42	128	0.000136
OPCODE	DF53	128	0.000136
OPCODE	E749	128	0.000136
OPCODE	294C	128	0.000136
OPCODE	26C0	128	0.000136
OPCODE	288C	128	0.000136
OPCODE	90FC	128	0.000136
OPCODE	396D	128	0.000136
OPCODE	2946	127	0.000135
OPCODE	28AE	127	0.000135
OPCODE	45F9	127	0.000135
OPCODE	CE6E	127	0.000135
OPCODE	3210	127	0.000135
OPCODE	BDF8	127	0.000135
OPCODE	6D24	127	0.000135
OPCODE	2022	126	0.000134
OPCODE	6C46	126	0.000134
OPCODE	2E03	126	0.000134
OPCODE	2141	125	0.000133
OPCODE	B7E8	125	0.000133
OPCODE	2F57	125	0.000133
OPCODE	142B	123	0.000131
OPCODE	262B	122	0.000130
OPCODE	4A2F	122	0.000130
OPCODE	2A31	122	0.000130
OPCODE	E188	122	0.000130
OPCODE	0190	122	0.000130
OPCODE	A879	121	0.000129
OPCODE	0001	121	0.000129
OPCODE	2207	121	0.000129
OPCODE	4299	121	0.000129
OPCODE	2E2B	121	0.000129
OPCODE	A8A3	120	0.000128
OPCODE	5443	120	0.000128
OPCODE	2605	120	0.000128
OPCODE	0C98	120	0.000128
OPCODE	2D43	120	0.000128
OPCODE	323B	120	0.000128
OPCODE	31DF	119	0.000127
OPCODE	2C07	119	0.000127
OPCODE	B2AE	119	0.000127
OPCODE	AA42	119	0.000127
OPCODE	7C7F	117	0.000125
OPCODE	2490	117	0.000125
OPCODE	01D0	116	0.000123
OPCODE	142C	116	0.000123
OPCODE	66DA	116	0.000123
OPCODE	2E6D	116	0.000123
OPCODE	1142	116	0.000123
OPCODE	08B0	116	0.000123
OPCODE	284E	116	0.000123
OPCODE	B1C0	116	0.000123
OPCODE	60F8	115	0.000122
OPCODE	2C28	115	0.000122
OPCODE	30DF	115	0.000122
OPCODE	D7E8	115	0.000122
OPCODE	0228	115	0.000122
OPCODE	20DF	115	0.000122
OPCODE	A8E0	115	0.000122
OPCODE	0CA2	115	0.000122
OPCODE	6778	114	0.000121
OPCODE	666E	114	0.000121
OPCODE	1281	114	0.000121
OPCODE	5CC0	113	0.000120
OPCODE	2408	113	0.000120
OPCODE	E410	113	0.000120
OPCODE	D8C0	112	0.000119
OPCODE	652A	112	0.000119
OPCODE	C0E9	112	0.000119
OPCODE	222B	111	0.000118
OPCODE	D485	111	0.000118
OPCODE	D083	111	0.000118
OPCODE	2404	111	0.000118
OPCODE	D284	111	0.000118
OPCODE	666C	111	0.000118
OPCODE	3F57	111	0.000118
OPCODE	67C8	111	0.000118
OPCODE	A96F	110	0.000117
OPCODE	08A8	110	0.000117
OPCODE	50E9	110	0.000117
OPCODE	5FC1	110	0.000117
OPCODE	A050	110	0.000117
OPCODE	C07C	110	0.000117
OPCODE	66E2	109	0.000116
OPCODE	3411	109	0.000116
OPCODE	56F8	109	0.000116
OPCODE	6766	109	0.000116
OPCODE	3F3A	108	0.000115
OPCODE	A863	108	0.000115
OPCODE	3601	108	0.000115
OPCODE	4245	108	0.000115
OPCODE	D169	108	0.000115
OPCODE	A88B	108	0.000115
OPCODE	B007	107	0.000114
OPCODE	4201	107	0.000114
OPCODE	2281	107	0.000114
OPCODE	2E3C	107	0.000114
OPCODE	1087	107	0.000114
OPCODE	D290	107	0.000114
OPCODE	A002	107	0.000114
OPCODE	B5D9	107	0.000114
OPCODE	2A69	106	0.000113
OPCODE	2A28	106	0.000113
OPCODE	7E03	106	0.000113
OPCODE	65E8	106	0.000113
OPCODE	B9C9	106	0.000113
OPCODE	1E2B	106	0.000113
OPCODE	E16F	106	0.000113
OPCODE	2420	105	0.000112
OPCODE	217C	105	0.000112
OPCODE	2403	105	0.000112
OPCODE	3801	104	0.000111
OPCODE	254A	104	0.000111
OPCODE	22E0	104	0.000111
OPCODE	D5D4	104	0.000111
OPCODE	381F	104	0.000111
OPCODE	A90B	104	0.000111
OPCODE	B1C1	103	0.000110
OPCODE	4886	103	0.000110
OPCODE	E988	103	0.000110
OPCODE	4AA9	103	0.000110
OPCODE	602E	102	0.000109
OPCODE	7402	102	0.000109
OPCODE	216E	102	0.000109
OPCODE	A0A5	102	0.000109
OPCODE	526D	102	0.000109
OPCODE	536D	102	0.000109
OPCODE	6072	101	0.000107
OPCODE	6C0E	101	0.000107
OPCODE	6E14	101	0.000107
OPCODE	E48E	101	0.000107
OPCODE	A89E	101	0.000107
OPCODE	4A03	101	0.000107
OPCODE	AA64	101	0.000107
OPCODE	BE53	101	0.000107
OPCODE	6F42	101	0.000107
OPCODE	6D66	100	0.000106
OPCODE	7091	100	0.000106
OPCODE	38DB	100	0.000106
OPCODE	2E57	99	0.000105
OPCODE	60E0	99	0.000105
OPCODE	4883	99	0.000105
OPCODE	49EB	99	0.000105
OPCODE	9250	99	0.000105
OPCODE	0878	99	0.000105
OPCODE	3747	99	0.000105
OPCODE	5C88	99	0.000105
OPCODE	609E	98	0.000104
OPCODE	2807	98	0.000104
OPCODE	92F8	98	0.000104
OPCODE	E38F	98	0.000104
OPCODE	A8E9	98	0.000104
OPCODE	B229	97	0.000103
OPCODE	A825	97	0.000103
OPCODE	906A	97	0.000103
OPCODE	D092	97	0.000103
OPCODE	41F7	97	0.000103
OPCODE	2097	97	0.000103
OPCODE	DAFC	96	0.000102
OPCODE	3081	96	0.000102
OPCODE	61C4	96	0.000102
OPCODE	621C	96	0.000102
OPCODE	D8E8	96	0.000102
OPCODE	6C54	96	0.000102
OPCODE	2805	96	0.000102
OPCODE	6D8A	96	0.000102
OPCODE	B5C0	96	0.000102
OPCODE	4DFA	96	0.000102
OPCODE	4ED6	96	0.000102
OPCODE	819B	96	0.000102
OPCODE	0042	96	0.000102
OPCODE	9C85	95	0.000101
OPCODE	216C	95	0.000101
OPCODE	619C	95	0.000101
OPCODE	615A	95	0.000101
OPCODE	4646	95	0.000101
OPCODE	70F2	94	0.000100
OPCODE	5282	94	0.000100
OPCODE	6668	94	0.000100
OPCODE	2203	94	0.000100
OPCODE	A8DD	94	0.000100
OPCODE	2F49	94	0.000100
OPCODE	80C1	94	0.000100
OPCODE	4268	94	0.000100
OPCODE	ABEB	94	0.000100
OPCODE	CA94	93	0.000099
OPCODE	4259	93	0.000099
OPCODE	2F6F	93	0.000099
OPCODE	66CC	93	0.000099
OPCODE	9CFC	92	0.000098
OPCODE	BC6C	92	0.000098
OPCODE	4480	92	0.000098
OPCODE	2A48	92	0.000098
OPCODE	6136	92	0.000098
OPCODE	4DEE	92	0.000098
OPCODE	61E4	91	0.000097
OPCODE	9E86	91	0.000097
OPCODE	B485	91	0.000097
OPCODE	D3AE	91	0.000097
OPCODE	2458	91	0.000097
OPCODE	F21F	91	0.000097
OPCODE	3945	91	0.000097
OPCODE	9642	91	0.000097
OPCODE	DDA8	91	0.000097
OPCODE	2652	91	0.000097
OPCODE	B659	90	0.000096
OPCODE	B259	90	0.000096
OPCODE	2057	90	0.000096
OPCODE	117C	90	0.000096
OPCODE	4214	90	0.000096
OPCODE	B459	90	0.000096
OPCODE	C0B4	90	0.000096
OPCODE	47F1	90	0.000096
OPCODE	B02C	90	0.000096
OPCODE	E509	90	0.000096
OPCODE	1C38	89	0.000095
OPCODE	2D09	89	0.000095
OPCODE	9E91	89	0.000095
OPCODE	3280	89	0.000095
OPCODE	7C02	89	0.000095
OPCODE	D488	89	0.000095
OPCODE	5200	89	0.000095
OPCODE	21C7	89	0.000095
OPCODE	2E11	89	0.000095
OPCODE	225E	89	0.000095
OPCODE	9489	89	0.000095
OPCODE	635A	89	0.000095
OPCODE	6354	89	0.000095
OPCODE	6204	89	0.000095
OPCODE	80EC	89	0.000095
OPCODE	623E	89	0.000095
OPCODE	EFC1	88	0.000094
OPCODE	6B3E	88	0.000094
OPCODE	611C	88	0.000094
OPCODE	2035	88	0.000094
OPCODE	6D40	88	0.000094
OPCODE	5210	88	0.000094
OPCODE	49F0	88	0.000094
OPCODE	EDC6	88	0.000094
OPCODE	0C34	88	0.000094
OPCODE	2071	87	0.000093
OPCODE	6046	87	0.000093
OPCODE	2870	87	0.000093
OPCODE	802B	87	0.000093
OPCODE	70CD	87	0.000093
OPCODE	9088	87	0.000093
OPCODE	6B02	87	0.000093
OPCODE	E140	87	0.000093
OPCODE	A80A	87	0.000093
OPCODE	E7A9	86	0.000092
OPCODE	7C1F	86	0.000092
OPCODE	BA6B	86	0.000092
OPCODE	8328	86	0.000092
OPCODE	E388	86	0.000092
OPCODE	B446	86	0.000092
OPCODE	5589	86	0.000092
OPCODE	6C0C	86	0.000092
OPCODE	9201	85	0.000090
OPCODE	1C03	85	0.000090
OPCODE	E681	85	0.000090
OPCODE	6F18	85	0.000090
OPCODE	3812	85	0.000090
OPCODE	6F82	85	0.000090
OPCODE	2350	85	0.000090
OPCODE	61D4	85	0.000090
OPCODE	3C2C	85	0.000090
OPCODE	CA81	84	0.000089
OPCODE	A87A	84	0.000089
OPCODE	7A1F	84	0.000089
OPCODE	9285	84	0.000089
OPCODE	3742	84	0.000089
OPCODE	2683	84	0.000089
OPCODE	102A	83	0.000088
OPCODE	6654	83	0.000088
OPCODE	2942	83	0.000088
OPCODE	95D4	83	0.000088
OPCODE	E0AD	83	0.000088
OPCODE	6032	83	0.000088
OPCODE	7021	83	0.000088
OPCODE	84F8	83	0.000088
OPCODE	E480	83	0.000088
OPCODE	B1E9	82	0.000087
OPCODE	122C	82	0.000087
OPCODE	A8DC	82	0.000087
OPCODE	D047	82	0.000087
OPCODE	6C5A	82	0.000087
OPCODE	2A6C	82	0.000087
OPCODE	2853	82	0.000087
OPCODE	3169	82	0.000087
OPCODE	5987	82	0.000087
OPCODE	2874	81	0.000086
OPCODE	E341	81	0.000086
OPCODE	A816	81	0.000086
OPCODE	2873	81	0.000086
OPCODE	0894	81	0.000086
OPCODE	0728	80	0.000085
OPCODE	0C83	80	0.000085
OPCODE	0804	80	0.000085
OPCODE	B08E	80	0.000085
OPCODE	2150	79	0.000084
OPCODE	A853	79	0.000084
OPCODE	9083	79	0.000084
OPCODE	1082	79	0.000084
OPCODE	6698	79	0.000084
OPCODE	632A	79	0.000084
OPCODE	B687	78	0.000083
OPCODE	2612	78	0.000083
OPCODE	246B	78	0.000083
OPCODE	242A	78	0.000083
OPCODE	E0AF	78	0.000083
OPCODE	3A10	77	0.000082
OPCODE	2A49	77	0.000082
OPCODE	162C	77	0.000082
OPCODE	B268	77	0.000082
OPCODE	5001	77	0.000082
OPCODE	956E	77	0.000082
OPCODE	3768	77	0.000082
OPCODE	D2C2	77	0.000082
OPCODE	E18E	77	0.000082
OPCODE	9C42	77	0.000082
OPCODE	20C2	77	0.000082
OPCODE	D7C2	77	0.000082
OPCODE	E08A	77	0.000082
OPCODE	524B	77	0.000082
OPCODE	53EE	76	0.000081
OPCODE	6064	76	0.000081
OPCODE	A855	76	0.000081
OPCODE	6152	76	0.000081
OPCODE	3829	76	0.000081
OPCODE	F227	76	0.000081
OPCODE	2958	76	0.000081
OPCODE	2217	75	0.000080
OPCODE	62F4	75	0.000080
OPCODE	2E2C	75	0.000080
OPCODE	BC84	75	0.000080
OPCODE	6B18	75	0.000080
OPCODE	C18C	75	0.000080
OPCODE	A8A8	75	0.000080
OPCODE	667C	75	0.000080
OPCODE	C068	74	0.000079
OPCODE	720A	74	0.000079
OPCODE	9269	73	0.000078
OPCODE	6DC0	73	0.000078
OPCODE	A8A9	73	0.000078
OPCODE	B844	73	0.000078
OPCODE	1EB8	73	0.000078
OPCODE	3F33	73	0.000078
OPCODE	6E02	73	0.000078
OPCODE	C4EA	72	0.000077
OPCODE	8CFC	72	0.000077
OPCODE	86EA	72	0.000077
OPCODE	0BC3	72	0.000077
OPCODE	CCEA	72	0.000077
OPCODE	D651	72	0.000077
OPCODE	2A13	72	0.000077
OPCODE	6FDC	72	0.000077
OPCODE	84EA	72	0.000077
OPCODE	C6C6	72	0.000077
OPCODE	2C09	72	0.000077
OPCODE	88EA	72	0.000077
OPCODE	3031	72	0.000077
OPCODE	D687	72	0.000077
OPCODE	BBCC	72	0.000077
OPCODE	DEC1	71	0.000076
OPCODE	40C1	71	0.000076
OPCODE	720E	71	0.000076
OPCODE	A87B	71	0.000076
OPCODE	98FC	71	0.000076
OPCODE	90AB	71	0.000076
OPCODE	46C1	71	0.000076
OPCODE	613A	71	0.000076
OPCODE	3F2D	70	0.000074
OPCODE	0C2C	70	0.000074
OPCODE	3E2D	70	0.000074
OPCODE	10FC	70	0.000074
OPCODE	67E4	70	0.000074
OPCODE	6F26	69	0.000073
OPCODE	A9E0	69	0.000073
OPCODE	5EC0	69	0.000073
OPCODE	296C	69	0.000073
OPCODE	1F2E	69	0.000073
OPCODE	48EE	69	0.000073
OPCODE	6B76	69	0.000073
OPCODE	909B	69	0.000073
OPCODE	5201	68	0.000072
OPCODE	2151	68	0.000072
OPCODE	66B6	68	0.000072
OPCODE	3E2C	68	0.000072
OPCODE	31B2	68	0.000072
OPCODE	6B08	67	0.000071
OPCODE	B043	67	0.000071
OPCODE	4292	67	0.000071
OPCODE	2F6D	67	0.000071
OPCODE	2B78	66	0.000070
OPCODE	3405	66	0.000070
OPCODE	61AE	66	0.000070
OPCODE	A8DF	66	0.000070
OPCODE	D957	66	0.000070
OPCODE	2898	66	0.000070
OPCODE	30C6	66	0.000070
OPCODE	97CB	66	0.000070
OPCODE	6FD8	65	0.000069
OPCODE	2A2B	65	0.000069
OPCODE	5288	65	0.000069
OPCODE	1205	65	0.000069
OPCODE	D0EE	65	0.000069
OPCODE	6E18	65	0.000069
OPCODE	6E1A	65	0.000069
OPCODE	6056	65	0.000069
OPCODE	0302	65	0.000069
OPCODE	D084	65	0.000069
OPCODE	6034	65	0.000069
OPCODE	220C	64	0.000068
OPCODE	34D1	64	0.000068
OPCODE	196B	64	0.000068
OPCODE	48D0	64	0.000068
OPCODE	220A	64	0.000068
OPCODE	6DF8	64	0.000068
OPCODE	1202	64	0.000068
OPCODE	4482	64	0.000068
OPCODE	5148	64	0.000068
OPCODE	00AC	64	0.000068
OPCODE	C34A	64	0.000068
OPCODE	B06A	64	0.000068
OPCODE	2157	64	0.000068
OPCODE	D06F	64	0.000068
OPCODE	C22B	64	0.000068
OPCODE	4A73	64	0.000068
OPCODE	66DC	64	0.000068
OPCODE	5445	64	0.000068
OPCODE	08C7	64	0.000068
OPCODE	5541	64	0.000068
OPCODE	A198	63	0.000067
OPCODE	E8A1	63	0.000067
OPCODE	652C	63	0.000067
OPCODE	E781	63	0.000067
OPCODE	3978	63	0.000067
OPCODE	2320	63	0.000067
OPCODE	2611	63	0.000067
OPCODE	0101	63	0.000067
OPCODE	4252	62	0.000066
OPCODE	3A2A	62	0.000066
OPCODE	0881	62	0.000066
OPCODE	5D8F	62	0.000066
OPCODE	72FE	62	0.000066
OPCODE	E782	62	0.000066
OPCODE	297C	62	0.000066
OPCODE	3838	62	0.000066
OPCODE	536F	62	0.000066
OPCODE	20CC	62	0.000066
OPCODE	9078	62	0.000066
OPCODE	9478	62	0.000066
OPCODE	C899	62	0.000066
OPCODE	9484	61	0.000065
OPCODE	12C1	61	0.000065
OPCODE	6572	61	0.000065
OPCODE	AA27	61	0.000065
OPCODE	BE82	61	0.000065
OPCODE	61A6	61	0.000065
OPCODE	E780	61	0.000065
OPCODE	1B7C	61	0.000065
OPCODE	56C1	61	0.000065
OPCODE	61A2	61	0.000065
OPCODE	9A44	61	0.000065
OPCODE	31EC	61	0.000065
OPCODE	70CE	61	0.000065
OPCODE	216F	60	0.000064
OPCODE	BA43	60	0.000064
OPCODE	E549	60	0.000064
OPCODE	A88C	60	0.000064
OPCODE	2352	60	0.000064
OPCODE	3C10	60	0.000064
OPCODE	F22E	60	0.000064
OPCODE	26AC	60	0.000064
OPCODE	BEA8	60	0.000064
OPCODE	B7EC	60	0.000064
OPCODE	446F	60	0.000064
OPCODE	A9EE	60	0.000064
OPCODE	176C	60	0.000064
OPCODE	7093	60	0.000064
OPCODE	B028	60	0.000064
OPCODE	0CAC	60	0.000064
OPCODE	3207	60	0.000064
OPCODE	3214	59	0.000063
OPCODE	49F8	59	0.000063
OPCODE	D6E8	59	0.000063
OPCODE	7207	59	0.000063
OPCODE	2943	59	0.000063
OPCODE	82C0	59	0.000063
OPCODE	7280	58	0.000062
OPCODE	2803	58	0.000062
OPCODE	C6C1	58	0.000062
OPCODE	D157	58	0.000062
OPCODE	D001	58	0.000062
OPCODE	5441	58	0.000062
OPCODE	EA4D	58	0.000062
OPCODE	0683	58	0.000062
OPCODE	C22D	58	0.000062
OPCODE	60EC	58	0.000062
OPCODE	E58B	58	0.000062
OPCODE	DA85	58	0.000062
OPCODE	2B4F	58	0.000062
OPCODE	D484	58	0.000062
OPCODE	2A50	58	0.000062
OPCODE	A089	58	0.000062
OPCODE	526B	58	0.000062
OPCODE	1768	58	0.000062
OPCODE	2D73	58	0.000062
OPCODE	A8DE	58	0.000062
OPCODE	2D0B	58	0.000062
OPCODE	D681	58	0.000062
OPCODE	E18D	58	0.000062
OPCODE	C589	58	0.000062
OPCODE	48C4	58	0.000062
OPCODE	536B	58	0.000062
OPCODE	265E	58	0.000062
OPCODE	4229	58	0.000062
OPCODE	CAEE	58	0.000062
OPCODE	AA34	57	0.000061
OPCODE	66C8	57	0.000061
OPCODE	9258	57	0.000061
OPCODE	6050	57	0.000061
OPCODE	9058	57	0.000061
OPCODE	2B4B	57	0.000061
OPCODE	D1AC	56	0.000060
OPCODE	216B	56	0.000060
OPCODE	5EC1	56	0.000060
OPCODE	3D69	56	0.000060
OPCODE	3213	56	0.000060
OPCODE	0328	56	0.000060
OPCODE	5C44	56	0.000060
OPCODE	5453	56	0.000060
OPCODE	8242	56	0.000060
OPCODE	7013	56	0.000060
OPCODE	690E	56	0.000060
OPCODE	DE93	56	0.000060
OPCODE	30EA	55	0.000059
OPCODE	95A8	55	0.000059
OPCODE	9268	55	0.000059
OPCODE	A722	55	0.000059
OPCODE	022A	55	0.000059
OPCODE	21C1	55	0.000059
OPCODE	20EA	55	0.000059
OPCODE	30AA	55	0.000059
OPCODE	D3C4	55	0.000059
OPCODE	0450	55	0.000059
OPCODE	3F19	55	0.000059
OPCODE	D150	55	0.000059
OPCODE	7A01	55	0.000059
OPCODE	5258	55	0.000059
OPCODE	D5A8	55	0.000059
OPCODE	5358	55	0.000059
OPCODE	5980	55	0.000059
OPCODE	3F2F	55	0.000059
OPCODE	6E1E	54	0.000057
OPCODE	E8C1	54	0.000057
OPCODE	ED40	54	0.000057
OPCODE	A8E3	54	0.000057
OPCODE	421C	54	0.000057
OPCODE	296D	54	0.000057
OPCODE	C14A	54	0.000057
OPCODE	21CE	54	0.000057
OPCODE	7206	54	0.000057
OPCODE	9259	54	0.000057
OPCODE	0441	54	0.000057
OPCODE	5289	54	0.000057
OPCODE	5FC0	54	0.000057
OPCODE	4C46	54	0.000057
OPCODE	47EA	54	0.000057
OPCODE	8193	54	0.000057
OPCODE	7023	54	0.000057
OPCODE	6188	53	0.000056
OPCODE	ABC9	53	0.000056
OPCODE	7078	53	0.000056
OPCODE	0C2A	53	0.000056
OPCODE	7614	53	0.000056
OPCODE	240A	53	0.000056
OPCODE	218C	53	0.000056
OPCODE	6C26	53	0.000056
OPCODE	90AC	52	0.000055
OPCODE	70ED	52	0.000055
OPCODE	2B6B	52	0.000055
OPCODE	61B8	52	0.000055
OPCODE	BC47	52	0.000055
OPCODE	2B45	52	0.000055
OPCODE	2B44	52	0.000055
OPCODE	214D	52	0.000055
OPCODE	D1A8	52	0.000055
OPCODE	5985	52	0.000055
OPCODE	5887	52	0.000055
OPCODE	2328	52	0.000055
OPCODE	6052	51	0.000054
OPCODE	CC81	51	0.000054
OPCODE	3F10	51	0.000054
OPCODE	61F6	51	0.000054
OPCODE	E8A0	51	0.000054
OPCODE	D095	51	0.000054
OPCODE	D06C	51	0.000054
OPCODE	3C3C	50	0.000053
OPCODE	3082	50	0.000053
OPCODE	B4AB	50	0.000053
OPCODE	611A	50	0.000053
OPCODE	46C2	50	0.000053
OPCODE	D490	50	0.000053
OPCODE	D4C2	50	0.000053
OPCODE	C202	50	0.000053
OPCODE	40C2	50	0.000053
OPCODE	62F0	49	0.000052
OPCODE	2E05	49	0.000052
OPCODE	41FB	49	0.000052
OPCODE	E158	49	0.000052
OPCODE	D168	49	0.000052
OPCODE	B644	49	0.000052
OPCODE	EBC0	49	0.000052
OPCODE	E508	49	0.000052
OPCODE	A869	49	0.000052
OPCODE	6062	48	0.000051
OPCODE	6214	48	0.000051
OPCODE	0041	48	0.000051
OPCODE	D246	48	0.000051
OPCODE	E9EE	48	0.000051
OPCODE	2C1B	48	0.000051
OPCODE	261B	48	0.000051
OPCODE	D28C	48	0.000051
OPCODE	D16F	48	0.000051
OPCODE	A08F	48	0.000051
OPCODE	214B	48	0.000051
OPCODE	F23C	48	0.000051
OPCODE	2606	48	0.000051
OPCODE	31C6	48	0.000051
OPCODE	281B	48	0.000051
OPCODE	6FF2	48	0.000051
OPCODE	6FEA	48	0.000051
OPCODE	2A1B	48	0.000051
OPCODE	5547	48	0.000051
OPCODE	22C3	48	0.000051
OPCODE	0C06	48	0.000051
OPCODE	30D2	48	0.000051
OPCODE	DFAC	48	0.000051
OPCODE	4EB4	48	0.000051
OPCODE	204D	47	0.000050
OPCODE	A1AD	47	0.000050
OPCODE	BE90	47	0.000050
OPCODE	522A	47	0.000050
OPCODE	6FDE	47	0.000050
OPCODE	966E	47	0.000050
OPCODE	9E81	47	0.000050
OPCODE	611E	46	0.000049
OPCODE	A89D	46	0.000049
OPCODE	A89B	46	0.000049
OPCODE	2282	46	0.000049
OPCODE	7213	46	0.000049
OPCODE	BE80	46	0.000049
OPCODE	EFA8	46	0.000049
OPCODE	DE6E	45	0.000048
OPCODE	382C	45	0.000048
OPCODE	BE41	45	0.000048
OPCODE	60F6	45	0.000048
OPCODE	5C43	45	0.000048
OPCODE	223A	45	0.000048
OPCODE	677A	45	0.000048
OPCODE	5847	45	0.000048
OPCODE	99C6	45	0.000048
OPCODE	B653	45	0.000048
OPCODE	D057	45	0.000048
OPCODE	A87C	45	0.000048
OPCODE	4A88	45	0.000048
OPCODE	C348	45	0.000048
OPCODE	A9EF	45	0.000048
OPCODE	0643	45	0.000048
OPCODE	ABCA	45	0.000048
OPCODE	2A10	45	0.000048
OPCODE	B053	44	0.000047
OPCODE	266A	44	0.000047
OPCODE	2656	44	0.000047
OPCODE	986E	44	0.000047
OPCODE	E1AB	44	0.000047
OPCODE	316E	44	0.000047
OPCODE	50E8	44	0.000047
OPCODE	3F30	44	0.000047
OPCODE	F236	44	0.000047
OPCODE	E95C	44	0.000047
OPCODE	A868	43	0.000046
OPCODE	2D53	43	0.000046
OPCODE	2886	43	0.000046
OPCODE	4BEB	43	0.000046
OPCODE	6D0C	43	0.000046
OPCODE	3A2B	43	0.000046
OPCODE	674E	43	0.000046
OPCODE	3438	43	0.000046
OPCODE	3E80	43	0.000046
OPCODE	BAAC	42	0.000045
OPCODE	2887	42	0.000045
OPCODE	A01B	42	0.000045
OPCODE	6044	42	0.000045
OPCODE	4A9F	42	0.000045
OPCODE	6E82	42	0.000045
OPCODE	A998	42	0.000045
OPCODE	1297	42	0.000045
OPCODE	4228	41	0.000044
OPCODE	2F31	41	0.000044
OPCODE	0214	41	0.000044
OPCODE	3D6B	41	0.000044
OPCODE	7025	41	0.000044
OPCODE	A830	41	0.000044
OPCODE	D26A	41	0.000044
OPCODE	6652	41	0.000044
OPCODE	3009	40	0.000043
OPCODE	342C	40	0.000043
OPCODE	2142	40	0.000043
OPCODE	702E	40	0.000043
OPCODE	4CD8	40	0.000043
OPCODE	631E	40	0.000043
OPCODE	2F68	40	0.000043
OPCODE	2890	40	0.000043
OPCODE	5C41	40	0.000043
OPCODE	6536	40	0.000043
OPCODE	2842	40	0.000043
OPCODE	70FD	40	0.000043
OPCODE	C041	40	0.000043
OPCODE	0C11	40	0.000043
OPCODE	614E	40	0.000043
OPCODE	5905	40	0.000043
OPCODE	9048	39	0.000042
OPCODE	4857	39	0.000042
OPCODE	0CB8	39	0.000042
OPCODE	31C2	39	0.000042
OPCODE	4640	39	0.000042
OPCODE	B640	39	0.000042
OPCODE	2454	39	0.000042
OPCODE	5CEE	39	0.000042
OPCODE	3D6F	39	0.000042
OPCODE	422A	39	0.000042
OPCODE	6172	39	0.000042
OPCODE	2E01	39	0.000042
OPCODE	6D1E	39	0.000042
OPCODE	BEAB	38	0.000040
OPCODE	95AE	38	0.000040
OPCODE	7005	38	0.000040
OPCODE	B891	38	0.000040
OPCODE	805F	38	0.000040
OPCODE	B8A9	38	0.000040
OPCODE	1A30	38	0.000040
OPCODE	3944	38	0.000040
OPCODE	3D45	38	0.000040
OPCODE	36AD	38	0.000040
OPCODE	E840	38	0.000040
OPCODE	376D	38	0.000040
OPCODE	36A8	38	0.000040
OPCODE	A22E	38	0.000040
OPCODE	653A	38	0.000040
OPCODE	3C28	38	0.000040
OPCODE	2144	38	0.000040
OPCODE	5940	38	0.000040
OPCODE	AA2C	38	0.000040
OPCODE	3087	38	0.000040
OPCODE	2540	38	0.000040
OPCODE	BA59	38	0.000040
OPCODE	242C	38	0.000040
OPCODE	7024	38	0.000040
OPCODE	280B	38	0.000040
OPCODE	82FC	37	0.000039
OPCODE	522D	37	0.000039
OPCODE	5217	37	0.000039
OPCODE	EFAE	37	0.000039
OPCODE	532D	37	0.000039
OPCODE	C0AE	37	0.000039
OPCODE	0C54	37	0.000039
OPCODE	222D	37	0.000039
OPCODE	74FE	37	0.000039
OPCODE	6B5C	37	0.000039
OPCODE	E2AA	37	0.000039
OPCODE	307C	37	0.000039
OPCODE	395F	36	0.000038
OPCODE	C0C3	36	0.000038
OPCODE	2838	36	0.000038
OPCODE	D2F1	36	0.000038
OPCODE	3E28	36	0.000038
OPCODE	1F28	36	0.000038
OPCODE	B401	36	0.000038
OPCODE	3807	36	0.000038
OPCODE	B7ED	36	0.000038
OPCODE	2811	36	0.000038
OPCODE	B882	36	0.000038
OPCODE	C090	35	0.000037
OPCODE	2C01	35	0.000037
OPCODE	A93A	35	0.000037
OPCODE	6BF0	35	0.000037
OPCODE	0287	35	0.000037
OPCODE	BA84	35	0.000037
OPCODE	9EFC	35	0.000037
OPCODE	EFA9	35	0.000037
OPCODE	C093	35	0.000037
OPCODE	4291	35	0.000037
OPCODE	426B	35	0.000037
OPCODE	A81E	35	0.000037
OPCODE	0181	35	0.000037
OPCODE	B9EB	35	0.000037
OPCODE	3541	34	0.000036
OPCODE	6D3E	34	0.000036
OPCODE	F210	34	0.000036
OPCODE	D9D0	34	0.000036
OPCODE	D2D0	34	0.000036
OPCODE	62DE	34	0.000036
OPCODE	2A68	34	0.000036
OPCODE	2970	34	0.000036
OPCODE	7216	34	0.000036
OPCODE	3783	34	0.000036
OPCODE	6656	34	0.000036
OPCODE	2809	34	0.000036
OPCODE	966B	34	0.000036
OPCODE	66BC	34	0.000036
OPCODE	61A8	34	0.000036
OPCODE	A817	33	0.000035
OPCODE	1A03	33	0.000035
OPCODE	6508	33	0.000035
OPCODE	6FE2	33	0.000035
OPCODE	CBC7	33	0.000035
OPCODE	3942	33	0.000035
OPCODE	E34D	33	0.000035
OPCODE	2017	33	0.000035
OPCODE	2F18	33	0.000035
OPCODE	E789	33	0.000035
OPCODE	3F78	33	0.000035
OPCODE	B09F	32	0.000034
OPCODE	241A	32	0.000034
OPCODE	99AC	32	0.000034
OPCODE	C5EC	32	0.000034
OPCODE	7044	32	0.000034
OPCODE	E319	32	0.000034
OPCODE	3B46	32	0.000034
OPCODE	51E8	32	0.000034
OPCODE	3E36	32	0.000034
OPCODE	E411	32	0.000034
OPCODE	257C	32	0.000034
OPCODE	2893	32	0.000034
OPCODE	0682	32	0.000034
OPCODE	B5F1	32	0.000034
OPCODE	E709	32	0.000034
OPCODE	7A10	32	0.000034
OPCODE	2549	32	0.000034
OPCODE	A887	32	0.000034
OPCODE	D06B	32	0.000034
OPCODE	66B0	32	0.000034
OPCODE	43D2	31	0.000033
OPCODE	DBC5	31	0.000033
OPCODE	1428	31	0.000033
OPCODE	B245	31	0.000033
OPCODE	2C45	31	0.000033
OPCODE	E2BA	31	0.000033
OPCODE	816A	31	0.000033
OPCODE	115F	31	0.000033
OPCODE	3256	31	0.000033
OPCODE	EA8D	31	0.000033
OPCODE	EF6E	31	0.000033
OPCODE	EEAD	31	0.000033
OPCODE	4BED	31	0.000033
OPCODE	3285	31	0.000033
OPCODE	91C2	31	0.000033
OPCODE	C8C2	31	0.000033
OPCODE	EEAA	31	0.000033
OPCODE	32C2	31	0.000033
OPCODE	90BA	31	0.000033
OPCODE	1438	31	0.000033
OPCODE	7028	31	0.000033
OPCODE	702F	31	0.000033
OPCODE	32C5	31	0.000033
OPCODE	C0FA	31	0.000033
OPCODE	2607	31	0.000033
OPCODE	EA58	31	0.000033
OPCODE	9A84	31	0.000033
OPCODE	45EB	31	0.000033
OPCODE	3078	31	0.000033
OPCODE	E80A	31	0.000033
OPCODE	60E4	31	0.000033
OPCODE	1618	31	0.000033
OPCODE	16DC	31	0.000033
OPCODE	6B4E	31	0.000033
OPCODE	D645	31	0.000033
OPCODE	E543	31	0.000033
OPCODE	D551	31	0.000033
OPCODE	1E30	31	0.000033
OPCODE	3F2B	31	0.000033
OPCODE	2D57	31	0.000033
OPCODE	3808	31	0.000033
OPCODE	E685	31	0.000033
OPCODE	9C40	31	0.000033
OPCODE	20B0	31	0.000033
OPCODE	B645	31	0.000033
OPCODE	E78A	31	0.000033
OPCODE	218A	31	0.000033
OPCODE	4DEC	31	0.000033
OPCODE	EF8E	31	0.000033
OPCODE	700B	30	0.000032
OPCODE	B7C0	30	0.000032
OPCODE	7E08	30	0.000032
OPCODE	294A	30	0.000032
OPCODE	1091	30	0.000032
OPCODE	2633	30	0.000032
OPCODE	6132	30	0.000032
OPCODE	7228	30	0.000032
OPCODE	6CC2	30	0.000032
OPCODE	D4F2	30	0.000032
OPCODE	544A	30	0.000032
OPCODE	28A8	30	0.000032
OPCODE	5486	30	0.000032
OPCODE	F327	30	0.000032
OPCODE	A05A	29	0.000031
OPCODE	3354	29	0.000031
OPCODE	3298	29	0.000031
OPCODE	0259	29	0.000031
OPCODE	6068	29	0.000031
OPCODE	966C	29	0.000031
OPCODE	E243	29	0.000031
OPCODE	2206	29	0.000031
OPCODE	D0AA	29	0.000031
OPCODE	B26C	29	0.000031
OPCODE	9283	29	0.000031
OPCODE	116F	29	0.000031
OPCODE	D26B	29	0.000031
OPCODE	1203	29	0.000031
OPCODE	536A	29	0.000031
OPCODE	D66C	29	0.000031
OPCODE	6AC0	29	0.000031
OPCODE	A899	29	0.000031
OPCODE	A898	29	0.000031
OPCODE	006B	29	0.000031
OPCODE	3946	28	0.000030
OPCODE	43F4	28	0.000030
OPCODE	A870	28	0.000030
OPCODE	6D54	28	0.000030
OPCODE	6D38	28	0.000030
OPCODE	A126	28	0.000030
OPCODE	276C	28	0.000030
OPCODE	B543	28	0.000030
OPCODE	A975	28	0.000030
OPCODE	6E32	28	0.000030
OPCODE	0294	28	0.000030
OPCODE	7018	28	0.000030
OPCODE	84FC	28	0.000030
OPCODE	62F2	28	0.000030
OPCODE	DBE8	28	0.000030
OPCODE	6066	28	0.000030
OPCODE	41F4	28	0.000030
OPCODE	A9EB	28	0.000030
OPCODE	47F8	28	0.000030
OPCODE	A803	28	0.000030
OPCODE	A8A6	28	0.000030
OPCODE	7011	28	0.000030
OPCODE	2219	27	0.000029
OPCODE	6E20	27	0.000029
OPCODE	60CA	27	0.000029
OPCODE	508C	27	0.000029
OPCODE	263C	27	0.000029
OPCODE	5989	27	0.000029
OPCODE	6502	27	0.000029
OPCODE	C34D	27	0.000029
OPCODE	22BC	27	0.000029
OPCODE	D7EE	27	0.000029
OPCODE	DBEE	27	0.000029
OPCODE	6312	27	0.000029
OPCODE	026B	27	0.000029
OPCODE	EAD0	27	0.000029
OPCODE	12BC	27	0.000029
OPCODE	BC87	27	0.000029
OPCODE	2A75	27	0.000029
OPCODE	6A76	27	0.000029
OPCODE	2688	26	0.000028
OPCODE	8194	26	0.000028
OPCODE	4CF8	26	0.000028
OPCODE	3744	26	0.000028
OPCODE	01C1	26	0.000028
OPCODE	2D69	26	0.000028
OPCODE	A522	26	0.000028
OPCODE	724E	26	0.000028
OPCODE	7ECE	26	0.000028
OPCODE	802E	26	0.000028
OPCODE	2628	26	0.000028
OPCODE	0C10	26	0.000028
OPCODE	43BC	26	0.000028
OPCODE	615C	26	0.000028
OPCODE	BE6B	26	0.000028
OPCODE	3D00	25	0.000027
OPCODE	B6FC	25	0.000027
OPCODE	4A56	25	0.000027
OPCODE	675E	25	0.000027
OPCODE	E249	25	0.000027
OPCODE	DDC0	25	0.000027
OPCODE	522C	25	0.000027
OPCODE	B441	25	0.000027
OPCODE	52AB	25	0.000027
OPCODE	64CA	25	0.000027
OPCODE	1204	25	0.000027
OPCODE	A939	25	0.000027
OPCODE	9DC0	25	0.000027
OPCODE	66CE	25	0.000027
OPCODE	9868	25	0.000027
OPCODE	7808	25	0.000027
OPCODE	B0AF	25	0.000027
OPCODE	6082	25	0.000027
OPCODE	43D4	25	0.000027
OPCODE	4213	25	0.000027
OPCODE	30BC	25	0.000027
OPCODE	3C04	25	0.000027
OPCODE	41D4	25	0.000027
OPCODE	301E	25	0.000027
OPCODE	294E	25	0.000027
OPCODE	6C5C	24	0.000026
OPCODE	A888	24	0.000026
OPCODE	121A	24	0.000026
OPCODE	5307	24	0.000026
OPCODE	E058	24	0.000026
OPCODE	6D48	24	0.000026
OPCODE	0817	24	0.000026
OPCODE	376E	24	0.000026
OPCODE	DE87	24	0.000026
OPCODE	C543	24	0.000026
OPCODE	425C	24	0.000026
OPCODE	D642	24	0.000026
OPCODE	32E9	24	0.000026
OPCODE	B883	24	0.000026
OPCODE	D6EE	24	0.000026
OPCODE	6310	24	0.000026
OPCODE	DA47	24	0.000026
OPCODE	A892	24	0.000026
OPCODE	A9ED	24	0.000026
OPCODE	3631	24	0.000026
OPCODE	A994	24	0.000026
OPCODE	5C42	24	0.000026
OPCODE	A809	24	0.000026
OPCODE	361F	24	0.000026
OPCODE	67A6	24	0.000026
OPCODE	6782	24	0.000026
OPCODE	0C2F	24	0.000026
OPCODE	A949	24	0.000026
OPCODE	3982	24	0.000026
OPCODE	7A04	24	0.000026
OPCODE	70EE	24	0.000026
OPCODE	2147	24	0.000026
OPCODE	B294	23	0.000024
OPCODE	70FB	23	0.000024
OPCODE	1004	23	0.000024
OPCODE	816E	23	0.000024
OPCODE	C491	23	0.000024
OPCODE	A8B5	23	0.000024
OPCODE	282B	23	0.000024
OPCODE	A8D4	23	0.000024
OPCODE	396B	23	0.000024
OPCODE	6C1E	23	0.000024
OPCODE	6512	23	0.000024
OPCODE	AA44	23	0.000024
OPCODE	A528	23	0.000024
OPCODE	244F	23	0.000024
OPCODE	A260	23	0.000024
OPCODE	2E0B	23	0.000024
OPCODE	2A1F	23	0.000024
OPCODE	C14B	23	0.000024
OPCODE	0000	22	0.000023
OPCODE	5BC1	22	0.000023
OPCODE	605E	22	0.000023
OPCODE	E788	22	0.000023
OPCODE	E287	22	0.000023
OPCODE	0657	22	0.000023
OPCODE	E880	22	0.000023
OPCODE	3543	22	0.000023
OPCODE	F23A	22	0.000023
OPCODE	6670	22	0.000023
OPCODE	8200	22	0.000023
OPCODE	AA05	22	0.000023
OPCODE	6F22	22	0.000023
OPCODE	C4C1	22	0.000023
OPCODE	700D	22	0.000023
OPCODE	396E	22	0.000023
OPCODE	C294	22	0.000023
OPCODE	D045	22	0.000023
OPCODE	7030	22	0.000023
OPCODE	2647	22	0.000023
OPCODE	5248	22	0.000023
OPCODE	20C5	22	0.000023
OPCODE	3A3C	22	0.000023
OPCODE	2818	22	0.000023
OPCODE	7602	22	0.000023
OPCODE	74B0	22	0.000023
OPCODE	7A02	22	0.000023
OPCODE	D804	22	0.000023
OPCODE	D644	22	0.000023
OPCODE	B890	22	0.000023
OPCODE	546E	22	0.000023
OPCODE	3C18	22	0.000023
OPCODE	289F	22	0.000023
OPCODE	D9CB	21	0.000022
OPCODE	B3EA	21	0.000022
OPCODE	C2C4	21	0.000022
OPCODE	41EF	21	0.000022
OPCODE	B101	21	0.000022
OPCODE	60A0	21	0.000022
OPCODE	262C	21	0.000022
OPCODE	70F9	21	0.000022
OPCODE	3044	21	0.000022
OPCODE	66C2	21	0.000022
OPCODE	2F12	21	0.000022
OPCODE	4CB8	21	0.000022
OPCODE	6C3E	21	0.000022
OPCODE	6EE4	21	0.000022
OPCODE	216A	21	0.000022
OPCODE	1A1F	21	0.000022
OPCODE	DBA8	20	0.000021
OPCODE	D482	20	0.000021
OPCODE	BB86	20	0.000021
OPCODE	6676	20	0.000021
OPCODE	278A	20	0.000021
OPCODE	740C	20	0.000021
OPCODE	5357	20	0.000021
OPCODE	9A6B	20	0.000021
OPCODE	3C01	20	0.000021
OPCODE	B897	20	0.000021
OPCODE	544C	20	0.000021
OPCODE	54C0	20	0.000021
OPCODE	2277	20	0.000021
OPCODE	DA45	20	0.000021
OPCODE	6414	20	0.000021
OPCODE	28BC	20	0.000021
OPCODE	2953	20	0.000021
OPCODE	650E	20	0.000021
OPCODE	2A0B	20	0.000021
OPCODE	3D54	20	0.000021
OPCODE	D885	20	0.000021
OPCODE	36BC	20	0.000021
OPCODE	0044	20	0.000021
OPCODE	532C	20	0.000021
OPCODE	2257	20	0.000021
OPCODE	4C42	20	0.000021
OPCODE	5C4A	20	0.000021
OPCODE	702C	20	0.000021
OPCODE	D0C4	20	0.000021
OPCODE	60BA	20	0.000021
OPCODE	3270	20	0.000021
OPCODE	D111	20	0.000021
OPCODE	2746	20	0.000021
OPCODE	3209	20	0.000021
OPCODE	A11A	20	0.000021
OPCODE	E58D	20	0.000021
OPCODE	B292	19	0.000020
OPCODE	DEAE	19	0.000020
OPCODE	2280	19	0.000020
OPCODE	CAC1	19	0.000020
OPCODE	AA17	19	0.000020
OPCODE	20BC	19	0.000020
OPCODE	6524	19	0.000020
OPCODE	B62C	19	0.000020
OPCODE	C028	19	0.000020
OPCODE	D02C	19	0.000020
OPCODE	C0EA	19	0.000020
OPCODE	0C18	19	0.000020
OPCODE	D6FC	19	0.000020
OPCODE	2604	19	0.000020
OPCODE	3147	19	0.000020
OPCODE	0447	19	0.000020
OPCODE	C06C	19	0.000020
OPCODE	1F01	19	0.000020
OPCODE	701A	19	0.000020
OPCODE	9A59	19	0.000020
OPCODE	6144	19	0.000020
OPCODE	7E06	19	0.000020
OPCODE	9A68	19	0.000020
OPCODE	7604	19	0.000020
OPCODE	9040	19	0.000020
OPCODE	57E7	19	0.000020
OPCODE	50EB	19	0.000020
OPCODE	641A	19	0.000020
OPCODE	902C	19	0.000020
OPCODE	6B1C	19	0.000020
OPCODE	9859	19	0.000020
OPCODE	9582	19	0.000020
OPCODE	3484	19	0.000020
OPCODE	3A29	19	0.000020
OPCODE	2023	18	0.000019
OPCODE	D059	18	0.000019
OPCODE	327C	18	0.000019
OPCODE	966A	18	0.000019
OPCODE	2857	18	0.000019
OPCODE	254B	18	0.000019
OPCODE	0C2E	18	0.000019
OPCODE	281F	18	0.000019
OPCODE	B841	18	0.000019
OPCODE	E250	18	0.000019
OPCODE	747E	18	0.000019
OPCODE	8082	18	0.000019
OPCODE	666A	18	0.000019
OPCODE	162F	18	0.000019
OPCODE	6B54	18	0.000019
OPCODE	F280	18	0.000019
OPCODE	45F7	18	0.000019
OPCODE	7E20	18	0.000019
OPCODE	6302	18	0.000019
OPCODE	E84C	18	0.000019
OPCODE	8E40	18	0.000019
OPCODE	B4FC	18	0.000019
OPCODE	26A8	18	0.000019
OPCODE	6D70	18	0.000019
OPCODE	141C	18	0.000019
OPCODE	2642	17	0.000018
OPCODE	7803	17	0.000018
OPCODE	D646	17	0.000018
OPCODE	90A8	17	0.000018
OPCODE	4A98	17	0.000018
OPCODE	6B6A	17	0.000018
OPCODE	32AE	17	0.000018
OPCODE	7016	17	0.000018
OPCODE	BD90	17	0.000018
OPCODE	BB98	17	0.000018
OPCODE	0A00	17	0.000018
OPCODE	EA84	17	0.000018
OPCODE	341C	17	0.000018
OPCODE	2748	17	0.000018
OPCODE	6146	17	0.000018
OPCODE	5250	17	0.000018
OPCODE	A005	17	0.000018
OPCODE	2C3C	17	0.000018
OPCODE	2407	17	0.000018
OPCODE	700E	17	0.000018
OPCODE	806E	17	0.000018
OPCODE	EA83	17	0.000018
OPCODE	42B6	16	0.000017
OPCODE	183B	16	0.000017
OPCODE	26DA	16	0.000017
OPCODE	2085	16	0.000017
OPCODE	182A	16	0.000017
OPCODE	181B	16	0.000017
OPCODE	2658	16	0.000017
OPCODE	26DC	16	0.000017
OPCODE	3544	16	0.000017
OPCODE	D686	16	0.000017
OPCODE	1A31	16	0.000017
OPCODE	9840	16	0.000017
OPCODE	6E12	16	0.000017
OPCODE	1F2F	16	0.000017
OPCODE	B092	16	0.000017
OPCODE	61BA	16	0.000017
OPCODE	B83A	16	0.000017
OPCODE	0C32	16	0.000017
OPCODE	8128	16	0.000017
OPCODE	60B8	16	0.000017
OPCODE	9446	16	0.000017
OPCODE	3880	16	0.000017
OPCODE	E658	16	0.000017
OPCODE	61B6	16	0.000017
OPCODE	DB45	16	0.000017
OPCODE	61C2	16	0.000017
OPCODE	61CA	16	0.000017
OPCODE	61D2	16	0.000017
OPCODE	2441	16	0.000017
OPCODE	ED98	16	0.000017
OPCODE	2486	16	0.000017
OPCODE	342F	16	0.000017
OPCODE	906F	16	0.000017
OPCODE	E144	16	0.000017
OPCODE	B845	16	0.000017
OPCODE	E04C	16	0.000017
OPCODE	6EAC	16	0.000017
OPCODE	A8B0	16	0.000017
OPCODE	0C90	16	0.000017
OPCODE	1340	16	0.000017
OPCODE	282F	16	0.000017
OPCODE	DC82	16	0.000017
OPCODE	21D8	15	0.000016
OPCODE	A938	15	0.000016
OPCODE	3743	15	0.000016
OPCODE	704A	15	0.000016
OPCODE	3D6D	15	0.000016
OPCODE	C046	15	0.000016
OPCODE	70D5	15	0.000016
OPCODE	2631	15	0.000016
OPCODE	6D6A	15	0.000016
OPCODE	6410	15	0.000016
OPCODE	6350	15	0.000016
OPCODE	2A12	15	0.000016
OPCODE	7E10	15	0.000016
OPCODE	B66C	15	0.000016
OPCODE	3540	15	0.000016
OPCODE	6040	15	0.000016
OPCODE	E286	15	0.000016
OPCODE	A88A	15	0.000016
OPCODE	B293	15	0.000016
OPCODE	A8FA	15	0.000016
OPCODE	58AF	15	0.000016
OPCODE	2146	15	0.000016
OPCODE	276B	15	0.000016
OPCODE	6B72	15	0.000016
OPCODE	182E	15	0.000016
OPCODE	31EE	15	0.000016
OPCODE	1345	15	0.000016
OPCODE	329F	15	0.000016
OPCODE	A04C	15	0.000016
OPCODE	5845	15	0.000016
OPCODE	5886	15	0.000016
OPCODE	261E	14	0.000015
OPCODE	2A6F	14	0.000015
OPCODE	45EC	14	0.000015
OPCODE	3632	14	0.000015
OPCODE	70DD	14	0.000015
OPCODE	2A3C	14	0.000015
OPCODE	2A4C	14	0.000015
OPCODE	703E	14	0.000015
OPCODE	E3A8	14	0.000015
OPCODE	3C07	14	0.000015
OPCODE	316B	14	0.000015
OPCODE	3814	14	0.000015
OPCODE	B046	14	0.000015
OPCODE	12A8	14	0.000015
OPCODE	5941	14	0.000015
OPCODE	11EB	14	0.000015
OPCODE	11D9	14	0.000015
OPCODE	E180	14	0.000015
OPCODE	5C49	14	0.000015
OPCODE	C18D	14	0.000015
OPCODE	0C14	14	0.000015
OPCODE	A9DA	14	0.000015
OPCODE	E54F	14	0.000015
OPCODE	66BA	14	0.000015
OPCODE	9EAB	14	0.000015
OPCODE	0446	14	0.000015
OPCODE	3832	14	0.000015
OPCODE	9E7C	14	0.000015
OPCODE	6316	14	0.000015
OPCODE	0014	14	0.000015
OPCODE	6E36	14	0.000015
OPCODE	22DB	14	0.000015
OPCODE	3180	14	0.000015
OPCODE	22C8	14	0.000015
OPCODE	49EA	14	0.000015
OPCODE	2260	14	0.000015
OPCODE	2D03	14	0.000015
OPCODE	5290	14	0.000015
OPCODE	3199	14	0.000015
OPCODE	2180	14	0.000015
OPCODE	D0AB	14	0.000015
OPCODE	2C68	14	0.000015
OPCODE	50C5	14	0.000015
OPCODE	D1AD	14	0.000015
OPCODE	6D30	14	0.000015
OPCODE	2087	14	0.000015
OPCODE	A9E1	13	0.000014
OPCODE	2C12	13	0.000014
OPCODE	3831	13	0.000014
OPCODE	A950	13	0.000014
OPCODE	2C2C	13	0.000014
OPCODE	21AF	13	0.000014
OPCODE	2C6C	13	0.000014
OPCODE	8114	13	0.000014
OPCODE	AA94	13	0.000014
OPCODE	8841	13	0.000014
OPCODE	2E30	13	0.000014
OPCODE	9085	13	0.000014
OPCODE	9046	13	0.000014
OPCODE	2EAF	13	0.000014
OPCODE	3E05	13	0.000014
OPCODE	5881	13	0.000014
OPCODE	D289	13	0.000014
OPCODE	D3AC	13	0.000014
OPCODE	1F07	13	0.000014
OPCODE	5390	13	0.000014
OPCODE	6C22	13	0.000014
OPCODE	6C20	13	0.000014
OPCODE	D65F	13	0.000014
OPCODE	D7C6	13	0.000014
OPCODE	163B	13	0.000014
OPCODE	DBAB	13	0.000014
OPCODE	5087	13	0.000014
OPCODE	11EE	13	0.000014
OPCODE	11B3	13	0.000014
OPCODE	0CA9	13	0.000014
OPCODE	6760	13	0.000014
OPCODE	E48F	13	0.000014
OPCODE	E586	13	0.000014
OPCODE	0444	13	0.000014
OPCODE	6228	13	0.000014
OPCODE	0052	13	0.000014
OPCODE	6520	13	0.000014
OPCODE	2545	13	0.000014
OPCODE	2944	13	0.000014
OPCODE	B685	13	0.000014
OPCODE	7805	13	0.000014
OPCODE	B7D0	13	0.000014
OPCODE	7610	13	0.000014
OPCODE	B8AC	13	0.000014
OPCODE	BCAA	13	0.000014
OPCODE	45D1	13	0.000014
OPCODE	256E	13	0.000014
OPCODE	2547	13	0.000014
OPCODE	3F42	13	0.000014
OPCODE	C2AC	13	0.000014
OPCODE	C2C0	13	0.000014
OPCODE	2406	13	0.000014
OPCODE	C680	13	0.000014
OPCODE	224E	13	0.000014
OPCODE	5082	13	0.000014
OPCODE	9C87	13	0.000014
OPCODE	21AC	13	0.000014
OPCODE	21AA	13	0.000014
OPCODE	9881	13	0.000014
OPCODE	9BAC	13	0.000014
OPCODE	9FA8	13	0.000014
OPCODE	36B8	13	0.000014
OPCODE	9E83	13	0.000014
OPCODE	9E80	13	0.000014
OPCODE	3745	13	0.000014
OPCODE	9EAE	13	0.000014
OPCODE	9492	13	0.000014
OPCODE	A98D	12	0.000013
OPCODE	E582	12	0.000013
OPCODE	E678	12	0.000013
OPCODE	6076	12	0.000013
OPCODE	4EF6	12	0.000013
OPCODE	D2C5	12	0.000013
OPCODE	677C	12	0.000013
OPCODE	BC45	12	0.000013
OPCODE	6CEA	12	0.000013
OPCODE	4873	12	0.000013
OPCODE	81AE	12	0.000013
OPCODE	BC8A	12	0.000013
OPCODE	6CD8	12	0.000013
OPCODE	4AAF	12	0.000013
OPCODE	BC80	12	0.000013
OPCODE	7022	12	0.000013
OPCODE	341B	12	0.000013
OPCODE	AA67	12	0.000013
OPCODE	E34A	12	0.000013
OPCODE	3033	12	0.000013
OPCODE	7A0F	12	0.000013
OPCODE	BA8B	12	0.000013
OPCODE	00AE	12	0.000013
OPCODE	288B	12	0.000013
OPCODE	240F	12	0.000013
OPCODE	284D	12	0.000013
OPCODE	EDC0	12	0.000013
OPCODE	21EA	12	0.000013
OPCODE	2C0C	12	0.000013
OPCODE	C4C0	12	0.000013
OPCODE	B474	12	0.000013
OPCODE	5945	12	0.000013
OPCODE	44FC	12	0.000013
OPCODE	6ABA	12	0.000013
OPCODE	A800	12	0.000013
OPCODE	DC87	12	0.000013
OPCODE	97C4	12	0.000013
OPCODE	45F3	12	0.000013
OPCODE	2E13	12	0.000013
OPCODE	B0B4	12	0.000013
OPCODE	7064	12	0.000013
OPCODE	908F	12	0.000013
OPCODE	2F69	12	0.000013
OPCODE	5251	12	0.000013
OPCODE	AA12	12	0.000013
OPCODE	E450	12	0.000013
OPCODE	0401	12	0.000013
OPCODE	2881	12	0.000013
OPCODE	70F3	12	0.000013
OPCODE	6694	12	0.000013
OPCODE	2E02	12	0.000013
OPCODE	607C	12	0.000013
OPCODE	5580	12	0.000013
OPCODE	5350	12	0.000013
OPCODE	52A8	12	0.000013
OPCODE	2E42	12	0.000013
OPCODE	6210	12	0.000013
OPCODE	44DF	12	0.000013
OPCODE	026C	12	0.000013
OPCODE	082F	12	0.000013
OPCODE	C02E	12	0.000013
OPCODE	926F	12	0.000013
OPCODE	48E0	11	0.000012
OPCODE	6314	11	0.000012
OPCODE	E291	11	0.000012
OPCODE	A01F	11	0.000012
OPCODE	0A3C	11	0.000012
OPCODE	3E12	11	0.000012
OPCODE	E349	11	0.000012
OPCODE	6C2C	11	0.000012
OPCODE	3607	11	0.000012
OPCODE	AA31	11	0.000012
OPCODE	7AFC	11	0.000012
OPCODE	34BC	11	0.000012
OPCODE	9086	11	0.000012
OPCODE	E399	11	0.000012
OPCODE	0A80	11	0.000012
OPCODE	6202	11	0.000012
OPCODE	3F1E	11	0.000012
OPCODE	B038	11	0.000012
OPCODE	E44C	11	0.000012
OPCODE	6E54	11	0.000012
OPCODE	B097	11	0.000012
OPCODE	47D4	11	0.000012
OPCODE	51C6	11	0.000012
OPCODE	E680	11	0.000012
OPCODE	56E7	11	0.000012
OPCODE	EE4A	11	0.000012
OPCODE	9DC1	11	0.000012
OPCODE	3D01	11	0.000012
OPCODE	1828	11	0.000012
OPCODE	EF8A	11	0.000012
OPCODE	A9A2	11	0.000012
OPCODE	D483	11	0.000012
OPCODE	DA80	11	0.000012
OPCODE	3C19	11	0.000012
OPCODE	965F	11	0.000012
OPCODE	5885	11	0.000012
OPCODE	7088	11	0.000012
OPCODE	2651	11	0.000012
OPCODE	DDC1	11	0.000012
OPCODE	DA43	11	0.000012
OPCODE	51C4	11	0.000012
OPCODE	7647	11	0.000012
OPCODE	1540	11	0.000012
OPCODE	763B	11	0.000012
OPCODE	67CC	11	0.000012
OPCODE	962A	11	0.000012
OPCODE	256B	11	0.000012
OPCODE	2550	11	0.000012
OPCODE	A9E3	11	0.000012
OPCODE	B128	11	0.000012
OPCODE	760F	11	0.000012
OPCODE	A068	11	0.000012
OPCODE	A9C6	11	0.000012
OPCODE	7404	11	0.000012
OPCODE	CD40	11	0.000012
OPCODE	5A40	11	0.000012
OPCODE	2EB1	11	0.000012
OPCODE	D880	11	0.000012
OPCODE	0BC4	10	0.000011
OPCODE	66CA	10	0.000011
OPCODE	9054	10	0.000011
OPCODE	2A7A	10	0.000011
OPCODE	6EC2	10	0.000011
OPCODE	5369	10	0.000011
OPCODE	907C	10	0.000011
OPCODE	9045	10	0.000011
OPCODE	A8B2	10	0.000011
OPCODE	61C0	10	0.000011
OPCODE	1F06	10	0.000011
OPCODE	B297	10	0.000011
OPCODE	B073	10	0.000011
OPCODE	E24A	10	0.000011
OPCODE	6FB8	10	0.000011
OPCODE	B740	10	0.000011
OPCODE	6E1C	10	0.000011
OPCODE	6770	10	0.000011
OPCODE	2045	10	0.000011
OPCODE	6332	10	0.000011
OPCODE	3347	10	0.000011
OPCODE	AA06	10	0.000011
OPCODE	0C15	10	0.000011
OPCODE	4297	10	0.000011
OPCODE	47ED	10	0.000011
OPCODE	7278	10	0.000011
OPCODE	A99B	10	0.000011
OPCODE	D16C	10	0.000011
OPCODE	A878	10	0.000011
OPCODE	2451	10	0.000011
OPCODE	C6C0	10	0.000011
OPCODE	B4A9	10	0.000011
OPCODE	A91C	10	0.000011
OPCODE	6F44	10	0.000011
OPCODE	3A02	10	0.000011
OPCODE	584A	10	0.000011
OPCODE	B650	10	0.000011
OPCODE	A90C	10	0.000011
OPCODE	A8A5	10	0.000011
OPCODE	9168	10	0.000011
OPCODE	3968	10	0.000011
OPCODE	446E	10	0.000011
OPCODE	24AE	10	0.000011
OPCODE	B3EE	9	0.000010
OPCODE	723C	9	0.000010
OPCODE	462F	9	0.000010
OPCODE	BE52	9	0.000010
OPCODE	1628	9	0.000010
OPCODE	2D81	9	0.000010
OPCODE	BE6C	9	0.000010
OPCODE	E04D	9	0.000010
OPCODE	A876	9	0.000010
OPCODE	6EEA	9	0.000010
OPCODE	618C	9	0.000010
OPCODE	720B	9	0.000010
OPCODE	B803	9	0.000010
OPCODE	A146	9	0.000010
OPCODE	B3D7	9	0.000010
OPCODE	C8C6	9	0.000010
OPCODE	1A29	9	0.000010
OPCODE	D5C8	9	0.000010
OPCODE	2947	9	0.000010
OPCODE	2B4C	9	0.000010
OPCODE	0A6E	9	0.000010
OPCODE	94FC	9	0.000010
OPCODE	426D	9	0.000010
OPCODE	8240	9	0.000010
OPCODE	4202	9	0.000010
OPCODE	1002	9	0.000010
OPCODE	A81F	9	0.000010
OPCODE	2841	9	0.000010
OPCODE	3E02	9	0.000010
OPCODE	72A9	9	0.000010
OPCODE	116A	9	0.000010
OPCODE	2768	9	0.000010
OPCODE	2E91	9	0.000010
OPCODE	30F8	9	0.000010
OPCODE	52AC	9	0.000010
OPCODE	006C	9	0.000010
OPCODE	34AB	9	0.000010
OPCODE	651A	9	0.000010
OPCODE	91CC	9	0.000010
OPCODE	208F	9	0.000010
OPCODE	6DA2	9	0.000010
OPCODE	214C	9	0.000010
OPCODE	622A	9	0.000010
OPCODE	A90D	9	0.000010
OPCODE	2EAA	9	0.000010
OPCODE	A9AF	9	0.000010
OPCODE	022F	9	0.000010
OPCODE	3A14	9	0.000010
OPCODE	AA52	9	0.000010
OPCODE	A90A	9	0.000010
OPCODE	3830	9	0.000010
OPCODE	A9B2	9	0.000010
OPCODE	249F	8	0.000009
OPCODE	7C18	8	0.000009
OPCODE	7C1E	8	0.000009
OPCODE	B700	8	0.000009
OPCODE	7C0C	8	0.000009
OPCODE	7C06	8	0.000009
OPCODE	1800	8	0.000009
OPCODE	65EA	8	0.000009
OPCODE	5091	8	0.000009
OPCODE	3143	8	0.000009
OPCODE	D8C3	8	0.000009
OPCODE	AA2A	8	0.000009
OPCODE	BCAE	8	0.000009
OPCODE	36C4	8	0.000009
OPCODE	49F1	8	0.000009
OPCODE	5400	8	0.000009
OPCODE	B454	8	0.000009
OPCODE	E982	8	0.000009
OPCODE	A040	8	0.000009
OPCODE	1F68	8	0.000009
OPCODE	2A1D	8	0.000009
OPCODE	D3C5	8	0.000009
OPCODE	C1ED	8	0.000009
OPCODE	B5EE	8	0.000009
OPCODE	9480	8	0.000009
OPCODE	22CA	8	0.000009
OPCODE	E9E8	8	0.000009
OPCODE	AA68	8	0.000009
OPCODE	E3B8	8	0.000009
OPCODE	D66A	8	0.000009
OPCODE	0251	8	0.000009
OPCODE	B5E9	8	0.000009
OPCODE	D7F3	8	0.000009
OPCODE	4850	8	0.000009
OPCODE	ED6D	8	0.000009
OPCODE	388B	8	0.000009
OPCODE	A908	8	0.000009
OPCODE	5C4B	8	0.000009
OPCODE	BC44	8	0.000009
OPCODE	EDAD	8	0.000009
OPCODE	7015	8	0.000009
OPCODE	E241	8	0.000009
OPCODE	7626	8	0.000009
OPCODE	5BCB	8	0.000009
OPCODE	D2E9	8	0.000009
OPCODE	D845	8	0.000009
OPCODE	BA44	8	0.000009
OPCODE	C2E9	8	0.000009
OPCODE	72FB	8	0.000009
OPCODE	3884	8	0.000009
OPCODE	5A80	8	0.000009
OPCODE	242F	8	0.000009
OPCODE	C4E8	8	0.000009
OPCODE	236A	8	0.000009
OPCODE	BD40	8	0.000009
OPCODE	9557	8	0.000009
OPCODE	196E	8	0.000009
OPCODE	361C	8	0.000009
OPCODE	9647	8	0.000009
OPCODE	31E1	8	0.000009
OPCODE	4877	8	0.000009
OPCODE	EF6D	8	0.000009
OPCODE	E306	8	0.000009
OPCODE	9646	8	0.000009
OPCODE	6798	8	0.000009
OPCODE	BC78	8	0.000009
OPCODE	5947	8	0.000009
OPCODE	EF4B	8	0.000009
OPCODE	A027	8	0.000009
OPCODE	EF48	8	0.000009
OPCODE	C4C4	8	0.000009
OPCODE	B854	8	0.000009
OPCODE	A928	8	0.000009
OPCODE	382F	8	0.000009
OPCODE	CB49	8	0.000009
OPCODE	CCAB	8	0.000009
OPCODE	E7A1	8	0.000009
OPCODE	2C1D	8	0.000009
OPCODE	12FC	8	0.000009
OPCODE	A80D	8	0.000009
OPCODE	8151	8	0.000009
OPCODE	2C44	8	0.000009
OPCODE	D4C5	8	0.000009
OPCODE	97D0	8	0.000009
OPCODE	5389	8	0.000009
OPCODE	362F	8	0.000009
OPCODE	D053	8	0.000009
OPCODE	E949	8	0.000009
OPCODE	CE03	8	0.000009
OPCODE	1E12	8	0.000009
OPCODE	2091	8	0.000009
OPCODE	2274	8	0.000009
OPCODE	5388	8	0.000009
OPCODE	A922	8	0.000009
OPCODE	301C	8	0.000009
OPCODE	381D	8	0.000009
OPCODE	E76C	8	0.000009
OPCODE	2F4D	8	0.000009
OPCODE	DC85	8	0.000009
OPCODE	6684	8	0.000009
OPCODE	3E38	8	0.000009
OPCODE	D605	8	0.000009
OPCODE	05C0	8	0.000009
OPCODE	A162	8	0.000009
OPCODE	4CD9	8	0.000009
OPCODE	36DC	8	0.000009
OPCODE	143B	8	0.000009
OPCODE	9357	8	0.000009
OPCODE	A923	8	0.000009
OPCODE	6164	8	0.000009
OPCODE	2E4B	8	0.000009
OPCODE	20C4	8	0.000009
OPCODE	6184	8	0.000009
OPCODE	B286	8	0.000009
OPCODE	1605	8	0.000009
OPCODE	9084	8	0.000009
OPCODE	32F8	7	0.000007
OPCODE	11D0	7	0.000007
OPCODE	D0B8	7	0.000007
OPCODE	CD38	7	0.000007
OPCODE	1819	7	0.000007
OPCODE	11D1	7	0.000007
OPCODE	5C80	7	0.000007
OPCODE	3613	7	0.000007
OPCODE	5187	7	0.000007
OPCODE	A955	7	0.000007
OPCODE	C0C4	7	0.000007
OPCODE	BA87	7	0.000007
OPCODE	A9A8	7	0.000007
OPCODE	1151	7	0.000007
OPCODE	56C5	7	0.000007
OPCODE	321C	7	0.000007
OPCODE	2429	7	0.000007
OPCODE	2E06	7	0.000007
OPCODE	6EE8	7	0.000007
OPCODE	528B	7	0.000007
OPCODE	51E9	7	0.000007
OPCODE	50C6	7	0.000007
OPCODE	61AA	7	0.000007
OPCODE	617C	7	0.000007
OPCODE	5645	7	0.000007
OPCODE	6548	7	0.000007
OPCODE	1E31	7	0.000007
OPCODE	E259	7	0.000007
OPCODE	8E00	7	0.000007
OPCODE	06B8	7	0.000007
OPCODE	1619	7	0.000007
OPCODE	D4D2	7	0.000007
OPCODE	A064	7	0.000007
OPCODE	2692	7	0.000007
OPCODE	6070	7	0.000007
OPCODE	A86C	7	0.000007
OPCODE	B5ED	7	0.000007
OPCODE	A927	7	0.000007
OPCODE	2086	7	0.000007
OPCODE	A11E	7	0.000007
OPCODE	A836	7	0.000007
OPCODE	5841	7	0.000007
OPCODE	31C7	7	0.000007
OPCODE	6574	7	0.000007
OPCODE	D1EE	7	0.000007
OPCODE	0268	7	0.000007
OPCODE	78FE	7	0.000007
OPCODE	5089	7	0.000007
OPCODE	588B	7	0.000007
OPCODE	9093	7	0.000007
OPCODE	2682	7	0.000007
OPCODE	2293	7	0.000007
OPCODE	DEB8	7	0.000007
OPCODE	CA38	7	0.000007
OPCODE	9A43	7	0.000007
OPCODE	2286	7	0.000007
OPCODE	31C3	7	0.000007
OPCODE	6122	7	0.000007
OPCODE	44C0	7	0.000007
OPCODE	04B8	7	0.000007
OPCODE	45ED	7	0.000007
OPCODE	AA32	7	0.000007
OPCODE	AA43	7	0.000007
OPCODE	57C9	7	0.000007
OPCODE	20F8	7	0.000007
OPCODE	2954	7	0.000007
OPCODE	A815	7	0.000007
OPCODE	5302	7	0.000007
OPCODE	A860	7	0.000007
OPCODE	D8C5	7	0.000007
OPCODE	B678	7	0.000007
OPCODE	BE68	6	0.000006
OPCODE	A943	6	0.000006
OPCODE	7246	6	0.000006
OPCODE	4469	6	0.000006
OPCODE	1801	6	0.000006
OPCODE	C2AB	6	0.000006
OPCODE	1631	6	0.000006
OPCODE	16BC	6	0.000006
OPCODE	E05A	6	0.000006
OPCODE	A402	6	0.000006
OPCODE	7244	6	0.000006
OPCODE	1431	6	0.000006
OPCODE	C0C6	6	0.000006
OPCODE	2670	6	0.000006
OPCODE	BA83	6	0.000006
OPCODE	D1E8	6	0.000006
OPCODE	BE45	6	0.000006
OPCODE	2702	6	0.000006
OPCODE	D1AB	6	0.000006
OPCODE	D2BC	6	0.000006
OPCODE	5701	6	0.000006
OPCODE	1414	6	0.000006
OPCODE	6B32	6	0.000006
OPCODE	DA44	6	0.000006
OPCODE	1740	6	0.000006
OPCODE	1171	6	0.000006
OPCODE	D96C	6	0.000006
OPCODE	DE46	6	0.000006
OPCODE	A440	6	0.000006
OPCODE	C05A	6	0.000006
OPCODE	F35F	6	0.000006
OPCODE	558C	6	0.000006
OPCODE	6D32	6	0.000006
OPCODE	DC47	6	0.000006
OPCODE	6D2A	6	0.000006
OPCODE	D26E	6	0.000006
OPCODE	2760	6	0.000006
OPCODE	E0A1	6	0.000006
OPCODE	7209	6	0.000006
OPCODE	1320	6	0.000006
OPCODE	3332	6	0.000006
OPCODE	0C12	6	0.000006
OPCODE	0A33	6	0.000006
OPCODE	3A28	6	0.000006
OPCODE	E946	6	0.000006
OPCODE	D078	6	0.000006
OPCODE	CBC0	6	0.000006
OPCODE	3E18	6	0.000006
OPCODE	306A	6	0.000006
OPCODE	A8ED	6	0.000006
OPCODE	3A18	6	0.000006
OPCODE	2A6A	6	0.000006
OPCODE	6120	6	0.000006
OPCODE	80BC	6	0.000006
OPCODE	E4A1	6	0.000006
OPCODE	0A30	6	0.000006
OPCODE	53AE	6	0.000006
OPCODE	3618	6	0.000006
OPCODE	03C2	6	0.000006
OPCODE	1882	6	0.000006
OPCODE	802D	6	0.000006
OPCODE	3F20	6	0.000006
OPCODE	C8C1	6	0.000006
OPCODE	E445	6	0.000006
OPCODE	7E94	6	0.000006
OPCODE	9969	6	0.000006
OPCODE	B5D0	6	0.000006
OPCODE	C840	6	0.000006
OPCODE	E668	6	0.000006
OPCODE	6CBC	6	0.000006
OPCODE	6C4C	6	0.000006
OPCODE	66BE	6	0.000006
OPCODE	3803	6	0.000006
OPCODE	8CEE	6	0.000006
OPCODE	6198	6	0.000006
OPCODE	66B8	6	0.000006
OPCODE	0887	6	0.000006
OPCODE	0890	6	0.000006
OPCODE	92C4	6	0.000006
OPCODE	61B2	6	0.000006
OPCODE	4C41	6	0.000006
OPCODE	3D55	6	0.000006
OPCODE	3F1A	6	0.000006
OPCODE	376C	6	0.000006
OPCODE	2247	6	0.000006
OPCODE	93E8	6	0.000006
OPCODE	9EC4	6	0.000006
OPCODE	A8E7	6	0.000006
OPCODE	0644	6	0.000006
OPCODE	CCC1	6	0.000006
OPCODE	6C30	6	0.000006
OPCODE	08EE	6	0.000006
OPCODE	21E8	6	0.000006
OPCODE	D593	6	0.000006
OPCODE	6E72	6	0.000006
OPCODE	9207	6	0.000006
OPCODE	D0C1	6	0.000006
OPCODE	7806	6	0.000006
OPCODE	0204	6	0.000006
OPCODE	30B8	6	0.000006
OPCODE	A09D	6	0.000006
OPCODE	E2A0	6	0.000006
OPCODE	0C9F	6	0.000006
OPCODE	C4C6	6	0.000006
OPCODE	91AC	6	0.000006
OPCODE	EB80	6	0.000006
OPCODE	C4C5	6	0.000006
OPCODE	36AE	6	0.000006
OPCODE	6356	6	0.000006
OPCODE	6E10	6	0.000006
OPCODE	3943	6	0.000006
OPCODE	A821	6	0.000006
OPCODE	3345	6	0.000006
OPCODE	6B52	6	0.000006
OPCODE	C441	6	0.000006
OPCODE	C401	6	0.000006
OPCODE	1941	6	0.000006
OPCODE	740A	6	0.000006
OPCODE	BA29	6	0.000006
OPCODE	D152	6	0.000006
OPCODE	4263	6	0.000006
OPCODE	5AEE	6	0.000006
OPCODE	78F8	6	0.000006
OPCODE	D768	6	0.000006
OPCODE	A0A4	6	0.000006
OPCODE	28AB	6	0.000006
OPCODE	D78C	6	0.000006
OPCODE	6E30	6	0.000006
OPCODE	E342	6	0.000006
OPCODE	90AD	6	0.000006
OPCODE	1A10	6	0.000006
OPCODE	B5F8	6	0.000006
OPCODE	6FB6	6	0.000006
OPCODE	240C	5	0.000005
OPCODE	6D58	5	0.000005
OPCODE	205C	5	0.000005
OPCODE	1942	5	0.000005
OPCODE	D354	5	0.000005
OPCODE	C218	5	0.000005
OPCODE	A851	5	0.000005
OPCODE	2024	5	0.000005
OPCODE	6C4A	5	0.000005
OPCODE	7019	5	0.000005
OPCODE	6D36	5	0.000005
OPCODE	3568	5	0.000005
OPCODE	C82B	5	0.000005
OPCODE	5254	5	0.000005
OPCODE	D1CE	5	0.000005
OPCODE	5328	5	0.000005
OPCODE	D36C	5	0.000005
OPCODE	A90F	5	0.000005
OPCODE	20DA	5	0.000005
OPCODE	5042	5	0.000005
OPCODE	6D4A	5	0.000005
OPCODE	7036	5	0.000005
OPCODE	1D6C	5	0.000005
OPCODE	5041	5	0.000005
OPCODE	7032	5	0.000005
OPCODE	C189	5	0.000005
OPCODE	A80C	5	0.000005
OPCODE	A833	5	0.000005
OPCODE	1E28	5	0.000005
OPCODE	162E	5	0.000005
OPCODE	5301	5	0.000005
OPCODE	A128	5	0.000005
OPCODE	D0EF	5	0.000005
OPCODE	5497	5	0.000005
OPCODE	1F6A	5	0.000005
OPCODE	50EA	5	0.000005
OPCODE	AA28	5	0.000005
OPCODE	08AF	5	0.000005
OPCODE	103C	5	0.000005
OPCODE	022C	5	0.000005
OPCODE	7416	5	0.000005
OPCODE	1083	5	0.000005
OPCODE	4253	5	0.000005
OPCODE	94A9	5	0.000005
OPCODE	AA2D	5	0.000005
OPCODE	AA2B	5	0.000005
OPCODE	AA29	5	0.000005
OPCODE	7A9D	5	0.000005
OPCODE	AA24	5	0.000005
OPCODE	6036	5	0.000005
OPCODE	AA1F	5	0.000005
OPCODE	9E6E	5	0.000005
OPCODE	AA18	5	0.000005
OPCODE	640C	5	0.000005
OPCODE	A9E2	5	0.000005
OPCODE	A9BA	5	0.000005
OPCODE	31AE	5	0.000005
OPCODE	2846	5	0.000005
OPCODE	2EA9	5	0.000005
OPCODE	B7D2	5	0.000005
OPCODE	0C85	5	0.000005
OPCODE	B08B	5	0.000005
OPCODE	9047	5	0.000005
OPCODE	78E0	5	0.000005
OPCODE	76EB	5	0.000005
OPCODE	B7F8	5	0.000005
OPCODE	B840	5	0.000005
OPCODE	66C6	5	0.000005
OPCODE	0C02	5	0.000005
OPCODE	905F	5	0.000005
OPCODE	315F	5	0.000005
OPCODE	7A08	5	0.000005
OPCODE	7606	5	0.000005
OPCODE	A886	5	0.000005
OPCODE	A885	5	0.000005
OPCODE	B9C0	5	0.000005
OPCODE	6764	5	0.000005
OPCODE	892B	5	0.000005
OPCODE	387C	5	0.000005
OPCODE	60A8	5	0.000005
OPCODE	BE9A	5	0.000005
OPCODE	A992	5	0.000005
OPCODE	002C	5	0.000005
OPCODE	A990	5	0.000005
OPCODE	3E14	5	0.000005
OPCODE	1206	5	0.000005
OPCODE	70AB	5	0.000005
OPCODE	002A	5	0.000005
OPCODE	A91F	5	0.000005
OPCODE	60AC	5	0.000005
OPCODE	614C	5	0.000005
OPCODE	A96D	5	0.000005
OPCODE	B450	5	0.000005
OPCODE	A000	5	0.000005
OPCODE	613E	5	0.000005
OPCODE	C045	5	0.000005
OPCODE	B2AC	5	0.000005
OPCODE	E069	5	0.000005
OPCODE	A90E	5	0.000005
OPCODE	362B	5	0.000005
OPCODE	A9A3	5	0.000005
OPCODE	A9A1	5	0.000005
OPCODE	9A47	5	0.000005
OPCODE	A039	5	0.000005
OPCODE	362D	5	0.000005
OPCODE	0C29	5	0.000005
OPCODE	EE49	5	0.000005
OPCODE	11EF	5	0.000005
OPCODE	A001	4	0.000004
OPCODE	1D41	4	0.000004
OPCODE	3178	4	0.000004
OPCODE	B3C5	4	0.000004
OPCODE	8D90	4	0.000004
OPCODE	2E4A	4	0.000004
OPCODE	6E42	4	0.000004
OPCODE	2213	4	0.000004
OPCODE	66A6	4	0.000004
OPCODE	6166	4	0.000004
OPCODE	4A6F	4	0.000004
OPCODE	616E	4	0.000004
OPCODE	CD4B	4	0.000004
OPCODE	3D9F	4	0.000004
OPCODE	1E2C	4	0.000004
OPCODE	4A9C	4	0.000004
OPCODE	A8DA	4	0.000004
OPCODE	B285	4	0.000004
OPCODE	3417	4	0.000004
OPCODE	A8DB	4	0.000004
OPCODE	2B48	4	0.000004
OPCODE	0A44	4	0.000004
OPCODE	2D08	4	0.000004
OPCODE	8800	4	0.000004
OPCODE	4BF9	4	0.000004
OPCODE	B212	4	0.000004
OPCODE	1E14	4	0.000004
OPCODE	E6AC	4	0.000004
OPCODE	E6AD	4	0.000004
OPCODE	EEEE	4	0.000004
OPCODE	A207	4	0.000004
OPCODE	EDC1	4	0.000004
OPCODE	A9A4	4	0.000004
OPCODE	D2E8	4	0.000004
OPCODE	EDE8	4	0.000004
OPCODE	A99A	4	0.000004
OPCODE	A999	4	0.000004
OPCODE	51F8	4	0.000004
OPCODE	205E	4	0.000004
OPCODE	9254	4	0.000004
OPCODE	2061	4	0.000004
OPCODE	6DF4	4	0.000004
OPCODE	A20C	4	0.000004
OPCODE	6452	4	0.000004
OPCODE	D299	4	0.000004
OPCODE	5262	4	0.000004
OPCODE	A23C	4	0.000004
OPCODE	0069	4	0.000004
OPCODE	65E0	4	0.000004
OPCODE	A919	4	0.000004
OPCODE	651E	4	0.000004
OPCODE	9CAB	4	0.000004
OPCODE	D26C	4	0.000004
OPCODE	665C	4	0.000004
OPCODE	6E7E	4	0.000004
OPCODE	6E76	4	0.000004
OPCODE	B06F	4	0.000004
OPCODE	21E1	4	0.000004
OPCODE	3034	4	0.000004
OPCODE	9E8B	4	0.000004
OPCODE	B029	4	0.000004
OPCODE	6E4E	4	0.000004
OPCODE	21CD	4	0.000004
OPCODE	D3E9	4	0.000004
OPCODE	20AD	4	0.000004
OPCODE	E849	4	0.000004
OPCODE	3084	4	0.000004
OPCODE	6E40	4	0.000004
OPCODE	61D6	4	0.000004
OPCODE	D099	4	0.000004
OPCODE	0229	4	0.000004
OPCODE	EA50	4	0.000004
OPCODE	D373	4	0.000004
OPCODE	50C1	4	0.000004
OPCODE	3957	4	0.000004
OPCODE	ECE8	4	0.000004
OPCODE	5147	4	0.000004
OPCODE	7609	4	0.000004
OPCODE	702A	4	0.000004
OPCODE	D7EB	4	0.000004
OPCODE	26CA	4	0.000004
OPCODE	702B	4	0.000004
OPCODE	1031	4	0.000004
OPCODE	26C5	4	0.000004
OPCODE	241D	4	0.000004
OPCODE	2829	4	0.000004
OPCODE	26C2	4	0.000004
OPCODE	1946	4	0.000004
OPCODE	47EF	4	0.000004
OPCODE	C242	4	0.000004
OPCODE	16C1	4	0.000004
OPCODE	268A	4	0.000004
OPCODE	4457	4	0.000004
OPCODE	3687	4	0.000004
OPCODE	97AC	4	0.000004
OPCODE	3346	4	0.000004
OPCODE	0CB1	4	0.000004
OPCODE	24EE	4	0.000004
OPCODE	2671	4	0.000004
OPCODE	9A40	4	0.000004
OPCODE	237C	4	0.000004
OPCODE	BA82	4	0.000004
OPCODE	4274	4	0.000004
OPCODE	2750	4	0.000004
OPCODE	2457	4	0.000004
OPCODE	3685	4	0.000004
OPCODE	594B	4	0.000004
OPCODE	2741	4	0.000004
OPCODE	722C	4	0.000004
OPCODE	A877	4	0.000004
OPCODE	3338	4	0.000004
OPCODE	2774	4	0.000004
OPCODE	59AC	4	0.000004
OPCODE	C007	4	0.000004
OPCODE	E059	4	0.000004
OPCODE	9794	4	0.000004
OPCODE	242D	4	0.000004
OPCODE	9A41	4	0.000004
OPCODE	727F	4	0.000004
OPCODE	10DA	4	0.000004
OPCODE	C2EE	4	0.000004
OPCODE	26CC	4	0.000004
OPCODE	A823	4	0.000004
OPCODE	6B48	4	0.000004
OPCODE	2558	4	0.000004
OPCODE	C745	4	0.000004
OPCODE	34EE	4	0.000004
OPCODE	A81A	4	0.000004
OPCODE	A011	4	0.000004
OPCODE	6AF6	4	0.000004
OPCODE	2629	4	0.000004
OPCODE	3F32	4	0.000004
OPCODE	1383	4	0.000004
OPCODE	6B24	4	0.000004
OPCODE	36C3	4	0.000004
OPCODE	608A	4	0.000004
OPCODE	56E8	4	0.000004
OPCODE	6B58	4	0.000004
OPCODE	B491	4	0.000004
OPCODE	2A38	4	0.000004
OPCODE	A00A	4	0.000004
OPCODE	B46A	4	0.000004
OPCODE	2A4A	4	0.000004
OPCODE	36C7	4	0.000004
OPCODE	3E91	4	0.000004
OPCODE	4641	4	0.000004
OPCODE	A8AA	4	0.000004
OPCODE	6F34	4	0.000004
OPCODE	CAA9	4	0.000004
OPCODE	1C1F	4	0.000004
OPCODE	2369	4	0.000004
OPCODE	0C57	4	0.000004
OPCODE	2646	4	0.000004
OPCODE	2344	4	0.000004
OPCODE	2338	4	0.000004
OPCODE	B6A9	4	0.000004
OPCODE	2945	4	0.000004
OPCODE	6B60	4	0.000004
OPCODE	22FC	4	0.000004
OPCODE	3F68	4	0.000004
OPCODE	6B2C	4	0.000004
OPCODE	1A13	4	0.000004
OPCODE	D6C1	4	0.000004
OPCODE	C05F	4	0.000004
OPCODE	DEC4	3	0.000003
OPCODE	9862	3	0.000003
OPCODE	DA90	3	0.000003
OPCODE	A071	3	0.000003
OPCODE	6454	3	0.000003
OPCODE	648C	3	0.000003
OPCODE	64EC	3	0.000003
OPCODE	9C83	3	0.000003
OPCODE	0068	3	0.000003
OPCODE	3498	3	0.000003
OPCODE	D2D8	3	0.000003
OPCODE	5744	3	0.000003
OPCODE	5588	3	0.000003
OPCODE	D96E	3	0.000003
OPCODE	6A24	3	0.000003
OPCODE	6514	3	0.000003
OPCODE	1A2C	3	0.000003
OPCODE	9EC3	3	0.000003
OPCODE	1F03	3	0.000003
OPCODE	9A80	3	0.000003
OPCODE	0C86	3	0.000003
OPCODE	E848	3	0.000003
OPCODE	6776	3	0.000003
OPCODE	E76D	3	0.000003
OPCODE	618A	3	0.000003
OPCODE	D6D0	3	0.000003
OPCODE	6176	3	0.000003
OPCODE	3378	3	0.000003
OPCODE	1947	3	0.000003
OPCODE	E64C	3	0.000003
OPCODE	1B43	3	0.000003
OPCODE	E648	3	0.000003
OPCODE	E3AA	3	0.000003
OPCODE	08C5	3	0.000003
OPCODE	08D0	3	0.000003
OPCODE	E587	3	0.000003
OPCODE	5446	3	0.000003
OPCODE	1D46	3	0.000003
OPCODE	6138	3	0.000003
OPCODE	0382	3	0.000003
OPCODE	EDA8	3	0.000003
OPCODE	D884	3	0.000003
OPCODE	EC08	3	0.000003
OPCODE	0110	3	0.000003
OPCODE	631A	3	0.000003
OPCODE	182F	3	0.000003
OPCODE	5B40	3	0.000003
OPCODE	6276	3	0.000003
OPCODE	0310	3	0.000003
OPCODE	5500	3	0.000003
OPCODE	D886	3	0.000003
OPCODE	2015	3	0.000003
OPCODE	E98E	3	0.000003
OPCODE	67EC	3	0.000003
OPCODE	E246	3	0.000003
OPCODE	D3EE	3	0.000003
OPCODE	D7D0	3	0.000003
OPCODE	9E85	3	0.000003
OPCODE	61D0	3	0.000003
OPCODE	1F1A	3	0.000003
OPCODE	0C93	3	0.000003
OPCODE	2B53	3	0.000003
OPCODE	48E8	3	0.000003
OPCODE	A81D	3	0.000003
OPCODE	7E04	3	0.000003
OPCODE	6F60	3	0.000003
OPCODE	C6FC	3	0.000003
OPCODE	49D0	3	0.000003
OPCODE	80C4	3	0.000003
OPCODE	C894	3	0.000003
OPCODE	B3EB	3	0.000003
OPCODE	C8AE	3	0.000003
OPCODE	6F4A	3	0.000003
OPCODE	A8AD	3	0.000003
OPCODE	CA2B	3	0.000003
OPCODE	6F3C	3	0.000003
OPCODE	6FF8	3	0.000003
OPCODE	B287	3	0.000003
OPCODE	227C	3	0.000003
OPCODE	2C4C	3	0.000003
OPCODE	CC6B	3	0.000003
OPCODE	2276	3	0.000003
OPCODE	8644	3	0.000003
OPCODE	2D74	3	0.000003
OPCODE	CEC6	3	0.000003
OPCODE	4CED	3	0.000003
OPCODE	97CA	3	0.000003
OPCODE	2E89	3	0.000003
OPCODE	316D	3	0.000003
OPCODE	3B7C	3	0.000003
OPCODE	2476	3	0.000003
OPCODE	2617	3	0.000003
OPCODE	70DC	3	0.000003
OPCODE	9662	3	0.000003
OPCODE	7046	3	0.000003
OPCODE	C017	3	0.000003
OPCODE	7042	3	0.000003
OPCODE	C12C	3	0.000003
OPCODE	723A	3	0.000003
OPCODE	7034	3	0.000003
OPCODE	7252	3	0.000003
OPCODE	7410	3	0.000003
OPCODE	B9EA	3	0.000003
OPCODE	3622	3	0.000003
OPCODE	A910	3	0.000003
OPCODE	A87F	3	0.000003
OPCODE	4233	3	0.000003
OPCODE	7608	3	0.000003
OPCODE	7618	3	0.000003
OPCODE	B868	3	0.000003
OPCODE	C2BC	3	0.000003
OPCODE	B810	3	0.000003
OPCODE	C2DF	3	0.000003
OPCODE	B7EA	3	0.000003
OPCODE	2888	3	0.000003
OPCODE	41D6	3	0.000003
OPCODE	7A07	3	0.000003
OPCODE	4879	3	0.000003
OPCODE	A937	3	0.000003
OPCODE	306D	3	0.000003
OPCODE	6D4E	3	0.000003
OPCODE	908A	3	0.000003
OPCODE	3045	3	0.000003
OPCODE	20D2	3	0.000003
OPCODE	508B	3	0.000003
OPCODE	214E	3	0.000003
OPCODE	308B	3	0.000003
OPCODE	A91B	3	0.000003
OPCODE	D16A	3	0.000003
OPCODE	AA1D	3	0.000003
OPCODE	30E4	3	0.000003
OPCODE	D0D0	3	0.000003
OPCODE	21C2	3	0.000003
OPCODE	A906	3	0.000003
OPCODE	D0EA	3	0.000003
OPCODE	9846	3	0.000003
OPCODE	A915	3	0.000003
OPCODE	91EE	3	0.000003
OPCODE	425A	2	0.000002
OPCODE	EF09	2	0.000002
OPCODE	7440	2	0.000002
OPCODE	0081	2	0.000002
OPCODE	A95D	2	0.000002
OPCODE	A956	2	0.000002
OPCODE	A02B	2	0.000002
OPCODE	10C2	2	0.000002
OPCODE	BAA8	2	0.000002
OPCODE	10D1	2	0.000002
OPCODE	D25F	2	0.000002
OPCODE	BA46	2	0.000002
OPCODE	7628	2	0.000002
OPCODE	B7C4	2	0.000002
OPCODE	288A	2	0.000002
OPCODE	B7DF	2	0.000002
OPCODE	A9C3	2	0.000002
OPCODE	767E	2	0.000002
OPCODE	E28B	2	0.000002
OPCODE	640E	2	0.000002
OPCODE	A909	2	0.000002
OPCODE	0CAB	2	0.000002
OPCODE	3144	2	0.000002
OPCODE	0094	2	0.000002
OPCODE	6418	2	0.000002
OPCODE	7615	2	0.000002
OPCODE	760A	2	0.000002
OPCODE	101A	2	0.000002
OPCODE	2752	2	0.000002
OPCODE	EF4A	2	0.000002
OPCODE	6430	2	0.000002
OPCODE	3212	2	0.000002
OPCODE	2687	2	0.000002
OPCODE	A92D	2	0.000002
OPCODE	2672	2	0.000002
OPCODE	9CFA	2	0.000002
OPCODE	2657	2	0.000002
OPCODE	122E	2	0.000002
OPCODE	DEBC	2	0.000002
OPCODE	70F7	2	0.000002
OPCODE	122F	2	0.000002
OPCODE	3208	2	0.000002
OPCODE	6A56	2	0.000002
OPCODE	A051	2	0.000002
OPCODE	12AA	2	0.000002
OPCODE	A058	2	0.000002
OPCODE	12DB	2	0.000002
OPCODE	10E9	2	0.000002
OPCODE	A059	2	0.000002
OPCODE	7094	2	0.000002
OPCODE	BCA8	2	0.000002
OPCODE	5990	2	0.000002
OPCODE	276A	2	0.000002
OPCODE	116E	2	0.000002
OPCODE	B66D	2	0.000002
OPCODE	274A	2	0.000002
OPCODE	6588	2	0.000002
OPCODE	E09B	2	0.000002
OPCODE	A02F	2	0.000002
OPCODE	7236	2	0.000002
OPCODE	A87D	2	0.000002
OPCODE	BCAC	2	0.000002
OPCODE	3680	2	0.000002
OPCODE	E089	2	0.000002
OPCODE	BE28	2	0.000002
OPCODE	6A1A	2	0.000002
OPCODE	6A1C	2	0.000002
OPCODE	DFED	2	0.000002
OPCODE	5894	2	0.000002
OPCODE	2C4F	2	0.000002
OPCODE	8D93	2	0.000002
OPCODE	9EA8	2	0.000002
OPCODE	B141	2	0.000002
OPCODE	B1DF	2	0.000002
OPCODE	B1ED	2	0.000002
OPCODE	B1EF	2	0.000002
OPCODE	E942	2	0.000002
OPCODE	3D51	2	0.000002
OPCODE	B241	2	0.000002
OPCODE	93C0	2	0.000002
OPCODE	03C0	2	0.000002
OPCODE	3E01	2	0.000002
OPCODE	82F8	2	0.000002
OPCODE	82AE	2	0.000002
OPCODE	0900	2	0.000002
OPCODE	8283	2	0.000002
OPCODE	B298	2	0.000002
OPCODE	B2AF	2	0.000002
OPCODE	E908	2	0.000002
OPCODE	B07A	2	0.000002
OPCODE	2F61	2	0.000002
OPCODE	668A	2	0.000002
OPCODE	61B4	2	0.000002
OPCODE	0482	2	0.000002
OPCODE	2EAB	2	0.000002
OPCODE	E847	2	0.000002
OPCODE	92B8	2	0.000002
OPCODE	046C	2	0.000002
OPCODE	2B6E	2	0.000002
OPCODE	B0A0	2	0.000002
OPCODE	E7B8	2	0.000002
OPCODE	0454	2	0.000002
OPCODE	66AE	2	0.000002
OPCODE	9030	2	0.000002
OPCODE	66B4	2	0.000002
OPCODE	B0B0	2	0.000002
OPCODE	B0BA	2	0.000002
OPCODE	EBD7	2	0.000002
OPCODE	3F17	2	0.000002
OPCODE	3F21	2	0.000002
OPCODE	7E27	2	0.000002
OPCODE	E408	2	0.000002
OPCODE	607A	2	0.000002
OPCODE	2971	2	0.000002
OPCODE	91CE	2	0.000002
OPCODE	7CEA	2	0.000002
OPCODE	B5F3	2	0.000002
OPCODE	B46D	2	0.000002
OPCODE	A9F1	2	0.000002
OPCODE	7C0D	2	0.000002
OPCODE	63F0	2	0.000002
OPCODE	0494	2	0.000002
OPCODE	A897	2	0.000002
OPCODE	A896	2	0.000002
OPCODE	9243	2	0.000002
OPCODE	5F40	2	0.000002
OPCODE	AA41	2	0.000002
OPCODE	0300	2	0.000002
OPCODE	2B4A	2	0.000002
OPCODE	A904	2	0.000002
OPCODE	2A90	2	0.000002
OPCODE	6226	2	0.000002
OPCODE	90AA	2	0.000002
OPCODE	B3E8	2	0.000002
OPCODE	AA48	2	0.000002
OPCODE	80D7	2	0.000002
OPCODE	780D	2	0.000002
OPCODE	2A61	2	0.000002
OPCODE	9AAE	2	0.000002
OPCODE	A004	2	0.000002
OPCODE	3EBC	2	0.000002
OPCODE	EB5A	2	0.000002
OPCODE	3F13	2	0.000002
OPCODE	2A42	2	0.000002
OPCODE	EB98	2	0.000002
OPCODE	6B46	2	0.000002
OPCODE	D3C3	2	0.000002
OPCODE	A71E	2	0.000002
OPCODE	2380	2	0.000002
OPCODE	C4EE	2	0.000002
OPCODE	240D	2	0.000002
OPCODE	1943	2	0.000002
OPCODE	C3FC	2	0.000002
OPCODE	323A	2	0.000002
OPCODE	7017	2	0.000002
OPCODE	701B	2	0.000002
OPCODE	18AD	2	0.000002
OPCODE	701D	2	0.000002
OPCODE	215A	2	0.000002
OPCODE	A079	2	0.000002
OPCODE	C293	2	0.000002
OPCODE	C681	2	0.000002
OPCODE	7026	2	0.000002
OPCODE	6B40	2	0.000002
OPCODE	A461	2	0.000002
OPCODE	6B36	2	0.000002
OPCODE	248B	2	0.000002
OPCODE	248C	2	0.000002
OPCODE	D954	2	0.000002
OPCODE	51AE	2	0.000002
OPCODE	2148	2	0.000002
OPCODE	D183	2	0.000002
OPCODE	D2C3	2	0.000002
OPCODE	528A	2	0.000002
OPCODE	24D5	2	0.000002
OPCODE	A43C	2	0.000002
OPCODE	1B54	2	0.000002
OPCODE	CE45	2	0.000002
OPCODE	CCA9	2	0.000002
OPCODE	2231	2	0.000002
OPCODE	4CD2	2	0.000002
OPCODE	D4B8	2	0.000002
OPCODE	4CEA	2	0.000002
OPCODE	4A58	2	0.000002
OPCODE	5351	2	0.000002
OPCODE	6F20	2	0.000002
OPCODE	6EBA	2	0.000002
OPCODE	260A	2	0.000002
OPCODE	1F29	2	0.000002
OPCODE	6F38	2	0.000002
OPCODE	6C1C	2	0.000002
OPCODE	228A	2	0.000002
OPCODE	5257	2	0.000002
OPCODE	6F50	2	0.000002
OPCODE	5447	2	0.000002
OPCODE	22CD	2	0.000002
OPCODE	6BD8	2	0.000002
OPCODE	6BD6	2	0.000002
OPCODE	22E9	2	0.000002
OPCODE	21CF	2	0.000002
OPCODE	C6C2	2	0.000002
OPCODE	6F62	2	0.000002
OPCODE	22EF	2	0.000002
OPCODE	A804	2	0.000002
OPCODE	49C0	2	0.000002
OPCODE	219F	2	0.000002
OPCODE	D09F	2	0.000002
OPCODE	A854	2	0.000002
OPCODE	A346	2	0.000002
OPCODE	6B20	2	0.000002
OPCODE	6D2C	2	0.000002
OPCODE	1403	2	0.000002
OPCODE	C192	2	0.000002
OPCODE	20AC	2	0.000002
OPCODE	A852	2	0.000002
OPCODE	D283	2	0.000002
OPCODE	A41C	2	0.000002
OPCODE	254C	2	0.000002
OPCODE	2609	2	0.000002
OPCODE	C0AA	2	0.000002
OPCODE	2083	2	0.000002
OPCODE	C193	2	0.000002
OPCODE	C1AC	2	0.000002
OPCODE	3292	2	0.000002
OPCODE	C0EE	2	0.000002
OPCODE	20E9	2	0.000002
OPCODE	D1D0	2	0.000002
OPCODE	A805	1	0.000001
OPCODE	A958	1	0.000001
OPCODE	D3F1	1	0.000001
OPCODE	0047	1	0.000001
OPCODE	A1A4	1	0.000001
OPCODE	20E4	1	0.000001
OPCODE	6498	1	0.000001
OPCODE	A801	1	0.000001
OPCODE	2F24	1	0.000001
OPCODE	A954	1	0.000001
OPCODE	6686	1	0.000001
OPCODE	64E8	1	0.000001
OPCODE	3B43	1	0.000001
OPCODE	EFEB	1	0.000001
OPCODE	3B40	1	0.000001
OPCODE	3015	1	0.000001
OPCODE	066D	1	0.000001
OPCODE	A95F	1	0.000001
OPCODE	A969	1	0.000001
OPCODE	006E	1	0.000001
OPCODE	A96E	1	0.000001
OPCODE	6CF8	1	0.000001
OPCODE	382B	1	0.000001
OPCODE	3024	1	0.000001
OPCODE	3168	1	0.000001
OPCODE	3A1C	1	0.000001
OPCODE	A746	1	0.000001
OPCODE	3068	1	0.000001
OPCODE	B102	1	0.000001
OPCODE	07F2	1	0.000001
OPCODE	2E81	1	0.000001
OPCODE	A916	1	0.000001
OPCODE	A914	1	0.000001
OPCODE	8EC5	1	0.000001
OPCODE	6ED8	1	0.000001
OPCODE	A913	1	0.000001
OPCODE	6C42	1	0.000001
OPCODE	D046	1	0.000001
OPCODE	0028	1	0.000001
OPCODE	3154	1	0.000001
OPCODE	6C3A	1	0.000001
OPCODE	8C85	1	0.000001
OPCODE	9FC0	1	0.000001
OPCODE	2E0C	1	0.000001
OPCODE	8A40	1	0.000001
OPCODE	2072	1	0.000001
OPCODE	21D7	1	0.000001
OPCODE	1F2C	1	0.000001
OPCODE	64F2	1	0.000001
OPCODE	2E04	1	0.000001
OPCODE	3C05	1	0.000001
OPCODE	D1FC	1	0.000001
OPCODE	20AB	1	0.000001
OPCODE	34C5	1	0.000001
OPCODE	21D3	1	0.000001
OPCODE	0646	1	0.000001
OPCODE	986D	1	0.000001
OPCODE	A807	1	0.000001
OPCODE	A92A	1	0.000001
OPCODE	D069	1	0.000001
OPCODE	0704	1	0.000001
OPCODE	2E82	1	0.000001
OPCODE	382D	1	0.000001
OPCODE	07B2	1	0.000001
OPCODE	9C6A	1	0.000001
OPCODE	211F	1	0.000001
OPCODE	AA0D	1	0.000001
OPCODE	6322	1	0.000001
OPCODE	0090	1	0.000001
OPCODE	AA0E	1	0.000001
OPCODE	91A8	1	0.000001
OPCODE	01F1	1	0.000001
OPCODE	A983	1	0.000001
OPCODE	A98B	1	0.000001
OPCODE	AA1E	1	0.000001
OPCODE	0213	1	0.000001
OPCODE	9190	1	0.000001
OPCODE	AA2E	1	0.000001
OPCODE	9154	1	0.000001
OPCODE	5299	1	0.000001
OPCODE	D294	1	0.000001
OPCODE	622E	1	0.000001
OPCODE	EC88	1	0.000001
OPCODE	526F	1	0.000001
OPCODE	A9C8	1	0.000001
OPCODE	A9CD	1	0.000001
OPCODE	A9CE	1	0.000001
OPCODE	A9D2	1	0.000001
OPCODE	2064	1	0.000001
OPCODE	6D7C	1	0.000001
OPCODE	A991	1	0.000001
OPCODE	90C0	1	0.000001
OPCODE	AA00	1	0.000001
OPCODE	6374	1	0.000001
OPCODE	51C5	1	0.000001
OPCODE	AA07	1	0.000001
OPCODE	AA08	1	0.000001
OPCODE	EE98	1	0.000001
OPCODE	D154	1	0.000001
OPCODE	9E40	1	0.000001
OPCODE	D3AA	1	0.000001
OPCODE	309F	1	0.000001
OPCODE	02AC	1	0.000001
OPCODE	A97C	1	0.000001
OPCODE	216D	1	0.000001
OPCODE	61E6	1	0.000001
OPCODE	AA98	1	0.000001
OPCODE	642C	1	0.000001
OPCODE	309A	1	0.000001
OPCODE	0293	1	0.000001
OPCODE	5269	1	0.000001
OPCODE	3614	1	0.000001
OPCODE	ABC0	1	0.000001
OPCODE	315A	1	0.000001
OPCODE	2101	1	0.000001
OPCODE	908C	1	0.000001
OPCODE	908B	1	0.000001
OPCODE	986B	1	0.000001
OPCODE	A97D	1	0.000001
OPCODE	AA45	1	0.000001
OPCODE	AA46	1	0.000001
OPCODE	A982	1	0.000001
OPCODE	2152	1	0.000001
OPCODE	526A	1	0.000001
OPCODE	A981	1	0.000001
OPCODE	0086	1	0.000001
OPCODE	9E84	1	0.000001
OPCODE	34AE	1	0.000001
OPCODE	AA92	1	0.000001
OPCODE	E9D7	1	0.000001
OPCODE	203B	1	0.000001
OPCODE	AA93	1	0.000001
OPCODE	A51E	1	0.000001
OPCODE	AA95	1	0.000001
OPCODE	34A8	1	0.000001
OPCODE	620E	1	0.000001
OPCODE	24EB	1	0.000001
OPCODE	1147	1	0.000001
OPCODE	E14B	1	0.000001
OPCODE	D96A	1	0.000001
OPCODE	24A9	1	0.000001
OPCODE	24C7	1	0.000001
OPCODE	7245	1	0.000001
OPCODE	24E8	1	0.000001
OPCODE	5949	1	0.000001
OPCODE	3284	1	0.000001
OPCODE	5948	1	0.000001
OPCODE	1143	1	0.000001
OPCODE	7035	1	0.000001
OPCODE	E0A5	1	0.000001
OPCODE	162A	1	0.000001
OPCODE	D9C7	1	0.000001
OPCODE	D9C8	1	0.000001
OPCODE	A84A	1	0.000001
OPCODE	55C3	1	0.000001
OPCODE	7038	1	0.000001
OPCODE	BE50	1	0.000001
OPCODE	72FC	1	0.000001
OPCODE	A87E	1	0.000001
OPCODE	1034	1	0.000001
OPCODE	C27C	1	0.000001
OPCODE	C26E	1	0.000001
OPCODE	554C	1	0.000001
OPCODE	1085	1	0.000001
OPCODE	5BC6	1	0.000001
OPCODE	5BC2	1	0.000001
OPCODE	5BC0	1	0.000001
OPCODE	10BC	1	0.000001
OPCODE	4294	1	0.000001
OPCODE	E18A	1	0.000001
OPCODE	E182	1	0.000001
OPCODE	D938	1	0.000001
OPCODE	BA6C	1	0.000001
OPCODE	2493	1	0.000001
OPCODE	2778	1	0.000001
OPCODE	6926	1	0.000001
OPCODE	6928	1	0.000001
OPCODE	E14F	1	0.000001
OPCODE	70C0	1	0.000001
OPCODE	705B	1	0.000001
OPCODE	705C	1	0.000001
OPCODE	6A72	1	0.000001
OPCODE	7068	1	0.000001
OPCODE	DE42	1	0.000001
OPCODE	C069	1	0.000001
OPCODE	A86F	1	0.000001
OPCODE	C09F	1	0.000001
OPCODE	966D	1	0.000001
OPCODE	DC8B	1	0.000001
OPCODE	56D8	1	0.000001
OPCODE	A85E	1	0.000001
OPCODE	DBC3	1	0.000001
OPCODE	1413	1	0.000001
OPCODE	56EF	1	0.000001
OPCODE	70A1	1	0.000001
OPCODE	A05E	1	0.000001
OPCODE	A05F	1	0.000001
OPCODE	7085	1	0.000001
OPCODE	2610	1	0.000001
OPCODE	26AE	1	0.000001
OPCODE	721C	1	0.000001
OPCODE	A033	1	0.000001
OPCODE	42B0	1	0.000001
OPCODE	BE85	1	0.000001
OPCODE	A03B	1	0.000001
OPCODE	42B1	1	0.000001
OPCODE	46AF	1	0.000001
OPCODE	4697	1	0.000001
OPCODE	9A7C	1	0.000001
OPCODE	7029	1	0.000001
OPCODE	1213	1	0.000001
OPCODE	DABC	1	0.000001
OPCODE	14BC	1	0.000001
OPCODE	255F	1	0.000001
OPCODE	5680	1	0.000001
OPCODE	44FB	1	0.000001
OPCODE	9A6A	1	0.000001
OPCODE	C0C2	1	0.000001
OPCODE	9A69	1	0.000001
OPCODE	B3F0	1	0.000001
OPCODE	4A55	1	0.000001
OPCODE	CA86	1	0.000001
OPCODE	8282	1	0.000001
OPCODE	3E08	1	0.000001
OPCODE	1C1B	1	0.000001
OPCODE	8229	1	0.000001
OPCODE	B2B1	1	0.000001
OPCODE	81C1	1	0.000001
OPCODE	5391	1	0.000001
OPCODE	D668	1	0.000001
OPCODE	6F28	1	0.000001
OPCODE	B429	1	0.000001
OPCODE	60D0	1	0.000001
OPCODE	356A	1	0.000001
OPCODE	3F08	1	0.000001
OPCODE	D691	1	0.000001
OPCODE	548C	1	0.000001
OPCODE	946D	1	0.000001
OPCODE	2A14	1	0.000001
OPCODE	6090	1	0.000001
OPCODE	3D6C	1	0.000001
OPCODE	3C2A	1	0.000001
OPCODE	CE46	1	0.000001
OPCODE	89A8	1	0.000001
OPCODE	617E	1	0.000001
OPCODE	93C1	1	0.000001
OPCODE	6178	1	0.000001
OPCODE	4A89	1	0.000001
OPCODE	2264	1	0.000001
OPCODE	CC83	1	0.000001
OPCODE	49C2	1	0.000001
OPCODE	CC53	1	0.000001
OPCODE	83FC	1	0.000001
OPCODE	08C1	1	0.000001
OPCODE	CC42	1	0.000001
OPCODE	4A57	1	0.000001
OPCODE	616A	1	0.000001
OPCODE	1C28	1	0.000001
OPCODE	31C1	1	0.000001
OPCODE	3741	1	0.000001
OPCODE	36AA	1	0.000001
OPCODE	B7E9	1	0.000001
OPCODE	0C91	1	0.000001
OPCODE	76F7	1	0.000001
OPCODE	5D88	1	0.000001
OPCODE	B7F1	1	0.000001
OPCODE	E28C	1	0.000001
OPCODE	701C	1	0.000001
OPCODE	31EB	1	0.000001
OPCODE	96FC	1	0.000001
OPCODE	5C89	1	0.000001
OPCODE	5E80	1	0.000001
OPCODE	2872	1	0.000001
OPCODE	A080	1	0.000001
OPCODE	4212	1	0.000001
OPCODE	E26C	1	0.000001
OPCODE	C290	1	0.000001
OPCODE	7027	1	0.000001
OPCODE	B8AE	1	0.000001
OPCODE	5C47	1	0.000001
OPCODE	A880	1	0.000001
OPCODE	7C20	1	0.000001
OPCODE	7E07	1	0.000001
OPCODE	5494	1	0.000001
OPCODE	D730	1	0.000001
OPCODE	7CEF	1	0.000001
OPCODE	7CEE	1	0.000001
OPCODE	2964	1	0.000001
OPCODE	234B	1	0.000001
OPCODE	E38D	1	0.000001
OPCODE	1971	1	0.000001
OPCODE	CEAC	1	0.000001
OPCODE	E36A	1	0.000001
OPCODE	A020	1	0.000001
OPCODE	2957	1	0.000001
OPCODE	195F	1	0.000001
OPCODE	240B	1	0.000001
OPCODE	41D3	1	0.000001
OPCODE	C444	1	0.000001
OPCODE	2414	1	0.000001
OPCODE	C3EE	1	0.000001
FPU_GUARD_META	format	fpu-guard-profile-v2-enabled
FPU_GUARD_META	post_round_predicate	candidate6c_guard_independent_of_FPCR_enables
FPU_GUARD_META	sample	pre_eval_inputs_committed_start_inclusive_stop_exclusive
FPU_GUARD_META	counts	new_fp_command_branch_events_not_retirements_or_unique_requests
FPU_GUARD_META	side_bits	cr_we,fm_we,bsun_req,fp_reset,frestore_idle,frestore_unimp,fsave_ack,pend_capture
FPU_GUARD_SUMMARY	edges	raw	restore	pending	unexpected_single_class	enable_rejected_55ff_normal	context_dropped	eligible_post_round	eligible_post_mismatch	reconciles
FPU_GUARD_SUMMARY	524160000	273	0	0	0	0	0	0	0	1
FPU_GUARD_BUCKET	precision	enables	raw	single	exp_zero	exp_normal	exp_allones	old_guard_73bc	guard_55ff	guard_6c
FPU_GUARD_BUCKET	0	0	24	0	0	0	0	0	0	0
FPU_GUARD_BUCKET	0	32	249	0	0	0	0	0	0	0
FPU_GUARD_REJECT_SIDE	0	0
FPU_GUARD_REJECT_SIDE	1	0
FPU_GUARD_REJECT_SIDE	2	0
FPU_GUARD_REJECT_SIDE	3	0
FPU_GUARD_REJECT_SIDE	4	0
FPU_GUARD_REJECT_SIDE	5	0
FPU_GUARD_REJECT_SIDE	6	0
FPU_GUARD_REJECT_SIDE	7	0
FPU_GUARD_CONTEXT	profile_edge	pc	fpcr	opclass	side_bits	old_guard_73bc	guard_55ff	guard_6c
