CONFIG_END	pc	cacr	tc
CONFIG_END	0010A060	80008000	0000C000
ENABLED_CYCLES	ic	dc	mmu
ENABLED_CYCLES	524160000	524160000	524160000
SUMMARY	cycles	dispatches	clocks_per_dispatch	rd_accept_samples	look_hit_cycles	ipred_hit_cycles
SUMMARY	524160000	95514940	5.487728	69654096	95887881	5482098
STATE	id	cycles	entries	percent
STATE	3	54188130	14630429	10.338090
STATE	4	50291145	41583338	9.594617
STATE	5	282266	282266	0.053851
STATE	8	15279967	10231773	2.915134
STATE	9	188961875	32514911	36.050419
STATE	10	75342586	22295413	14.373967
STATE	11	3317044	3317044	0.632830
STATE	13	3861487	3853529	0.736700
STATE	15	1316902	1316902	0.251240
STATE	16	839392	839392	0.160140
STATE	17	627214	627214	0.119661
STATE	18	5567	5567	0.001062
STATE	19	3479668	3479668	0.663856
STATE	20	32683122	32683122	6.235333
STATE	21	663694	663694	0.126620
STATE	22	2863058	2863058	0.546218
STATE	23	815222	815222	0.155529
STATE	24	1479749	1479749	0.282309
STATE	26	1715876	1715876	0.327357
STATE	27	1774470	1774470	0.338536
STATE	28	5504501	5504501	1.050157
STATE	29	98658	98658	0.018822
STATE	30	309320	29975	0.059013
STATE	31	577	577	0.000110
STATE	34	531020	281463	0.101309
STATE	35	281475	281475	0.053700
STATE	36	281475	281475	0.053700
STATE	37	281475	281475	0.053700
STATE	38	12	12	0.000002
STATE	39	281475	281475	0.053700
STATE	41	281475	281475	0.053700
STATE	42	281475	281475	0.053700
STATE	43	15172	15172	0.002895
STATE	44	15172	15172	0.002895
STATE	45	15172	15172	0.002895
STATE	46	15172	15172	0.002895
STATE	47	15172	15172	0.002895
STATE	48	97419	97419	0.018586
STATE	49	141	141	0.000027
STATE	51	1184658	1156401	0.226011
STATE	52	500952	500952	0.095572
STATE	53	4737504	4736295	0.903828
STATE	55	988429	988429	0.188574
STATE	56	1007963	1007963	0.192301
STATE	57	102856	102856	0.019623
STATE	58	349348	349348	0.066649
STATE	59	15619	15619	0.002980
STATE	62	384549	384549	0.073365
STATE	65	384548	384548	0.073365
STATE	68	1137076	1137076	0.216933
STATE	69	824185	824185	0.157239
STATE	70	4831503	4831503	0.921761
STATE	78	120120	120120	0.022917
STATE	79	120120	120120	0.022917
STATE	81	171399	171399	0.032700
STATE	82	212834	163341	0.040605
STATE	87	4053	4053	0.000773
STATE	89	2523006	2523006	0.481343
STATE	90	2523006	2523006	0.481343
STATE	91	2523006	2523006	0.481343
STATE	92	2523006	2523006	0.481343
STATE	96	2523006	2523006	0.481343
STATE	97	2523006	2523006	0.481343
STATE	98	57096	57096	0.010893
STATE	99	98658	98658	0.018822
STATE	102	312891	312891	0.059694
STATE	103	4007	4007	0.000764
STATE	104	4007	4007	0.000764
STATE	106	79668	26556	0.015199
STATE	107	290584	4053	0.055438
STATE	112	380831	380831	0.072655
STATE	113	380831	380831	0.072655
STATE	114	39566	39566	0.007548
STATE	115	6384	6384	0.001218
STATE	116	39566	39566	0.007548
STATE	117	341265	341265	0.065107
STATE	118	341265	341265	0.065107
STATE	119	3670	3670	0.000700
STATE	120	341265	341265	0.065107
STATE	121	133021	133021	0.025378
STATE	122	43	43	0.000008
STATE	129	6384	6384	0.001218
STATE	130	380831	380831	0.072655
STATE	131	380831	380831	0.072655
STATE	132	133021	133021	0.025378
STATE	133	2828527	21527	0.539630
STATE	151	30	30	0.000006
STATE	152	6	6	0.000001
STATE	153	1117	840	0.000213
STATE	154	62	62	0.000012
STATE	155	128	128	0.000024
STATE	157	16	16	0.000003
STATE	158	120	120	0.000023
STATE	160	966	273	0.000184
STATE	161	381	381	0.000073
STATE	162	536	322	0.000102
STATE	163	304	304	0.000058
STATE	164	214	214	0.000041
STATE	165	466	466	0.000089
STATE	167	18	18	0.000003
STATE	171	6	6	0.000001
STATE	173	319	319	0.000061
STATE	175	6471	176	0.001235
STATE	176	752	24	0.000143
STATE	177	40	40	0.000008
STATE	178	5543755	2251192	1.057646
STATE	179	1969793	1969793	0.375800
STATE	180	281399	281399	0.053686
STATE	181	14966	14966	0.002855
STATE	182	156	156	0.000030
STATE	183	156	156	0.000030
STATE	190	27331401	16959774	5.214324
STATE	191	12	12	0.000002
STATE	250	2111654	1564896	0.402864
MEM	name	value
MEM	mrd_cycles_cst0	79704712
MEM	mrd_cycles_cst1	9861665
MEM	mrd_cycles_cst4	40610870
MEM	mrd_cycles_cst5	2650335
MEM	mrd_cycles_cst6	56134293
MEM	mwr_cycles_cst0	48275512
MEM	mwr_cycles_cst1	1024223
MEM	mwr_cycles_cst4	7483805
MEM	mwr_cycles_cst5	1429338
MEM	mwr_cycles_cst6	17129708
MEM	mrd_cycles_sb_pending	13014355
MEM	mwr_cycles_sb_pending	30226154
MEM	data_tagwrite_entries	3257945
MEM	instr_tagwrite_entries	5500894
MEM	sb_push_signal_samples	29812996
MEM	sb_full_request_samples	7
MEM	read_with_store_pending_samples	2455509
MEM	pass_cycles_write	30959066
MEM	pass_cycles_read	54987862
REFILL_META	clock_sample	post_eval_rising_edge
REFILL_META	duration	C_FILL_through_C_TAGW_complete_bracket_spans_only
REFILL_META	mrd_overlap	core_state_9_and_C_FILL_same_sample
REFILL_META	states	issued_is_registered_state_local_match_is_combinational_setup_is_neither
REFILL_PARTIAL	start	1
REFILL_PARTIAL	end	0
REFILL_PARTIAL	aborted	0
REFILL_REGION	bank	region	fill_entries	fill_samples	tagwrite_samples	issued_state_samples	local_match_samples	setup_state_samples	mrd_overlap_samples	completed
REFILL_REGION	data	ram	3140121	25097667	3140121	18842629	3139970	3115068	25096074	3140121
REFILL_REGION	data	rom	117824	1118695	117824	647399	0	471296	568567	117824
REFILL_REGION	instruction	ram	2757901	22546074	2757901	17029001	2757210	2759863	5795394	2757901
REFILL_REGION	instruction	rom	2742992	27833717	2742993	16861748	0	10971969	9150835	2742992
REFILL_SAMPLE	bank	region	fill_cnt	r_issued	fill_acked	clocks
REFILL_SAMPLE	data	ram	0	0	0	3140121
REFILL_SAMPLE	data	ram	0	1	0	18842176
REFILL_SAMPLE	data	ram	1	0	0	354738
REFILL_SAMPLE	data	ram	1	0	1	2759877
REFILL_SAMPLE	data	ram	1	1	0	71
REFILL_SAMPLE	data	ram	1	1	1	80
REFILL_SAMPLE	data	ram	2	0	1	151
REFILL_SAMPLE	data	ram	2	1	1	151
REFILL_SAMPLE	data	ram	3	0	1	151
REFILL_SAMPLE	data	ram	3	1	1	151
REFILL_SAMPLE	data	rom	0	0	0	117824
REFILL_SAMPLE	data	rom	0	1	0	293927
REFILL_SAMPLE	data	rom	1	0	0	228
REFILL_SAMPLE	data	rom	1	0	1	117596
REFILL_SAMPLE	data	rom	1	1	0	228
REFILL_SAMPLE	data	rom	1	1	1	117596
REFILL_SAMPLE	data	rom	2	0	1	117824
REFILL_SAMPLE	data	rom	2	1	1	117824
REFILL_SAMPLE	data	rom	3	0	1	117824
REFILL_SAMPLE	data	rom	3	1	1	117824
REFILL_SAMPLE	instruction	ram	0	0	0	2757901
REFILL_SAMPLE	instruction	ram	0	1	0	17026928
REFILL_SAMPLE	instruction	ram	1	0	1	2757790
REFILL_SAMPLE	instruction	ram	1	1	1	691
REFILL_SAMPLE	instruction	ram	2	0	1	691
REFILL_SAMPLE	instruction	ram	2	1	1	691
REFILL_SAMPLE	instruction	ram	3	0	1	691
REFILL_SAMPLE	instruction	ram	3	1	1	691
REFILL_SAMPLE	instruction	rom	0	0	0	2742992
REFILL_SAMPLE	instruction	rom	0	1	0	8632771
REFILL_SAMPLE	instruction	rom	1	0	1	2742992
REFILL_SAMPLE	instruction	rom	1	1	1	2742992
REFILL_SAMPLE	instruction	rom	2	0	1	2742992
REFILL_SAMPLE	instruction	rom	2	1	1	2742992
REFILL_SAMPLE	instruction	rom	3	0	1	2742993
REFILL_SAMPLE	instruction	rom	3	1	1	2742993
REFILL_DURATION	bank	region	clocks	complete_fills
REFILL_DURATION	data	ram	2	25506
REFILL_DURATION	instruction	ram	2	111
REFILL_DURATION	data	ram	9	3000327
REFILL_DURATION	data	rom	9	29987
REFILL_DURATION	instruction	ram	9	2420887
REFILL_DURATION	instruction	rom	9	7988
REFILL_DURATION	data	ram	10	78339
REFILL_DURATION	instruction	ram	10	217315
REFILL_DURATION	data	ram	11	31631
REFILL_DURATION	data	rom	11	87409
REFILL_DURATION	instruction	ram	11	96454
REFILL_DURATION	instruction	rom	11	2405814
REFILL_DURATION	data	ram	12	4149
REFILL_DURATION	data	rom	12	427
REFILL_DURATION	instruction	ram	12	22197
REFILL_DURATION	instruction	rom	12	251963
REFILL_DURATION	data	ram	13	1
REFILL_DURATION	data	rom	13	1
REFILL_DURATION	instruction	rom	13	66755
REFILL_DURATION	data	ram	14	7
REFILL_DURATION	instruction	ram	14	20
REFILL_DURATION	instruction	rom	14	9349
REFILL_DURATION	data	ram	15	43
REFILL_DURATION	instruction	ram	15	238
REFILL_DURATION	data	ram	16	75
REFILL_DURATION	instruction	ram	16	197
REFILL_DURATION	instruction	rom	16	497
REFILL_DURATION	data	ram	17	16
REFILL_DURATION	instruction	ram	17	456
REFILL_DURATION	instruction	rom	17	616
REFILL_DURATION	data	ram	18	27
REFILL_DURATION	instruction	ram	18	6
REFILL_DURATION	instruction	rom	18	10
REFILL_DURATION	instruction	ram	20	20
CACHE_STATE	id	cycles	percent
CACHE_STATE	0	329922353	62.943062
CACHE_STATE	1	20180271	3.850021
CACHE_STATE	4	76596153	14.613124
CACHE_STATE	5	8758839	1.671024
CACHE_STATE	6	85946928	16.397079
CACHE_STATE	7	2755456	0.525690
TRANSITION	from	to	count
TRANSITION	3	4	14630311
TRANSITION	3	34	118
TRANSITION	4	3	4698623
TRANSITION	4	8	1776724
TRANSITION	4	9	2076126
TRANSITION	4	10	246256
TRANSITION	4	11	2209347
TRANSITION	4	13	155757
TRANSITION	4	20	15665678
TRANSITION	4	34	266303
TRANSITION	4	43	15172
TRANSITION	4	48	85564
TRANSITION	4	51	129804
TRANSITION	4	53	76593
TRANSITION	4	62	254214
TRANSITION	4	65	87122
TRANSITION	4	68	847000
TRANSITION	4	78	120120
TRANSITION	4	81	110257
TRANSITION	4	87	4053
TRANSITION	4	89	2500053
TRANSITION	4	98	49136
TRANSITION	4	104	2617
TRANSITION	4	106	26556
TRANSITION	4	112	359255
TRANSITION	4	133	21527
TRANSITION	4	153	117
TRANSITION	4	167	18
TRANSITION	4	181	292
TRANSITION	4	190	8567279
TRANSITION	4	250	1231775
TRANSITION	5	3	171578
TRANSITION	5	4	56655
TRANSITION	5	20	53757
TRANSITION	5	53	6
TRANSITION	5	56	80
TRANSITION	5	181	162
TRANSITION	5	190	28
TRANSITION	8	13	3328138
TRANSITION	8	15	903291
TRANSITION	8	16	811694
TRANSITION	8	18	5567
TRANSITION	8	19	3479668
TRANSITION	8	20	857433
TRANSITION	8	48	11855
TRANSITION	8	51	254792
TRANSITION	8	53	50983
TRANSITION	8	62	123183
TRANSITION	8	68	290076
TRANSITION	8	81	61142
TRANSITION	8	89	22953
TRANSITION	8	98	7960
TRANSITION	8	104	1390
TRANSITION	8	112	21576
TRANSITION	8	153	24
TRANSITION	8	157	8
TRANSITION	8	177	40
TRANSITION	9	3	3171888
TRANSITION	9	4	8681077
TRANSITION	9	8	13638
TRANSITION	9	10	6207986
TRANSITION	9	11	142219
TRANSITION	9	13	165154
TRANSITION	9	15	8657
TRANSITION	9	17	627214
TRANSITION	9	20	5598420
TRANSITION	9	23	815085
TRANSITION	9	27	1774470
TRANSITION	9	28	3504
TRANSITION	9	42	281475
TRANSITION	9	44	15172
TRANSITION	9	45	15172
TRANSITION	9	46	15172
TRANSITION	9	49	141
TRANSITION	9	51	339988
TRANSITION	9	53	58864
TRANSITION	9	55	20497
TRANSITION	9	56	60136
TRANSITION	9	62	3673
TRANSITION	9	65	115139
TRANSITION	9	70	578381
TRANSITION	9	118	341226
TRANSITION	9	119	3670
TRANSITION	9	153	110
TRANSITION	9	160	120
TRANSITION	9	162	129
TRANSITION	9	165	130
TRANSITION	9	171	6
TRANSITION	9	175	176
TRANSITION	9	181	1679
TRANSITION	9	190	3366098
TRANSITION	9	250	88444
TRANSITION	10	3	1087665
TRANSITION	10	4	2363120
TRANSITION	10	9	2680819
TRANSITION	10	13	99703
TRANSITION	10	20	2783475
TRANSITION	10	36	281475
TRANSITION	10	37	281475
TRANSITION	10	38	12
TRANSITION	10	39	281475
TRANSITION	10	51	115973
TRANSITION	10	52	500952
TRANSITION	10	53	2884999
TRANSITION	10	55	27943
TRANSITION	10	56	146205
TRANSITION	10	57	102856
TRANSITION	10	62	3464
TRANSITION	10	65	34880
TRANSITION	10	70	3116046
TRANSITION	10	96	2523006
TRANSITION	10	122	43
TRANSITION	10	153	158
TRANSITION	10	161	381
TRANSITION	10	162	85
TRANSITION	10	165	252
TRANSITION	10	176	24
TRANSITION	10	181	1692
TRANSITION	10	183	156
TRANSITION	10	190	2732402
TRANSITION	10	250	244677
TRANSITION	11	8	1714243
TRANSITION	11	26	366902
TRANSITION	11	55	674270
TRANSITION	11	56	76103
TRANSITION	11	58	112
TRANSITION	11	59	8539
TRANSITION	11	102	157275
TRANSITION	11	117	319562
TRANSITION	11	151	30
TRANSITION	11	152	6
TRANSITION	11	155	2
TRANSITION	13	3	59502
TRANSITION	13	4	141755
TRANSITION	13	9	1988129
TRANSITION	13	10	243896
TRANSITION	13	20	348551
TRANSITION	13	22	215825
TRANSITION	13	26	495059
TRANSITION	13	51	1712
TRANSITION	13	53	561
TRANSITION	13	55	2577
TRANSITION	13	56	178631
TRANSITION	13	62	5
TRANSITION	13	102	155256
TRANSITION	13	117	21703
TRANSITION	13	155	82
TRANSITION	13	181	35
TRANSITION	13	190	250
TRANSITION	15	8	811694
TRANSITION	15	9	223458
TRANSITION	15	16	27698
TRANSITION	15	22	1
TRANSITION	15	26	86701
TRANSITION	15	55	27677
TRANSITION	15	56	3559
TRANSITION	15	58	136114
TRANSITION	16	9	627214
TRANSITION	16	22	210036
TRANSITION	16	55	1320
TRANSITION	16	58	822
TRANSITION	17	8	5567
TRANSITION	17	22	95377
TRANSITION	17	26	684
TRANSITION	17	55	6219
TRANSITION	17	56	439805
TRANSITION	17	58	79518
TRANSITION	17	155	44
TRANSITION	18	22	3901
TRANSITION	18	26	418
TRANSITION	18	58	1248
TRANSITION	19	22	2337918
TRANSITION	19	26	766112
TRANSITION	19	55	219851
TRANSITION	19	56	16813
TRANSITION	19	58	131534
TRANSITION	19	59	7080
TRANSITION	19	102	360
TRANSITION	20	8	5909859
TRANSITION	20	9	16068593
TRANSITION	20	10	6219822
TRANSITION	20	11	215104
TRANSITION	20	15	404954
TRANSITION	20	21	663694
TRANSITION	20	24	968
TRANSITION	20	28	1578179
TRANSITION	20	190	1621949
TRANSITION	21	24	663694
TRANSITION	22	9	2863058
TRANSITION	23	3	4
TRANSITION	23	20	5
TRANSITION	23	24	815087
TRANSITION	23	53	15
TRANSITION	23	190	111
TRANSITION	24	11	96090
TRANSITION	24	28	1383659
TRANSITION	26	9	651201
TRANSITION	26	10	443824
TRANSITION	26	28	620851
TRANSITION	27	28	1774470
TRANSITION	28	3	40494
TRANSITION	28	4	2219366
TRANSITION	28	5	54051
TRANSITION	28	10	2866362
TRANSITION	28	13	4052
TRANSITION	28	20	20203
TRANSITION	28	29	98658
TRANSITION	28	30	25968
TRANSITION	28	51	142607
TRANSITION	28	53	7052
TRANSITION	28	55	2
TRANSITION	28	65	173
TRANSITION	28	103	4007
TRANSITION	28	181	352
TRANSITION	28	190	21154
TRANSITION	29	99	98658
TRANSITION	30	3	213
TRANSITION	30	4	11482
TRANSITION	30	20	17220
TRANSITION	30	31	577
TRANSITION	30	55	1
TRANSITION	30	65	6
TRANSITION	30	181	6
TRANSITION	30	190	470
TRANSITION	31	4	26
TRANSITION	31	20	551
TRANSITION	34	35	281463
TRANSITION	35	10	281475
TRANSITION	36	10	281475
TRANSITION	37	10	281475
TRANSITION	38	10	12
TRANSITION	39	41	281475
TRANSITION	41	9	281475
TRANSITION	42	34	76
TRANSITION	42	178	281399
TRANSITION	43	9	15172
TRANSITION	44	9	15172
TRANSITION	45	9	15172
TRANSITION	46	47	15172
TRANSITION	47	3	7470
TRANSITION	47	181	7702
TRANSITION	48	9	97419
TRANSITION	49	181	141
TRANSITION	51	3	449811
TRANSITION	51	4	120825
TRANSITION	51	10	320020
TRANSITION	51	13	5184
TRANSITION	51	20	255689
TRANSITION	51	56	3927
TRANSITION	51	62	10
TRANSITION	51	181	28
TRANSITION	51	190	907
TRANSITION	52	3	500904
TRANSITION	52	181	48
TRANSITION	53	3	340681
TRANSITION	53	4	3235729
TRANSITION	53	13	22
TRANSITION	53	20	791976
TRANSITION	53	51	8869
TRANSITION	53	56	1
TRANSITION	53	65	590
TRANSITION	53	181	89
TRANSITION	53	190	358338
TRANSITION	55	3	958132
TRANSITION	55	4	30236
TRANSITION	55	181	61
TRANSITION	56	10	1007963
TRANSITION	57	3	102832
TRANSITION	57	181	24
TRANSITION	58	3	8306
TRANSITION	58	4	115915
TRANSITION	58	13	3538
TRANSITION	58	20	221530
TRANSITION	58	56	33
TRANSITION	58	181	26
TRANSITION	59	10	15619
TRANSITION	62	10	384549
TRANSITION	65	9	384548
TRANSITION	68	11	312891
TRANSITION	68	69	824185
TRANSITION	69	70	824185
TRANSITION	70	3	85623
TRANSITION	70	4	535030
TRANSITION	70	9	578381
TRANSITION	70	10	3116046
TRANSITION	70	13	18963
TRANSITION	70	20	338321
TRANSITION	70	51	4243
TRANSITION	70	53	113
TRANSITION	70	55	3559
TRANSITION	70	56	7359
TRANSITION	70	65	139766
TRANSITION	70	153	74
TRANSITION	70	181	354
TRANSITION	70	190	3671
TRANSITION	78	79	120120
TRANSITION	79	3	678
TRANSITION	79	4	61652
TRANSITION	79	20	57764
TRANSITION	79	56	23
TRANSITION	79	181	3
TRANSITION	81	5	8058
TRANSITION	81	82	163341
TRANSITION	82	5	163341
TRANSITION	87	107	4053
TRANSITION	89	90	2523006
TRANSITION	90	91	2523006
TRANSITION	91	92	2523006
TRANSITION	92	9	2523006
TRANSITION	96	97	2523006
TRANSITION	97	4	2309083
TRANSITION	97	51	184
TRANSITION	97	53	212357
TRANSITION	97	181	1382
TRANSITION	98	3	120
TRANSITION	98	4	11
TRANSITION	98	5	56792
TRANSITION	98	20	173
TRANSITION	99	3	720
TRANSITION	99	4	48683
TRANSITION	99	20	1731
TRANSITION	99	181	5
TRANSITION	99	190	47519
TRANSITION	102	70	312891
TRANSITION	103	30	4007
TRANSITION	104	20	4007
TRANSITION	106	3	26556
TRANSITION	107	3	4053
TRANSITION	112	113	380831
TRANSITION	113	11	341265
TRANSITION	113	114	39566
TRANSITION	114	115	6384
TRANSITION	114	116	33182
TRANSITION	115	116	6384
TRANSITION	116	130	39566
TRANSITION	117	9	341265
TRANSITION	118	9	3670
TRANSITION	118	120	337595
TRANSITION	119	120	3670
TRANSITION	120	130	341265
TRANSITION	121	10	133021
TRANSITION	122	10	43
TRANSITION	129	4	6238
TRANSITION	129	20	100
TRANSITION	129	153	44
TRANSITION	129	181	2
TRANSITION	130	131	380831
TRANSITION	131	3	1182
TRANSITION	131	4	236388
TRANSITION	131	20	3722
TRANSITION	131	129	6384
TRANSITION	131	132	133021
TRANSITION	131	181	45
TRANSITION	131	190	89
TRANSITION	132	121	133021
TRANSITION	133	3	21505
TRANSITION	133	181	22
TRANSITION	151	10	18
TRANSITION	151	182	12
TRANSITION	152	9	6
TRANSITION	153	8	40
TRANSITION	153	11	128
TRANSITION	153	154	62
TRANSITION	153	157	8
TRANSITION	153	158	76
TRANSITION	153	160	145
TRANSITION	153	164	62
TRANSITION	153	173	319
TRANSITION	154	162	62
TRANSITION	155	158	44
TRANSITION	155	162	46
TRANSITION	155	164	38
TRANSITION	157	8	8
TRANSITION	157	160	8
TRANSITION	158	9	120
TRANSITION	160	4	4
TRANSITION	160	10	145
TRANSITION	160	20	68
TRANSITION	160	153	44
TRANSITION	160	191	12
TRANSITION	161	4	18
TRANSITION	161	10	236
TRANSITION	161	20	115
TRANSITION	161	153	12
TRANSITION	162	4	38
TRANSITION	162	9	129
TRANSITION	162	20	51
TRANSITION	162	65	12
TRANSITION	162	153	7
TRANSITION	162	163	85
TRANSITION	163	3	6
TRANSITION	163	4	101
TRANSITION	163	10	85
TRANSITION	163	20	112
TRANSITION	164	9	130
TRANSITION	164	165	84
TRANSITION	165	4	15
TRANSITION	165	10	252
TRANSITION	165	20	6
TRANSITION	165	153	79
TRANSITION	165	164	114
TRANSITION	167	20	18
TRANSITION	171	4	6
TRANSITION	173	4	78
TRANSITION	173	153	22
TRANSITION	173	163	219
TRANSITION	175	23	137
TRANSITION	175	118	39
TRANSITION	176	5	24
TRANSITION	177	3	12
TRANSITION	177	20	12
TRANSITION	177	153	16
TRANSITION	178	179	1969793
TRANSITION	178	180	281399
TRANSITION	179	178	1969793
TRANSITION	180	3	281399
TRANSITION	181	34	14966
TRANSITION	182	10	156
TRANSITION	183	4	12
TRANSITION	183	182	144
TRANSITION	190	3	2604320
TRANSITION	190	4	6756917
TRANSITION	190	9	59155
TRANSITION	190	13	72835
TRANSITION	190	20	5633111
TRANSITION	190	28	143838
TRANSITION	190	51	158226
TRANSITION	190	53	1443913
TRANSITION	190	55	4513
TRANSITION	190	56	75285
TRANSITION	190	65	6860
TRANSITION	190	153	133
TRANSITION	190	181	668
TRANSITION	191	35	12
TRANSITION	250	3	6151
TRANSITION	250	4	22567
TRANSITION	250	9	1021493
TRANSITION	250	10	244677
TRANSITION	250	13	183
TRANSITION	250	20	29323
TRANSITION	250	51	3
TRANSITION	250	53	839
TRANSITION	250	56	3
TRANSITION	250	181	148
TRANSITION	250	190	239509
F4SITE	F4E9	0009AD6E	8260
F4SITE	F4E9	40887126	451
F4SITE	F4E9	408E9B18	56
F4SITE	F4F1	0009AD6A	167
F4SITE	F4F1	40887122	12
F4SITE	F4F8	0009AD20	28
F4SITE	F4F8	40885032	12553
F4CALL	0009AD6E	00000000	197
F4CALL	0009AD6E	00001010	252
F4CALL	0009AD6E	2FC80000	146
F4CALL	0009AD6E	9224FFFF	6632
F4CALL	0009AD6E	E2E60000	168
F4CALL	40885032	40804088	8644
F4CALL	40885032	40887824	3621
F4CALL	40887126	00000000	166
F4CALL	40887126	00000001	175
OPCODE	opcode	dispatches	percent
OPCODE	51CA	2332711	2.442247
OPCODE	4E75	2214349	2.318327
OPCODE	22C4	2058218	2.154865
OPCODE	F624	1699885	1.779706
OPCODE	6EFA	1489520	1.559463
OPCODE	2ADC	1284744	1.345071
OPCODE	B041	931533	0.975275
OPCODE	B0B8	911333	0.954126
OPCODE	F623	789053	0.826104
OPCODE	51C9	753376	0.788752
OPCODE	3018	736944	0.771548
OPCODE	6D06	715672	0.749278
OPCODE	B3CA	714814	0.748379
OPCODE	1981	679068	0.710955
OPCODE	B452	664144	0.695330
OPCODE	6DFA	652931	0.683590
OPCODE	B451	634456	0.664248
OPCODE	594A	619360	0.648443
OPCODE	6706	570583	0.597376
OPCODE	6002	562450	0.588861
OPCODE	B481	560516	0.586836
OPCODE	1018	548019	0.573752
OPCODE	202E	531436	0.556390
OPCODE	51CE	526372	0.551089
OPCODE	51CD	521418	0.545902
OPCODE	5343	508080	0.531938
OPCODE	3219	491432	0.514508
OPCODE	5043	477745	0.500178
OPCODE	48E7	473845	0.496095
OPCODE	4A11	473693	0.495936
OPCODE	66C0	471718	0.493868
OPCODE	4EBA	463679	0.485452
OPCODE	22C0	439491	0.460128
OPCODE	B3D6	427063	0.447116
OPCODE	6426	425110	0.445072
OPCODE	5380	424420	0.444349
OPCODE	4258	424009	0.443919
OPCODE	2211	423462	0.443346
OPCODE	C282	420790	0.440549
OPCODE	D3C1	420770	0.440528
OPCODE	4EB0	418569	0.438224
OPCODE	0C40	413746	0.433174
OPCODE	4E71	399201	0.417946
OPCODE	4681	396067	0.414665
OPCODE	4E56	380957	0.398845
OPCODE	4E5E	380956	0.398844
OPCODE	D040	367789	0.385059
OPCODE	302E	364346	0.381454
OPCODE	2602	358823	0.375672
OPCODE	5849	348058	0.364402
OPCODE	D685	345203	0.361413
OPCODE	6E06	340691	0.356689
OPCODE	4CDF	334059	0.349745
OPCODE	D8C7	330024	0.345521
OPCODE	672E	329457	0.344927
OPCODE	7000	328757	0.344194
OPCODE	201B	327030	0.342386
OPCODE	2883	325744	0.341040
OPCODE	8685	325744	0.341040
OPCODE	C694	325744	0.341040
OPCODE	6ECA	323854	0.339061
OPCODE	BE6E	318997	0.333976
OPCODE	7A00	312104	0.326759
OPCODE	2040	304600	0.318903
OPCODE	1A2B	303351	0.317595
OPCODE	6AF8	302104	0.316290
OPCODE	2F0A	301152	0.315293
OPCODE	245F	291587	0.305279
OPCODE	6C04	285050	0.298435
OPCODE	241F	280894	0.294084
OPCODE	2F02	280489	0.293660
OPCODE	4ED0	278615	0.291698
OPCODE	6708	275401	0.288333
OPCODE	0C42	272908	0.285723
OPCODE	0C50	270618	0.283325
OPCODE	246F	266716	0.279240
OPCODE	2F4A	266303	0.278808
OPCODE	341A	266303	0.278808
OPCODE	4EF9	265259	0.277715
OPCODE	34C0	263093	0.275447
OPCODE	51CB	260462	0.272692
OPCODE	4A42	258814	0.270967
OPCODE	2011	257748	0.269851
OPCODE	2480	252934	0.264811
OPCODE	264F	252653	0.264517
OPCODE	22D2	252360	0.264210
OPCODE	342E	251839	0.263665
OPCODE	C0B8	250665	0.262435
OPCODE	205F	248602	0.260276
OPCODE	6F04	242150	0.253521
OPCODE	0240	239447	0.250691
OPCODE	C084	237341	0.248486
OPCODE	34C1	233422	0.244383
OPCODE	72FF	226516	0.237152
OPCODE	9980	226364	0.236993
OPCODE	6100	225777	0.236379
OPCODE	286E	222467	0.232913
OPCODE	246E	222051	0.232478
OPCODE	2050	213990	0.224038
OPCODE	DA87	212896	0.222893
OPCODE	91CA	212895	0.222892
OPCODE	D986	212895	0.222892
OPCODE	D584	212895	0.222892
OPCODE	D3CA	212895	0.222892
OPCODE	701F	212568	0.222549
OPCODE	4ED4	212221	0.222186
OPCODE	C240	210699	0.220593
OPCODE	E0A9	210078	0.219943
OPCODE	DFAE	209691	0.219537
OPCODE	8081	207097	0.216822
OPCODE	76FF	205345	0.214987
OPCODE	4A2E	204925	0.214548
OPCODE	6718	204649	0.214259
OPCODE	6604	202658	0.212174
OPCODE	2001	201901	0.211382
OPCODE	2D41	200762	0.210189
OPCODE	B058	198735	0.208067
OPCODE	48C1	198546	0.207869
OPCODE	D4C0	198049	0.207349
OPCODE	322E	197603	0.206882
OPCODE	2018	196768	0.206008
OPCODE	206E	193153	0.202223
OPCODE	2F38	192363	0.201396
OPCODE	2F70	191734	0.200737
OPCODE	0442	191089	0.200062
OPCODE	9A87	190972	0.199939
OPCODE	9685	190972	0.199939
OPCODE	D1CA	190959	0.199926
OPCODE	93CA	190959	0.199926
OPCODE	9584	190959	0.199926
OPCODE	9986	190959	0.199926
OPCODE	47EE	186937	0.195715
OPCODE	48C2	186921	0.195698
OPCODE	9440	185198	0.193894
OPCODE	4840	184162	0.192810
OPCODE	B242	183650	0.192274
OPCODE	B46B	183526	0.192144
OPCODE	B26B	183524	0.192142
OPCODE	B05B	183276	0.191882
OPCODE	0838	182938	0.191528
OPCODE	6C32	182800	0.191384
OPCODE	E1A9	182413	0.190979
OPCODE	6700	182307	0.190868
OPCODE	C042	182291	0.190851
OPCODE	D2C0	181944	0.190487
OPCODE	EA80	181762	0.190297
OPCODE	C291	181760	0.190295
OPCODE	E1AA	181760	0.190295
OPCODE	E2AB	181760	0.190295
OPCODE	EA82	181760	0.190295
OPCODE	6000	179072	0.187481
OPCODE	225F	178472	0.186852
OPCODE	32D8	178298	0.186670
OPCODE	4841	177875	0.186227
OPCODE	600C	175247	0.183476
OPCODE	B042	174987	0.183204
OPCODE	2078	174658	0.182859
OPCODE	51C8	174171	0.182349
OPCODE	6D00	173169	0.181300
OPCODE	6606	168620	0.176538
OPCODE	D1AE	167785	0.175664
OPCODE	226E	166749	0.174579
OPCODE	4E7B	163341	0.171011
OPCODE	34FC	161684	0.169276
OPCODE	2E9F	161100	0.168665
OPCODE	B26A	159778	0.167281
OPCODE	6DF2	159767	0.167269
OPCODE	6006	158060	0.165482
OPCODE	200C	156787	0.164149
OPCODE	2010	155788	0.163103
OPCODE	B269	154809	0.162078
OPCODE	6EF2	154196	0.161437
OPCODE	0C03	153622	0.160836
OPCODE	200B	152011	0.159149
OPCODE	24C5	150416	0.157479
OPCODE	2F08	145884	0.152734
OPCODE	2F0C	145717	0.152559
OPCODE	4CEE	141026	0.147648
OPCODE	66A0	139407	0.145953
OPCODE	654E	139289	0.145830
OPCODE	2008	139082	0.145613
OPCODE	2F2E	138288	0.144782
OPCODE	E9D0	137220	0.143663
OPCODE	B380	136502	0.142912
OPCODE	6702	133443	0.139709
OPCODE	3228	133057	0.139305
OPCODE	5382	132869	0.139108
OPCODE	EFD1	132523	0.138746
OPCODE	2037	132384	0.138600
OPCODE	DC84	132192	0.138399
OPCODE	22D8	130691	0.136828
OPCODE	63D0	128858	0.134909
OPCODE	6600	127763	0.133762
OPCODE	0C97	127410	0.133393
OPCODE	20C0	123365	0.129158
OPCODE	6704	122475	0.128226
OPCODE	2AC6	121450	0.127153
OPCODE	5542	119284	0.124885
OPCODE	B7CC	118807	0.124386
OPCODE	2D40	118385	0.123944
OPCODE	6D18	116800	0.122285
OPCODE	2055	115469	0.120891
OPCODE	486E	115058	0.120461
OPCODE	B3CC	114602	0.119983
OPCODE	2F09	113393	0.118718
OPCODE	4684	113162	0.118476
OPCODE	2819	112038	0.117299
OPCODE	C892	112016	0.117276
OPCODE	8A84	112016	0.117276
OPCODE	CA84	112016	0.117276
OPCODE	0C38	110799	0.116002
OPCODE	67F4	109936	0.115098
OPCODE	2447	109907	0.115068
OPCODE	224B	109510	0.114652
OPCODE	284A	109497	0.114639
OPCODE	3203	109033	0.114153
OPCODE	558F	107199	0.112233
OPCODE	C283	106875	0.111893
OPCODE	2A06	106391	0.111387
OPCODE	224D	105040	0.109972
OPCODE	6D3C	104814	0.109736
OPCODE	DAEE	104006	0.108890
OPCODE	47FA	103589	0.108453
OPCODE	8043	103462	0.108320
OPCODE	E290	103230	0.108077
OPCODE	244C	103185	0.108030
OPCODE	6734	103086	0.107927
OPCODE	D08C	102356	0.107162
OPCODE	3410	102339	0.107144
OPCODE	2068	101511	0.106278
OPCODE	4680	100909	0.105647
OPCODE	48C0	100422	0.105137
OPCODE	5341	99905	0.104596
OPCODE	670A	99720	0.104403
OPCODE	4A40	98002	0.102604
OPCODE	4E74	97419	0.101993
OPCODE	2F01	97219	0.101784
OPCODE	41FA	96241	0.100760
OPCODE	266E	94470	0.098906
OPCODE	61FF	94243	0.098668
OPCODE	221F	93773	0.098176
OPCODE	4A80	93374	0.097759
OPCODE	4A10	92847	0.097207
OPCODE	2AC0	92822	0.097181
OPCODE	584F	92111	0.096436
OPCODE	2478	91752	0.096060
OPCODE	6608	90678	0.094936
OPCODE	24D9	90183	0.094418
OPCODE	6714	89742	0.093956
OPCODE	2415	89414	0.093613
OPCODE	598F	89195	0.093383
OPCODE	3202	89030	0.093211
OPCODE	21CA	88586	0.092746
OPCODE	3029	88581	0.092740
OPCODE	47FB	88577	0.092736
OPCODE	47F9	88370	0.092520
OPCODE	21CB	88327	0.092475
OPCODE	670E	87987	0.092119
OPCODE	3013	87296	0.091395
OPCODE	6712	86789	0.090864
OPCODE	282E	86416	0.090474
OPCODE	2A2E	85711	0.089736
OPCODE	5240	85663	0.089685
OPCODE	0242	85514	0.089529
OPCODE	6740	84740	0.088719
OPCODE	28C5	83557	0.087481
OPCODE	2C10	82973	0.086869
OPCODE	6720	82590	0.086468
OPCODE	9280	82472	0.086345
OPCODE	B06E	82352	0.086219
OPCODE	6008	82074	0.085928
OPCODE	2C2E	81958	0.085806
OPCODE	660E	81217	0.085031
OPCODE	2006	80750	0.084542
OPCODE	2228	80581	0.084365
OPCODE	671A	80270	0.084039
OPCODE	2003	80195	0.083961
OPCODE	41F6	79518	0.083252
OPCODE	E580	78530	0.082218
OPCODE	6C38	78465	0.082149
OPCODE	6DF0	78303	0.081980
OPCODE	545B	78293	0.081969
OPCODE	48D3	78293	0.081969
OPCODE	4CD3	78293	0.081969
OPCODE	600A	77771	0.081423
OPCODE	C684	77568	0.081210
OPCODE	2619	77213	0.080839
OPCODE	8083	77081	0.080700
OPCODE	C091	77081	0.080700
OPCODE	5247	76939	0.080552
OPCODE	66F2	75752	0.079309
OPCODE	1401	75406	0.078947
OPCODE	6530	75229	0.078762
OPCODE	0830	74496	0.077994
OPCODE	661C	74236	0.077722
OPCODE	0C43	74107	0.077587
OPCODE	D8C6	73536	0.076989
OPCODE	4ED3	73443	0.076892
OPCODE	DAC7	73439	0.076887
OPCODE	65AA	72909	0.076333
OPCODE	2F00	72771	0.076188
OPCODE	204B	72624	0.076034
OPCODE	2D49	72006	0.075387
OPCODE	2215	71901	0.075277
OPCODE	3D47	71660	0.075025
OPCODE	2250	70128	0.073421
OPCODE	3028	69535	0.072800
OPCODE	24F4	68654	0.071878
OPCODE	3D6E	68120	0.071319
OPCODE	6404	67559	0.070731
OPCODE	6BDC	67505	0.070675
OPCODE	4278	66356	0.069472
OPCODE	6614	65975	0.069073
OPCODE	487A	65674	0.068758
OPCODE	DACB	65607	0.068688
OPCODE	4ED1	65241	0.068304
OPCODE	0800	64819	0.067863
OPCODE	3E1F	64542	0.067573
OPCODE	7001	64334	0.067355
OPCODE	4A13	64324	0.067344
OPCODE	8480	63994	0.066999
OPCODE	C485	63988	0.066993
OPCODE	2A82	63988	0.066993
OPCODE	6602	63681	0.066671
OPCODE	2245	62767	0.065714
OPCODE	D7C0	61426	0.064310
OPCODE	2C33	61378	0.064260
OPCODE	6724	60653	0.063501
OPCODE	4267	60382	0.063217
OPCODE	3218	59045	0.061818
OPCODE	5088	58619	0.061372
OPCODE	4A68	58084	0.060811
OPCODE	2A78	56830	0.059499
OPCODE	C06E	56827	0.059495
OPCODE	0C00	56161	0.058798
OPCODE	9242	55843	0.058465
OPCODE	3017	55784	0.058403
OPCODE	0C6C	55267	0.057862
OPCODE	6710	55171	0.057762
OPCODE	2400	55002	0.057585
OPCODE	2070	54966	0.057547
OPCODE	3F07	54953	0.057533
OPCODE	51CF	54713	0.057282
OPCODE	2F3C	54692	0.057260
OPCODE	2251	54613	0.057177
OPCODE	262E	54503	0.057062
OPCODE	2278	54444	0.057001
OPCODE	4A1F	54411	0.056966
OPCODE	E5A8	54085	0.056625
OPCODE	3007	54026	0.056563
OPCODE	6722	53895	0.056426
OPCODE	548F	53782	0.056307
OPCODE	D06E	53719	0.056241
OPCODE	6660	53505	0.056017
OPCODE	6016	53298	0.055801
OPCODE	2047	53248	0.055748
OPCODE	007C	53028	0.055518
OPCODE	BFC4	52688	0.055162
OPCODE	2044	52551	0.055019
OPCODE	5188	52514	0.054980
OPCODE	4843	52039	0.054483
OPCODE	11DF	51882	0.054318
OPCODE	2246	51861	0.054296
OPCODE	1F38	51861	0.054296
OPCODE	CF46	51774	0.054205
OPCODE	D4C3	51678	0.054105
OPCODE	2002	51541	0.053961
OPCODE	D042	51467	0.053884
OPCODE	0883	51360	0.053772
OPCODE	3200	51301	0.053710
OPCODE	C085	51274	0.053682
OPCODE	4E90	51122	0.053523
OPCODE	66A2	51105	0.053505
OPCODE	B580	50852	0.053240
OPCODE	2978	50040	0.052390
OPCODE	4A43	49931	0.052276
OPCODE	6C00	49615	0.051945
OPCODE	6E22	49541	0.051867
OPCODE	CC47	49225	0.051536
OPCODE	32C1	49091	0.051396
OPCODE	6D0A	48871	0.051166
OPCODE	2648	48821	0.051113
OPCODE	3D5B	48370	0.050641
OPCODE	32C0	48294	0.050562
OPCODE	2013	47878	0.050126
OPCODE	2C78	47675	0.049914
OPCODE	4A00	47582	0.049816
OPCODE	2C40	47397	0.049623
OPCODE	B7CA	47311	0.049533
OPCODE	2244	47143	0.049357
OPCODE	C947	47140	0.049354
OPCODE	2F14	46857	0.049057
OPCODE	2849	46840	0.049039
OPCODE	908E	46765	0.048961
OPCODE	D9C3	46765	0.048961
OPCODE	200E	46660	0.048851
OPCODE	7600	46240	0.048411
OPCODE	7002	46050	0.048212
OPCODE	603C	45863	0.048017
OPCODE	60DE	45823	0.047975
OPCODE	3D40	45683	0.047828
OPCODE	B641	45628	0.047771
OPCODE	6E28	45415	0.047548
OPCODE	2F3A	45059	0.047175
OPCODE	662C	44920	0.047029
OPCODE	5846	44838	0.046943
OPCODE	7400	44666	0.046763
OPCODE	670C	44649	0.046746
OPCODE	42A7	44464	0.046552
OPCODE	43EE	44302	0.046382
OPCODE	6B3A	43955	0.046019
OPCODE	504F	43693	0.045745
OPCODE	6B0C	43375	0.045412
OPCODE	2240	43292	0.045325
OPCODE	24D1	43282	0.045314
OPCODE	660A	42840	0.044852
OPCODE	B228	42742	0.044749
OPCODE	4881	42692	0.044697
OPCODE	2E08	42655	0.044658
OPCODE	E541	42628	0.044630
OPCODE	6E26	42615	0.044616
OPCODE	6D20	42608	0.044609
OPCODE	9228	42607	0.044608
OPCODE	2A40	42554	0.044552
OPCODE	4ED2	42499	0.044495
OPCODE	3003	42466	0.044460
OPCODE	2051	42397	0.044388
OPCODE	102C	42055	0.044030
OPCODE	40E7	42047	0.044021
OPCODE	46DF	42026	0.043999
OPCODE	24F0	41776	0.043738
OPCODE	A829	41678	0.043635
OPCODE	24C6	41598	0.043551
OPCODE	660C	41578	0.043530
OPCODE	2C49	41405	0.043349
OPCODE	6102	41282	0.043220
OPCODE	9DE8	41232	0.043168
OPCODE	6130	41137	0.043069
OPCODE	6E08	41030	0.042957
OPCODE	224C	40957	0.042880
OPCODE	B001	40720	0.042632
OPCODE	317C	40371	0.042267
OPCODE	E548	39844	0.041715
OPCODE	42AE	38521	0.040330
OPCODE	24C4	38400	0.040203
OPCODE	206D	38344	0.040145
OPCODE	361A	38214	0.040008
OPCODE	7601	38134	0.039925
OPCODE	3F3C	38120	0.039910
OPCODE	206F	37207	0.038954
OPCODE	426E	37099	0.038841
OPCODE	6F02	37071	0.038812
OPCODE	3038	36604	0.038323
OPCODE	4642	36489	0.038202
OPCODE	D041	36391	0.038100
OPCODE	200D	35943	0.037631
OPCODE	4A78	35928	0.037615
OPCODE	B842	35434	0.037098
OPCODE	4A38	35298	0.036955
OPCODE	0C6F	34965	0.036607
OPCODE	4643	34860	0.036497
OPCODE	285F	34844	0.036480
OPCODE	504A	34711	0.036341
OPCODE	08F8	34632	0.036258
OPCODE	1C00	34470	0.036089
OPCODE	B0AC	34384	0.035999
OPCODE	E84E	34327	0.035939
OPCODE	CC40	34327	0.035939
OPCODE	7C0F	34327	0.035939
OPCODE	3428	34325	0.035937
OPCODE	F620	34068	0.035668
OPCODE	60CC	34061	0.035660
OPCODE	2840	34005	0.035602
OPCODE	2028	33342	0.034908
OPCODE	2059	33262	0.034824
OPCODE	201F	33250	0.034811
OPCODE	4A2C	33246	0.034807
OPCODE	674C	33059	0.034611
OPCODE	6B00	33031	0.034582
OPCODE	3403	32831	0.034373
OPCODE	DACC	32559	0.034088
OPCODE	301F	32416	0.033938
OPCODE	4AB8	32392	0.033913
OPCODE	321A	31982	0.033484
OPCODE	2007	31960	0.033461
OPCODE	4A6E	31846	0.033341
OPCODE	4A50	31578	0.033061
OPCODE	66F0	31416	0.032891
OPCODE	1200	31223	0.032689
OPCODE	602A	31185	0.032649
OPCODE	226F	30840	0.032288
OPCODE	2038	30810	0.032257
OPCODE	6F00	30755	0.032199
OPCODE	200A	30699	0.032141
OPCODE	0801	30641	0.032080
OPCODE	2D5F	30629	0.032067
OPCODE	2F30	30499	0.031931
OPCODE	C029	30320	0.031744
OPCODE	661A	30284	0.031706
OPCODE	422E	30248	0.031668
OPCODE	7AFF	30063	0.031475
OPCODE	56C8	29568	0.030956
OPCODE	6622	29460	0.030843
OPCODE	224A	29307	0.030683
OPCODE	662A	29194	0.030565
OPCODE	B646	29129	0.030497
OPCODE	70FF	29106	0.030473
OPCODE	6C02	29104	0.030471
OPCODE	0247	29086	0.030452
OPCODE	2E00	28640	0.029985
OPCODE	2669	28514	0.029853
OPCODE	1033	28471	0.029808
OPCODE	4EFB	28377	0.029709
OPCODE	6074	28370	0.029702
OPCODE	381A	28369	0.029701
OPCODE	B846	28361	0.029693
OPCODE	6F40	28359	0.029691
OPCODE	B647	28331	0.029661
OPCODE	9843	28322	0.029652
OPCODE	6C3C	28317	0.029647
OPCODE	9869	28305	0.029634
OPCODE	EA4B	28305	0.029634
OPCODE	D6C0	28305	0.029634
OPCODE	EA4C	28305	0.029634
OPCODE	C044	28305	0.029634
OPCODE	9669	28305	0.029634
OPCODE	B393	28305	0.029634
OPCODE	E2AD	28305	0.029634
OPCODE	B847	28305	0.029634
OPCODE	0C41	28229	0.029555
OPCODE	9082	28205	0.029529
OPCODE	1D43	27905	0.029215
OPCODE	206B	27769	0.029073
OPCODE	2D6C	27642	0.028940
OPCODE	51CC	27604	0.028900
OPCODE	60F4	27584	0.028879
OPCODE	41ED	27423	0.028711
OPCODE	663A	27246	0.028525
OPCODE	671C	27115	0.028388
OPCODE	08C3	27043	0.028313
OPCODE	2283	27033	0.028302
OPCODE	588A	27031	0.028300
OPCODE	619A	26974	0.028241
OPCODE	1038	26831	0.028091
OPCODE	618E	26630	0.027880
OPCODE	11C1	26556	0.027803
OPCODE	F518	26556	0.027803
OPCODE	61A4	26458	0.027700
OPCODE	9240	26357	0.027595
OPCODE	2878	26045	0.027268
OPCODE	0C68	25894	0.027110
OPCODE	2D4C	25889	0.027105
OPCODE	E9D4	25631	0.026835
OPCODE	C285	25472	0.026668
OPCODE	201C	25426	0.026620
OPCODE	B243	25406	0.026599
OPCODE	B258	24720	0.025881
OPCODE	B458	24664	0.025822
OPCODE	B280	24653	0.025811
OPCODE	6716	24642	0.025799
OPCODE	E9C0	24602	0.025757
OPCODE	B658	24572	0.025726
OPCODE	B858	24571	0.025725
OPCODE	7200	24156	0.025290
OPCODE	20AF	24132	0.025265
OPCODE	A873	24100	0.025232
OPCODE	203A	23931	0.025055
OPCODE	3184	23542	0.024647
OPCODE	594F	23421	0.024521
OPCODE	60C2	23418	0.024518
OPCODE	6728	23229	0.024320
OPCODE	0C80	23035	0.024117
OPCODE	4240	22857	0.023930
OPCODE	2049	22511	0.023568
OPCODE	6E0C	22464	0.023519
OPCODE	244D	22452	0.023506
OPCODE	3EB8	22444	0.023498
OPCODE	41EB	22437	0.023491
OPCODE	6618	22394	0.023446
OPCODE	0C5F	22369	0.023419
OPCODE	2F0B	22064	0.023100
OPCODE	4AAB	22019	0.023053
OPCODE	57CC	21891	0.022919
OPCODE	286D	21865	0.022892
OPCODE	2EB8	21786	0.022809
OPCODE	2470	21638	0.022654
OPCODE	E9E9	21634	0.022650
OPCODE	4EB9	21633	0.022649
OPCODE	2678	21628	0.022644
OPCODE	204C	21623	0.022638
OPCODE	295F	21609	0.022624
OPCODE	202C	21419	0.022425
OPCODE	2452	21286	0.022286
OPCODE	4868	21264	0.022262
OPCODE	3810	21024	0.022011
OPCODE	4A28	20968	0.021953
OPCODE	B0AB	20836	0.021814
OPCODE	E748	20786	0.021762
OPCODE	0C52	20657	0.021627
OPCODE	B9F8	20645	0.021614
OPCODE	2248	20643	0.021612
OPCODE	B3DA	20526	0.021490
OPCODE	296B	20518	0.021481
OPCODE	6004	20499	0.021462
OPCODE	66D2	20466	0.021427
OPCODE	6674	20457	0.021418
OPCODE	2A41	20452	0.021412
OPCODE	A88F	20452	0.021412
OPCODE	220D	20452	0.021412
OPCODE	286B	20431	0.021390
OPCODE	4EB6	20418	0.021377
OPCODE	08B8	20371	0.021328
OPCODE	65F2	20314	0.021268
OPCODE	A924	20298	0.021251
OPCODE	43E9	20284	0.021236
OPCODE	08D1	20205	0.021154
OPCODE	B1D6	20148	0.021094
OPCODE	6F0A	20078	0.021021
OPCODE	22C5	19892	0.020826
OPCODE	0803	19707	0.020632
OPCODE	49FA	19705	0.020630
OPCODE	24C0	19502	0.020418
OPCODE	5243	19458	0.020372
OPCODE	2F07	19153	0.020052
OPCODE	4A6C	19099	0.019996
OPCODE	2668	19084	0.019980
OPCODE	2448	19065	0.019960
OPCODE	2469	18966	0.019857
OPCODE	E1AC	18947	0.019837
OPCODE	8A87	18903	0.019791
OPCODE	8886	18903	0.019791
OPCODE	E1AD	18903	0.019791
OPCODE	2054	18899	0.019786
OPCODE	60FF	18796	0.019679
OPCODE	2271	18776	0.019658
OPCODE	2D4B	18740	0.019620
OPCODE	6748	18712	0.019591
OPCODE	4A47	18688	0.019566
OPCODE	6732	18668	0.019545
OPCODE	C2B8	18639	0.019514
OPCODE	6500	18611	0.019485
OPCODE	082B	18542	0.019413
OPCODE	5340	18478	0.019346
OPCODE	2229	18384	0.019247
OPCODE	4FEF	18317	0.019177
OPCODE	11FC	18173	0.019026
OPCODE	3D41	18139	0.018991
OPCODE	0CAF	18137	0.018989
OPCODE	1010	18066	0.018914
OPCODE	6106	18064	0.018912
OPCODE	9051	18037	0.018884
OPCODE	4880	17978	0.018822
OPCODE	0811	17963	0.018806
OPCODE	6736	17888	0.018728
OPCODE	6C18	17822	0.018659
OPCODE	6620	17661	0.018490
OPCODE	3F00	17650	0.018479
OPCODE	082E	17533	0.018356
OPCODE	322B	17502	0.018324
OPCODE	266D	17338	0.018152
OPCODE	45EE	17183	0.017990
OPCODE	3F2E	17120	0.017924
OPCODE	3014	17089	0.017891
OPCODE	203C	17044	0.017844
OPCODE	6CF4	16984	0.017782
OPCODE	3612	16966	0.017763
OPCODE	62EA	16920	0.017715
OPCODE	2A30	16887	0.017680
OPCODE	2005	16658	0.017440
OPCODE	0281	16547	0.017324
OPCODE	4238	16403	0.017173
OPCODE	486B	16397	0.017167
OPCODE	4A6A	16245	0.017008
OPCODE	43E8	16063	0.016817
OPCODE	0241	16024	0.016776
OPCODE	D1C4	15995	0.016746
OPCODE	4E93	15982	0.016732
OPCODE	41EE	15962	0.016712
OPCODE	204A	15951	0.016700
OPCODE	6730	15932	0.016680
OPCODE	41F8	15871	0.016616
OPCODE	4242	15851	0.016595
OPCODE	6A00	15762	0.016502
OPCODE	2F2D	15726	0.016464
OPCODE	2268	15723	0.016461
OPCODE	6738	15705	0.016442
OPCODE	1080	15704	0.016441
OPCODE	2848	15685	0.016422
OPCODE	2810	15649	0.016384
OPCODE	C086	15607	0.016340
OPCODE	0880	15580	0.016312
OPCODE	8195	15575	0.016306
OPCODE	2269	15572	0.016303
OPCODE	C087	15530	0.016259
OPCODE	0891	15433	0.016158
OPCODE	2178	15426	0.016150
OPCODE	4A69	15201	0.015915
OPCODE	2D4F	15198	0.015912
OPCODE	1230	15183	0.015896
OPCODE	4E73	15172	0.015884
OPCODE	707F	15168	0.015880
OPCODE	2200	15109	0.015818
OPCODE	202B	14981	0.015684
OPCODE	2A6E	14935	0.015636
OPCODE	57CD	14909	0.015609
OPCODE	B692	14909	0.015609
OPCODE	6A06	14863	0.015561
OPCODE	302F	14836	0.015533
OPCODE	102E	14835	0.015532
OPCODE	2D48	14774	0.015468
OPCODE	6026	14759	0.015452
OPCODE	1432	14733	0.015425
OPCODE	6F1C	14732	0.015424
OPCODE	554F	14687	0.015377
OPCODE	C8B8	14653	0.015341
OPCODE	2214	14647	0.015335
OPCODE	2081	14525	0.015207
OPCODE	4C98	14499	0.015180
OPCODE	303C	14485	0.015165
OPCODE	082A	14372	0.015047
OPCODE	40C0	14327	0.015000
OPCODE	3F03	14316	0.014988
OPCODE	2009	14271	0.014941
OPCODE	D1C1	14268	0.014938
OPCODE	6646	14260	0.014930
OPCODE	BE8B	14254	0.014923
OPCODE	C083	14157	0.014822
OPCODE	0829	14092	0.014754
OPCODE	4247	14074	0.014735
OPCODE	4AA8	14060	0.014720
OPCODE	3400	13994	0.014651
OPCODE	60EA	13943	0.014598
OPCODE	2E2E	13915	0.014568
OPCODE	307B	13887	0.014539
OPCODE	7217	13887	0.014539
OPCODE	673E	13864	0.014515
OPCODE	2069	13826	0.014475
OPCODE	6E0A	13813	0.014462
OPCODE	2453	13783	0.014430
OPCODE	2290	13701	0.014344
OPCODE	600E	13670	0.014312
OPCODE	A874	13667	0.014309
OPCODE	220B	13631	0.014271
OPCODE	4844	13551	0.014187
OPCODE	672A	13510	0.014144
OPCODE	4207	13504	0.014138
OPCODE	4A6B	13488	0.014121
OPCODE	4869	13373	0.014001
OPCODE	4A05	13372	0.014000
OPCODE	B898	13328	0.013954
OPCODE	26C6	13316	0.013941
OPCODE	1CD4	13312	0.013937
OPCODE	16F4	13312	0.013937
OPCODE	DE84	13312	0.013937
OPCODE	7802	13273	0.013896
OPCODE	C082	13233	0.013854
OPCODE	0C6E	13231	0.013852
OPCODE	2654	13166	0.013784
OPCODE	43F8	13144	0.013761
OPCODE	275F	13142	0.013759
OPCODE	E819	13104	0.013719
OPCODE	4227	13022	0.013633
OPCODE	2341	12887	0.013492
OPCODE	41F3	12875	0.013480
OPCODE	22C1	12829	0.013431
OPCODE	1212	12817	0.013419
OPCODE	B069	12759	0.013358
OPCODE	4EFA	12708	0.013305
OPCODE	3019	12702	0.013298
OPCODE	4486	12691	0.013287
OPCODE	6F58	12599	0.013191
OPCODE	3A2E	12586	0.013177
OPCODE	F4F8	12581	0.013172
OPCODE	BF80	12556	0.013146
OPCODE	D684	12508	0.013095
OPCODE	6014	12478	0.013064
OPCODE	2210	12446	0.013030
OPCODE	43F0	12375	0.012956
OPCODE	B21A	12336	0.012915
OPCODE	10C1	12328	0.012907
OPCODE	BBC9	12291	0.012868
OPCODE	38C0	12288	0.012865
OPCODE	7004	12288	0.012865
OPCODE	4487	12288	0.012865
OPCODE	4485	12288	0.012865
OPCODE	A029	12283	0.012860
OPCODE	0828	12224	0.012798
OPCODE	3D5C	12223	0.012797
OPCODE	4AAE	12138	0.012708
OPCODE	A02A	12102	0.012670
OPCODE	1003	12078	0.012645
OPCODE	5540	12063	0.012629
OPCODE	2253	12056	0.012622
OPCODE	584C	11907	0.012466
OPCODE	C081	11887	0.012445
OPCODE	2468	11873	0.012431
OPCODE	222E	11857	0.012414
OPCODE	302B	11829	0.012384
OPCODE	5C4F	11822	0.012377
OPCODE	0201	11818	0.012373
OPCODE	700A	11783	0.012336
OPCODE	0C46	11752	0.012304
OPCODE	2640	11745	0.012297
OPCODE	B7D6	11729	0.012280
OPCODE	D0FC	11672	0.012220
OPCODE	6D02	11638	0.012184
OPCODE	4A01	11608	0.012153
OPCODE	5342	11575	0.012119
OPCODE	B091	11559	0.012102
OPCODE	45FA	11513	0.012054
OPCODE	41EA	11496	0.012036
OPCODE	266C	11442	0.011979
OPCODE	6B16	11401	0.011936
OPCODE	21EF	11362	0.011896
OPCODE	7C00	11257	0.011786
OPCODE	B050	11215	0.011742
OPCODE	2855	11167	0.011691
OPCODE	202A	11083	0.011603
OPCODE	74FF	11049	0.011568
OPCODE	6626	11044	0.011563
OPCODE	3010	11044	0.011563
OPCODE	3D43	11030	0.011548
OPCODE	B181	11030	0.011548
OPCODE	CF45	10993	0.011509
OPCODE	601C	10967	0.011482
OPCODE	D3CE	10953	0.011467
OPCODE	2014	10950	0.011464
OPCODE	2032	10908	0.011420
OPCODE	2F0F	10906	0.011418
OPCODE	362E	10902	0.011414
OPCODE	6A2E	10883	0.011394
OPCODE	1D7C	10869	0.011379
OPCODE	B2B0	10866	0.011376
OPCODE	4442	10845	0.011354
OPCODE	50EE	10839	0.011348
OPCODE	E9D1	10836	0.011345
OPCODE	2230	10830	0.011339
OPCODE	6772	10826	0.011334
OPCODE	2272	10817	0.011325
OPCODE	B231	10817	0.011325
OPCODE	60A2	10817	0.011325
OPCODE	B005	10794	0.011301
OPCODE	67F2	10774	0.011280
OPCODE	D1EB	10734	0.011238
OPCODE	242E	10730	0.011234
OPCODE	640A	10728	0.011232
OPCODE	3C2E	10705	0.011208
OPCODE	BBCB	10702	0.011205
OPCODE	2209	10642	0.011142
OPCODE	7009	10581	0.011078
OPCODE	B1CB	10575	0.011072
OPCODE	46C0	10558	0.011054
OPCODE	B093	10557	0.011053
OPCODE	78FF	10546	0.011041
OPCODE	202F	10530	0.011024
OPCODE	B2A9	10525	0.011019
OPCODE	3628	10495	0.010988
OPCODE	243C	10423	0.010912
OPCODE	D7D3	10353	0.010839
OPCODE	4AAD	10339	0.010824
OPCODE	4A07	10322	0.010807
OPCODE	6E00	10295	0.010778
OPCODE	302D	10275	0.010757
OPCODE	6012	10228	0.010708
OPCODE	E048	10211	0.010690
OPCODE	6C12	10203	0.010682
OPCODE	D4C7	10169	0.010647
OPCODE	4A53	10164	0.010641
OPCODE	2270	10153	0.010630
OPCODE	4250	10134	0.010610
OPCODE	67F6	10092	0.010566
OPCODE	819D	10056	0.010528
OPCODE	7401	10054	0.010526
OPCODE	B0AD	10052	0.010524
OPCODE	4A6D	10035	0.010506
OPCODE	1D47	10008	0.010478
OPCODE	6A18	9931	0.010397
OPCODE	3001	9908	0.010373
OPCODE	3002	9862	0.010325
OPCODE	3E29	9855	0.010318
OPCODE	6CEC	9855	0.010318
OPCODE	335A	9853	0.010316
OPCODE	3352	9845	0.010307
OPCODE	234A	9842	0.010304
OPCODE	3C29	9841	0.010303
OPCODE	9452	9841	0.010303
OPCODE	3043	9753	0.010211
OPCODE	2212	9746	0.010204
OPCODE	2481	9740	0.010197
OPCODE	E24D	9740	0.010197
OPCODE	6648	9737	0.010194
OPCODE	3229	9699	0.010154
OPCODE	6C48	9689	0.010144
OPCODE	7007	9663	0.010117
OPCODE	AAA2	9593	0.010043
OPCODE	24D8	9411	0.009853
OPCODE	6B14	9346	0.009785
OPCODE	42A8	9318	0.009756
OPCODE	DC93	9305	0.009742
OPCODE	6638	9296	0.009733
OPCODE	30C2	9226	0.009659
OPCODE	30C1	9195	0.009627
OPCODE	6022	9176	0.009607
OPCODE	D9CA	9110	0.009538
OPCODE	DBCB	9110	0.009538
OPCODE	606A	9095	0.009522
OPCODE	34D8	9087	0.009514
OPCODE	7220	9085	0.009512
OPCODE	663C	9067	0.009493
OPCODE	2F28	9041	0.009466
OPCODE	B5CB	8948	0.009368
OPCODE	4CAE	8933	0.009352
OPCODE	6F3A	8930	0.009349
OPCODE	2080	8915	0.009334
OPCODE	2140	8886	0.009303
OPCODE	E980	8874	0.009291
OPCODE	202D	8803	0.009216
OPCODE	2043	8797	0.009210
OPCODE	F4E9	8767	0.009179
OPCODE	720F	8753	0.009164
OPCODE	D087	8751	0.009162
OPCODE	E9D3	8737	0.009147
OPCODE	20D9	8696	0.009104
OPCODE	D0AC	8679	0.009087
OPCODE	D9C1	8670	0.009077
OPCODE	6400	8626	0.009031
OPCODE	7008	8608	0.009012
OPCODE	648C	8601	0.009005
OPCODE	9081	8568	0.008970
OPCODE	08A9	8548	0.008949
OPCODE	D282	8535	0.008936
OPCODE	5C40	8511	0.008911
OPCODE	2D4A	8504	0.008903
OPCODE	B051	8504	0.008903
OPCODE	7040	8470	0.008868
OPCODE	31FC	8460	0.008857
OPCODE	B2FC	8447	0.008844
OPCODE	3F01	8444	0.008841
OPCODE	DEC0	8442	0.008838
OPCODE	5180	8437	0.008833
OPCODE	08E9	8423	0.008819
OPCODE	2171	8422	0.008817
OPCODE	0C69	8422	0.008817
OPCODE	2E6E	8421	0.008816
OPCODE	30B1	8418	0.008813
OPCODE	C210	8416	0.008811
OPCODE	30C3	8407	0.008802
OPCODE	6642	8403	0.008798
OPCODE	3238	8402	0.008797
OPCODE	30C4	8399	0.008793
OPCODE	6F1A	8390	0.008784
OPCODE	2004	8365	0.008758
OPCODE	B052	8345	0.008737
OPCODE	336E	8340	0.008732
OPCODE	6A3A	8338	0.008730
OPCODE	47F2	8338	0.008730
OPCODE	4853	8338	0.008730
OPCODE	7E00	8265	0.008653
OPCODE	6A04	8233	0.008620
OPCODE	3F06	8214	0.008600
OPCODE	5368	8181	0.008565
OPCODE	6752	8166	0.008549
OPCODE	7201	8161	0.008544
OPCODE	B068	8156	0.008539
OPCODE	4845	8144	0.008526
OPCODE	3610	8097	0.008477
OPCODE	740F	8085	0.008465
OPCODE	E149	8065	0.008444
OPCODE	4E7A	8058	0.008436
OPCODE	60F2	8058	0.008436
OPCODE	D281	8050	0.008428
OPCODE	6C10	8006	0.008382
OPCODE	AA97	8005	0.008381
OPCODE	81C5	8004	0.008380
OPCODE	671E	8003	0.008379
OPCODE	2A07	7969	0.008343
OPCODE	41E8	7960	0.008334
OPCODE	201A	7955	0.008329
OPCODE	2D44	7940	0.008313
OPCODE	6726	7920	0.008292
OPCODE	244B	7901	0.008272
OPCODE	B0FC	7878	0.008248
OPCODE	2940	7864	0.008233
OPCODE	5297	7844	0.008212
OPCODE	B8B8	7844	0.008212
OPCODE	2831	7844	0.008212
OPCODE	6A16	7812	0.008179
OPCODE	3828	7788	0.008154
OPCODE	43EB	7728	0.008091
OPCODE	1013	7726	0.008089
OPCODE	2F2F	7715	0.008077
OPCODE	20FB	7688	0.008049
OPCODE	508F	7678	0.008039
OPCODE	4A5F	7674	0.008034
OPCODE	4A2D	7662	0.008022
OPCODE	5448	7644	0.008003
OPCODE	0243	7626	0.007984
OPCODE	B7FC	7592	0.007948
OPCODE	6A02	7586	0.007942
OPCODE	3408	7547	0.007901
OPCODE	6088	7525	0.007878
OPCODE	6628	7517	0.007870
OPCODE	6D34	7505	0.007857
OPCODE	56CA	7484	0.007835
OPCODE	6636	7472	0.007823
OPCODE	56CB	7459	0.007809
OPCODE	7006	7455	0.007805
OPCODE	C004	7440	0.007789
OPCODE	662E	7397	0.007744
OPCODE	9251	7336	0.007680
OPCODE	3D7C	7304	0.007647
OPCODE	B06C	7276	0.007618
OPCODE	4403	7255	0.007596
OPCODE	08E8	7247	0.007587
OPCODE	DFC0	7244	0.007584
OPCODE	6C08	7229	0.007568
OPCODE	4A14	7202	0.007540
OPCODE	1CEC	7168	0.007505
OPCODE	3099	7154	0.007490
OPCODE	9EC0	7154	0.007490
OPCODE	6A1E	7144	0.007479
OPCODE	65CA	7120	0.007454
OPCODE	D5C1	7120	0.007454
OPCODE	60C8	7117	0.007451
OPCODE	1D42	7115	0.007449
OPCODE	57C3	7105	0.007439
OPCODE	6A44	7102	0.007435
OPCODE	6B12	7100	0.007433
OPCODE	6634	7096	0.007429
OPCODE	4878	7077	0.007409
OPCODE	6632	7067	0.007399
OPCODE	2C00	7066	0.007398
OPCODE	7010	7025	0.007355
OPCODE	B099	7020	0.007350
OPCODE	E088	7009	0.007338
OPCODE	2600	6985	0.007313
OPCODE	6746	6978	0.007306
OPCODE	3232	6977	0.007305
OPCODE	3D5F	6969	0.007296
OPCODE	1140	6969	0.007296
OPCODE	12C0	6962	0.007289
OPCODE	207A	6942	0.007268
OPCODE	260C	6927	0.007252
OPCODE	6A22	6926	0.007251
OPCODE	DC83	6912	0.007237
OPCODE	D002	6912	0.007237
OPCODE	0647	6910	0.007234
OPCODE	2238	6901	0.007225
OPCODE	A049	6897	0.007221
OPCODE	3F02	6877	0.007200
OPCODE	6D1C	6876	0.007199
OPCODE	2D6D	6864	0.007186
OPCODE	08AA	6858	0.007180
OPCODE	D243	6857	0.007179
OPCODE	2450	6848	0.007170
OPCODE	429A	6818	0.007138
OPCODE	1141	6810	0.007130
OPCODE	220F	6799	0.007118
OPCODE	3F7A	6796	0.007115
OPCODE	62EC	6791	0.007110
OPCODE	4A52	6791	0.007110
OPCODE	303A	6783	0.007102
OPCODE	1EBC	6782	0.007100
OPCODE	2A81	6780	0.007098
OPCODE	5D43	6779	0.007097
OPCODE	4254	6774	0.007092
OPCODE	1178	6773	0.007091
OPCODE	7012	6773	0.007091
OPCODE	676A	6773	0.007091
OPCODE	2E41	6770	0.007088
OPCODE	4A54	6769	0.007087
OPCODE	1D5F	6766	0.007084
OPCODE	D8FC	6764	0.007082
OPCODE	C078	6764	0.007082
OPCODE	1F05	6762	0.007080
OPCODE	6616	6762	0.007080
OPCODE	38BC	6760	0.007077
OPCODE	E359	6759	0.007076
OPCODE	677E	6756	0.007073
OPCODE	103A	6755	0.007072
OPCODE	70FC	6751	0.007068
OPCODE	D0A9	6748	0.007065
OPCODE	B054	6743	0.007060
OPCODE	5543	6741	0.007058
OPCODE	57C0	6740	0.007056
OPCODE	C284	6699	0.007014
OPCODE	584B	6663	0.006976
OPCODE	1F00	6606	0.006916
OPCODE	342A	6560	0.006868
OPCODE	0802	6538	0.006845
OPCODE	65A6	6520	0.006826
OPCODE	0680	6517	0.006823
OPCODE	2031	6490	0.006795
OPCODE	C0A9	6486	0.006791
OPCODE	41F9	6474	0.006778
OPCODE	DAC8	6465	0.006769
OPCODE	D8C8	6465	0.006769
OPCODE	2D45	6448	0.006751
OPCODE	43FB	6443	0.006746
OPCODE	0C45	6440	0.006742
OPCODE	B070	6434	0.006736
OPCODE	0C01	6423	0.006725
OPCODE	2D4D	6415	0.006716
OPCODE	2C2A	6400	0.006701
OPCODE	DC43	6389	0.006689
OPCODE	7800	6376	0.006675
OPCODE	0245	6364	0.006663
OPCODE	61DC	6363	0.006662
OPCODE	4EF0	6349	0.006647
OPCODE	6BD2	6347	0.006645
OPCODE	43F9	6340	0.006638
OPCODE	4400	6340	0.006638
OPCODE	2806	6320	0.006617
OPCODE	2E2A	6320	0.006617
OPCODE	4A41	6318	0.006615
OPCODE	2455	6314	0.006610
OPCODE	3A03	6308	0.006604
OPCODE	B741	6307	0.006603
OPCODE	8641	6307	0.006603
OPCODE	5BEE	6307	0.006603
OPCODE	3D42	6306	0.006602
OPCODE	6D7A	6293	0.006588
OPCODE	6E6E	6286	0.006581
OPCODE	C195	6285	0.006580
OPCODE	3006	6270	0.006564
OPCODE	2D78	6269	0.006563
OPCODE	261A	6260	0.006554
OPCODE	28C1	6260	0.006554
OPCODE	0C51	6194	0.006485
OPCODE	2034	6186	0.006476
OPCODE	67DC	6159	0.006448
OPCODE	6D26	6149	0.006438
OPCODE	2800	6143	0.006431
OPCODE	0C47	6137	0.006425
OPCODE	9069	6134	0.006422
OPCODE	6054	6134	0.006422
OPCODE	A055	6118	0.006405
OPCODE	D444	6107	0.006394
OPCODE	EFC6	6096	0.006382
OPCODE	C447	6096	0.006382
OPCODE	E9C5	6096	0.006382
OPCODE	43EF	6068	0.006353
OPCODE	6010	6034	0.006317
OPCODE	5278	6032	0.006315
OPCODE	6B04	6031	0.006314
OPCODE	5378	6031	0.006314
OPCODE	661E	6015	0.006297
OPCODE	1D40	6014	0.006296
OPCODE	9651	6010	0.006292
OPCODE	9459	6010	0.006292
OPCODE	4210	6002	0.006284
OPCODE	2C56	5957	0.006237
OPCODE	6416	5954	0.006234
OPCODE	B3C8	5929	0.006207
OPCODE	3E2E	5912	0.006190
OPCODE	4E91	5909	0.006186
OPCODE	C280	5879	0.006155
OPCODE	C247	5867	0.006142
OPCODE	4A29	5865	0.006140
OPCODE	2440	5837	0.006111
OPCODE	4A85	5825	0.006099
OPCODE	3080	5797	0.006069
OPCODE	2F0E	5780	0.006051
OPCODE	2C5F	5780	0.006051
OPCODE	4AAC	5736	0.006005
OPCODE	6F0C	5721	0.005990
OPCODE	2F29	5681	0.005948
OPCODE	2D6E	5647	0.005912
OPCODE	936E	5634	0.005899
OPCODE	5141	5605	0.005868
OPCODE	4241	5603	0.005866
OPCODE	4846	5596	0.005859
OPCODE	D1C0	5593	0.005856
OPCODE	2442	5576	0.005838
OPCODE	4A87	5542	0.005802
OPCODE	60BC	5538	0.005798
OPCODE	664C	5536	0.005796
OPCODE	226C	5521	0.005780
OPCODE	2242	5479	0.005736
OPCODE	672C	5477	0.005734
OPCODE	2412	5450	0.005706
OPCODE	B085	5446	0.005702
OPCODE	C440	5434	0.005689
OPCODE	D480	5433	0.005688
OPCODE	675C	5430	0.005685
OPCODE	7202	5427	0.005682
OPCODE	B440	5422	0.005677
OPCODE	4A94	5409	0.005663
OPCODE	6B50	5401	0.005655
OPCODE	0285	5396	0.005649
OPCODE	E88D	5396	0.005649
OPCODE	1A14	5396	0.005649
OPCODE	2F06	5389	0.005642
OPCODE	5242	5385	0.005638
OPCODE	41E9	5379	0.005632
OPCODE	6446	5373	0.005625
OPCODE	60B0	5371	0.005623
OPCODE	6B10	5370	0.005622
OPCODE	6A0C	5361	0.005613
OPCODE	4A2B	5346	0.005597
OPCODE	49EE	5335	0.005586
OPCODE	422C	5257	0.005504
OPCODE	103B	5251	0.005498
OPCODE	6B1E	5247	0.005493
OPCODE	422B	5229	0.005475
OPCODE	08C0	5227	0.005472
OPCODE	906E	5224	0.005469
OPCODE	3141	5222	0.005467
OPCODE	48AE	5220	0.005465
OPCODE	2428	5202	0.005446
OPCODE	6612	5187	0.005431
OPCODE	294B	5179	0.005422
OPCODE	4A83	5135	0.005376
OPCODE	6B2A	5105	0.005345
OPCODE	2D68	5097	0.005336
OPCODE	D010	5096	0.005335
OPCODE	7230	5087	0.005326
OPCODE	B311	5087	0.005326
OPCODE	0A11	5086	0.005325
OPCODE	08EB	5086	0.005325
OPCODE	11A9	5086	0.005325
OPCODE	95CA	5074	0.005312
OPCODE	6744	5059	0.005297
OPCODE	265F	5051	0.005288
OPCODE	2029	5048	0.005285
OPCODE	74F4	5046	0.005283
OPCODE	4A2A	5043	0.005280
OPCODE	66FF	5039	0.005276
OPCODE	6A34	5023	0.005259
OPCODE	D7CE	5015	0.005250
OPCODE	B388	5008	0.005243
OPCODE	4645	4999	0.005234
OPCODE	122B	4973	0.005207
OPCODE	6E04	4952	0.005185
OPCODE	6B06	4877	0.005106
OPCODE	226D	4877	0.005106
OPCODE	0CAE	4865	0.005093
OPCODE	101F	4848	0.005076
OPCODE	32FC	4844	0.005071
OPCODE	2653	4838	0.005065
OPCODE	946E	4829	0.005056
OPCODE	5848	4790	0.005015
OPCODE	56EE	4773	0.004997
OPCODE	2A08	4763	0.004987
OPCODE	3D44	4752	0.004975
OPCODE	43FA	4745	0.004968
OPCODE	66D6	4744	0.004967
OPCODE	2A09	4742	0.004965
OPCODE	486A	4731	0.004953
OPCODE	3E00	4728	0.004950
OPCODE	8481	4715	0.004936
OPCODE	74FC	4713	0.004934
OPCODE	9288	4713	0.004934
OPCODE	7420	4709	0.004930
OPCODE	674A	4671	0.004890
OPCODE	2255	4635	0.004853
OPCODE	2F17	4618	0.004835
OPCODE	9090	4617	0.004834
OPCODE	6630	4596	0.004812
OPCODE	D881	4585	0.004800
OPCODE	7003	4580	0.004795
OPCODE	D16E	4573	0.004788
OPCODE	B9CB	4537	0.004750
OPCODE	2F03	4521	0.004733
OPCODE	382E	4489	0.004700
OPCODE	673C	4476	0.004686
OPCODE	6EC6	4472	0.004682
OPCODE	E448	4446	0.004655
OPCODE	D9C0	4432	0.004640
OPCODE	337C	4430	0.004638
OPCODE	D081	4422	0.004630
OPCODE	544F	4421	0.004629
OPCODE	4243	4419	0.004627
OPCODE	5544	4398	0.004605
OPCODE	7210	4381	0.004587
OPCODE	6104	4360	0.004565
OPCODE	6FCA	4353	0.004557
OPCODE	6300	4334	0.004538
OPCODE	30C0	4322	0.004525
OPCODE	43EC	4317	0.004520
OPCODE	2053	4283	0.004484
OPCODE	E44A	4262	0.004462
OPCODE	2601	4258	0.004458
OPCODE	1029	4253	0.004453
OPCODE	3C1F	4232	0.004431
OPCODE	6624	4229	0.004428
OPCODE	2449	4220	0.004418
OPCODE	0C81	4186	0.004383
OPCODE	2650	4185	0.004382
OPCODE	377C	4180	0.004376
OPCODE	3230	4178	0.004374
OPCODE	7204	4160	0.004355
OPCODE	6506	4147	0.004342
OPCODE	536E	4127	0.004321
OPCODE	4A45	4097	0.004289
OPCODE	48C7	4093	0.004285
OPCODE	67F8	4068	0.004259
OPCODE	2D6B	4061	0.004252
OPCODE	3409	4053	0.004243
OPCODE	F569	4053	0.004243
OPCODE	D0C2	4048	0.004238
OPCODE	322F	4046	0.004236
OPCODE	8310	4041	0.004231
OPCODE	5181	4041	0.004231
OPCODE	0210	4041	0.004231
OPCODE	261F	4014	0.004202
OPCODE	91AE	4010	0.004198
OPCODE	E449	4006	0.004194
OPCODE	486C	4003	0.004191
OPCODE	3A04	3999	0.004187
OPCODE	2243	3999	0.004187
OPCODE	0C28	3999	0.004187
OPCODE	4A93	3998	0.004186
OPCODE	BB42	3997	0.004185
OPCODE	E842	3997	0.004185
OPCODE	C644	3997	0.004185
OPCODE	C445	3997	0.004185
OPCODE	8642	3997	0.004185
OPCODE	D441	3988	0.004175
OPCODE	0807	3988	0.004175
OPCODE	383C	3982	0.004169
OPCODE	B544	3977	0.004164
OPCODE	7405	3977	0.004164
OPCODE	A025	3972	0.004159
OPCODE	235F	3971	0.004157
OPCODE	A893	3963	0.004149
OPCODE	226B	3961	0.004147
OPCODE	303B	3960	0.004146
OPCODE	422D	3939	0.004124
OPCODE	1006	3936	0.004121
OPCODE	2D7C	3928	0.004112
OPCODE	9053	3903	0.004086
OPCODE	268C	3891	0.004074
OPCODE	6900	3878	0.004060
OPCODE	61BC	3868	0.004050
OPCODE	246D	3855	0.004036
OPCODE	E84A	3850	0.004031
OPCODE	D2AE	3849	0.004030
OPCODE	E198	3848	0.004029
OPCODE	EA81	3846	0.004027
OPCODE	1400	3844	0.004025
OPCODE	2747	3843	0.004023
OPCODE	2C2B	3840	0.004020
OPCODE	2E2F	3839	0.004019
OPCODE	60E2	3833	0.004013
OPCODE	B444	3831	0.004011
OPCODE	D66D	3831	0.004011
OPCODE	D86D	3831	0.004011
OPCODE	2A4B	3831	0.004011
OPCODE	6664	3828	0.004008
OPCODE	6028	3825	0.004005
OPCODE	A891	3815	0.003994
OPCODE	1229	3814	0.003993
OPCODE	D359	3800	0.003978
OPCODE	D159	3800	0.003978
OPCODE	66E8	3789	0.003967
OPCODE	6672	3789	0.003967
OPCODE	21DF	3785	0.003963
OPCODE	2052	3784	0.003962
OPCODE	1019	3783	0.003961
OPCODE	5244	3781	0.003959
OPCODE	B094	3772	0.003949
OPCODE	027C	3764	0.003941
OPCODE	C14D	3738	0.003914
OPCODE	382A	3731	0.003906
OPCODE	D086	3729	0.003904
OPCODE	C4B8	3723	0.003898
OPCODE	0642	3721	0.003896
OPCODE	0C53	3717	0.003892
OPCODE	1940	3716	0.003890
OPCODE	B098	3715	0.003889
OPCODE	6EF8	3711	0.003885
OPCODE	D280	3710	0.003884
OPCODE	BB9B	3703	0.003877
OPCODE	A02E	3701	0.003875
OPCODE	700C	3697	0.003871
OPCODE	2431	3694	0.003867
OPCODE	66A8	3691	0.003864
OPCODE	E288	3677	0.003850
OPCODE	2D47	3677	0.003850
OPCODE	4246	3672	0.003844
OPCODE	E881	3669	0.003841
OPCODE	B202	3661	0.003833
OPCODE	610A	3657	0.003829
OPCODE	1480	3655	0.003827
OPCODE	362C	3644	0.003815
OPCODE	2E80	3641	0.003812
OPCODE	6754	3632	0.003803
OPCODE	6640	3624	0.003794
OPCODE	21EE	3621	0.003791
OPCODE	602C	3620	0.003790
OPCODE	9481	3616	0.003786
OPCODE	916E	3614	0.003784
OPCODE	BA47	3607	0.003776
OPCODE	D094	3603	0.003772
OPCODE	2B40	3597	0.003766
OPCODE	4E54	3592	0.003761
OPCODE	4E5C	3592	0.003761
OPCODE	2D70	3588	0.003756
OPCODE	6200	3585	0.003753
OPCODE	6F16	3578	0.003746
OPCODE	6D0E	3563	0.003730
OPCODE	4205	3562	0.003729
OPCODE	3D46	3554	0.003721
OPCODE	5C53	3552	0.003719
OPCODE	2E38	3552	0.003719
OPCODE	B5C8	3551	0.003718
OPCODE	C2FC	3550	0.003717
OPCODE	6112	3546	0.003713
OPCODE	61B0	3544	0.003710
OPCODE	A024	3544	0.003710
OPCODE	129F	3544	0.003710
OPCODE	1F11	3544	0.003710
OPCODE	6F3E	3543	0.003709
OPCODE	61EE	3536	0.003702
OPCODE	6030	3535	0.003701
OPCODE	6038	3532	0.003698
OPCODE	6D08	3524	0.003689
OPCODE	20C1	3524	0.003689
OPCODE	720C	3523	0.003688
OPCODE	B478	3522	0.003687
OPCODE	3F40	3515	0.003680
OPCODE	2241	3513	0.003678
OPCODE	70E4	3511	0.003676
OPCODE	E542	3511	0.003676
OPCODE	0929	3511	0.003676
OPCODE	4EB2	3511	0.003676
OPCODE	5D4F	3510	0.003675
OPCODE	422F	3510	0.003675
OPCODE	102B	3508	0.003673
OPCODE	208B	3502	0.003666
OPCODE	1E03	3500	0.003664
OPCODE	1429	3498	0.003662
OPCODE	48C3	3491	0.003655
OPCODE	137C	3489	0.003653
OPCODE	6402	3489	0.003653
OPCODE	9087	3488	0.003652
OPCODE	A8E2	3481	0.003644
OPCODE	5740	3480	0.003643
OPCODE	70FE	3474	0.003637
OPCODE	1C2E	3472	0.003635
OPCODE	2D54	3470	0.003633
OPCODE	E999	3469	0.003632
OPCODE	D245	3468	0.003631
OPCODE	9641	3467	0.003630
OPCODE	3E2A	3466	0.003629
OPCODE	630A	3465	0.003628
OPCODE	61DA	3459	0.003621
OPCODE	665A	3457	0.003619
OPCODE	701E	3455	0.003617
OPCODE	526C	3454	0.003616
OPCODE	522E	3450	0.003612
OPCODE	61E2	3448	0.003610
OPCODE	4A04	3445	0.003607
OPCODE	102D	3444	0.003606
OPCODE	3805	3443	0.003605
OPCODE	B26E	3439	0.003600
OPCODE	4401	3438	0.003599
OPCODE	A193	3438	0.003599
OPCODE	9681	3438	0.003599
OPCODE	9381	3438	0.003599
OPCODE	2A19	3438	0.003599
OPCODE	D981	3438	0.003599
OPCODE	3819	3438	0.003599
OPCODE	E899	3438	0.003599
OPCODE	65E6	3434	0.003595
OPCODE	70EF	3433	0.003594
OPCODE	B252	3433	0.003594
OPCODE	66D0	3431	0.003592
OPCODE	A204	3431	0.003592
OPCODE	E540	3429	0.003590
OPCODE	6A12	3428	0.003589
OPCODE	4204	3428	0.003589
OPCODE	7041	3426	0.003587
OPCODE	30E9	3425	0.003586
OPCODE	426F	3424	0.003585
OPCODE	2802	3422	0.003583
OPCODE	6650	3420	0.003581
OPCODE	0882	3417	0.003577
OPCODE	676C	3415	0.003575
OPCODE	536C	3414	0.003574
OPCODE	703C	3413	0.003573
OPCODE	22B8	3413	0.003573
OPCODE	D7CC	3413	0.003573
OPCODE	675A	3411	0.003571
OPCODE	2F7A	3409	0.003569
OPCODE	A01C	3408	0.003568
OPCODE	247A	3408	0.003568
OPCODE	21EB	3404	0.003564
OPCODE	296A	3404	0.003564
OPCODE	276E	3404	0.003564
OPCODE	9091	3404	0.003564
OPCODE	2F6C	3404	0.003564
OPCODE	B9DF	3400	0.003560
OPCODE	7240	3399	0.003559
OPCODE	3A38	3399	0.003559
OPCODE	BE46	3398	0.003558
OPCODE	5C8F	3395	0.003554
OPCODE	1A2E	3394	0.003553
OPCODE	6678	3392	0.003551
OPCODE	E358	3391	0.003550
OPCODE	E940	3391	0.003550
OPCODE	3146	3389	0.003548
OPCODE	287A	3389	0.003548
OPCODE	A970	3389	0.003548
OPCODE	1978	3389	0.003548
OPCODE	0254	3388	0.003547
OPCODE	1969	3388	0.003547
OPCODE	2638	3387	0.003546
OPCODE	9CAA	3386	0.003545
OPCODE	721A	3385	0.003544
OPCODE	A871	3384	0.003543
OPCODE	4A97	3383	0.003542
OPCODE	143A	3381	0.003540
OPCODE	0C59	3381	0.003540
OPCODE	C038	3381	0.003540
OPCODE	2851	3381	0.003540
OPCODE	633C	3381	0.003540
OPCODE	A8AE	3381	0.003540
OPCODE	A030	3380	0.003539
OPCODE	A97F	3380	0.003539
OPCODE	A031	3379	0.003538
OPCODE	6E5A	3379	0.003538
OPCODE	6D16	3378	0.003537
OPCODE	60FA	3378	0.003537
OPCODE	A9B4	3377	0.003536
OPCODE	ABF7	3377	0.003536
OPCODE	A0DD	3377	0.003536
OPCODE	0280	3377	0.003536
OPCODE	227B	3377	0.003536
OPCODE	3412	3376	0.003535
OPCODE	1A07	3375	0.003533
OPCODE	A972	3375	0.003533
OPCODE	6E3A	3375	0.003533
OPCODE	50D0	3374	0.003532
OPCODE	3638	3374	0.003532
OPCODE	6F48	3374	0.003532
OPCODE	60B6	3374	0.003532
OPCODE	51D0	3374	0.003532
OPCODE	A911	3372	0.003530
OPCODE	6518	3371	0.003529
OPCODE	6F8A	3370	0.003528
OPCODE	4293	3370	0.003528
OPCODE	3083	3370	0.003528
OPCODE	A980	3370	0.003528
OPCODE	67B2	3369	0.003527
OPCODE	6212	3338	0.003495
OPCODE	4847	3337	0.003494
OPCODE	B7C9	3330	0.003486
OPCODE	B681	3330	0.003486
OPCODE	C094	3321	0.003477
OPCODE	B9ED	3320	0.003476
OPCODE	8041	3305	0.003460
OPCODE	2655	3291	0.003446
OPCODE	22FB	3288	0.003442
OPCODE	3E10	3281	0.003435
OPCODE	2411	3265	0.003418
OPCODE	8594	3250	0.003403
OPCODE	B189	3250	0.003403
OPCODE	43ED	3248	0.003401
OPCODE	2B49	3245	0.003397
OPCODE	B5CC	3223	0.003374
OPCODE	4EAD	3184	0.003334
OPCODE	0C44	3174	0.003323
OPCODE	B3F8	3169	0.003318
OPCODE	4A02	3156	0.003304
OPCODE	4870	3126	0.003273
OPCODE	D3C0	3111	0.003257
OPCODE	926E	3070	0.003214
OPCODE	2483	3067	0.003211
OPCODE	1418	3066	0.003210
OPCODE	6610	3062	0.003206
OPCODE	42AA	3048	0.003191
OPCODE	56C9	3044	0.003187
OPCODE	41F0	3042	0.003185
OPCODE	6A10	3029	0.003171
OPCODE	21F8	3025	0.003167
OPCODE	6168	2995	0.003136
OPCODE	1014	2976	0.003116
OPCODE	62D8	2971	0.003111
OPCODE	E888	2971	0.003111
OPCODE	2AF4	2970	0.003109
OPCODE	2854	2958	0.003097
OPCODE	1601	2953	0.003092
OPCODE	366E	2951	0.003090
OPCODE	4269	2930	0.003068
OPCODE	321F	2880	0.003015
OPCODE	322C	2863	0.002997
OPCODE	4E92	2862	0.002996
OPCODE	302C	2829	0.002962
OPCODE	B46E	2826	0.002959
OPCODE	301B	2824	0.002957
OPCODE	266B	2816	0.002948
OPCODE	4218	2807	0.002939
OPCODE	4A84	2802	0.002934
OPCODE	6406	2768	0.002898
OPCODE	2089	2742	0.002871
OPCODE	2618	2738	0.002867
OPCODE	0CAD	2728	0.002856
OPCODE	60D4	2719	0.002847
OPCODE	6A0A	2716	0.002844
OPCODE	0286	2702	0.002829
OPCODE	1D78	2701	0.002828
OPCODE	E280	2690	0.002816
OPCODE	5346	2677	0.002803
OPCODE	022B	2674	0.002800
OPCODE	486F	2651	0.002775
OPCODE	42B8	2627	0.002750
OPCODE	3F05	2624	0.002747
OPCODE	6A08	2620	0.002743
OPCODE	3140	2619	0.002742
OPCODE	2438	2618	0.002741
OPCODE	002B	2612	0.002735
OPCODE	5246	2596	0.002718
OPCODE	20EE	2594	0.002716
OPCODE	28C0	2586	0.002707
OPCODE	2288	2585	0.002706
OPCODE	6170	2582	0.002703
OPCODE	1743	2561	0.002681
OPCODE	162B	2551	0.002671
OPCODE	6794	2551	0.002671
OPCODE	6126	2550	0.002670
OPCODE	08AB	2548	0.002668
OPCODE	221A	2548	0.002668
OPCODE	176B	2544	0.002663
OPCODE	6A4E	2544	0.002663
OPCODE	4483	2543	0.002662
OPCODE	1741	2543	0.002662
OPCODE	0211	2543	0.002662
OPCODE	C211	2543	0.002662
OPCODE	7640	2543	0.002662
OPCODE	E809	2543	0.002662
OPCODE	E90B	2543	0.002662
OPCODE	1343	2543	0.002662
OPCODE	0029	2543	0.002662
OPCODE	C600	2543	0.002662
OPCODE	0003	2543	0.002662
OPCODE	C12B	2543	0.002662
OPCODE	617A	2543	0.002662
OPCODE	9043	2530	0.002649
OPCODE	396C	2520	0.002638
OPCODE	5345	2515	0.002633
OPCODE	4441	2501	0.002618
OPCODE	7080	2496	0.002613
OPCODE	8029	2496	0.002613
OPCODE	264A	2491	0.002608
OPCODE	1232	2484	0.002601
OPCODE	2488	2474	0.002590
OPCODE	2145	2455	0.002570
OPCODE	4440	2438	0.002552
OPCODE	6162	2438	0.002552
OPCODE	0640	2437	0.002551
OPCODE	EA46	2434	0.002548
OPCODE	B0AE	2434	0.002548
OPCODE	D9C6	2420	0.002534
OPCODE	1030	2418	0.002532
OPCODE	C343	2416	0.002529
OPCODE	1830	2406	0.002519
OPCODE	1630	2404	0.002517
OPCODE	2C14	2404	0.002517
OPCODE	2815	2400	0.002513
OPCODE	E9D2	2400	0.002513
OPCODE	CE81	2400	0.002513
OPCODE	28C4	2400	0.002513
OPCODE	0686	2400	0.002513
OPCODE	2AC1	2400	0.002513
OPCODE	8287	2400	0.002513
OPCODE	0284	2392	0.002504
OPCODE	D080	2388	0.002500
OPCODE	E499	2369	0.002480
OPCODE	B084	2368	0.002479
OPCODE	526E	2368	0.002479
OPCODE	E88C	2365	0.002476
OPCODE	B9D0	2364	0.002475
OPCODE	C480	2364	0.002475
OPCODE	1814	2362	0.002473
OPCODE	2418	2331	0.002440
OPCODE	2A00	2328	0.002437
OPCODE	4842	2322	0.002431
OPCODE	D1C2	2313	0.002422
OPCODE	C481	2311	0.002420
OPCODE	1958	2304	0.002412
OPCODE	66E6	2291	0.002399
OPCODE	D3C2	2281	0.002388
OPCODE	5280	2264	0.002370
OPCODE	21C8	2258	0.002364
OPCODE	1A12	2247	0.002353
OPCODE	1485	2247	0.002353
OPCODE	E9A9	2239	0.002344
OPCODE	5880	2226	0.002331
OPCODE	4A86	2226	0.002331
OPCODE	227A	2221	0.002325
OPCODE	2401	2214	0.002318
OPCODE	60DA	2211	0.002315
OPCODE	3806	2204	0.002307
OPCODE	C544	2203	0.002306
OPCODE	22AE	2196	0.002299
OPCODE	906B	2170	0.002272
OPCODE	2340	2169	0.002271
OPCODE	4ED5	2155	0.002256
OPCODE	3F04	2153	0.002254
OPCODE	7014	2150	0.002251
OPCODE	4481	2138	0.002238
OPCODE	2F50	2123	0.002223
OPCODE	08AE	2114	0.002213
OPCODE	360B	2110	0.002209
OPCODE	280A	2109	0.002208
OPCODE	B087	2102	0.002201
OPCODE	C099	2094	0.002192
OPCODE	3368	2090	0.002188
OPCODE	6308	2084	0.002182
OPCODE	90B8	2076	0.002173
OPCODE	322D	2075	0.002172
OPCODE	286C	2075	0.002172
OPCODE	E38E	2072	0.002169
OPCODE	9044	2069	0.002166
OPCODE	B2AA	2067	0.002164
OPCODE	4206	2061	0.002158
OPCODE	C1EE	2061	0.002158
OPCODE	D08F	2061	0.002158
OPCODE	0200	2061	0.002158
OPCODE	5DC0	2056	0.002153
OPCODE	3818	2055	0.002151
OPCODE	906D	2054	0.002150
OPCODE	0480	2051	0.002147
OPCODE	2A6D	2044	0.002140
OPCODE	5048	2014	0.002109
OPCODE	CC6E	2011	0.002105
OPCODE	0057	2007	0.002101
OPCODE	363C	2007	0.002101
OPCODE	DC6E	2006	0.002100
OPCODE	60C0	1999	0.002093
OPCODE	D2B1	1996	0.002090
OPCODE	926D	1982	0.002075
OPCODE	3012	1979	0.002072
OPCODE	3204	1977	0.002070
OPCODE	C3C0	1974	0.002067
OPCODE	1434	1973	0.002066
OPCODE	4685	1972	0.002065
OPCODE	3A06	1969	0.002061
OPCODE	DBC2	1962	0.002054
OPCODE	E589	1962	0.002054
OPCODE	D1C5	1962	0.002054
OPCODE	6CDC	1961	0.002053
OPCODE	EA89	1959	0.002051
OPCODE	4BEE	1952	0.002044
OPCODE	5381	1950	0.002042
OPCODE	D091	1949	0.002041
OPCODE	D3D1	1949	0.002041
OPCODE	49C7	1941	0.002032
OPCODE	E858	1941	0.002032
OPCODE	4A76	1941	0.002032
OPCODE	56C7	1941	0.002032
OPCODE	61C6	1940	0.002031
OPCODE	302A	1925	0.002015
OPCODE	6328	1922	0.002012
OPCODE	66DE	1922	0.002012
OPCODE	BEAD	1922	0.002012
OPCODE	0C87	1910	0.002000
OPCODE	B044	1910	0.002000
OPCODE	A023	1897	0.001986
OPCODE	3630	1890	0.001979
OPCODE	B1F8	1885	0.001974
OPCODE	1C3C	1883	0.001971
OPCODE	6196	1879	0.001967
OPCODE	9A8E	1878	0.001966
OPCODE	2019	1873	0.001961
OPCODE	262D	1873	0.001961
OPCODE	236E	1873	0.001961
OPCODE	2D51	1870	0.001958
OPCODE	12DC	1866	0.001954
OPCODE	206C	1848	0.001935
OPCODE	2A55	1841	0.001927
OPCODE	3A00	1840	0.001926
OPCODE	3D50	1833	0.001919
OPCODE	D06A	1827	0.001913
OPCODE	322A	1819	0.001904
OPCODE	49F4	1815	0.001900
OPCODE	2A04	1814	0.001899
OPCODE	BC6E	1811	0.001896
OPCODE	60C6	1810	0.001895
OPCODE	BC5B	1807	0.001892
OPCODE	1B40	1805	0.001890
OPCODE	4A12	1799	0.001883
OPCODE	1E2E	1798	0.001882
OPCODE	D5CE	1797	0.001881
OPCODE	6F24	1792	0.001876
OPCODE	6538	1783	0.001867
OPCODE	6D10	1781	0.001865
OPCODE	E0AC	1780	0.001864
OPCODE	3E3C	1779	0.001863
OPCODE	E7A8	1767	0.001850
OPCODE	1A00	1765	0.001848
OPCODE	C06B	1764	0.001847
OPCODE	1F40	1763	0.001846
OPCODE	0812	1762	0.001845
OPCODE	7CFF	1757	0.001840
OPCODE	601E	1757	0.001840
OPCODE	66E4	1753	0.001835
OPCODE	D680	1752	0.001834
OPCODE	906C	1748	0.001830
OPCODE	926B	1741	0.001823
OPCODE	588F	1737	0.001819
OPCODE	D052	1736	0.001818
OPCODE	EBA9	1736	0.001818
OPCODE	741F	1736	0.001818
OPCODE	96C0	1734	0.001815
OPCODE	DBC0	1734	0.001815
OPCODE	DBC1	1734	0.001815
OPCODE	22DC	1732	0.001813
OPCODE	2A01	1729	0.001810
OPCODE	EA8A	1727	0.001808
OPCODE	0C07	1725	0.001806
OPCODE	3C2D	1721	0.001802
OPCODE	B682	1706	0.001786
OPCODE	3F11	1706	0.001786
OPCODE	518A	1706	0.001786
OPCODE	91C8	1705	0.001785
OPCODE	C1C7	1704	0.001784
OPCODE	C594	1696	0.001776
OPCODE	7EFF	1692	0.001771
OPCODE	E7AA	1689	0.001768
OPCODE	D1F0	1689	0.001768
OPCODE	21EC	1684	0.001763
OPCODE	0282	1684	0.001763
OPCODE	B86E	1684	0.001763
OPCODE	D06D	1682	0.001761
OPCODE	D7CD	1674	0.001753
OPCODE	E44B	1673	0.001752
OPCODE	6644	1670	0.001748
OPCODE	8280	1668	0.001746
OPCODE	6E16	1666	0.001744
OPCODE	9842	1666	0.001744
OPCODE	3E04	1666	0.001744
OPCODE	4C43	1666	0.001744
OPCODE	534A	1666	0.001744
OPCODE	9BAE	1666	0.001744
OPCODE	7E02	1663	0.001741
OPCODE	6B26	1656	0.001734
OPCODE	2F2B	1655	0.001733
OPCODE	42A9	1655	0.001733
OPCODE	5286	1654	0.001732
OPCODE	60D8	1652	0.001730
OPCODE	0805	1652	0.001730
OPCODE	323C	1651	0.001729
OPCODE	469B	1643	0.001720
OPCODE	E28A	1635	0.001712
OPCODE	B1EE	1617	0.001693
OPCODE	D240	1616	0.001692
OPCODE	E538	1612	0.001688
OPCODE	223B	1612	0.001688
OPCODE	BF00	1612	0.001688
OPCODE	2F04	1608	0.001684
OPCODE	6114	1604	0.001679
OPCODE	3619	1595	0.001670
OPCODE	0C84	1593	0.001668
OPCODE	663E	1584	0.001658
OPCODE	6D52	1583	0.001657
OPCODE	22C6	1572	0.001646
OPCODE	BEAC	1570	0.001644
OPCODE	3342	1563	0.001636
OPCODE	9883	1561	0.001634
OPCODE	B1C9	1558	0.001631
OPCODE	5741	1556	0.001629
OPCODE	1385	1551	0.001624
OPCODE	294D	1546	0.001619
OPCODE	294F	1546	0.001619
OPCODE	D46B	1543	0.001615
OPCODE	7C07	1543	0.001615
OPCODE	C446	1542	0.001614
OPCODE	D5F2	1542	0.001614
OPCODE	49EC	1541	0.001613
OPCODE	2E6C	1541	0.001613
OPCODE	650C	1536	0.001608
OPCODE	7E0F	1535	0.001607
OPCODE	2C36	1533	0.001605
OPCODE	2C05	1533	0.001605
OPCODE	620C	1518	0.001589
OPCODE	5347	1516	0.001587
OPCODE	4A90	1512	0.001583
OPCODE	4298	1488	0.001558
OPCODE	D2C1	1472	0.001541
OPCODE	3602	1458	0.001526
OPCODE	2F2C	1457	0.001525
OPCODE	B9EE	1450	0.001518
OPCODE	4682	1439	0.001507
OPCODE	CA83	1434	0.001501
OPCODE	3429	1430	0.001497
OPCODE	DE47	1430	0.001497
OPCODE	21C9	1428	0.001495
OPCODE	4244	1425	0.001492
OPCODE	C484	1421	0.001488
OPCODE	673A	1420	0.001487
OPCODE	6438	1418	0.001485
OPCODE	0C05	1418	0.001485
OPCODE	47EB	1418	0.001485
OPCODE	342B	1406	0.001472
OPCODE	CE53	1406	0.001472
OPCODE	E84B	1402	0.001468
OPCODE	B081	1401	0.001467
OPCODE	6B0E	1400	0.001466
OPCODE	0C6B	1396	0.001462
OPCODE	61CE	1392	0.001457
OPCODE	1A19	1392	0.001457
OPCODE	7801	1390	0.001455
OPCODE	E16B	1390	0.001455
OPCODE	3419	1387	0.001452
OPCODE	504B	1385	0.001450
OPCODE	D853	1384	0.001449
OPCODE	55C7	1383	0.001448
OPCODE	9050	1380	0.001445
OPCODE	D1C3	1379	0.001444
OPCODE	BA6E	1377	0.001442
OPCODE	0C2D	1374	0.001439
OPCODE	31A9	1370	0.001434
OPCODE	2191	1370	0.001434
OPCODE	9A6E	1359	0.001423
OPCODE	2405	1357	0.001421
OPCODE	2F19	1356	0.001420
OPCODE	1E80	1353	0.001417
OPCODE	6756	1342	0.001405
OPCODE	B240	1337	0.001400
OPCODE	D0FB	1333	0.001396
OPCODE	4683	1333	0.001396
OPCODE	177C	1332	0.001395
OPCODE	6C06	1331	0.001393
OPCODE	2041	1331	0.001393
OPCODE	66EA	1329	0.001391
OPCODE	676E	1327	0.001389
OPCODE	D259	1326	0.001388
OPCODE	C2C2	1326	0.001388
OPCODE	4443	1323	0.001385
OPCODE	3F29	1319	0.001381
OPCODE	6F14	1317	0.001379
OPCODE	D443	1311	0.001373
OPCODE	B7EE	1311	0.001373
OPCODE	7050	1307	0.001368
OPCODE	6420	1307	0.001368
OPCODE	2830	1305	0.001366
OPCODE	81FC	1304	0.001365
OPCODE	62B4	1301	0.001362
OPCODE	D8AE	1301	0.001362
OPCODE	E04B	1301	0.001362
OPCODE	D9AE	1301	0.001362
OPCODE	D66E	1301	0.001362
OPCODE	3C02	1297	0.001358
OPCODE	E28F	1297	0.001358
OPCODE	6D42	1291	0.001352
OPCODE	3287	1288	0.001348
OPCODE	6B0A	1286	0.001346
OPCODE	2012	1286	0.001346
OPCODE	7603	1281	0.001341
OPCODE	664A	1278	0.001338
OPCODE	B05A	1275	0.001335
OPCODE	282A	1273	0.001333
OPCODE	3401	1272	0.001332
OPCODE	2204	1272	0.001332
OPCODE	67E8	1272	0.001332
OPCODE	34E9	1265	0.001324
OPCODE	286A	1263	0.001322
OPCODE	1017	1260	0.001319
OPCODE	34A9	1260	0.001319
OPCODE	3D70	1259	0.001318
OPCODE	9C44	1258	0.001317
OPCODE	357C	1254	0.001313
OPCODE	C02B	1253	0.001312
OPCODE	60AE	1250	0.001309
OPCODE	E808	1250	0.001309
OPCODE	4C00	1249	0.001308
OPCODE	262A	1248	0.001307
OPCODE	52A9	1248	0.001307
OPCODE	0197	1248	0.001307
OPCODE	DBC4	1247	0.001306
OPCODE	50E7	1246	0.001305
OPCODE	10D9	1245	0.001303
OPCODE	D085	1243	0.001301
OPCODE	D158	1242	0.001300
OPCODE	6804	1237	0.001295
OPCODE	3A11	1235	0.001293
OPCODE	7E0A	1234	0.001292
OPCODE	30C7	1234	0.001292
OPCODE	2C08	1233	0.001291
OPCODE	60F0	1233	0.001291
OPCODE	026E	1230	0.001288
OPCODE	2808	1230	0.001288
OPCODE	1D6E	1228	0.001286
OPCODE	E169	1222	0.001279
OPCODE	66F4	1222	0.001279
OPCODE	57CA	1218	0.001275
OPCODE	E384	1217	0.001274
OPCODE	3C03	1217	0.001274
OPCODE	E16A	1217	0.001274
OPCODE	6EF0	1217	0.001274
OPCODE	E29C	1217	0.001274
OPCODE	C8C0	1217	0.001274
OPCODE	DE2E	1217	0.001274
OPCODE	E4A4	1217	0.001274
OPCODE	380B	1217	0.001274
OPCODE	E54E	1217	0.001274
OPCODE	D9C4	1217	0.001274
OPCODE	DAC6	1217	0.001274
OPCODE	2D58	1216	0.001273
OPCODE	7020	1206	0.001263
OPCODE	60AA	1203	0.001259
OPCODE	7054	1197	0.001253
OPCODE	12D8	1190	0.001246
OPCODE	22D0	1187	0.001243
OPCODE	C295	1187	0.001243
OPCODE	780F	1186	0.001242
OPCODE	4444	1186	0.001242
OPCODE	C843	1186	0.001242
OPCODE	56C0	1162	0.001217
OPCODE	D46E	1160	0.001214
OPCODE	9041	1159	0.001213
OPCODE	6E0E	1159	0.001213
OPCODE	6EAE	1152	0.001206
OPCODE	2E88	1149	0.001203
OPCODE	2F11	1148	0.001202
OPCODE	2378	1146	0.001200
OPCODE	D442	1146	0.001200
OPCODE	D844	1145	0.001199
OPCODE	D093	1145	0.001199
OPCODE	6F12	1129	0.001182
OPCODE	0246	1122	0.001175
OPCODE	5344	1120	0.001173
OPCODE	3F28	1116	0.001168
OPCODE	2C1C	1111	0.001163
OPCODE	22E8	1103	0.001155
OPCODE	22DF	1103	0.001155
OPCODE	1169	1102	0.001154
OPCODE	5149	1098	0.001150
OPCODE	0244	1093	0.001144
OPCODE	3250	1092	0.001143
OPCODE	C095	1091	0.001142
OPCODE	8086	1091	0.001142
OPCODE	CC85	1091	0.001142
OPCODE	6504	1091	0.001142
OPCODE	D0C9	1091	0.001142
OPCODE	B3FA	1091	0.001142
OPCODE	9068	1085	0.001136
OPCODE	426C	1084	0.001135
OPCODE	65E4	1079	0.001130
OPCODE	D481	1079	0.001130
OPCODE	6742	1077	0.001128
OPCODE	A322	1074	0.001124
OPCODE	5245	1069	0.001119
OPCODE	2F48	1060	0.001110
OPCODE	EA48	1060	0.001110
OPCODE	4290	1058	0.001108
OPCODE	284B	1056	0.001106
OPCODE	B060	1056	0.001106
OPCODE	67EE	1053	0.001102
OPCODE	E58A	1052	0.001101
OPCODE	BFAE	1051	0.001100
OPCODE	3380	1046	0.001095
OPCODE	18D8	1044	0.001093
OPCODE	8357	1041	0.001090
OPCODE	E2A8	1037	0.001086
OPCODE	E0AA	1037	0.001086
OPCODE	D1A9	1036	0.001085
OPCODE	B443	1036	0.001085
OPCODE	D272	1034	0.001083
OPCODE	6B1A	1029	0.001077
OPCODE	0832	1024	0.001072
OPCODE	E4AD	1024	0.001072
OPCODE	12C6	1024	0.001072
OPCODE	D9C2	1023	0.001071
OPCODE	4647	1023	0.001071
OPCODE	C1C6	1022	0.001070
OPCODE	E68C	1022	0.001070
OPCODE	3646	1022	0.001070
OPCODE	3A07	1022	0.001070
OPCODE	4447	1022	0.001070
OPCODE	4A4A	1022	0.001070
OPCODE	CA82	1018	0.001066
OPCODE	43F1	1016	0.001064
OPCODE	BA40	1011	0.001058
OPCODE	D358	1004	0.001051
OPCODE	341F	1003	0.001050
OPCODE	4A30	1002	0.001049
OPCODE	5049	997	0.001044
OPCODE	2801	995	0.001042
OPCODE	601A	990	0.001036
OPCODE	3633	990	0.001036
OPCODE	E64A	989	0.001035
OPCODE	E741	989	0.001035
OPCODE	EF6A	987	0.001033
OPCODE	EBAA	987	0.001033
OPCODE	EAAA	987	0.001033
OPCODE	7224	987	0.001033
OPCODE	EFAA	987	0.001033
OPCODE	3406	987	0.001033
OPCODE	E68A	987	0.001033
OPCODE	49F9	987	0.001033
OPCODE	5241	983	0.001029
OPCODE	9284	981	0.001027
OPCODE	3046	981	0.001027
OPCODE	E54C	981	0.001027
OPCODE	C640	981	0.001027
OPCODE	7820	981	0.001027
OPCODE	9C80	981	0.001027
OPCODE	94C4	981	0.001027
OPCODE	96C4	981	0.001027
OPCODE	B480	980	0.001026
OPCODE	2D59	980	0.001026
OPCODE	4EED	976	0.001022
OPCODE	BBFC	976	0.001022
OPCODE	2850	975	0.001021
OPCODE	B047	974	0.001020
OPCODE	67D0	972	0.001018
OPCODE	2A0E	971	0.001017
OPCODE	52B8	971	0.001017
OPCODE	3D68	968	0.001013
OPCODE	21F0	964	0.001009
OPCODE	6B28	964	0.001009
OPCODE	2D1F	960	0.001005
OPCODE	2F1E	960	0.001005
OPCODE	C043	956	0.001001
OPCODE	46FC	956	0.001001
OPCODE	E9D6	955	0.001000
OPCODE	584E	955	0.001000
OPCODE	B4AC	953	0.000998
OPCODE	700F	953	0.000998
OPCODE	E588	947	0.000991
OPCODE	BFC0	943	0.000987
OPCODE	BFD1	943	0.000987
OPCODE	67FA	942	0.000986
OPCODE	6D2E	941	0.000985
OPCODE	3606	938	0.000982
OPCODE	6D5C	937	0.000981
OPCODE	2A03	934	0.000978
OPCODE	E348	933	0.000977
OPCODE	4A46	931	0.000975
OPCODE	0040	927	0.000971
OPCODE	66F8	923	0.000966
OPCODE	6042	923	0.000966
OPCODE	D640	921	0.000964
OPCODE	9A86	921	0.000964
OPCODE	9A82	921	0.000964
OPCODE	D7C4	921	0.000964
OPCODE	8198	919	0.000962
OPCODE	E9C1	918	0.000961
OPCODE	722A	917	0.000960
OPCODE	C6B8	916	0.000959
OPCODE	6D04	915	0.000958
OPCODE	6C0A	915	0.000958
OPCODE	B251	902	0.000944
OPCODE	7A03	896	0.000938
OPCODE	6FEE	894	0.000936
OPCODE	D5C2	892	0.000934
OPCODE	246C	891	0.000933
OPCODE	2484	890	0.000932
OPCODE	9FC2	890	0.000932
OPCODE	C443	888	0.000930
OPCODE	D882	887	0.000929
OPCODE	B082	886	0.000928
OPCODE	93C8	885	0.000927
OPCODE	D1C9	883	0.000924
OPCODE	306C	883	0.000924
OPCODE	6F2A	882	0.000923
OPCODE	3E09	881	0.000922
OPCODE	DA46	881	0.000922
OPCODE	E54D	881	0.000922
OPCODE	D2C7	881	0.000922
OPCODE	48E6	877	0.000918
OPCODE	3011	877	0.000918
OPCODE	14EB	868	0.000909
OPCODE	3030	866	0.000907
OPCODE	4BFA	863	0.000904
OPCODE	E9C2	856	0.000896
OPCODE	1684	856	0.000896
OPCODE	2348	852	0.000892
OPCODE	643C	849	0.000889
OPCODE	2202	849	0.000889
OPCODE	4CDE	847	0.000887
OPCODE	C94D	843	0.000883
OPCODE	6E58	841	0.000880
OPCODE	300D	840	0.000879
OPCODE	6ECE	836	0.000875
OPCODE	7403	836	0.000875
OPCODE	6DCA	835	0.000874
OPCODE	9441	834	0.000873
OPCODE	2C13	833	0.000872
OPCODE	384B	832	0.000871
OPCODE	DEC7	832	0.000871
OPCODE	D04D	832	0.000871
OPCODE	300F	832	0.000871
OPCODE	45F2	832	0.000871
OPCODE	3C2B	829	0.000868
OPCODE	60E8	828	0.000867
OPCODE	D287	826	0.000865
OPCODE	BA41	824	0.000863
OPCODE	4EB5	818	0.000856
OPCODE	3206	816	0.000854
OPCODE	21CC	805	0.000843
OPCODE	D278	804	0.000842
OPCODE	D851	804	0.000842
OPCODE	B66E	803	0.000841
OPCODE	C904	800	0.000838
OPCODE	C703	800	0.000838
OPCODE	C502	800	0.000838
OPCODE	C301	800	0.000838
OPCODE	CB05	800	0.000838
OPCODE	B06B	791	0.000828
OPCODE	D0BC	784	0.000821
OPCODE	2A18	784	0.000821
OPCODE	08D2	780	0.000817
OPCODE	0892	780	0.000817
OPCODE	61E8	779	0.000816
OPCODE	6018	778	0.000815
OPCODE	3605	777	0.000813
OPCODE	36C6	776	0.000812
OPCODE	36C5	772	0.000808
OPCODE	3433	771	0.000807
OPCODE	669E	771	0.000807
OPCODE	6A20	770	0.000806
OPCODE	10F6	768	0.000804
OPCODE	10F5	768	0.000804
OPCODE	B3CB	768	0.000804
OPCODE	2033	768	0.000804
OPCODE	10F4	768	0.000804
OPCODE	E8D2	768	0.000804
OPCODE	E24B	768	0.000804
OPCODE	0806	768	0.000804
OPCODE	3004	766	0.000802
OPCODE	1211	765	0.000801
OPCODE	6108	762	0.000798
OPCODE	3340	751	0.000786
OPCODE	0685	750	0.000785
OPCODE	1012	750	0.000785
OPCODE	1001	746	0.000781
OPCODE	486D	745	0.000780
OPCODE	67E0	741	0.000776
OPCODE	BE86	738	0.000773
OPCODE	D301	736	0.000771
OPCODE	6208	735	0.000770
OPCODE	301A	726	0.000760
OPCODE	2E28	726	0.000760
OPCODE	6060	723	0.000757
OPCODE	504C	719	0.000753
OPCODE	8CAE	717	0.000751
OPCODE	30FC	715	0.000749
OPCODE	6A14	714	0.000748
OPCODE	A122	714	0.000748
OPCODE	101C	714	0.000748
OPCODE	5BC8	713	0.000746
OPCODE	6F08	712	0.000745
OPCODE	1481	711	0.000744
OPCODE	1411	706	0.000739
OPCODE	20A9	706	0.000739
OPCODE	32E8	704	0.000737
OPCODE	48C6	699	0.000732
OPCODE	2205	699	0.000732
OPCODE	0810	699	0.000732
OPCODE	3D6A	698	0.000731
OPCODE	3604	698	0.000731
OPCODE	2042	697	0.000730
OPCODE	D269	696	0.000729
OPCODE	2254	691	0.000723
OPCODE	1005	688	0.000720
OPCODE	2149	688	0.000720
OPCODE	4686	684	0.000716
OPCODE	1BAD	684	0.000716
OPCODE	E0AE	684	0.000716
OPCODE	518F	678	0.000710
OPCODE	22C2	677	0.000709
OPCODE	60D2	673	0.000705
OPCODE	66EC	671	0.000703
OPCODE	6408	668	0.000699
OPCODE	C200	668	0.000699
OPCODE	CC94	667	0.000698
OPCODE	E0AB	667	0.000698
OPCODE	57C1	667	0.000698
OPCODE	CC84	667	0.000698
OPCODE	28C6	666	0.000697
OPCODE	8C81	666	0.000697
OPCODE	C286	666	0.000697
OPCODE	C0BC	666	0.000697
OPCODE	7203	662	0.000693
OPCODE	3A1A	661	0.000692
OPCODE	D6EB	661	0.000692
OPCODE	6D12	661	0.000692
OPCODE	BEAE	648	0.000678
OPCODE	1759	646	0.000676
OPCODE	E689	644	0.000674
OPCODE	9C6E	644	0.000674
OPCODE	4A92	642	0.000672
OPCODE	9042	637	0.000667
OPCODE	24E9	635	0.000665
OPCODE	222F	634	0.000664
OPCODE	208A	633	0.000663
OPCODE	24C8	632	0.000662
OPCODE	66E0	631	0.000661
OPCODE	C100	630	0.000660
OPCODE	E14D	629	0.000659
OPCODE	2F2A	626	0.000655
OPCODE	93C9	622	0.000651
OPCODE	67DA	621	0.000650
OPCODE	B0A8	621	0.000650
OPCODE	6124	619	0.000648
OPCODE	30D9	618	0.000647
OPCODE	A822	617	0.000646
OPCODE	2649	609	0.000638
OPCODE	204F	607	0.000636
OPCODE	8001	606	0.000634
OPCODE	6020	601	0.000629
OPCODE	6B3C	596	0.000624
OPCODE	B4B1	592	0.000620
OPCODE	66EE	589	0.000617
OPCODE	65F0	588	0.000616
OPCODE	2F80	585	0.000612
OPCODE	234C	583	0.000610
OPCODE	B291	583	0.000610
OPCODE	2948	582	0.000609
OPCODE	5882	582	0.000609
OPCODE	605C	582	0.000609
OPCODE	3F70	581	0.000608
OPCODE	2063	579	0.000606
OPCODE	3413	579	0.000606
OPCODE	5888	578	0.000605
OPCODE	4A1B	576	0.000603
OPCODE	2F41	576	0.000603
OPCODE	2C04	575	0.000602
OPCODE	B308	575	0.000602
OPCODE	397C	574	0.000601
OPCODE	2641	574	0.000601
OPCODE	1028	570	0.000597
OPCODE	5A41	568	0.000595
OPCODE	45F1	566	0.000593
OPCODE	41F1	562	0.000588
OPCODE	223C	562	0.000588
OPCODE	2608	560	0.000586
OPCODE	B090	556	0.000582
OPCODE	4A51	555	0.000581
OPCODE	6A32	554	0.000580
OPCODE	2F13	554	0.000580
OPCODE	6118	554	0.000580
OPCODE	650A	552	0.000578
OPCODE	BC90	550	0.000576
OPCODE	2B41	549	0.000575
OPCODE	1B6B	547	0.000573
OPCODE	C02D	547	0.000573
OPCODE	50ED	547	0.000573
OPCODE	082D	547	0.000573
OPCODE	6C7E	545	0.000571
OPCODE	222C	543	0.000568
OPCODE	32C3	542	0.000567
OPCODE	6758	541	0.000566
OPCODE	6206	540	0.000565
OPCODE	2088	537	0.000562
OPCODE	DE80	537	0.000562
OPCODE	D241	534	0.000559
OPCODE	E181	532	0.000557
OPCODE	1802	532	0.000557
OPCODE	E09A	532	0.000557
OPCODE	D2C4	532	0.000557
OPCODE	43EA	532	0.000557
OPCODE	926A	528	0.000553
OPCODE	D0A8	525	0.000550
OPCODE	1419	524	0.000549
OPCODE	2435	524	0.000549
OPCODE	E049	523	0.000548
OPCODE	6DA8	520	0.000544
OPCODE	4C2F	519	0.000543
OPCODE	D180	519	0.000543
OPCODE	6EC8	519	0.000543
OPCODE	3290	518	0.000542
OPCODE	91A9	518	0.000542
OPCODE	6D44	517	0.000541
OPCODE	9444	517	0.000541
OPCODE	6F1E	517	0.000541
OPCODE	49E9	516	0.000540
OPCODE	1813	516	0.000540
OPCODE	12C2	514	0.000538
OPCODE	6DC2	513	0.000537
OPCODE	D4FC	513	0.000537
OPCODE	6EA8	513	0.000537
OPCODE	6EBE	513	0.000537
OPCODE	6DB4	513	0.000537
OPCODE	6EC0	513	0.000537
OPCODE	6DB0	512	0.000536
OPCODE	5249	512	0.000536
OPCODE	08B1	511	0.000535
OPCODE	3381	508	0.000532
OPCODE	A8E4	504	0.000528
OPCODE	B887	504	0.000528
OPCODE	E098	504	0.000528
OPCODE	E9C3	502	0.000526
OPCODE	2D50	497	0.000520
OPCODE	67F0	496	0.000519
OPCODE	B673	495	0.000518
OPCODE	4A59	494	0.000517
OPCODE	C22E	494	0.000517
OPCODE	70F0	493	0.000516
OPCODE	A8A7	493	0.000516
OPCODE	0641	492	0.000515
OPCODE	74F0	491	0.000514
OPCODE	6134	490	0.000513
OPCODE	4C40	490	0.000513
OPCODE	DE85	490	0.000513
OPCODE	24C3	490	0.000513
OPCODE	6CD6	488	0.000511
OPCODE	3A1F	487	0.000510
OPCODE	0128	486	0.000509
OPCODE	6A2A	486	0.000509
OPCODE	2817	484	0.000507
OPCODE	E740	483	0.000506
OPCODE	31C0	483	0.000506
OPCODE	C882	482	0.000505
OPCODE	5189	482	0.000505
OPCODE	6C76	482	0.000505
OPCODE	6ED4	481	0.000504
OPCODE	2C2F	480	0.000503
OPCODE	8111	480	0.000503
OPCODE	2D42	480	0.000503
OPCODE	C010	480	0.000503
OPCODE	2489	480	0.000503
OPCODE	C411	480	0.000503
OPCODE	D5C9	480	0.000503
OPCODE	B110	480	0.000503
OPCODE	B511	480	0.000503
OPCODE	8510	480	0.000503
OPCODE	D4C4	480	0.000503
OPCODE	5889	480	0.000503
OPCODE	D4E9	480	0.000503
OPCODE	DBC8	480	0.000503
OPCODE	20CE	480	0.000503
OPCODE	D7C9	480	0.000503
OPCODE	6B38	479	0.000501
OPCODE	2471	479	0.000501
OPCODE	4EF2	478	0.000500
OPCODE	6E48	477	0.000499
OPCODE	21D0	476	0.000498
OPCODE	6116	474	0.000496
OPCODE	C2AE	473	0.000495
OPCODE	45F4	468	0.000490
OPCODE	740E	468	0.000490
OPCODE	2F40	467	0.000489
OPCODE	4A81	466	0.000488
OPCODE	B0A9	463	0.000485
OPCODE	92AA	462	0.000484
OPCODE	34D9	460	0.000482
OPCODE	2F0D	460	0.000482
OPCODE	2A5F	460	0.000482
OPCODE	08EA	456	0.000477
OPCODE	2941	454	0.000475
OPCODE	5387	452	0.000473
OPCODE	0C82	452	0.000473
OPCODE	2E48	451	0.000472
OPCODE	60BE	450	0.000471
OPCODE	70F8	449	0.000470
OPCODE	2A4F	447	0.000468
OPCODE	D2C8	447	0.000468
OPCODE	2868	446	0.000467
OPCODE	208C	446	0.000467
OPCODE	2208	446	0.000467
OPCODE	2C02	446	0.000467
OPCODE	3205	445	0.000466
OPCODE	B894	445	0.000466
OPCODE	3609	445	0.000466
OPCODE	284F	445	0.000466
OPCODE	93CC	445	0.000466
OPCODE	4CD0	445	0.000466
OPCODE	554B	445	0.000466
OPCODE	6142	442	0.000463
OPCODE	C4FC	442	0.000463
OPCODE	2F10	442	0.000463
OPCODE	2410	439	0.000460
OPCODE	D740	439	0.000460
OPCODE	2F5F	438	0.000459
OPCODE	C149	436	0.000456
OPCODE	5285	435	0.000455
OPCODE	5281	435	0.000455
OPCODE	92C8	434	0.000454
OPCODE	6F6C	430	0.000450
OPCODE	594C	430	0.000450
OPCODE	3341	430	0.000450
OPCODE	280F	430	0.000450
OPCODE	2419	428	0.000448
OPCODE	0C70	427	0.000447
OPCODE	B5FC	426	0.000446
OPCODE	6A0E	426	0.000446
OPCODE	3370	424	0.000444
OPCODE	22B0	424	0.000444
OPCODE	0440	422	0.000442
OPCODE	B200	422	0.000442
OPCODE	604C	421	0.000441
OPCODE	94C0	416	0.000436
OPCODE	E099	410	0.000429
OPCODE	D6C3	410	0.000429
OPCODE	12D3	410	0.000429
OPCODE	3A01	408	0.000427
OPCODE	9443	406	0.000425
OPCODE	B652	405	0.000424
OPCODE	2E1F	405	0.000424
OPCODE	2889	404	0.000423
OPCODE	3941	403	0.000422
OPCODE	92AE	402	0.000421
OPCODE	6058	401	0.000420
OPCODE	61D8	401	0.000420
OPCODE	B278	400	0.000419
OPCODE	58AC	400	0.000419
OPCODE	50F8	399	0.000418
OPCODE	2275	399	0.000418
OPCODE	5080	398	0.000417
OPCODE	61E0	397	0.000416
OPCODE	254E	396	0.000415
OPCODE	0092	396	0.000415
OPCODE	8401	395	0.000414
OPCODE	B078	395	0.000414
OPCODE	12E8	394	0.000413
OPCODE	0202	393	0.000411
OPCODE	5488	393	0.000411
OPCODE	CEB0	393	0.000411
OPCODE	9252	393	0.000411
OPCODE	B490	393	0.000411
OPCODE	32BC	389	0.000407
OPCODE	6F06	389	0.000407
OPCODE	45EA	388	0.000406
OPCODE	246A	387	0.000405
OPCODE	6D1A	386	0.000404
OPCODE	2082	386	0.000404
OPCODE	B843	386	0.000404
OPCODE	42AB	386	0.000404
OPCODE	204E	385	0.000403
OPCODE	5440	385	0.000403
OPCODE	DF6B	384	0.000402
OPCODE	2433	384	0.000402
OPCODE	8485	384	0.000402
OPCODE	E218	384	0.000402
OPCODE	8085	384	0.000402
OPCODE	D100	384	0.000402
OPCODE	2F05	383	0.000401
OPCODE	31E8	383	0.000401
OPCODE	6148	382	0.000400
OPCODE	206A	382	0.000400
OPCODE	6768	382	0.000400
OPCODE	67EA	382	0.000400
OPCODE	6318	381	0.000399
OPCODE	5385	378	0.000396
OPCODE	AA33	377	0.000395
OPCODE	4A06	375	0.000393
OPCODE	B290	374	0.000392
OPCODE	E240	373	0.000391
OPCODE	C001	370	0.000387
OPCODE	2828	369	0.000386
OPCODE	9C81	367	0.000384
OPCODE	6048	366	0.000383
OPCODE	B4B8	366	0.000383
OPCODE	1218	366	0.000383
OPCODE	362A	364	0.000381
OPCODE	67D8	364	0.000381
OPCODE	D0C0	364	0.000381
OPCODE	224F	363	0.000380
OPCODE	B6AC	363	0.000380
OPCODE	3E1B	362	0.000379
OPCODE	D068	362	0.000379
OPCODE	9282	362	0.000379
OPCODE	264C	361	0.000378
OPCODE	0257	360	0.000377
OPCODE	C641	359	0.000376
OPCODE	C243	359	0.000376
OPCODE	DEFC	359	0.000376
OPCODE	B9D3	358	0.000375
OPCODE	6D14	357	0.000374
OPCODE	92A8	357	0.000374
OPCODE	2482	357	0.000374
OPCODE	D8EE	357	0.000374
OPCODE	E208	355	0.000372
OPCODE	56C3	355	0.000372
OPCODE	64F0	354	0.000371
OPCODE	6D78	353	0.000370
OPCODE	606C	353	0.000370
OPCODE	50D9	352	0.000369
OPCODE	3151	352	0.000369
OPCODE	A901	352	0.000369
OPCODE	2949	352	0.000369
OPCODE	32D0	352	0.000369
OPCODE	B4A8	351	0.000367
OPCODE	AA14	349	0.000365
OPCODE	5238	349	0.000365
OPCODE	B300	348	0.000364
OPCODE	6306	348	0.000364
OPCODE	2036	346	0.000362
OPCODE	2D76	346	0.000362
OPCODE	3236	346	0.000362
OPCODE	4876	346	0.000362
OPCODE	9244	344	0.000360
OPCODE	E688	344	0.000360
OPCODE	60B2	343	0.000359
OPCODE	5DEE	343	0.000359
OPCODE	5268	341	0.000357
OPCODE	D0C3	341	0.000357
OPCODE	E298	340	0.000356
OPCODE	2C0A	340	0.000356
OPCODE	B282	340	0.000356
OPCODE	D090	340	0.000356
OPCODE	1744	340	0.000356
OPCODE	E08C	340	0.000356
OPCODE	EE8C	340	0.000356
OPCODE	9682	340	0.000356
OPCODE	67E2	340	0.000356
OPCODE	E29A	340	0.000356
OPCODE	A8A1	340	0.000356
OPCODE	5538	338	0.000354
OPCODE	6B5E	338	0.000354
OPCODE	D5CB	337	0.000353
OPCODE	207C	337	0.000353
OPCODE	205A	336	0.000352
OPCODE	225A	336	0.000352
OPCODE	B880	336	0.000352
OPCODE	6F30	333	0.000349
OPCODE	926C	333	0.000349
OPCODE	2C1F	332	0.000348
OPCODE	4A18	330	0.000345
OPCODE	610E	330	0.000345
OPCODE	B095	329	0.000344
OPCODE	CC80	329	0.000344
OPCODE	607E	329	0.000344
OPCODE	E9AE	329	0.000344
OPCODE	9C6D	329	0.000344
OPCODE	B483	328	0.000343
OPCODE	9286	327	0.000342
OPCODE	2A02	327	0.000342
OPCODE	A82A	326	0.000341
OPCODE	8992	324	0.000339
OPCODE	BF84	324	0.000339
OPCODE	6EB0	323	0.000338
OPCODE	1F3C	323	0.000338
OPCODE	6DBC	322	0.000337
OPCODE	B1CA	321	0.000336
OPCODE	4AB1	320	0.000335
OPCODE	65D4	319	0.000334
OPCODE	E248	319	0.000334
OPCODE	5384	319	0.000334
OPCODE	3740	319	0.000334
OPCODE	6D82	318	0.000333
OPCODE	65E2	318	0.000333
OPCODE	AA15	318	0.000333
OPCODE	612A	317	0.000332
OPCODE	60E6	315	0.000330
OPCODE	66D8	314	0.000329
OPCODE	65F6	312	0.000327
OPCODE	3947	310	0.000325
OPCODE	3F2A	310	0.000325
OPCODE	49F3	310	0.000325
OPCODE	E282	310	0.000325
OPCODE	66F6	309	0.000324
OPCODE	5C8A	309	0.000324
OPCODE	2C38	309	0.000324
OPCODE	3F38	308	0.000322
OPCODE	D7D4	306	0.000320
OPCODE	6516	305	0.000319
OPCODE	D244	304	0.000318
OPCODE	3E0B	303	0.000317
OPCODE	360D	303	0.000317
OPCODE	D8C1	303	0.000317
OPCODE	300C	303	0.000317
OPCODE	8047	303	0.000317
OPCODE	8046	303	0.000317
OPCODE	5284	303	0.000317
OPCODE	E641	303	0.000317
OPCODE	5449	302	0.000316
OPCODE	2E12	302	0.000316
OPCODE	5489	302	0.000316
OPCODE	603A	302	0.000316
OPCODE	6D22	301	0.000315
OPCODE	6128	301	0.000315
OPCODE	BC85	299	0.000313
OPCODE	A05D	298	0.000312
OPCODE	E04A	298	0.000312
OPCODE	C0AC	297	0.000311
OPCODE	99CC	297	0.000311
OPCODE	2968	297	0.000311
OPCODE	C052	296	0.000310
OPCODE	21C0	295	0.000309
OPCODE	197C	295	0.000309
OPCODE	8042	294	0.000308
OPCODE	BC6B	293	0.000307
OPCODE	6B30	293	0.000307
OPCODE	023C	293	0.000307
OPCODE	08EC	293	0.000307
OPCODE	603E	292	0.000306
OPCODE	DA86	291	0.000305
OPCODE	60DC	291	0.000305
OPCODE	E16F	290	0.000304
OPCODE	429B	290	0.000304
OPCODE	61EA	287	0.000300
OPCODE	6E3E	286	0.000299
OPCODE	41EC	286	0.000299
OPCODE	E189	285	0.000298
OPCODE	51EE	284	0.000297
OPCODE	3802	283	0.000296
OPCODE	229F	283	0.000296
OPCODE	426A	282	0.000295
OPCODE	1803	281	0.000294
OPCODE	6182	281	0.000294
OPCODE	42AC	280	0.000293
OPCODE	1007	280	0.000293
OPCODE	6510	279	0.000292
OPCODE	65CE	278	0.000291
OPCODE	0701	278	0.000291
OPCODE	B853	278	0.000291
OPCODE	60D6	278	0.000291
OPCODE	C0D4	277	0.000290
OPCODE	2075	277	0.000290
OPCODE	6B5A	277	0.000290
OPCODE	5287	275	0.000288
OPCODE	B7D4	273	0.000286
OPCODE	651C	272	0.000285
OPCODE	08AC	272	0.000285
OPCODE	7E01	272	0.000285
OPCODE	2F78	271	0.000284
OPCODE	B9FC	270	0.000283
OPCODE	1011	269	0.000282
OPCODE	514F	268	0.000281
OPCODE	E14C	267	0.000280
OPCODE	31BC	265	0.000277
OPCODE	3A2C	265	0.000277
OPCODE	7620	264	0.000276
OPCODE	4A99	263	0.000275
OPCODE	5549	263	0.000275
OPCODE	2308	262	0.000274
OPCODE	1282	257	0.000269
OPCODE	6DAC	257	0.000269
OPCODE	668C	257	0.000269
OPCODE	6682	257	0.000269
OPCODE	A8A2	257	0.000269
OPCODE	6688	257	0.000269
OPCODE	6692	257	0.000269
OPCODE	A8B8	256	0.000268
OPCODE	6F2C	256	0.000268
OPCODE	6B6E	256	0.000268
OPCODE	A8D2	256	0.000268
OPCODE	B468	256	0.000268
OPCODE	6DCC	256	0.000268
OPCODE	A8E1	256	0.000268
OPCODE	A8B7	256	0.000268
OPCODE	1604	256	0.000268
OPCODE	E968	255	0.000267
OPCODE	6080	255	0.000267
OPCODE	60B4	255	0.000267
OPCODE	2074	254	0.000266
OPCODE	EED2	254	0.000266
OPCODE	102F	254	0.000266
OPCODE	4257	253	0.000265
OPCODE	613C	252	0.000264
OPCODE	E148	252	0.000264
OPCODE	4270	251	0.000263
OPCODE	B432	251	0.000263
OPCODE	89AB	251	0.000263
OPCODE	2390	251	0.000263
OPCODE	6BC8	251	0.000263
OPCODE	D242	251	0.000263
OPCODE	03C4	251	0.000263
OPCODE	33A8	251	0.000263
OPCODE	08F1	251	0.000263
OPCODE	5270	251	0.000263
OPCODE	3F41	251	0.000263
OPCODE	CA47	250	0.000262
OPCODE	48C5	249	0.000261
OPCODE	6774	248	0.000260
OPCODE	1F7C	248	0.000260
OPCODE	604A	246	0.000258
OPCODE	61BE	246	0.000258
OPCODE	C0FC	245	0.000257
OPCODE	B02E	245	0.000257
OPCODE	1238	245	0.000257
OPCODE	06A1	244	0.000255
OPCODE	5261	244	0.000255
OPCODE	0651	244	0.000255
OPCODE	2F20	243	0.000254
OPCODE	5C48	241	0.000252
OPCODE	C1C1	241	0.000252
OPCODE	EA88	241	0.000252
OPCODE	C0AB	240	0.000251
OPCODE	343C	240	0.000251
OPCODE	44AE	240	0.000251
OPCODE	A8E6	239	0.000250
OPCODE	222A	239	0.000250
OPCODE	286F	238	0.000249
OPCODE	B38B	237	0.000248
OPCODE	56CC	237	0.000248
OPCODE	E24C	237	0.000248
OPCODE	0054	237	0.000248
OPCODE	5140	237	0.000248
OPCODE	C0A8	236	0.000247
OPCODE	E96B	236	0.000247
OPCODE	6C34	236	0.000247
OPCODE	D641	236	0.000247
OPCODE	47EC	235	0.000246
OPCODE	7E1F	234	0.000245
OPCODE	9159	234	0.000245
OPCODE	9359	234	0.000245
OPCODE	2542	233	0.000244
OPCODE	D044	233	0.000244
OPCODE	6C14	232	0.000243
OPCODE	4A44	232	0.000243
OPCODE	A069	232	0.000243
OPCODE	1228	231	0.000242
OPCODE	D5AA	231	0.000242
OPCODE	93AA	231	0.000242
OPCODE	1F02	231	0.000242
OPCODE	C601	231	0.000242
OPCODE	45E9	231	0.000242
OPCODE	3F5F	231	0.000242
OPCODE	E94A	231	0.000242
OPCODE	40C3	231	0.000242
OPCODE	D2A9	231	0.000242
OPCODE	46C3	231	0.000242
OPCODE	1482	231	0.000242
OPCODE	9611	231	0.000242
OPCODE	9411	231	0.000242
OPCODE	082C	231	0.000242
OPCODE	C229	231	0.000242
OPCODE	1541	231	0.000242
OPCODE	D62A	231	0.000242
OPCODE	2845	230	0.000241
OPCODE	1180	230	0.000241
OPCODE	6B4A	230	0.000241
OPCODE	4E94	228	0.000239
OPCODE	319F	228	0.000239
OPCODE	1210	227	0.000238
OPCODE	6204	227	0.000238
OPCODE	B0AA	226	0.000237
OPCODE	3F6F	226	0.000237
OPCODE	D843	225	0.000236
OPCODE	65D8	225	0.000236
OPCODE	558C	225	0.000236
OPCODE	6220	225	0.000236
OPCODE	3C00	224	0.000235
OPCODE	B5EC	224	0.000235
OPCODE	D0AE	223	0.000233
OPCODE	A06A	223	0.000233
OPCODE	B5C9	223	0.000233
OPCODE	56C2	223	0.000233
OPCODE	57EE	222	0.000232
OPCODE	5545	220	0.000230
OPCODE	3E1A	219	0.000229
OPCODE	2A2C	219	0.000229
OPCODE	9C47	219	0.000229
OPCODE	3C12	219	0.000229
OPCODE	911C	219	0.000229
OPCODE	BDF8	218	0.000228
OPCODE	2073	217	0.000227
OPCODE	70C6	217	0.000227
OPCODE	45E8	217	0.000227
OPCODE	ED49	216	0.000226
OPCODE	2852	215	0.000225
OPCODE	D082	214	0.000224
OPCODE	3808	214	0.000224
OPCODE	0831	214	0.000224
OPCODE	1E00	213	0.000223
OPCODE	283C	212	0.000222
OPCODE	242B	211	0.000221
OPCODE	67D4	211	0.000221
OPCODE	3600	211	0.000221
OPCODE	B1CC	211	0.000221
OPCODE	A04A	210	0.000220
OPCODE	0C78	210	0.000220
OPCODE	B086	209	0.000219
OPCODE	E440	209	0.000219
OPCODE	B670	208	0.000218
OPCODE	6F0E	208	0.000218
OPCODE	EFD2	208	0.000218
OPCODE	2548	207	0.000217
OPCODE	1280	207	0.000217
OPCODE	6024	207	0.000217
OPCODE	56C6	206	0.000216
OPCODE	67AE	206	0.000216
OPCODE	BC2C	206	0.000216
OPCODE	20C7	205	0.000215
OPCODE	3044	205	0.000215
OPCODE	2A54	204	0.000214
OPCODE	4A82	204	0.000214
OPCODE	1D68	204	0.000214
OPCODE	277C	204	0.000214
OPCODE	642A	204	0.000214
OPCODE	58AE	203	0.000213
OPCODE	C0C1	203	0.000213
OPCODE	A8D9	203	0.000213
OPCODE	B270	202	0.000211
OPCODE	D043	201	0.000210
OPCODE	97D4	201	0.000210
OPCODE	60EE	200	0.000209
OPCODE	2E10	200	0.000209
OPCODE	EFC2	200	0.000209
OPCODE	2046	200	0.000209
OPCODE	E54B	199	0.000208
OPCODE	262F	199	0.000208
OPCODE	80FC	199	0.000208
OPCODE	A8D8	199	0.000208
OPCODE	B244	199	0.000208
OPCODE	5D40	198	0.000207
OPCODE	6788	198	0.000207
OPCODE	20AE	197	0.000206
OPCODE	47F7	197	0.000206
OPCODE	D26D	197	0.000206
OPCODE	E488	197	0.000206
OPCODE	60C4	197	0.000206
OPCODE	3005	195	0.000204
OPCODE	61DE	195	0.000204
OPCODE	EA49	195	0.000204
OPCODE	234F	195	0.000204
OPCODE	2385	195	0.000204
OPCODE	3F14	195	0.000204
OPCODE	3404	194	0.000203
OPCODE	0C6D	193	0.000202
OPCODE	0C6A	192	0.000201
OPCODE	D887	192	0.000201
OPCODE	C4C4	192	0.000201
OPCODE	604E	191	0.000200
OPCODE	70DA	190	0.000199
OPCODE	3803	190	0.000199
OPCODE	296E	190	0.000199
OPCODE	3D78	190	0.000199
OPCODE	3F2C	188	0.000197
OPCODE	5840	188	0.000197
OPCODE	425B	188	0.000197
OPCODE	4217	188	0.000197
OPCODE	90AE	187	0.000196
OPCODE	E848	187	0.000196
OPCODE	2076	186	0.000195
OPCODE	D0F0	186	0.000195
OPCODE	518B	185	0.000194
OPCODE	8441	185	0.000194
OPCODE	E56C	184	0.000193
OPCODE	DE41	184	0.000193
OPCODE	1884	184	0.000193
OPCODE	3407	184	0.000193
OPCODE	528C	184	0.000193
OPCODE	E16E	184	0.000193
OPCODE	0C04	184	0.000193
OPCODE	7810	184	0.000193
OPCODE	1944	184	0.000193
OPCODE	B81C	184	0.000193
OPCODE	3035	184	0.000193
OPCODE	9C41	184	0.000193
OPCODE	B814	184	0.000193
OPCODE	8640	183	0.000192
OPCODE	6D28	183	0.000192
OPCODE	7048	183	0.000192
OPCODE	A06E	183	0.000192
OPCODE	4251	182	0.000191
OPCODE	5480	182	0.000191
OPCODE	D647	182	0.000191
OPCODE	6110	181	0.000189
OPCODE	6750	181	0.000189
OPCODE	F200	181	0.000189
OPCODE	A889	181	0.000189
OPCODE	D440	181	0.000189
OPCODE	C685	180	0.000188
OPCODE	4C90	180	0.000188
OPCODE	1E01	180	0.000188
OPCODE	1219	179	0.000187
OPCODE	9BCD	179	0.000187
OPCODE	21FC	179	0.000187
OPCODE	F4F1	179	0.000187
OPCODE	55C0	179	0.000187
OPCODE	B642	177	0.000185
OPCODE	968D	177	0.000185
OPCODE	30EE	177	0.000185
OPCODE	226A	177	0.000185
OPCODE	664E	177	0.000185
OPCODE	A03C	176	0.000184
OPCODE	3C38	175	0.000183
OPCODE	721F	175	0.000183
OPCODE	6ED6	175	0.000183
OPCODE	1834	175	0.000183
OPCODE	2417	175	0.000183
OPCODE	E9A8	175	0.000183
OPCODE	B08C	174	0.000182
OPCODE	7205	174	0.000182
OPCODE	31F8	174	0.000182
OPCODE	45FB	174	0.000182
OPCODE	228E	173	0.000181
OPCODE	C602	173	0.000181
OPCODE	C12E	173	0.000181
OPCODE	2E49	173	0.000181
OPCODE	6C24	173	0.000181
OPCODE	928F	173	0.000181
OPCODE	D368	173	0.000181
OPCODE	E281	173	0.000181
OPCODE	6A28	173	0.000181
OPCODE	9644	173	0.000181
OPCODE	2880	173	0.000181
OPCODE	B9E8	173	0.000181
OPCODE	9D6E	173	0.000181
OPCODE	282C	173	0.000181
OPCODE	200F	173	0.000181
OPCODE	D141	173	0.000181
OPCODE	5FE7	173	0.000181
OPCODE	B1FC	173	0.000181
OPCODE	862E	173	0.000181
OPCODE	4A91	172	0.000180
OPCODE	3940	172	0.000180
OPCODE	3418	171	0.000179
OPCODE	605A	171	0.000179
OPCODE	7C01	171	0.000179
OPCODE	4A17	170	0.000178
OPCODE	2F21	169	0.000177
OPCODE	66D4	169	0.000177
OPCODE	A884	169	0.000177
OPCODE	D36B	168	0.000176
OPCODE	62B8	168	0.000176
OPCODE	61F2	168	0.000176
OPCODE	6666	168	0.000176
OPCODE	E6A8	168	0.000176
OPCODE	6658	168	0.000176
OPCODE	B08E	168	0.000176
OPCODE	3800	167	0.000175
OPCODE	C642	167	0.000175
OPCODE	D340	167	0.000175
OPCODE	6DEA	167	0.000175
OPCODE	E64B	167	0.000175
OPCODE	360C	167	0.000175
OPCODE	A8EF	166	0.000174
OPCODE	2950	166	0.000174
OPCODE	2D46	165	0.000173
OPCODE	316A	164	0.000172
OPCODE	3435	164	0.000172
OPCODE	4AAA	164	0.000172
OPCODE	BE40	163	0.000171
OPCODE	665E	162	0.000170
OPCODE	C188	161	0.000169
OPCODE	6C16	161	0.000169
OPCODE	4698	161	0.000169
OPCODE	2252	160	0.000168
OPCODE	67E6	160	0.000168
OPCODE	48F8	160	0.000168
OPCODE	43F2	159	0.000166
OPCODE	6792	159	0.000166
OPCODE	B250	158	0.000165
OPCODE	5640	157	0.000164
OPCODE	2D9F	157	0.000164
OPCODE	B680	156	0.000163
OPCODE	5349	155	0.000162
OPCODE	92FC	155	0.000162
OPCODE	11C0	155	0.000162
OPCODE	D0E8	155	0.000162
OPCODE	2946	154	0.000161
OPCODE	4851	154	0.000161
OPCODE	95C0	153	0.000160
OPCODE	97C0	153	0.000160
OPCODE	48B8	153	0.000160
OPCODE	6230	153	0.000160
OPCODE	D5C0	153	0.000160
OPCODE	6F10	152	0.000159
OPCODE	288C	152	0.000159
OPCODE	6B34	152	0.000159
OPCODE	294C	152	0.000159
OPCODE	3211	152	0.000159
OPCODE	AA1A	152	0.000159
OPCODE	AB1D	152	0.000159
OPCODE	46EF	150	0.000157
OPCODE	442E	150	0.000157
OPCODE	A862	150	0.000157
OPCODE	3233	150	0.000157
OPCODE	B089	150	0.000157
OPCODE	66FA	150	0.000157
OPCODE	E859	149	0.000156
OPCODE	E959	149	0.000156
OPCODE	6304	149	0.000156
OPCODE	6762	149	0.000156
OPCODE	3E06	148	0.000155
OPCODE	67BC	148	0.000155
OPCODE	2404	148	0.000155
OPCODE	21ED	148	0.000155
OPCODE	B2B8	147	0.000154
OPCODE	80F8	147	0.000154
OPCODE	E749	147	0.000154
OPCODE	122A	147	0.000154
OPCODE	2169	147	0.000154
OPCODE	AA19	146	0.000153
OPCODE	620A	146	0.000153
OPCODE	7093	146	0.000153
OPCODE	F217	146	0.000153
OPCODE	4A70	146	0.000153
OPCODE	C047	145	0.000152
OPCODE	6348	145	0.000152
OPCODE	A8E5	144	0.000151
OPCODE	49E8	144	0.000151
OPCODE	BE92	144	0.000151
OPCODE	A9A0	143	0.000150
OPCODE	215F	143	0.000150
OPCODE	2740	142	0.000149
OPCODE	5300	142	0.000149
OPCODE	2368	142	0.000149
OPCODE	3629	142	0.000149
OPCODE	266F	142	0.000149
OPCODE	21B8	142	0.000149
OPCODE	142B	141	0.000148
OPCODE	612C	141	0.000148
OPCODE	3E2B	140	0.000147
OPCODE	E368	140	0.000147
OPCODE	0190	140	0.000147
OPCODE	E188	140	0.000147
OPCODE	2680	140	0.000147
OPCODE	C0E8	139	0.000146
OPCODE	214A	139	0.000146
OPCODE	61CC	139	0.000146
OPCODE	F201	138	0.000144
OPCODE	57C8	138	0.000144
OPCODE	D088	138	0.000144
OPCODE	323B	138	0.000144
OPCODE	2409	137	0.000143
OPCODE	396D	137	0.000143
OPCODE	3320	137	0.000143
OPCODE	E219	136	0.000142
OPCODE	90FC	136	0.000142
OPCODE	209F	136	0.000142
OPCODE	DE86	136	0.000142
OPCODE	9FC1	136	0.000142
OPCODE	11F8	136	0.000142
OPCODE	20B8	136	0.000142
OPCODE	6C44	136	0.000142
OPCODE	5743	136	0.000142
OPCODE	6C46	135	0.000141
OPCODE	3F7C	135	0.000141
OPCODE	C1C2	135	0.000141
OPCODE	6C90	135	0.000141
OPCODE	01D0	134	0.000140
OPCODE	E8A9	134	0.000140
OPCODE	5681	134	0.000140
OPCODE	610C	134	0.000140
OPCODE	93AE	134	0.000140
OPCODE	2E6D	134	0.000140
OPCODE	2EA8	134	0.000140
OPCODE	5481	134	0.000140
OPCODE	E289	134	0.000140
OPCODE	2141	134	0.000140
OPCODE	A8EC	134	0.000140
OPCODE	1142	134	0.000140
OPCODE	08B0	134	0.000140
OPCODE	3142	134	0.000140
OPCODE	2C28	133	0.000139
OPCODE	ED59	132	0.000138
OPCODE	47E8	132	0.000138
OPCODE	7218	132	0.000138
OPCODE	2E3C	132	0.000138
OPCODE	4A2F	131	0.000137
OPCODE	42AF	131	0.000137
OPCODE	A065	131	0.000137
OPCODE	45F8	130	0.000136
OPCODE	2030	130	0.000136
OPCODE	E400	130	0.000136
OPCODE	18C5	130	0.000136
OPCODE	5548	130	0.000136
OPCODE	5040	130	0.000136
OPCODE	2E2B	130	0.000136
OPCODE	2A31	130	0.000136
OPCODE	1705	130	0.000136
OPCODE	DC44	130	0.000136
OPCODE	2207	130	0.000136
OPCODE	2F57	129	0.000135
OPCODE	DF53	128	0.000134
OPCODE	26C0	128	0.000134
OPCODE	6D24	128	0.000134
OPCODE	2605	128	0.000134
OPCODE	B859	128	0.000134
OPCODE	5D42	128	0.000134
OPCODE	3210	127	0.000133
OPCODE	CE6E	127	0.000133
OPCODE	45F9	127	0.000133
OPCODE	28AE	127	0.000133
OPCODE	E410	126	0.000132
OPCODE	2E03	126	0.000132
OPCODE	2022	126	0.000132
OPCODE	B7E8	125	0.000131
OPCODE	6032	125	0.000131
OPCODE	2A69	124	0.000130
OPCODE	284E	124	0.000130
OPCODE	0001	123	0.000129
OPCODE	4299	122	0.000128
OPCODE	60F8	122	0.000128
OPCODE	262B	121	0.000127
OPCODE	D7E8	121	0.000127
OPCODE	2C07	121	0.000127
OPCODE	0C98	120	0.000126
OPCODE	A8A3	120	0.000126
OPCODE	A002	120	0.000126
OPCODE	2D43	120	0.000126
OPCODE	31DF	120	0.000126
OPCODE	5443	120	0.000126
OPCODE	B2AE	119	0.000125
OPCODE	6072	119	0.000125
OPCODE	66DA	118	0.000124
OPCODE	B1C0	118	0.000124
OPCODE	2490	118	0.000124
OPCODE	57C5	118	0.000124
OPCODE	0CA2	117	0.000122
OPCODE	7C7F	117	0.000122
OPCODE	142C	116	0.000121
OPCODE	50E9	116	0.000121
OPCODE	6778	115	0.000120
OPCODE	A8E0	115	0.000120
OPCODE	0228	115	0.000120
OPCODE	666E	115	0.000120
OPCODE	666C	115	0.000120
OPCODE	1E2B	115	0.000120
OPCODE	30DF	115	0.000120
OPCODE	20DF	115	0.000120
OPCODE	1281	114	0.000119
OPCODE	A879	114	0.000119
OPCODE	A96F	114	0.000119
OPCODE	56F8	113	0.000118
OPCODE	5CC0	113	0.000118
OPCODE	D485	113	0.000118
OPCODE	3F57	113	0.000118
OPCODE	D284	113	0.000118
OPCODE	D083	113	0.000118
OPCODE	66E2	113	0.000118
OPCODE	652A	112	0.000117
OPCODE	D8C0	112	0.000117
OPCODE	C0E9	112	0.000117
OPCODE	4AA9	112	0.000117
OPCODE	AA42	111	0.000116
OPCODE	67C8	111	0.000116
OPCODE	222B	111	0.000116
OPCODE	A050	110	0.000115
OPCODE	D5D4	110	0.000115
OPCODE	5FC1	110	0.000115
OPCODE	C07C	110	0.000115
OPCODE	6766	109	0.000114
OPCODE	3411	109	0.000114
OPCODE	2420	109	0.000114
OPCODE	3F3A	108	0.000113
OPCODE	A88B	108	0.000113
OPCODE	D290	108	0.000113
OPCODE	D169	108	0.000113
OPCODE	A863	108	0.000113
OPCODE	4883	108	0.000113
OPCODE	2281	108	0.000113
OPCODE	3601	108	0.000113
OPCODE	22E0	108	0.000113
OPCODE	7091	107	0.000112
OPCODE	B007	107	0.000112
OPCODE	4201	107	0.000112
OPCODE	2408	107	0.000112
OPCODE	2A28	107	0.000112
OPCODE	2807	107	0.000112
OPCODE	B5D9	107	0.000112
OPCODE	1087	107	0.000112
OPCODE	0878	106	0.000111
OPCODE	7E03	106	0.000111
OPCODE	602E	106	0.000111
OPCODE	65E8	106	0.000111
OPCODE	60E0	105	0.000110
OPCODE	609E	105	0.000110
OPCODE	2403	105	0.000110
OPCODE	08A8	105	0.000110
OPCODE	4245	105	0.000110
OPCODE	217C	105	0.000110
OPCODE	3801	104	0.000109
OPCODE	4886	104	0.000109
OPCODE	254A	104	0.000109
OPCODE	381F	104	0.000109
OPCODE	9C85	104	0.000109
OPCODE	A90B	104	0.000109
OPCODE	B1C1	103	0.000108
OPCODE	6668	103	0.000108
OPCODE	E48E	103	0.000108
OPCODE	E988	102	0.000107
OPCODE	A0A5	102	0.000107
OPCODE	216E	102	0.000107
OPCODE	7402	102	0.000107
OPCODE	526D	101	0.000106
OPCODE	6C0E	101	0.000106
OPCODE	6E14	101	0.000106
OPCODE	A89E	101	0.000106
OPCODE	5282	101	0.000106
OPCODE	BE53	101	0.000106
OPCODE	4A03	101	0.000106
OPCODE	6F42	101	0.000106
OPCODE	AA64	101	0.000106
OPCODE	536D	101	0.000106
OPCODE	4DEE	100	0.000105
OPCODE	6D66	100	0.000105
OPCODE	9CFC	100	0.000105
OPCODE	38DB	100	0.000105
OPCODE	5C88	99	0.000104
OPCODE	3747	99	0.000104
OPCODE	DDA8	99	0.000104
OPCODE	9E86	99	0.000104
OPCODE	9250	99	0.000104
OPCODE	2A48	98	0.000103
OPCODE	92F8	98	0.000103
OPCODE	2E57	98	0.000103
OPCODE	A8E9	98	0.000103
OPCODE	E38F	98	0.000103
OPCODE	47F1	98	0.000103
OPCODE	2F49	98	0.000103
OPCODE	6098	98	0.000103
OPCODE	6CF6	97	0.000102
OPCODE	D092	97	0.000102
OPCODE	6A3E	97	0.000102
OPCODE	615A	97	0.000102
OPCODE	49F0	97	0.000102
OPCODE	49EB	97	0.000102
OPCODE	906A	97	0.000102
OPCODE	A825	97	0.000102
OPCODE	0042	96	0.000101
OPCODE	2805	96	0.000101
OPCODE	B5C0	96	0.000101
OPCODE	4646	96	0.000101
OPCODE	619C	96	0.000101
OPCODE	2097	96	0.000101
OPCODE	819B	96	0.000101
OPCODE	41F7	96	0.000101
OPCODE	6D8A	96	0.000101
OPCODE	621C	96	0.000101
OPCODE	D8E8	96	0.000101
OPCODE	3081	96	0.000101
OPCODE	4214	96	0.000101
OPCODE	6C54	96	0.000101
OPCODE	61C4	96	0.000101
OPCODE	B229	96	0.000101
OPCODE	4ED6	96	0.000101
OPCODE	4DFA	96	0.000101
OPCODE	2203	95	0.000099
OPCODE	DAFC	95	0.000099
OPCODE	4268	95	0.000099
OPCODE	216C	95	0.000099
OPCODE	7C02	95	0.000099
OPCODE	2350	94	0.000098
OPCODE	70F2	94	0.000098
OPCODE	2057	94	0.000098
OPCODE	E0AD	94	0.000098
OPCODE	ABEB	94	0.000098
OPCODE	4259	94	0.000098
OPCODE	A8DD	94	0.000098
OPCODE	80C1	94	0.000098
OPCODE	66CC	93	0.000097
OPCODE	2F6F	93	0.000097
OPCODE	CA94	93	0.000097
OPCODE	2458	93	0.000097
OPCODE	B485	93	0.000097
OPCODE	62F2	93	0.000097
OPCODE	614A	93	0.000097
OPCODE	611C	92	0.000096
OPCODE	BC6C	92	0.000096
OPCODE	6136	92	0.000096
OPCODE	4480	92	0.000096
OPCODE	3945	91	0.000095
OPCODE	70CD	91	0.000095
OPCODE	61E4	91	0.000095
OPCODE	122C	91	0.000095
OPCODE	D3AE	91	0.000095
OPCODE	2A6C	91	0.000095
OPCODE	F21F	91	0.000095
OPCODE	B659	90	0.000094
OPCODE	9E91	90	0.000094
OPCODE	2652	90	0.000094
OPCODE	C0B4	90	0.000094
OPCODE	B459	90	0.000094
OPCODE	E509	90	0.000094
OPCODE	2E11	90	0.000094
OPCODE	B259	90	0.000094
OPCODE	B02C	90	0.000094
OPCODE	1C38	90	0.000094
OPCODE	3280	90	0.000094
OPCODE	9642	90	0.000094
OPCODE	21C7	90	0.000094
OPCODE	6B3E	89	0.000093
OPCODE	2D09	89	0.000093
OPCODE	2035	89	0.000093
OPCODE	95D4	89	0.000093
OPCODE	EDC6	89	0.000093
OPCODE	623E	89	0.000093
OPCODE	2942	89	0.000093
OPCODE	80EC	89	0.000093
OPCODE	242A	89	0.000093
OPCODE	6354	89	0.000093
OPCODE	D488	89	0.000093
OPCODE	9489	89	0.000093
OPCODE	225E	89	0.000093
OPCODE	635A	89	0.000093
OPCODE	5200	89	0.000093
OPCODE	5210	88	0.000092
OPCODE	6698	88	0.000092
OPCODE	EFC1	88	0.000092
OPCODE	802B	88	0.000092
OPCODE	6D40	88	0.000092
OPCODE	E140	88	0.000092
OPCODE	117C	88	0.000092
OPCODE	0C34	88	0.000092
OPCODE	632A	88	0.000092
OPCODE	A80A	87	0.000091
OPCODE	9088	87	0.000091
OPCODE	1202	87	0.000091
OPCODE	2071	87	0.000091
OPCODE	E0AF	87	0.000091
OPCODE	6B02	87	0.000091
OPCODE	102A	87	0.000091
OPCODE	84F8	87	0.000091
OPCODE	61D4	86	0.000090
OPCODE	6C0C	86	0.000090
OPCODE	2870	86	0.000090
OPCODE	B446	86	0.000090
OPCODE	5589	86	0.000090
OPCODE	BA6B	86	0.000090
OPCODE	E7A9	86	0.000090
OPCODE	7C1F	86	0.000090
OPCODE	8328	86	0.000090
OPCODE	E388	86	0.000090
OPCODE	3C2C	85	0.000089
OPCODE	9285	85	0.000089
OPCODE	9201	85	0.000089
OPCODE	6F82	85	0.000089
OPCODE	3812	85	0.000089
OPCODE	6444	85	0.000089
OPCODE	BC84	85	0.000089
OPCODE	6448	85	0.000089
OPCODE	6F18	85	0.000089
OPCODE	02AE	85	0.000089
OPCODE	E681	85	0.000089
OPCODE	7A1F	84	0.000088
OPCODE	2683	84	0.000088
OPCODE	CA81	84	0.000088
OPCODE	1C03	84	0.000088
OPCODE	2217	84	0.000088
OPCODE	B9C9	84	0.000088
OPCODE	3742	84	0.000088
OPCODE	D2C2	83	0.000087
OPCODE	720A	83	0.000087
OPCODE	7208	83	0.000087
OPCODE	9C42	83	0.000087
OPCODE	2853	83	0.000087
OPCODE	6654	83	0.000087
OPCODE	E08A	83	0.000087
OPCODE	E18E	83	0.000087
OPCODE	E480	83	0.000087
OPCODE	7021	83	0.000087
OPCODE	5001	83	0.000087
OPCODE	D047	82	0.000086
OPCODE	5987	82	0.000086
OPCODE	3169	82	0.000086
OPCODE	2612	82	0.000086
OPCODE	B1E9	82	0.000086
OPCODE	A8DC	82	0.000086
OPCODE	A816	81	0.000085
OPCODE	6C5A	81	0.000085
OPCODE	9269	81	0.000085
OPCODE	20C2	81	0.000085
OPCODE	E341	81	0.000085
OPCODE	0894	81	0.000085
OPCODE	2874	81	0.000085
OPCODE	2873	81	0.000085
OPCODE	8CFC	80	0.000084
OPCODE	88EA	80	0.000084
OPCODE	84EA	80	0.000084
OPCODE	C4EA	80	0.000084
OPCODE	D651	80	0.000084
OPCODE	D687	80	0.000084
OPCODE	40C1	80	0.000084
OPCODE	90AB	80	0.000084
OPCODE	0728	80	0.000084
OPCODE	0804	80	0.000084
OPCODE	3031	80	0.000084
OPCODE	46C1	80	0.000084
OPCODE	CCEA	80	0.000084
OPCODE	C6C6	80	0.000084
OPCODE	2A13	80	0.000084
OPCODE	720E	80	0.000084
OPCODE	86EA	80	0.000084
OPCODE	0C83	80	0.000084
OPCODE	2C09	80	0.000084
OPCODE	246B	79	0.000083
OPCODE	2A49	79	0.000083
OPCODE	A853	79	0.000083
OPCODE	6152	79	0.000083
OPCODE	667C	79	0.000083
OPCODE	9083	79	0.000083
OPCODE	6B18	79	0.000083
OPCODE	2150	79	0.000083
OPCODE	1082	78	0.000082
OPCODE	B687	78	0.000082
OPCODE	3768	77	0.000081
OPCODE	956E	77	0.000081
OPCODE	3A10	77	0.000081
OPCODE	B268	77	0.000081
OPCODE	A87A	77	0.000081
OPCODE	162C	77	0.000081
OPCODE	D7C2	77	0.000081
OPCODE	F227	76	0.000080
OPCODE	53EE	76	0.000080
OPCODE	2F6D	76	0.000080
OPCODE	3829	76	0.000080
OPCODE	2958	76	0.000080
OPCODE	6064	76	0.000080
OPCODE	A855	76	0.000080
OPCODE	2E2C	75	0.000079
OPCODE	C18C	75	0.000079
OPCODE	2B78	75	0.000079
OPCODE	A8A8	75	0.000079
OPCODE	2A2B	74	0.000077
OPCODE	C068	74	0.000077
OPCODE	00AC	73	0.000076
OPCODE	A8A9	73	0.000076
OPCODE	6DC0	73	0.000076
OPCODE	220A	73	0.000076
OPCODE	B844	73	0.000076
OPCODE	6B76	73	0.000076
OPCODE	3F33	73	0.000076
OPCODE	C22B	73	0.000076
OPCODE	4A73	73	0.000076
OPCODE	1EB8	73	0.000076
OPCODE	0BC3	72	0.000075
OPCODE	6FDC	72	0.000075
OPCODE	6E02	72	0.000075
OPCODE	E781	72	0.000075
OPCODE	4252	71	0.000074
OPCODE	5D8F	71	0.000074
OPCODE	613A	71	0.000074
OPCODE	1B7C	71	0.000074
OPCODE	DEC1	71	0.000074
OPCODE	652C	71	0.000074
OPCODE	98FC	71	0.000074
OPCODE	A198	71	0.000074
OPCODE	196B	70	0.000073
OPCODE	3E2D	70	0.000073
OPCODE	67E4	70	0.000073
OPCODE	3405	70	0.000073
OPCODE	30C6	70	0.000073
OPCODE	3F2D	70	0.000073
OPCODE	E782	70	0.000073
OPCODE	0C2C	70	0.000073
OPCODE	10FC	70	0.000073
OPCODE	A9E0	69	0.000072
OPCODE	909B	69	0.000072
OPCODE	176C	69	0.000072
OPCODE	5EC0	69	0.000072
OPCODE	48EE	69	0.000072
OPCODE	34D1	69	0.000072
OPCODE	B028	69	0.000072
OPCODE	1F2E	69	0.000072
OPCODE	6F26	69	0.000072
OPCODE	2352	69	0.000072
OPCODE	296C	69	0.000072
OPCODE	7207	68	0.000071
OPCODE	4482	68	0.000071
OPCODE	3E2C	68	0.000071
OPCODE	66B6	68	0.000071
OPCODE	66DC	68	0.000071
OPCODE	6B08	68	0.000071
OPCODE	5541	68	0.000071
OPCODE	31B2	68	0.000071
OPCODE	2151	68	0.000071
OPCODE	2D73	67	0.000070
OPCODE	B043	67	0.000070
OPCODE	5148	67	0.000070
OPCODE	2803	67	0.000070
OPCODE	1768	67	0.000070
OPCODE	A089	67	0.000070
OPCODE	2B4F	67	0.000070
OPCODE	D001	67	0.000070
OPCODE	653A	67	0.000070
OPCODE	C22D	67	0.000070
OPCODE	2A50	67	0.000070
OPCODE	7280	67	0.000070
OPCODE	2898	66	0.000069
OPCODE	A8DF	66	0.000069
OPCODE	D957	66	0.000069
OPCODE	6046	66	0.000069
OPCODE	61AE	66	0.000069
OPCODE	D0EE	65	0.000068
OPCODE	6034	65	0.000068
OPCODE	61A2	65	0.000068
OPCODE	5288	65	0.000068
OPCODE	6FD8	65	0.000068
OPCODE	1205	65	0.000068
OPCODE	6E18	65	0.000068
OPCODE	6E1A	65	0.000068
OPCODE	C34A	65	0.000068
OPCODE	D084	65	0.000068
OPCODE	6502	65	0.000068
OPCODE	9484	65	0.000068
OPCODE	6572	65	0.000068
OPCODE	70CE	65	0.000068
OPCODE	2943	65	0.000068
OPCODE	BE82	65	0.000068
OPCODE	265E	64	0.000067
OPCODE	2D0B	64	0.000067
OPCODE	220C	64	0.000067
OPCODE	A87B	64	0.000067
OPCODE	5445	64	0.000067
OPCODE	D06F	64	0.000067
OPCODE	2454	64	0.000067
OPCODE	6050	64	0.000067
OPCODE	48D0	64	0.000067
OPCODE	B06A	64	0.000067
OPCODE	D5A8	64	0.000067
OPCODE	95A8	64	0.000067
OPCODE	536B	64	0.000067
OPCODE	DA85	64	0.000067
OPCODE	6DF8	64	0.000067
OPCODE	526B	64	0.000067
OPCODE	E18D	64	0.000067
OPCODE	2157	64	0.000067
OPCODE	2B4B	64	0.000067
OPCODE	ED40	63	0.000066
OPCODE	0101	63	0.000066
OPCODE	D6E8	63	0.000066
OPCODE	E8A1	63	0.000066
OPCODE	21CE	63	0.000066
OPCODE	296D	63	0.000066
OPCODE	82C0	63	0.000066
OPCODE	6E1E	63	0.000066
OPCODE	3978	63	0.000066
OPCODE	2611	63	0.000066
OPCODE	2320	63	0.000066
OPCODE	0881	62	0.000065
OPCODE	C899	62	0.000065
OPCODE	3A2A	62	0.000065
OPCODE	7614	62	0.000065
OPCODE	72FE	62	0.000065
OPCODE	536F	62	0.000065
OPCODE	297C	62	0.000065
OPCODE	20CC	62	0.000065
OPCODE	D1A8	61	0.000064
OPCODE	214D	61	0.000064
OPCODE	70ED	61	0.000064
OPCODE	12C1	61	0.000064
OPCODE	2B6B	61	0.000064
OPCODE	31EC	61	0.000064
OPCODE	2B45	61	0.000064
OPCODE	61A6	61	0.000064
OPCODE	2B44	61	0.000064
OPCODE	56C1	61	0.000064
OPCODE	AA27	61	0.000064
OPCODE	E780	61	0.000064
OPCODE	9A44	61	0.000064
OPCODE	26AC	60	0.000063
OPCODE	BA43	60	0.000063
OPCODE	BEA8	60	0.000063
OPCODE	0CAC	60	0.000063
OPCODE	E549	60	0.000063
OPCODE	446F	60	0.000063
OPCODE	B7EC	60	0.000063
OPCODE	9478	60	0.000063
OPCODE	3C10	60	0.000063
OPCODE	9078	60	0.000063
OPCODE	F22E	60	0.000063
OPCODE	3838	60	0.000063
OPCODE	216F	60	0.000063
OPCODE	A88C	60	0.000063
OPCODE	A9EE	60	0.000063
OPCODE	3207	60	0.000063
OPCODE	425C	59	0.000062
OPCODE	3214	59	0.000062
OPCODE	97CB	59	0.000062
OPCODE	49F8	59	0.000062
OPCODE	022A	59	0.000062
OPCODE	A8DE	58	0.000061
OPCODE	E58B	58	0.000061
OPCODE	48C4	58	0.000061
OPCODE	4229	58	0.000061
OPCODE	D484	58	0.000061
OPCODE	3F19	58	0.000061
OPCODE	D681	58	0.000061
OPCODE	EA4D	58	0.000061
OPCODE	C6C1	58	0.000061
OPCODE	5441	58	0.000061
OPCODE	0683	58	0.000061
OPCODE	D157	58	0.000061
OPCODE	CAEE	58	0.000061
OPCODE	C589	58	0.000061
OPCODE	9259	57	0.000060
OPCODE	66C8	57	0.000060
OPCODE	4C46	57	0.000060
OPCODE	204D	57	0.000060
OPCODE	AA34	57	0.000060
OPCODE	08C7	57	0.000060
OPCODE	9058	57	0.000060
OPCODE	9258	57	0.000060
OPCODE	0328	56	0.000059
OPCODE	7013	56	0.000059
OPCODE	3213	56	0.000059
OPCODE	7A01	56	0.000059
OPCODE	5EC1	56	0.000059
OPCODE	8242	56	0.000059
OPCODE	DE93	56	0.000059
OPCODE	5453	56	0.000059
OPCODE	3D69	56	0.000059
OPCODE	D1AC	56	0.000059
OPCODE	5C44	56	0.000059
OPCODE	3F2F	55	0.000058
OPCODE	6B5C	55	0.000058
OPCODE	D3C4	55	0.000058
OPCODE	20EA	55	0.000058
OPCODE	30AA	55	0.000058
OPCODE	D150	55	0.000058
OPCODE	5980	55	0.000058
OPCODE	0450	55	0.000058
OPCODE	5358	55	0.000058
OPCODE	5258	55	0.000058
OPCODE	A722	55	0.000058
OPCODE	21C1	55	0.000058
OPCODE	30EA	55	0.000058
OPCODE	9268	55	0.000058
OPCODE	47EA	54	0.000057
OPCODE	60EC	54	0.000057
OPCODE	7023	54	0.000057
OPCODE	0C2A	54	0.000057
OPCODE	5FC0	54	0.000057
OPCODE	A8E3	54	0.000057
OPCODE	62F4	54	0.000057
OPCODE	D490	54	0.000057
OPCODE	421C	54	0.000057
OPCODE	E8C1	54	0.000057
OPCODE	7206	54	0.000057
OPCODE	5289	54	0.000057
OPCODE	0441	54	0.000057
OPCODE	218C	53	0.000055
OPCODE	60F6	53	0.000055
OPCODE	6C26	53	0.000055
OPCODE	8193	53	0.000055
OPCODE	ABC9	53	0.000055
OPCODE	6188	53	0.000055
OPCODE	C14A	53	0.000055
OPCODE	7078	53	0.000055
OPCODE	2328	52	0.000054
OPCODE	90AC	52	0.000054
OPCODE	BC47	52	0.000054
OPCODE	5201	52	0.000054
OPCODE	5985	52	0.000054
OPCODE	61B8	52	0.000054
OPCODE	5887	52	0.000054
OPCODE	62F0	51	0.000053
OPCODE	4BEB	51	0.000053
OPCODE	3F10	51	0.000053
OPCODE	CC81	51	0.000053
OPCODE	6052	51	0.000053
OPCODE	D095	51	0.000053
OPCODE	D06C	51	0.000053
OPCODE	61F6	51	0.000053
OPCODE	E8A0	51	0.000053
OPCODE	3082	50	0.000052
OPCODE	D4C2	50	0.000052
OPCODE	3C3C	50	0.000052
OPCODE	C202	50	0.000052
OPCODE	611A	50	0.000052
OPCODE	B4AB	50	0.000052
OPCODE	40C2	50	0.000052
OPCODE	46C2	50	0.000052
OPCODE	A869	49	0.000051
OPCODE	EBC0	49	0.000051
OPCODE	E508	49	0.000051
OPCODE	E158	49	0.000051
OPCODE	223A	49	0.000051
OPCODE	0302	49	0.000051
OPCODE	41FB	49	0.000051
OPCODE	D168	49	0.000051
OPCODE	522A	48	0.000050
OPCODE	6062	48	0.000050
OPCODE	6FEA	48	0.000050
OPCODE	31C6	48	0.000050
OPCODE	4EB4	48	0.000050
OPCODE	F23C	48	0.000050
OPCODE	2A1B	48	0.000050
OPCODE	6214	48	0.000050
OPCODE	240A	48	0.000050
OPCODE	281B	48	0.000050
OPCODE	BBCC	48	0.000050
OPCODE	30D2	48	0.000050
OPCODE	DFAC	48	0.000050
OPCODE	22C3	48	0.000050
OPCODE	6FF2	48	0.000050
OPCODE	0041	48	0.000050
OPCODE	D246	48	0.000050
OPCODE	D28C	48	0.000050
OPCODE	B644	48	0.000050
OPCODE	6652	48	0.000050
OPCODE	214B	48	0.000050
OPCODE	E9EE	48	0.000050
OPCODE	D16F	48	0.000050
OPCODE	5547	48	0.000050
OPCODE	261B	48	0.000050
OPCODE	2C1B	48	0.000050
OPCODE	2606	48	0.000050
OPCODE	0C06	48	0.000050
OPCODE	2E05	48	0.000050
OPCODE	A1AD	47	0.000049
OPCODE	611E	47	0.000049
OPCODE	631E	47	0.000049
OPCODE	9E81	47	0.000049
OPCODE	966E	47	0.000049
OPCODE	6FDE	47	0.000049
OPCODE	BE90	47	0.000049
OPCODE	BAAC	46	0.000048
OPCODE	A89D	46	0.000048
OPCODE	A89B	46	0.000048
OPCODE	A08F	46	0.000048
OPCODE	BE80	46	0.000048
OPCODE	7213	46	0.000048
OPCODE	D057	45	0.000047
OPCODE	2144	45	0.000047
OPCODE	ABCA	45	0.000047
OPCODE	382C	45	0.000047
OPCODE	B7ED	45	0.000047
OPCODE	5C43	45	0.000047
OPCODE	5847	45	0.000047
OPCODE	677A	45	0.000047
OPCODE	DE6E	45	0.000047
OPCODE	0643	45	0.000047
OPCODE	A9EF	45	0.000047
OPCODE	2A10	45	0.000047
OPCODE	4A88	45	0.000047
OPCODE	EFA8	45	0.000047
OPCODE	B653	45	0.000047
OPCODE	A87C	45	0.000047
OPCODE	99C6	45	0.000047
OPCODE	BE41	45	0.000047
OPCODE	C348	45	0.000047
OPCODE	E1AB	44	0.000046
OPCODE	986E	44	0.000046
OPCODE	50E8	44	0.000046
OPCODE	266A	44	0.000046
OPCODE	E95C	44	0.000046
OPCODE	3F30	44	0.000046
OPCODE	F236	44	0.000046
OPCODE	B053	44	0.000046
OPCODE	524B	43	0.000045
OPCODE	A22E	43	0.000045
OPCODE	6D0C	43	0.000045
OPCODE	3A2B	43	0.000045
OPCODE	A868	43	0.000045
OPCODE	2886	43	0.000045
OPCODE	3E80	43	0.000045
OPCODE	674E	43	0.000045
OPCODE	6E82	42	0.000044
OPCODE	6044	42	0.000044
OPCODE	3438	42	0.000044
OPCODE	4291	42	0.000044
OPCODE	2887	42	0.000044
OPCODE	216B	42	0.000044
OPCODE	2D53	42	0.000044
OPCODE	4A9F	42	0.000044
OPCODE	A01B	42	0.000044
OPCODE	A998	42	0.000044
OPCODE	4228	41	0.000043
OPCODE	1297	41	0.000043
OPCODE	2282	41	0.000043
OPCODE	3D6B	41	0.000043
OPCODE	7025	41	0.000043
OPCODE	2F31	41	0.000043
OPCODE	D26A	41	0.000043
OPCODE	222D	41	0.000043
OPCODE	A830	41	0.000043
OPCODE	690E	40	0.000042
OPCODE	7005	40	0.000042
OPCODE	70FD	40	0.000042
OPCODE	2890	40	0.000042
OPCODE	3009	40	0.000042
OPCODE	702E	40	0.000042
OPCODE	5905	40	0.000042
OPCODE	2142	40	0.000042
OPCODE	6536	40	0.000042
OPCODE	5C41	40	0.000042
OPCODE	C041	40	0.000042
OPCODE	0C11	40	0.000042
OPCODE	2842	40	0.000042
OPCODE	2F68	40	0.000042
OPCODE	342C	40	0.000042
OPCODE	6D1E	39	0.000041
OPCODE	4CD8	39	0.000041
OPCODE	0214	39	0.000041
OPCODE	4292	39	0.000041
OPCODE	6172	39	0.000041
OPCODE	5CEE	39	0.000041
OPCODE	422A	39	0.000041
OPCODE	B640	39	0.000041
OPCODE	31C2	39	0.000041
OPCODE	9048	39	0.000041
OPCODE	522D	39	0.000041
OPCODE	0CB8	39	0.000041
OPCODE	4857	39	0.000041
OPCODE	532D	39	0.000041
OPCODE	4640	39	0.000041
OPCODE	3D6F	39	0.000041
OPCODE	D2D0	38	0.000040
OPCODE	242C	38	0.000040
OPCODE	3541	38	0.000040
OPCODE	AA2C	38	0.000040
OPCODE	B891	38	0.000040
OPCODE	B8A9	38	0.000040
OPCODE	3944	38	0.000040
OPCODE	95AE	38	0.000040
OPCODE	280B	38	0.000040
OPCODE	376D	38	0.000040
OPCODE	1A30	38	0.000040
OPCODE	5940	38	0.000040
OPCODE	2E01	38	0.000040
OPCODE	36A8	38	0.000040
OPCODE	3D45	38	0.000040
OPCODE	7024	38	0.000040
OPCODE	E840	38	0.000040
OPCODE	2A68	38	0.000040
OPCODE	36AD	38	0.000040
OPCODE	3087	38	0.000040
OPCODE	BA59	38	0.000040
OPCODE	BEAB	38	0.000040
OPCODE	82FC	38	0.000040
OPCODE	614E	38	0.000040
OPCODE	6056	38	0.000040
OPCODE	805F	38	0.000040
OPCODE	C0AE	37	0.000039
OPCODE	307C	37	0.000039
OPCODE	5217	37	0.000039
OPCODE	6E4A	37	0.000039
OPCODE	3C28	37	0.000039
OPCODE	EFAE	37	0.000039
OPCODE	2656	37	0.000039
OPCODE	2540	36	0.000038
OPCODE	D2F1	36	0.000038
OPCODE	3E28	36	0.000038
OPCODE	2549	36	0.000038
OPCODE	6B54	36	0.000038
OPCODE	3807	36	0.000038
OPCODE	2838	36	0.000038
OPCODE	C0C3	36	0.000038
OPCODE	0C54	36	0.000038
OPCODE	2811	36	0.000038
OPCODE	B882	36	0.000038
OPCODE	E2AA	36	0.000038
OPCODE	395F	36	0.000038
OPCODE	9FAC	36	0.000038
OPCODE	B401	36	0.000038
OPCODE	1F28	36	0.000038
OPCODE	A81E	35	0.000037
OPCODE	C090	35	0.000037
OPCODE	EA58	35	0.000037
OPCODE	BA84	35	0.000037
OPCODE	0181	35	0.000037
OPCODE	6BF0	35	0.000037
OPCODE	2C01	35	0.000037
OPCODE	C0FA	35	0.000037
OPCODE	816A	35	0.000037
OPCODE	A93A	35	0.000037
OPCODE	0287	35	0.000037
OPCODE	C093	35	0.000037
OPCODE	90BA	35	0.000037
OPCODE	218A	35	0.000037
OPCODE	B9EB	35	0.000037
OPCODE	9EFC	35	0.000037
OPCODE	E411	34	0.000036
OPCODE	2809	34	0.000036
OPCODE	426B	34	0.000036
OPCODE	D9D0	34	0.000036
OPCODE	66BC	34	0.000036
OPCODE	7216	34	0.000036
OPCODE	EFA9	34	0.000036
OPCODE	F210	34	0.000036
OPCODE	966B	34	0.000036
OPCODE	E319	34	0.000036
OPCODE	61A8	34	0.000036
OPCODE	6656	34	0.000036
OPCODE	E709	34	0.000036
OPCODE	3783	34	0.000036
OPCODE	2970	34	0.000036
OPCODE	6D3E	34	0.000036
OPCODE	62DE	33	0.000035
OPCODE	CBC7	33	0.000035
OPCODE	3F78	33	0.000035
OPCODE	E34D	33	0.000035
OPCODE	74FE	33	0.000035
OPCODE	2017	33	0.000035
OPCODE	3942	33	0.000035
OPCODE	E789	33	0.000035
OPCODE	1A03	33	0.000035
OPCODE	2F18	33	0.000035
OPCODE	A817	33	0.000035
OPCODE	6FE2	33	0.000035
OPCODE	0682	32	0.000034
OPCODE	6508	32	0.000034
OPCODE	A887	32	0.000034
OPCODE	51E8	32	0.000034
OPCODE	7044	32	0.000034
OPCODE	2893	32	0.000034
OPCODE	99AC	32	0.000034
OPCODE	66B0	32	0.000034
OPCODE	DBE8	32	0.000034
OPCODE	3E36	32	0.000034
OPCODE	257C	32	0.000034
OPCODE	B5F1	32	0.000034
OPCODE	241A	32	0.000034
OPCODE	3B46	32	0.000034
OPCODE	B09F	32	0.000034
OPCODE	C5EC	32	0.000034
OPCODE	1428	31	0.000032
OPCODE	2607	31	0.000032
OPCODE	60E4	31	0.000032
OPCODE	3F2B	31	0.000032
OPCODE	D06B	31	0.000032
OPCODE	43D2	31	0.000032
OPCODE	1438	31	0.000032
OPCODE	115F	31	0.000032
OPCODE	E2BA	31	0.000032
OPCODE	20B0	31	0.000032
OPCODE	1618	31	0.000032
OPCODE	E543	31	0.000032
OPCODE	7A10	31	0.000032
OPCODE	4BED	31	0.000032
OPCODE	7028	31	0.000032
OPCODE	702F	31	0.000032
OPCODE	EF8E	31	0.000032
OPCODE	E80A	31	0.000032
OPCODE	6E20	30	0.000031
OPCODE	F327	30	0.000031
OPCODE	32C5	30	0.000031
OPCODE	32C2	30	0.000031
OPCODE	DBC5	30	0.000031
OPCODE	7E08	30	0.000031
OPCODE	EA8D	30	0.000031
OPCODE	2C45	30	0.000031
OPCODE	9A84	30	0.000031
OPCODE	4DEC	30	0.000031
OPCODE	6B4E	30	0.000031
OPCODE	16DC	30	0.000031
OPCODE	700B	30	0.000031
OPCODE	D645	30	0.000031
OPCODE	B245	30	0.000031
OPCODE	3256	30	0.000031
OPCODE	EEAA	30	0.000031
OPCODE	E685	30	0.000031
OPCODE	6CC2	30	0.000031
OPCODE	3285	30	0.000031
OPCODE	C8C2	30	0.000031
OPCODE	6132	30	0.000031
OPCODE	B645	30	0.000031
OPCODE	B7C0	30	0.000031
OPCODE	294A	30	0.000031
OPCODE	544A	30	0.000031
OPCODE	B841	30	0.000031
OPCODE	EF6E	30	0.000031
OPCODE	2633	30	0.000031
OPCODE	1E30	30	0.000031
OPCODE	3078	30	0.000031
OPCODE	28A8	30	0.000031
OPCODE	D4F2	30	0.000031
OPCODE	7228	30	0.000031
OPCODE	91C2	30	0.000031
OPCODE	1091	30	0.000031
OPCODE	9C40	30	0.000031
OPCODE	E78A	30	0.000031
OPCODE	5486	30	0.000031
OPCODE	EEAD	30	0.000031
OPCODE	D551	30	0.000031
OPCODE	536A	29	0.000030
OPCODE	9283	29	0.000030
OPCODE	D66C	29	0.000030
OPCODE	3298	29	0.000030
OPCODE	A05A	29	0.000030
OPCODE	A899	29	0.000030
OPCODE	6AC0	29	0.000030
OPCODE	D26B	29	0.000030
OPCODE	A898	29	0.000030
OPCODE	006B	29	0.000030
OPCODE	0259	29	0.000030
OPCODE	3354	29	0.000030
OPCODE	A126	29	0.000030
OPCODE	966C	29	0.000030
OPCODE	116F	29	0.000030
OPCODE	6E32	29	0.000030
OPCODE	E243	29	0.000030
OPCODE	2206	29	0.000030
OPCODE	D0AA	29	0.000030
OPCODE	263C	29	0.000030
OPCODE	1203	29	0.000030
OPCODE	6D54	28	0.000029
OPCODE	276C	28	0.000029
OPCODE	A803	28	0.000029
OPCODE	615C	28	0.000029
OPCODE	B26C	28	0.000029
OPCODE	41F4	28	0.000029
OPCODE	47F8	28	0.000029
OPCODE	7011	28	0.000029
OPCODE	84FC	28	0.000029
OPCODE	A870	28	0.000029
OPCODE	3946	28	0.000029
OPCODE	6066	28	0.000029
OPCODE	B543	28	0.000029
OPCODE	7018	28	0.000029
OPCODE	6068	28	0.000029
OPCODE	A975	28	0.000029
OPCODE	43F4	28	0.000029
OPCODE	A8A6	28	0.000029
OPCODE	A9EB	28	0.000029
OPCODE	6D38	28	0.000029
OPCODE	675E	27	0.000028
OPCODE	EAD0	27	0.000028
OPCODE	6A76	27	0.000028
OPCODE	508C	27	0.000028
OPCODE	D7EE	27	0.000028
OPCODE	C34D	27	0.000028
OPCODE	BC87	27	0.000028
OPCODE	60CA	27	0.000028
OPCODE	12BC	27	0.000028
OPCODE	22BC	27	0.000028
OPCODE	6312	27	0.000028
OPCODE	5989	27	0.000028
OPCODE	026B	27	0.000028
OPCODE	2219	27	0.000028
OPCODE	DBEE	27	0.000028
OPCODE	2A75	27	0.000028
OPCODE	724E	26	0.000027
OPCODE	0C10	26	0.000027
OPCODE	01C1	26	0.000027
OPCODE	2688	26	0.000027
OPCODE	2628	26	0.000027
OPCODE	4CF8	26	0.000027
OPCODE	43BC	26	0.000027
OPCODE	A522	26	0.000027
OPCODE	3744	26	0.000027
OPCODE	2D69	26	0.000027
OPCODE	7ECE	26	0.000027
OPCODE	0294	26	0.000027
OPCODE	67A6	26	0.000027
OPCODE	6782	26	0.000027
OPCODE	8194	26	0.000027
OPCODE	BE6B	26	0.000027
OPCODE	802E	26	0.000027
OPCODE	6F22	26	0.000027
OPCODE	B441	25	0.000026
OPCODE	B0AF	25	0.000026
OPCODE	E249	25	0.000026
OPCODE	9868	25	0.000026
OPCODE	A939	25	0.000026
OPCODE	6082	25	0.000026
OPCODE	1204	25	0.000026
OPCODE	43D4	25	0.000026
OPCODE	2147	25	0.000026
OPCODE	B6FC	25	0.000026
OPCODE	522C	25	0.000026
OPCODE	7808	25	0.000026
OPCODE	DDC0	25	0.000026
OPCODE	301E	25	0.000026
OPCODE	64CA	25	0.000026
OPCODE	41D4	25	0.000026
OPCODE	4A56	25	0.000026
OPCODE	9DC0	25	0.000026
OPCODE	294E	25	0.000026
OPCODE	30BC	25	0.000026
OPCODE	3D00	25	0.000026
OPCODE	3C04	25	0.000026
OPCODE	361F	24	0.000025
OPCODE	D642	24	0.000025
OPCODE	B883	24	0.000025
OPCODE	376E	24	0.000025
OPCODE	0C2F	24	0.000025
OPCODE	6310	24	0.000025
OPCODE	3631	24	0.000025
OPCODE	5307	24	0.000025
OPCODE	6D48	24	0.000025
OPCODE	52AB	24	0.000025
OPCODE	A949	24	0.000025
OPCODE	A994	24	0.000025
OPCODE	32E9	24	0.000025
OPCODE	A9ED	24	0.000025
OPCODE	A892	24	0.000025
OPCODE	DE87	24	0.000025
OPCODE	A888	24	0.000025
OPCODE	70EE	24	0.000025
OPCODE	E058	24	0.000025
OPCODE	C543	24	0.000025
OPCODE	0817	24	0.000025
OPCODE	5C42	24	0.000025
OPCODE	4213	24	0.000025
OPCODE	121A	24	0.000025
OPCODE	6C5C	24	0.000025
OPCODE	2D57	24	0.000025
OPCODE	A809	24	0.000025
OPCODE	D6EE	24	0.000025
OPCODE	3982	24	0.000025
OPCODE	6512	23	0.000024
OPCODE	6C1E	23	0.000024
OPCODE	396B	23	0.000024
OPCODE	DA47	23	0.000024
OPCODE	C491	23	0.000024
OPCODE	244F	23	0.000024
OPCODE	C14B	23	0.000024
OPCODE	C028	23	0.000024
OPCODE	282B	23	0.000024
OPCODE	1004	23	0.000024
OPCODE	45EB	23	0.000024
OPCODE	2A1F	23	0.000024
OPCODE	B294	23	0.000024
OPCODE	816E	23	0.000024
OPCODE	316E	23	0.000024
OPCODE	66CE	23	0.000024
OPCODE	AA44	23	0.000024
OPCODE	A260	23	0.000024
OPCODE	A528	23	0.000024
OPCODE	A8D4	23	0.000024
OPCODE	A8B5	23	0.000024
OPCODE	2818	22	0.000023
OPCODE	0000	22	0.000023
OPCODE	D644	22	0.000023
OPCODE	D804	22	0.000023
OPCODE	20C5	22	0.000023
OPCODE	D885	22	0.000023
OPCODE	3543	22	0.000023
OPCODE	C4C1	22	0.000023
OPCODE	C294	22	0.000023
OPCODE	2647	22	0.000023
OPCODE	E880	22	0.000023
OPCODE	AA05	22	0.000023
OPCODE	E287	22	0.000023
OPCODE	B890	22	0.000023
OPCODE	289F	22	0.000023
OPCODE	F23A	22	0.000023
OPCODE	2A4C	22	0.000023
OPCODE	2E0B	22	0.000023
OPCODE	E788	22	0.000023
OPCODE	0657	22	0.000023
OPCODE	6670	22	0.000023
OPCODE	7A02	22	0.000023
OPCODE	3C18	22	0.000023
OPCODE	605E	22	0.000023
OPCODE	70FB	22	0.000023
OPCODE	5248	22	0.000023
OPCODE	546E	22	0.000023
OPCODE	7030	22	0.000023
OPCODE	396E	22	0.000023
OPCODE	7602	22	0.000023
OPCODE	74B0	22	0.000023
OPCODE	700D	22	0.000023
OPCODE	5BC1	22	0.000023
OPCODE	8200	22	0.000023
OPCODE	2F12	21	0.000022
OPCODE	DA45	21	0.000022
OPCODE	41EF	21	0.000022
OPCODE	4CB8	21	0.000022
OPCODE	B101	21	0.000022
OPCODE	D045	21	0.000022
OPCODE	3A3C	21	0.000022
OPCODE	B3EA	21	0.000022
OPCODE	1A1F	21	0.000022
OPCODE	C2C4	21	0.000022
OPCODE	70F9	21	0.000022
OPCODE	216A	21	0.000022
OPCODE	262C	21	0.000022
OPCODE	6C3E	21	0.000022
OPCODE	6EE4	21	0.000022
OPCODE	4C42	20	0.000021
OPCODE	54C0	20	0.000021
OPCODE	2746	20	0.000021
OPCODE	532C	20	0.000021
OPCODE	6676	20	0.000021
OPCODE	6414	20	0.000021
OPCODE	D482	20	0.000021
OPCODE	BB86	20	0.000021
OPCODE	28BC	20	0.000021
OPCODE	60BA	20	0.000021
OPCODE	2257	20	0.000021
OPCODE	60A0	20	0.000021
OPCODE	A11A	20	0.000021
OPCODE	D0C4	20	0.000021
OPCODE	5C4A	20	0.000021
OPCODE	278A	20	0.000021
OPCODE	3209	20	0.000021
OPCODE	D111	20	0.000021
OPCODE	B897	20	0.000021
OPCODE	3D54	20	0.000021
OPCODE	DBA8	20	0.000021
OPCODE	2277	20	0.000021
OPCODE	3C01	20	0.000021
OPCODE	650E	20	0.000021
OPCODE	701A	20	0.000021
OPCODE	544C	20	0.000021
OPCODE	0044	20	0.000021
OPCODE	2A0B	20	0.000021
OPCODE	5357	20	0.000021
OPCODE	740C	20	0.000021
OPCODE	36BC	20	0.000021
OPCODE	E58D	20	0.000021
OPCODE	3270	20	0.000021
OPCODE	2953	20	0.000021
OPCODE	702C	20	0.000021
OPCODE	6524	19	0.000020
OPCODE	2631	19	0.000020
OPCODE	57E7	19	0.000020
OPCODE	AA17	19	0.000020
OPCODE	45F7	19	0.000020
OPCODE	3484	19	0.000020
OPCODE	C0EA	19	0.000020
OPCODE	6144	19	0.000020
OPCODE	D6FC	19	0.000020
OPCODE	9859	19	0.000020
OPCODE	CAC1	19	0.000020
OPCODE	6B1C	19	0.000020
OPCODE	6302	19	0.000020
OPCODE	902C	19	0.000020
OPCODE	C06C	19	0.000020
OPCODE	B62C	19	0.000020
OPCODE	B292	19	0.000020
OPCODE	2280	19	0.000020
OPCODE	D02C	19	0.000020
OPCODE	2407	19	0.000020
OPCODE	3147	19	0.000020
OPCODE	641A	19	0.000020
OPCODE	D9CB	19	0.000020
OPCODE	7E06	19	0.000020
OPCODE	9A6B	19	0.000020
OPCODE	66C2	19	0.000020
OPCODE	2604	19	0.000020
OPCODE	9A68	19	0.000020
OPCODE	9A59	19	0.000020
OPCODE	0C18	19	0.000020
OPCODE	9040	19	0.000020
OPCODE	DEAE	19	0.000020
OPCODE	3A29	19	0.000020
OPCODE	20BC	19	0.000020
OPCODE	1F01	19	0.000020
OPCODE	7604	19	0.000020
OPCODE	0447	19	0.000020
OPCODE	2023	18	0.000019
OPCODE	281F	18	0.000019
OPCODE	7E20	18	0.000019
OPCODE	8E40	18	0.000019
OPCODE	0C2E	18	0.000019
OPCODE	254B	18	0.000019
OPCODE	6D70	18	0.000019
OPCODE	7A04	18	0.000019
OPCODE	26A8	18	0.000019
OPCODE	327C	18	0.000019
OPCODE	B4FC	18	0.000019
OPCODE	747E	18	0.000019
OPCODE	F280	18	0.000019
OPCODE	E250	18	0.000019
OPCODE	141C	18	0.000019
OPCODE	162F	18	0.000019
OPCODE	D059	18	0.000019
OPCODE	2857	18	0.000019
OPCODE	666A	18	0.000019
OPCODE	966A	18	0.000019
OPCODE	8082	18	0.000019
OPCODE	8128	18	0.000019
OPCODE	9582	18	0.000019
OPCODE	4A98	17	0.000018
OPCODE	2C3C	17	0.000018
OPCODE	6146	17	0.000018
OPCODE	700E	17	0.000018
OPCODE	D646	17	0.000018
OPCODE	E84C	17	0.000018
OPCODE	341C	17	0.000018
OPCODE	6B6A	17	0.000018
OPCODE	2748	17	0.000018
OPCODE	32AE	17	0.000018
OPCODE	7016	17	0.000018
OPCODE	5250	17	0.000018
OPCODE	90A8	17	0.000018
OPCODE	EA83	17	0.000018
OPCODE	EA84	17	0.000018
OPCODE	2146	17	0.000018
OPCODE	0A00	17	0.000018
OPCODE	2642	17	0.000018
OPCODE	BB98	17	0.000018
OPCODE	6E12	17	0.000018
OPCODE	7803	17	0.000018
OPCODE	806E	17	0.000018
OPCODE	A005	17	0.000018
OPCODE	BD90	17	0.000018
OPCODE	3544	16	0.000017
OPCODE	E658	16	0.000017
OPCODE	42B6	16	0.000017
OPCODE	B845	16	0.000017
OPCODE	B83A	16	0.000017
OPCODE	E04C	16	0.000017
OPCODE	DC82	16	0.000017
OPCODE	2658	16	0.000017
OPCODE	26DC	16	0.000017
OPCODE	26DA	16	0.000017
OPCODE	61BA	16	0.000017
OPCODE	61CA	16	0.000017
OPCODE	6EAC	16	0.000017
OPCODE	A8B0	16	0.000017
OPCODE	1340	16	0.000017
OPCODE	61C2	16	0.000017
OPCODE	61B6	16	0.000017
OPCODE	61D2	16	0.000017
OPCODE	D686	16	0.000017
OPCODE	906F	16	0.000017
OPCODE	9840	16	0.000017
OPCODE	B092	16	0.000017
OPCODE	261E	16	0.000017
OPCODE	1A31	16	0.000017
OPCODE	9446	16	0.000017
OPCODE	1F2F	16	0.000017
OPCODE	3880	16	0.000017
OPCODE	2441	16	0.000017
OPCODE	2085	16	0.000017
OPCODE	0C32	16	0.000017
OPCODE	182A	16	0.000017
OPCODE	342F	16	0.000017
OPCODE	DB45	16	0.000017
OPCODE	2486	16	0.000017
OPCODE	ED98	16	0.000017
OPCODE	0C90	16	0.000017
OPCODE	60B8	16	0.000017
OPCODE	2D03	16	0.000017
OPCODE	183B	16	0.000017
OPCODE	E144	16	0.000017
OPCODE	282F	16	0.000017
OPCODE	181B	16	0.000017
OPCODE	329F	15	0.000016
OPCODE	31EE	15	0.000016
OPCODE	704A	15	0.000016
OPCODE	A88A	15	0.000016
OPCODE	A938	15	0.000016
OPCODE	21D8	15	0.000016
OPCODE	E286	15	0.000016
OPCODE	3540	15	0.000016
OPCODE	182E	15	0.000016
OPCODE	B293	15	0.000016
OPCODE	3D6D	15	0.000016
OPCODE	C046	15	0.000016
OPCODE	70D5	15	0.000016
OPCODE	3743	15	0.000016
OPCODE	6350	15	0.000016
OPCODE	A04C	15	0.000016
OPCODE	52A8	15	0.000016
OPCODE	6B72	15	0.000016
OPCODE	6040	15	0.000016
OPCODE	A8FA	15	0.000016
OPCODE	2A12	15	0.000016
OPCODE	2C0C	15	0.000016
OPCODE	7E10	15	0.000016
OPCODE	1345	15	0.000016
OPCODE	5845	15	0.000016
OPCODE	58AF	15	0.000016
OPCODE	70DD	14	0.000015
OPCODE	5941	14	0.000015
OPCODE	5C49	14	0.000015
OPCODE	3199	14	0.000015
OPCODE	B046	14	0.000015
OPCODE	3180	14	0.000015
OPCODE	11EB	14	0.000015
OPCODE	2A3C	14	0.000015
OPCODE	11D9	14	0.000015
OPCODE	E180	14	0.000015
OPCODE	2087	14	0.000015
OPCODE	0C14	14	0.000015
OPCODE	12A8	14	0.000015
OPCODE	E3A8	14	0.000015
OPCODE	276B	14	0.000015
OPCODE	A9E1	14	0.000015
OPCODE	5886	14	0.000015
OPCODE	703E	14	0.000015
OPCODE	E54F	14	0.000015
OPCODE	66BA	14	0.000015
OPCODE	D1AD	14	0.000015
OPCODE	0052	14	0.000015
OPCODE	6D6A	14	0.000015
OPCODE	3C07	14	0.000015
OPCODE	2260	14	0.000015
OPCODE	3632	14	0.000015
OPCODE	C18D	14	0.000015
OPCODE	2A6F	14	0.000015
OPCODE	9E7C	14	0.000015
OPCODE	6D30	14	0.000015
OPCODE	2180	14	0.000015
OPCODE	0446	14	0.000015
OPCODE	3832	14	0.000015
OPCODE	9EAB	14	0.000015
OPCODE	5290	14	0.000015
OPCODE	6E36	14	0.000015
OPCODE	D0AB	14	0.000015
OPCODE	6316	14	0.000015
OPCODE	3814	14	0.000015
OPCODE	22DB	14	0.000015
OPCODE	22C8	14	0.000015
OPCODE	B8AC	13	0.000014
OPCODE	2C2C	13	0.000014
OPCODE	0444	13	0.000014
OPCODE	9E83	13	0.000014
OPCODE	21AC	13	0.000014
OPCODE	21AA	13	0.000014
OPCODE	2EAF	13	0.000014
OPCODE	D3AC	13	0.000014
OPCODE	DBAB	13	0.000014
OPCODE	2547	13	0.000014
OPCODE	E48F	13	0.000014
OPCODE	1F07	13	0.000014
OPCODE	3745	13	0.000014
OPCODE	11B3	13	0.000014
OPCODE	5390	13	0.000014
OPCODE	B685	13	0.000014
OPCODE	256E	13	0.000014
OPCODE	D7C6	13	0.000014
OPCODE	49EA	13	0.000014
OPCODE	2C6C	13	0.000014
OPCODE	C2C0	13	0.000014
OPCODE	0CA9	13	0.000014
OPCODE	2C68	13	0.000014
OPCODE	7805	13	0.000014
OPCODE	163B	13	0.000014
OPCODE	5881	13	0.000014
OPCODE	0014	13	0.000014
OPCODE	21AF	13	0.000014
OPCODE	8841	13	0.000014
OPCODE	9FA8	13	0.000014
OPCODE	BCAA	13	0.000014
OPCODE	6760	13	0.000014
OPCODE	9EAE	13	0.000014
OPCODE	2E30	13	0.000014
OPCODE	A950	13	0.000014
OPCODE	7610	13	0.000014
OPCODE	2545	13	0.000014
OPCODE	C2AC	13	0.000014
OPCODE	9C87	13	0.000014
OPCODE	9881	13	0.000014
OPCODE	2406	13	0.000014
OPCODE	36B8	13	0.000014
OPCODE	9BAC	13	0.000014
OPCODE	8114	13	0.000014
OPCODE	45D1	13	0.000014
OPCODE	C680	13	0.000014
OPCODE	D289	13	0.000014
OPCODE	2C12	13	0.000014
OPCODE	3E05	13	0.000014
OPCODE	6520	13	0.000014
OPCODE	9085	13	0.000014
OPCODE	2944	13	0.000014
OPCODE	6C20	13	0.000014
OPCODE	5087	13	0.000014
OPCODE	224E	13	0.000014
OPCODE	3F42	13	0.000014
OPCODE	AA94	13	0.000014
OPCODE	6228	13	0.000014
OPCODE	11EE	13	0.000014
OPCODE	9046	13	0.000014
OPCODE	B7D0	13	0.000014
OPCODE	5082	13	0.000014
OPCODE	D65F	13	0.000014
OPCODE	6C22	13	0.000014
OPCODE	9492	13	0.000014
OPCODE	3831	13	0.000014
OPCODE	E586	13	0.000014
OPCODE	5251	12	0.000013
OPCODE	C4C0	12	0.000013
OPCODE	B474	12	0.000013
OPCODE	70F3	12	0.000013
OPCODE	BA8B	12	0.000013
OPCODE	607C	12	0.000013
OPCODE	45EC	12	0.000013
OPCODE	50EB	12	0.000013
OPCODE	21EA	12	0.000013
OPCODE	2F69	12	0.000013
OPCODE	7022	12	0.000013
OPCODE	A9A2	12	0.000013
OPCODE	B0B4	12	0.000013
OPCODE	45F3	12	0.000013
OPCODE	EDC0	12	0.000013
OPCODE	AA67	12	0.000013
OPCODE	3033	12	0.000013
OPCODE	288B	12	0.000013
OPCODE	9E80	12	0.000013
OPCODE	6ABA	12	0.000013
OPCODE	240F	12	0.000013
OPCODE	2881	12	0.000013
OPCODE	4873	12	0.000013
OPCODE	44DF	12	0.000013
OPCODE	97C4	12	0.000013
OPCODE	44FC	12	0.000013
OPCODE	00AE	12	0.000013
OPCODE	DC87	12	0.000013
OPCODE	4EF6	12	0.000013
OPCODE	AA12	12	0.000013
OPCODE	6076	12	0.000013
OPCODE	81AE	12	0.000013
OPCODE	6314	12	0.000013
OPCODE	082F	12	0.000013
OPCODE	6210	12	0.000013
OPCODE	026C	12	0.000013
OPCODE	BC8A	12	0.000013
OPCODE	D2C5	12	0.000013
OPCODE	6216	12	0.000013
OPCODE	5350	12	0.000013
OPCODE	2E42	12	0.000013
OPCODE	4AAF	12	0.000013
OPCODE	A800	12	0.000013
OPCODE	2651	12	0.000013
OPCODE	7064	12	0.000013
OPCODE	6CD8	12	0.000013
OPCODE	6694	12	0.000013
OPCODE	926F	12	0.000013
OPCODE	0401	12	0.000013
OPCODE	E450	12	0.000013
OPCODE	6CEA	12	0.000013
OPCODE	5945	12	0.000013
OPCODE	2E13	12	0.000013
OPCODE	908F	12	0.000013
OPCODE	341B	12	0.000013
OPCODE	5580	12	0.000013
OPCODE	4A5A	12	0.000013
OPCODE	A98D	12	0.000013
OPCODE	E582	12	0.000013
OPCODE	E678	12	0.000013
OPCODE	BC80	12	0.000013
OPCODE	677C	12	0.000013
OPCODE	BC45	12	0.000013
OPCODE	2E02	12	0.000013
OPCODE	7A0F	12	0.000013
OPCODE	C02E	12	0.000013
OPCODE	E34A	12	0.000013
OPCODE	256B	11	0.000012
OPCODE	6C2C	11	0.000012
OPCODE	2EB1	11	0.000012
OPCODE	D880	11	0.000012
OPCODE	9086	11	0.000012
OPCODE	5885	11	0.000012
OPCODE	2550	11	0.000012
OPCODE	1540	11	0.000012
OPCODE	EF8A	11	0.000012
OPCODE	51C4	11	0.000012
OPCODE	1828	11	0.000012
OPCODE	763B	11	0.000012
OPCODE	CD40	11	0.000012
OPCODE	9DC1	11	0.000012
OPCODE	B128	11	0.000012
OPCODE	962A	11	0.000012
OPCODE	3C19	11	0.000012
OPCODE	0A80	11	0.000012
OPCODE	DA43	11	0.000012
OPCODE	B66C	11	0.000012
OPCODE	6202	11	0.000012
OPCODE	EE4A	11	0.000012
OPCODE	7647	11	0.000012
OPCODE	3E12	11	0.000012
OPCODE	6410	11	0.000012
OPCODE	B038	11	0.000012
OPCODE	E399	11	0.000012
OPCODE	51C6	11	0.000012
OPCODE	48E0	11	0.000012
OPCODE	3607	11	0.000012
OPCODE	A01F	11	0.000012
OPCODE	6E54	11	0.000012
OPCODE	A9C6	11	0.000012
OPCODE	3D01	11	0.000012
OPCODE	34BC	11	0.000012
OPCODE	7404	11	0.000012
OPCODE	A9E3	11	0.000012
OPCODE	7088	11	0.000012
OPCODE	760F	11	0.000012
OPCODE	E349	11	0.000012
OPCODE	67CC	11	0.000012
OPCODE	E291	11	0.000012
OPCODE	D483	11	0.000012
OPCODE	56E7	11	0.000012
OPCODE	3F1E	11	0.000012
OPCODE	47D4	11	0.000012
OPCODE	0A3C	11	0.000012
OPCODE	965F	11	0.000012
OPCODE	E680	11	0.000012
OPCODE	AA31	11	0.000012
OPCODE	B4A9	11	0.000012
OPCODE	DDC1	11	0.000012
OPCODE	DA80	11	0.000012
OPCODE	E44C	11	0.000012
OPCODE	A068	11	0.000012
OPCODE	5A40	11	0.000012
OPCODE	284D	11	0.000012
OPCODE	B097	11	0.000012
OPCODE	7AFC	11	0.000012
OPCODE	C6C0	10	0.000010
OPCODE	61C0	10	0.000010
OPCODE	A99B	10	0.000010
OPCODE	907C	10	0.000010
OPCODE	9168	10	0.000010
OPCODE	B740	10	0.000010
OPCODE	B073	10	0.000010
OPCODE	A878	10	0.000010
OPCODE	3347	10	0.000010
OPCODE	A8A5	10	0.000010
OPCODE	6EC2	10	0.000010
OPCODE	5369	10	0.000010
OPCODE	E24A	10	0.000010
OPCODE	3A02	10	0.000010
OPCODE	A8B2	10	0.000010
OPCODE	4297	10	0.000010
OPCODE	6FB8	10	0.000010
OPCODE	47ED	10	0.000010
OPCODE	A91C	10	0.000010
OPCODE	584A	10	0.000010
OPCODE	2A7A	10	0.000010
OPCODE	B650	10	0.000010
OPCODE	AA06	10	0.000010
OPCODE	2451	10	0.000010
OPCODE	6F44	10	0.000010
OPCODE	3968	10	0.000010
OPCODE	6E1C	10	0.000010
OPCODE	2045	10	0.000010
OPCODE	24AE	10	0.000010
OPCODE	446E	10	0.000010
OPCODE	66CA	10	0.000010
OPCODE	B297	10	0.000010
OPCODE	0BC4	10	0.000010
OPCODE	94FC	10	0.000010
OPCODE	7278	10	0.000010
OPCODE	9054	10	0.000010
OPCODE	D16C	10	0.000010
OPCODE	9045	10	0.000010
OPCODE	0C15	10	0.000010
OPCODE	A90C	10	0.000010
OPCODE	1F06	10	0.000010
OPCODE	B3D7	9	0.000009
OPCODE	2E91	9	0.000009
OPCODE	1628	9	0.000009
OPCODE	2EAA	9	0.000009
OPCODE	2B4C	9	0.000009
OPCODE	2D81	9	0.000009
OPCODE	426D	9	0.000009
OPCODE	2E4B	9	0.000009
OPCODE	1A29	9	0.000009
OPCODE	A90D	9	0.000009
OPCODE	618C	9	0.000009
OPCODE	E949	9	0.000009
OPCODE	6DA2	9	0.000009
OPCODE	622A	9	0.000009
OPCODE	A81F	9	0.000009
OPCODE	E7A1	9	0.000009
OPCODE	E76C	9	0.000009
OPCODE	91CC	9	0.000009
OPCODE	A876	9	0.000009
OPCODE	214C	9	0.000009
OPCODE	3A14	9	0.000009
OPCODE	9084	9	0.000009
OPCODE	0A6E	9	0.000009
OPCODE	3E02	9	0.000009
OPCODE	2768	9	0.000009
OPCODE	A90A	9	0.000009
OPCODE	208F	9	0.000009
OPCODE	BE6C	9	0.000009
OPCODE	BE52	9	0.000009
OPCODE	D3C5	9	0.000009
OPCODE	ED6D	9	0.000009
OPCODE	22CA	9	0.000009
OPCODE	6EEA	9	0.000009
OPCODE	C8C6	9	0.000009
OPCODE	651A	9	0.000009
OPCODE	006C	9	0.000009
OPCODE	3830	9	0.000009
OPCODE	C4E8	9	0.000009
OPCODE	9480	9	0.000009
OPCODE	EDAD	9	0.000009
OPCODE	4202	9	0.000009
OPCODE	A027	9	0.000009
OPCODE	C2E9	9	0.000009
OPCODE	022F	9	0.000009
OPCODE	0251	9	0.000009
OPCODE	34AB	9	0.000009
OPCODE	E982	9	0.000009
OPCODE	A146	9	0.000009
OPCODE	52AC	9	0.000009
OPCODE	2841	9	0.000009
OPCODE	8240	9	0.000009
OPCODE	723C	9	0.000009
OPCODE	E04D	9	0.000009
OPCODE	D5C8	9	0.000009
OPCODE	AA52	9	0.000009
OPCODE	116A	9	0.000009
OPCODE	2947	9	0.000009
OPCODE	720B	9	0.000009
OPCODE	B803	9	0.000009
OPCODE	30F8	9	0.000009
OPCODE	72A9	9	0.000009
OPCODE	8151	9	0.000009
OPCODE	462F	9	0.000009
OPCODE	6770	9	0.000009
OPCODE	A9B2	9	0.000009
OPCODE	1002	9	0.000009
OPCODE	A9AF	9	0.000009
OPCODE	D7F3	8	0.000008
OPCODE	BD40	8	0.000008
OPCODE	249F	8	0.000008
OPCODE	B700	8	0.000008
OPCODE	7626	8	0.000008
OPCODE	1E12	8	0.000008
OPCODE	B454	8	0.000008
OPCODE	CCAB	8	0.000008
OPCODE	57C9	8	0.000008
OPCODE	242F	8	0.000008
OPCODE	196E	8	0.000008
OPCODE	CE03	8	0.000008
OPCODE	236A	8	0.000008
OPCODE	D053	8	0.000008
OPCODE	72FB	8	0.000008
OPCODE	CB49	8	0.000008
OPCODE	2274	8	0.000008
OPCODE	D66A	8	0.000008
OPCODE	D845	8	0.000008
OPCODE	5388	8	0.000008
OPCODE	BCAE	8	0.000008
OPCODE	49F1	8	0.000008
OPCODE	BC78	8	0.000008
OPCODE	65EA	8	0.000008
OPCODE	BC44	8	0.000008
OPCODE	B5E9	8	0.000008
OPCODE	2091	8	0.000008
OPCODE	D2E9	8	0.000008
OPCODE	20C4	8	0.000008
OPCODE	5645	8	0.000008
OPCODE	5400	8	0.000008
OPCODE	5389	8	0.000008
OPCODE	2A1D	8	0.000008
OPCODE	1F68	8	0.000008
OPCODE	BA44	8	0.000008
OPCODE	2846	8	0.000008
OPCODE	D4C5	8	0.000008
OPCODE	7015	8	0.000008
OPCODE	4877	8	0.000008
OPCODE	4850	8	0.000008
OPCODE	B9C0	8	0.000008
OPCODE	C1ED	8	0.000008
OPCODE	D605	8	0.000008
OPCODE	4CD9	8	0.000008
OPCODE	B854	8	0.000008
OPCODE	EF48	8	0.000008
OPCODE	31E1	8	0.000008
OPCODE	9557	8	0.000008
OPCODE	2F4D	8	0.000008
OPCODE	361C	8	0.000008
OPCODE	6798	8	0.000008
OPCODE	1605	8	0.000008
OPCODE	6684	8	0.000008
OPCODE	E306	8	0.000008
OPCODE	E9E8	8	0.000008
OPCODE	143B	8	0.000008
OPCODE	9357	8	0.000008
OPCODE	E3B8	8	0.000008
OPCODE	5947	8	0.000008
OPCODE	7C1E	8	0.000008
OPCODE	A928	8	0.000008
OPCODE	A923	8	0.000008
OPCODE	A922	8	0.000008
OPCODE	A162	8	0.000008
OPCODE	5A80	8	0.000008
OPCODE	5C4B	8	0.000008
OPCODE	36DC	8	0.000008
OPCODE	3884	8	0.000008
OPCODE	AA68	8	0.000008
OPCODE	5BCB	8	0.000008
OPCODE	3143	8	0.000008
OPCODE	9646	8	0.000008
OPCODE	12FC	8	0.000008
OPCODE	388B	8	0.000008
OPCODE	EF4B	8	0.000008
OPCODE	AA2A	8	0.000008
OPCODE	E241	8	0.000008
OPCODE	362F	8	0.000008
OPCODE	9647	8	0.000008
OPCODE	A040	8	0.000008
OPCODE	381D	8	0.000008
OPCODE	301C	8	0.000008
OPCODE	382F	8	0.000008
OPCODE	6184	8	0.000008
OPCODE	6164	8	0.000008
OPCODE	A908	8	0.000008
OPCODE	97D0	8	0.000008
OPCODE	7C06	8	0.000008
OPCODE	A80D	8	0.000008
OPCODE	2C44	8	0.000008
OPCODE	B286	8	0.000008
OPCODE	05C0	8	0.000008
OPCODE	2C1D	8	0.000008
OPCODE	1800	8	0.000008
OPCODE	3E38	8	0.000008
OPCODE	D8C3	8	0.000008
OPCODE	36C4	8	0.000008
OPCODE	EF6D	8	0.000008
OPCODE	D1EE	7	0.000007
OPCODE	CD38	7	0.000007
OPCODE	50C6	7	0.000007
OPCODE	31C7	7	0.000007
OPCODE	3613	7	0.000007
OPCODE	A815	7	0.000007
OPCODE	D4D2	7	0.000007
OPCODE	5187	7	0.000007
OPCODE	31C3	7	0.000007
OPCODE	20F8	7	0.000007
OPCODE	A851	7	0.000007
OPCODE	5091	7	0.000007
OPCODE	AA32	7	0.000007
OPCODE	1151	7	0.000007
OPCODE	AA43	7	0.000007
OPCODE	61AA	7	0.000007
OPCODE	A86C	7	0.000007
OPCODE	C0C4	7	0.000007
OPCODE	11D0	7	0.000007
OPCODE	A860	7	0.000007
OPCODE	11D1	7	0.000007
OPCODE	5C80	7	0.000007
OPCODE	A836	7	0.000007
OPCODE	1E31	7	0.000007
OPCODE	2086	7	0.000007
OPCODE	617C	7	0.000007
OPCODE	A11E	7	0.000007
OPCODE	A927	7	0.000007
OPCODE	6122	7	0.000007
OPCODE	9A43	7	0.000007
OPCODE	A955	7	0.000007
OPCODE	2286	7	0.000007
OPCODE	2293	7	0.000007
OPCODE	8E00	7	0.000007
OPCODE	2429	7	0.000007
OPCODE	321C	7	0.000007
OPCODE	A064	7	0.000007
OPCODE	04B8	7	0.000007
OPCODE	5302	7	0.000007
OPCODE	621E	7	0.000007
OPCODE	2692	7	0.000007
OPCODE	D0B8	7	0.000007
OPCODE	06B8	7	0.000007
OPCODE	A9A8	7	0.000007
OPCODE	9093	7	0.000007
OPCODE	0268	7	0.000007
OPCODE	528B	7	0.000007
OPCODE	BA87	7	0.000007
OPCODE	32F8	7	0.000007
OPCODE	2682	7	0.000007
OPCODE	56C5	7	0.000007
OPCODE	E259	7	0.000007
OPCODE	6070	7	0.000007
OPCODE	44C0	7	0.000007
OPCODE	588B	7	0.000007
OPCODE	51E9	7	0.000007
OPCODE	6548	7	0.000007
OPCODE	94A9	7	0.000007
OPCODE	6EE8	7	0.000007
OPCODE	2954	7	0.000007
OPCODE	6574	7	0.000007
OPCODE	B678	7	0.000007
OPCODE	DBC3	7	0.000007
OPCODE	1619	7	0.000007
OPCODE	DEB8	7	0.000007
OPCODE	78FE	7	0.000007
OPCODE	2E06	7	0.000007
OPCODE	CA38	7	0.000007
OPCODE	7C0C	7	0.000007
OPCODE	5841	7	0.000007
OPCODE	B5EE	7	0.000007
OPCODE	7C18	7	0.000007
OPCODE	B5ED	7	0.000007
OPCODE	D8C5	7	0.000007
OPCODE	1819	7	0.000007
OPCODE	5089	7	0.000007
OPCODE	316B	7	0.000007
OPCODE	DC85	7	0.000007
OPCODE	45ED	7	0.000007
OPCODE	A440	6	0.000006
OPCODE	2702	6	0.000006
OPCODE	2A6A	6	0.000006
OPCODE	A8E7	6	0.000006
OPCODE	D2BC	6	0.000006
OPCODE	66BE	6	0.000006
OPCODE	A402	6	0.000006
OPCODE	3E18	6	0.000006
OPCODE	1801	6	0.000006
OPCODE	A8ED	6	0.000006
OPCODE	1740	6	0.000006
OPCODE	DA44	6	0.000006
OPCODE	2760	6	0.000006
OPCODE	B5D0	6	0.000006
OPCODE	E946	6	0.000006
OPCODE	3A28	6	0.000006
OPCODE	66B8	6	0.000006
OPCODE	3A18	6	0.000006
OPCODE	E4A1	6	0.000006
OPCODE	D78C	6	0.000006
OPCODE	9EC4	6	0.000006
OPCODE	92C4	6	0.000006
OPCODE	BE68	6	0.000006
OPCODE	D078	6	0.000006
OPCODE	9207	6	0.000006
OPCODE	C4C5	6	0.000006
OPCODE	E668	6	0.000006
OPCODE	6198	6	0.000006
OPCODE	376C	6	0.000006
OPCODE	6D32	6	0.000006
OPCODE	36AE	6	0.000006
OPCODE	D1E8	6	0.000006
OPCODE	A821	6	0.000006
OPCODE	1941	6	0.000006
OPCODE	6B52	6	0.000006
OPCODE	C4C6	6	0.000006
OPCODE	61B2	6	0.000006
OPCODE	C0C6	6	0.000006
OPCODE	91AC	6	0.000006
OPCODE	0890	6	0.000006
OPCODE	CBC0	6	0.000006
OPCODE	0887	6	0.000006
OPCODE	7806	6	0.000006
OPCODE	78F8	6	0.000006
OPCODE	0C12	6	0.000006
OPCODE	4469	6	0.000006
OPCODE	D96C	6	0.000006
OPCODE	0644	6	0.000006
OPCODE	0A33	6	0.000006
OPCODE	C05A	6	0.000006
OPCODE	3D55	6	0.000006
OPCODE	50C5	6	0.000006
OPCODE	53AE	6	0.000006
OPCODE	4C41	6	0.000006
OPCODE	1882	6	0.000006
OPCODE	D26E	6	0.000006
OPCODE	3332	6	0.000006
OPCODE	0A30	6	0.000006
OPCODE	1A10	6	0.000006
OPCODE	6D2A	6	0.000006
OPCODE	3345	6	0.000006
OPCODE	08EE	6	0.000006
OPCODE	6E30	6	0.000006
OPCODE	93E8	6	0.000006
OPCODE	EB80	6	0.000006
OPCODE	21E8	6	0.000006
OPCODE	E05A	6	0.000006
OPCODE	BA29	6	0.000006
OPCODE	80BC	6	0.000006
OPCODE	1414	6	0.000006
OPCODE	306A	6	0.000006
OPCODE	6E72	6	0.000006
OPCODE	3943	6	0.000006
OPCODE	0204	6	0.000006
OPCODE	802D	6	0.000006
OPCODE	740A	6	0.000006
OPCODE	C8C1	6	0.000006
OPCODE	7244	6	0.000006
OPCODE	C2AB	6	0.000006
OPCODE	7246	6	0.000006
OPCODE	6E10	6	0.000006
OPCODE	5701	6	0.000006
OPCODE	7209	6	0.000006
OPCODE	DE46	6	0.000006
OPCODE	9969	6	0.000006
OPCODE	CCC1	6	0.000006
OPCODE	5AEE	6	0.000006
OPCODE	30B8	6	0.000006
OPCODE	D593	6	0.000006
OPCODE	6C30	6	0.000006
OPCODE	1320	6	0.000006
OPCODE	3F1A	6	0.000006
OPCODE	C441	6	0.000006
OPCODE	3F20	6	0.000006
OPCODE	1171	6	0.000006
OPCODE	C840	6	0.000006
OPCODE	2247	6	0.000006
OPCODE	6B32	6	0.000006
OPCODE	6356	6	0.000006
OPCODE	A09D	6	0.000006
OPCODE	6FB6	6	0.000006
OPCODE	1631	6	0.000006
OPCODE	16BC	6	0.000006
OPCODE	A0A4	6	0.000006
OPCODE	E342	6	0.000006
OPCODE	C401	6	0.000006
OPCODE	6120	6	0.000006
OPCODE	F35F	6	0.000006
OPCODE	D768	6	0.000006
OPCODE	E445	6	0.000006
OPCODE	6CBC	6	0.000006
OPCODE	BE45	6	0.000006
OPCODE	A943	6	0.000006
OPCODE	3618	6	0.000006
OPCODE	1431	6	0.000006
OPCODE	7E94	6	0.000006
OPCODE	E2A0	6	0.000006
OPCODE	DC47	6	0.000006
OPCODE	E0A1	6	0.000006
OPCODE	A9DA	6	0.000006
OPCODE	6C4C	6	0.000006
OPCODE	0C9F	6	0.000006
OPCODE	D0C1	6	0.000006
OPCODE	28AB	6	0.000006
OPCODE	8CEE	6	0.000006
OPCODE	4263	6	0.000006
OPCODE	5254	5	0.000005
OPCODE	EE49	5	0.000005
OPCODE	362B	5	0.000005
OPCODE	D1AB	5	0.000005
OPCODE	A833	5	0.000005
OPCODE	5042	5	0.000005
OPCODE	5328	5	0.000005
OPCODE	D0EF	5	0.000005
OPCODE	A128	5	0.000005
OPCODE	C218	5	0.000005
OPCODE	362D	5	0.000005
OPCODE	387C	5	0.000005
OPCODE	5301	5	0.000005
OPCODE	022C	5	0.000005
OPCODE	640C	5	0.000005
OPCODE	A80C	5	0.000005
OPCODE	240C	5	0.000005
OPCODE	66C6	5	0.000005
OPCODE	A039	5	0.000005
OPCODE	9E6E	5	0.000005
OPCODE	A000	5	0.000005
OPCODE	3568	5	0.000005
OPCODE	C189	5	0.000005
OPCODE	5041	5	0.000005
OPCODE	AA1F	5	0.000005
OPCODE	1E28	5	0.000005
OPCODE	1206	5	0.000005
OPCODE	11EF	5	0.000005
OPCODE	31AE	5	0.000005
OPCODE	6036	5	0.000005
OPCODE	AA2D	5	0.000005
OPCODE	AA2B	5	0.000005
OPCODE	AA29	5	0.000005
OPCODE	AA28	5	0.000005
OPCODE	AA24	5	0.000005
OPCODE	E069	5	0.000005
OPCODE	AA18	5	0.000005
OPCODE	892B	5	0.000005
OPCODE	1083	5	0.000005
OPCODE	103C	5	0.000005
OPCODE	1F6A	5	0.000005
OPCODE	A9E2	5	0.000005
OPCODE	6C4A	5	0.000005
OPCODE	A9BA	5	0.000005
OPCODE	A9A3	5	0.000005
OPCODE	A9A1	5	0.000005
OPCODE	7606	5	0.000005
OPCODE	B450	5	0.000005
OPCODE	1942	5	0.000005
OPCODE	76EB	5	0.000005
OPCODE	78E0	5	0.000005
OPCODE	B3EE	5	0.000005
OPCODE	002A	5	0.000005
OPCODE	002C	5	0.000005
OPCODE	B2AC	5	0.000005
OPCODE	7A08	5	0.000005
OPCODE	7A9D	5	0.000005
OPCODE	7019	5	0.000005
OPCODE	162E	5	0.000005
OPCODE	2EA9	5	0.000005
OPCODE	4253	5	0.000005
OPCODE	7416	5	0.000005
OPCODE	B08B	5	0.000005
OPCODE	B7D2	5	0.000005
OPCODE	1D6C	5	0.000005
OPCODE	B7F8	5	0.000005
OPCODE	315F	5	0.000005
OPCODE	B840	5	0.000005
OPCODE	7032	5	0.000005
OPCODE	A90E	5	0.000005
OPCODE	9A47	5	0.000005
OPCODE	9047	5	0.000005
OPCODE	5497	5	0.000005
OPCODE	7036	5	0.000005
OPCODE	3E14	5	0.000005
OPCODE	905F	5	0.000005
OPCODE	0C02	5	0.000005
OPCODE	C045	5	0.000005
OPCODE	50EA	5	0.000005
OPCODE	2024	5	0.000005
OPCODE	20DA	5	0.000005
OPCODE	2670	5	0.000005
OPCODE	90AD	5	0.000005
OPCODE	A886	5	0.000005
OPCODE	A885	5	0.000005
OPCODE	08AF	5	0.000005
OPCODE	D1CE	5	0.000005
OPCODE	6D36	5	0.000005
OPCODE	6D4A	5	0.000005
OPCODE	6D58	5	0.000005
OPCODE	A90F	5	0.000005
OPCODE	60AC	5	0.000005
OPCODE	70AB	5	0.000005
OPCODE	A992	5	0.000005
OPCODE	A990	5	0.000005
OPCODE	0C85	5	0.000005
OPCODE	A96D	5	0.000005
OPCODE	205C	5	0.000005
OPCODE	9A40	5	0.000005
OPCODE	6764	5	0.000005
OPCODE	A91F	5	0.000005
OPCODE	613E	5	0.000005
OPCODE	C82B	5	0.000005
OPCODE	D36C	5	0.000005
OPCODE	614C	5	0.000005
OPCODE	0C29	5	0.000005
OPCODE	BE9A	5	0.000005
OPCODE	D354	5	0.000005
OPCODE	51F8	4	0.000004
OPCODE	0069	4	0.000004
OPCODE	EEEE	4	0.000004
OPCODE	6452	4	0.000004
OPCODE	6E76	4	0.000004
OPCODE	6E7E	4	0.000004
OPCODE	CD4B	4	0.000004
OPCODE	651E	4	0.000004
OPCODE	9794	4	0.000004
OPCODE	1D41	4	0.000004
OPCODE	2061	4	0.000004
OPCODE	205E	4	0.000004
OPCODE	D3E9	4	0.000004
OPCODE	0CB1	4	0.000004
OPCODE	608A	4	0.000004
OPCODE	1031	4	0.000004
OPCODE	10DA	4	0.000004
OPCODE	56E8	4	0.000004
OPCODE	1E2C	4	0.000004
OPCODE	E059	4	0.000004
OPCODE	6AF6	4	0.000004
OPCODE	1E14	4	0.000004
OPCODE	1383	4	0.000004
OPCODE	0C57	4	0.000004
OPCODE	59AC	4	0.000004
OPCODE	6B24	4	0.000004
OPCODE	594B	4	0.000004
OPCODE	D6C1	4	0.000004
OPCODE	1C1F	4	0.000004
OPCODE	6B2C	4	0.000004
OPCODE	16C1	4	0.000004
OPCODE	D7EB	4	0.000004
OPCODE	6B48	4	0.000004
OPCODE	1A13	4	0.000004
OPCODE	6B60	4	0.000004
OPCODE	6B58	4	0.000004
OPCODE	1946	4	0.000004
OPCODE	03C2	4	0.000004
OPCODE	EDC1	4	0.000004
OPCODE	ECE8	4	0.000004
OPCODE	6E4E	4	0.000004
OPCODE	6E42	4	0.000004
OPCODE	6332	4	0.000004
OPCODE	2213	4	0.000004
OPCODE	21E1	4	0.000004
OPCODE	0229	4	0.000004
OPCODE	EA50	4	0.000004
OPCODE	D099	4	0.000004
OPCODE	6DF4	4	0.000004
OPCODE	21CD	4	0.000004
OPCODE	66A6	4	0.000004
OPCODE	EDE8	4	0.000004
OPCODE	E849	4	0.000004
OPCODE	61D6	4	0.000004
OPCODE	E6AD	4	0.000004
OPCODE	E6AC	4	0.000004
OPCODE	D26C	4	0.000004
OPCODE	0A44	4	0.000004
OPCODE	616E	4	0.000004
OPCODE	D299	4	0.000004
OPCODE	20AD	4	0.000004
OPCODE	D2E8	4	0.000004
OPCODE	6166	4	0.000004
OPCODE	D373	4	0.000004
OPCODE	2629	4	0.000004
OPCODE	B285	4	0.000004
OPCODE	2558	4	0.000004
OPCODE	4BF9	4	0.000004
OPCODE	2D08	4	0.000004
OPCODE	B3C5	4	0.000004
OPCODE	4A9C	4	0.000004
OPCODE	B46A	4	0.000004
OPCODE	2B48	4	0.000004
OPCODE	4274	4	0.000004
OPCODE	4457	4	0.000004
OPCODE	3687	4	0.000004
OPCODE	B491	4	0.000004
OPCODE	3685	4	0.000004
OPCODE	2A4A	4	0.000004
OPCODE	4A6F	4	0.000004
OPCODE	7609	4	0.000004
OPCODE	2646	4	0.000004
OPCODE	C242	4	0.000004
OPCODE	A207	4	0.000004
OPCODE	36C3	4	0.000004
OPCODE	2E4A	4	0.000004
OPCODE	A20C	4	0.000004
OPCODE	24EE	4	0.000004
OPCODE	A23C	4	0.000004
OPCODE	B212	4	0.000004
OPCODE	3034	4	0.000004
OPCODE	3084	4	0.000004
OPCODE	B06F	4	0.000004
OPCODE	C2EE	4	0.000004
OPCODE	B029	4	0.000004
OPCODE	3F68	4	0.000004
OPCODE	3178	4	0.000004
OPCODE	47EF	4	0.000004
OPCODE	2774	4	0.000004
OPCODE	A001	4	0.000004
OPCODE	A00A	4	0.000004
OPCODE	A011	4	0.000004
OPCODE	2750	4	0.000004
OPCODE	2741	4	0.000004
OPCODE	C007	4	0.000004
OPCODE	2829	4	0.000004
OPCODE	26CC	4	0.000004
OPCODE	BA83	4	0.000004
OPCODE	BA82	4	0.000004
OPCODE	26CA	4	0.000004
OPCODE	26C5	4	0.000004
OPCODE	9E8B	4	0.000004
OPCODE	26C2	4	0.000004
OPCODE	6EDA	4	0.000004
OPCODE	268A	4	0.000004
OPCODE	34EE	4	0.000004
OPCODE	C05F	4	0.000004
OPCODE	3957	4	0.000004
OPCODE	722C	4	0.000004
OPCODE	702B	4	0.000004
OPCODE	4641	4	0.000004
OPCODE	2671	4	0.000004
OPCODE	702A	4	0.000004
OPCODE	2945	4	0.000004
OPCODE	727F	4	0.000004
OPCODE	9CAB	4	0.000004
OPCODE	B6A9	4	0.000004
OPCODE	2A38	4	0.000004
OPCODE	B5F8	4	0.000004
OPCODE	5147	4	0.000004
OPCODE	2457	4	0.000004
OPCODE	9A41	4	0.000004
OPCODE	6F34	4	0.000004
OPCODE	242D	4	0.000004
OPCODE	36C7	4	0.000004
OPCODE	A8DA	4	0.000004
OPCODE	8800	4	0.000004
OPCODE	A877	4	0.000004
OPCODE	241D	4	0.000004
OPCODE	2338	4	0.000004
OPCODE	2344	4	0.000004
OPCODE	3E01	4	0.000004
OPCODE	3D9F	4	0.000004
OPCODE	9254	4	0.000004
OPCODE	8D90	4	0.000004
OPCODE	2369	4	0.000004
OPCODE	50C1	4	0.000004
OPCODE	3346	4	0.000004
OPCODE	237C	4	0.000004
OPCODE	A8AA	4	0.000004
OPCODE	3E91	4	0.000004
OPCODE	3338	4	0.000004
OPCODE	A9A4	4	0.000004
OPCODE	A999	4	0.000004
OPCODE	C745	4	0.000004
OPCODE	A99A	4	0.000004
OPCODE	A8DB	4	0.000004
OPCODE	3F32	4	0.000004
OPCODE	22FC	4	0.000004
OPCODE	A81A	4	0.000004
OPCODE	A823	4	0.000004
OPCODE	A919	4	0.000004
OPCODE	CAA9	4	0.000004
OPCODE	3417	4	0.000004
OPCODE	97AC	4	0.000004
OPCODE	6776	3	0.000003
OPCODE	5588	3	0.000003
OPCODE	7252	3	0.000003
OPCODE	A915	3	0.000003
OPCODE	A8AD	3	0.000003
OPCODE	D3EE	3	0.000003
OPCODE	B810	3	0.000003
OPCODE	665C	3	0.000003
OPCODE	A910	3	0.000003
OPCODE	5744	3	0.000003
OPCODE	0110	3	0.000003
OPCODE	B7EA	3	0.000003
OPCODE	1D46	3	0.000003
OPCODE	D6D0	3	0.000003
OPCODE	3B7C	3	0.000003
OPCODE	7046	3	0.000003
OPCODE	70DC	3	0.000003
OPCODE	6176	3	0.000003
OPCODE	E3AA	3	0.000003
OPCODE	6138	3	0.000003
OPCODE	A937	3	0.000003
OPCODE	48E8	3	0.000003
OPCODE	A91B	3	0.000003
OPCODE	4879	3	0.000003
OPCODE	2015	3	0.000003
OPCODE	B9EA	3	0.000003
OPCODE	B868	3	0.000003
OPCODE	2888	3	0.000003
OPCODE	A906	3	0.000003
OPCODE	631A	3	0.000003
OPCODE	1F1A	3	0.000003
OPCODE	49D0	3	0.000003
OPCODE	0C86	3	0.000003
OPCODE	1F03	3	0.000003
OPCODE	723A	3	0.000003
OPCODE	0C93	3	0.000003
OPCODE	3045	3	0.000003
OPCODE	7A07	3	0.000003
OPCODE	B287	3	0.000003
OPCODE	2E04	3	0.000003
OPCODE	3378	3	0.000003
OPCODE	DA90	3	0.000003
OPCODE	8644	3	0.000003
OPCODE	E76D	3	0.000003
OPCODE	91EE	3	0.000003
OPCODE	2E89	3	0.000003
OPCODE	61D0	3	0.000003
OPCODE	7E04	3	0.000003
OPCODE	4233	3	0.000003
OPCODE	E98E	3	0.000003
OPCODE	306D	3	0.000003
OPCODE	80C4	3	0.000003
OPCODE	308B	3	0.000003
OPCODE	6276	3	0.000003
OPCODE	5B40	3	0.000003
OPCODE	A81D	3	0.000003
OPCODE	41D6	3	0.000003
OPCODE	DEC4	3	0.000003
OPCODE	622E	3	0.000003
OPCODE	30E4	3	0.000003
OPCODE	316D	3	0.000003
OPCODE	6A24	3	0.000003
OPCODE	3498	3	0.000003
OPCODE	7608	3	0.000003
OPCODE	1B43	3	0.000003
OPCODE	E648	3	0.000003
OPCODE	E64C	3	0.000003
OPCODE	1A2C	3	0.000003
OPCODE	D7D0	3	0.000003
OPCODE	7618	3	0.000003
OPCODE	A87F	3	0.000003
OPCODE	618A	3	0.000003
OPCODE	08D0	3	0.000003
OPCODE	08C5	3	0.000003
OPCODE	0310	3	0.000003
OPCODE	7410	3	0.000003
OPCODE	D884	3	0.000003
OPCODE	2B53	3	0.000003
OPCODE	67EC	3	0.000003
OPCODE	D886	3	0.000003
OPCODE	1947	3	0.000003
OPCODE	0382	3	0.000003
OPCODE	A071	3	0.000003
OPCODE	B3EB	3	0.000003
OPCODE	AA1D	3	0.000003
OPCODE	2C4C	3	0.000003
OPCODE	D96E	3	0.000003
OPCODE	182F	3	0.000003
OPCODE	6F3C	3	0.000003
OPCODE	C8AE	3	0.000003
OPCODE	C894	3	0.000003
OPCODE	2476	3	0.000003
OPCODE	C017	3	0.000003
OPCODE	9846	3	0.000003
OPCODE	9862	3	0.000003
OPCODE	6514	3	0.000003
OPCODE	9E85	3	0.000003
OPCODE	CEC6	3	0.000003
OPCODE	EDA8	3	0.000003
OPCODE	9E84	3	0.000003
OPCODE	5446	3	0.000003
OPCODE	C6FC	3	0.000003
OPCODE	6F60	3	0.000003
OPCODE	20D2	3	0.000003
OPCODE	227C	3	0.000003
OPCODE	C2DF	3	0.000003
OPCODE	2617	3	0.000003
OPCODE	C12C	3	0.000003
OPCODE	4CED	3	0.000003
OPCODE	3622	3	0.000003
OPCODE	C2BC	3	0.000003
OPCODE	2276	3	0.000003
OPCODE	508B	3	0.000003
OPCODE	D16A	3	0.000003
OPCODE	9C83	3	0.000003
OPCODE	7042	3	0.000003
OPCODE	214E	3	0.000003
OPCODE	D0EA	3	0.000003
OPCODE	D0D0	3	0.000003
OPCODE	9EC3	3	0.000003
OPCODE	6F4A	3	0.000003
OPCODE	0068	3	0.000003
OPCODE	21C2	3	0.000003
OPCODE	6D4E	3	0.000003
OPCODE	CC6B	3	0.000003
OPCODE	97CA	3	0.000003
OPCODE	5500	3	0.000003
OPCODE	EC08	3	0.000003
OPCODE	CA2B	3	0.000003
OPCODE	6FF8	3	0.000003
OPCODE	6454	3	0.000003
OPCODE	D2D8	3	0.000003
OPCODE	9A80	3	0.000003
OPCODE	9662	3	0.000003
OPCODE	626E	2	0.000002
OPCODE	12DB	2	0.000002
OPCODE	E09B	2	0.000002
OPCODE	DEBC	2	0.000002
OPCODE	528A	2	0.000002
OPCODE	A71E	2	0.000002
OPCODE	82AE	2	0.000002
OPCODE	12AA	2	0.000002
OPCODE	3144	2	0.000002
OPCODE	6226	2	0.000002
OPCODE	DFED	2	0.000002
OPCODE	A804	2	0.000002
OPCODE	122F	2	0.000002
OPCODE	122E	2	0.000002
OPCODE	8283	2	0.000002
OPCODE	6F62	2	0.000002
OPCODE	6A56	2	0.000002
OPCODE	E089	2	0.000002
OPCODE	E847	2	0.000002
OPCODE	B0BA	2	0.000002
OPCODE	046C	2	0.000002
OPCODE	A346	2	0.000002
OPCODE	2EAB	2	0.000002
OPCODE	B1EF	2	0.000002
OPCODE	B1ED	2	0.000002
OPCODE	E942	2	0.000002
OPCODE	B1DF	2	0.000002
OPCODE	425A	2	0.000002
OPCODE	0482	2	0.000002
OPCODE	0494	2	0.000002
OPCODE	0081	2	0.000002
OPCODE	B141	2	0.000002
OPCODE	2F61	2	0.000002
OPCODE	A41C	2	0.000002
OPCODE	A43C	2	0.000002
OPCODE	B07A	2	0.000002
OPCODE	B0B0	2	0.000002
OPCODE	6B20	2	0.000002
OPCODE	7E27	2	0.000002
OPCODE	A461	2	0.000002
OPCODE	B0A0	2	0.000002
OPCODE	A854	2	0.000002
OPCODE	5990	2	0.000002
OPCODE	24D5	2	0.000002
OPCODE	C293	2	0.000002
OPCODE	DE42	2	0.000002
OPCODE	64EC	2	0.000002
OPCODE	21CF	2	0.000002
OPCODE	1403	2	0.000002
OPCODE	80D7	2	0.000002
OPCODE	D09F	2	0.000002
OPCODE	2380	2	0.000002
OPCODE	51AE	2	0.000002
OPCODE	3292	2	0.000002
OPCODE	CE45	2	0.000002
OPCODE	228A	2	0.000002
OPCODE	E587	2	0.000002
OPCODE	908A	2	0.000002
OPCODE	6EBA	2	0.000002
OPCODE	A897	2	0.000002
OPCODE	CCA9	2	0.000002
OPCODE	A9C3	2	0.000002
OPCODE	0CAB	2	0.000002
OPCODE	A896	2	0.000002
OPCODE	90AA	2	0.000002
OPCODE	C6C2	2	0.000002
OPCODE	0900	2	0.000002
OPCODE	E28B	2	0.000002
OPCODE	3D51	2	0.000002
OPCODE	8D93	2	0.000002
OPCODE	3208	2	0.000002
OPCODE	6588	2	0.000002
OPCODE	E408	2	0.000002
OPCODE	A95D	2	0.000002
OPCODE	A956	2	0.000002
OPCODE	323A	2	0.000002
OPCODE	9030	2	0.000002
OPCODE	22EF	2	0.000002
OPCODE	A92D	2	0.000002
OPCODE	A904	2	0.000002
OPCODE	22CD	2	0.000002
OPCODE	A909	2	0.000002
OPCODE	22E9	2	0.000002
OPCODE	3212	2	0.000002
OPCODE	3F21	2	0.000002
OPCODE	5F40	2	0.000002
OPCODE	91CE	2	0.000002
OPCODE	AA41	2	0.000002
OPCODE	2231	2	0.000002
OPCODE	116E	2	0.000002
OPCODE	E908	2	0.000002
OPCODE	A852	2	0.000002
OPCODE	AA48	2	0.000002
OPCODE	6F38	2	0.000002
OPCODE	C3FC	2	0.000002
OPCODE	9243	2	0.000002
OPCODE	248B	2	0.000002
OPCODE	6A1C	2	0.000002
OPCODE	E7B8	2	0.000002
OPCODE	5257	2	0.000002
OPCODE	6F50	2	0.000002
OPCODE	82F8	2	0.000002
OPCODE	6F20	2	0.000002
OPCODE	10E9	2	0.000002
OPCODE	C4EE	2	0.000002
OPCODE	10D1	2	0.000002
OPCODE	10C2	2	0.000002
OPCODE	3F17	2	0.000002
OPCODE	E246	2	0.000002
OPCODE	240D	2	0.000002
OPCODE	A87D	2	0.000002
OPCODE	607A	2	0.000002
OPCODE	3F13	2	0.000002
OPCODE	A9F1	2	0.000002
OPCODE	C681	2	0.000002
OPCODE	3EBC	2	0.000002
OPCODE	101A	2	0.000002
OPCODE	6D2C	2	0.000002
OPCODE	668A	2	0.000002
OPCODE	4A58	2	0.000002
OPCODE	2971	2	0.000002
OPCODE	7026	2	0.000002
OPCODE	B7C4	2	0.000002
OPCODE	3680	2	0.000002
OPCODE	B7DF	2	0.000002
OPCODE	A059	2	0.000002
OPCODE	B66D	2	0.000002
OPCODE	A058	2	0.000002
OPCODE	2657	2	0.000002
OPCODE	9CFA	2	0.000002
OPCODE	D25F	2	0.000002
OPCODE	6C1C	2	0.000002
OPCODE	640E	2	0.000002
OPCODE	2672	2	0.000002
OPCODE	1B54	2	0.000002
OPCODE	7628	2	0.000002
OPCODE	7615	2	0.000002
OPCODE	2A61	2	0.000002
OPCODE	701B	2	0.000002
OPCODE	760A	2	0.000002
OPCODE	701D	2	0.000002
OPCODE	D1D0	2	0.000002
OPCODE	C0AA	2	0.000002
OPCODE	20E9	2	0.000002
OPCODE	6BD6	2	0.000002
OPCODE	6BD8	2	0.000002
OPCODE	B5F3	2	0.000002
OPCODE	2148	2	0.000002
OPCODE	0300	2	0.000002
OPCODE	2A42	2	0.000002
OPCODE	7440	2	0.000002
OPCODE	EB5A	2	0.000002
OPCODE	49C0	2	0.000002
OPCODE	20AC	2	0.000002
OPCODE	9EA8	2	0.000002
OPCODE	63F0	2	0.000002
OPCODE	274A	2	0.000002
OPCODE	2752	2	0.000002
OPCODE	A004	2	0.000002
OPCODE	276A	2	0.000002
OPCODE	D2C3	2	0.000002
OPCODE	BCA8	2	0.000002
OPCODE	BCAC	2	0.000002
OPCODE	BE28	2	0.000002
OPCODE	D3C3	2	0.000002
OPCODE	EB98	2	0.000002
OPCODE	EBD7	2	0.000002
OPCODE	2083	2	0.000002
OPCODE	7034	2	0.000002
OPCODE	A051	2	0.000002
OPCODE	6C28	2	0.000002
OPCODE	7236	2	0.000002
OPCODE	2687	2	0.000002
OPCODE	93C0	2	0.000002
OPCODE	D283	2	0.000002
OPCODE	288A	2	0.000002
OPCODE	5447	2	0.000002
OPCODE	4CEA	2	0.000002
OPCODE	1F29	2	0.000002
OPCODE	BA46	2	0.000002
OPCODE	70F7	2	0.000002
OPCODE	A02F	2	0.000002
OPCODE	D4B8	2	0.000002
OPCODE	A02B	2	0.000002
OPCODE	BAA8	2	0.000002
OPCODE	2609	2	0.000002
OPCODE	5894	2	0.000002
OPCODE	D183	2	0.000002
OPCODE	5351	2	0.000002
OPCODE	92B8	2	0.000002
OPCODE	2D74	2	0.000002
OPCODE	2B6E	2	0.000002
OPCODE	B298	2	0.000002
OPCODE	780D	2	0.000002
OPCODE	B2AF	2	0.000002
OPCODE	1943	2	0.000002
OPCODE	66B4	2	0.000002
OPCODE	C1AC	2	0.000002
OPCODE	EF4A	2	0.000002
OPCODE	6B46	2	0.000002
OPCODE	03C0	2	0.000002
OPCODE	A079	2	0.000002
OPCODE	18AD	2	0.000002
OPCODE	2A90	2	0.000002
OPCODE	C193	2	0.000002
OPCODE	9AAE	2	0.000002
OPCODE	B3E8	2	0.000002
OPCODE	260A	2	0.000002
OPCODE	66AE	2	0.000002
OPCODE	D954	2	0.000002
OPCODE	2C4F	2	0.000002
OPCODE	C192	2	0.000002
OPCODE	0454	2	0.000002
OPCODE	7CEA	2	0.000002
OPCODE	767E	2	0.000002
OPCODE	2B4A	2	0.000002
OPCODE	B46D	2	0.000002
OPCODE	7C0D	2	0.000002
OPCODE	6B36	2	0.000002
OPCODE	C0EE	2	0.000002
OPCODE	EF09	2	0.000002
OPCODE	B241	2	0.000002
OPCODE	219F	2	0.000002
OPCODE	6B40	2	0.000002
OPCODE	7017	2	0.000002
OPCODE	254C	2	0.000002
OPCODE	6430	2	0.000002
OPCODE	215A	2	0.000002
OPCODE	93C1	1	0.000001
OPCODE	0028	1	0.000001
OPCODE	EC88	1	0.000001
OPCODE	3D6C	1	0.000001
OPCODE	A080	1	0.000001
OPCODE	6322	1	0.000001
OPCODE	908C	1	0.000001
OPCODE	A033	1	0.000001
OPCODE	A03B	1	0.000001
OPCODE	A51E	1	0.000001
OPCODE	6374	1	0.000001
OPCODE	9FC0	1	0.000001
OPCODE	3E08	1	0.000001
OPCODE	3614	1	0.000001
OPCODE	65E0	1	0.000001
OPCODE	6178	1	0.000001
OPCODE	A1A4	1	0.000001
OPCODE	356A	1	0.000001
OPCODE	616A	1	0.000001
OPCODE	3284	1	0.000001
OPCODE	0646	1	0.000001
OPCODE	617E	1	0.000001
OPCODE	908B	1	0.000001
OPCODE	382D	1	0.000001
OPCODE	642C	1	0.000001
OPCODE	3A1C	1	0.000001
OPCODE	946D	1	0.000001
OPCODE	0086	1	0.000001
OPCODE	01F1	1	0.000001
OPCODE	966D	1	0.000001
OPCODE	6498	1	0.000001
OPCODE	9C6A	1	0.000001
OPCODE	36AA	1	0.000001
OPCODE	A05F	1	0.000001
OPCODE	9A6A	1	0.000001
OPCODE	96FC	1	0.000001
OPCODE	02AC	1	0.000001
OPCODE	34AE	1	0.000001
OPCODE	A84A	1	0.000001
OPCODE	EE98	1	0.000001
OPCODE	A801	1	0.000001
OPCODE	3B43	1	0.000001
OPCODE	0047	1	0.000001
OPCODE	61E6	1	0.000001
OPCODE	64F2	1	0.000001
OPCODE	34A8	1	0.000001
OPCODE	0704	1	0.000001
OPCODE	3C05	1	0.000001
OPCODE	382B	1	0.000001
OPCODE	A805	1	0.000001
OPCODE	9A69	1	0.000001
OPCODE	A807	1	0.000001
OPCODE	07B2	1	0.000001
OPCODE	EFEB	1	0.000001
OPCODE	07F2	1	0.000001
OPCODE	0090	1	0.000001
OPCODE	3741	1	0.000001
OPCODE	9E40	1	0.000001
OPCODE	A746	1	0.000001
OPCODE	34C5	1	0.000001
OPCODE	A880	1	0.000001
OPCODE	986B	1	0.000001
OPCODE	A87E	1	0.000001
OPCODE	986D	1	0.000001
OPCODE	006E	1	0.000001
OPCODE	90C0	1	0.000001
OPCODE	98C2	1	0.000001
OPCODE	08C1	1	0.000001
OPCODE	3B40	1	0.000001
OPCODE	6686	1	0.000001
OPCODE	066D	1	0.000001
OPCODE	9154	1	0.000001
OPCODE	9A7C	1	0.000001
OPCODE	E9D7	1	0.000001
OPCODE	A05E	1	0.000001
OPCODE	9190	1	0.000001
OPCODE	91A8	1	0.000001
OPCODE	A86F	1	0.000001
OPCODE	3C2A	1	0.000001
OPCODE	A85E	1	0.000001
OPCODE	2072	1	0.000001
OPCODE	BA6C	1	0.000001
OPCODE	6C42	1	0.000001
OPCODE	49C2	1	0.000001
OPCODE	203B	1	0.000001
OPCODE	70C0	1	0.000001
OPCODE	70A1	1	0.000001
OPCODE	554C	1	0.000001
OPCODE	D3F1	1	0.000001
OPCODE	7085	1	0.000001
OPCODE	7068	1	0.000001
OPCODE	705C	1	0.000001
OPCODE	2064	1	0.000001
OPCODE	705B	1	0.000001
OPCODE	6C3A	1	0.000001
OPCODE	BE50	1	0.000001
OPCODE	2778	1	0.000001
OPCODE	4A55	1	0.000001
OPCODE	4A57	1	0.000001
OPCODE	7038	1	0.000001
OPCODE	6CF8	1	0.000001
OPCODE	20AB	1	0.000001
OPCODE	5494	1	0.000001
OPCODE	548C	1	0.000001
OPCODE	26AE	1	0.000001
OPCODE	D294	1	0.000001
OPCODE	7035	1	0.000001
OPCODE	2957	1	0.000001
OPCODE	B429	1	0.000001
OPCODE	42B0	1	0.000001
OPCODE	42B1	1	0.000001
OPCODE	195F	1	0.000001
OPCODE	76F7	1	0.000001
OPCODE	1971	1	0.000001
OPCODE	D730	1	0.000001
OPCODE	1C1B	1	0.000001
OPCODE	44FB	1	0.000001
OPCODE	1C28	1	0.000001
OPCODE	D691	1	0.000001
OPCODE	2964	1	0.000001
OPCODE	C069	1	0.000001
OPCODE	B7E9	1	0.000001
OPCODE	D668	1	0.000001
OPCODE	B7F1	1	0.000001
OPCODE	7245	1	0.000001
OPCODE	56EF	1	0.000001
OPCODE	4697	1	0.000001
OPCODE	46AF	1	0.000001
OPCODE	721C	1	0.000001
OPCODE	B8AE	1	0.000001
OPCODE	56D8	1	0.000001
OPCODE	1F2C	1	0.000001
OPCODE	2872	1	0.000001
OPCODE	2414	1	0.000001
OPCODE	24A9	1	0.000001
OPCODE	21D7	1	0.000001
OPCODE	526F	1	0.000001
OPCODE	2493	1	0.000001
OPCODE	248C	1	0.000001
OPCODE	526A	1	0.000001
OPCODE	5269	1	0.000001
OPCODE	C3EE	1	0.000001
OPCODE	C444	1	0.000001
OPCODE	D069	1	0.000001
OPCODE	6F28	1	0.000001
OPCODE	D046	1	0.000001
OPCODE	21D3	1	0.000001
OPCODE	240B	1	0.000001
OPCODE	2264	1	0.000001
OPCODE	CEAC	1	0.000001
OPCODE	CE46	1	0.000001
OPCODE	234B	1	0.000001
OPCODE	6EEC	1	0.000001
OPCODE	CC83	1	0.000001
OPCODE	CA86	1	0.000001
OPCODE	CC53	1	0.000001
OPCODE	CC42	1	0.000001
OPCODE	51C5	1	0.000001
OPCODE	6ED8	1	0.000001
OPCODE	216D	1	0.000001
OPCODE	20E4	1	0.000001
OPCODE	5391	1	0.000001
OPCODE	7029	1	0.000001
OPCODE	2101	1	0.000001
OPCODE	211F	1	0.000001
OPCODE	7027	1	0.000001
OPCODE	D1FC	1	0.000001
OPCODE	C09F	1	0.000001
OPCODE	701C	1	0.000001
OPCODE	2152	1	0.000001
OPCODE	C0C2	1	0.000001
OPCODE	4A89	1	0.000001
OPCODE	B3F0	1	0.000001
OPCODE	2610	1	0.000001
OPCODE	6D7C	1	0.000001
OPCODE	D154	1	0.000001
OPCODE	255F	1	0.000001
OPCODE	6DEC	1	0.000001
OPCODE	C26E	1	0.000001
OPCODE	C27C	1	0.000001
OPCODE	5299	1	0.000001
OPCODE	24EB	1	0.000001
OPCODE	24E8	1	0.000001
OPCODE	C290	1	0.000001
OPCODE	24C7	1	0.000001
OPCODE	AA0E	1	0.000001
OPCODE	A9D2	1	0.000001
OPCODE	E28C	1	0.000001
OPCODE	6090	1	0.000001
OPCODE	3F08	1	0.000001
OPCODE	8A40	1	0.000001
OPCODE	89A8	1	0.000001
OPCODE	1034	1	0.000001
OPCODE	E26C	1	0.000001
OPCODE	AA00	1	0.000001
OPCODE	AA07	1	0.000001
OPCODE	1085	1	0.000001
OPCODE	AA08	1	0.000001
OPCODE	AA0D	1	0.000001
OPCODE	A9CE	1	0.000001
OPCODE	10BC	1	0.000001
OPCODE	AA1E	1	0.000001
OPCODE	6926	1	0.000001
OPCODE	1143	1	0.000001
OPCODE	1147	1	0.000001
OPCODE	6928	1	0.000001
OPCODE	AA2E	1	0.000001
OPCODE	E18A	1	0.000001
OPCODE	E182	1	0.000001
OPCODE	AA45	1	0.000001
OPCODE	5E80	1	0.000001
OPCODE	AA46	1	0.000001
OPCODE	E36A	1	0.000001
OPCODE	A914	1	0.000001
OPCODE	A916	1	0.000001
OPCODE	A92A	1	0.000001
OPCODE	8EC5	1	0.000001
OPCODE	A954	1	0.000001
OPCODE	A958	1	0.000001
OPCODE	A95F	1	0.000001
OPCODE	A969	1	0.000001
OPCODE	A96E	1	0.000001
OPCODE	A97C	1	0.000001
OPCODE	E38D	1	0.000001
OPCODE	60D0	1	0.000001
OPCODE	5D88	1	0.000001
OPCODE	A97D	1	0.000001
OPCODE	0C91	1	0.000001
OPCODE	A981	1	0.000001
OPCODE	A982	1	0.000001
OPCODE	A983	1	0.000001
OPCODE	A98B	1	0.000001
OPCODE	A991	1	0.000001
OPCODE	8C85	1	0.000001
OPCODE	60A8	1	0.000001
OPCODE	31EB	1	0.000001
OPCODE	A9C8	1	0.000001
OPCODE	A9CD	1	0.000001
OPCODE	5948	1	0.000001
OPCODE	1413	1	0.000001
OPCODE	3068	1	0.000001
OPCODE	4212	1	0.000001
OPCODE	DC8B	1	0.000001
OPCODE	3024	1	0.000001
OPCODE	3015	1	0.000001
OPCODE	14BC	1	0.000001
OPCODE	B102	1	0.000001
OPCODE	7E07	1	0.000001
OPCODE	5949	1	0.000001
OPCODE	2F24	1	0.000001
OPCODE	162A	1	0.000001
OPCODE	309A	1	0.000001
OPCODE	2E82	1	0.000001
OPCODE	7CEF	1	0.000001
OPCODE	2E81	1	0.000001
OPCODE	7CEE	1	0.000001
OPCODE	7C20	1	0.000001
OPCODE	2E0C	1	0.000001
OPCODE	D9C8	1	0.000001
OPCODE	D9C7	1	0.000001
OPCODE	B2B1	1	0.000001
OPCODE	4294	1	0.000001
OPCODE	D96A	1	0.000001
OPCODE	D938	1	0.000001
OPCODE	1213	1	0.000001
OPCODE	6A1A	1	0.000001
OPCODE	E14F	1	0.000001
OPCODE	AA92	1	0.000001
OPCODE	E14B	1	0.000001
OPCODE	AA93	1	0.000001
OPCODE	AA95	1	0.000001
OPCODE	31C1	1	0.000001
OPCODE	5C89	1	0.000001
OPCODE	AA98	1	0.000001
OPCODE	ABC0	1	0.000001
OPCODE	83FC	1	0.000001
OPCODE	E0A5	1	0.000001
OPCODE	A913	1	0.000001
OPCODE	5C47	1	0.000001
OPCODE	6A72	1	0.000001
OPCODE	8229	1	0.000001
OPCODE	3168	1	0.000001
OPCODE	315A	1	0.000001
OPCODE	3154	1	0.000001
OPCODE	81C1	1	0.000001
OPCODE	5BC6	1	0.000001
OPCODE	5BC2	1	0.000001
OPCODE	41D3	1	0.000001
OPCODE	5BC0	1	0.000001
OPCODE	309F	1	0.000001
