CONFIG_END	pc	cacr	tc
CONFIG_END	00029B88	80008000	0000C000
ENABLED_CYCLES	ic	dc	mmu
ENABLED_CYCLES	524160000	524160000	524160000
SUMMARY	cycles	dispatches	clocks_per_dispatch	rd_accept_samples	look_hit_cycles	ipred_hit_cycles
SUMMARY	524160000	94014820	5.575291	67742433	96711247	4766296
STATE	id	cycles	entries	percent
STATE	3	55201140	14457081	10.531353
STATE	4	49383409	40869748	9.421438
STATE	5	278532	278532	0.053139
STATE	8	15916269	10086787	3.036529
STATE	9	188790391	31907230	36.017703
STATE	10	76961999	21971359	14.682921
STATE	11	3231566	3231566	0.616523
STATE	13	3813314	3805559	0.727510
STATE	15	1297643	1297643	0.247566
STATE	16	825516	825516	0.157493
STATE	17	622673	622673	0.118794
STATE	18	5531	5531	0.001055
STATE	19	3444425	3444425	0.657132
STATE	20	32262323	32262323	6.155052
STATE	21	652648	652648	0.124513
STATE	22	2832025	2832025	0.540298
STATE	23	797482	797482	0.152145
STATE	24	1450965	1450965	0.276817
STATE	26	1672800	1672800	0.319139
STATE	27	1748630	1748630	0.333606
STATE	28	5398146	5398146	1.029866
STATE	29	98095	98095	0.018715
STATE	30	302665	28480	0.057743
STATE	31	577	577	0.000110
STATE	34	471108	268380	0.089879
STATE	35	268392	268392	0.051204
STATE	36	268392	268392	0.051204
STATE	37	268392	268392	0.051204
STATE	38	12	12	0.000002
STATE	39	268392	268392	0.051204
STATE	41	268392	268392	0.051204
STATE	42	268392	268392	0.051204
STATE	43	15166	15166	0.002893
STATE	44	15166	15166	0.002893
STATE	45	15166	15166	0.002893
STATE	46	15166	15166	0.002893
STATE	47	15166	15166	0.002893
STATE	48	97395	97395	0.018581
STATE	49	117	117	0.000022
STATE	51	1164143	1135867	0.222097
STATE	52	490250	490250	0.093531
STATE	53	4733737	4732533	0.903109
STATE	55	970378	970378	0.185130
STATE	56	989256	989256	0.188732
STATE	57	138924	138924	0.026504
STATE	58	343580	343580	0.065549
STATE	59	15205	15205	0.002901
STATE	62	367522	367522	0.070116
STATE	65	367520	367520	0.070116
STATE	68	1107882	1107882	0.211363
STATE	69	802901	802901	0.153179
STATE	70	4724261	4724261	0.901301
STATE	78	120099	120099	0.022913
STATE	79	120099	120099	0.022913
STATE	81	171919	171919	0.032799
STATE	82	221783	163651	0.042312
STATE	87	4181	4181	0.000798
STATE	89	2534819	2534819	0.483596
STATE	90	2534819	2534819	0.483596
STATE	91	2534819	2534819	0.483596
STATE	92	2534819	2534819	0.483596
STATE	96	2534819	2534819	0.483596
STATE	97	2534819	2534819	0.483596
STATE	98	54864	54864	0.010467
STATE	99	98095	98095	0.018715
STATE	102	304981	304981	0.058185
STATE	103	4004	4004	0.000764
STATE	104	4004	4004	0.000764
STATE	106	79782	26594	0.015221
STATE	107	299434	4181	0.057126
STATE	112	346761	346761	0.066156
STATE	113	346761	346761	0.066156
STATE	114	39566	39566	0.007548
STATE	115	6384	6384	0.001218
STATE	116	39566	39566	0.007548
STATE	117	307195	307195	0.058607
STATE	118	307195	307195	0.058607
STATE	119	3670	3670	0.000700
STATE	120	307195	307195	0.058607
STATE	121	115989	115989	0.022129
STATE	122	43	43	0.000008
STATE	129	6384	6384	0.001218
STATE	130	346761	346761	0.066156
STATE	131	346761	346761	0.066156
STATE	132	115989	115989	0.022129
STATE	133	2865299	21741	0.546646
STATE	151	30	30	0.000006
STATE	152	6	6	0.000001
STATE	153	1117	840	0.000213
STATE	154	62	62	0.000012
STATE	155	128	128	0.000024
STATE	157	16	16	0.000003
STATE	158	120	120	0.000023
STATE	160	966	273	0.000184
STATE	161	381	381	0.000073
STATE	162	536	322	0.000102
STATE	163	304	304	0.000058
STATE	164	214	214	0.000041
STATE	165	466	466	0.000089
STATE	167	18	18	0.000003
STATE	171	6	6	0.000001
STATE	173	319	319	0.000061
STATE	175	6913	188	0.001319
STATE	176	806	24	0.000154
STATE	177	40	40	0.000008
STATE	178	5347830	2146496	1.020267
STATE	179	1878184	1878184	0.358323
STATE	180	268312	268312	0.051189
STATE	181	14966	14966	0.002855
STATE	182	156	156	0.000030
STATE	183	156	156	0.000030
STATE	190	26952268	16724697	5.141993
STATE	191	12	12	0.000002
STATE	250	2032853	1487273	0.387831
MEM	name	value
MEM	mrd_cycles_cst0	78687754
MEM	mrd_cycles_cst1	10279026
MEM	mrd_cycles_cst2	15
MEM	mrd_cycles_cst4	42106986
MEM	mrd_cycles_cst5	3083711
MEM	mrd_cycles_cst6	54632899
MEM	mwr_cycles_cst0	48058000
MEM	mwr_cycles_cst1	1102966
MEM	mwr_cycles_cst4	8962197
MEM	mwr_cycles_cst5	1845060
MEM	mwr_cycles_cst6	16993776
MEM	mrd_cycles_sb_pending	12754213
MEM	mwr_cycles_sb_pending	30040916
MEM	data_tagwrite_entries	3183873
MEM	instr_tagwrite_entries	5335864
MEM	sb_push_signal_samples	29524444
MEM	sb_full_request_samples	7
MEM	read_with_store_pending_samples	2387183
MEM	pass_cycles_write	30670101
MEM	pass_cycles_read	53546302
REFILL_META	clock_sample	post_eval_rising_edge
REFILL_META	duration	C_FILL_through_C_TAGW_complete_bracket_spans_only
REFILL_META	mrd_overlap	core_state_9_and_C_FILL_same_sample
REFILL_META	states	issued_is_registered_state_local_match_is_combinational_setup_is_neither
REFILL_PARTIAL	start	0
REFILL_PARTIAL	end	0
REFILL_PARTIAL	aborted	15
REFILL_REGION	bank	region	fill_entries	fill_samples	tagwrite_samples	issued_state_samples	local_match_samples	setup_state_samples	mrd_overlap_samples	completed
REFILL_REGION	data	ram	3070169	30797472	3070163	18516808	9221253	3059411	25670253	3070163
REFILL_REGION	data	rom	113719	1080459	113710	625601	0	454858	550427	113710
REFILL_REGION	instruction	ram	2644564	26883720	2644564	16305464	7931827	2646429	6855889	2644564
REFILL_REGION	instruction	rom	2691300	27306555	2691300	16541355	0	10765200	9030417	2691300
REFILL_SAMPLE	bank	region	fill_cnt	r_issued	fill_acked	clocks
REFILL_SAMPLE	data	ram	0	0	0	3070169
REFILL_SAMPLE	data	ram	0	1	0	18516379
REFILL_SAMPLE	data	ram	1	0	0	386541
REFILL_SAMPLE	data	ram	1	0	1	2683628
REFILL_SAMPLE	data	ram	1	1	0	63
REFILL_SAMPLE	data	ram	1	1	1	80
REFILL_SAMPLE	data	ram	2	0	0	82910
REFILL_SAMPLE	data	ram	2	0	1	2987253
REFILL_SAMPLE	data	ram	2	1	1	143
REFILL_SAMPLE	data	ram	3	0	0	82910
REFILL_SAMPLE	data	ram	3	0	1	2987253
REFILL_SAMPLE	data	ram	3	1	1	143
REFILL_SAMPLE	data	rom	0	0	0	113719
REFILL_SAMPLE	data	rom	0	1	0	284471
REFILL_SAMPLE	data	rom	1	0	0	232
REFILL_SAMPLE	data	rom	1	0	1	113487
REFILL_SAMPLE	data	rom	1	1	0	223
REFILL_SAMPLE	data	rom	1	1	1	113487
REFILL_SAMPLE	data	rom	2	0	1	113710
REFILL_SAMPLE	data	rom	2	1	1	113710
REFILL_SAMPLE	data	rom	3	0	1	113710
REFILL_SAMPLE	data	rom	3	1	1	113710
REFILL_SAMPLE	instruction	ram	0	0	0	2644564
REFILL_SAMPLE	instruction	ram	0	1	0	16303463
REFILL_SAMPLE	instruction	ram	1	0	1	2644564
REFILL_SAMPLE	instruction	ram	1	1	1	667
REFILL_SAMPLE	instruction	ram	2	0	1	2644564
REFILL_SAMPLE	instruction	ram	2	1	1	667
REFILL_SAMPLE	instruction	ram	3	0	1	2644564
REFILL_SAMPLE	instruction	ram	3	1	1	667
REFILL_SAMPLE	instruction	rom	0	0	0	2691300
REFILL_SAMPLE	instruction	rom	0	1	0	8467455
REFILL_SAMPLE	instruction	rom	1	0	1	2691300
REFILL_SAMPLE	instruction	rom	1	1	1	2691300
REFILL_SAMPLE	instruction	rom	2	0	1	2691300
REFILL_SAMPLE	instruction	rom	2	1	1	2691300
REFILL_SAMPLE	instruction	rom	3	0	1	2691300
REFILL_SAMPLE	instruction	rom	3	1	1	2691300
REFILL_DURATION	bank	region	clocks	complete_fills
REFILL_DURATION	data	ram	5	11193
REFILL_DURATION	instruction	ram	5	136
REFILL_DURATION	data	rom	9	28554
REFILL_DURATION	instruction	rom	9	7739
REFILL_DURATION	data	ram	11	2936288
REFILL_DURATION	data	rom	11	84735
REFILL_DURATION	instruction	ram	11	2343986
REFILL_DURATION	instruction	rom	11	2361779
REFILL_DURATION	data	ram	12	87075
REFILL_DURATION	data	rom	12	420
REFILL_DURATION	instruction	ram	12	182984
REFILL_DURATION	instruction	rom	12	247363
REFILL_DURATION	data	ram	13	31312
REFILL_DURATION	data	rom	13	1
REFILL_DURATION	instruction	ram	13	99031
REFILL_DURATION	instruction	rom	13	64403
REFILL_DURATION	data	ram	14	4136
REFILL_DURATION	instruction	ram	14	17520
REFILL_DURATION	instruction	rom	14	8917
REFILL_DURATION	data	ram	15	44
REFILL_DURATION	instruction	ram	15	216
REFILL_DURATION	data	ram	16	70
REFILL_DURATION	instruction	ram	16	67
REFILL_DURATION	instruction	rom	16	489
REFILL_DURATION	data	ram	17	10
REFILL_DURATION	instruction	ram	17	383
REFILL_DURATION	instruction	rom	17	602
REFILL_DURATION	data	ram	18	27
REFILL_DURATION	instruction	ram	18	155
REFILL_DURATION	instruction	rom	18	8
REFILL_DURATION	data	ram	19	8
REFILL_DURATION	instruction	ram	19	66
REFILL_DURATION	instruction	ram	20	20
CACHE_STATE	id	cycles	percent
CACHE_STATE	0	321450329	61.326757
CACHE_STATE	1	21122462	4.029774
CACHE_STATE	2	15	0.000003
CACHE_STATE	4	86068206	16.420216
CACHE_STATE	5	8519737	1.625408
CACHE_STATE	6	84216403	16.066927
CACHE_STATE	7	2782848	0.530916
TRANSITION	from	to	count
TRANSITION	3	4	14456973
TRANSITION	3	34	108
TRANSITION	4	3	4632609
TRANSITION	4	8	1722182
TRANSITION	4	9	2034110
TRANSITION	4	10	243086
TRANSITION	4	11	2185695
TRANSITION	4	13	150853
TRANSITION	4	20	15433146
TRANSITION	4	34	253226
TRANSITION	4	43	15166
TRANSITION	4	48	85528
TRANSITION	4	51	125818
TRANSITION	4	53	76627
TRANSITION	4	62	243190
TRANSITION	4	65	88270
TRANSITION	4	68	843997
TRANSITION	4	78	120099
TRANSITION	4	81	110491
TRANSITION	4	87	4181
TRANSITION	4	89	2511459
TRANSITION	4	98	47370
TRANSITION	4	104	2616
TRANSITION	4	106	26594
TRANSITION	4	112	325133
TRANSITION	4	133	21741
TRANSITION	4	153	119
TRANSITION	4	167	18
TRANSITION	4	181	286
TRANSITION	4	190	8411009
TRANSITION	4	250	1155128
TRANSITION	5	3	172093
TRANSITION	5	4	54933
TRANSITION	5	20	51247
TRANSITION	5	53	6
TRANSITION	5	56	71
TRANSITION	5	181	154
TRANSITION	5	190	28
TRANSITION	8	13	3292106
TRANSITION	8	15	895632
TRANSITION	8	16	799068
TRANSITION	8	18	5531
TRANSITION	8	19	3444425
TRANSITION	8	20	839468
TRANSITION	8	48	11867
TRANSITION	8	51	251700
TRANSITION	8	53	50139
TRANSITION	8	62	117598
TRANSITION	8	68	263885
TRANSITION	8	81	61428
TRANSITION	8	89	23360
TRANSITION	8	98	7494
TRANSITION	8	104	1388
TRANSITION	8	112	21628
TRANSITION	8	153	22
TRANSITION	8	157	8
TRANSITION	8	177	40
TRANSITION	9	3	3128913
TRANSITION	9	4	8408481
TRANSITION	9	8	16208
TRANSITION	9	10	6167811
TRANSITION	9	11	134722
TRANSITION	9	13	164282
TRANSITION	9	15	8666
TRANSITION	9	17	622673
TRANSITION	9	20	5510510
TRANSITION	9	23	797341
TRANSITION	9	27	1748630
TRANSITION	9	28	3453
TRANSITION	9	42	268392
TRANSITION	9	44	15166
TRANSITION	9	45	15166
TRANSITION	9	46	15166
TRANSITION	9	49	117
TRANSITION	9	51	336752
TRANSITION	9	53	57272
TRANSITION	9	55	16342
TRANSITION	9	56	59699
TRANSITION	9	62	3461
TRANSITION	9	65	107078
TRANSITION	9	70	563784
TRANSITION	9	118	307148
TRANSITION	9	119	3670
TRANSITION	9	153	110
TRANSITION	9	160	120
TRANSITION	9	162	129
TRANSITION	9	165	130
TRANSITION	9	171	6
TRANSITION	9	175	188
TRANSITION	9	181	1670
TRANSITION	9	190	3336446
TRANSITION	9	250	87528
TRANSITION	10	3	1060791
TRANSITION	10	4	2304230
TRANSITION	10	9	2570550
TRANSITION	10	13	95270
TRANSITION	10	20	2788636
TRANSITION	10	36	268392
TRANSITION	10	37	268392
TRANSITION	10	38	12
TRANSITION	10	39	268392
TRANSITION	10	51	114244
TRANSITION	10	52	490250
TRANSITION	10	53	2885129
TRANSITION	10	55	22805
TRANSITION	10	56	131816
TRANSITION	10	57	138924
TRANSITION	10	62	3259
TRANSITION	10	65	33105
TRANSITION	10	70	3052595
TRANSITION	10	96	2534819
TRANSITION	10	122	43
TRANSITION	10	153	158
TRANSITION	10	161	381
TRANSITION	10	162	85
TRANSITION	10	165	252
TRANSITION	10	176	24
TRANSITION	10	181	1702
TRANSITION	10	183	156
TRANSITION	10	190	2692330
TRANSITION	10	250	244617
TRANSITION	11	8	1689095
TRANSITION	11	26	348998
TRANSITION	11	55	667033
TRANSITION	11	56	74978
TRANSITION	11	58	112
TRANSITION	11	59	8539
TRANSITION	11	102	157277
TRANSITION	11	117	285496
TRANSITION	11	151	30
TRANSITION	11	152	6
TRANSITION	11	155	2
TRANSITION	13	3	65492
TRANSITION	13	4	133324
TRANSITION	13	9	1980089
TRANSITION	13	10	238460
TRANSITION	13	20	336665
TRANSITION	13	22	207719
TRANSITION	13	26	487135
TRANSITION	13	51	1661
TRANSITION	13	53	623
TRANSITION	13	55	2449
TRANSITION	13	56	182533
TRANSITION	13	62	5
TRANSITION	13	102	147346
TRANSITION	13	117	21699
TRANSITION	13	155	82
TRANSITION	13	181	28
TRANSITION	13	190	249
TRANSITION	15	8	799068
TRANSITION	15	9	221526
TRANSITION	15	16	26448
TRANSITION	15	22	1
TRANSITION	15	26	86683
TRANSITION	15	55	26860
TRANSITION	15	56	3343
TRANSITION	15	58	133714
TRANSITION	16	9	622673
TRANSITION	16	22	200701
TRANSITION	16	55	1320
TRANSITION	16	58	822
TRANSITION	17	8	5531
TRANSITION	17	22	95365
TRANSITION	17	26	657
TRANSITION	17	55	6034
TRANSITION	17	56	435524
TRANSITION	17	58	79518
TRANSITION	17	155	44
TRANSITION	18	22	3883
TRANSITION	18	26	400
TRANSITION	18	58	1248
TRANSITION	19	22	2324356
TRANSITION	19	26	748927
TRANSITION	19	55	219860
TRANSITION	19	56	16092
TRANSITION	19	58	128166
TRANSITION	19	59	6666
TRANSITION	19	102	358
TRANSITION	20	8	5854655
TRANSITION	20	9	15815554
TRANSITION	20	10	6175776
TRANSITION	20	11	204874
TRANSITION	20	15	393344
TRANSITION	20	21	652648
TRANSITION	20	24	968
TRANSITION	20	28	1550132
TRANSITION	20	190	1614372
TRANSITION	21	24	652648
TRANSITION	22	9	2832025
TRANSITION	23	3	4
TRANSITION	23	20	5
TRANSITION	23	24	797349
TRANSITION	23	53	13
TRANSITION	23	190	111
TRANSITION	24	11	93971
TRANSITION	24	28	1356994
TRANSITION	26	9	641541
TRANSITION	26	10	433563
TRANSITION	26	28	597696
TRANSITION	27	28	1748630
TRANSITION	28	3	50652
TRANSITION	28	4	2166153
TRANSITION	28	5	52029
TRANSITION	28	10	2810785
TRANSITION	28	13	3828
TRANSITION	28	20	20177
TRANSITION	28	29	98095
TRANSITION	28	30	24476
TRANSITION	28	51	140299
TRANSITION	28	53	6867
TRANSITION	28	55	2
TRANSITION	28	65	173
TRANSITION	28	103	4004
TRANSITION	28	181	376
TRANSITION	28	190	20230
TRANSITION	29	99	98095
TRANSITION	30	3	211
TRANSITION	30	4	10057
TRANSITION	30	20	17175
TRANSITION	30	31	577
TRANSITION	30	55	1
TRANSITION	30	65	6
TRANSITION	30	181	6
TRANSITION	30	190	447
TRANSITION	31	4	26
TRANSITION	31	20	551
TRANSITION	34	35	268380
TRANSITION	35	10	268392
TRANSITION	36	10	268392
TRANSITION	37	10	268392
TRANSITION	38	10	12
TRANSITION	39	41	268392
TRANSITION	41	9	268392
TRANSITION	42	34	80
TRANSITION	42	178	268312
TRANSITION	43	9	15166
TRANSITION	44	9	15166
TRANSITION	45	9	15166
TRANSITION	46	47	15166
TRANSITION	47	3	7455
TRANSITION	47	181	7711
TRANSITION	48	9	97395
TRANSITION	49	181	117
TRANSITION	51	3	440888
TRANSITION	51	4	120605
TRANSITION	51	10	310571
TRANSITION	51	13	5264
TRANSITION	51	20	253775
TRANSITION	51	56	3737
TRANSITION	51	62	9
TRANSITION	51	181	21
TRANSITION	51	190	997
TRANSITION	52	3	490206
TRANSITION	52	181	44
TRANSITION	53	3	338640
TRANSITION	53	4	3234200
TRANSITION	53	13	20
TRANSITION	53	20	791953
TRANSITION	53	51	8753
TRANSITION	53	56	1
TRANSITION	53	65	585
TRANSITION	53	181	60
TRANSITION	53	190	358321
TRANSITION	55	3	940408
TRANSITION	55	4	29911
TRANSITION	55	181	59
TRANSITION	56	10	989256
TRANSITION	57	3	138884
TRANSITION	57	181	40
TRANSITION	58	3	12496
TRANSITION	58	4	126206
TRANSITION	58	13	3334
TRANSITION	58	20	201471
TRANSITION	58	56	33
TRANSITION	58	181	40
TRANSITION	59	10	15205
TRANSITION	62	10	367522
TRANSITION	65	9	367520
TRANSITION	68	11	304981
TRANSITION	68	69	802901
TRANSITION	69	70	802901
TRANSITION	70	3	85193
TRANSITION	70	4	527136
TRANSITION	70	9	563784
TRANSITION	70	10	3052595
TRANSITION	70	13	18950
TRANSITION	70	20	326389
TRANSITION	70	51	4024
TRANSITION	70	53	111
TRANSITION	70	55	3351
TRANSITION	70	56	6988
TRANSITION	70	65	131848
TRANSITION	70	153	74
TRANSITION	70	181	355
TRANSITION	70	190	3463
TRANSITION	78	79	120099
TRANSITION	79	3	698
TRANSITION	79	4	61635
TRANSITION	79	20	57734
TRANSITION	79	56	23
TRANSITION	79	181	9
TRANSITION	81	5	8268
TRANSITION	81	82	163651
TRANSITION	82	5	163651
TRANSITION	87	107	4181
TRANSITION	89	90	2534819
TRANSITION	90	91	2534819
TRANSITION	91	92	2534819
TRANSITION	92	9	2534819
TRANSITION	96	97	2534819
TRANSITION	97	4	2320878
TRANSITION	97	51	153
TRANSITION	97	53	212374
TRANSITION	97	181	1414
TRANSITION	98	3	112
TRANSITION	98	4	19
TRANSITION	98	5	54560
TRANSITION	98	20	173
TRANSITION	99	3	735
TRANSITION	99	4	48112
TRANSITION	99	20	1720
TRANSITION	99	181	9
TRANSITION	99	190	47519
TRANSITION	102	70	304981
TRANSITION	103	30	4004
TRANSITION	104	20	4004
TRANSITION	106	3	26594
TRANSITION	107	3	4181
TRANSITION	112	113	346761
TRANSITION	113	11	307195
TRANSITION	113	114	39566
TRANSITION	114	115	6384
TRANSITION	114	116	33182
TRANSITION	115	116	6384
TRANSITION	116	130	39566
TRANSITION	117	9	307195
TRANSITION	118	9	3670
TRANSITION	118	120	303525
TRANSITION	119	120	3670
TRANSITION	120	130	307195
TRANSITION	121	10	115989
TRANSITION	122	10	43
TRANSITION	129	4	6239
TRANSITION	129	20	100
TRANSITION	129	153	44
TRANSITION	129	181	1
TRANSITION	130	131	346761
TRANSITION	131	3	1101
TRANSITION	131	4	219441
TRANSITION	131	20	3719
TRANSITION	131	129	6384
TRANSITION	131	132	115989
TRANSITION	131	181	38
TRANSITION	131	190	89
TRANSITION	132	121	115989
TRANSITION	133	3	21722
TRANSITION	133	181	19
TRANSITION	151	10	18
TRANSITION	151	182	12
TRANSITION	152	9	6
TRANSITION	153	8	40
TRANSITION	153	11	128
TRANSITION	153	154	62
TRANSITION	153	157	8
TRANSITION	153	158	76
TRANSITION	153	160	145
TRANSITION	153	164	62
TRANSITION	153	173	319
TRANSITION	154	162	62
TRANSITION	155	158	44
TRANSITION	155	162	46
TRANSITION	155	164	38
TRANSITION	157	8	8
TRANSITION	157	160	8
TRANSITION	158	9	120
TRANSITION	160	4	4
TRANSITION	160	10	145
TRANSITION	160	20	68
TRANSITION	160	153	44
TRANSITION	160	191	12
TRANSITION	161	4	18
TRANSITION	161	10	236
TRANSITION	161	20	115
TRANSITION	161	153	12
TRANSITION	162	4	38
TRANSITION	162	9	129
TRANSITION	162	20	51
TRANSITION	162	65	12
TRANSITION	162	153	7
TRANSITION	162	163	85
TRANSITION	163	3	6
TRANSITION	163	4	101
TRANSITION	163	10	85
TRANSITION	163	20	112
TRANSITION	164	9	130
TRANSITION	164	165	84
TRANSITION	165	4	15
TRANSITION	165	10	252
TRANSITION	165	20	6
TRANSITION	165	153	79
TRANSITION	165	164	114
TRANSITION	167	20	18
TRANSITION	171	4	6
TRANSITION	173	4	78
TRANSITION	173	153	22
TRANSITION	173	163	219
TRANSITION	175	23	141
TRANSITION	175	118	47
TRANSITION	176	5	24
TRANSITION	177	3	12
TRANSITION	177	20	12
TRANSITION	177	153	16
TRANSITION	178	179	1878184
TRANSITION	178	180	268312
TRANSITION	179	178	1878184
TRANSITION	180	3	268312
TRANSITION	181	34	14966
TRANSITION	182	10	156
TRANSITION	183	4	12
TRANSITION	183	182	144
TRANSITION	190	3	2562656
TRANSITION	190	4	6618628
TRANSITION	190	9	55677
TRANSITION	190	13	71469
TRANSITION	190	20	5594057
TRANSITION	190	28	141241
TRANSITION	190	51	152460
TRANSITION	190	53	1442534
TRANSITION	190	55	4321
TRANSITION	190	56	74415
TRANSITION	190	65	6443
TRANSITION	190	153	133
TRANSITION	190	181	663
TRANSITION	191	35	12
TRANSITION	250	3	6017
TRANSITION	250	4	22289
TRANSITION	250	9	944827
TRANSITION	250	10	244617
TRANSITION	250	13	183
TRANSITION	250	20	29266
TRANSITION	250	51	3
TRANSITION	250	53	838
TRANSITION	250	56	3
TRANSITION	250	181	144
TRANSITION	250	190	239086
F4SITE	F4E9	0009AD6E	8479
F4SITE	F4E9	40887126	413
F4SITE	F4E9	408E9B18	56
F4SITE	F4F1	0009AD6A	417
F4SITE	F4F1	40887122	10
F4SITE	F4F8	0009AD20	28
F4SITE	F4F8	40885032	12338
F4CALL	0009AD6A	FFFFFF10	211
F4CALL	0009AD6E	00000000	214
F4CALL	0009AD6E	00004980	116
F4CALL	0009AD6E	84160000	117
F4CALL	0009AD6E	91440000	113
F4CALL	0009AD6E	9224FFFF	6218
F4CALL	0009AD6E	94AC0000	207
F4CALL	0009AD6E	CBBC0000	244
F4CALL	0009AD6E	E2E60000	160
F4CALL	0009AD6E	FFFFFF10	268
F4CALL	40885032	40804088	8647
F4CALL	40885032	40887824	3416
F4CALL	40887126	00000000	151
F4CALL	40887126	00000001	153
OPCODE	opcode	dispatches	percent
OPCODE	51CA	2332892	2.481409
OPCODE	4E75	2155740	2.292979
OPCODE	22C4	2058218	2.189248
OPCODE	F624	1699885	1.808103
OPCODE	6EFA	1498654	1.594061
OPCODE	2ADC	1284744	1.366533
OPCODE	B041	931533	0.990836
OPCODE	B0B8	918686	0.977171
OPCODE	F623	789053	0.839286
OPCODE	51C9	752481	0.800386
OPCODE	3018	736553	0.783444
OPCODE	6D06	715444	0.760991
OPCODE	B3CA	714814	0.760321
OPCODE	1981	679066	0.722297
OPCODE	B452	664144	0.706425
OPCODE	6DFA	652931	0.694498
OPCODE	B451	634454	0.674845
OPCODE	594A	619360	0.658790
OPCODE	6002	561509	0.597256
OPCODE	B481	560516	0.596200
OPCODE	1018	548019	0.582907
OPCODE	202E	529745	0.563470
OPCODE	51CE	526373	0.559883
OPCODE	51CD	521339	0.554529
OPCODE	3219	491414	0.522698
OPCODE	5343	488098	0.519171
OPCODE	6706	481576	0.512234
OPCODE	5043	477745	0.508159
OPCODE	66C0	471718	0.501749
OPCODE	48E7	459316	0.488557
OPCODE	4EBA	451221	0.479947
OPCODE	22C0	439491	0.467470
OPCODE	5380	424420	0.451439
OPCODE	4258	424009	0.451002
OPCODE	4EB0	414333	0.440710
OPCODE	0C40	409264	0.435319
OPCODE	4A11	397304	0.422597
OPCODE	4681	396067	0.421281
OPCODE	4E71	392217	0.417186
OPCODE	D040	367364	0.390751
OPCODE	4E56	363930	0.387099
OPCODE	4E5E	363928	0.387096
OPCODE	302E	363128	0.386245
OPCODE	2602	358808	0.381650
OPCODE	5849	348058	0.370216
OPCODE	B3D6	342937	0.364769
OPCODE	6426	340954	0.362660
OPCODE	6E06	340691	0.362380
OPCODE	2211	339277	0.360876
OPCODE	C282	336614	0.358044
OPCODE	D3C1	336594	0.358022
OPCODE	D8C7	330024	0.351034
OPCODE	D685	328163	0.349055
OPCODE	4CDF	327438	0.348283
OPCODE	2883	325744	0.346482
OPCODE	C694	325744	0.346482
OPCODE	8685	325744	0.346482
OPCODE	7000	319552	0.339895
OPCODE	BE6E	318997	0.339305
OPCODE	672E	309669	0.329383
OPCODE	201B	307254	0.326814
OPCODE	7A00	305601	0.325056
OPCODE	6ECA	304079	0.323437
OPCODE	2040	298061	0.317036
OPCODE	1A2B	296831	0.315728
OPCODE	6AF8	295604	0.314423
OPCODE	2F0A	287444	0.305743
OPCODE	6C04	283450	0.301495
OPCODE	245F	278296	0.296013
OPCODE	6708	274444	0.291916
OPCODE	4ED0	272205	0.289534
OPCODE	0C50	268159	0.285231
OPCODE	241F	266989	0.283986
OPCODE	2F02	266578	0.283549
OPCODE	34C0	263093	0.279842
OPCODE	51CB	260462	0.277044
OPCODE	0C42	259955	0.276504
OPCODE	4A42	258604	0.275067
OPCODE	2011	257532	0.273927
OPCODE	4EF9	255476	0.271740
OPCODE	246F	253636	0.269783
OPCODE	341A	253226	0.269347
OPCODE	2F4A	253226	0.269347
OPCODE	2480	252966	0.269070
OPCODE	264F	252652	0.268736
OPCODE	22D2	252360	0.268426
OPCODE	342E	251655	0.267676
OPCODE	C0B8	247153	0.262887
OPCODE	6F04	241722	0.257111
OPCODE	205F	239722	0.254983
OPCODE	C084	237341	0.252451
OPCODE	0240	234722	0.249665
OPCODE	34C1	233422	0.248282
OPCODE	72FF	226512	0.240932
OPCODE	9980	226364	0.240775
OPCODE	246E	221421	0.235517
OPCODE	6100	218709	0.232632
OPCODE	2050	213296	0.226875
OPCODE	DA87	212896	0.226449
OPCODE	91CA	212895	0.226448
OPCODE	D986	212895	0.226448
OPCODE	D584	212895	0.226448
OPCODE	D3CA	212895	0.226448
OPCODE	701F	212563	0.226095
OPCODE	4ED4	212221	0.225731
OPCODE	6718	211716	0.225194
OPCODE	C240	210653	0.224064
OPCODE	286E	210326	0.223716
OPCODE	E0A9	210078	0.223452
OPCODE	DFAE	209691	0.223040
OPCODE	8081	207093	0.220277
OPCODE	4A2E	204950	0.217998
OPCODE	76FF	204929	0.217975
OPCODE	2001	201898	0.214751
OPCODE	2D41	200556	0.213324
OPCODE	48C1	198526	0.211165
OPCODE	B058	198344	0.210971
OPCODE	6604	198316	0.210941
OPCODE	D4C0	198047	0.210655
OPCODE	322E	197602	0.210182
OPCODE	2018	196767	0.209294
OPCODE	206E	191530	0.203723
OPCODE	9685	190972	0.203130
OPCODE	9A87	190972	0.203130
OPCODE	93CA	190959	0.203116
OPCODE	9986	190959	0.203116
OPCODE	9584	190959	0.203116
OPCODE	D1CA	190959	0.203116
OPCODE	47EE	186935	0.198836
OPCODE	48C2	186921	0.198821
OPCODE	2F38	185005	0.196783
OPCODE	9440	183962	0.195673
OPCODE	B242	183650	0.195342
OPCODE	B46B	183526	0.195210
OPCODE	B26B	183524	0.195208
OPCODE	B05B	183276	0.194944
OPCODE	6C32	182796	0.194433
OPCODE	4840	182533	0.194153
OPCODE	2F70	182449	0.194064
OPCODE	E1A9	182395	0.194007
OPCODE	C042	182291	0.193896
OPCODE	0442	181810	0.193384
OPCODE	EA80	181762	0.193333
OPCODE	C291	181760	0.193331
OPCODE	D2C0	181760	0.193331
OPCODE	E1AA	181760	0.193331
OPCODE	E2AB	181760	0.193331
OPCODE	EA82	181760	0.193331
OPCODE	0838	178613	0.189984
OPCODE	32D8	178239	0.189586
OPCODE	6700	177983	0.189314
OPCODE	6000	176453	0.187686
OPCODE	4841	175382	0.186547
OPCODE	600C	175260	0.186417
OPCODE	B042	174987	0.186127
OPCODE	6D00	173132	0.184154
OPCODE	51C8	172817	0.183819
OPCODE	225F	171008	0.181895
OPCODE	2078	170015	0.180839
OPCODE	D1AE	167770	0.178451
OPCODE	226E	166732	0.177347
OPCODE	6606	166185	0.176765
OPCODE	4E7B	163651	0.174069
OPCODE	34FC	161684	0.171977
OPCODE	B26A	159778	0.169950
OPCODE	6DF2	159767	0.169938
OPCODE	2010	157284	0.167297
OPCODE	B269	154810	0.164666
OPCODE	6EF2	154196	0.164012
OPCODE	0C03	153622	0.163402
OPCODE	2E9F	153246	0.163002
OPCODE	6006	150985	0.160597
OPCODE	24C5	150416	0.159992
OPCODE	200B	149762	0.159296
OPCODE	200C	147937	0.157355
OPCODE	2F08	141636	0.150653
OPCODE	66A0	139407	0.148282
OPCODE	654E	139273	0.148139
OPCODE	2F0C	137671	0.146435
OPCODE	B380	136502	0.145192
OPCODE	2008	135948	0.144603
OPCODE	2F2E	135589	0.144221
OPCODE	4CEE	133116	0.141590
OPCODE	3228	132613	0.141055
OPCODE	6702	132187	0.140602
OPCODE	63D0	128863	0.137067
OPCODE	6600	126200	0.134234
OPCODE	22D8	126026	0.134049
OPCODE	20C0	123361	0.131214
OPCODE	2AC6	121450	0.129182
OPCODE	0C97	121000	0.128703
OPCODE	6704	120486	0.128156
OPCODE	E9D0	120188	0.127839
OPCODE	5542	119280	0.126874
OPCODE	B7CC	118165	0.125688
OPCODE	2D40	116939	0.124384
OPCODE	284A	116858	0.124297
OPCODE	6D18	116729	0.124160
OPCODE	5382	115819	0.123192
OPCODE	EFD1	115491	0.122843
OPCODE	2037	115344	0.122687
OPCODE	DC84	115152	0.122483
OPCODE	B3CC	114602	0.121898
OPCODE	4684	113162	0.120366
OPCODE	2819	112038	0.119171
OPCODE	CA84	112016	0.119147
OPCODE	8A84	112016	0.119147
OPCODE	C892	112016	0.119147
OPCODE	2055	111521	0.118621
OPCODE	486E	111131	0.118206
OPCODE	67F4	109938	0.116937
OPCODE	2447	109907	0.116904
OPCODE	224B	109120	0.116067
OPCODE	3203	108697	0.115617
OPCODE	0C38	108315	0.115211
OPCODE	2F09	107782	0.114644
OPCODE	C283	106875	0.113679
OPCODE	4A10	106504	0.113284
OPCODE	2A06	106391	0.113164
OPCODE	224D	105026	0.111712
OPCODE	6D3C	104814	0.111487
OPCODE	DAEE	104006	0.110627
OPCODE	8043	103462	0.110049
OPCODE	E290	103230	0.109802
OPCODE	244C	103185	0.109754
OPCODE	D08C	102356	0.108872
OPCODE	3410	102339	0.108854
OPCODE	6734	102235	0.108743
OPCODE	47FA	101236	0.107681
OPCODE	558F	101045	0.107478
OPCODE	4680	100909	0.107333
OPCODE	48C0	99931	0.106293
OPCODE	5341	99574	0.105913
OPCODE	2068	99459	0.105791
OPCODE	670A	97740	0.103962
OPCODE	4E74	97395	0.103595
OPCODE	4A40	93645	0.099607
OPCODE	2AC0	92822	0.098731
OPCODE	41FA	92774	0.098680
OPCODE	2F01	92759	0.098664
OPCODE	61FF	91862	0.097710
OPCODE	6712	90420	0.096176
OPCODE	266E	90259	0.096005
OPCODE	24D9	90183	0.095924
OPCODE	4A80	89667	0.095375
OPCODE	221F	89541	0.095241
OPCODE	2415	89414	0.095106
OPCODE	6714	89408	0.095100
OPCODE	2478	89368	0.095057
OPCODE	584F	87613	0.093191
OPCODE	3013	86884	0.092415
OPCODE	282E	86416	0.091917
OPCODE	6608	86387	0.091887
OPCODE	21CA	86231	0.091721
OPCODE	47FB	86229	0.091719
OPCODE	47F9	86022	0.091498
OPCODE	21CB	85980	0.091454
OPCODE	670E	85784	0.091245
OPCODE	2A2E	85702	0.091158
OPCODE	5240	85459	0.090899
OPCODE	598F	84038	0.089388
OPCODE	3029	84030	0.089380
OPCODE	3202	83812	0.089148
OPCODE	28C5	83557	0.088876
OPCODE	6740	83505	0.088821
OPCODE	6720	83457	0.088770
OPCODE	2C10	82767	0.088036
OPCODE	9280	82468	0.087718
OPCODE	B06E	82352	0.087595
OPCODE	2C2E	81949	0.087166
OPCODE	0242	81523	0.086713
OPCODE	6008	81154	0.086320
OPCODE	2228	80671	0.085807
OPCODE	2006	80316	0.085429
OPCODE	2003	80196	0.085301
OPCODE	660E	79699	0.084773
OPCODE	41F6	79518	0.084580
OPCODE	E580	78522	0.083521
OPCODE	6C38	78465	0.083460
OPCODE	6DF0	78301	0.083286
OPCODE	48D3	78293	0.083277
OPCODE	4CD3	78293	0.083277
OPCODE	545B	78293	0.083277
OPCODE	6404	77843	0.082799
OPCODE	0800	77661	0.082605
OPCODE	600A	77595	0.082535
OPCODE	C684	77568	0.082506
OPCODE	671A	77428	0.082357
OPCODE	8083	77081	0.081988
OPCODE	C091	77081	0.081988
OPCODE	5247	76939	0.081837
OPCODE	2619	75977	0.080814
OPCODE	0830	74496	0.079239
OPCODE	D8C6	73536	0.078217
OPCODE	4ED3	73443	0.078119
OPCODE	DAC7	73439	0.078114
OPCODE	65AA	72904	0.077545
OPCODE	0C43	72871	0.077510
OPCODE	2D49	72001	0.076585
OPCODE	66F2	71614	0.076173
OPCODE	204B	71610	0.076169
OPCODE	1401	71608	0.076167
OPCODE	2F00	71555	0.076110
OPCODE	2215	71489	0.076040
OPCODE	6530	71433	0.075981
OPCODE	661C	70712	0.075214
OPCODE	3D47	70628	0.075124
OPCODE	3028	68690	0.073063
OPCODE	24F4	68654	0.073025
OPCODE	3D6E	68120	0.072457
OPCODE	6BDC	67505	0.071803
OPCODE	2250	66155	0.070367
OPCODE	487A	65659	0.069839
OPCODE	4A13	65626	0.069804
OPCODE	DACB	65607	0.069784
OPCODE	6614	65398	0.069561
OPCODE	4278	65073	0.069216
OPCODE	4ED1	64414	0.068515
OPCODE	8480	63994	0.068068
OPCODE	2A82	63988	0.068062
OPCODE	C485	63988	0.068062
OPCODE	3E1F	63922	0.067991
OPCODE	6602	63744	0.067802
OPCODE	7001	63068	0.067083
OPCODE	2245	62767	0.066763
OPCODE	2C33	61374	0.065281
OPCODE	D7C0	60690	0.064554
OPCODE	6724	59138	0.062903
OPCODE	4267	58899	0.062649
OPCODE	3218	58651	0.062385
OPCODE	4A68	57664	0.061335
OPCODE	5088	57217	0.060860
OPCODE	C06E	56827	0.060445
OPCODE	9242	55787	0.059339
OPCODE	3017	55578	0.059116
OPCODE	0C00	55355	0.058879
OPCODE	3F07	54950	0.058448
OPCODE	51CF	54702	0.058184
OPCODE	2251	54147	0.057594
OPCODE	E5A8	54075	0.057518
OPCODE	3007	53810	0.057236
OPCODE	D06E	53719	0.057139
OPCODE	2400	53697	0.057115
OPCODE	6722	53675	0.057092
OPCODE	2A78	53541	0.056950
OPCODE	6660	53496	0.056902
OPCODE	2047	53248	0.056638
OPCODE	2F3C	53210	0.056597
OPCODE	262E	53023	0.056399
OPCODE	6016	52887	0.056254
OPCODE	BFC4	52688	0.056042
OPCODE	2044	52551	0.055897
OPCODE	2278	52491	0.055833
OPCODE	2070	52433	0.055771
OPCODE	6710	52233	0.055558
OPCODE	548F	52095	0.055411
OPCODE	4843	52021	0.055333
OPCODE	0C6C	51967	0.055275
OPCODE	4A1F	51952	0.055259
OPCODE	2246	51853	0.055154
OPCODE	CF46	51774	0.055070
OPCODE	D4C3	51678	0.054968
OPCODE	D042	51467	0.054743
OPCODE	0883	51360	0.054630
OPCODE	5188	51325	0.054592
OPCODE	C085	51256	0.054519
OPCODE	66A2	51102	0.054355
OPCODE	007C	51006	0.054253
OPCODE	B580	50852	0.054089
OPCODE	11DF	50606	0.053828
OPCODE	1F38	50585	0.053805
OPCODE	4E90	50310	0.053513
OPCODE	2002	50277	0.053478
OPCODE	6C00	49872	0.053047
OPCODE	6E22	49541	0.052695
OPCODE	4A43	49348	0.052490
OPCODE	CC47	49225	0.052359
OPCODE	32C1	49091	0.052216
OPCODE	6D0A	48871	0.051982
OPCODE	3200	48839	0.051948
OPCODE	2648	48819	0.051927
OPCODE	3D5B	48370	0.051449
OPCODE	32C0	48294	0.051368
OPCODE	2013	47224	0.050230
OPCODE	2978	47144	0.050145
OPCODE	2244	47143	0.050144
OPCODE	C947	47140	0.050141
OPCODE	4A00	46927	0.049914
OPCODE	2028	46916	0.049903
OPCODE	B7CA	46645	0.049615
OPCODE	7400	46627	0.049595
OPCODE	2C78	46280	0.049226
OPCODE	2C40	46130	0.049067
OPCODE	F620	45881	0.048802
OPCODE	60DE	45830	0.048748
OPCODE	3D40	45682	0.048590
OPCODE	603C	45658	0.048565
OPCODE	B641	45619	0.048523
OPCODE	24D1	45591	0.048493
OPCODE	2F14	45583	0.048485
OPCODE	2849	45564	0.048465
OPCODE	D9C3	45491	0.048387
OPCODE	908E	45491	0.048387
OPCODE	6E28	45415	0.048306
OPCODE	200E	45393	0.048283
OPCODE	5846	44838	0.047692
OPCODE	42A7	44257	0.047074
OPCODE	2F3A	44009	0.046811
OPCODE	7600	43755	0.046541
OPCODE	662C	43723	0.046506
OPCODE	43EE	43456	0.046222
OPCODE	7002	43369	0.046130
OPCODE	6B3A	42916	0.045648
OPCODE	4ED2	42499	0.045205
OPCODE	6B0C	42388	0.045087
OPCODE	3003	42253	0.044943
OPCODE	2240	42200	0.044887
OPCODE	24F0	41776	0.044436
OPCODE	24C6	41598	0.044246
OPCODE	2E08	41590	0.044238
OPCODE	660A	41486	0.044127
OPCODE	504F	41338	0.043970
OPCODE	2051	41325	0.043956
OPCODE	6102	41272	0.043899
OPCODE	66F0	41243	0.043869
OPCODE	6E08	41020	0.043631
OPCODE	660C	40898	0.043502
OPCODE	670C	40820	0.043419
OPCODE	B001	40720	0.043312
OPCODE	2C49	40418	0.042991
OPCODE	B228	40283	0.042848
OPCODE	9DE8	40247	0.042809
OPCODE	4881	40233	0.042794
OPCODE	E541	40166	0.042723
OPCODE	6130	40160	0.042717
OPCODE	6E26	40156	0.042712
OPCODE	40E7	40155	0.042711
OPCODE	6D20	40150	0.042706
OPCODE	9228	40148	0.042704
OPCODE	46DF	40134	0.042689
OPCODE	2A40	40098	0.042651
OPCODE	224C	39960	0.042504
OPCODE	E548	39839	0.042375
OPCODE	102C	39431	0.041941
OPCODE	A829	39221	0.041718
OPCODE	317C	38477	0.040927
OPCODE	24C4	38400	0.040845
OPCODE	361A	38214	0.040647
OPCODE	42AE	38029	0.040450
OPCODE	206F	37171	0.039537
OPCODE	6F02	37021	0.039378
OPCODE	3F3C	36667	0.039001
OPCODE	D041	36391	0.038708
OPCODE	4642	36273	0.038582
OPCODE	206D	36163	0.038465
OPCODE	7601	35865	0.038148
OPCODE	4A78	35723	0.037997
OPCODE	3038	35563	0.037827
OPCODE	426E	35439	0.037695
OPCODE	B842	35428	0.037683
OPCODE	4643	34860	0.037079
OPCODE	4A38	34658	0.036864
OPCODE	1C00	34461	0.036655
OPCODE	7C0F	34327	0.036512
OPCODE	E84E	34327	0.036512
OPCODE	CC40	34327	0.036512
OPCODE	3428	34114	0.036286
OPCODE	60CC	34026	0.036192
OPCODE	200D	33884	0.036041
OPCODE	9082	33812	0.035965
OPCODE	0C6F	33721	0.035868
OPCODE	08F8	33413	0.035540
OPCODE	504A	33278	0.035397
OPCODE	2059	33256	0.035373
OPCODE	2840	32830	0.034920
OPCODE	285F	32791	0.034879
OPCODE	3403	32639	0.034717
OPCODE	674C	32634	0.034712
OPCODE	DACC	32559	0.034632
OPCODE	B1D6	32537	0.034608
OPCODE	201F	32388	0.034450
OPCODE	B0AC	32312	0.034369
OPCODE	6B00	31945	0.033979
OPCODE	4AB8	31723	0.033743
OPCODE	4A6E	31639	0.033653
OPCODE	4A2C	31356	0.033352
OPCODE	4A50	31201	0.033187
OPCODE	321A	31161	0.033145
OPCODE	6622	30965	0.032936
OPCODE	301F	30758	0.032716
OPCODE	6F00	30755	0.032713
OPCODE	2007	30313	0.032243
OPCODE	C029	30308	0.032237
OPCODE	7AFF	30063	0.031977
OPCODE	422E	30031	0.031943
OPCODE	1200	29998	0.031908
OPCODE	2038	29970	0.031878
OPCODE	602A	29949	0.031856
OPCODE	0801	29945	0.031851
OPCODE	200A	29660	0.031548
OPCODE	C2B8	29624	0.031510
OPCODE	2D5F	29391	0.031262
OPCODE	56C8	29383	0.031254
OPCODE	226F	29351	0.031220
OPCODE	224A	29306	0.031172
OPCODE	2F30	29262	0.031125
OPCODE	B646	29129	0.030983
OPCODE	6C02	29104	0.030957
OPCODE	661A	29024	0.030872
OPCODE	0247	28667	0.030492
OPCODE	2669	28514	0.030329
OPCODE	6074	28370	0.030176
OPCODE	381A	28369	0.030175
OPCODE	662A	28361	0.030167
OPCODE	B846	28361	0.030167
OPCODE	6F40	28359	0.030164
OPCODE	1033	28353	0.030158
OPCODE	B647	28331	0.030135
OPCODE	9843	28322	0.030125
OPCODE	6C3C	28317	0.030120
OPCODE	D6C0	28305	0.030107
OPCODE	EA4C	28305	0.030107
OPCODE	EA4B	28305	0.030107
OPCODE	9669	28305	0.030107
OPCODE	9869	28305	0.030107
OPCODE	E2AD	28305	0.030107
OPCODE	B393	28305	0.030107
OPCODE	B847	28305	0.030107
OPCODE	C044	28305	0.030107
OPCODE	0C41	28209	0.030005
OPCODE	70FF	27859	0.029633
OPCODE	51CC	27703	0.029467
OPCODE	4EFB	27560	0.029315
OPCODE	2E00	27219	0.028952
OPCODE	671C	27160	0.028889
OPCODE	206B	27127	0.028854
OPCODE	08C3	27043	0.028765
OPCODE	2283	27033	0.028754
OPCODE	588A	27031	0.028752
OPCODE	619A	26954	0.028670
OPCODE	1038	26867	0.028577
OPCODE	663A	26643	0.028339
OPCODE	618E	26630	0.028325
OPCODE	F518	26594	0.028287
OPCODE	11C1	26594	0.028287
OPCODE	61A4	26458	0.028142
OPCODE	9240	26354	0.028032
OPCODE	1D43	26255	0.027926
OPCODE	D1C4	26235	0.027905
OPCODE	2D6C	25992	0.027647
OPCODE	60F4	25932	0.027583
OPCODE	2810	25892	0.027540
OPCODE	41ED	25753	0.027392
OPCODE	E9D4	25631	0.027263
OPCODE	C285	25472	0.027094
OPCODE	201C	25426	0.027045
OPCODE	0C68	25050	0.026645
OPCODE	C8B8	24896	0.026481
OPCODE	B258	24717	0.026291
OPCODE	B458	24661	0.026231
OPCODE	E9C0	24602	0.026168
OPCODE	2878	24589	0.026154
OPCODE	B243	24585	0.026150
OPCODE	B658	24569	0.026133
OPCODE	B858	24568	0.026132
OPCODE	2D4C	24443	0.025999
OPCODE	B280	24243	0.025786
OPCODE	6716	24218	0.025760
OPCODE	0811	24149	0.025686
OPCODE	67F6	23730	0.025241
OPCODE	3184	23542	0.025041
OPCODE	60C2	23391	0.024880
OPCODE	203A	23341	0.024827
OPCODE	6728	23003	0.024467
OPCODE	6CF4	22905	0.024363
OPCODE	4240	22839	0.024293
OPCODE	20AF	22686	0.024130
OPCODE	7200	22656	0.024098
OPCODE	A873	22654	0.024096
OPCODE	244D	22452	0.023881
OPCODE	594F	22184	0.023596
OPCODE	6618	21999	0.023400
OPCODE	2049	21959	0.023357
OPCODE	41EB	21792	0.023179
OPCODE	2470	21634	0.023011
OPCODE	E9E9	21630	0.023007
OPCODE	4AAB	21536	0.022907
OPCODE	2F0B	21356	0.022716
OPCODE	0C80	21326	0.022684
OPCODE	2452	21286	0.022641
OPCODE	204C	21226	0.022577
OPCODE	6E0C	21218	0.022569
OPCODE	3EB8	21198	0.022548
OPCODE	2678	21175	0.022523
OPCODE	0C5F	21123	0.022468
OPCODE	4868	21055	0.022395
OPCODE	3810	21024	0.022362
OPCODE	4EB9	21015	0.022353
OPCODE	2248	20869	0.022198
OPCODE	286D	20702	0.022020
OPCODE	2EB8	20545	0.021853
OPCODE	57CC	20457	0.021759
OPCODE	4EB6	20418	0.021718
OPCODE	295F	20367	0.021664
OPCODE	43E9	20351	0.021647
OPCODE	2668	20197	0.021483
OPCODE	4A28	20133	0.021415
OPCODE	202C	20072	0.021350
OPCODE	6F0A	19934	0.021203
OPCODE	22C5	19892	0.021158
OPCODE	6004	19786	0.021046
OPCODE	0803	19707	0.020962
OPCODE	49FA	19706	0.020961
OPCODE	08D1	19663	0.020915
OPCODE	0C52	19627	0.020876
OPCODE	B0AB	19598	0.020846
OPCODE	E748	19557	0.020802
OPCODE	24C0	19502	0.020744
OPCODE	B9F8	19408	0.020644
OPCODE	286B	19332	0.020563
OPCODE	296B	19276	0.020503
OPCODE	66D2	19238	0.020463
OPCODE	6674	19220	0.020444
OPCODE	2A41	19215	0.020438
OPCODE	220D	19215	0.020438
OPCODE	A88F	19215	0.020438
OPCODE	08B8	19172	0.020393
OPCODE	B3DA	19092	0.020307
OPCODE	65F2	19078	0.020293
OPCODE	A924	19062	0.020276
OPCODE	2448	18953	0.020160
OPCODE	E1AC	18947	0.020153
OPCODE	8A87	18903	0.020106
OPCODE	8886	18903	0.020106
OPCODE	E1AD	18903	0.020106
OPCODE	204A	18817	0.020015
OPCODE	2271	18776	0.019971
OPCODE	D3CE	18748	0.019942
OPCODE	60FF	18667	0.019855
OPCODE	5243	18638	0.019825
OPCODE	6748	18586	0.019769
OPCODE	2469	18545	0.019726
OPCODE	082B	18537	0.019717
OPCODE	2D4B	18534	0.019714
OPCODE	2F07	18531	0.019711
OPCODE	2054	18261	0.019424
OPCODE	6500	18203	0.019362
OPCODE	11FC	18173	0.019330
OPCODE	3D41	18139	0.019294
OPCODE	2212	18113	0.019266
OPCODE	5340	18055	0.019204
OPCODE	9051	18037	0.019185
OPCODE	6732	17985	0.019130
OPCODE	1010	17972	0.019116
OPCODE	2229	17961	0.019104
OPCODE	6736	17732	0.018861
OPCODE	2268	17732	0.018861
OPCODE	4A6C	17716	0.018844
OPCODE	0CAF	17690	0.018816
OPCODE	3F00	17637	0.018760
OPCODE	4A47	17633	0.018756
OPCODE	082E	17632	0.018754
OPCODE	4880	17532	0.018648
OPCODE	322B	17478	0.018591
OPCODE	4FEF	17420	0.018529
OPCODE	2D48	17332	0.018435
OPCODE	6106	17330	0.018433
OPCODE	B5CB	17284	0.018384
OPCODE	45EE	17178	0.018272
OPCODE	2A30	16886	0.017961
OPCODE	6C18	16782	0.017850
OPCODE	D1C1	16710	0.017774
OPCODE	3F2E	16707	0.017771
OPCODE	2005	16640	0.017699
OPCODE	203C	16586	0.017642
OPCODE	266D	16525	0.017577
OPCODE	4238	16190	0.017221
OPCODE	0241	16089	0.017113
OPCODE	0281	16068	0.017091
OPCODE	3014	16057	0.017079
OPCODE	4A6A	16035	0.017056
OPCODE	4E93	15976	0.016993
OPCODE	3612	15936	0.016951
OPCODE	62EA	15890	0.016902
OPCODE	4242	15851	0.016860
OPCODE	6620	15816	0.016823
OPCODE	486B	15759	0.016762
OPCODE	6A00	15753	0.016756
OPCODE	0880	15596	0.016589
OPCODE	41EE	15594	0.016587
OPCODE	8195	15575	0.016567
OPCODE	C086	15548	0.016538
OPCODE	C087	15530	0.016519
OPCODE	6738	15505	0.016492
OPCODE	2848	15476	0.016461
OPCODE	41F8	15472	0.016457
OPCODE	D5C1	15459	0.016443
OPCODE	0891	15229	0.016199
OPCODE	1080	15226	0.016195
OPCODE	2D4F	15198	0.016166
OPCODE	4A69	15193	0.016160
OPCODE	1230	15181	0.016147
OPCODE	4E73	15166	0.016131
OPCODE	707F	15162	0.016127
OPCODE	6730	15110	0.016072
OPCODE	2210	15099	0.016060
OPCODE	4A05	14958	0.015910
OPCODE	2A6E	14935	0.015886
OPCODE	B692	14909	0.015858
OPCODE	2F2D	14909	0.015858
OPCODE	57CD	14909	0.015858
OPCODE	202B	14905	0.015854
OPCODE	6A06	14863	0.015809
OPCODE	302F	14826	0.015770
OPCODE	2269	14772	0.015712
OPCODE	43E8	14646	0.015578
OPCODE	2178	14634	0.015566
OPCODE	2214	14622	0.015553
OPCODE	4A14	14591	0.015520
OPCODE	65CA	14505	0.015428
OPCODE	4C98	14496	0.015419
OPCODE	6A1E	14424	0.015342
OPCODE	2081	14410	0.015327
OPCODE	102E	14391	0.015307
OPCODE	3F03	14316	0.015227
OPCODE	303C	14260	0.015168
OPCODE	6646	14223	0.015128
OPCODE	6026	14217	0.015122
OPCODE	BE8B	14195	0.015099
OPCODE	C083	14157	0.015058
OPCODE	40C0	14040	0.014934
OPCODE	3400	13976	0.014866
OPCODE	6F1C	13902	0.014787
OPCODE	1432	13895	0.014780
OPCODE	7217	13880	0.014764
OPCODE	307B	13880	0.014764
OPCODE	2200	13869	0.014752
OPCODE	554F	13860	0.014742
OPCODE	673E	13807	0.014686
OPCODE	2069	13800	0.014679
OPCODE	2009	13615	0.014482
OPCODE	082A	13548	0.014410
OPCODE	2E2E	13502	0.014362
OPCODE	4A6B	13479	0.014337
OPCODE	6B14	13458	0.014315
OPCODE	B898	13328	0.014176
OPCODE	26C6	13316	0.014164
OPCODE	DE84	13312	0.014159
OPCODE	16F4	13312	0.014159
OPCODE	1CD4	13312	0.014159
OPCODE	600E	13265	0.014109
OPCODE	0C6E	13231	0.014073
OPCODE	4247	13228	0.014070
OPCODE	2654	13148	0.013985
OPCODE	275F	13136	0.013972
OPCODE	60EA	13112	0.013947
OPCODE	E819	13104	0.013938
OPCODE	7802	13067	0.013899
OPCODE	C082	13052	0.013883
OPCODE	4227	13017	0.013846
OPCODE	4869	12979	0.013805
OPCODE	2453	12964	0.013789
OPCODE	2341	12876	0.013696
OPCODE	2290	12875	0.013695
OPCODE	41F3	12875	0.013695
OPCODE	A874	12841	0.013658
OPCODE	22C1	12829	0.013646
OPCODE	1212	12821	0.013637
OPCODE	220B	12809	0.013624
OPCODE	672A	12773	0.013586
OPCODE	B069	12747	0.013559
OPCODE	4207	12692	0.013500
OPCODE	4486	12690	0.013498
OPCODE	4EFA	12681	0.013488
OPCODE	4AA8	12611	0.013414
OPCODE	6F58	12599	0.013401
OPCODE	3A2E	12586	0.013387
OPCODE	BF80	12556	0.013355
OPCODE	6A18	12537	0.013335
OPCODE	43F8	12522	0.013319
OPCODE	D684	12508	0.013304
OPCODE	43F0	12372	0.013160
OPCODE	F4F8	12366	0.013153
OPCODE	B21A	12336	0.013121
OPCODE	10C1	12328	0.013113
OPCODE	4844	12315	0.013099
OPCODE	BBC9	12291	0.013073
OPCODE	38C0	12288	0.013070
OPCODE	4487	12288	0.013070
OPCODE	4485	12288	0.013070
OPCODE	6014	12245	0.013025
OPCODE	3D5C	12223	0.013001
OPCODE	0829	12208	0.012985
OPCODE	0828	12172	0.012947
OPCODE	A029	12072	0.012841
OPCODE	584C	11907	0.012665
OPCODE	A02A	11896	0.012653
OPCODE	C081	11878	0.012634
OPCODE	0201	11870	0.012626
OPCODE	302B	11806	0.012558
OPCODE	700A	11772	0.012521
OPCODE	0C46	11734	0.012481
OPCODE	B7D6	11712	0.012458
OPCODE	4AAE	11710	0.012455
OPCODE	7004	11686	0.012430
OPCODE	D0FC	11664	0.012407
OPCODE	2468	11658	0.012400
OPCODE	6D02	11638	0.012379
OPCODE	6E0A	11612	0.012351
OPCODE	B091	11557	0.012293
OPCODE	3019	11462	0.012192
OPCODE	1003	11459	0.012189
OPCODE	2253	11453	0.012182
OPCODE	222E	11444	0.012173
OPCODE	5540	11444	0.012173
OPCODE	21EF	11362	0.012085
OPCODE	7C00	11244	0.011960
OPCODE	5C4F	11201	0.011914
OPCODE	6B16	11192	0.011905
OPCODE	2855	11167	0.011878
OPCODE	2640	11145	0.011855
OPCODE	202A	11081	0.011786
OPCODE	74FF	11055	0.011759
OPCODE	5342	11045	0.011748
OPCODE	3D43	11030	0.011732
OPCODE	B181	11029	0.011731
OPCODE	B050	11006	0.011707
OPCODE	CF45	10993	0.011693
OPCODE	601C	10955	0.011652
OPCODE	2032	10906	0.011600
OPCODE	362E	10902	0.011596
OPCODE	45FA	10888	0.011581
OPCODE	41EA	10881	0.011574
OPCODE	6A2E	10881	0.011574
OPCODE	226C	10871	0.011563
OPCODE	1D7C	10867	0.011559
OPCODE	B2B0	10864	0.011556
OPCODE	4442	10845	0.011535
OPCODE	50EE	10839	0.011529
OPCODE	E9D1	10834	0.011524
OPCODE	2230	10828	0.011517
OPCODE	6772	10825	0.011514
OPCODE	266C	10825	0.011514
OPCODE	B231	10815	0.011504
OPCODE	60A2	10815	0.011504
OPCODE	2272	10815	0.011504
OPCODE	B005	10794	0.011481
OPCODE	242E	10730	0.011413
OPCODE	BBCB	10682	0.011362
OPCODE	640A	10675	0.011355
OPCODE	D1EB	10674	0.011354
OPCODE	6626	10626	0.011302
OPCODE	3010	10605	0.011280
OPCODE	2014	10560	0.011232
OPCODE	78FF	10546	0.011217
OPCODE	2209	10544	0.011215
OPCODE	202F	10526	0.011196
OPCODE	B2A9	10523	0.011193
OPCODE	3C2E	10499	0.011167
OPCODE	46C0	10456	0.011122
OPCODE	243C	10429	0.011093
OPCODE	B1CB	10400	0.011062
OPCODE	4A01	10363	0.011023
OPCODE	D7D3	10355	0.011014
OPCODE	7009	10340	0.010998
OPCODE	3628	10289	0.010944
OPCODE	2F0F	10288	0.010943
OPCODE	6012	10197	0.010846
OPCODE	67F2	10162	0.010809
OPCODE	2270	10153	0.010799
OPCODE	819D	10056	0.010696
OPCODE	7401	10055	0.010695
OPCODE	E048	10026	0.010664
OPCODE	B093	9938	0.010571
OPCODE	4A07	9907	0.010538
OPCODE	3001	9903	0.010533
OPCODE	302D	9860	0.010488
OPCODE	3002	9856	0.010483
OPCODE	6CEC	9855	0.010482
OPCODE	3E29	9855	0.010482
OPCODE	335A	9853	0.010480
OPCODE	3352	9845	0.010472
OPCODE	234A	9842	0.010469
OPCODE	9452	9841	0.010467
OPCODE	3C29	9841	0.010467
OPCODE	3043	9753	0.010374
OPCODE	2481	9740	0.010360
OPCODE	E24D	9740	0.010360
OPCODE	6648	9737	0.010357
OPCODE	4AAD	9703	0.010321
OPCODE	3229	9697	0.010314
OPCODE	6C48	9689	0.010306
OPCODE	7007	9662	0.010277
OPCODE	6E00	9606	0.010218
OPCODE	AAA2	9593	0.010204
OPCODE	6C12	9586	0.010196
OPCODE	D4C7	9553	0.010161
OPCODE	4A53	9546	0.010154
OPCODE	4250	9516	0.010122
OPCODE	B0AD	9455	0.010057
OPCODE	4A6D	9438	0.010039
OPCODE	1D47	9411	0.010010
OPCODE	24D8	9411	0.010010
OPCODE	DC93	9282	0.009873
OPCODE	30C2	9223	0.009810
OPCODE	30C1	9192	0.009777
OPCODE	6022	9167	0.009751
OPCODE	D9CA	9110	0.009690
OPCODE	DBCB	9110	0.009690
OPCODE	606A	9095	0.009674
OPCODE	34D8	9087	0.009665
OPCODE	7220	9083	0.009661
OPCODE	2080	8990	0.009562
OPCODE	F4E9	8948	0.009518
OPCODE	4CAE	8933	0.009502
OPCODE	6F3A	8927	0.009495
OPCODE	6638	8884	0.009450
OPCODE	42A8	8875	0.009440
OPCODE	E980	8874	0.009439
OPCODE	2140	8841	0.009404
OPCODE	D087	8743	0.009300
OPCODE	E9D3	8737	0.009293
OPCODE	663C	8648	0.009199
OPCODE	D9C1	8646	0.009196
OPCODE	D0AC	8643	0.009193
OPCODE	2F28	8642	0.009192
OPCODE	6400	8599	0.009146
OPCODE	202D	8585	0.009132
OPCODE	7008	8574	0.009120
OPCODE	720F	8547	0.009091
OPCODE	5C40	8508	0.009050
OPCODE	2D4A	8506	0.009048
OPCODE	31FC	8459	0.008998
OPCODE	6A04	8451	0.008989
OPCODE	B2FC	8447	0.008985
OPCODE	3F01	8444	0.008982
OPCODE	DEC0	8437	0.008974
OPCODE	7040	8432	0.008969
OPCODE	0C69	8422	0.008958
OPCODE	2171	8422	0.008958
OPCODE	2E6E	8421	0.008957
OPCODE	30B1	8418	0.008954
OPCODE	08E9	8414	0.008950
OPCODE	30C3	8404	0.008939
OPCODE	6642	8403	0.008938
OPCODE	30C4	8396	0.008931
OPCODE	6F1A	8390	0.008924
OPCODE	9081	8360	0.008892
OPCODE	20D9	8342	0.008873
OPCODE	B052	8342	0.008873
OPCODE	336E	8340	0.008871
OPCODE	6A3A	8338	0.008869
OPCODE	4853	8338	0.008869
OPCODE	47F2	8338	0.008869
OPCODE	08A9	8330	0.008860
OPCODE	4E7A	8268	0.008794
OPCODE	5180	8231	0.008755
OPCODE	C210	8210	0.008733
OPCODE	B068	8156	0.008675
OPCODE	5368	8139	0.008657
OPCODE	B051	8120	0.008637
OPCODE	3610	8097	0.008612
OPCODE	60F2	8083	0.008598
OPCODE	7E00	8043	0.008555
OPCODE	6C10	8006	0.008516
OPCODE	AA97	8005	0.008515
OPCODE	81C5	8004	0.008514
OPCODE	1013	8002	0.008511
OPCODE	7201	7990	0.008499
OPCODE	3238	7985	0.008493
OPCODE	671E	7976	0.008484
OPCODE	2A07	7970	0.008477
OPCODE	201A	7955	0.008461
OPCODE	2D44	7940	0.008445
OPCODE	B0FC	7878	0.008380
OPCODE	2831	7844	0.008343
OPCODE	5297	7844	0.008343
OPCODE	B8B8	7844	0.008343
OPCODE	6A16	7809	0.008306
OPCODE	3F06	7802	0.008299
OPCODE	6752	7772	0.008267
OPCODE	6726	7705	0.008196
OPCODE	20FB	7688	0.008177
OPCODE	D1C0	7626	0.008111
OPCODE	0243	7625	0.008110
OPCODE	3828	7604	0.008088
OPCODE	60BC	7575	0.008057
OPCODE	3408	7547	0.008027
OPCODE	41E8	7536	0.008016
OPCODE	43EB	7513	0.007991
OPCODE	6446	7509	0.007987
OPCODE	244B	7487	0.007964
OPCODE	56CB	7479	0.007955
OPCODE	56CA	7479	0.007955
OPCODE	6D34	7471	0.007947
OPCODE	C004	7460	0.007935
OPCODE	4A2D	7424	0.007897
OPCODE	6A02	7405	0.007876
OPCODE	2940	7397	0.007868
OPCODE	5448	7358	0.007826
OPCODE	2043	7344	0.007812
OPCODE	9251	7336	0.007803
OPCODE	6088	7311	0.007776
OPCODE	3D7C	7303	0.007768
OPCODE	6628	7301	0.007766
OPCODE	D282	7288	0.007752
OPCODE	2F2F	7286	0.007750
OPCODE	508F	7259	0.007721
OPCODE	4A5F	7253	0.007715
OPCODE	08E8	7247	0.007708
OPCODE	662E	7184	0.007641
OPCODE	B7FC	7176	0.007633
OPCODE	1CEC	7168	0.007624
OPCODE	9EC0	7154	0.007609
OPCODE	3099	7151	0.007606
OPCODE	6A44	7135	0.007589
OPCODE	2004	7124	0.007578
OPCODE	1D42	7115	0.007568
OPCODE	60C8	7089	0.007540
OPCODE	6636	7061	0.007511
OPCODE	6B2A	7059	0.007508
OPCODE	7006	7042	0.007490
OPCODE	B099	7020	0.007467
OPCODE	E088	7001	0.007447
OPCODE	6A34	6998	0.007444
OPCODE	1140	6970	0.007414
OPCODE	D7CE	6969	0.007413
OPCODE	12C0	6962	0.007405
OPCODE	6A22	6926	0.007367
OPCODE	740F	6924	0.007365
OPCODE	D002	6912	0.007352
OPCODE	DC83	6912	0.007352
OPCODE	B06C	6879	0.007317
OPCODE	3F02	6877	0.007315
OPCODE	D243	6857	0.007294
OPCODE	6D1C	6848	0.007284
OPCODE	6C08	6838	0.007273
OPCODE	4403	6835	0.007270
OPCODE	DFC0	6831	0.007266
OPCODE	429A	6818	0.007252
OPCODE	220F	6797	0.007230
OPCODE	D281	6796	0.007229
OPCODE	2600	6789	0.007221
OPCODE	2E41	6770	0.007201
OPCODE	C284	6699	0.007125
OPCODE	57C3	6684	0.007110
OPCODE	6634	6684	0.007110
OPCODE	584B	6663	0.007087
OPCODE	4878	6663	0.007087
OPCODE	6B12	6662	0.007086
OPCODE	2C00	6655	0.007079
OPCODE	6632	6629	0.007051
OPCODE	E149	6626	0.007048
OPCODE	7010	6606	0.007027
OPCODE	65A6	6572	0.006990
OPCODE	342A	6559	0.006977
OPCODE	3D5F	6557	0.006974
OPCODE	0802	6557	0.006974
OPCODE	6746	6556	0.006973
OPCODE	3232	6551	0.006968
OPCODE	57C0	6533	0.006949
OPCODE	207A	6524	0.006939
OPCODE	260C	6515	0.006930
OPCODE	0680	6513	0.006928
OPCODE	6616	6509	0.006923
OPCODE	0647	6491	0.006904
OPCODE	2031	6490	0.006903
OPCODE	2238	6489	0.006902
OPCODE	A049	6486	0.006899
OPCODE	41F9	6474	0.006886
OPCODE	4A41	6467	0.006879
OPCODE	DAC8	6465	0.006877
OPCODE	D8C8	6465	0.006877
OPCODE	2D45	6447	0.006857
OPCODE	08AA	6444	0.006854
OPCODE	43FB	6443	0.006853
OPCODE	2D6D	6443	0.006853
OPCODE	0C45	6440	0.006850
OPCODE	2450	6434	0.006844
OPCODE	B070	6434	0.006844
OPCODE	2D4D	6415	0.006823
OPCODE	1F00	6399	0.006806
OPCODE	1141	6398	0.006805
OPCODE	2C2A	6392	0.006799
OPCODE	1EBC	6391	0.006798
OPCODE	DC43	6389	0.006796
OPCODE	3F7A	6384	0.006790
OPCODE	4A52	6379	0.006785
OPCODE	62EC	6376	0.006782
OPCODE	675A	6368	0.006773
OPCODE	303A	6368	0.006773
OPCODE	2A81	6368	0.006773
OPCODE	5D43	6367	0.006772
OPCODE	0245	6364	0.006769
OPCODE	61DC	6363	0.006768
OPCODE	4254	6362	0.006767
OPCODE	1178	6361	0.006766
OPCODE	676A	6361	0.006766
OPCODE	7012	6361	0.006766
OPCODE	70FC	6359	0.006764
OPCODE	4A54	6357	0.006762
OPCODE	1D5F	6354	0.006759
OPCODE	D8FC	6353	0.006757
OPCODE	C078	6352	0.006756
OPCODE	B054	6352	0.006756
OPCODE	1F05	6350	0.006754
OPCODE	E359	6347	0.006751
OPCODE	6BD2	6347	0.006751
OPCODE	677E	6344	0.006748
OPCODE	103A	6343	0.006747
OPCODE	43F9	6339	0.006743
OPCODE	D0A9	6336	0.006739
OPCODE	5543	6329	0.006732
OPCODE	2E2A	6320	0.006722
OPCODE	2806	6318	0.006720
OPCODE	2455	6314	0.006716
OPCODE	3A03	6308	0.006710
OPCODE	B741	6307	0.006709
OPCODE	8641	6307	0.006709
OPCODE	5BEE	6307	0.006709
OPCODE	3D42	6306	0.006707
OPCODE	6D7A	6293	0.006694
OPCODE	6E6E	6286	0.006686
OPCODE	C195	6285	0.006685
OPCODE	261A	6260	0.006659
OPCODE	28C1	6260	0.006659
OPCODE	0C01	6203	0.006598
OPCODE	2034	6186	0.006580
OPCODE	7800	6176	0.006569
OPCODE	67DC	6175	0.006568
OPCODE	38BC	6171	0.006564
OPCODE	4EF0	6164	0.006556
OPCODE	6D26	6149	0.006540
OPCODE	2800	6135	0.006526
OPCODE	9069	6134	0.006525
OPCODE	4400	6134	0.006525
OPCODE	C0A9	6116	0.006505
OPCODE	D444	6107	0.006496
OPCODE	C447	6096	0.006484
OPCODE	E9C5	6096	0.006484
OPCODE	EFC6	6096	0.006484
OPCODE	43EF	6068	0.006454
OPCODE	3006	6063	0.006449
OPCODE	2D78	6062	0.006448
OPCODE	5278	6032	0.006416
OPCODE	5378	6031	0.006415
OPCODE	4210	6025	0.006409
OPCODE	9459	6010	0.006393
OPCODE	9651	6010	0.006393
OPCODE	1D40	6000	0.006382
OPCODE	0C51	5988	0.006369
OPCODE	2C56	5955	0.006334
OPCODE	6416	5951	0.006330
OPCODE	0C47	5951	0.006330
OPCODE	6054	5925	0.006302
OPCODE	B3C8	5924	0.006301
OPCODE	A055	5898	0.006273
OPCODE	3E2E	5883	0.006258
OPCODE	C280	5880	0.006254
OPCODE	C247	5867	0.006241
OPCODE	4A29	5862	0.006235
OPCODE	6B04	5813	0.006183
OPCODE	6010	5807	0.006177
OPCODE	3080	5797	0.006166
OPCODE	661E	5795	0.006164
OPCODE	4A85	5793	0.006162
OPCODE	2F0E	5780	0.006148
OPCODE	2C5F	5780	0.006148
OPCODE	6F0C	5694	0.006056
OPCODE	2F29	5666	0.006027
OPCODE	4845	5652	0.006012
OPCODE	2D6E	5645	0.006004
OPCODE	B440	5636	0.005995
OPCODE	936E	5634	0.005993
OPCODE	4E91	5634	0.005993
OPCODE	2440	5615	0.005972
OPCODE	4846	5614	0.005971
OPCODE	5141	5605	0.005962
OPCODE	4A87	5546	0.005899
OPCODE	664C	5522	0.005874
OPCODE	5242	5513	0.005864
OPCODE	4AAC	5478	0.005827
OPCODE	C440	5434	0.005780
OPCODE	B085	5428	0.005774
OPCODE	2F06	5390	0.005733
OPCODE	6B50	5376	0.005718
OPCODE	41E9	5376	0.005718
OPCODE	0285	5372	0.005714
OPCODE	E88D	5371	0.005713
OPCODE	1A14	5371	0.005713
OPCODE	D480	5349	0.005690
OPCODE	60B0	5346	0.005686
OPCODE	6B10	5340	0.005680
OPCODE	2242	5252	0.005586
OPCODE	103B	5251	0.005585
OPCODE	2412	5231	0.005564
OPCODE	906E	5224	0.005557
OPCODE	675C	5220	0.005552
OPCODE	48AE	5220	0.005552
OPCODE	422B	5219	0.005551
OPCODE	6A0C	5214	0.005546
OPCODE	7202	5208	0.005540
OPCODE	4A94	5194	0.005525
OPCODE	2442	5183	0.005513
OPCODE	672C	5180	0.005510
OPCODE	6612	5176	0.005506
OPCODE	08C0	5167	0.005496
OPCODE	4A83	5131	0.005458
OPCODE	49EE	5129	0.005456
OPCODE	4A2B	5120	0.005446
OPCODE	2D68	5098	0.005423
OPCODE	D010	5094	0.005418
OPCODE	11A9	5084	0.005408
OPCODE	7230	5084	0.005408
OPCODE	B311	5084	0.005408
OPCODE	0A11	5084	0.005408
OPCODE	08EB	5082	0.005406
OPCODE	4645	5081	0.005404
OPCODE	66FF	5038	0.005359
OPCODE	6B1E	5031	0.005351
OPCODE	422C	5027	0.005347
OPCODE	B388	5005	0.005324
OPCODE	3141	5002	0.005320
OPCODE	294B	4951	0.005266
OPCODE	95CA	4875	0.005185
OPCODE	0CAE	4865	0.005175
OPCODE	6744	4851	0.005160
OPCODE	32FC	4844	0.005152
OPCODE	265F	4843	0.005151
OPCODE	2029	4841	0.005149
OPCODE	2653	4838	0.005146
OPCODE	122B	4837	0.005145
OPCODE	4A2A	4836	0.005144
OPCODE	946E	4829	0.005136
OPCODE	74F4	4807	0.005113
OPCODE	5848	4786	0.005091
OPCODE	5244	4785	0.005090
OPCODE	56EE	4773	0.005077
OPCODE	3D44	4751	0.005053
OPCODE	2A09	4738	0.005040
OPCODE	486A	4731	0.005032
OPCODE	6E04	4726	0.005027
OPCODE	226D	4705	0.005005
OPCODE	6B06	4665	0.004962
OPCODE	D9C0	4662	0.004959
OPCODE	101F	4662	0.004959
OPCODE	674A	4642	0.004938
OPCODE	2255	4630	0.004925
OPCODE	6EC6	4600	0.004893
OPCODE	D881	4585	0.004877
OPCODE	D16E	4573	0.004864
OPCODE	66D6	4560	0.004850
OPCODE	2A08	4547	0.004836
OPCODE	43FA	4535	0.004824
OPCODE	3E00	4515	0.004802
OPCODE	382E	4489	0.004775
OPCODE	8481	4468	0.004752
OPCODE	9288	4466	0.004750
OPCODE	74FC	4466	0.004750
OPCODE	7420	4460	0.004744
OPCODE	E448	4441	0.004724
OPCODE	6FCA	4434	0.004716
OPCODE	337C	4427	0.004709
OPCODE	4243	4412	0.004693
OPCODE	9090	4411	0.004692
OPCODE	2F17	4404	0.004684
OPCODE	5544	4398	0.004678
OPCODE	6630	4386	0.004665
OPCODE	7210	4381	0.004660
OPCODE	7003	4375	0.004654
OPCODE	6506	4365	0.004643
OPCODE	B5C8	4361	0.004639
OPCODE	4241	4359	0.004637
OPCODE	E44A	4345	0.004622
OPCODE	2F03	4313	0.004588
OPCODE	673C	4266	0.004538
OPCODE	0C81	4260	0.004531
OPCODE	2601	4258	0.004529
OPCODE	544F	4213	0.004481
OPCODE	D081	4206	0.004474
OPCODE	2650	4185	0.004451
OPCODE	F569	4181	0.004447
OPCODE	3409	4181	0.004447
OPCODE	3230	4178	0.004444
OPCODE	D0C2	4176	0.004442
OPCODE	377C	4162	0.004427
OPCODE	6104	4145	0.004409
OPCODE	536E	4127	0.004390
OPCODE	6300	4127	0.004390
OPCODE	2243	4127	0.004390
OPCODE	E842	4125	0.004388
OPCODE	8642	4125	0.004388
OPCODE	BB42	4125	0.004388
OPCODE	C644	4125	0.004388
OPCODE	C445	4125	0.004388
OPCODE	30C0	4115	0.004377
OPCODE	2053	4101	0.004362
OPCODE	3A04	4081	0.004341
OPCODE	43EC	4074	0.004333
OPCODE	D441	4069	0.004328
OPCODE	383C	4064	0.004323
OPCODE	4A45	4063	0.004322
OPCODE	B544	4059	0.004317
OPCODE	7405	4059	0.004317
OPCODE	B9CB	4038	0.004295
OPCODE	5181	4037	0.004294
OPCODE	8310	4037	0.004294
OPCODE	0210	4037	0.004294
OPCODE	3C1F	4026	0.004282
OPCODE	6624	4022	0.004278
OPCODE	2449	4016	0.004272
OPCODE	91AE	4007	0.004262
OPCODE	E449	4004	0.004259
OPCODE	235F	3971	0.004224
OPCODE	A893	3963	0.004215
OPCODE	7204	3959	0.004211
OPCODE	2428	3949	0.004200
OPCODE	1006	3931	0.004181
OPCODE	9053	3903	0.004151
OPCODE	48C7	3890	0.004138
OPCODE	0640	3887	0.004134
OPCODE	6900	3878	0.004125
OPCODE	322F	3861	0.004107
OPCODE	67F8	3861	0.004107
OPCODE	2D6B	3855	0.004100
OPCODE	246D	3855	0.004100
OPCODE	E84A	3850	0.004095
OPCODE	D2AE	3849	0.004094
OPCODE	E198	3848	0.004093
OPCODE	EA81	3846	0.004091
OPCODE	1400	3844	0.004089
OPCODE	2747	3843	0.004088
OPCODE	2C2B	3840	0.004084
OPCODE	2E2F	3839	0.004083
OPCODE	D86D	3831	0.004075
OPCODE	2A4B	3831	0.004075
OPCODE	B444	3831	0.004075
OPCODE	D66D	3831	0.004075
OPCODE	0280	3824	0.004067
OPCODE	A891	3815	0.004058
OPCODE	261F	3806	0.004048
OPCODE	4A93	3793	0.004034
OPCODE	6672	3789	0.004030
OPCODE	1019	3782	0.004023
OPCODE	21DF	3779	0.004020
OPCODE	486C	3769	0.004009
OPCODE	A025	3761	0.004000
OPCODE	0C28	3761	0.004000
OPCODE	0807	3759	0.003998
OPCODE	226B	3758	0.003997
OPCODE	C14D	3732	0.003970
OPCODE	D086	3729	0.003966
OPCODE	422D	3727	0.003964
OPCODE	2052	3722	0.003959
OPCODE	2D7C	3721	0.003958
OPCODE	0C53	3717	0.003954
OPCODE	B098	3715	0.003952
OPCODE	303B	3713	0.003949
OPCODE	6EF8	3711	0.003947
OPCODE	C4B8	3709	0.003945
OPCODE	BB9B	3703	0.003939
OPCODE	D280	3689	0.003924
OPCODE	2D47	3677	0.003911
OPCODE	E288	3669	0.003903
OPCODE	268C	3665	0.003898
OPCODE	61BC	3662	0.003895
OPCODE	1480	3648	0.003880
OPCODE	60E2	3626	0.003857
OPCODE	6664	3619	0.003849
OPCODE	916E	3614	0.003844
OPCODE	BA47	3604	0.003833
OPCODE	6A0A	3601	0.003830
OPCODE	D359	3594	0.003823
OPCODE	D159	3594	0.003823
OPCODE	4E54	3592	0.003821
OPCODE	4E5C	3592	0.003821
OPCODE	6028	3583	0.003811
OPCODE	B094	3565	0.003792
OPCODE	027C	3554	0.003780
OPCODE	66E8	3548	0.003774
OPCODE	129F	3542	0.003767
OPCODE	61B0	3542	0.003767
OPCODE	1F11	3542	0.003767
OPCODE	A024	3541	0.003766
OPCODE	2241	3529	0.003754
OPCODE	382A	3521	0.003745
OPCODE	20C1	3520	0.003744
OPCODE	6D08	3518	0.003742
OPCODE	6402	3513	0.003737
OPCODE	700C	3491	0.003713
OPCODE	A02E	3490	0.003712
OPCODE	137C	3489	0.003711
OPCODE	66A8	3485	0.003707
OPCODE	48C3	3482	0.003704
OPCODE	1940	3474	0.003695
OPCODE	2431	3470	0.003691
OPCODE	102B	3462	0.003682
OPCODE	9641	3459	0.003679
OPCODE	2802	3456	0.003676
OPCODE	4246	3456	0.003676
OPCODE	610A	3444	0.003663
OPCODE	B26E	3439	0.003658
OPCODE	362C	3438	0.003657
OPCODE	2E80	3435	0.003654
OPCODE	602C	3435	0.003654
OPCODE	0882	3417	0.003635
OPCODE	21EE	3414	0.003631
OPCODE	6640	3410	0.003627
OPCODE	6F16	3401	0.003618
OPCODE	6754	3401	0.003618
OPCODE	6112	3399	0.003615
OPCODE	6B0E	3399	0.003615
OPCODE	D094	3397	0.003613
OPCODE	2D70	3383	0.003598
OPCODE	2B40	3364	0.003578
OPCODE	6200	3361	0.003575
OPCODE	4205	3353	0.003566
OPCODE	6D0E	3349	0.003562
OPCODE	3D46	3347	0.003560
OPCODE	2E38	3346	0.003559
OPCODE	5C53	3346	0.003559
OPCODE	B681	3339	0.003552
OPCODE	4847	3337	0.003549
OPCODE	6F3E	3337	0.003549
OPCODE	61EE	3330	0.003542
OPCODE	6030	3329	0.003541
OPCODE	C094	3321	0.003532
OPCODE	3F40	3309	0.003520
OPCODE	B478	3306	0.003516
OPCODE	6038	3304	0.003514
OPCODE	422F	3302	0.003512
OPCODE	720C	3301	0.003511
OPCODE	5D4F	3301	0.003511
OPCODE	A8E2	3296	0.003506
OPCODE	4EB2	3295	0.003505
OPCODE	E542	3295	0.003505
OPCODE	0929	3295	0.003505
OPCODE	70E4	3295	0.003505
OPCODE	1E03	3294	0.003504
OPCODE	22FB	3288	0.003497
OPCODE	208B	3286	0.003495
OPCODE	5740	3274	0.003482
OPCODE	70FE	3268	0.003476
OPCODE	1C2E	3266	0.003474
OPCODE	2655	3264	0.003472
OPCODE	2D54	3264	0.003472
OPCODE	630A	3258	0.003465
OPCODE	61DA	3253	0.003460
OPCODE	3E2A	3252	0.003459
OPCODE	665A	3251	0.003458
OPCODE	8594	3250	0.003457
OPCODE	701E	3249	0.003456
OPCODE	526C	3248	0.003455
OPCODE	66D0	3246	0.003453
OPCODE	522E	3244	0.003451
OPCODE	4A04	3239	0.003445
OPCODE	61E2	3238	0.003444
OPCODE	102D	3232	0.003438
OPCODE	70EF	3226	0.003431
OPCODE	B252	3226	0.003431
OPCODE	A204	3224	0.003429
OPCODE	B5CC	3223	0.003428
OPCODE	4204	3222	0.003427
OPCODE	E540	3222	0.003427
OPCODE	6A12	3222	0.003427
OPCODE	7041	3219	0.003424
OPCODE	30E9	3218	0.003423
OPCODE	426F	3218	0.003423
OPCODE	6650	3214	0.003419
OPCODE	676C	3210	0.003414
OPCODE	1014	3210	0.003414
OPCODE	536C	3208	0.003412
OPCODE	22B8	3207	0.003411
OPCODE	D7CC	3207	0.003411
OPCODE	703C	3206	0.003410
OPCODE	E888	3205	0.003409
OPCODE	2F7A	3203	0.003407
OPCODE	247A	3202	0.003406
OPCODE	A01C	3201	0.003405
OPCODE	2F6C	3198	0.003402
OPCODE	276E	3198	0.003402
OPCODE	21EB	3197	0.003401
OPCODE	296A	3197	0.003401
OPCODE	9091	3197	0.003401
OPCODE	B9DF	3194	0.003397
OPCODE	3A38	3193	0.003396
OPCODE	7240	3193	0.003396
OPCODE	BE46	3192	0.003395
OPCODE	5C8F	3189	0.003392
OPCODE	1A2E	3188	0.003391
OPCODE	6678	3186	0.003389
OPCODE	E358	3185	0.003388
OPCODE	E940	3185	0.003388
OPCODE	6610	3185	0.003388
OPCODE	1978	3183	0.003386
OPCODE	A970	3183	0.003386
OPCODE	3146	3183	0.003386
OPCODE	0254	3182	0.003385
OPCODE	287A	3182	0.003385
OPCODE	1969	3182	0.003385
OPCODE	2638	3181	0.003384
OPCODE	9CAA	3180	0.003382
OPCODE	721A	3179	0.003381
OPCODE	A871	3178	0.003380
OPCODE	4A97	3177	0.003379
OPCODE	A8AE	3175	0.003377
OPCODE	0C59	3175	0.003377
OPCODE	2851	3175	0.003377
OPCODE	143A	3175	0.003377
OPCODE	C038	3175	0.003377
OPCODE	4EAD	3175	0.003377
OPCODE	633C	3175	0.003377
OPCODE	6D16	3174	0.003376
OPCODE	A030	3174	0.003376
OPCODE	A97F	3174	0.003376
OPCODE	0C44	3174	0.003376
OPCODE	6E5A	3173	0.003375
OPCODE	A031	3173	0.003375
OPCODE	60FA	3172	0.003374
OPCODE	ABF7	3171	0.003373
OPCODE	A9B4	3171	0.003373
OPCODE	227B	3171	0.003373
OPCODE	A0DD	3171	0.003373
OPCODE	3412	3170	0.003372
OPCODE	6E3A	3169	0.003371
OPCODE	A972	3169	0.003371
OPCODE	1A07	3169	0.003371
OPCODE	60B6	3168	0.003370
OPCODE	3638	3168	0.003370
OPCODE	51D0	3168	0.003370
OPCODE	50D0	3168	0.003370
OPCODE	6F48	3168	0.003370
OPCODE	A911	3166	0.003368
OPCODE	6518	3165	0.003366
OPCODE	4293	3164	0.003365
OPCODE	A980	3164	0.003365
OPCODE	B3F8	3164	0.003365
OPCODE	3083	3164	0.003365
OPCODE	6F8A	3164	0.003365
OPCODE	67B2	3163	0.003364
OPCODE	4A02	3155	0.003356
OPCODE	6212	3145	0.003345
OPCODE	B7C9	3145	0.003345
OPCODE	B9ED	3135	0.003335
OPCODE	8041	3119	0.003318
OPCODE	4870	3118	0.003316
OPCODE	3E10	3096	0.003293
OPCODE	D3C0	3087	0.003284
OPCODE	926E	3070	0.003265
OPCODE	2483	3066	0.003261
OPCODE	1418	3065	0.003260
OPCODE	B189	3065	0.003260
OPCODE	43ED	3063	0.003258
OPCODE	2B49	3060	0.003255
OPCODE	42AA	3047	0.003241
OPCODE	56C9	3036	0.003229
OPCODE	21F8	3023	0.003215
OPCODE	6A10	3021	0.003213
OPCODE	41F0	3016	0.003208
OPCODE	1029	2994	0.003185
OPCODE	62D8	2971	0.003160
OPCODE	2AF4	2970	0.003159
OPCODE	1601	2952	0.003140
OPCODE	366E	2951	0.003139
OPCODE	6168	2935	0.003122
OPCODE	B1CA	2927	0.003113
OPCODE	65D4	2923	0.003109
OPCODE	4269	2912	0.003097
OPCODE	321F	2870	0.003053
OPCODE	322C	2863	0.003045
OPCODE	4E92	2830	0.003010
OPCODE	B46E	2826	0.003006
OPCODE	301B	2824	0.003004
OPCODE	266B	2812	0.002991
OPCODE	4218	2807	0.002986
OPCODE	6406	2800	0.002978
OPCODE	4A84	2777	0.002954
OPCODE	4A12	2753	0.002928
OPCODE	2854	2741	0.002915
OPCODE	0CAD	2728	0.002902
OPCODE	60D4	2719	0.002892
OPCODE	0286	2716	0.002889
OPCODE	1D78	2700	0.002872
OPCODE	E280	2689	0.002860
OPCODE	302C	2684	0.002855
OPCODE	2089	2680	0.002851
OPCODE	5346	2676	0.002846
OPCODE	2618	2659	0.002828
OPCODE	022B	2655	0.002824
OPCODE	486F	2630	0.002797
OPCODE	3F05	2624	0.002791
OPCODE	6A08	2620	0.002787
OPCODE	2438	2610	0.002776
OPCODE	42B8	2606	0.002772
OPCODE	002B	2602	0.002768
OPCODE	3140	2601	0.002767
OPCODE	5246	2596	0.002761
OPCODE	20EE	2594	0.002759
OPCODE	28C0	2586	0.002751
OPCODE	1229	2579	0.002743
OPCODE	6170	2579	0.002743
OPCODE	2288	2561	0.002724
OPCODE	1743	2560	0.002723
OPCODE	162B	2550	0.002712
OPCODE	6794	2550	0.002712
OPCODE	221A	2548	0.002710
OPCODE	6126	2548	0.002710
OPCODE	08AB	2546	0.002708
OPCODE	6A4E	2543	0.002705
OPCODE	0003	2542	0.002704
OPCODE	176B	2542	0.002704
OPCODE	C12B	2542	0.002704
OPCODE	0029	2542	0.002704
OPCODE	E90B	2542	0.002704
OPCODE	7640	2542	0.002704
OPCODE	1741	2542	0.002704
OPCODE	617A	2542	0.002704
OPCODE	1343	2542	0.002704
OPCODE	0211	2542	0.002704
OPCODE	C600	2542	0.002704
OPCODE	4483	2542	0.002704
OPCODE	E809	2542	0.002704
OPCODE	C211	2542	0.002704
OPCODE	9043	2530	0.002691
OPCODE	396C	2520	0.002680
OPCODE	5345	2515	0.002675
OPCODE	4441	2501	0.002660
OPCODE	7080	2496	0.002655
OPCODE	8029	2496	0.002655
OPCODE	0642	2485	0.002643
OPCODE	264A	2484	0.002642
OPCODE	2488	2474	0.002632
OPCODE	4440	2456	0.002612
OPCODE	2145	2448	0.002604
OPCODE	6162	2436	0.002591
OPCODE	EA46	2434	0.002589
OPCODE	B0AE	2434	0.002589
OPCODE	E881	2432	0.002587
OPCODE	1030	2418	0.002572
OPCODE	D9C6	2416	0.002570
OPCODE	C343	2416	0.002570
OPCODE	1830	2406	0.002559
OPCODE	1630	2404	0.002557
OPCODE	B202	2403	0.002556
OPCODE	8287	2400	0.002553
OPCODE	2815	2400	0.002553
OPCODE	0686	2400	0.002553
OPCODE	28C4	2400	0.002553
OPCODE	E9D2	2400	0.002553
OPCODE	2AC1	2400	0.002553
OPCODE	CE81	2400	0.002553
OPCODE	2C14	2400	0.002553
OPCODE	0284	2388	0.002540
OPCODE	C481	2387	0.002539
OPCODE	D080	2368	0.002519
OPCODE	526E	2368	0.002519
OPCODE	E499	2367	0.002518
OPCODE	B084	2366	0.002517
OPCODE	9481	2364	0.002514
OPCODE	E88C	2361	0.002511
OPCODE	B9D0	2360	0.002510
OPCODE	1814	2358	0.002508
OPCODE	D1C2	2347	0.002496
OPCODE	B087	2339	0.002488
OPCODE	2A00	2320	0.002468
OPCODE	C2FC	2314	0.002461
OPCODE	4842	2313	0.002460
OPCODE	1958	2304	0.002451
OPCODE	66E6	2293	0.002439
OPCODE	21C8	2292	0.002438
OPCODE	5280	2264	0.002408
OPCODE	9087	2252	0.002395
OPCODE	1485	2242	0.002385
OPCODE	1A12	2242	0.002385
OPCODE	1429	2240	0.002383
OPCODE	E9A9	2239	0.002382
OPCODE	E999	2233	0.002375
OPCODE	D245	2232	0.002374
OPCODE	4A86	2228	0.002370
OPCODE	5880	2226	0.002368
OPCODE	227A	2214	0.002355
OPCODE	4481	2213	0.002354
OPCODE	2401	2209	0.002350
OPCODE	1232	2208	0.002349
OPCODE	3805	2207	0.002348
OPCODE	3806	2204	0.002344
OPCODE	C544	2203	0.002343
OPCODE	60DA	2202	0.002342
OPCODE	D981	2202	0.002342
OPCODE	A193	2202	0.002342
OPCODE	2A19	2202	0.002342
OPCODE	3819	2202	0.002342
OPCODE	4401	2202	0.002342
OPCODE	E899	2202	0.002342
OPCODE	9381	2202	0.002342
OPCODE	9681	2202	0.002342
OPCODE	0685	2200	0.002340
OPCODE	65E6	2199	0.002339
OPCODE	22AE	2191	0.002330
OPCODE	906B	2170	0.002308
OPCODE	2340	2169	0.002307
OPCODE	4ED5	2155	0.002292
OPCODE	3F04	2153	0.002290
OPCODE	7014	2150	0.002287
OPCODE	2418	2148	0.002285
OPCODE	2F50	2123	0.002258
OPCODE	08AE	2114	0.002249
OPCODE	360B	2110	0.002244
OPCODE	280A	2110	0.002244
OPCODE	C099	2094	0.002227
OPCODE	3368	2090	0.002223
OPCODE	D3C2	2089	0.002222
OPCODE	90B8	2076	0.002208
OPCODE	322D	2075	0.002207
OPCODE	E38E	2072	0.002204
OPCODE	9044	2069	0.002201
OPCODE	D08F	2061	0.002192
OPCODE	C1EE	2061	0.002192
OPCODE	5DC0	2056	0.002187
OPCODE	906D	2054	0.002185
OPCODE	0480	2050	0.002181
OPCODE	4206	2049	0.002179
OPCODE	2A6D	2033	0.002162
OPCODE	0200	2024	0.002153
OPCODE	CC6E	2011	0.002139
OPCODE	2411	2008	0.002136
OPCODE	0057	2007	0.002135
OPCODE	363C	2006	0.002134
OPCODE	DC6E	2006	0.002134
OPCODE	D2B1	1996	0.002123
OPCODE	926D	1982	0.002108
OPCODE	D3D1	1979	0.002105
OPCODE	D091	1979	0.002105
OPCODE	3818	1976	0.002102
OPCODE	C3C0	1974	0.002100
OPCODE	1434	1974	0.002100
OPCODE	3012	1973	0.002099
OPCODE	4685	1972	0.002098
OPCODE	3A06	1969	0.002094
OPCODE	DBC2	1965	0.002090
OPCODE	E589	1962	0.002087
OPCODE	D1C5	1962	0.002087
OPCODE	6CDC	1961	0.002086
OPCODE	EA89	1959	0.002084
OPCODE	4BEE	1952	0.002076
OPCODE	5381	1950	0.002074
OPCODE	49C7	1941	0.002065
OPCODE	E858	1941	0.002065
OPCODE	4A76	1941	0.002065
OPCODE	56C7	1941	0.002065
OPCODE	61C6	1940	0.002064
OPCODE	66DE	1921	0.002043
OPCODE	BEAD	1919	0.002041
OPCODE	6328	1919	0.002041
OPCODE	B044	1910	0.002032
OPCODE	2019	1907	0.002028
OPCODE	6308	1907	0.002028
OPCODE	302A	1901	0.002022
OPCODE	5048	1896	0.002017
OPCODE	A023	1894	0.002015
OPCODE	3630	1890	0.002010
OPCODE	B2AA	1890	0.002010
OPCODE	0C87	1883	0.002003
OPCODE	B1F8	1881	0.002001
OPCODE	1C3C	1880	0.002000
OPCODE	60C0	1879	0.001999
OPCODE	6196	1875	0.001994
OPCODE	9A8E	1874	0.001993
OPCODE	262D	1870	0.001989
OPCODE	2D51	1867	0.001986
OPCODE	12DC	1866	0.001985
OPCODE	236E	1861	0.001979
OPCODE	6538	1843	0.001960
OPCODE	2A55	1842	0.001959
OPCODE	E28A	1839	0.001956
OPCODE	3A00	1837	0.001954
OPCODE	3D50	1833	0.001950
OPCODE	D06A	1827	0.001943
OPCODE	322A	1817	0.001933
OPCODE	49F4	1815	0.001931
OPCODE	2A04	1814	0.001929
OPCODE	BC6E	1811	0.001926
OPCODE	60C6	1810	0.001925
OPCODE	BC5B	1807	0.001922
OPCODE	1E2E	1798	0.001912
OPCODE	D5CE	1797	0.001911
OPCODE	3204	1793	0.001907
OPCODE	6F24	1792	0.001906
OPCODE	6D10	1781	0.001894
OPCODE	3E3C	1779	0.001892
OPCODE	E0AC	1778	0.001891
OPCODE	1B40	1776	0.001889
OPCODE	E7A8	1767	0.001879
OPCODE	1A00	1765	0.001877
OPCODE	0812	1762	0.001874
OPCODE	1F40	1760	0.001872
OPCODE	601E	1756	0.001868
OPCODE	7CFF	1756	0.001868
OPCODE	66E4	1752	0.001864
OPCODE	906C	1748	0.001859
OPCODE	C06B	1748	0.001859
OPCODE	D680	1747	0.001858
OPCODE	926B	1738	0.001849
OPCODE	741F	1736	0.001847
OPCODE	EBA9	1736	0.001847
OPCODE	D052	1736	0.001847
OPCODE	DBC1	1734	0.001844
OPCODE	DBC0	1734	0.001844
OPCODE	96C0	1734	0.001844
OPCODE	2A01	1728	0.001838
OPCODE	EA8A	1727	0.001837
OPCODE	0C07	1725	0.001835
OPCODE	0282	1721	0.001831
OPCODE	3C2D	1721	0.001831
OPCODE	286C	1719	0.001828
OPCODE	B9EE	1719	0.001828
OPCODE	588F	1715	0.001824
OPCODE	206C	1709	0.001818
OPCODE	91C8	1707	0.001816
OPCODE	3F11	1706	0.001815
OPCODE	518A	1704	0.001812
OPCODE	C1C7	1704	0.001812
OPCODE	B682	1704	0.001812
OPCODE	C594	1696	0.001804
OPCODE	7EFF	1692	0.001800
OPCODE	E7AA	1689	0.001797
OPCODE	D1F0	1689	0.001797
OPCODE	B86E	1684	0.001791
OPCODE	22DC	1684	0.001791
OPCODE	D06D	1682	0.001789
OPCODE	21EC	1676	0.001783
OPCODE	D7CD	1674	0.001781
OPCODE	E44B	1672	0.001778
OPCODE	8280	1668	0.001774
OPCODE	9BAE	1666	0.001772
OPCODE	9842	1666	0.001772
OPCODE	3E04	1666	0.001772
OPCODE	6644	1666	0.001772
OPCODE	6E16	1666	0.001772
OPCODE	534A	1666	0.001772
OPCODE	4C43	1666	0.001772
OPCODE	6114	1665	0.001771
OPCODE	7E02	1660	0.001766
OPCODE	6B26	1656	0.001761
OPCODE	60D8	1655	0.001760
OPCODE	5286	1653	0.001758
OPCODE	0805	1652	0.001757
OPCODE	2F2B	1648	0.001753
OPCODE	469B	1643	0.001748
OPCODE	42A9	1633	0.001737
OPCODE	B1EE	1626	0.001730
OPCODE	323C	1624	0.001727
OPCODE	D240	1616	0.001719
OPCODE	BF00	1612	0.001715
OPCODE	223B	1612	0.001715
OPCODE	E538	1612	0.001715
OPCODE	2F04	1599	0.001701
OPCODE	3619	1595	0.001697
OPCODE	0C84	1591	0.001692
OPCODE	663E	1585	0.001686
OPCODE	6D52	1583	0.001684
OPCODE	22C6	1572	0.001672
OPCODE	BEAC	1568	0.001668
OPCODE	3342	1563	0.001663
OPCODE	9883	1559	0.001658
OPCODE	5741	1556	0.001655
OPCODE	B1C9	1555	0.001654
OPCODE	1385	1551	0.001650
OPCODE	294D	1546	0.001644
OPCODE	294F	1546	0.001644
OPCODE	D46B	1543	0.001641
OPCODE	7C07	1543	0.001641
OPCODE	C446	1542	0.001640
OPCODE	D5F2	1542	0.001640
OPCODE	2E6C	1541	0.001639
OPCODE	7E0F	1535	0.001633
OPCODE	650C	1534	0.001632
OPCODE	2C36	1533	0.001631
OPCODE	2C05	1531	0.001628
OPCODE	5347	1517	0.001614
OPCODE	620C	1516	0.001613
OPCODE	4A90	1501	0.001597
OPCODE	4298	1482	0.001576
OPCODE	49EC	1480	0.001574
OPCODE	D2C1	1470	0.001564
OPCODE	3602	1458	0.001551
OPCODE	2F2C	1450	0.001542
OPCODE	4682	1439	0.001531
OPCODE	CA83	1434	0.001525
OPCODE	3419	1432	0.001523
OPCODE	3429	1430	0.001521
OPCODE	21C9	1430	0.001521
OPCODE	DE47	1430	0.001521
OPCODE	4244	1425	0.001516
OPCODE	C484	1421	0.001511
OPCODE	673A	1418	0.001508
OPCODE	0C05	1418	0.001508
OPCODE	B081	1413	0.001503
OPCODE	CE53	1406	0.001496
OPCODE	342B	1404	0.001493
OPCODE	E84B	1402	0.001491
OPCODE	0C6B	1396	0.001485
OPCODE	1A19	1392	0.001481
OPCODE	61CE	1391	0.001480
OPCODE	E16B	1390	0.001478
OPCODE	504B	1385	0.001473
OPCODE	D853	1384	0.001472
OPCODE	9050	1380	0.001468
OPCODE	55C7	1380	0.001468
OPCODE	BA6E	1377	0.001465
OPCODE	D1C3	1375	0.001463
OPCODE	2191	1370	0.001457
OPCODE	31A9	1370	0.001457
OPCODE	6438	1364	0.001451
OPCODE	7801	1364	0.001451
OPCODE	9A6E	1359	0.001446
OPCODE	47EB	1354	0.001440
OPCODE	1E80	1353	0.001439
OPCODE	65E4	1349	0.001435
OPCODE	2F19	1344	0.001430
OPCODE	6756	1343	0.001428
OPCODE	2012	1340	0.001425
OPCODE	B240	1337	0.001422
OPCODE	B7EE	1336	0.001421
OPCODE	2405	1335	0.001420
OPCODE	D0FB	1334	0.001419
OPCODE	4683	1333	0.001418
OPCODE	66EA	1327	0.001411
OPCODE	D259	1326	0.001410
OPCODE	C2C2	1326	0.001410
OPCODE	2041	1326	0.001410
OPCODE	6C06	1325	0.001409
OPCODE	4443	1323	0.001407
OPCODE	6F14	1323	0.001407
OPCODE	0C2D	1320	0.001404
OPCODE	3F29	1319	0.001403
OPCODE	676E	1315	0.001399
OPCODE	D443	1311	0.001394
OPCODE	2830	1305	0.001388
OPCODE	6420	1305	0.001388
OPCODE	81FC	1304	0.001387
OPCODE	E04B	1301	0.001384
OPCODE	D8AE	1301	0.001384
OPCODE	D9AE	1301	0.001384
OPCODE	D66E	1301	0.001384
OPCODE	62B4	1301	0.001384
OPCODE	7050	1298	0.001381
OPCODE	E28F	1297	0.001380
OPCODE	177C	1295	0.001377
OPCODE	6D42	1291	0.001373
OPCODE	3C02	1289	0.001371
OPCODE	3287	1288	0.001370
OPCODE	664A	1283	0.001365
OPCODE	7603	1281	0.001363
OPCODE	6B0A	1278	0.001359
OPCODE	B05A	1275	0.001356
OPCODE	282A	1273	0.001354
OPCODE	67E8	1272	0.001353
OPCODE	2204	1272	0.001353
OPCODE	D481	1270	0.001351
OPCODE	3401	1268	0.001349
OPCODE	34E9	1265	0.001346
OPCODE	286A	1263	0.001343
OPCODE	1017	1260	0.001340
OPCODE	34A9	1260	0.001340
OPCODE	3D70	1259	0.001339
OPCODE	C02B	1256	0.001336
OPCODE	357C	1254	0.001334
OPCODE	60AE	1253	0.001333
OPCODE	E808	1250	0.001330
OPCODE	4C00	1249	0.001329
OPCODE	52A9	1248	0.001327
OPCODE	0197	1248	0.001327
OPCODE	262A	1248	0.001327
OPCODE	DBC4	1247	0.001326
OPCODE	50E7	1246	0.001325
OPCODE	10D9	1245	0.001324
OPCODE	D158	1242	0.001321
OPCODE	6804	1237	0.001316
OPCODE	7E0A	1234	0.001313
OPCODE	3A11	1234	0.001313
OPCODE	30C7	1234	0.001313
OPCODE	2C08	1233	0.001311
OPCODE	2808	1230	0.001308
OPCODE	D085	1230	0.001308
OPCODE	026E	1230	0.001308
OPCODE	1D6E	1228	0.001306
OPCODE	601A	1226	0.001304
OPCODE	E169	1222	0.001300
OPCODE	57CA	1218	0.001296
OPCODE	9C44	1217	0.001294
OPCODE	C8C0	1217	0.001294
OPCODE	E384	1217	0.001294
OPCODE	E4A4	1217	0.001294
OPCODE	DAC6	1217	0.001294
OPCODE	DE2E	1217	0.001294
OPCODE	3C03	1217	0.001294
OPCODE	E29C	1217	0.001294
OPCODE	E16A	1217	0.001294
OPCODE	E54E	1217	0.001294
OPCODE	380B	1217	0.001294
OPCODE	D9C4	1217	0.001294
OPCODE	2D58	1216	0.001293
OPCODE	6EF0	1213	0.001290
OPCODE	7020	1206	0.001283
OPCODE	60AA	1203	0.001280
OPCODE	7054	1193	0.001269
OPCODE	22D0	1189	0.001265
OPCODE	C295	1187	0.001263
OPCODE	4444	1186	0.001262
OPCODE	C843	1186	0.001262
OPCODE	780F	1186	0.001262
OPCODE	60F0	1177	0.001252
OPCODE	12D8	1176	0.001251
OPCODE	D093	1170	0.001244
OPCODE	B480	1161	0.001235
OPCODE	D46E	1160	0.001234
OPCODE	6E0E	1159	0.001233
OPCODE	9041	1159	0.001233
OPCODE	6EAE	1152	0.001225
OPCODE	2E88	1150	0.001223
OPCODE	D442	1146	0.001219
OPCODE	2378	1143	0.001216
OPCODE	2F11	1143	0.001216
OPCODE	6F12	1129	0.001201
OPCODE	0246	1122	0.001193
OPCODE	56C0	1120	0.001191
OPCODE	3F28	1116	0.001187
OPCODE	2C1C	1111	0.001182
OPCODE	C480	1106	0.001176
OPCODE	1169	1102	0.001172
OPCODE	22DF	1101	0.001171
OPCODE	22E8	1100	0.001170
OPCODE	5149	1094	0.001164
OPCODE	8086	1091	0.001160
OPCODE	C095	1091	0.001160
OPCODE	CC85	1091	0.001160
OPCODE	3250	1090	0.001159
OPCODE	B3FA	1089	0.001158
OPCODE	D0C9	1089	0.001158
OPCODE	0244	1089	0.001158
OPCODE	9068	1085	0.001154
OPCODE	67EE	1078	0.001147
OPCODE	A322	1074	0.001142
OPCODE	5245	1071	0.001139
OPCODE	6742	1065	0.001133
OPCODE	2F48	1057	0.001124
OPCODE	B060	1056	0.001123
OPCODE	EA48	1053	0.001120
OPCODE	E58A	1052	0.001119
OPCODE	BFAE	1051	0.001118
OPCODE	3380	1046	0.001113
OPCODE	18D8	1044	0.001110
OPCODE	8357	1041	0.001107
OPCODE	E0AA	1037	0.001103
OPCODE	E2A8	1037	0.001103
OPCODE	B443	1036	0.001102
OPCODE	D1A9	1036	0.001102
OPCODE	4290	1036	0.001102
OPCODE	D272	1034	0.001100
OPCODE	6B1A	1029	0.001095
OPCODE	0832	1024	0.001089
OPCODE	12C6	1024	0.001089
OPCODE	E4AD	1024	0.001089
OPCODE	4647	1023	0.001088
OPCODE	D9C2	1022	0.001087
OPCODE	3646	1022	0.001087
OPCODE	3A07	1022	0.001087
OPCODE	C1C6	1022	0.001087
OPCODE	4447	1022	0.001087
OPCODE	4A4A	1022	0.001087
OPCODE	E68C	1022	0.001087
OPCODE	CA82	1018	0.001083
OPCODE	65E2	1017	0.001082
OPCODE	284B	1014	0.001079
OPCODE	BA40	1011	0.001075
OPCODE	43F1	1009	0.001073
OPCODE	D358	1004	0.001068
OPCODE	341F	1002	0.001066
OPCODE	21F0	1000	0.001064
OPCODE	5049	997	0.001060
OPCODE	2801	996	0.001059
OPCODE	66F4	991	0.001054
OPCODE	3633	990	0.001053
OPCODE	E64A	989	0.001052
OPCODE	E741	989	0.001052
OPCODE	EBAA	987	0.001050
OPCODE	EFAA	987	0.001050
OPCODE	EAAA	987	0.001050
OPCODE	E68A	987	0.001050
OPCODE	3406	987	0.001050
OPCODE	49F9	987	0.001050
OPCODE	EF6A	987	0.001050
OPCODE	426C	985	0.001048
OPCODE	96C4	981	0.001043
OPCODE	E54C	981	0.001043
OPCODE	3046	981	0.001043
OPCODE	9284	981	0.001043
OPCODE	C640	981	0.001043
OPCODE	7820	981	0.001043
OPCODE	94C4	981	0.001043
OPCODE	9C80	981	0.001043
OPCODE	2D59	980	0.001042
OPCODE	7224	978	0.001040
OPCODE	504C	975	0.001037
OPCODE	4A30	975	0.001037
OPCODE	4EED	974	0.001036
OPCODE	BBFC	974	0.001036
OPCODE	B047	974	0.001036
OPCODE	2A0E	973	0.001035
OPCODE	2850	973	0.001035
OPCODE	67D0	972	0.001034
OPCODE	52B8	971	0.001033
OPCODE	5241	964	0.001025
OPCODE	D844	961	0.001022
OPCODE	3D68	959	0.001020
OPCODE	46FC	956	0.001017
OPCODE	C043	956	0.001017
OPCODE	584E	955	0.001016
OPCODE	E9D6	955	0.001016
OPCODE	700F	953	0.001014
OPCODE	E588	947	0.001007
OPCODE	67FA	942	0.001002
OPCODE	6D2E	942	0.001002
OPCODE	BFD1	938	0.000998
OPCODE	BFC0	938	0.000998
OPCODE	3606	938	0.000998
OPCODE	6D5C	937	0.000997
OPCODE	66F8	936	0.000996
OPCODE	E348	933	0.000992
OPCODE	2A03	933	0.000992
OPCODE	0040	925	0.000984
OPCODE	6042	923	0.000982
OPCODE	D7C4	920	0.000979
OPCODE	9A86	920	0.000979
OPCODE	9A82	920	0.000979
OPCODE	C6B8	919	0.000978
OPCODE	8198	919	0.000978
OPCODE	E9C1	918	0.000976
OPCODE	6D04	915	0.000973
OPCODE	6504	913	0.000971
OPCODE	722A	913	0.000971
OPCODE	D640	913	0.000971
OPCODE	6C0A	909	0.000967
OPCODE	2F1E	907	0.000965
OPCODE	2D1F	907	0.000965
OPCODE	6B28	907	0.000965
OPCODE	B251	898	0.000955
OPCODE	6FEE	897	0.000954
OPCODE	7A03	896	0.000953
OPCODE	6CF6	894	0.000951
OPCODE	D5C2	893	0.000950
OPCODE	2202	892	0.000949
OPCODE	9FC2	890	0.000947
OPCODE	2484	889	0.000946
OPCODE	C443	888	0.000945
OPCODE	D882	886	0.000942
OPCODE	93C8	885	0.000941
OPCODE	306C	883	0.000939
OPCODE	B082	883	0.000939
OPCODE	D1C9	883	0.000939
OPCODE	6F2A	882	0.000938
OPCODE	DA46	881	0.000937
OPCODE	3E09	881	0.000937
OPCODE	E54D	881	0.000937
OPCODE	D2C7	881	0.000937
OPCODE	3011	875	0.000931
OPCODE	246C	875	0.000931
OPCODE	4BFA	863	0.000918
OPCODE	3030	860	0.000915
OPCODE	14EB	858	0.000913
OPCODE	E9C2	856	0.000910
OPCODE	1684	854	0.000908
OPCODE	60E8	851	0.000905
OPCODE	C94D	843	0.000897
OPCODE	6E58	841	0.000895
OPCODE	300D	840	0.000893
OPCODE	7403	836	0.000889
OPCODE	6ECE	836	0.000889
OPCODE	6DCA	835	0.000888
OPCODE	9441	834	0.000887
OPCODE	2C13	833	0.000886
OPCODE	D04D	832	0.000885
OPCODE	DEC7	832	0.000885
OPCODE	384B	832	0.000885
OPCODE	300F	832	0.000885
OPCODE	45F2	832	0.000885
OPCODE	D287	826	0.000879
OPCODE	3C2B	825	0.000878
OPCODE	BA41	824	0.000876
OPCODE	48E6	812	0.000864
OPCODE	D278	804	0.000855
OPCODE	D851	804	0.000855
OPCODE	B66E	803	0.000854
OPCODE	21CC	801	0.000852
OPCODE	C904	800	0.000851
OPCODE	C301	800	0.000851
OPCODE	C703	800	0.000851
OPCODE	643C	800	0.000851
OPCODE	CB05	800	0.000851
OPCODE	C502	800	0.000851
OPCODE	D0BC	784	0.000834
OPCODE	2A18	784	0.000834
OPCODE	2348	784	0.000834
OPCODE	B06B	783	0.000833
OPCODE	4CDE	782	0.000832
OPCODE	0892	780	0.000830
OPCODE	08D2	780	0.000830
OPCODE	3605	777	0.000826
OPCODE	61E8	777	0.000826
OPCODE	36C6	776	0.000825
OPCODE	6018	774	0.000823
OPCODE	4EB5	773	0.000822
OPCODE	36C5	772	0.000821
OPCODE	669E	771	0.000820
OPCODE	3433	771	0.000820
OPCODE	6A20	770	0.000819
OPCODE	B3CB	768	0.000817
OPCODE	2033	768	0.000817
OPCODE	10F4	768	0.000817
OPCODE	E8D2	768	0.000817
OPCODE	0806	768	0.000817
OPCODE	10F5	768	0.000817
OPCODE	10F6	768	0.000817
OPCODE	E24B	768	0.000817
OPCODE	1211	765	0.000814
OPCODE	2649	763	0.000812
OPCODE	6108	762	0.000811
OPCODE	B887	761	0.000809
OPCODE	3004	756	0.000804
OPCODE	1012	750	0.000798
OPCODE	3340	749	0.000797
OPCODE	4A46	747	0.000795
OPCODE	486D	747	0.000795
OPCODE	6208	747	0.000795
OPCODE	650A	740	0.000787
OPCODE	D301	736	0.000783
OPCODE	67E0	736	0.000783
OPCODE	BE86	733	0.000780
OPCODE	1001	728	0.000774
OPCODE	301A	726	0.000772
OPCODE	2E28	722	0.000768
OPCODE	6F08	720	0.000766
OPCODE	8CAE	717	0.000763
OPCODE	1481	714	0.000759
OPCODE	6A14	713	0.000758
OPCODE	A122	711	0.000756
OPCODE	1411	709	0.000754
OPCODE	30FC	708	0.000753
OPCODE	20A9	706	0.000751
OPCODE	32E8	704	0.000749
OPCODE	0810	701	0.000746
OPCODE	2205	699	0.000743
OPCODE	3604	698	0.000742
OPCODE	3D6A	698	0.000742
OPCODE	D269	696	0.000740
OPCODE	2042	695	0.000739
OPCODE	48C6	691	0.000735
OPCODE	B4AC	688	0.000732
OPCODE	30D9	686	0.000730
OPCODE	E0AE	684	0.000728
OPCODE	4686	684	0.000728
OPCODE	5344	680	0.000723
OPCODE	4A92	679	0.000722
OPCODE	1005	678	0.000721
OPCODE	60D2	674	0.000717
OPCODE	518F	674	0.000717
OPCODE	66EC	671	0.000714
OPCODE	22C2	668	0.000711
OPCODE	57C1	667	0.000709
OPCODE	CC84	667	0.000709
OPCODE	CC94	667	0.000709
OPCODE	E0AB	667	0.000709
OPCODE	8C81	666	0.000708
OPCODE	C286	666	0.000708
OPCODE	C0BC	666	0.000708
OPCODE	67DA	666	0.000708
OPCODE	28C6	666	0.000708
OPCODE	7203	662	0.000704
OPCODE	1BAD	657	0.000699
OPCODE	D6EB	657	0.000699
OPCODE	3A1A	657	0.000699
OPCODE	6408	655	0.000697
OPCODE	6D12	653	0.000695
OPCODE	BEAE	648	0.000689
OPCODE	E689	644	0.000685
OPCODE	3206	644	0.000685
OPCODE	9C6E	644	0.000685
OPCODE	2149	644	0.000685
OPCODE	C200	641	0.000682
OPCODE	9042	637	0.000678
OPCODE	6060	635	0.000675
OPCODE	2254	635	0.000675
OPCODE	222F	635	0.000675
OPCODE	24E9	635	0.000675
OPCODE	208A	633	0.000673
OPCODE	24C8	632	0.000672
OPCODE	C100	630	0.000670
OPCODE	66E0	629	0.000669
OPCODE	93C9	627	0.000667
OPCODE	2F2A	620	0.000659
OPCODE	E14D	619	0.000658
OPCODE	B0A8	619	0.000658
OPCODE	A822	615	0.000654
OPCODE	5BC8	614	0.000653
OPCODE	6124	612	0.000651
OPCODE	204F	607	0.000646
OPCODE	8001	604	0.000642
OPCODE	6020	601	0.000639
OPCODE	5882	600	0.000638
OPCODE	B4B1	592	0.000630
OPCODE	65F0	588	0.000625
OPCODE	2F80	585	0.000622
OPCODE	B291	583	0.000620
OPCODE	3F70	581	0.000618
OPCODE	5888	581	0.000618
OPCODE	66EE	580	0.000617
OPCODE	3413	580	0.000617
OPCODE	6F30	579	0.000616
OPCODE	2063	579	0.000616
OPCODE	2F41	576	0.000613
OPCODE	B308	575	0.000612
OPCODE	2641	574	0.000611
OPCODE	4A51	573	0.000609
OPCODE	4A06	572	0.000608
OPCODE	605C	569	0.000605
OPCODE	6E48	568	0.000604
OPCODE	5A41	568	0.000604
OPCODE	2C04	567	0.000603
OPCODE	45F1	566	0.000602
OPCODE	41F1	562	0.000598
OPCODE	223C	561	0.000597
OPCODE	226A	561	0.000597
OPCODE	B090	556	0.000591
OPCODE	1759	556	0.000591
OPCODE	2F13	555	0.000590
OPCODE	1028	555	0.000590
OPCODE	6118	554	0.000589
OPCODE	2608	552	0.000587
OPCODE	BC90	550	0.000585
OPCODE	6C7E	545	0.000580
OPCODE	6758	542	0.000577
OPCODE	32C3	542	0.000577
OPCODE	2B41	540	0.000574
OPCODE	6206	540	0.000574
OPCODE	082D	538	0.000572
OPCODE	50ED	538	0.000572
OPCODE	1B6B	538	0.000572
OPCODE	C02D	538	0.000572
OPCODE	2088	537	0.000571
OPCODE	DE80	537	0.000571
OPCODE	E181	532	0.000566
OPCODE	1802	532	0.000566
OPCODE	43EA	532	0.000566
OPCODE	D2C4	532	0.000566
OPCODE	E09A	532	0.000566
OPCODE	5287	531	0.000565
OPCODE	926A	528	0.000562
OPCODE	D0A8	525	0.000558
OPCODE	1419	524	0.000557
OPCODE	E049	523	0.000556
OPCODE	222C	523	0.000556
OPCODE	6DA8	520	0.000553
OPCODE	D180	519	0.000552
OPCODE	6EC8	519	0.000552
OPCODE	4C2F	519	0.000552
OPCODE	91A9	518	0.000551
OPCODE	3290	518	0.000551
OPCODE	6D44	517	0.000550
OPCODE	6F1E	517	0.000550
OPCODE	9444	517	0.000550
OPCODE	234C	515	0.000548
OPCODE	6B3C	514	0.000547
OPCODE	12C2	514	0.000547
OPCODE	D4FC	513	0.000546
OPCODE	6EBE	513	0.000546
OPCODE	6EA8	513	0.000546
OPCODE	6EC0	513	0.000546
OPCODE	6DB4	513	0.000546
OPCODE	5249	512	0.000545
OPCODE	4A1B	512	0.000545
OPCODE	6DC2	512	0.000545
OPCODE	6DB0	512	0.000545
OPCODE	397C	511	0.000544
OPCODE	08B1	511	0.000544
OPCODE	3381	507	0.000539
OPCODE	E098	504	0.000536
OPCODE	E9C3	502	0.000534
OPCODE	A8E4	501	0.000533
OPCODE	2948	499	0.000531
OPCODE	2D50	497	0.000529
OPCODE	6A32	497	0.000529
OPCODE	1813	496	0.000528
OPCODE	49E9	496	0.000528
OPCODE	70F0	495	0.000527
OPCODE	B673	495	0.000527
OPCODE	101C	495	0.000527
OPCODE	4A59	494	0.000525
OPCODE	C22E	494	0.000525
OPCODE	A8A7	493	0.000524
OPCODE	74F0	493	0.000524
OPCODE	0641	492	0.000523
OPCODE	DE85	490	0.000521
OPCODE	6134	490	0.000521
OPCODE	24C3	490	0.000521
OPCODE	4C40	490	0.000521
OPCODE	604C	489	0.000520
OPCODE	6CD6	488	0.000519
OPCODE	3A1F	487	0.000518
OPCODE	0128	486	0.000517
OPCODE	6A2A	486	0.000517
OPCODE	5189	484	0.000515
OPCODE	2817	484	0.000515
OPCODE	E740	483	0.000514
OPCODE	B110	482	0.000513
OPCODE	C882	482	0.000513
OPCODE	C010	482	0.000513
OPCODE	20CE	482	0.000513
OPCODE	8111	482	0.000513
OPCODE	C411	482	0.000513
OPCODE	2489	482	0.000513
OPCODE	B483	482	0.000513
OPCODE	8510	482	0.000513
OPCODE	B511	482	0.000513
OPCODE	5889	482	0.000513
OPCODE	6C76	481	0.000512
OPCODE	6ED4	481	0.000512
OPCODE	D5C9	480	0.000511
OPCODE	D4C4	480	0.000511
OPCODE	D7C9	480	0.000511
OPCODE	D4E9	480	0.000511
OPCODE	2C2F	480	0.000511
OPCODE	DBC8	480	0.000511
OPCODE	2D42	478	0.000508
OPCODE	6B38	478	0.000508
OPCODE	4EF2	478	0.000508
OPCODE	C2AE	473	0.000503
OPCODE	21D0	472	0.000502
OPCODE	0C82	470	0.000500
OPCODE	45F4	468	0.000498
OPCODE	740E	468	0.000498
OPCODE	2F40	466	0.000496
OPCODE	2C02	464	0.000494
OPCODE	4A81	463	0.000492
OPCODE	2419	462	0.000491
OPCODE	34D9	460	0.000489
OPCODE	92AA	460	0.000489
OPCODE	0054	459	0.000488
OPCODE	08EA	453	0.000482
OPCODE	5387	452	0.000481
OPCODE	2E48	451	0.000480
OPCODE	60BE	450	0.000479
OPCODE	70F8	447	0.000475
OPCODE	2471	447	0.000475
OPCODE	2A4F	447	0.000475
OPCODE	6116	446	0.000474
OPCODE	B894	445	0.000473
OPCODE	3205	445	0.000473
OPCODE	93CC	445	0.000473
OPCODE	3609	445	0.000473
OPCODE	284F	445	0.000473
OPCODE	4CD0	445	0.000473
OPCODE	2941	445	0.000473
OPCODE	554B	445	0.000473
OPCODE	2208	444	0.000472
OPCODE	C4FC	442	0.000470
OPCODE	6142	442	0.000470
OPCODE	2410	439	0.000467
OPCODE	D740	439	0.000467
OPCODE	2F5F	436	0.000464
OPCODE	B282	436	0.000464
OPCODE	5281	435	0.000463
OPCODE	2A5F	434	0.000462
OPCODE	2F0D	434	0.000462
OPCODE	2868	434	0.000462
OPCODE	664E	433	0.000461
OPCODE	2F10	433	0.000461
OPCODE	3341	430	0.000457
OPCODE	6F6C	430	0.000457
OPCODE	594C	430	0.000457
OPCODE	280F	430	0.000457
OPCODE	5285	429	0.000456
OPCODE	0C70	427	0.000454
OPCODE	F4F1	427	0.000454
OPCODE	5488	427	0.000454
OPCODE	22B0	424	0.000451
OPCODE	B5FC	424	0.000451
OPCODE	3370	424	0.000451
OPCODE	C149	423	0.000450
OPCODE	B200	422	0.000449
OPCODE	2082	420	0.000447
OPCODE	0440	419	0.000446
OPCODE	94C0	414	0.000440
OPCODE	E099	410	0.000436
OPCODE	12D3	410	0.000436
OPCODE	D6C3	410	0.000436
OPCODE	B0A9	410	0.000436
OPCODE	3A01	407	0.000433
OPCODE	9443	405	0.000431
OPCODE	B652	405	0.000431
OPCODE	92AE	402	0.000428
OPCODE	6058	401	0.000427
OPCODE	61D8	401	0.000427
OPCODE	B278	400	0.000425
OPCODE	31C0	400	0.000425
OPCODE	50F8	398	0.000423
OPCODE	61E0	397	0.000422
OPCODE	58AC	397	0.000422
OPCODE	5080	396	0.000421
OPCODE	0092	396	0.000421
OPCODE	254E	396	0.000421
OPCODE	8401	395	0.000420
OPCODE	B078	394	0.000419
OPCODE	12E8	394	0.000419
OPCODE	0202	393	0.000418
OPCODE	CEB0	393	0.000418
OPCODE	9252	393	0.000418
OPCODE	B490	393	0.000418
OPCODE	2482	391	0.000416
OPCODE	208C	390	0.000415
OPCODE	32BC	389	0.000414
OPCODE	45EA	389	0.000414
OPCODE	42AB	386	0.000411
OPCODE	6D1A	386	0.000411
OPCODE	B843	386	0.000411
OPCODE	246A	386	0.000411
OPCODE	5440	385	0.000410
OPCODE	E218	384	0.000408
OPCODE	2433	384	0.000408
OPCODE	DF6B	384	0.000408
OPCODE	8485	384	0.000408
OPCODE	8085	384	0.000408
OPCODE	D100	384	0.000408
OPCODE	6768	382	0.000406
OPCODE	67EA	382	0.000406
OPCODE	204E	382	0.000406
OPCODE	31E8	381	0.000405
OPCODE	2E1F	380	0.000404
OPCODE	6318	380	0.000404
OPCODE	5385	378	0.000402
OPCODE	AA33	377	0.000401
OPCODE	2F05	375	0.000399
OPCODE	B290	374	0.000398
OPCODE	206A	373	0.000397
OPCODE	E240	373	0.000397
OPCODE	C001	370	0.000394
OPCODE	2828	369	0.000392
OPCODE	9C81	367	0.000390
OPCODE	3941	367	0.000390
OPCODE	6048	366	0.000389
OPCODE	B4B8	366	0.000389
OPCODE	1218	366	0.000389
OPCODE	67D8	364	0.000387
OPCODE	D0C0	364	0.000387
OPCODE	B6AC	364	0.000387
OPCODE	362A	363	0.000386
OPCODE	D068	362	0.000385
OPCODE	3E1B	362	0.000385
OPCODE	264C	361	0.000384
OPCODE	9282	361	0.000384
OPCODE	224F	360	0.000383
OPCODE	0257	360	0.000383
OPCODE	C641	359	0.000382
OPCODE	C243	359	0.000382
OPCODE	E29A	358	0.000381
OPCODE	1744	358	0.000381
OPCODE	E298	358	0.000381
OPCODE	E08C	358	0.000381
OPCODE	9682	358	0.000381
OPCODE	EE8C	358	0.000381
OPCODE	2C0A	358	0.000381
OPCODE	D8EE	357	0.000380
OPCODE	6D14	357	0.000380
OPCODE	92A8	356	0.000379
OPCODE	56C3	355	0.000378
OPCODE	E208	355	0.000378
OPCODE	64F0	353	0.000375
OPCODE	606C	353	0.000375
OPCODE	6D78	353	0.000375
OPCODE	32D0	352	0.000374
OPCODE	50D9	352	0.000374
OPCODE	3151	352	0.000374
OPCODE	2949	352	0.000374
OPCODE	A901	352	0.000374
OPCODE	DEFC	350	0.000372
OPCODE	6F06	349	0.000371
OPCODE	5238	349	0.000371
OPCODE	B300	348	0.000370
OPCODE	2889	348	0.000370
OPCODE	B4A8	347	0.000369
OPCODE	3236	346	0.000368
OPCODE	4876	346	0.000368
OPCODE	2036	346	0.000368
OPCODE	2D76	346	0.000368
OPCODE	2275	345	0.000367
OPCODE	AA14	345	0.000367
OPCODE	9244	344	0.000366
OPCODE	E688	344	0.000366
OPCODE	60B2	343	0.000365
OPCODE	5DEE	343	0.000365
OPCODE	612A	342	0.000364
OPCODE	D0C3	341	0.000363
OPCODE	A8A1	340	0.000362
OPCODE	D090	340	0.000362
OPCODE	6B5E	338	0.000360
OPCODE	5538	338	0.000360
OPCODE	67E2	338	0.000360
OPCODE	225A	336	0.000357
OPCODE	5489	336	0.000357
OPCODE	205A	336	0.000357
OPCODE	207C	335	0.000356
OPCODE	2C1F	334	0.000355
OPCODE	B880	334	0.000355
OPCODE	B9D3	334	0.000355
OPCODE	926C	333	0.000354
OPCODE	D5CB	333	0.000354
OPCODE	4A18	330	0.000351
OPCODE	610E	330	0.000351
OPCODE	B095	329	0.000350
OPCODE	6306	329	0.000350
OPCODE	9C6D	329	0.000350
OPCODE	CC80	329	0.000350
OPCODE	607E	329	0.000350
OPCODE	E9AE	329	0.000350
OPCODE	A82A	328	0.000349
OPCODE	9286	327	0.000348
OPCODE	6148	325	0.000346
OPCODE	BF84	324	0.000345
OPCODE	8992	324	0.000345
OPCODE	60E6	323	0.000344
OPCODE	6EB0	323	0.000344
OPCODE	1F3C	323	0.000344
OPCODE	6DBC	322	0.000342
OPCODE	E248	319	0.000339
OPCODE	6D82	318	0.000338
OPCODE	5384	317	0.000337
OPCODE	2A02	317	0.000337
OPCODE	3740	316	0.000336
OPCODE	AA15	316	0.000336
OPCODE	4AB1	316	0.000336
OPCODE	66D8	315	0.000335
OPCODE	60B4	314	0.000334
OPCODE	65F6	312	0.000332
OPCODE	E282	310	0.000330
OPCODE	49F3	310	0.000330
OPCODE	3F2A	310	0.000330
OPCODE	5C8A	309	0.000329
OPCODE	2C38	309	0.000329
OPCODE	66F6	309	0.000329
OPCODE	3F38	308	0.000328
OPCODE	6510	306	0.000325
OPCODE	300C	303	0.000322
OPCODE	8047	303	0.000322
OPCODE	4A82	303	0.000322
OPCODE	3E0B	303	0.000322
OPCODE	6D22	303	0.000322
OPCODE	E641	303	0.000322
OPCODE	D8C1	303	0.000322
OPCODE	7208	303	0.000322
OPCODE	5284	303	0.000322
OPCODE	360D	303	0.000322
OPCODE	8046	303	0.000322
OPCODE	2E12	302	0.000321
OPCODE	603A	301	0.000320
OPCODE	3947	301	0.000320
OPCODE	6128	301	0.000320
OPCODE	D7D4	301	0.000320
OPCODE	BC85	300	0.000319
OPCODE	A05D	298	0.000317
OPCODE	99CC	296	0.000315
OPCODE	C052	296	0.000315
OPCODE	21C0	295	0.000314
OPCODE	023C	293	0.000312
OPCODE	E04A	293	0.000312
OPCODE	BC6B	293	0.000312
OPCODE	60DC	291	0.000310
OPCODE	429B	290	0.000308
OPCODE	6B30	289	0.000307
OPCODE	61EA	287	0.000305
OPCODE	5268	287	0.000305
OPCODE	6E3E	286	0.000304
OPCODE	2968	286	0.000304
OPCODE	51EE	284	0.000302
OPCODE	3802	283	0.000301
OPCODE	DA86	283	0.000301
OPCODE	229F	283	0.000301
OPCODE	651C	282	0.000300
OPCODE	426A	282	0.000300
OPCODE	1803	281	0.000299
OPCODE	6182	281	0.000299
OPCODE	5449	280	0.000298
OPCODE	E189	280	0.000298
OPCODE	60D6	280	0.000298
OPCODE	B853	278	0.000296
OPCODE	65CE	278	0.000296
OPCODE	0701	278	0.000296
OPCODE	2075	277	0.000295
OPCODE	C0D4	277	0.000295
OPCODE	6B5A	277	0.000295
OPCODE	B7D4	273	0.000290
OPCODE	7E01	272	0.000289
OPCODE	2F78	271	0.000288
OPCODE	B9FC	271	0.000288
OPCODE	41EC	270	0.000287
OPCODE	6516	268	0.000285
OPCODE	514F	268	0.000285
OPCODE	E14C	267	0.000284
OPCODE	31BC	265	0.000282
OPCODE	7620	264	0.000281
OPCODE	08EC	263	0.000280
OPCODE	1011	262	0.000279
OPCODE	1007	262	0.000279
OPCODE	C0AC	261	0.000278
OPCODE	9FAC	260	0.000277
OPCODE	197C	259	0.000275
OPCODE	6DAC	257	0.000273
OPCODE	603E	257	0.000273
OPCODE	6692	257	0.000273
OPCODE	A8A2	257	0.000273
OPCODE	6682	257	0.000273
OPCODE	668C	257	0.000273
OPCODE	6688	257	0.000273
OPCODE	222A	257	0.000273
OPCODE	6DCC	256	0.000272
OPCODE	B468	256	0.000272
OPCODE	1282	256	0.000272
OPCODE	1604	256	0.000272
OPCODE	A8E1	256	0.000272
OPCODE	6F2C	256	0.000272
OPCODE	A8D2	256	0.000272
OPCODE	A8B8	256	0.000272
OPCODE	A8B7	256	0.000272
OPCODE	6B6E	256	0.000272
OPCODE	E968	255	0.000271
OPCODE	102F	255	0.000271
OPCODE	2074	254	0.000270
OPCODE	EED2	254	0.000270
OPCODE	6A0E	254	0.000270
OPCODE	8042	253	0.000269
OPCODE	E148	252	0.000268
OPCODE	4257	252	0.000268
OPCODE	613C	252	0.000268
OPCODE	2390	251	0.000267
OPCODE	03C4	251	0.000267
OPCODE	5270	251	0.000267
OPCODE	B432	251	0.000267
OPCODE	D242	251	0.000267
OPCODE	89AB	251	0.000267
OPCODE	3F41	251	0.000267
OPCODE	4270	251	0.000267
OPCODE	08F1	251	0.000267
OPCODE	6BC8	251	0.000267
OPCODE	33A8	251	0.000267
OPCODE	48C5	250	0.000266
OPCODE	CA47	250	0.000266
OPCODE	6774	248	0.000264
OPCODE	42AC	247	0.000263
OPCODE	1F7C	246	0.000262
OPCODE	61BE	246	0.000262
OPCODE	1238	245	0.000261
OPCODE	B02E	245	0.000261
OPCODE	C0FC	245	0.000261
OPCODE	5261	243	0.000258
OPCODE	0651	243	0.000258
OPCODE	06A1	243	0.000258
OPCODE	08AC	242	0.000257
OPCODE	C1C1	241	0.000256
OPCODE	EA88	241	0.000256
OPCODE	5549	241	0.000256
OPCODE	4A99	241	0.000256
OPCODE	604A	241	0.000256
OPCODE	44AE	240	0.000255
OPCODE	56CC	240	0.000255
OPCODE	2308	240	0.000255
OPCODE	343C	240	0.000255
OPCODE	6080	240	0.000255
OPCODE	B38B	240	0.000255
OPCODE	A8E6	239	0.000254
OPCODE	2F20	239	0.000254
OPCODE	E24C	237	0.000252
OPCODE	5C48	237	0.000252
OPCODE	5140	237	0.000252
OPCODE	D641	236	0.000251
OPCODE	C0A8	236	0.000251
OPCODE	E96B	236	0.000251
OPCODE	6C34	236	0.000251
OPCODE	9359	234	0.000249
OPCODE	9159	234	0.000249
OPCODE	7E1F	234	0.000249
OPCODE	D044	233	0.000248
OPCODE	4A44	232	0.000247
OPCODE	2542	232	0.000247
OPCODE	6C14	232	0.000247
OPCODE	6B4A	231	0.000246
OPCODE	65BC	230	0.000245
OPCODE	D62A	230	0.000245
OPCODE	2845	230	0.000245
OPCODE	1180	230	0.000245
OPCODE	1482	230	0.000245
OPCODE	46C3	230	0.000245
OPCODE	40C3	230	0.000245
OPCODE	1F02	230	0.000245
OPCODE	D5AA	230	0.000245
OPCODE	E94A	230	0.000245
OPCODE	D2A9	230	0.000245
OPCODE	9611	230	0.000245
OPCODE	93AA	230	0.000245
OPCODE	45E9	230	0.000245
OPCODE	C601	230	0.000245
OPCODE	9411	230	0.000245
OPCODE	C229	230	0.000245
OPCODE	1541	230	0.000245
OPCODE	3F5F	229	0.000244
OPCODE	3A2C	229	0.000244
OPCODE	4E94	228	0.000243
OPCODE	319F	228	0.000243
OPCODE	1210	227	0.000241
OPCODE	D843	225	0.000239
OPCODE	65D8	225	0.000239
OPCODE	6220	225	0.000239
OPCODE	D0AE	223	0.000237
OPCODE	A069	223	0.000237
OPCODE	56C2	223	0.000237
OPCODE	3F6F	222	0.000236
OPCODE	57EE	222	0.000236
OPCODE	B0AA	222	0.000236
OPCODE	2A2C	219	0.000233
OPCODE	2073	217	0.000231
OPCODE	45E8	216	0.000230
OPCODE	60EE	216	0.000230
OPCODE	ED49	216	0.000230
OPCODE	3C00	215	0.000229
OPCODE	57C5	215	0.000229
OPCODE	2852	215	0.000229
OPCODE	47EC	215	0.000229
OPCODE	A06A	214	0.000228
OPCODE	C0AB	213	0.000227
OPCODE	1228	212	0.000225
OPCODE	242B	211	0.000224
OPCODE	67D4	211	0.000224
OPCODE	286F	211	0.000224
OPCODE	0C78	210	0.000223
OPCODE	70C6	209	0.000222
OPCODE	A04A	209	0.000222
OPCODE	6B34	209	0.000222
OPCODE	6F0E	208	0.000221
OPCODE	3600	208	0.000221
OPCODE	B670	208	0.000221
OPCODE	D082	208	0.000221
OPCODE	B086	208	0.000221
OPCODE	B5EC	208	0.000221
OPCODE	EFD2	208	0.000221
OPCODE	6024	208	0.000221
OPCODE	642A	206	0.000219
OPCODE	E440	205	0.000218
OPCODE	20C7	205	0.000218
OPCODE	2548	204	0.000217
OPCODE	1D68	204	0.000217
OPCODE	277C	204	0.000217
OPCODE	C0C1	203	0.000216
OPCODE	58AE	203	0.000216
OPCODE	B270	202	0.000215
OPCODE	B1CC	202	0.000215
OPCODE	D043	201	0.000214
OPCODE	1280	201	0.000214
OPCODE	A8D9	201	0.000214
OPCODE	2E10	200	0.000213
OPCODE	2046	200	0.000213
OPCODE	EFC2	200	0.000213
OPCODE	E54B	199	0.000212
OPCODE	262F	199	0.000212
OPCODE	283C	199	0.000212
OPCODE	67AE	199	0.000212
OPCODE	80FC	199	0.000212
OPCODE	20AE	198	0.000211
OPCODE	0831	198	0.000211
OPCODE	A8D8	197	0.000210
OPCODE	D26D	197	0.000210
OPCODE	5D40	197	0.000210
OPCODE	47F7	197	0.000210
OPCODE	E488	197	0.000210
OPCODE	97D4	196	0.000208
OPCODE	EA49	195	0.000207
OPCODE	3005	195	0.000207
OPCODE	234F	195	0.000207
OPCODE	1E00	195	0.000207
OPCODE	0C6D	195	0.000207
OPCODE	3F14	195	0.000207
OPCODE	3404	194	0.000206
OPCODE	6788	192	0.000204
OPCODE	D887	192	0.000204
OPCODE	604E	191	0.000203
OPCODE	3D78	190	0.000202
OPCODE	56C6	190	0.000202
OPCODE	BC2C	190	0.000202
OPCODE	610C	189	0.000201
OPCODE	3F2C	188	0.000200
OPCODE	4217	188	0.000200
OPCODE	425B	188	0.000200
OPCODE	5840	188	0.000200
OPCODE	D0F0	187	0.000199
OPCODE	90AE	187	0.000199
OPCODE	70DA	186	0.000198
OPCODE	2076	186	0.000198
OPCODE	8441	185	0.000197
OPCODE	518B	185	0.000197
OPCODE	0C04	184	0.000196
OPCODE	2385	183	0.000195
OPCODE	5480	183	0.000195
OPCODE	6D28	183	0.000195
OPCODE	A06E	183	0.000195
OPCODE	8640	183	0.000195
OPCODE	6098	183	0.000195
OPCODE	7048	183	0.000195
OPCODE	4251	182	0.000194
OPCODE	D647	182	0.000194
OPCODE	D440	181	0.000193
OPCODE	A889	181	0.000193
OPCODE	296E	181	0.000193
OPCODE	F200	181	0.000193
OPCODE	C685	180	0.000191
OPCODE	4C90	180	0.000191
OPCODE	082C	179	0.000190
OPCODE	55C0	179	0.000190
OPCODE	1219	179	0.000190
OPCODE	61DE	178	0.000189
OPCODE	0C6A	177	0.000188
OPCODE	30EE	177	0.000188
OPCODE	2A54	177	0.000188
OPCODE	968D	177	0.000188
OPCODE	A03C	176	0.000187
OPCODE	3C38	175	0.000186
OPCODE	1834	175	0.000186
OPCODE	6ED6	175	0.000186
OPCODE	E9A8	175	0.000186
OPCODE	45FB	174	0.000185
OPCODE	B08C	174	0.000185
OPCODE	B9E8	173	0.000184
OPCODE	D244	173	0.000184
OPCODE	2417	173	0.000184
OPCODE	C12E	173	0.000184
OPCODE	C602	173	0.000184
OPCODE	5FE7	173	0.000184
OPCODE	6C24	173	0.000184
OPCODE	D141	173	0.000184
OPCODE	31F8	173	0.000184
OPCODE	9644	173	0.000184
OPCODE	9D6E	173	0.000184
OPCODE	D368	173	0.000184
OPCODE	282C	173	0.000184
OPCODE	862E	173	0.000184
OPCODE	6A28	173	0.000184
OPCODE	200F	173	0.000184
OPCODE	7205	172	0.000183
OPCODE	3418	171	0.000182
OPCODE	605A	171	0.000182
OPCODE	4A91	171	0.000182
OPCODE	928F	171	0.000182
OPCODE	7C01	171	0.000182
OPCODE	E281	171	0.000182
OPCODE	2E49	171	0.000182
OPCODE	228E	171	0.000182
OPCODE	67F0	170	0.000181
OPCODE	2F21	170	0.000181
OPCODE	6750	170	0.000181
OPCODE	A884	169	0.000180
OPCODE	B642	169	0.000180
OPCODE	62B8	168	0.000179
OPCODE	D36B	168	0.000179
OPCODE	E6A8	168	0.000179
OPCODE	61F2	168	0.000179
OPCODE	4A17	168	0.000179
OPCODE	1E01	168	0.000179
OPCODE	6666	168	0.000179
OPCODE	2D46	167	0.000178
OPCODE	360C	167	0.000178
OPCODE	21FC	167	0.000178
OPCODE	E64B	167	0.000178
OPCODE	C642	167	0.000178
OPCODE	6DEA	167	0.000178
OPCODE	D340	167	0.000178
OPCODE	9BCD	167	0.000178
OPCODE	A8EF	166	0.000177
OPCODE	2950	165	0.000176
OPCODE	3800	164	0.000174
OPCODE	B1FC	164	0.000174
OPCODE	2880	164	0.000174
OPCODE	BE40	163	0.000173
OPCODE	6110	163	0.000173
OPCODE	4AAA	163	0.000173
OPCODE	665E	162	0.000172
OPCODE	4698	161	0.000171
OPCODE	6C16	161	0.000171
OPCODE	C188	161	0.000171
OPCODE	67E6	160	0.000170
OPCODE	48F8	159	0.000169
OPCODE	43F2	159	0.000169
OPCODE	6792	159	0.000169
OPCODE	D241	159	0.000169
OPCODE	2252	158	0.000168
OPCODE	6A3E	158	0.000168
OPCODE	B250	158	0.000168
OPCODE	B244	158	0.000168
OPCODE	2D9F	157	0.000167
OPCODE	721F	157	0.000167
OPCODE	5640	157	0.000167
OPCODE	B5C9	156	0.000166
OPCODE	92FC	155	0.000165
OPCODE	5349	155	0.000165
OPCODE	D0E8	155	0.000165
OPCODE	3940	154	0.000164
OPCODE	614A	154	0.000164
OPCODE	4851	154	0.000164
OPCODE	B680	153	0.000163
OPCODE	11C0	153	0.000163
OPCODE	48B8	152	0.000162
OPCODE	95C0	152	0.000162
OPCODE	97C0	152	0.000162
OPCODE	D5C0	152	0.000162
OPCODE	AB1D	152	0.000162
OPCODE	3211	152	0.000162
OPCODE	6F10	152	0.000162
OPCODE	66D4	151	0.000161
OPCODE	3233	150	0.000160
OPCODE	442E	150	0.000160
OPCODE	A862	150	0.000160
OPCODE	AA1A	150	0.000160
OPCODE	6658	150	0.000160
OPCODE	E859	149	0.000158
OPCODE	66FA	149	0.000158
OPCODE	E959	149	0.000158
OPCODE	3E06	148	0.000157
OPCODE	67BC	147	0.000156
OPCODE	2169	147	0.000156
OPCODE	6444	146	0.000155
OPCODE	80F8	146	0.000155
OPCODE	B2B8	146	0.000155
OPCODE	B089	146	0.000155
OPCODE	6204	146	0.000155
OPCODE	F217	146	0.000155
OPCODE	620A	146	0.000155
OPCODE	316A	146	0.000155
OPCODE	4A70	146	0.000155
OPCODE	122A	146	0.000155
OPCODE	C047	145	0.000154
OPCODE	49E8	145	0.000154
OPCODE	A8E5	144	0.000153
OPCODE	BE92	144	0.000153
OPCODE	6448	144	0.000153
OPCODE	02AE	144	0.000153
OPCODE	60C4	144	0.000153
OPCODE	A9A0	143	0.000152
OPCODE	21B8	142	0.000151
OPCODE	3629	142	0.000151
OPCODE	266F	142	0.000151
OPCODE	3E2B	142	0.000151
OPCODE	2368	142	0.000151
OPCODE	AA19	141	0.000150
OPCODE	2680	140	0.000149
OPCODE	21ED	139	0.000148
OPCODE	6762	139	0.000148
OPCODE	215F	139	0.000148
OPCODE	E368	139	0.000148
OPCODE	D088	138	0.000147
OPCODE	F201	138	0.000147
OPCODE	57C8	138	0.000147
OPCODE	C0E8	138	0.000147
OPCODE	214A	137	0.000146
OPCODE	209F	137	0.000146
OPCODE	61CC	137	0.000146
OPCODE	6C44	137	0.000146
OPCODE	9FC1	136	0.000145
OPCODE	6304	136	0.000145
OPCODE	E219	136	0.000145
OPCODE	5743	136	0.000145
OPCODE	20B8	136	0.000145
OPCODE	2740	136	0.000145
OPCODE	C1C2	135	0.000144
OPCODE	2409	135	0.000144
OPCODE	6C90	135	0.000144
OPCODE	6348	135	0.000144
OPCODE	3320	135	0.000144
OPCODE	93AE	134	0.000143
OPCODE	5481	134	0.000143
OPCODE	2EA8	134	0.000143
OPCODE	3F7C	134	0.000143
OPCODE	E8A9	134	0.000143
OPCODE	11F8	134	0.000143
OPCODE	E289	134	0.000143
OPCODE	A8EC	134	0.000143
OPCODE	BDF8	134	0.000143
OPCODE	5681	134	0.000143
OPCODE	5300	133	0.000141
OPCODE	ED59	132	0.000140
OPCODE	612C	132	0.000140
OPCODE	45F8	132	0.000140
OPCODE	47E8	132	0.000140
OPCODE	7218	132	0.000140
OPCODE	DE86	132	0.000140
OPCODE	46EF	132	0.000140
OPCODE	A065	131	0.000139
OPCODE	42AF	131	0.000139
OPCODE	DC44	130	0.000138
OPCODE	6230	130	0.000138
OPCODE	E400	130	0.000138
OPCODE	5040	130	0.000138
OPCODE	3142	130	0.000138
OPCODE	5548	130	0.000138
OPCODE	18C5	130	0.000138
OPCODE	1705	130	0.000138
OPCODE	E749	128	0.000136
OPCODE	DF53	128	0.000136
OPCODE	5D42	128	0.000136
OPCODE	90FC	128	0.000136
OPCODE	6D24	128	0.000136
OPCODE	288C	128	0.000136
OPCODE	396D	128	0.000136
OPCODE	294C	128	0.000136
OPCODE	26C0	128	0.000136
OPCODE	B859	128	0.000136
OPCODE	45F9	127	0.000135
OPCODE	2946	127	0.000135
OPCODE	3210	127	0.000135
OPCODE	CE6E	127	0.000135
OPCODE	2022	126	0.000134
OPCODE	2F57	126	0.000134
OPCODE	28AE	126	0.000134
OPCODE	6C46	126	0.000134
OPCODE	2E03	126	0.000134
OPCODE	2141	125	0.000133
OPCODE	B7E8	125	0.000133
OPCODE	142B	123	0.000131
OPCODE	4A2F	122	0.000130
OPCODE	262B	122	0.000130
OPCODE	4299	122	0.000130
OPCODE	2A31	122	0.000130
OPCODE	E188	122	0.000130
OPCODE	0190	122	0.000130
OPCODE	0001	121	0.000129
OPCODE	2207	121	0.000129
OPCODE	2E2B	121	0.000129
OPCODE	0C98	120	0.000128
OPCODE	323B	120	0.000128
OPCODE	5443	120	0.000128
OPCODE	31DF	120	0.000128
OPCODE	2605	120	0.000128
OPCODE	2D43	120	0.000128
OPCODE	A8A3	120	0.000128
OPCODE	B2AE	119	0.000127
OPCODE	2C07	119	0.000127
OPCODE	2490	118	0.000126
OPCODE	7C7F	117	0.000124
OPCODE	1142	116	0.000123
OPCODE	08B0	116	0.000123
OPCODE	284E	116	0.000123
OPCODE	B1C0	116	0.000123
OPCODE	142C	116	0.000123
OPCODE	2E6D	116	0.000123
OPCODE	66DA	116	0.000123
OPCODE	2030	116	0.000123
OPCODE	01D0	116	0.000123
OPCODE	2C28	115	0.000122
OPCODE	A8E0	115	0.000122
OPCODE	D7E8	115	0.000122
OPCODE	666E	115	0.000122
OPCODE	20DF	115	0.000122
OPCODE	60F8	115	0.000122
OPCODE	6778	115	0.000122
OPCODE	30DF	115	0.000122
OPCODE	0228	115	0.000122
OPCODE	0CA2	115	0.000122
OPCODE	1281	114	0.000121
OPCODE	E410	113	0.000120
OPCODE	5CC0	113	0.000120
OPCODE	2408	113	0.000120
OPCODE	652A	112	0.000119
OPCODE	A879	112	0.000119
OPCODE	D8C0	112	0.000119
OPCODE	C0E9	112	0.000119
OPCODE	222B	111	0.000118
OPCODE	2404	111	0.000118
OPCODE	D485	111	0.000118
OPCODE	D083	111	0.000118
OPCODE	3F57	111	0.000118
OPCODE	D284	111	0.000118
OPCODE	666C	111	0.000118
OPCODE	67C8	111	0.000118
OPCODE	C07C	110	0.000117
OPCODE	50E9	110	0.000117
OPCODE	A96F	110	0.000117
OPCODE	A050	110	0.000117
OPCODE	5FC1	110	0.000117
OPCODE	56F8	109	0.000116
OPCODE	66E2	109	0.000116
OPCODE	AA42	109	0.000116
OPCODE	3411	109	0.000116
OPCODE	6766	109	0.000116
OPCODE	4245	108	0.000115
OPCODE	D169	108	0.000115
OPCODE	3F3A	108	0.000115
OPCODE	3601	108	0.000115
OPCODE	A88B	108	0.000115
OPCODE	A863	108	0.000115
OPCODE	D290	107	0.000114
OPCODE	2281	107	0.000114
OPCODE	2E3C	107	0.000114
OPCODE	A002	107	0.000114
OPCODE	1087	107	0.000114
OPCODE	B5D9	107	0.000114
OPCODE	2A28	107	0.000114
OPCODE	4201	107	0.000114
OPCODE	B007	107	0.000114
OPCODE	B9C9	106	0.000113
OPCODE	2A69	106	0.000113
OPCODE	1E2B	106	0.000113
OPCODE	65E8	106	0.000113
OPCODE	7E03	106	0.000113
OPCODE	E16F	106	0.000113
OPCODE	217C	105	0.000112
OPCODE	2403	105	0.000112
OPCODE	2420	105	0.000112
OPCODE	3801	104	0.000111
OPCODE	4886	104	0.000111
OPCODE	22E0	104	0.000111
OPCODE	D5D4	104	0.000111
OPCODE	A90B	104	0.000111
OPCODE	254A	104	0.000111
OPCODE	381F	104	0.000111
OPCODE	4AA9	103	0.000110
OPCODE	E988	103	0.000110
OPCODE	B1C1	103	0.000110
OPCODE	602E	102	0.000108
OPCODE	7402	102	0.000108
OPCODE	216E	102	0.000108
OPCODE	526D	102	0.000108
OPCODE	536D	102	0.000108
OPCODE	A0A5	102	0.000108
OPCODE	6072	101	0.000107
OPCODE	AA64	101	0.000107
OPCODE	4A03	101	0.000107
OPCODE	BE53	101	0.000107
OPCODE	E48E	101	0.000107
OPCODE	6C0E	101	0.000107
OPCODE	A89E	101	0.000107
OPCODE	6F42	101	0.000107
OPCODE	6E14	101	0.000107
OPCODE	7091	100	0.000106
OPCODE	6D66	100	0.000106
OPCODE	08A8	100	0.000106
OPCODE	38DB	100	0.000106
OPCODE	2E57	99	0.000105
OPCODE	0878	99	0.000105
OPCODE	3747	99	0.000105
OPCODE	49EB	99	0.000105
OPCODE	4883	99	0.000105
OPCODE	60E0	99	0.000105
OPCODE	9250	99	0.000105
OPCODE	5C88	99	0.000105
OPCODE	E38F	98	0.000104
OPCODE	A8E9	98	0.000104
OPCODE	2807	98	0.000104
OPCODE	92F8	98	0.000104
OPCODE	609E	98	0.000104
OPCODE	906A	97	0.000103
OPCODE	41F7	97	0.000103
OPCODE	A825	97	0.000103
OPCODE	B229	97	0.000103
OPCODE	D092	97	0.000103
OPCODE	2097	97	0.000103
OPCODE	4ED6	96	0.000102
OPCODE	3081	96	0.000102
OPCODE	B5C0	96	0.000102
OPCODE	0042	96	0.000102
OPCODE	819B	96	0.000102
OPCODE	4646	96	0.000102
OPCODE	61C4	96	0.000102
OPCODE	4DFA	96	0.000102
OPCODE	2805	96	0.000102
OPCODE	6C54	96	0.000102
OPCODE	D8E8	96	0.000102
OPCODE	619C	96	0.000102
OPCODE	621C	96	0.000102
OPCODE	6D8A	96	0.000102
OPCODE	DAFC	96	0.000102
OPCODE	9C85	95	0.000101
OPCODE	615A	95	0.000101
OPCODE	4268	95	0.000101
OPCODE	216C	95	0.000101
OPCODE	5282	95	0.000101
OPCODE	A8DD	94	0.000100
OPCODE	80C1	94	0.000100
OPCODE	2F49	94	0.000100
OPCODE	70F2	94	0.000100
OPCODE	2203	94	0.000100
OPCODE	6668	94	0.000100
OPCODE	4259	94	0.000100
OPCODE	ABEB	94	0.000100
OPCODE	66CC	93	0.000099
OPCODE	CA94	93	0.000099
OPCODE	2F6F	93	0.000099
OPCODE	4480	92	0.000098
OPCODE	9CFC	92	0.000098
OPCODE	B485	92	0.000098
OPCODE	2458	92	0.000098
OPCODE	2652	92	0.000098
OPCODE	6136	92	0.000098
OPCODE	2A48	92	0.000098
OPCODE	BC6C	92	0.000098
OPCODE	4DEE	92	0.000098
OPCODE	61E4	91	0.000097
OPCODE	9E86	91	0.000097
OPCODE	DDA8	91	0.000097
OPCODE	3945	91	0.000097
OPCODE	2057	91	0.000097
OPCODE	D3AE	91	0.000097
OPCODE	F21F	91	0.000097
OPCODE	C0B4	90	0.000096
OPCODE	1C38	90	0.000096
OPCODE	2E11	90	0.000096
OPCODE	4214	90	0.000096
OPCODE	B259	90	0.000096
OPCODE	B02C	90	0.000096
OPCODE	3280	90	0.000096
OPCODE	9642	90	0.000096
OPCODE	9E91	90	0.000096
OPCODE	B459	90	0.000096
OPCODE	47F1	90	0.000096
OPCODE	E509	90	0.000096
OPCODE	117C	90	0.000096
OPCODE	21C7	90	0.000096
OPCODE	B659	90	0.000096
OPCODE	D488	89	0.000095
OPCODE	5200	89	0.000095
OPCODE	2035	89	0.000095
OPCODE	9489	89	0.000095
OPCODE	225E	89	0.000095
OPCODE	EDC6	89	0.000095
OPCODE	623E	89	0.000095
OPCODE	6354	89	0.000095
OPCODE	635A	89	0.000095
OPCODE	7C02	89	0.000095
OPCODE	80EC	89	0.000095
OPCODE	6B3E	89	0.000095
OPCODE	2D09	89	0.000095
OPCODE	EFC1	88	0.000094
OPCODE	49F0	88	0.000094
OPCODE	E140	88	0.000094
OPCODE	6D40	88	0.000094
OPCODE	5210	88	0.000094
OPCODE	0C34	88	0.000094
OPCODE	802B	88	0.000094
OPCODE	611C	88	0.000094
OPCODE	2071	87	0.000093
OPCODE	A80A	87	0.000093
OPCODE	B446	87	0.000093
OPCODE	B08E	87	0.000093
OPCODE	6B02	87	0.000093
OPCODE	70CD	87	0.000093
OPCODE	9088	87	0.000093
OPCODE	E388	86	0.000091
OPCODE	5589	86	0.000091
OPCODE	6C0C	86	0.000091
OPCODE	E7A9	86	0.000091
OPCODE	8328	86	0.000091
OPCODE	7C1F	86	0.000091
OPCODE	2870	86	0.000091
OPCODE	BA6B	86	0.000091
OPCODE	61D4	85	0.000090
OPCODE	3812	85	0.000090
OPCODE	2350	85	0.000090
OPCODE	9201	85	0.000090
OPCODE	6F18	85	0.000090
OPCODE	1C03	85	0.000090
OPCODE	E681	85	0.000090
OPCODE	6F82	85	0.000090
OPCODE	3C2C	85	0.000090
OPCODE	7A1F	84	0.000089
OPCODE	9285	84	0.000089
OPCODE	6032	84	0.000089
OPCODE	3742	84	0.000089
OPCODE	102A	84	0.000089
OPCODE	2683	84	0.000089
OPCODE	CA81	84	0.000089
OPCODE	E0AD	83	0.000088
OPCODE	95D4	83	0.000088
OPCODE	2942	83	0.000088
OPCODE	7021	83	0.000088
OPCODE	84F8	83	0.000088
OPCODE	E480	83	0.000088
OPCODE	6654	83	0.000088
OPCODE	122C	82	0.000087
OPCODE	6C5A	82	0.000087
OPCODE	A8DC	82	0.000087
OPCODE	5987	82	0.000087
OPCODE	B1E9	82	0.000087
OPCODE	2853	82	0.000087
OPCODE	3169	82	0.000087
OPCODE	D047	82	0.000087
OPCODE	2A6C	82	0.000087
OPCODE	2873	81	0.000086
OPCODE	A816	81	0.000086
OPCODE	E341	81	0.000086
OPCODE	2874	81	0.000086
OPCODE	0894	81	0.000086
OPCODE	0728	80	0.000085
OPCODE	0804	80	0.000085
OPCODE	0C83	80	0.000085
OPCODE	A853	79	0.000084
OPCODE	6698	79	0.000084
OPCODE	1082	79	0.000084
OPCODE	9083	79	0.000084
OPCODE	2150	79	0.000084
OPCODE	632A	79	0.000084
OPCODE	B687	78	0.000083
OPCODE	242A	78	0.000083
OPCODE	2612	78	0.000083
OPCODE	E0AF	78	0.000083
OPCODE	20C2	77	0.000082
OPCODE	B268	77	0.000082
OPCODE	2A49	77	0.000082
OPCODE	3768	77	0.000082
OPCODE	E18E	77	0.000082
OPCODE	9C42	77	0.000082
OPCODE	524B	77	0.000082
OPCODE	162C	77	0.000082
OPCODE	956E	77	0.000082
OPCODE	D7C2	77	0.000082
OPCODE	E08A	77	0.000082
OPCODE	3A10	77	0.000082
OPCODE	D2C2	77	0.000082
OPCODE	5001	77	0.000082
OPCODE	6064	76	0.000081
OPCODE	6152	76	0.000081
OPCODE	F227	76	0.000081
OPCODE	2958	76	0.000081
OPCODE	3829	76	0.000081
OPCODE	A855	76	0.000081
OPCODE	53EE	76	0.000081
OPCODE	62F4	75	0.000080
OPCODE	BC84	75	0.000080
OPCODE	2E2C	75	0.000080
OPCODE	667C	75	0.000080
OPCODE	A8A8	75	0.000080
OPCODE	6B18	75	0.000080
OPCODE	2217	75	0.000080
OPCODE	C18C	75	0.000080
OPCODE	720A	74	0.000079
OPCODE	A87A	74	0.000079
OPCODE	C068	74	0.000079
OPCODE	A8A9	73	0.000078
OPCODE	1EB8	73	0.000078
OPCODE	B844	73	0.000078
OPCODE	6DC0	73	0.000078
OPCODE	6E02	73	0.000078
OPCODE	9269	73	0.000078
OPCODE	3F33	73	0.000078
OPCODE	3031	72	0.000077
OPCODE	0BC3	72	0.000077
OPCODE	CCEA	72	0.000077
OPCODE	8CFC	72	0.000077
OPCODE	88EA	72	0.000077
OPCODE	6FDC	72	0.000077
OPCODE	86EA	72	0.000077
OPCODE	C6C6	72	0.000077
OPCODE	2A13	72	0.000077
OPCODE	84EA	72	0.000077
OPCODE	2C09	72	0.000077
OPCODE	C4EA	72	0.000077
OPCODE	D651	72	0.000077
OPCODE	D687	72	0.000077
OPCODE	613A	71	0.000076
OPCODE	98FC	71	0.000076
OPCODE	40C1	71	0.000076
OPCODE	90AB	71	0.000076
OPCODE	DEC1	71	0.000076
OPCODE	46C1	71	0.000076
OPCODE	720E	71	0.000076
OPCODE	BBCC	71	0.000076
OPCODE	3F2D	70	0.000074
OPCODE	3E2D	70	0.000074
OPCODE	67E4	70	0.000074
OPCODE	0C2C	70	0.000074
OPCODE	10FC	70	0.000074
OPCODE	48EE	69	0.000073
OPCODE	6F26	69	0.000073
OPCODE	A9E0	69	0.000073
OPCODE	296C	69	0.000073
OPCODE	909B	69	0.000073
OPCODE	6B76	69	0.000073
OPCODE	5EC0	69	0.000073
OPCODE	1F2E	69	0.000073
OPCODE	246B	68	0.000072
OPCODE	3E2C	68	0.000072
OPCODE	66B6	68	0.000072
OPCODE	31B2	68	0.000072
OPCODE	2151	68	0.000072
OPCODE	2F6D	67	0.000071
OPCODE	B043	67	0.000071
OPCODE	6B08	67	0.000071
OPCODE	7093	67	0.000071
OPCODE	4292	67	0.000071
OPCODE	D957	66	0.000070
OPCODE	97CB	66	0.000070
OPCODE	61AE	66	0.000070
OPCODE	A8DF	66	0.000070
OPCODE	2898	66	0.000070
OPCODE	3405	66	0.000070
OPCODE	2B78	66	0.000070
OPCODE	30C6	66	0.000070
OPCODE	A198	65	0.000069
OPCODE	2A2B	65	0.000069
OPCODE	6E18	65	0.000069
OPCODE	6E1A	65	0.000069
OPCODE	5288	65	0.000069
OPCODE	D084	65	0.000069
OPCODE	652C	65	0.000069
OPCODE	6FD8	65	0.000069
OPCODE	1202	65	0.000069
OPCODE	D0EE	65	0.000069
OPCODE	1205	65	0.000069
OPCODE	6034	65	0.000069
OPCODE	6056	65	0.000069
OPCODE	6DF8	64	0.000068
OPCODE	C22B	64	0.000068
OPCODE	C34A	64	0.000068
OPCODE	66DC	64	0.000068
OPCODE	5445	64	0.000068
OPCODE	34D1	64	0.000068
OPCODE	B06A	64	0.000068
OPCODE	E782	64	0.000068
OPCODE	08C7	64	0.000068
OPCODE	D06F	64	0.000068
OPCODE	4482	64	0.000068
OPCODE	5148	64	0.000068
OPCODE	2157	64	0.000068
OPCODE	48D0	64	0.000068
OPCODE	220A	64	0.000068
OPCODE	220C	64	0.000068
OPCODE	196B	64	0.000068
OPCODE	00AC	64	0.000068
OPCODE	4A73	64	0.000068
OPCODE	5541	64	0.000068
OPCODE	2320	63	0.000067
OPCODE	3978	63	0.000067
OPCODE	0101	63	0.000067
OPCODE	E8A1	63	0.000067
OPCODE	E781	63	0.000067
OPCODE	2611	63	0.000067
OPCODE	536F	62	0.000066
OPCODE	60EC	62	0.000066
OPCODE	C899	62	0.000066
OPCODE	20CC	62	0.000066
OPCODE	1B7C	62	0.000066
OPCODE	297C	62	0.000066
OPCODE	4252	62	0.000066
OPCODE	3A2A	62	0.000066
OPCODE	0881	62	0.000066
OPCODE	72FE	62	0.000066
OPCODE	5D8F	62	0.000066
OPCODE	AA27	61	0.000065
OPCODE	70CE	61	0.000065
OPCODE	E780	61	0.000065
OPCODE	6572	61	0.000065
OPCODE	9A44	61	0.000065
OPCODE	BE82	61	0.000065
OPCODE	A87B	61	0.000065
OPCODE	56C1	61	0.000065
OPCODE	61A2	61	0.000065
OPCODE	61A6	61	0.000065
OPCODE	31EC	61	0.000065
OPCODE	9484	61	0.000065
OPCODE	12C1	61	0.000065
OPCODE	BEA8	60	0.000064
OPCODE	216F	60	0.000064
OPCODE	F22E	60	0.000064
OPCODE	E549	60	0.000064
OPCODE	176C	60	0.000064
OPCODE	6046	60	0.000064
OPCODE	3838	60	0.000064
OPCODE	A88C	60	0.000064
OPCODE	3207	60	0.000064
OPCODE	3C10	60	0.000064
OPCODE	BA43	60	0.000064
OPCODE	446F	60	0.000064
OPCODE	2352	60	0.000064
OPCODE	26AC	60	0.000064
OPCODE	9478	60	0.000064
OPCODE	0CAC	60	0.000064
OPCODE	B7EC	60	0.000064
OPCODE	A9EE	60	0.000064
OPCODE	9078	60	0.000064
OPCODE	B028	60	0.000064
OPCODE	D6E8	59	0.000063
OPCODE	7207	59	0.000063
OPCODE	2943	59	0.000063
OPCODE	49F8	59	0.000063
OPCODE	3214	59	0.000063
OPCODE	82C0	59	0.000063
OPCODE	DA85	58	0.000062
OPCODE	526B	58	0.000062
OPCODE	2A50	58	0.000062
OPCODE	CAEE	58	0.000062
OPCODE	D484	58	0.000062
OPCODE	C589	58	0.000062
OPCODE	C22D	58	0.000062
OPCODE	2B4F	58	0.000062
OPCODE	D681	58	0.000062
OPCODE	2D73	58	0.000062
OPCODE	48C4	58	0.000062
OPCODE	D001	58	0.000062
OPCODE	7280	58	0.000062
OPCODE	C6C1	58	0.000062
OPCODE	2D0B	58	0.000062
OPCODE	A8DE	58	0.000062
OPCODE	1768	58	0.000062
OPCODE	2803	58	0.000062
OPCODE	265E	58	0.000062
OPCODE	D157	58	0.000062
OPCODE	E58B	58	0.000062
OPCODE	EA4D	58	0.000062
OPCODE	E18D	58	0.000062
OPCODE	5441	58	0.000062
OPCODE	536B	58	0.000062
OPCODE	4229	58	0.000062
OPCODE	0683	58	0.000062
OPCODE	A089	58	0.000062
OPCODE	6050	57	0.000061
OPCODE	AA34	57	0.000061
OPCODE	7013	57	0.000061
OPCODE	66C8	57	0.000061
OPCODE	9058	57	0.000061
OPCODE	9258	57	0.000061
OPCODE	2B4B	57	0.000061
OPCODE	5C44	56	0.000060
OPCODE	D1AC	56	0.000060
OPCODE	3D69	56	0.000060
OPCODE	3213	56	0.000060
OPCODE	DE93	56	0.000060
OPCODE	690E	56	0.000060
OPCODE	5453	56	0.000060
OPCODE	0328	56	0.000060
OPCODE	5EC1	56	0.000060
OPCODE	8242	56	0.000060
OPCODE	30EA	55	0.000059
OPCODE	D3C4	55	0.000059
OPCODE	20EA	55	0.000059
OPCODE	5358	55	0.000059
OPCODE	7A01	55	0.000059
OPCODE	022A	55	0.000059
OPCODE	95A8	55	0.000059
OPCODE	3F19	55	0.000059
OPCODE	0450	55	0.000059
OPCODE	21C1	55	0.000059
OPCODE	A722	55	0.000059
OPCODE	30AA	55	0.000059
OPCODE	D5A8	55	0.000059
OPCODE	5980	55	0.000059
OPCODE	3F2F	55	0.000059
OPCODE	D150	55	0.000059
OPCODE	5258	55	0.000059
OPCODE	9268	55	0.000059
OPCODE	A8E3	54	0.000057
OPCODE	7206	54	0.000057
OPCODE	9259	54	0.000057
OPCODE	4C46	54	0.000057
OPCODE	421C	54	0.000057
OPCODE	C14A	54	0.000057
OPCODE	8193	54	0.000057
OPCODE	E8C1	54	0.000057
OPCODE	7023	54	0.000057
OPCODE	296D	54	0.000057
OPCODE	0441	54	0.000057
OPCODE	ED40	54	0.000057
OPCODE	6E1E	54	0.000057
OPCODE	5289	54	0.000057
OPCODE	5FC0	54	0.000057
OPCODE	21CE	54	0.000057
OPCODE	218C	53	0.000056
OPCODE	6188	53	0.000056
OPCODE	ABC9	53	0.000056
OPCODE	7078	53	0.000056
OPCODE	0C2A	53	0.000056
OPCODE	240A	53	0.000056
OPCODE	6C26	53	0.000056
OPCODE	7614	53	0.000056
OPCODE	90AC	52	0.000055
OPCODE	5985	52	0.000055
OPCODE	2B45	52	0.000055
OPCODE	61B8	52	0.000055
OPCODE	BC47	52	0.000055
OPCODE	2328	52	0.000055
OPCODE	5887	52	0.000055
OPCODE	2B6B	52	0.000055
OPCODE	D1A8	52	0.000055
OPCODE	70ED	52	0.000055
OPCODE	214D	52	0.000055
OPCODE	2B44	52	0.000055
OPCODE	CC81	51	0.000054
OPCODE	61F6	51	0.000054
OPCODE	3F10	51	0.000054
OPCODE	D06C	51	0.000054
OPCODE	D095	51	0.000054
OPCODE	E8A0	51	0.000054
OPCODE	62F0	51	0.000054
OPCODE	6052	51	0.000054
OPCODE	D490	50	0.000053
OPCODE	D4C2	50	0.000053
OPCODE	C202	50	0.000053
OPCODE	3082	50	0.000053
OPCODE	3C3C	50	0.000053
OPCODE	40C2	50	0.000053
OPCODE	611A	50	0.000053
OPCODE	46C2	50	0.000053
OPCODE	47EA	50	0.000053
OPCODE	B4AB	50	0.000053
OPCODE	41FB	49	0.000052
OPCODE	A869	49	0.000052
OPCODE	2E05	49	0.000052
OPCODE	D168	49	0.000052
OPCODE	E508	49	0.000052
OPCODE	E158	49	0.000052
OPCODE	EBC0	49	0.000052
OPCODE	DFAC	48	0.000051
OPCODE	30D2	48	0.000051
OPCODE	6214	48	0.000051
OPCODE	214B	48	0.000051
OPCODE	31C6	48	0.000051
OPCODE	2A1B	48	0.000051
OPCODE	D16F	48	0.000051
OPCODE	0C06	48	0.000051
OPCODE	D246	48	0.000051
OPCODE	4EB4	48	0.000051
OPCODE	E9EE	48	0.000051
OPCODE	22C3	48	0.000051
OPCODE	B644	48	0.000051
OPCODE	A08F	48	0.000051
OPCODE	D28C	48	0.000051
OPCODE	F23C	48	0.000051
OPCODE	6FEA	48	0.000051
OPCODE	6062	48	0.000051
OPCODE	6FF2	48	0.000051
OPCODE	5547	48	0.000051
OPCODE	281B	48	0.000051
OPCODE	261B	48	0.000051
OPCODE	2C1B	48	0.000051
OPCODE	0041	48	0.000051
OPCODE	2606	48	0.000051
OPCODE	A1AD	47	0.000050
OPCODE	966E	47	0.000050
OPCODE	204D	47	0.000050
OPCODE	6FDE	47	0.000050
OPCODE	9E81	47	0.000050
OPCODE	522A	47	0.000050
OPCODE	BE90	47	0.000050
OPCODE	223A	46	0.000049
OPCODE	2282	46	0.000049
OPCODE	7213	46	0.000049
OPCODE	BE80	46	0.000049
OPCODE	611E	46	0.000049
OPCODE	A89D	46	0.000049
OPCODE	A89B	46	0.000049
OPCODE	BE41	45	0.000048
OPCODE	5847	45	0.000048
OPCODE	4A88	45	0.000048
OPCODE	EFA8	45	0.000048
OPCODE	B653	45	0.000048
OPCODE	DE6E	45	0.000048
OPCODE	C348	45	0.000048
OPCODE	60F6	45	0.000048
OPCODE	2A10	45	0.000048
OPCODE	382C	45	0.000048
OPCODE	A9EF	45	0.000048
OPCODE	A87C	45	0.000048
OPCODE	5C43	45	0.000048
OPCODE	ABCA	45	0.000048
OPCODE	677A	45	0.000048
OPCODE	99C6	45	0.000048
OPCODE	D057	45	0.000048
OPCODE	0643	45	0.000048
OPCODE	266A	44	0.000047
OPCODE	2656	44	0.000047
OPCODE	986E	44	0.000047
OPCODE	50E8	44	0.000047
OPCODE	F236	44	0.000047
OPCODE	B053	44	0.000047
OPCODE	E95C	44	0.000047
OPCODE	3F30	44	0.000047
OPCODE	E1AB	44	0.000047
OPCODE	674E	44	0.000047
OPCODE	3E80	43	0.000046
OPCODE	6D0C	43	0.000046
OPCODE	3A2B	43	0.000046
OPCODE	4BEB	43	0.000046
OPCODE	A868	43	0.000046
OPCODE	2886	43	0.000046
OPCODE	2D53	43	0.000046
OPCODE	BAAC	42	0.000045
OPCODE	A01B	42	0.000045
OPCODE	6E82	42	0.000045
OPCODE	6044	42	0.000045
OPCODE	A998	42	0.000045
OPCODE	2887	42	0.000045
OPCODE	3438	42	0.000045
OPCODE	1297	42	0.000045
OPCODE	4A9F	42	0.000045
OPCODE	0214	41	0.000044
OPCODE	3D6B	41	0.000044
OPCODE	2F31	41	0.000044
OPCODE	7025	41	0.000044
OPCODE	4228	41	0.000044
OPCODE	D26A	41	0.000044
OPCODE	A830	41	0.000044
OPCODE	6652	41	0.000044
OPCODE	0C11	40	0.000043
OPCODE	5905	40	0.000043
OPCODE	2142	40	0.000043
OPCODE	5C41	40	0.000043
OPCODE	702E	40	0.000043
OPCODE	631E	40	0.000043
OPCODE	C041	40	0.000043
OPCODE	3009	40	0.000043
OPCODE	2F68	40	0.000043
OPCODE	342C	40	0.000043
OPCODE	614E	40	0.000043
OPCODE	70FD	40	0.000043
OPCODE	6536	40	0.000043
OPCODE	7005	40	0.000043
OPCODE	2842	40	0.000043
OPCODE	2890	40	0.000043
OPCODE	522D	39	0.000041
OPCODE	2454	39	0.000041
OPCODE	4CD8	39	0.000041
OPCODE	5CEE	39	0.000041
OPCODE	31C2	39	0.000041
OPCODE	4857	39	0.000041
OPCODE	0CB8	39	0.000041
OPCODE	422A	39	0.000041
OPCODE	2E01	39	0.000041
OPCODE	4640	39	0.000041
OPCODE	6D1E	39	0.000041
OPCODE	9048	39	0.000041
OPCODE	6172	39	0.000041
OPCODE	B640	39	0.000041
OPCODE	532D	39	0.000041
OPCODE	3D6F	39	0.000041
OPCODE	AA2C	38	0.000040
OPCODE	B8A9	38	0.000040
OPCODE	B891	38	0.000040
OPCODE	653A	38	0.000040
OPCODE	376D	38	0.000040
OPCODE	280B	38	0.000040
OPCODE	BA59	38	0.000040
OPCODE	BEAB	38	0.000040
OPCODE	36AD	38	0.000040
OPCODE	36A8	38	0.000040
OPCODE	3087	38	0.000040
OPCODE	5940	38	0.000040
OPCODE	805F	38	0.000040
OPCODE	3D45	38	0.000040
OPCODE	3C28	38	0.000040
OPCODE	2144	38	0.000040
OPCODE	95AE	38	0.000040
OPCODE	222D	38	0.000040
OPCODE	E840	38	0.000040
OPCODE	A22E	38	0.000040
OPCODE	1A30	38	0.000040
OPCODE	7024	38	0.000040
OPCODE	242C	38	0.000040
OPCODE	3944	38	0.000040
OPCODE	82FC	37	0.000039
OPCODE	EFAE	37	0.000039
OPCODE	5217	37	0.000039
OPCODE	307C	37	0.000039
OPCODE	C0AE	37	0.000039
OPCODE	2838	36	0.000038
OPCODE	395F	36	0.000038
OPCODE	B882	36	0.000038
OPCODE	3807	36	0.000038
OPCODE	0C54	36	0.000038
OPCODE	2540	36	0.000038
OPCODE	B401	36	0.000038
OPCODE	2811	36	0.000038
OPCODE	E2AA	36	0.000038
OPCODE	B7ED	36	0.000038
OPCODE	D2F1	36	0.000038
OPCODE	5201	36	0.000038
OPCODE	216B	36	0.000038
OPCODE	3E28	36	0.000038
OPCODE	C0C3	36	0.000038
OPCODE	1F28	36	0.000038
OPCODE	B9EB	35	0.000037
OPCODE	0181	35	0.000037
OPCODE	BA84	35	0.000037
OPCODE	A81E	35	0.000037
OPCODE	9EFC	35	0.000037
OPCODE	2C01	35	0.000037
OPCODE	C090	35	0.000037
OPCODE	C093	35	0.000037
OPCODE	3541	35	0.000037
OPCODE	4291	35	0.000037
OPCODE	A93A	35	0.000037
OPCODE	0287	35	0.000037
OPCODE	6BF0	35	0.000037
OPCODE	D2D0	35	0.000037
OPCODE	2809	34	0.000036
OPCODE	2970	34	0.000036
OPCODE	D9D0	34	0.000036
OPCODE	66BC	34	0.000036
OPCODE	6D3E	34	0.000036
OPCODE	6656	34	0.000036
OPCODE	2A68	34	0.000036
OPCODE	3783	34	0.000036
OPCODE	7216	34	0.000036
OPCODE	EFA9	34	0.000036
OPCODE	966B	34	0.000036
OPCODE	61A8	34	0.000036
OPCODE	F210	34	0.000036
OPCODE	1A03	33	0.000035
OPCODE	6B5C	33	0.000035
OPCODE	6508	33	0.000035
OPCODE	E34D	33	0.000035
OPCODE	16DC	33	0.000035
OPCODE	3F78	33	0.000035
OPCODE	62DE	33	0.000035
OPCODE	2F18	33	0.000035
OPCODE	A817	33	0.000035
OPCODE	2017	33	0.000035
OPCODE	6FE2	33	0.000035
OPCODE	E789	33	0.000035
OPCODE	CBC7	33	0.000035
OPCODE	2549	33	0.000035
OPCODE	3942	33	0.000035
OPCODE	0302	33	0.000035
OPCODE	426B	33	0.000035
OPCODE	66B0	32	0.000034
OPCODE	E709	32	0.000034
OPCODE	C0FA	32	0.000034
OPCODE	3E36	32	0.000034
OPCODE	E411	32	0.000034
OPCODE	218A	32	0.000034
OPCODE	99AC	32	0.000034
OPCODE	0682	32	0.000034
OPCODE	D06B	32	0.000034
OPCODE	3B46	32	0.000034
OPCODE	B5F1	32	0.000034
OPCODE	EA58	32	0.000034
OPCODE	51E8	32	0.000034
OPCODE	74FE	32	0.000034
OPCODE	257C	32	0.000034
OPCODE	90BA	32	0.000034
OPCODE	A887	32	0.000034
OPCODE	60E4	32	0.000034
OPCODE	816A	32	0.000034
OPCODE	241A	32	0.000034
OPCODE	C5EC	32	0.000034
OPCODE	B09F	32	0.000034
OPCODE	2893	32	0.000034
OPCODE	E319	32	0.000034
OPCODE	7044	32	0.000034
OPCODE	43D2	31	0.000033
OPCODE	E80A	31	0.000033
OPCODE	4BED	31	0.000033
OPCODE	EF8E	31	0.000033
OPCODE	20B0	31	0.000033
OPCODE	1438	31	0.000033
OPCODE	3F2B	31	0.000033
OPCODE	1428	31	0.000033
OPCODE	E543	31	0.000033
OPCODE	1618	31	0.000033
OPCODE	7A10	31	0.000033
OPCODE	E2BA	31	0.000033
OPCODE	702F	31	0.000033
OPCODE	7028	31	0.000033
OPCODE	115F	31	0.000033
OPCODE	2607	31	0.000033
OPCODE	91C2	30	0.000032
OPCODE	EF6E	30	0.000032
OPCODE	32C2	30	0.000032
OPCODE	3078	30	0.000032
OPCODE	B245	30	0.000032
OPCODE	D551	30	0.000032
OPCODE	B841	30	0.000032
OPCODE	D4F2	30	0.000032
OPCODE	2633	30	0.000032
OPCODE	32C5	30	0.000032
OPCODE	3808	30	0.000032
OPCODE	28A8	30	0.000032
OPCODE	F327	30	0.000032
OPCODE	1E30	30	0.000032
OPCODE	3256	30	0.000032
OPCODE	2C45	30	0.000032
OPCODE	E685	30	0.000032
OPCODE	E78A	30	0.000032
OPCODE	6132	30	0.000032
OPCODE	9A84	30	0.000032
OPCODE	9C40	30	0.000032
OPCODE	DBC5	30	0.000032
OPCODE	C8C2	30	0.000032
OPCODE	D645	30	0.000032
OPCODE	3285	30	0.000032
OPCODE	EA8D	30	0.000032
OPCODE	EEAA	30	0.000032
OPCODE	EEAD	30	0.000032
OPCODE	B7C0	30	0.000032
OPCODE	B645	30	0.000032
OPCODE	294A	30	0.000032
OPCODE	6B4E	30	0.000032
OPCODE	1091	30	0.000032
OPCODE	5486	30	0.000032
OPCODE	7E08	30	0.000032
OPCODE	6CC2	30	0.000032
OPCODE	6E20	30	0.000032
OPCODE	544A	30	0.000032
OPCODE	7228	30	0.000032
OPCODE	4DEC	30	0.000032
OPCODE	700B	30	0.000032
OPCODE	6068	29	0.000031
OPCODE	E243	29	0.000031
OPCODE	D66C	29	0.000031
OPCODE	D26B	29	0.000031
OPCODE	006B	29	0.000031
OPCODE	2206	29	0.000031
OPCODE	A899	29	0.000031
OPCODE	A898	29	0.000031
OPCODE	1203	29	0.000031
OPCODE	0259	29	0.000031
OPCODE	3354	29	0.000031
OPCODE	116F	29	0.000031
OPCODE	D0AA	29	0.000031
OPCODE	9283	29	0.000031
OPCODE	6AC0	29	0.000031
OPCODE	966C	29	0.000031
OPCODE	A05A	29	0.000031
OPCODE	536A	29	0.000031
OPCODE	3298	29	0.000031
OPCODE	A870	28	0.000030
OPCODE	A8A6	28	0.000030
OPCODE	6D54	28	0.000030
OPCODE	47F8	28	0.000030
OPCODE	3946	28	0.000030
OPCODE	7018	28	0.000030
OPCODE	7011	28	0.000030
OPCODE	A126	28	0.000030
OPCODE	276C	28	0.000030
OPCODE	6D38	28	0.000030
OPCODE	41F4	28	0.000030
OPCODE	A975	28	0.000030
OPCODE	A803	28	0.000030
OPCODE	6E32	28	0.000030
OPCODE	6066	28	0.000030
OPCODE	84FC	28	0.000030
OPCODE	B26C	28	0.000030
OPCODE	43F4	28	0.000030
OPCODE	DBE8	28	0.000030
OPCODE	B543	28	0.000030
OPCODE	0294	28	0.000030
OPCODE	62F2	28	0.000030
OPCODE	A9EB	28	0.000030
OPCODE	026B	27	0.000029
OPCODE	C34D	27	0.000029
OPCODE	5989	27	0.000029
OPCODE	2A75	27	0.000029
OPCODE	12BC	27	0.000029
OPCODE	6312	27	0.000029
OPCODE	22BC	27	0.000029
OPCODE	60CA	27	0.000029
OPCODE	DBEE	27	0.000029
OPCODE	BC87	27	0.000029
OPCODE	2219	27	0.000029
OPCODE	D7EE	27	0.000029
OPCODE	508C	27	0.000029
OPCODE	EAD0	27	0.000029
OPCODE	263C	27	0.000029
OPCODE	6A76	27	0.000029
OPCODE	2628	26	0.000028
OPCODE	802E	26	0.000028
OPCODE	7ECE	26	0.000028
OPCODE	6F22	26	0.000028
OPCODE	4CF8	26	0.000028
OPCODE	8194	26	0.000028
OPCODE	724E	26	0.000028
OPCODE	01C1	26	0.000028
OPCODE	2688	26	0.000028
OPCODE	615C	26	0.000028
OPCODE	BE6B	26	0.000028
OPCODE	0C10	26	0.000028
OPCODE	43BC	26	0.000028
OPCODE	3744	26	0.000028
OPCODE	A522	26	0.000028
OPCODE	2D69	26	0.000028
OPCODE	41D4	25	0.000027
OPCODE	A939	25	0.000027
OPCODE	B441	25	0.000027
OPCODE	B6FC	25	0.000027
OPCODE	30BC	25	0.000027
OPCODE	E249	25	0.000027
OPCODE	DA47	25	0.000027
OPCODE	7808	25	0.000027
OPCODE	6082	25	0.000027
OPCODE	4213	25	0.000027
OPCODE	52AB	25	0.000027
OPCODE	66CE	25	0.000027
OPCODE	9868	25	0.000027
OPCODE	B0AF	25	0.000027
OPCODE	4A56	25	0.000027
OPCODE	64CA	25	0.000027
OPCODE	294E	25	0.000027
OPCODE	522C	25	0.000027
OPCODE	3D00	25	0.000027
OPCODE	9DC0	25	0.000027
OPCODE	DDC0	25	0.000027
OPCODE	3C04	25	0.000027
OPCODE	6502	25	0.000027
OPCODE	301E	25	0.000027
OPCODE	675E	25	0.000027
OPCODE	43D4	25	0.000027
OPCODE	1204	25	0.000027
OPCODE	3631	24	0.000026
OPCODE	6C5C	24	0.000026
OPCODE	425C	24	0.000026
OPCODE	D642	24	0.000026
OPCODE	6310	24	0.000026
OPCODE	A949	24	0.000026
OPCODE	5307	24	0.000026
OPCODE	376E	24	0.000026
OPCODE	A892	24	0.000026
OPCODE	6D48	24	0.000026
OPCODE	D6EE	24	0.000026
OPCODE	70EE	24	0.000026
OPCODE	121A	24	0.000026
OPCODE	2147	24	0.000026
OPCODE	A994	24	0.000026
OPCODE	DE87	24	0.000026
OPCODE	5C42	24	0.000026
OPCODE	3982	24	0.000026
OPCODE	C543	24	0.000026
OPCODE	B883	24	0.000026
OPCODE	A809	24	0.000026
OPCODE	E058	24	0.000026
OPCODE	A888	24	0.000026
OPCODE	0C2F	24	0.000026
OPCODE	0817	24	0.000026
OPCODE	A9ED	24	0.000026
OPCODE	361F	24	0.000026
OPCODE	67A6	24	0.000026
OPCODE	32E9	24	0.000026
OPCODE	6782	24	0.000026
OPCODE	6512	23	0.000024
OPCODE	1004	23	0.000024
OPCODE	2A1F	23	0.000024
OPCODE	D9CB	23	0.000024
OPCODE	A528	23	0.000024
OPCODE	816E	23	0.000024
OPCODE	AA44	23	0.000024
OPCODE	B294	23	0.000024
OPCODE	C491	23	0.000024
OPCODE	A260	23	0.000024
OPCODE	396B	23	0.000024
OPCODE	6C1E	23	0.000024
OPCODE	70FB	23	0.000024
OPCODE	A8D4	23	0.000024
OPCODE	C14B	23	0.000024
OPCODE	244F	23	0.000024
OPCODE	282B	23	0.000024
OPCODE	A8B5	23	0.000024
OPCODE	E880	22	0.000023
OPCODE	0000	22	0.000023
OPCODE	3C18	22	0.000023
OPCODE	D644	22	0.000023
OPCODE	0657	22	0.000023
OPCODE	7030	22	0.000023
OPCODE	7A02	22	0.000023
OPCODE	B890	22	0.000023
OPCODE	3543	22	0.000023
OPCODE	289F	22	0.000023
OPCODE	605E	22	0.000023
OPCODE	5248	22	0.000023
OPCODE	D804	22	0.000023
OPCODE	20C5	22	0.000023
OPCODE	396E	22	0.000023
OPCODE	546E	22	0.000023
OPCODE	E788	22	0.000023
OPCODE	E287	22	0.000023
OPCODE	D045	22	0.000023
OPCODE	2647	22	0.000023
OPCODE	5BC1	22	0.000023
OPCODE	3A3C	22	0.000023
OPCODE	C4C1	22	0.000023
OPCODE	C294	22	0.000023
OPCODE	700D	22	0.000023
OPCODE	2E0B	22	0.000023
OPCODE	2818	22	0.000023
OPCODE	F23A	22	0.000023
OPCODE	7602	22	0.000023
OPCODE	74B0	22	0.000023
OPCODE	AA05	22	0.000023
OPCODE	8200	22	0.000023
OPCODE	6670	22	0.000023
OPCODE	6C3E	21	0.000022
OPCODE	C2C4	21	0.000022
OPCODE	B3EA	21	0.000022
OPCODE	2F12	21	0.000022
OPCODE	60A0	21	0.000022
OPCODE	262C	21	0.000022
OPCODE	41EF	21	0.000022
OPCODE	3044	21	0.000022
OPCODE	216A	21	0.000022
OPCODE	4CB8	21	0.000022
OPCODE	B101	21	0.000022
OPCODE	2D57	21	0.000022
OPCODE	45EB	21	0.000022
OPCODE	1A1F	21	0.000022
OPCODE	70F9	21	0.000022
OPCODE	A11A	20	0.000021
OPCODE	3209	20	0.000021
OPCODE	5C4A	20	0.000021
OPCODE	9A6B	20	0.000021
OPCODE	D885	20	0.000021
OPCODE	6676	20	0.000021
OPCODE	3270	20	0.000021
OPCODE	E58D	20	0.000021
OPCODE	4C42	20	0.000021
OPCODE	BB86	20	0.000021
OPCODE	650E	20	0.000021
OPCODE	702C	20	0.000021
OPCODE	2746	20	0.000021
OPCODE	2A0B	20	0.000021
OPCODE	3C01	20	0.000021
OPCODE	3D54	20	0.000021
OPCODE	0044	20	0.000021
OPCODE	2277	20	0.000021
OPCODE	B897	20	0.000021
OPCODE	5357	20	0.000021
OPCODE	DA45	20	0.000021
OPCODE	532C	20	0.000021
OPCODE	60BA	20	0.000021
OPCODE	D482	20	0.000021
OPCODE	2953	20	0.000021
OPCODE	D111	20	0.000021
OPCODE	54C0	20	0.000021
OPCODE	DBA8	20	0.000021
OPCODE	544C	20	0.000021
OPCODE	36BC	20	0.000021
OPCODE	66C2	20	0.000021
OPCODE	6414	20	0.000021
OPCODE	D0C4	20	0.000021
OPCODE	278A	20	0.000021
OPCODE	28BC	20	0.000021
OPCODE	2257	20	0.000021
OPCODE	7E06	19	0.000020
OPCODE	57E7	19	0.000020
OPCODE	6B1C	19	0.000020
OPCODE	902C	19	0.000020
OPCODE	3147	19	0.000020
OPCODE	1F01	19	0.000020
OPCODE	3484	19	0.000020
OPCODE	7604	19	0.000020
OPCODE	9A59	19	0.000020
OPCODE	50EB	19	0.000020
OPCODE	2280	19	0.000020
OPCODE	20BC	19	0.000020
OPCODE	D6FC	19	0.000020
OPCODE	2604	19	0.000020
OPCODE	6524	19	0.000020
OPCODE	B292	19	0.000020
OPCODE	9A68	19	0.000020
OPCODE	AA17	19	0.000020
OPCODE	9859	19	0.000020
OPCODE	9040	19	0.000020
OPCODE	3A29	19	0.000020
OPCODE	C0EA	19	0.000020
OPCODE	0C18	19	0.000020
OPCODE	CAC1	19	0.000020
OPCODE	C06C	19	0.000020
OPCODE	D02C	19	0.000020
OPCODE	C028	19	0.000020
OPCODE	DEAE	19	0.000020
OPCODE	6144	19	0.000020
OPCODE	701A	19	0.000020
OPCODE	B62C	19	0.000020
OPCODE	0447	19	0.000020
OPCODE	6EE4	18	0.000019
OPCODE	7A04	18	0.000019
OPCODE	B4FC	18	0.000019
OPCODE	9582	18	0.000019
OPCODE	281F	18	0.000019
OPCODE	162F	18	0.000019
OPCODE	0C2E	18	0.000019
OPCODE	8E40	18	0.000019
OPCODE	2023	18	0.000019
OPCODE	327C	18	0.000019
OPCODE	6302	18	0.000019
OPCODE	E84C	18	0.000019
OPCODE	6D70	18	0.000019
OPCODE	966A	18	0.000019
OPCODE	8082	18	0.000019
OPCODE	26A8	18	0.000019
OPCODE	F280	18	0.000019
OPCODE	2857	18	0.000019
OPCODE	666A	18	0.000019
OPCODE	141C	18	0.000019
OPCODE	7E20	18	0.000019
OPCODE	254B	18	0.000019
OPCODE	D059	18	0.000019
OPCODE	E250	18	0.000019
OPCODE	740C	18	0.000019
OPCODE	45F7	18	0.000019
OPCODE	90A8	17	0.000018
OPCODE	6B6A	17	0.000018
OPCODE	806E	17	0.000018
OPCODE	D646	17	0.000018
OPCODE	2642	17	0.000018
OPCODE	2407	17	0.000018
OPCODE	2C3C	17	0.000018
OPCODE	7803	17	0.000018
OPCODE	BD90	17	0.000018
OPCODE	6146	17	0.000018
OPCODE	4A98	17	0.000018
OPCODE	700E	17	0.000018
OPCODE	32AE	17	0.000018
OPCODE	7016	17	0.000018
OPCODE	2748	17	0.000018
OPCODE	A005	17	0.000018
OPCODE	BB98	17	0.000018
OPCODE	EA84	17	0.000018
OPCODE	316E	17	0.000018
OPCODE	0A00	17	0.000018
OPCODE	EA83	17	0.000018
OPCODE	341C	17	0.000018
OPCODE	5250	17	0.000018
OPCODE	183B	16	0.000017
OPCODE	42B6	16	0.000017
OPCODE	342F	16	0.000017
OPCODE	3880	16	0.000017
OPCODE	A8B0	16	0.000017
OPCODE	3544	16	0.000017
OPCODE	906F	16	0.000017
OPCODE	B092	16	0.000017
OPCODE	641A	16	0.000017
OPCODE	E144	16	0.000017
OPCODE	6E12	16	0.000017
OPCODE	0C90	16	0.000017
OPCODE	0C32	16	0.000017
OPCODE	61CA	16	0.000017
OPCODE	181B	16	0.000017
OPCODE	2658	16	0.000017
OPCODE	1F2F	16	0.000017
OPCODE	D686	16	0.000017
OPCODE	E658	16	0.000017
OPCODE	182A	16	0.000017
OPCODE	60B8	16	0.000017
OPCODE	2486	16	0.000017
OPCODE	6EAC	16	0.000017
OPCODE	DB45	16	0.000017
OPCODE	9446	16	0.000017
OPCODE	747E	16	0.000017
OPCODE	B845	16	0.000017
OPCODE	26DA	16	0.000017
OPCODE	B83A	16	0.000017
OPCODE	6B54	16	0.000017
OPCODE	1A31	16	0.000017
OPCODE	2085	16	0.000017
OPCODE	ED98	16	0.000017
OPCODE	1340	16	0.000017
OPCODE	61D2	16	0.000017
OPCODE	DC82	16	0.000017
OPCODE	26DC	16	0.000017
OPCODE	282F	16	0.000017
OPCODE	61B6	16	0.000017
OPCODE	61BA	16	0.000017
OPCODE	2441	16	0.000017
OPCODE	8128	16	0.000017
OPCODE	E04C	16	0.000017
OPCODE	61C2	16	0.000017
OPCODE	9840	16	0.000017
OPCODE	6410	15	0.000016
OPCODE	6D6A	15	0.000016
OPCODE	58AF	15	0.000016
OPCODE	A88A	15	0.000016
OPCODE	70D5	15	0.000016
OPCODE	21D8	15	0.000016
OPCODE	7E10	15	0.000016
OPCODE	5845	15	0.000016
OPCODE	2A12	15	0.000016
OPCODE	704A	15	0.000016
OPCODE	182E	15	0.000016
OPCODE	276B	15	0.000016
OPCODE	3540	15	0.000016
OPCODE	1345	15	0.000016
OPCODE	A938	15	0.000016
OPCODE	B293	15	0.000016
OPCODE	6350	15	0.000016
OPCODE	3743	15	0.000016
OPCODE	329F	15	0.000016
OPCODE	6B72	15	0.000016
OPCODE	2631	15	0.000016
OPCODE	A04C	15	0.000016
OPCODE	5886	15	0.000016
OPCODE	2146	15	0.000016
OPCODE	6040	15	0.000016
OPCODE	A8FA	15	0.000016
OPCODE	3D6D	15	0.000016
OPCODE	C046	15	0.000016
OPCODE	E286	15	0.000016
OPCODE	31EE	15	0.000016
OPCODE	3199	14	0.000015
OPCODE	E54F	14	0.000015
OPCODE	D1AD	14	0.000015
OPCODE	6D30	14	0.000015
OPCODE	261E	14	0.000015
OPCODE	2C68	14	0.000015
OPCODE	3632	14	0.000015
OPCODE	3814	14	0.000015
OPCODE	0014	14	0.000015
OPCODE	E3A8	14	0.000015
OPCODE	2180	14	0.000015
OPCODE	11D9	14	0.000015
OPCODE	E180	14	0.000015
OPCODE	5C49	14	0.000015
OPCODE	3832	14	0.000015
OPCODE	B046	14	0.000015
OPCODE	3180	14	0.000015
OPCODE	2260	14	0.000015
OPCODE	6316	14	0.000015
OPCODE	3C07	14	0.000015
OPCODE	22DB	14	0.000015
OPCODE	11EB	14	0.000015
OPCODE	2A3C	14	0.000015
OPCODE	22C8	14	0.000015
OPCODE	5290	14	0.000015
OPCODE	2A6F	14	0.000015
OPCODE	D0AB	14	0.000015
OPCODE	49EA	14	0.000015
OPCODE	9EAB	14	0.000015
OPCODE	9E7C	14	0.000015
OPCODE	2087	14	0.000015
OPCODE	6E36	14	0.000015
OPCODE	0C14	14	0.000015
OPCODE	45EC	14	0.000015
OPCODE	12A8	14	0.000015
OPCODE	5941	14	0.000015
OPCODE	2A4C	14	0.000015
OPCODE	2D03	14	0.000015
OPCODE	703E	14	0.000015
OPCODE	0446	14	0.000015
OPCODE	70DD	14	0.000015
OPCODE	B685	13	0.000014
OPCODE	2E30	13	0.000014
OPCODE	A9E1	13	0.000014
OPCODE	224E	13	0.000014
OPCODE	D65F	13	0.000014
OPCODE	9046	13	0.000014
OPCODE	11EE	13	0.000014
OPCODE	45D1	13	0.000014
OPCODE	21AC	13	0.000014
OPCODE	5087	13	0.000014
OPCODE	3E05	13	0.000014
OPCODE	3745	13	0.000014
OPCODE	21AA	13	0.000014
OPCODE	D289	13	0.000014
OPCODE	6520	13	0.000014
OPCODE	8114	13	0.000014
OPCODE	A950	13	0.000014
OPCODE	2C6C	13	0.000014
OPCODE	AA94	13	0.000014
OPCODE	9492	13	0.000014
OPCODE	DBAB	13	0.000014
OPCODE	8841	13	0.000014
OPCODE	B7D0	13	0.000014
OPCODE	7805	13	0.000014
OPCODE	2EAF	13	0.000014
OPCODE	2406	13	0.000014
OPCODE	3F42	13	0.000014
OPCODE	5082	13	0.000014
OPCODE	D7C6	13	0.000014
OPCODE	36B8	13	0.000014
OPCODE	7610	13	0.000014
OPCODE	21AF	13	0.000014
OPCODE	9E83	13	0.000014
OPCODE	D3AC	13	0.000014
OPCODE	C2AC	13	0.000014
OPCODE	5881	13	0.000014
OPCODE	9EAE	13	0.000014
OPCODE	5390	13	0.000014
OPCODE	11B3	13	0.000014
OPCODE	6228	13	0.000014
OPCODE	6760	13	0.000014
OPCODE	0052	13	0.000014
OPCODE	9BAC	13	0.000014
OPCODE	0444	13	0.000014
OPCODE	BCAA	13	0.000014
OPCODE	9E80	13	0.000014
OPCODE	C2C0	13	0.000014
OPCODE	9085	13	0.000014
OPCODE	B8AC	13	0.000014
OPCODE	9C87	13	0.000014
OPCODE	E586	13	0.000014
OPCODE	2545	13	0.000014
OPCODE	C680	13	0.000014
OPCODE	2547	13	0.000014
OPCODE	163B	13	0.000014
OPCODE	E48F	13	0.000014
OPCODE	2C12	13	0.000014
OPCODE	6C20	13	0.000014
OPCODE	3831	13	0.000014
OPCODE	9881	13	0.000014
OPCODE	2C2C	13	0.000014
OPCODE	6C22	13	0.000014
OPCODE	9FA8	13	0.000014
OPCODE	0CA9	13	0.000014
OPCODE	256E	13	0.000014
OPCODE	1F07	13	0.000014
OPCODE	2944	13	0.000014
OPCODE	288B	12	0.000013
OPCODE	70F3	12	0.000013
OPCODE	BA8B	12	0.000013
OPCODE	A800	12	0.000013
OPCODE	240F	12	0.000013
OPCODE	284D	12	0.000013
OPCODE	E678	12	0.000013
OPCODE	082F	12	0.000013
OPCODE	026C	12	0.000013
OPCODE	6076	12	0.000013
OPCODE	44FC	12	0.000013
OPCODE	6ABA	12	0.000013
OPCODE	C4C0	12	0.000013
OPCODE	5251	12	0.000013
OPCODE	21EA	12	0.000013
OPCODE	4873	12	0.000013
OPCODE	C02E	12	0.000013
OPCODE	5350	12	0.000013
OPCODE	2E02	12	0.000013
OPCODE	908F	12	0.000013
OPCODE	341B	12	0.000013
OPCODE	2E42	12	0.000013
OPCODE	D2C5	12	0.000013
OPCODE	A98D	12	0.000013
OPCODE	926F	12	0.000013
OPCODE	B0B4	12	0.000013
OPCODE	607C	12	0.000013
OPCODE	2881	12	0.000013
OPCODE	45F3	12	0.000013
OPCODE	677C	12	0.000013
OPCODE	BC80	12	0.000013
OPCODE	EDC0	12	0.000013
OPCODE	4A5A	12	0.000013
OPCODE	4EF6	12	0.000013
OPCODE	2E13	12	0.000013
OPCODE	52A8	12	0.000013
OPCODE	0401	12	0.000013
OPCODE	5580	12	0.000013
OPCODE	AA67	12	0.000013
OPCODE	E450	12	0.000013
OPCODE	AA12	12	0.000013
OPCODE	BC8A	12	0.000013
OPCODE	97C4	12	0.000013
OPCODE	2F69	12	0.000013
OPCODE	3033	12	0.000013
OPCODE	DC87	12	0.000013
OPCODE	6210	12	0.000013
OPCODE	6CD8	12	0.000013
OPCODE	6694	12	0.000013
OPCODE	E34A	12	0.000013
OPCODE	BC45	12	0.000013
OPCODE	44DF	12	0.000013
OPCODE	6CEA	12	0.000013
OPCODE	5945	12	0.000013
OPCODE	7064	12	0.000013
OPCODE	E582	12	0.000013
OPCODE	81AE	12	0.000013
OPCODE	7022	12	0.000013
OPCODE	00AE	12	0.000013
OPCODE	4AAF	12	0.000013
OPCODE	C18D	12	0.000013
OPCODE	7A0F	12	0.000013
OPCODE	2C0C	12	0.000013
OPCODE	B474	12	0.000013
OPCODE	2651	11	0.000012
OPCODE	DA80	11	0.000012
OPCODE	D880	11	0.000012
OPCODE	763B	11	0.000012
OPCODE	7404	11	0.000012
OPCODE	5885	11	0.000012
OPCODE	760F	11	0.000012
OPCODE	DDC1	11	0.000012
OPCODE	0A3C	11	0.000012
OPCODE	3607	11	0.000012
OPCODE	B038	11	0.000012
OPCODE	2EB1	11	0.000012
OPCODE	6E54	11	0.000012
OPCODE	0A80	11	0.000012
OPCODE	6314	11	0.000012
OPCODE	34BC	11	0.000012
OPCODE	B097	11	0.000012
OPCODE	7647	11	0.000012
OPCODE	DA43	11	0.000012
OPCODE	1828	11	0.000012
OPCODE	AA31	11	0.000012
OPCODE	B128	11	0.000012
OPCODE	6202	11	0.000012
OPCODE	6C2C	11	0.000012
OPCODE	51C6	11	0.000012
OPCODE	3D01	11	0.000012
OPCODE	EF8A	11	0.000012
OPCODE	9DC1	11	0.000012
OPCODE	3C19	11	0.000012
OPCODE	E349	11	0.000012
OPCODE	A01F	11	0.000012
OPCODE	D483	11	0.000012
OPCODE	A068	11	0.000012
OPCODE	67CC	11	0.000012
OPCODE	EE4A	11	0.000012
OPCODE	256B	11	0.000012
OPCODE	E399	11	0.000012
OPCODE	E680	11	0.000012
OPCODE	2550	11	0.000012
OPCODE	9086	11	0.000012
OPCODE	7AFC	11	0.000012
OPCODE	56E7	11	0.000012
OPCODE	48E0	11	0.000012
OPCODE	7088	11	0.000012
OPCODE	E44C	11	0.000012
OPCODE	51C4	11	0.000012
OPCODE	5A40	11	0.000012
OPCODE	47D4	11	0.000012
OPCODE	965F	11	0.000012
OPCODE	A9A2	11	0.000012
OPCODE	A9E3	11	0.000012
OPCODE	A9C6	11	0.000012
OPCODE	3E12	11	0.000012
OPCODE	CD40	11	0.000012
OPCODE	1540	11	0.000012
OPCODE	E291	11	0.000012
OPCODE	3F1E	11	0.000012
OPCODE	962A	11	0.000012
OPCODE	66CA	10	0.000011
OPCODE	6770	10	0.000011
OPCODE	2A7A	10	0.000011
OPCODE	2451	10	0.000011
OPCODE	3347	10	0.000011
OPCODE	D16C	10	0.000011
OPCODE	A878	10	0.000011
OPCODE	B4A9	10	0.000011
OPCODE	6EC2	10	0.000011
OPCODE	B073	10	0.000011
OPCODE	A8A5	10	0.000011
OPCODE	907C	10	0.000011
OPCODE	0BC4	10	0.000011
OPCODE	A8B2	10	0.000011
OPCODE	47ED	10	0.000011
OPCODE	7278	10	0.000011
OPCODE	C6C0	10	0.000011
OPCODE	9168	10	0.000011
OPCODE	B740	10	0.000011
OPCODE	6F44	10	0.000011
OPCODE	61C0	10	0.000011
OPCODE	B297	10	0.000011
OPCODE	2045	10	0.000011
OPCODE	3968	10	0.000011
OPCODE	446E	10	0.000011
OPCODE	1F06	10	0.000011
OPCODE	584A	10	0.000011
OPCODE	3A02	10	0.000011
OPCODE	0C15	10	0.000011
OPCODE	B650	10	0.000011
OPCODE	5369	10	0.000011
OPCODE	B66C	10	0.000011
OPCODE	AA06	10	0.000011
OPCODE	A99B	10	0.000011
OPCODE	A91C	10	0.000011
OPCODE	24AE	10	0.000011
OPCODE	9054	10	0.000011
OPCODE	A90C	10	0.000011
OPCODE	4297	10	0.000011
OPCODE	9045	10	0.000011
OPCODE	6E1C	10	0.000011
OPCODE	6FB8	10	0.000011
OPCODE	E24A	10	0.000011
OPCODE	622A	9	0.000010
OPCODE	6EEA	9	0.000010
OPCODE	022F	9	0.000010
OPCODE	3E02	9	0.000010
OPCODE	462F	9	0.000010
OPCODE	A146	9	0.000010
OPCODE	2841	9	0.000010
OPCODE	723C	9	0.000010
OPCODE	2D81	9	0.000010
OPCODE	3A14	9	0.000010
OPCODE	A90D	9	0.000010
OPCODE	A9AF	9	0.000010
OPCODE	214C	9	0.000010
OPCODE	A90A	9	0.000010
OPCODE	1628	9	0.000010
OPCODE	B3D7	9	0.000010
OPCODE	2EAA	9	0.000010
OPCODE	AA52	9	0.000010
OPCODE	52AC	9	0.000010
OPCODE	208F	9	0.000010
OPCODE	BE6C	9	0.000010
OPCODE	BE52	9	0.000010
OPCODE	2E91	9	0.000010
OPCODE	1A29	9	0.000010
OPCODE	C8C6	9	0.000010
OPCODE	720B	9	0.000010
OPCODE	6DA2	9	0.000010
OPCODE	2947	9	0.000010
OPCODE	651A	9	0.000010
OPCODE	B3EE	9	0.000010
OPCODE	2768	9	0.000010
OPCODE	4202	9	0.000010
OPCODE	E04D	9	0.000010
OPCODE	30F8	9	0.000010
OPCODE	006C	9	0.000010
OPCODE	34AB	9	0.000010
OPCODE	618C	9	0.000010
OPCODE	B803	9	0.000010
OPCODE	A876	9	0.000010
OPCODE	1002	9	0.000010
OPCODE	91CC	9	0.000010
OPCODE	A9B2	9	0.000010
OPCODE	D5C8	9	0.000010
OPCODE	2B4C	9	0.000010
OPCODE	8240	9	0.000010
OPCODE	66BA	9	0.000010
OPCODE	116A	9	0.000010
OPCODE	72A9	9	0.000010
OPCODE	426D	9	0.000010
OPCODE	A81F	9	0.000010
OPCODE	0A6E	9	0.000010
OPCODE	94FC	9	0.000010
OPCODE	3830	9	0.000010
OPCODE	6332	9	0.000010
OPCODE	EF4B	8	0.000009
OPCODE	CE03	8	0.000009
OPCODE	6798	8	0.000009
OPCODE	6684	8	0.000009
OPCODE	72FB	8	0.000009
OPCODE	1F68	8	0.000009
OPCODE	EF48	8	0.000009
OPCODE	9557	8	0.000009
OPCODE	D3C5	8	0.000009
OPCODE	9480	8	0.000009
OPCODE	4850	8	0.000009
OPCODE	E9E8	8	0.000009
OPCODE	8151	8	0.000009
OPCODE	EF6D	8	0.000009
OPCODE	E306	8	0.000009
OPCODE	5C4B	8	0.000009
OPCODE	B5E9	8	0.000009
OPCODE	3143	8	0.000009
OPCODE	E982	8	0.000009
OPCODE	143B	8	0.000009
OPCODE	DC85	8	0.000009
OPCODE	5091	8	0.000009
OPCODE	9647	8	0.000009
OPCODE	9646	8	0.000009
OPCODE	5947	8	0.000009
OPCODE	12FC	8	0.000009
OPCODE	B5EE	8	0.000009
OPCODE	3E38	8	0.000009
OPCODE	B454	8	0.000009
OPCODE	CB49	8	0.000009
OPCODE	2E4B	8	0.000009
OPCODE	5A80	8	0.000009
OPCODE	EDAD	8	0.000009
OPCODE	B854	8	0.000009
OPCODE	97D0	8	0.000009
OPCODE	236A	8	0.000009
OPCODE	D2E9	8	0.000009
OPCODE	AA2A	8	0.000009
OPCODE	1E12	8	0.000009
OPCODE	31E1	8	0.000009
OPCODE	E241	8	0.000009
OPCODE	CCAB	8	0.000009
OPCODE	249F	8	0.000009
OPCODE	7015	8	0.000009
OPCODE	65EA	8	0.000009
OPCODE	C1ED	8	0.000009
OPCODE	7C0C	8	0.000009
OPCODE	BC44	8	0.000009
OPCODE	9084	8	0.000009
OPCODE	D845	8	0.000009
OPCODE	A908	8	0.000009
OPCODE	D66A	8	0.000009
OPCODE	7C18	8	0.000009
OPCODE	7C06	8	0.000009
OPCODE	49F1	8	0.000009
OPCODE	7C1E	8	0.000009
OPCODE	A80D	8	0.000009
OPCODE	0251	8	0.000009
OPCODE	2C44	8	0.000009
OPCODE	7626	8	0.000009
OPCODE	D053	8	0.000009
OPCODE	D8C3	8	0.000009
OPCODE	3884	8	0.000009
OPCODE	382F	8	0.000009
OPCODE	361C	8	0.000009
OPCODE	05C0	8	0.000009
OPCODE	362F	8	0.000009
OPCODE	381D	8	0.000009
OPCODE	1605	8	0.000009
OPCODE	2C1D	8	0.000009
OPCODE	ED6D	8	0.000009
OPCODE	A162	8	0.000009
OPCODE	388B	8	0.000009
OPCODE	2274	8	0.000009
OPCODE	BC78	8	0.000009
OPCODE	BCAE	8	0.000009
OPCODE	D605	8	0.000009
OPCODE	BD40	8	0.000009
OPCODE	4CD9	8	0.000009
OPCODE	E3B8	8	0.000009
OPCODE	C4E8	8	0.000009
OPCODE	C2E9	8	0.000009
OPCODE	C4C4	8	0.000009
OPCODE	20C4	8	0.000009
OPCODE	A027	8	0.000009
OPCODE	9357	8	0.000009
OPCODE	36DC	8	0.000009
OPCODE	5400	8	0.000009
OPCODE	B286	8	0.000009
OPCODE	B700	8	0.000009
OPCODE	1800	8	0.000009
OPCODE	2A1D	8	0.000009
OPCODE	4877	8	0.000009
OPCODE	22CA	8	0.000009
OPCODE	2091	8	0.000009
OPCODE	AA68	8	0.000009
OPCODE	E949	8	0.000009
OPCODE	6184	8	0.000009
OPCODE	A923	8	0.000009
OPCODE	2F4D	8	0.000009
OPCODE	D4C5	8	0.000009
OPCODE	BA44	8	0.000009
OPCODE	196E	8	0.000009
OPCODE	E76C	8	0.000009
OPCODE	6164	8	0.000009
OPCODE	D7F3	8	0.000009
OPCODE	A922	8	0.000009
OPCODE	A040	8	0.000009
OPCODE	36C4	8	0.000009
OPCODE	5388	8	0.000009
OPCODE	242F	8	0.000009
OPCODE	5BCB	8	0.000009
OPCODE	A928	8	0.000009
OPCODE	5389	8	0.000009
OPCODE	301C	8	0.000009
OPCODE	E7A1	8	0.000009
OPCODE	5089	7	0.000007
OPCODE	D1EE	7	0.000007
OPCODE	57C9	7	0.000007
OPCODE	2E06	7	0.000007
OPCODE	617C	7	0.000007
OPCODE	2682	7	0.000007
OPCODE	1819	7	0.000007
OPCODE	0268	7	0.000007
OPCODE	C0C4	7	0.000007
OPCODE	D0B8	7	0.000007
OPCODE	1619	7	0.000007
OPCODE	5841	7	0.000007
OPCODE	D4D2	7	0.000007
OPCODE	BA87	7	0.000007
OPCODE	CD38	7	0.000007
OPCODE	2692	7	0.000007
OPCODE	61AA	7	0.000007
OPCODE	50C6	7	0.000007
OPCODE	51E9	7	0.000007
OPCODE	2954	7	0.000007
OPCODE	CA38	7	0.000007
OPCODE	5187	7	0.000007
OPCODE	D8C5	7	0.000007
OPCODE	2429	7	0.000007
OPCODE	6EE8	7	0.000007
OPCODE	8E00	7	0.000007
OPCODE	56C5	7	0.000007
OPCODE	5302	7	0.000007
OPCODE	A064	7	0.000007
OPCODE	A9A8	7	0.000007
OPCODE	20F8	7	0.000007
OPCODE	A11E	7	0.000007
OPCODE	31C3	7	0.000007
OPCODE	31C7	7	0.000007
OPCODE	06B8	7	0.000007
OPCODE	A955	7	0.000007
OPCODE	528B	7	0.000007
OPCODE	A927	7	0.000007
OPCODE	321C	7	0.000007
OPCODE	DEB8	7	0.000007
OPCODE	B678	7	0.000007
OPCODE	6070	7	0.000007
OPCODE	A815	7	0.000007
OPCODE	2286	7	0.000007
OPCODE	A836	7	0.000007
OPCODE	1151	7	0.000007
OPCODE	2293	7	0.000007
OPCODE	A851	7	0.000007
OPCODE	32F8	7	0.000007
OPCODE	A860	7	0.000007
OPCODE	A86C	7	0.000007
OPCODE	45ED	7	0.000007
OPCODE	78FE	7	0.000007
OPCODE	588B	7	0.000007
OPCODE	3613	7	0.000007
OPCODE	AA32	7	0.000007
OPCODE	B5ED	7	0.000007
OPCODE	9093	7	0.000007
OPCODE	5645	7	0.000007
OPCODE	2086	7	0.000007
OPCODE	6574	7	0.000007
OPCODE	5C80	7	0.000007
OPCODE	E259	7	0.000007
OPCODE	AA43	7	0.000007
OPCODE	6122	7	0.000007
OPCODE	04B8	7	0.000007
OPCODE	11D0	7	0.000007
OPCODE	6548	7	0.000007
OPCODE	11D1	7	0.000007
OPCODE	1E31	7	0.000007
OPCODE	44C0	7	0.000007
OPCODE	9A43	7	0.000007
OPCODE	C8C1	6	0.000006
OPCODE	08EE	6	0.000006
OPCODE	BE68	6	0.000006
OPCODE	7806	6	0.000006
OPCODE	A8ED	6	0.000006
OPCODE	C0C6	6	0.000006
OPCODE	2247	6	0.000006
OPCODE	91AC	6	0.000006
OPCODE	78F8	6	0.000006
OPCODE	E445	6	0.000006
OPCODE	1740	6	0.000006
OPCODE	1A10	6	0.000006
OPCODE	A8E7	6	0.000006
OPCODE	6E30	6	0.000006
OPCODE	9207	6	0.000006
OPCODE	6C4C	6	0.000006
OPCODE	C05A	6	0.000006
OPCODE	6D32	6	0.000006
OPCODE	5AEE	6	0.000006
OPCODE	21E8	6	0.000006
OPCODE	D078	6	0.000006
OPCODE	376C	6	0.000006
OPCODE	E2A0	6	0.000006
OPCODE	D2BC	6	0.000006
OPCODE	E342	6	0.000006
OPCODE	D768	6	0.000006
OPCODE	A943	6	0.000006
OPCODE	D78C	6	0.000006
OPCODE	66BE	6	0.000006
OPCODE	6CBC	6	0.000006
OPCODE	3803	6	0.000006
OPCODE	66B8	6	0.000006
OPCODE	C4C6	6	0.000006
OPCODE	A09D	6	0.000006
OPCODE	1171	6	0.000006
OPCODE	C401	6	0.000006
OPCODE	3A18	6	0.000006
OPCODE	C441	6	0.000006
OPCODE	80BC	6	0.000006
OPCODE	3A28	6	0.000006
OPCODE	53AE	6	0.000006
OPCODE	61B2	6	0.000006
OPCODE	28AB	6	0.000006
OPCODE	C4C5	6	0.000006
OPCODE	A0A4	6	0.000006
OPCODE	3E18	6	0.000006
OPCODE	CBC0	6	0.000006
OPCODE	9EC4	6	0.000006
OPCODE	E946	6	0.000006
OPCODE	1631	6	0.000006
OPCODE	7E94	6	0.000006
OPCODE	3D55	6	0.000006
OPCODE	9969	6	0.000006
OPCODE	C840	6	0.000006
OPCODE	802D	6	0.000006
OPCODE	6C30	6	0.000006
OPCODE	93E8	6	0.000006
OPCODE	E4A1	6	0.000006
OPCODE	1801	6	0.000006
OPCODE	6198	6	0.000006
OPCODE	3943	6	0.000006
OPCODE	6E10	6	0.000006
OPCODE	16BC	6	0.000006
OPCODE	0644	6	0.000006
OPCODE	A821	6	0.000006
OPCODE	D593	6	0.000006
OPCODE	5701	6	0.000006
OPCODE	0C12	6	0.000006
OPCODE	92C4	6	0.000006
OPCODE	EB80	6	0.000006
OPCODE	3F20	6	0.000006
OPCODE	E668	6	0.000006
OPCODE	C2AB	6	0.000006
OPCODE	A440	6	0.000006
OPCODE	A402	6	0.000006
OPCODE	3F1A	6	0.000006
OPCODE	6B52	6	0.000006
OPCODE	CCC1	6	0.000006
OPCODE	2A6A	6	0.000006
OPCODE	D26E	6	0.000006
OPCODE	3332	6	0.000006
OPCODE	BA29	6	0.000006
OPCODE	7209	6	0.000006
OPCODE	B5F8	6	0.000006
OPCODE	3345	6	0.000006
OPCODE	0204	6	0.000006
OPCODE	1414	6	0.000006
OPCODE	BA83	6	0.000006
OPCODE	4C41	6	0.000006
OPCODE	2760	6	0.000006
OPCODE	2670	6	0.000006
OPCODE	D0C1	6	0.000006
OPCODE	6E72	6	0.000006
OPCODE	E0A1	6	0.000006
OPCODE	0A30	6	0.000006
OPCODE	7246	6	0.000006
OPCODE	0A33	6	0.000006
OPCODE	0890	6	0.000006
OPCODE	1431	6	0.000006
OPCODE	1320	6	0.000006
OPCODE	1882	6	0.000006
OPCODE	2702	6	0.000006
OPCODE	D96C	6	0.000006
OPCODE	306A	6	0.000006
OPCODE	6120	6	0.000006
OPCODE	D1AB	6	0.000006
OPCODE	4469	6	0.000006
OPCODE	DC47	6	0.000006
OPCODE	F35F	6	0.000006
OPCODE	E05A	6	0.000006
OPCODE	6FB6	6	0.000006
OPCODE	740A	6	0.000006
OPCODE	DE46	6	0.000006
OPCODE	8CEE	6	0.000006
OPCODE	6B32	6	0.000006
OPCODE	1941	6	0.000006
OPCODE	B5D0	6	0.000006
OPCODE	558C	6	0.000006
OPCODE	D1E8	6	0.000006
OPCODE	36AE	6	0.000006
OPCODE	6356	6	0.000006
OPCODE	0887	6	0.000006
OPCODE	6D2A	6	0.000006
OPCODE	90AD	6	0.000006
OPCODE	DA44	6	0.000006
OPCODE	0C9F	6	0.000006
OPCODE	7244	6	0.000006
OPCODE	BE45	6	0.000006
OPCODE	3618	6	0.000006
OPCODE	4263	6	0.000006
OPCODE	30B8	6	0.000006
OPCODE	BE9A	5	0.000005
OPCODE	7032	5	0.000005
OPCODE	205C	5	0.000005
OPCODE	7416	5	0.000005
OPCODE	A80C	5	0.000005
OPCODE	B2AC	5	0.000005
OPCODE	50EA	5	0.000005
OPCODE	B9C0	5	0.000005
OPCODE	5041	5	0.000005
OPCODE	905F	5	0.000005
OPCODE	1D6C	5	0.000005
OPCODE	AA2D	5	0.000005
OPCODE	5042	5	0.000005
OPCODE	240C	5	0.000005
OPCODE	103C	5	0.000005
OPCODE	9E6E	5	0.000005
OPCODE	AA29	5	0.000005
OPCODE	AA2B	5	0.000005
OPCODE	A833	5	0.000005
OPCODE	C218	5	0.000005
OPCODE	1942	5	0.000005
OPCODE	1083	5	0.000005
OPCODE	9047	5	0.000005
OPCODE	6764	5	0.000005
OPCODE	0C85	5	0.000005
OPCODE	022C	5	0.000005
OPCODE	4253	5	0.000005
OPCODE	A039	5	0.000005
OPCODE	7019	5	0.000005
OPCODE	20DA	5	0.000005
OPCODE	B7F8	5	0.000005
OPCODE	D354	5	0.000005
OPCODE	1F6A	5	0.000005
OPCODE	B840	5	0.000005
OPCODE	7036	5	0.000005
OPCODE	31AE	5	0.000005
OPCODE	613E	5	0.000005
OPCODE	002A	5	0.000005
OPCODE	892B	5	0.000005
OPCODE	2846	5	0.000005
OPCODE	614C	5	0.000005
OPCODE	B7D2	5	0.000005
OPCODE	3E14	5	0.000005
OPCODE	A128	5	0.000005
OPCODE	2024	5	0.000005
OPCODE	B450	5	0.000005
OPCODE	9A47	5	0.000005
OPCODE	94A9	5	0.000005
OPCODE	A000	5	0.000005
OPCODE	2EA9	5	0.000005
OPCODE	A9BA	5	0.000005
OPCODE	315F	5	0.000005
OPCODE	162E	5	0.000005
OPCODE	1206	5	0.000005
OPCODE	A90F	5	0.000005
OPCODE	EE49	5	0.000005
OPCODE	0C02	5	0.000005
OPCODE	AA28	5	0.000005
OPCODE	A91F	5	0.000005
OPCODE	362D	5	0.000005
OPCODE	5328	5	0.000005
OPCODE	60A8	5	0.000005
OPCODE	6D4A	5	0.000005
OPCODE	11EF	5	0.000005
OPCODE	70AB	5	0.000005
OPCODE	362B	5	0.000005
OPCODE	0C29	5	0.000005
OPCODE	640C	5	0.000005
OPCODE	A96D	5	0.000005
OPCODE	1E28	5	0.000005
OPCODE	7606	5	0.000005
OPCODE	C82B	5	0.000005
OPCODE	5497	5	0.000005
OPCODE	A990	5	0.000005
OPCODE	A992	5	0.000005
OPCODE	D36C	5	0.000005
OPCODE	08AF	5	0.000005
OPCODE	5301	5	0.000005
OPCODE	A9A1	5	0.000005
OPCODE	A9A3	5	0.000005
OPCODE	A9E2	5	0.000005
OPCODE	C045	5	0.000005
OPCODE	B08B	5	0.000005
OPCODE	3568	5	0.000005
OPCODE	6C4A	5	0.000005
OPCODE	66C6	5	0.000005
OPCODE	7A9D	5	0.000005
OPCODE	A885	5	0.000005
OPCODE	C189	5	0.000005
OPCODE	A886	5	0.000005
OPCODE	76EB	5	0.000005
OPCODE	6036	5	0.000005
OPCODE	7A08	5	0.000005
OPCODE	D0EF	5	0.000005
OPCODE	AA24	5	0.000005
OPCODE	A90E	5	0.000005
OPCODE	387C	5	0.000005
OPCODE	002C	5	0.000005
OPCODE	60AC	5	0.000005
OPCODE	6D36	5	0.000005
OPCODE	D1CE	5	0.000005
OPCODE	78E0	5	0.000005
OPCODE	E069	5	0.000005
OPCODE	5254	5	0.000005
OPCODE	AA1F	5	0.000005
OPCODE	6D58	5	0.000005
OPCODE	AA18	5	0.000005
OPCODE	9794	4	0.000004
OPCODE	D373	4	0.000004
OPCODE	651E	4	0.000004
OPCODE	CAA9	4	0.000004
OPCODE	26CC	4	0.000004
OPCODE	26C2	4	0.000004
OPCODE	2945	4	0.000004
OPCODE	2629	4	0.000004
OPCODE	26CA	4	0.000004
OPCODE	26C5	4	0.000004
OPCODE	3D9F	4	0.000004
OPCODE	47EF	4	0.000004
OPCODE	5147	4	0.000004
OPCODE	C242	4	0.000004
OPCODE	1C1F	4	0.000004
OPCODE	97AC	4	0.000004
OPCODE	D299	4	0.000004
OPCODE	2774	4	0.000004
OPCODE	6B2C	4	0.000004
OPCODE	4274	4	0.000004
OPCODE	66A6	4	0.000004
OPCODE	9254	4	0.000004
OPCODE	16C1	4	0.000004
OPCODE	6B24	4	0.000004
OPCODE	EDC1	4	0.000004
OPCODE	61D6	4	0.000004
OPCODE	EDE8	4	0.000004
OPCODE	1E14	4	0.000004
OPCODE	1E2C	4	0.000004
OPCODE	59AC	4	0.000004
OPCODE	0C57	4	0.000004
OPCODE	4641	4	0.000004
OPCODE	D099	4	0.000004
OPCODE	0CB1	4	0.000004
OPCODE	50C1	4	0.000004
OPCODE	50C5	4	0.000004
OPCODE	EEEE	4	0.000004
OPCODE	2829	4	0.000004
OPCODE	2750	4	0.000004
OPCODE	2741	4	0.000004
OPCODE	8800	4	0.000004
OPCODE	6B58	4	0.000004
OPCODE	1D41	4	0.000004
OPCODE	4457	4	0.000004
OPCODE	3E91	4	0.000004
OPCODE	D2E8	4	0.000004
OPCODE	CD4B	4	0.000004
OPCODE	268A	4	0.000004
OPCODE	8D90	4	0.000004
OPCODE	EA50	4	0.000004
OPCODE	2646	4	0.000004
OPCODE	3F32	4	0.000004
OPCODE	6AF6	4	0.000004
OPCODE	6B48	4	0.000004
OPCODE	D26C	4	0.000004
OPCODE	3F68	4	0.000004
OPCODE	0229	4	0.000004
OPCODE	594B	4	0.000004
OPCODE	ECE8	4	0.000004
OPCODE	2671	4	0.000004
OPCODE	3687	4	0.000004
OPCODE	608A	4	0.000004
OPCODE	6E4E	4	0.000004
OPCODE	0A44	4	0.000004
OPCODE	0069	4	0.000004
OPCODE	D7EB	4	0.000004
OPCODE	36C7	4	0.000004
OPCODE	36C3	4	0.000004
OPCODE	B029	4	0.000004
OPCODE	6E42	4	0.000004
OPCODE	3685	4	0.000004
OPCODE	B06F	4	0.000004
OPCODE	7609	4	0.000004
OPCODE	34EE	4	0.000004
OPCODE	1946	4	0.000004
OPCODE	2457	4	0.000004
OPCODE	6E76	4	0.000004
OPCODE	616E	4	0.000004
OPCODE	6E40	4	0.000004
OPCODE	665C	4	0.000004
OPCODE	2E4A	4	0.000004
OPCODE	1A13	4	0.000004
OPCODE	C007	4	0.000004
OPCODE	2213	4	0.000004
OPCODE	A9DA	4	0.000004
OPCODE	A9A4	4	0.000004
OPCODE	C05F	4	0.000004
OPCODE	A99A	4	0.000004
OPCODE	A999	4	0.000004
OPCODE	D6C1	4	0.000004
OPCODE	21E1	4	0.000004
OPCODE	2D08	4	0.000004
OPCODE	21CD	4	0.000004
OPCODE	2338	4	0.000004
OPCODE	B6A9	4	0.000004
OPCODE	727F	4	0.000004
OPCODE	3084	4	0.000004
OPCODE	237C	4	0.000004
OPCODE	722C	4	0.000004
OPCODE	316B	4	0.000004
OPCODE	241D	4	0.000004
OPCODE	2369	4	0.000004
OPCODE	B491	4	0.000004
OPCODE	3178	4	0.000004
OPCODE	56E8	4	0.000004
OPCODE	B46A	4	0.000004
OPCODE	4A9C	4	0.000004
OPCODE	2344	4	0.000004
OPCODE	3034	4	0.000004
OPCODE	9A41	4	0.000004
OPCODE	B3C5	4	0.000004
OPCODE	10DA	4	0.000004
OPCODE	22FC	4	0.000004
OPCODE	242D	4	0.000004
OPCODE	B285	4	0.000004
OPCODE	6E7E	4	0.000004
OPCODE	1383	4	0.000004
OPCODE	6166	4	0.000004
OPCODE	B212	4	0.000004
OPCODE	3338	4	0.000004
OPCODE	3346	4	0.000004
OPCODE	E059	4	0.000004
OPCODE	4BF9	4	0.000004
OPCODE	BA82	4	0.000004
OPCODE	3417	4	0.000004
OPCODE	9E8B	4	0.000004
OPCODE	D3E9	4	0.000004
OPCODE	2558	4	0.000004
OPCODE	A20C	4	0.000004
OPCODE	A207	4	0.000004
OPCODE	E6AC	4	0.000004
OPCODE	9CAB	4	0.000004
OPCODE	E6AD	4	0.000004
OPCODE	702A	4	0.000004
OPCODE	C2EE	4	0.000004
OPCODE	6DF4	4	0.000004
OPCODE	702B	4	0.000004
OPCODE	A23C	4	0.000004
OPCODE	1031	4	0.000004
OPCODE	20AD	4	0.000004
OPCODE	A001	4	0.000004
OPCODE	2A4A	4	0.000004
OPCODE	51F8	4	0.000004
OPCODE	6B60	4	0.000004
OPCODE	2A38	4	0.000004
OPCODE	A00A	4	0.000004
OPCODE	A011	4	0.000004
OPCODE	E849	4	0.000004
OPCODE	A8DA	4	0.000004
OPCODE	6452	4	0.000004
OPCODE	24EE	4	0.000004
OPCODE	A8AA	4	0.000004
OPCODE	C745	4	0.000004
OPCODE	A877	4	0.000004
OPCODE	205E	4	0.000004
OPCODE	3957	4	0.000004
OPCODE	4A6F	4	0.000004
OPCODE	6F34	4	0.000004
OPCODE	2B48	4	0.000004
OPCODE	2061	4	0.000004
OPCODE	A8DB	4	0.000004
OPCODE	A823	4	0.000004
OPCODE	A81A	4	0.000004
OPCODE	9A40	4	0.000004
OPCODE	A919	4	0.000004
OPCODE	2617	3	0.000003
OPCODE	DA90	3	0.000003
OPCODE	DEC4	3	0.000003
OPCODE	5500	3	0.000003
OPCODE	6F60	3	0.000003
OPCODE	21C2	3	0.000003
OPCODE	5446	3	0.000003
OPCODE	6D4E	3	0.000003
OPCODE	D3EE	3	0.000003
OPCODE	0110	3	0.000003
OPCODE	1B43	3	0.000003
OPCODE	6514	3	0.000003
OPCODE	5588	3	0.000003
OPCODE	1F03	3	0.000003
OPCODE	6276	3	0.000003
OPCODE	E98E	3	0.000003
OPCODE	D96E	3	0.000003
OPCODE	D2D8	3	0.000003
OPCODE	EDA8	3	0.000003
OPCODE	E3AA	3	0.000003
OPCODE	0068	3	0.000003
OPCODE	D6D0	3	0.000003
OPCODE	6454	3	0.000003
OPCODE	EC08	3	0.000003
OPCODE	E587	3	0.000003
OPCODE	E246	3	0.000003
OPCODE	2476	3	0.000003
OPCODE	D7D0	3	0.000003
OPCODE	214E	3	0.000003
OPCODE	E648	3	0.000003
OPCODE	E64C	3	0.000003
OPCODE	182F	3	0.000003
OPCODE	5744	3	0.000003
OPCODE	1A2C	3	0.000003
OPCODE	2015	3	0.000003
OPCODE	1D46	3	0.000003
OPCODE	1947	3	0.000003
OPCODE	2276	3	0.000003
OPCODE	227C	3	0.000003
OPCODE	6F4A	3	0.000003
OPCODE	1F1A	3	0.000003
OPCODE	631A	3	0.000003
OPCODE	E76D	3	0.000003
OPCODE	D884	3	0.000003
OPCODE	6F3C	3	0.000003
OPCODE	20D2	3	0.000003
OPCODE	E848	3	0.000003
OPCODE	D886	3	0.000003
OPCODE	3378	3	0.000003
OPCODE	6776	3	0.000003
OPCODE	7608	3	0.000003
OPCODE	7042	3	0.000003
OPCODE	B9EA	3	0.000003
OPCODE	3498	3	0.000003
OPCODE	C2BC	3	0.000003
OPCODE	C2DF	3	0.000003
OPCODE	A071	3	0.000003
OPCODE	B868	3	0.000003
OPCODE	3045	3	0.000003
OPCODE	4879	3	0.000003
OPCODE	7034	3	0.000003
OPCODE	7E04	3	0.000003
OPCODE	7046	3	0.000003
OPCODE	9EC3	3	0.000003
OPCODE	B810	3	0.000003
OPCODE	306D	3	0.000003
OPCODE	B7EA	3	0.000003
OPCODE	6A24	3	0.000003
OPCODE	9C83	3	0.000003
OPCODE	C6FC	3	0.000003
OPCODE	9A80	3	0.000003
OPCODE	B287	3	0.000003
OPCODE	C894	3	0.000003
OPCODE	C8AE	3	0.000003
OPCODE	9862	3	0.000003
OPCODE	9846	3	0.000003
OPCODE	2C4C	3	0.000003
OPCODE	C017	3	0.000003
OPCODE	A937	3	0.000003
OPCODE	A91B	3	0.000003
OPCODE	A915	3	0.000003
OPCODE	A910	3	0.000003
OPCODE	70DC	3	0.000003
OPCODE	2D74	3	0.000003
OPCODE	6176	3	0.000003
OPCODE	A906	3	0.000003
OPCODE	49D0	3	0.000003
OPCODE	4CED	3	0.000003
OPCODE	2E89	3	0.000003
OPCODE	67EC	3	0.000003
OPCODE	9E85	3	0.000003
OPCODE	A8AD	3	0.000003
OPCODE	48E8	3	0.000003
OPCODE	7A07	3	0.000003
OPCODE	AA1D	3	0.000003
OPCODE	A87F	3	0.000003
OPCODE	C12C	3	0.000003
OPCODE	618A	3	0.000003
OPCODE	0C86	3	0.000003
OPCODE	7618	3	0.000003
OPCODE	A81D	3	0.000003
OPCODE	2B53	3	0.000003
OPCODE	3622	3	0.000003
OPCODE	7252	3	0.000003
OPCODE	2888	3	0.000003
OPCODE	7410	3	0.000003
OPCODE	CEC6	3	0.000003
OPCODE	41D6	3	0.000003
OPCODE	5B40	3	0.000003
OPCODE	CA2B	3	0.000003
OPCODE	30E4	3	0.000003
OPCODE	508B	3	0.000003
OPCODE	4233	3	0.000003
OPCODE	0C93	3	0.000003
OPCODE	6FF8	3	0.000003
OPCODE	08C5	3	0.000003
OPCODE	91EE	3	0.000003
OPCODE	D0D0	3	0.000003
OPCODE	D0EA	3	0.000003
OPCODE	B3EB	3	0.000003
OPCODE	6138	3	0.000003
OPCODE	908A	3	0.000003
OPCODE	61D0	3	0.000003
OPCODE	0382	3	0.000003
OPCODE	D16A	3	0.000003
OPCODE	8644	3	0.000003
OPCODE	316D	3	0.000003
OPCODE	0310	3	0.000003
OPCODE	308B	3	0.000003
OPCODE	97CA	3	0.000003
OPCODE	7017	3	0.000003
OPCODE	08D0	3	0.000003
OPCODE	9662	3	0.000003
OPCODE	723A	3	0.000003
OPCODE	CC6B	3	0.000003
OPCODE	80C4	3	0.000003
OPCODE	0081	2	0.000002
OPCODE	2231	2	0.000002
OPCODE	12AA	2	0.000002
OPCODE	228A	2	0.000002
OPCODE	A9C3	2	0.000002
OPCODE	63F0	2	0.000002
OPCODE	A9F1	2	0.000002
OPCODE	0454	2	0.000002
OPCODE	B3E8	2	0.000002
OPCODE	767E	2	0.000002
OPCODE	AA41	2	0.000002
OPCODE	B298	2	0.000002
OPCODE	E28B	2	0.000002
OPCODE	03C2	2	0.000002
OPCODE	607A	2	0.000002
OPCODE	03C0	2	0.000002
OPCODE	4A58	2	0.000002
OPCODE	A95D	2	0.000002
OPCODE	A956	2	0.000002
OPCODE	DFED	2	0.000002
OPCODE	3292	2	0.000002
OPCODE	7440	2	0.000002
OPCODE	B46D	2	0.000002
OPCODE	10D1	2	0.000002
OPCODE	22CD	2	0.000002
OPCODE	323A	2	0.000002
OPCODE	B0A0	2	0.000002
OPCODE	E089	2	0.000002
OPCODE	B141	2	0.000002
OPCODE	1943	2	0.000002
OPCODE	10E9	2	0.000002
OPCODE	B0BA	2	0.000002
OPCODE	B1DF	2	0.000002
OPCODE	3212	2	0.000002
OPCODE	0482	2	0.000002
OPCODE	E09B	2	0.000002
OPCODE	B1ED	2	0.000002
OPCODE	B0B0	2	0.000002
OPCODE	22E9	2	0.000002
OPCODE	22EF	2	0.000002
OPCODE	0494	2	0.000002
OPCODE	DEBC	2	0.000002
OPCODE	B241	2	0.000002
OPCODE	3208	2	0.000002
OPCODE	B1EF	2	0.000002
OPCODE	046C	2	0.000002
OPCODE	B07A	2	0.000002
OPCODE	116E	2	0.000002
OPCODE	760A	2	0.000002
OPCODE	B2AF	2	0.000002
OPCODE	528A	2	0.000002
OPCODE	3680	2	0.000002
OPCODE	7615	2	0.000002
OPCODE	12DB	2	0.000002
OPCODE	6EBA	2	0.000002
OPCODE	7628	2	0.000002
OPCODE	AA48	2	0.000002
OPCODE	1B54	2	0.000002
OPCODE	3F21	2	0.000002
OPCODE	EB5A	2	0.000002
OPCODE	3F17	2	0.000002
OPCODE	3F13	2	0.000002
OPCODE	6A56	2	0.000002
OPCODE	3EBC	2	0.000002
OPCODE	80D7	2	0.000002
OPCODE	5447	2	0.000002
OPCODE	6588	2	0.000002
OPCODE	3E01	2	0.000002
OPCODE	EB98	2	0.000002
OPCODE	9AAE	2	0.000002
OPCODE	3D51	2	0.000002
OPCODE	7E27	2	0.000002
OPCODE	122E	2	0.000002
OPCODE	2083	2	0.000002
OPCODE	9CFA	2	0.000002
OPCODE	E942	2	0.000002
OPCODE	E908	2	0.000002
OPCODE	6A1C	2	0.000002
OPCODE	6A1A	2	0.000002
OPCODE	6D2C	2	0.000002
OPCODE	6B40	2	0.000002
OPCODE	6B46	2	0.000002
OPCODE	6B36	2	0.000002
OPCODE	8D93	2	0.000002
OPCODE	9030	2	0.000002
OPCODE	1F29	2	0.000002
OPCODE	6B20	2	0.000002
OPCODE	90AA	2	0.000002
OPCODE	82F8	2	0.000002
OPCODE	82AE	2	0.000002
OPCODE	9EA8	2	0.000002
OPCODE	425A	2	0.000002
OPCODE	EF4A	2	0.000002
OPCODE	EF09	2	0.000002
OPCODE	8283	2	0.000002
OPCODE	5990	2	0.000002
OPCODE	91CE	2	0.000002
OPCODE	9243	2	0.000002
OPCODE	92B8	2	0.000002
OPCODE	EBD7	2	0.000002
OPCODE	93C0	2	0.000002
OPCODE	A897	2	0.000002
OPCODE	5F40	2	0.000002
OPCODE	5894	2	0.000002
OPCODE	7C0D	2	0.000002
OPCODE	A852	2	0.000002
OPCODE	A854	2	0.000002
OPCODE	215A	2	0.000002
OPCODE	D1D0	2	0.000002
OPCODE	A87D	2	0.000002
OPCODE	6BD6	2	0.000002
OPCODE	A896	2	0.000002
OPCODE	A804	2	0.000002
OPCODE	6430	2	0.000002
OPCODE	219F	2	0.000002
OPCODE	6BD8	2	0.000002
OPCODE	49C0	2	0.000002
OPCODE	780D	2	0.000002
OPCODE	122F	2	0.000002
OPCODE	E408	2	0.000002
OPCODE	A904	2	0.000002
OPCODE	A909	2	0.000002
OPCODE	640E	2	0.000002
OPCODE	A059	2	0.000002
OPCODE	20AC	2	0.000002
OPCODE	A004	2	0.000002
OPCODE	3B7C	2	0.000002
OPCODE	A02B	2	0.000002
OPCODE	A02F	2	0.000002
OPCODE	E847	2	0.000002
OPCODE	E7B8	2	0.000002
OPCODE	20E9	2	0.000002
OPCODE	A051	2	0.000002
OPCODE	A058	2	0.000002
OPCODE	A92D	2	0.000002
OPCODE	A079	2	0.000002
OPCODE	7CEA	2	0.000002
OPCODE	A346	2	0.000002
OPCODE	A41C	2	0.000002
OPCODE	A43C	2	0.000002
OPCODE	2148	2	0.000002
OPCODE	A461	2	0.000002
OPCODE	A71E	2	0.000002
OPCODE	5351	2	0.000002
OPCODE	C0EE	2	0.000002
OPCODE	BCA8	2	0.000002
OPCODE	D2C3	2	0.000002
OPCODE	2C4F	2	0.000002
OPCODE	4CD2	2	0.000002
OPCODE	C0AA	2	0.000002
OPCODE	BAA8	2	0.000002
OPCODE	61B4	2	0.000002
OPCODE	7094	2	0.000002
OPCODE	2A42	2	0.000002
OPCODE	BA46	2	0.000002
OPCODE	6C1C	2	0.000002
OPCODE	2F61	2	0.000002
OPCODE	288A	2	0.000002
OPCODE	24D5	2	0.000002
OPCODE	101A	2	0.000002
OPCODE	1403	2	0.000002
OPCODE	668A	2	0.000002
OPCODE	66B4	2	0.000002
OPCODE	66AE	2	0.000002
OPCODE	D09F	2	0.000002
OPCODE	6F20	2	0.000002
OPCODE	D283	2	0.000002
OPCODE	2657	2	0.000002
OPCODE	D954	2	0.000002
OPCODE	6F50	2	0.000002
OPCODE	260A	2	0.000002
OPCODE	6F38	2	0.000002
OPCODE	D3C3	2	0.000002
OPCODE	C6C2	2	0.000002
OPCODE	7026	2	0.000002
OPCODE	4CEA	2	0.000002
OPCODE	248B	2	0.000002
OPCODE	0CAB	2	0.000002
OPCODE	2971	2	0.000002
OPCODE	701D	2	0.000002
OPCODE	248C	2	0.000002
OPCODE	6226	2	0.000002
OPCODE	701B	2	0.000002
OPCODE	C3FC	2	0.000002
OPCODE	2609	2	0.000002
OPCODE	2EAB	2	0.000002
OPCODE	C681	2	0.000002
OPCODE	70F7	2	0.000002
OPCODE	BE28	2	0.000002
OPCODE	BCAC	2	0.000002
OPCODE	CCA9	2	0.000002
OPCODE	5257	2	0.000002
OPCODE	CE45	2	0.000002
OPCODE	51AE	2	0.000002
OPCODE	C4EE	2	0.000002
OPCODE	B66D	2	0.000002
OPCODE	240D	2	0.000002
OPCODE	C193	2	0.000002
OPCODE	2A61	2	0.000002
OPCODE	7236	2	0.000002
OPCODE	B7C4	2	0.000002
OPCODE	C1AC	2	0.000002
OPCODE	B5F3	2	0.000002
OPCODE	2B6E	2	0.000002
OPCODE	2752	2	0.000002
OPCODE	2A90	2	0.000002
OPCODE	6F62	2	0.000002
OPCODE	D183	2	0.000002
OPCODE	D4B8	2	0.000002
OPCODE	0900	2	0.000002
OPCODE	274A	2	0.000002
OPCODE	2B4A	2	0.000002
OPCODE	0300	2	0.000002
OPCODE	0094	2	0.000002
OPCODE	2687	2	0.000002
OPCODE	C192	2	0.000002
OPCODE	2380	2	0.000002
OPCODE	2672	2	0.000002
OPCODE	254C	2	0.000002
OPCODE	276A	2	0.000002
OPCODE	18AD	2	0.000002
OPCODE	C293	2	0.000002
OPCODE	D25F	2	0.000002
OPCODE	3144	2	0.000002
OPCODE	10C2	2	0.000002
OPCODE	B7DF	2	0.000002
OPCODE	5E80	1	0.000001
OPCODE	C290	1	0.000001
OPCODE	2101	1	0.000001
OPCODE	9E84	1	0.000001
OPCODE	2964	1	0.000001
OPCODE	9FC0	1	0.000001
OPCODE	6F28	1	0.000001
OPCODE	9E40	1	0.000001
OPCODE	9C6A	1	0.000001
OPCODE	D3F1	1	0.000001
OPCODE	61E6	1	0.000001
OPCODE	2072	1	0.000001
OPCODE	0646	1	0.000001
OPCODE	211F	1	0.000001
OPCODE	3C2A	1	0.000001
OPCODE	7CEF	1	0.000001
OPCODE	5C89	1	0.000001
OPCODE	2610	1	0.000001
OPCODE	7CEE	1	0.000001
OPCODE	A1A4	1	0.000001
OPCODE	7027	1	0.000001
OPCODE	3C05	1	0.000001
OPCODE	20E4	1	0.000001
OPCODE	5D88	1	0.000001
OPCODE	65E0	1	0.000001
OPCODE	01F1	1	0.000001
OPCODE	A03B	1	0.000001
OPCODE	C3EE	1	0.000001
OPCODE	A033	1	0.000001
OPCODE	3B40	1	0.000001
OPCODE	6CF8	1	0.000001
OPCODE	966D	1	0.000001
OPCODE	C444	1	0.000001
OPCODE	5391	1	0.000001
OPCODE	3B43	1	0.000001
OPCODE	7035	1	0.000001
OPCODE	7029	1	0.000001
OPCODE	6D7C	1	0.000001
OPCODE	A020	1	0.000001
OPCODE	7038	1	0.000001
OPCODE	6C42	1	0.000001
OPCODE	3A1C	1	0.000001
OPCODE	A05E	1	0.000001
OPCODE	7E07	1	0.000001
OPCODE	5680	1	0.000001
OPCODE	A05F	1	0.000001
OPCODE	20AB	1	0.000001
OPCODE	1034	1	0.000001
OPCODE	255F	1	0.000001
OPCODE	2A14	1	0.000001
OPCODE	A080	1	0.000001
OPCODE	91A8	1	0.000001
OPCODE	908B	1	0.000001
OPCODE	908C	1	0.000001
OPCODE	548C	1	0.000001
OPCODE	07B2	1	0.000001
OPCODE	D154	1	0.000001
OPCODE	6C3A	1	0.000001
OPCODE	90C0	1	0.000001
OPCODE	2778	1	0.000001
OPCODE	9154	1	0.000001
OPCODE	9190	1	0.000001
OPCODE	5494	1	0.000001
OPCODE	EE98	1	0.000001
OPCODE	D294	1	0.000001
OPCODE	0704	1	0.000001
OPCODE	8229	1	0.000001
OPCODE	0213	1	0.000001
OPCODE	81C1	1	0.000001
OPCODE	4212	1	0.000001
OPCODE	5BC0	1	0.000001
OPCODE	1213	1	0.000001
OPCODE	554C	1	0.000001
OPCODE	3168	1	0.000001
OPCODE	44FB	1	0.000001
OPCODE	D1FC	1	0.000001
OPCODE	08C1	1	0.000001
OPCODE	5948	1	0.000001
OPCODE	5949	1	0.000001
OPCODE	89A8	1	0.000001
OPCODE	8A40	1	0.000001
OPCODE	8C85	1	0.000001
OPCODE	5BC2	1	0.000001
OPCODE	8EC5	1	0.000001
OPCODE	42B1	1	0.000001
OPCODE	42B0	1	0.000001
OPCODE	4294	1	0.000001
OPCODE	83FC	1	0.000001
OPCODE	07F2	1	0.000001
OPCODE	EFEB	1	0.000001
OPCODE	1F2C	1	0.000001
OPCODE	0028	1	0.000001
OPCODE	D3AA	1	0.000001
OPCODE	51C5	1	0.000001
OPCODE	96FC	1	0.000001
OPCODE	3E08	1	0.000001
OPCODE	203B	1	0.000001
OPCODE	CA86	1	0.000001
OPCODE	5C47	1	0.000001
OPCODE	701C	1	0.000001
OPCODE	E9D7	1	0.000001
OPCODE	1C28	1	0.000001
OPCODE	26AE	1	0.000001
OPCODE	066D	1	0.000001
OPCODE	1C1B	1	0.000001
OPCODE	986B	1	0.000001
OPCODE	986D	1	0.000001
OPCODE	9A69	1	0.000001
OPCODE	9A6A	1	0.000001
OPCODE	3D6C	1	0.000001
OPCODE	9A7C	1	0.000001
OPCODE	2064	1	0.000001
OPCODE	6686	1	0.000001
OPCODE	D069	1	0.000001
OPCODE	41D3	1	0.000001
OPCODE	2872	1	0.000001
OPCODE	EC88	1	0.000001
OPCODE	5BC6	1	0.000001
OPCODE	D046	1	0.000001
OPCODE	CEAC	1	0.000001
OPCODE	93C1	1	0.000001
OPCODE	4697	1	0.000001
OPCODE	2957	1	0.000001
OPCODE	946D	1	0.000001
OPCODE	CE46	1	0.000001
OPCODE	6A72	1	0.000001
OPCODE	55C3	1	0.000001
OPCODE	46AF	1	0.000001
OPCODE	3F08	1	0.000001
OPCODE	CC83	1	0.000001
OPCODE	CC53	1	0.000001
OPCODE	CC42	1	0.000001
OPCODE	34AE	1	0.000001
OPCODE	BA6C	1	0.000001
OPCODE	195F	1	0.000001
OPCODE	3614	1	0.000001
OPCODE	E14F	1	0.000001
OPCODE	616A	1	0.000001
OPCODE	2264	1	0.000001
OPCODE	E14B	1	0.000001
OPCODE	356A	1	0.000001
OPCODE	34C5	1	0.000001
OPCODE	5299	1	0.000001
OPCODE	5269	1	0.000001
OPCODE	6322	1	0.000001
OPCODE	1413	1	0.000001
OPCODE	34A8	1	0.000001
OPCODE	3015	1	0.000001
OPCODE	E0A5	1	0.000001
OPCODE	B8AE	1	0.000001
OPCODE	10BC	1	0.000001
OPCODE	3024	1	0.000001
OPCODE	721C	1	0.000001
OPCODE	B102	1	0.000001
OPCODE	AA93	1	0.000001
OPCODE	6374	1	0.000001
OPCODE	AA08	1	0.000001
OPCODE	AA0D	1	0.000001
OPCODE	AA0E	1	0.000001
OPCODE	AA1E	1	0.000001
OPCODE	AA2E	1	0.000001
OPCODE	3741	1	0.000001
OPCODE	AA45	1	0.000001
OPCODE	AA46	1	0.000001
OPCODE	AA92	1	0.000001
OPCODE	3068	1	0.000001
OPCODE	AA95	1	0.000001
OPCODE	AA98	1	0.000001
OPCODE	1971	1	0.000001
OPCODE	ABC0	1	0.000001
OPCODE	6090	1	0.000001
OPCODE	E18A	1	0.000001
OPCODE	2F24	1	0.000001
OPCODE	E182	1	0.000001
OPCODE	36AA	1	0.000001
OPCODE	DC8B	1	0.000001
OPCODE	309F	1	0.000001
OPCODE	526A	1	0.000001
OPCODE	7245	1	0.000001
OPCODE	4A55	1	0.000001
OPCODE	DABC	1	0.000001
OPCODE	526F	1	0.000001
OPCODE	DE42	1	0.000001
OPCODE	31EB	1	0.000001
OPCODE	0090	1	0.000001
OPCODE	B3F0	1	0.000001
OPCODE	240B	1	0.000001
OPCODE	B429	1	0.000001
OPCODE	4A57	1	0.000001
OPCODE	0086	1	0.000001
OPCODE	56EF	1	0.000001
OPCODE	234B	1	0.000001
OPCODE	31C1	1	0.000001
OPCODE	3154	1	0.000001
OPCODE	315A	1	0.000001
OPCODE	72FC	1	0.000001
OPCODE	DBC3	1	0.000001
OPCODE	2414	1	0.000001
OPCODE	622E	1	0.000001
OPCODE	0293	1	0.000001
OPCODE	6248	1	0.000001
OPCODE	D938	1	0.000001
OPCODE	D96A	1	0.000001
OPCODE	B7F1	1	0.000001
OPCODE	4A89	1	0.000001
OPCODE	B7E9	1	0.000001
OPCODE	1147	1	0.000001
OPCODE	1143	1	0.000001
OPCODE	AA07	1	0.000001
OPCODE	60D0	1	0.000001
OPCODE	006E	1	0.000001
OPCODE	3284	1	0.000001
OPCODE	02AC	1	0.000001
OPCODE	D9C7	1	0.000001
OPCODE	D9C8	1	0.000001
OPCODE	6ED8	1	0.000001
OPCODE	309A	1	0.000001
OPCODE	B2B1	1	0.000001
OPCODE	D668	1	0.000001
OPCODE	A86F	1	0.000001
OPCODE	0047	1	0.000001
OPCODE	6928	1	0.000001
OPCODE	6926	1	0.000001
OPCODE	7085	1	0.000001
OPCODE	6498	1	0.000001
OPCODE	216D	1	0.000001
OPCODE	648C	1	0.000001
OPCODE	A87E	1	0.000001
OPCODE	A880	1	0.000001
OPCODE	7068	1	0.000001
OPCODE	C0C2	1	0.000001
OPCODE	642C	1	0.000001
OPCODE	24C7	1	0.000001
OPCODE	70A1	1	0.000001
OPCODE	382D	1	0.000001
OPCODE	382B	1	0.000001
OPCODE	24A9	1	0.000001
OPCODE	C09F	1	0.000001
OPCODE	70C0	1	0.000001
OPCODE	D691	1	0.000001
OPCODE	64EC	1	0.000001
OPCODE	C27C	1	0.000001
OPCODE	64F2	1	0.000001
OPCODE	A51E	1	0.000001
OPCODE	C26E	1	0.000001
OPCODE	7C20	1	0.000001
OPCODE	A746	1	0.000001
OPCODE	A801	1	0.000001
OPCODE	705B	1	0.000001
OPCODE	A805	1	0.000001
OPCODE	56D8	1	0.000001
OPCODE	14BC	1	0.000001
OPCODE	A807	1	0.000001
OPCODE	705C	1	0.000001
OPCODE	620E	1	0.000001
OPCODE	0C91	1	0.000001
OPCODE	A84A	1	0.000001
OPCODE	24EB	1	0.000001
OPCODE	2152	1	0.000001
OPCODE	A85E	1	0.000001
OPCODE	24E8	1	0.000001
OPCODE	E28C	1	0.000001
OPCODE	A97C	1	0.000001
OPCODE	21D3	1	0.000001
OPCODE	A97D	1	0.000001
OPCODE	21D7	1	0.000001
OPCODE	2E82	1	0.000001
OPCODE	A981	1	0.000001
OPCODE	A982	1	0.000001
OPCODE	A983	1	0.000001
OPCODE	A98B	1	0.000001
OPCODE	A991	1	0.000001
OPCODE	49C2	1	0.000001
OPCODE	BE85	1	0.000001
OPCODE	A9C8	1	0.000001
OPCODE	BE50	1	0.000001
OPCODE	A9CD	1	0.000001
OPCODE	A9CE	1	0.000001
OPCODE	A9D2	1	0.000001
OPCODE	76F7	1	0.000001
OPCODE	E26C	1	0.000001
OPCODE	AA00	1	0.000001
OPCODE	E36A	1	0.000001
OPCODE	617E	1	0.000001
OPCODE	2493	1	0.000001
OPCODE	C069	1	0.000001
OPCODE	2E04	1	0.000001
OPCODE	A913	1	0.000001
OPCODE	A914	1	0.000001
OPCODE	1085	1	0.000001
OPCODE	E38D	1	0.000001
OPCODE	A916	1	0.000001
OPCODE	D730	1	0.000001
OPCODE	162A	1	0.000001
OPCODE	A92A	1	0.000001
OPCODE	2E0C	1	0.000001
OPCODE	6178	1	0.000001
OPCODE	A954	1	0.000001
OPCODE	A958	1	0.000001
OPCODE	2E81	1	0.000001
OPCODE	A95F	1	0.000001
OPCODE	A969	1	0.000001
OPCODE	A96E	1	0.000001
FPU_GUARD_META	format	fpu-guard-profile-v2-enabled
FPU_GUARD_META	post_round_predicate	candidate6c_guard_independent_of_FPCR_enables
FPU_GUARD_META	sample	pre_eval_inputs_committed_start_inclusive_stop_exclusive
FPU_GUARD_META	counts	new_fp_command_branch_events_not_retirements_or_unique_requests
FPU_GUARD_META	side_bits	cr_we,fm_we,bsun_req,fp_reset,frestore_idle,frestore_unimp,fsave_ack,pend_capture
FPU_GUARD_SUMMARY	edges	raw	restore	pending	unexpected_single_class	enable_rejected_55ff_normal	context_dropped	eligible_post_round	eligible_post_mismatch	reconciles
FPU_GUARD_SUMMARY	524160000	273	0	0	0	0	0	0	0	1
FPU_GUARD_BUCKET	precision	enables	raw	single	exp_zero	exp_normal	exp_allones	old_guard_73bc	guard_55ff	guard_6c
FPU_GUARD_BUCKET	0	0	24	0	0	0	0	0	0	0
FPU_GUARD_BUCKET	0	32	249	0	0	0	0	0	0	0
FPU_GUARD_REJECT_SIDE	0	0
FPU_GUARD_REJECT_SIDE	1	0
FPU_GUARD_REJECT_SIDE	2	0
FPU_GUARD_REJECT_SIDE	3	0
FPU_GUARD_REJECT_SIDE	4	0
FPU_GUARD_REJECT_SIDE	5	0
FPU_GUARD_REJECT_SIDE	6	0
FPU_GUARD_REJECT_SIDE	7	0
FPU_GUARD_CONTEXT	profile_edge	pc	fpcr	opclass	side_bits	old_guard_73bc	guard_55ff	guard_6c
