CONFIG_END	pc	cacr	tc
CONFIG_END	800C440E	80008000	0000C000
ENABLED_CYCLES	ic	dc	mmu
ENABLED_CYCLES	524160000	524160000	524160000
SUMMARY	cycles	dispatches	clocks_per_dispatch	rd_accept_samples	look_hit_cycles	ipred_hit_cycles
SUMMARY	524160000	84831590	6.178830	57523785	73871773	3604744
STATE	id	cycles	entries	percent
STATE	3	52493031	11771844	10.014696
STATE	4	43210264	35740669	8.243716
STATE	5	255893	255893	0.048820
STATE	8	18447425	8865156	3.519426
STATE	9	198101305	28217785	37.794052
STATE	10	86232010	19253786	16.451467
STATE	11	3167245	3167245	0.604252
STATE	13	3173888	3173888	0.605519
STATE	15	1664473	1664473	0.317551
STATE	16	714085	714085	0.136234
STATE	17	595763	595763	0.113661
STATE	18	5548	5548	0.001058
STATE	19	2801451	2801451	0.534465
STATE	20	29729068	29729068	5.671754
STATE	21	551051	551051	0.105130
STATE	22	2350824	2350824	0.448494
STATE	23	1341414	1341414	0.255917
STATE	24	1893298	1893298	0.361206
STATE	26	1504036	1504036	0.286942
STATE	27	1460056	1460056	0.278552
STATE	28	5488096	5488096	1.047027
STATE	29	98664	98664	0.018823
STATE	30	308563	29872	0.058868
STATE	31	575	575	0.000110
STATE	34	297558	162487	0.056769
STATE	35	162499	162499	0.031002
STATE	36	162499	162499	0.031002
STATE	37	162499	162499	0.031002
STATE	38	12	12	0.000002
STATE	39	162499	162499	0.031002
STATE	41	162499	162499	0.031002
STATE	42	162499	162499	0.031002
STATE	43	15130	15130	0.002887
STATE	44	15130	15130	0.002887
STATE	45	15130	15130	0.002887
STATE	46	15130	15130	0.002887
STATE	47	15130	15130	0.002887
STATE	48	97410	97410	0.018584
STATE	49	119	119	0.000023
STATE	51	985563	957310	0.188027
STATE	52	393605	393605	0.075093
STATE	53	4721359	4720150	0.900748
STATE	55	808631	808631	0.154272
STATE	56	830880	830880	0.158516
STATE	57	90348	90348	0.017237
STATE	58	820046	820046	0.156450
STATE	59	204483	204483	0.039012
STATE	62	213502	213502	0.040732
STATE	65	213504	213504	0.040733
STATE	68	869624	869624	0.165908
STATE	69	635984	635984	0.121334
STATE	70	3834182	3834182	0.731491
STATE	78	120125	120125	0.022918
STATE	79	120125	120125	0.022918
STATE	81	167298	167298	0.031917
STATE	82	279626	163447	0.053347
STATE	87	1948	1948	0.000372
STATE	89	2523121	2523121	0.481365
STATE	90	2523121	2523121	0.481365
STATE	91	2523121	2523121	0.481365
STATE	92	2523121	2523121	0.481365
STATE	96	2523121	2523121	0.481365
STATE	97	2523121	2523121	0.481365
STATE	98	44911	44911	0.008568
STATE	99	98664	98664	0.018823
STATE	102	233640	233640	0.044574
STATE	103	3986	3986	0.000760
STATE	104	3986	3986	0.000760
STATE	106	80772	26924	0.015410
STATE	107	116283	1948	0.022185
STATE	112	380489	380489	0.072590
STATE	113	380489	380489	0.072590
STATE	114	39565	39565	0.007548
STATE	115	6384	6384	0.001218
STATE	116	39565	39565	0.007548
STATE	117	340924	340924	0.065042
STATE	118	340924	340924	0.065042
STATE	119	3668	3668	0.000700
STATE	120	340924	340924	0.065042
STATE	121	133020	133020	0.025378
STATE	122	42	42	0.000008
STATE	129	6384	6384	0.001218
STATE	130	380489	380489	0.072590
STATE	131	380489	380489	0.072590
STATE	132	133020	133020	0.025378
STATE	133	2088468	15204	0.398441
STATE	151	30	30	0.000006
STATE	152	6	6	0.000001
STATE	153	1117	840	0.000213
STATE	154	62	62	0.000012
STATE	155	128	128	0.000024
STATE	157	16	16	0.000003
STATE	158	120	120	0.000023
STATE	160	966	273	0.000184
STATE	161	381	381	0.000073
STATE	162	536	322	0.000102
STATE	163	304	304	0.000058
STATE	164	214	214	0.000041
STATE	165	466	466	0.000089
STATE	167	18	18	0.000003
STATE	171	6	6	0.000001
STATE	173	319	319	0.000061
STATE	175	6655	176	0.001270
STATE	176	560	24	0.000107
STATE	177	40	40	0.000008
STATE	178	3716130	1299632	0.708969
STATE	179	1137178	1137178	0.216952
STATE	180	162454	162454	0.030993
STATE	181	14979	14979	0.002858
STATE	182	156	156	0.000030
STATE	183	156	156	0.000030
STATE	190	26056577	15413800	4.971111
STATE	191	12	12	0.000002
MEM	name	value
MEM	mrd_cycles_cst0	67434294
MEM	mrd_cycles_cst1	9002305
MEM	mrd_cycles_cst4	64395032
MEM	mrd_cycles_cst5	3428885
MEM	mrd_cycles_cst6	53840789
MEM	mwr_cycles_cst0	44200877
MEM	mwr_cycles_cst1	568407
MEM	mwr_cycles_cst4	22893776
MEM	mwr_cycles_cst5	1720836
MEM	mwr_cycles_cst6	16848114
MEM	mrd_cycles_sb_pending	11486367
MEM	mwr_cycles_sb_pending	27759501
MEM	data_tagwrite_entries	3338939
MEM	instr_tagwrite_entries	3815366
MEM	sb_push_signal_samples	26769165
MEM	sb_full_request_samples	51817
MEM	read_with_store_pending_samples	3111029
MEM	pass_cycles_write	28009937
MEM	pass_cycles_read	52842430
CACHE_STATE	id	cycles	percent
CACHE_STATE	0	283072562	54.004991
CACHE_STATE	1	16918270	3.227692
CACHE_STATE	4	134216384	25.605995
CACHE_STATE	5	7154305	1.364909
CACHE_STATE	6	80852367	15.425131
CACHE_STATE	7	1946112	0.371282
TRANSITION	from	to	count
TRANSITION	3	4	11771750
TRANSITION	3	34	94
TRANSITION	4	3	3951988
TRANSITION	4	8	1307344
TRANSITION	4	9	1597392
TRANSITION	4	10	210367
TRANSITION	4	11	2333597
TRANSITION	4	20	14176993
TRANSITION	4	34	147369
TRANSITION	4	43	15130
TRANSITION	4	48	85691
TRANSITION	4	51	86987
TRANSITION	4	53	71767
TRANSITION	4	62	143684
TRANSITION	4	65	67619
TRANSITION	4	68	684564
TRANSITION	4	78	120125
TRANSITION	4	81	109627
TRANSITION	4	87	1948
TRANSITION	4	89	2500096
TRANSITION	4	98	41117
TRANSITION	4	104	2597
TRANSITION	4	106	26924
TRANSITION	4	112	358108
TRANSITION	4	133	15204
TRANSITION	4	153	113
TRANSITION	4	167	18
TRANSITION	4	181	284
TRANSITION	4	190	7684016
TRANSITION	5	3	168761
TRANSITION	5	4	46621
TRANSITION	5	20	40273
TRANSITION	5	53	6
TRANSITION	5	56	80
TRANSITION	5	181	124
TRANSITION	5	190	28
TRANSITION	8	13	3173888
TRANSITION	8	15	890467
TRANSITION	8	16	686410
TRANSITION	8	18	5548
TRANSITION	8	19	2801451
TRANSITION	8	20	703604
TRANSITION	8	48	11719
TRANSITION	8	51	187098
TRANSITION	8	53	44725
TRANSITION	8	62	66850
TRANSITION	8	68	185060
TRANSITION	8	81	57671
TRANSITION	8	89	23025
TRANSITION	8	98	3794
TRANSITION	8	104	1389
TRANSITION	8	112	22381
TRANSITION	8	153	28
TRANSITION	8	157	8
TRANSITION	8	177	40
TRANSITION	9	3	2362103
TRANSITION	9	4	6911951
TRANSITION	9	8	8687
TRANSITION	9	10	5711206
TRANSITION	9	11	64338
TRANSITION	9	15	8679
TRANSITION	9	17	595763
TRANSITION	9	20	5271971
TRANSITION	9	23	1341277
TRANSITION	9	27	1460056
TRANSITION	9	28	3485
TRANSITION	9	42	162499
TRANSITION	9	44	15130
TRANSITION	9	45	15130
TRANSITION	9	46	15130
TRANSITION	9	49	119
TRANSITION	9	51	306383
TRANSITION	9	53	58829
TRANSITION	9	55	16342
TRANSITION	9	56	55890
TRANSITION	9	62	1589
TRANSITION	9	65	63820
TRANSITION	9	70	444652
TRANSITION	9	118	340885
TRANSITION	9	119	3668
TRANSITION	9	153	110
TRANSITION	9	160	120
TRANSITION	9	162	129
TRANSITION	9	165	130
TRANSITION	9	171	6
TRANSITION	9	175	176
TRANSITION	9	181	1666
TRANSITION	9	190	2975865
TRANSITION	10	3	802268
TRANSITION	10	4	1945258
TRANSITION	10	9	2465077
TRANSITION	10	20	2177725
TRANSITION	10	36	162499
TRANSITION	10	37	162499
TRANSITION	10	38	12
TRANSITION	10	39	162499
TRANSITION	10	51	101256
TRANSITION	10	52	393605
TRANSITION	10	53	2885226
TRANSITION	10	55	13358
TRANSITION	10	56	64329
TRANSITION	10	57	90348
TRANSITION	10	62	1366
TRANSITION	10	65	18050
TRANSITION	10	70	2519905
TRANSITION	10	96	2523121
TRANSITION	10	122	42
TRANSITION	10	153	158
TRANSITION	10	161	381
TRANSITION	10	162	85
TRANSITION	10	165	252
TRANSITION	10	176	24
TRANSITION	10	181	1768
TRANSITION	10	183	156
TRANSITION	10	190	2762519
TRANSITION	11	8	1823695
TRANSITION	11	26	191333
TRANSITION	11	55	601082
TRANSITION	11	56	65950
TRANSITION	11	58	112
TRANSITION	11	59	8539
TRANSITION	11	102	157275
TRANSITION	11	117	319221
TRANSITION	11	151	30
TRANSITION	11	152	6
TRANSITION	11	155	2
TRANSITION	13	9	1737574
TRANSITION	13	22	181021
TRANSITION	13	26	390664
TRANSITION	13	55	2188
TRANSITION	13	56	48015
TRANSITION	13	58	527053
TRANSITION	13	59	189583
TRANSITION	13	102	76005
TRANSITION	13	117	21703
TRANSITION	13	155	82
TRANSITION	15	8	686410
TRANSITION	15	9	482639
TRANSITION	15	16	27675
TRANSITION	15	22	728
TRANSITION	15	26	327565
TRANSITION	15	55	21377
TRANSITION	15	56	1453
TRANSITION	15	58	113159
TRANSITION	15	59	3467
TRANSITION	16	9	595763
TRANSITION	16	22	116186
TRANSITION	16	55	1320
TRANSITION	16	58	816
TRANSITION	17	8	5548
TRANSITION	17	22	95352
TRANSITION	17	26	671
TRANSITION	17	55	4175
TRANSITION	17	56	410455
TRANSITION	17	58	79518
TRANSITION	17	155	44
TRANSITION	18	22	3886
TRANSITION	18	26	414
TRANSITION	18	58	1248
TRANSITION	19	22	1953651
TRANSITION	19	26	593389
TRANSITION	19	55	144588
TRANSITION	19	56	8429
TRANSITION	19	58	98140
TRANSITION	19	59	2894
TRANSITION	19	102	360
TRANSITION	20	8	5033424
TRANSITION	20	9	14588151
TRANSITION	20	10	5712732
TRANSITION	20	11	119474
TRANSITION	20	15	765327
TRANSITION	20	21	551051
TRANSITION	20	24	968
TRANSITION	20	28	1391321
TRANSITION	20	190	1566620
TRANSITION	21	24	551051
TRANSITION	22	9	2350824
TRANSITION	23	3	4
TRANSITION	23	20	5
TRANSITION	23	24	1341279
TRANSITION	23	53	15
TRANSITION	23	190	111
TRANSITION	24	11	75144
TRANSITION	24	28	1818154
TRANSITION	26	9	521113
TRANSITION	26	10	305294
TRANSITION	26	28	677629
TRANSITION	27	28	1460056
TRANSITION	28	3	36780
TRANSITION	28	4	2386161
TRANSITION	28	5	43958
TRANSITION	28	10	2689708
TRANSITION	28	20	55616
TRANSITION	28	29	98664
TRANSITION	28	30	25886
TRANSITION	28	51	129019
TRANSITION	28	53	5014
TRANSITION	28	55	2
TRANSITION	28	65	170
TRANSITION	28	103	3986
TRANSITION	28	181	499
TRANSITION	28	190	12633
TRANSITION	29	99	98664
TRANSITION	30	3	218
TRANSITION	30	4	11462
TRANSITION	30	20	17237
TRANSITION	30	31	575
TRANSITION	30	65	6
TRANSITION	30	181	10
TRANSITION	30	190	364
TRANSITION	31	4	24
TRANSITION	31	20	550
TRANSITION	31	181	1
TRANSITION	34	35	162487
TRANSITION	35	10	162499
TRANSITION	36	10	162499
TRANSITION	37	10	162499
TRANSITION	38	10	12
TRANSITION	39	41	162499
TRANSITION	41	9	162499
TRANSITION	42	34	45
TRANSITION	42	178	162454
TRANSITION	43	9	15130
TRANSITION	44	9	15130
TRANSITION	45	9	15130
TRANSITION	46	47	15130
TRANSITION	47	3	7414
TRANSITION	47	181	7716
TRANSITION	48	9	97410
TRANSITION	49	181	119
TRANSITION	51	3	369319
TRANSITION	51	4	107895
TRANSITION	51	10	234246
TRANSITION	51	20	242962
TRANSITION	51	56	1880
TRANSITION	51	62	8
TRANSITION	51	181	19
TRANSITION	51	190	981
TRANSITION	52	3	393564
TRANSITION	52	181	41
TRANSITION	53	3	329736
TRANSITION	53	4	3227916
TRANSITION	53	20	795618
TRANSITION	53	51	6859
TRANSITION	53	56	1
TRANSITION	53	65	596
TRANSITION	53	181	62
TRANSITION	53	190	359362
TRANSITION	55	3	780470
TRANSITION	55	4	28097
TRANSITION	55	181	64
TRANSITION	56	10	830880
TRANSITION	57	3	90309
TRANSITION	57	181	39
TRANSITION	58	3	32576
TRANSITION	58	4	200355
TRANSITION	58	20	476014
TRANSITION	58	51	2950
TRANSITION	58	53	668
TRANSITION	58	55	256
TRANSITION	58	56	105023
TRANSITION	58	62	5
TRANSITION	58	181	71
TRANSITION	58	190	2128
TRANSITION	59	10	204483
TRANSITION	62	10	213502
TRANSITION	65	9	213504
TRANSITION	68	11	233640
TRANSITION	68	69	635984
TRANSITION	69	70	635984
TRANSITION	70	3	81440
TRANSITION	70	4	486984
TRANSITION	70	9	444652
TRANSITION	70	10	2519905
TRANSITION	70	20	231699
TRANSITION	70	51	2144
TRANSITION	70	53	113
TRANSITION	70	55	1468
TRANSITION	70	56	3229
TRANSITION	70	65	60553
TRANSITION	70	153	74
TRANSITION	70	181	356
TRANSITION	70	190	1565
TRANSITION	78	79	120125
TRANSITION	79	3	685
TRANSITION	79	4	61596
TRANSITION	79	20	57814
TRANSITION	79	56	23
TRANSITION	79	181	7
TRANSITION	81	5	3851
TRANSITION	81	82	163447
TRANSITION	82	5	163447
TRANSITION	87	107	1948
TRANSITION	89	90	2523121
TRANSITION	90	91	2523121
TRANSITION	91	92	2523121
TRANSITION	92	9	2523121
TRANSITION	96	97	2523121
TRANSITION	97	4	2309168
TRANSITION	97	51	184
TRANSITION	97	53	212367
TRANSITION	97	181	1402
TRANSITION	98	3	112
TRANSITION	98	4	16
TRANSITION	98	5	44613
TRANSITION	98	20	170
TRANSITION	99	3	735
TRANSITION	99	4	48666
TRANSITION	99	20	1738
TRANSITION	99	181	5
TRANSITION	99	190	47520
TRANSITION	102	70	233640
TRANSITION	103	30	3986
TRANSITION	104	20	3986
TRANSITION	106	3	26924
TRANSITION	107	3	1948
TRANSITION	112	113	380489
TRANSITION	113	11	340924
TRANSITION	113	114	39565
TRANSITION	114	115	6384
TRANSITION	114	116	33181
TRANSITION	115	116	6384
TRANSITION	116	130	39565
TRANSITION	117	9	340924
TRANSITION	118	9	3668
TRANSITION	118	120	337256
TRANSITION	119	120	3668
TRANSITION	120	130	340924
TRANSITION	121	10	133020
TRANSITION	122	10	42
TRANSITION	129	4	6239
TRANSITION	129	20	100
TRANSITION	129	153	44
TRANSITION	129	181	1
TRANSITION	130	131	380489
TRANSITION	131	3	1085
TRANSITION	131	4	97438
TRANSITION	131	20	142413
TRANSITION	131	129	6384
TRANSITION	131	132	133020
TRANSITION	131	181	61
TRANSITION	131	190	88
TRANSITION	132	121	133020
TRANSITION	133	3	15186
TRANSITION	133	181	18
TRANSITION	151	10	18
TRANSITION	151	182	12
TRANSITION	152	9	6
TRANSITION	153	8	40
TRANSITION	153	11	128
TRANSITION	153	154	62
TRANSITION	153	157	8
TRANSITION	153	158	76
TRANSITION	153	160	145
TRANSITION	153	164	62
TRANSITION	153	173	319
TRANSITION	154	162	62
TRANSITION	155	158	44
TRANSITION	155	162	46
TRANSITION	155	164	38
TRANSITION	157	8	8
TRANSITION	157	160	8
TRANSITION	158	9	120
TRANSITION	160	4	4
TRANSITION	160	10	145
TRANSITION	160	20	68
TRANSITION	160	153	44
TRANSITION	160	191	12
TRANSITION	161	4	18
TRANSITION	161	10	236
TRANSITION	161	20	115
TRANSITION	161	153	12
TRANSITION	162	4	38
TRANSITION	162	9	129
TRANSITION	162	20	51
TRANSITION	162	65	12
TRANSITION	162	153	7
TRANSITION	162	163	85
TRANSITION	163	3	6
TRANSITION	163	4	101
TRANSITION	163	10	85
TRANSITION	163	20	112
TRANSITION	164	9	130
TRANSITION	164	165	84
TRANSITION	165	4	15
TRANSITION	165	10	252
TRANSITION	165	20	6
TRANSITION	165	153	79
TRANSITION	165	164	114
TRANSITION	167	20	18
TRANSITION	171	4	6
TRANSITION	173	4	78
TRANSITION	173	153	22
TRANSITION	173	163	219
TRANSITION	175	23	137
TRANSITION	175	118	39
TRANSITION	176	5	24
TRANSITION	177	3	12
TRANSITION	177	20	12
TRANSITION	177	153	16
TRANSITION	178	179	1137178
TRANSITION	178	180	162454
TRANSITION	179	178	1137178
TRANSITION	180	3	162454
TRANSITION	181	34	14979
TRANSITION	182	10	156
TRANSITION	183	4	12
TRANSITION	183	182	144
TRANSITION	190	3	2155747
TRANSITION	190	4	6092800
TRANSITION	190	9	47699
TRANSITION	190	20	5332198
TRANSITION	190	28	137451
TRANSITION	190	51	134430
TRANSITION	190	53	1441420
TRANSITION	190	55	2475
TRANSITION	190	56	66123
TRANSITION	190	65	2678
TRANSITION	190	153	133
TRANSITION	190	181	646
TRANSITION	191	35	12
OPCODE	opcode	dispatches	percent
OPCODE	51CA	2328253	2.744559
OPCODE	22C4	2058218	2.426240
OPCODE	F624	1699885	2.003835
OPCODE	4E75	1654646	1.950507
OPCODE	6EFA	1520689	1.792598
OPCODE	2ADC	1284114	1.513721
OPCODE	B041	931530	1.098093
OPCODE	B0B8	923542	1.088677
OPCODE	F623	789053	0.930141
OPCODE	51C9	753370	0.888077
OPCODE	3018	732808	0.863839
OPCODE	B3CA	714814	0.842627
OPCODE	6D06	713463	0.841035
OPCODE	B452	664144	0.782897
OPCODE	6DFA	652931	0.769679
OPCODE	B451	634458	0.747903
OPCODE	594A	619360	0.730105
OPCODE	B481	560514	0.660737
OPCODE	6002	551667	0.650308
OPCODE	1018	550016	0.648362
OPCODE	6706	530408	0.625248
OPCODE	51CE	527205	0.621472
OPCODE	51CD	521414	0.614646
OPCODE	202E	514718	0.606753
OPCODE	3219	491459	0.579335
OPCODE	5043	477745	0.563169
OPCODE	4A11	473328	0.557962
OPCODE	66C0	471718	0.556064
OPCODE	22C0	439490	0.518074
OPCODE	B3D6	426840	0.503162
OPCODE	6426	424884	0.500856
OPCODE	5380	424419	0.500308
OPCODE	4258	424005	0.499820
OPCODE	2211	423466	0.499184
OPCODE	C282	420790	0.496030
OPCODE	D3C1	420767	0.496003
OPCODE	4681	396067	0.466886
OPCODE	4EB0	389236	0.458834
OPCODE	0C40	369736	0.435847
OPCODE	D040	365699	0.431088
OPCODE	2602	358823	0.422983
OPCODE	302E	353814	0.417078
OPCODE	5849	348058	0.410293
OPCODE	D685	345197	0.406920
OPCODE	6E06	340692	0.401610
OPCODE	48E7	340141	0.400960
OPCODE	4EBA	338689	0.399249
OPCODE	D8C7	330024	0.389034
OPCODE	4E71	328139	0.386812
OPCODE	8685	325744	0.383989
OPCODE	2883	325744	0.383989
OPCODE	C694	325744	0.383989
OPCODE	BE6E	318997	0.376036
OPCODE	5343	305548	0.360182
OPCODE	4CDF	279568	0.329556
OPCODE	6C04	270370	0.318714
OPCODE	34C0	263090	0.310132
OPCODE	51CB	259376	0.305754
OPCODE	4A42	256717	0.302620
OPCODE	2011	255632	0.301341
OPCODE	2480	253058	0.298306
OPCODE	264F	252653	0.297829
OPCODE	22D2	252360	0.297484
OPCODE	342E	251818	0.296845
OPCODE	6708	248229	0.292614
OPCODE	0C50	245620	0.289538
OPCODE	7000	240848	0.283913
OPCODE	6F04	237931	0.280475
OPCODE	C084	237131	0.279531
OPCODE	2040	236273	0.278520
OPCODE	34C1	233422	0.275159
OPCODE	72FF	226511	0.267013
OPCODE	9980	226364	0.266839
OPCODE	1981	226364	0.266839
OPCODE	D9CB	226364	0.266839
OPCODE	DA47	226364	0.266839
OPCODE	246E	215778	0.254360
OPCODE	4ED0	213856	0.252095
OPCODE	DA87	212896	0.250963
OPCODE	D986	212895	0.250962
OPCODE	D3CA	212895	0.250962
OPCODE	91CA	212895	0.250962
OPCODE	D584	212895	0.250962
OPCODE	701F	212546	0.250551
OPCODE	4ED4	212221	0.250167
OPCODE	C240	210685	0.248357
OPCODE	E0A9	210080	0.247644
OPCODE	4E5E	209912	0.247446
OPCODE	4E56	209910	0.247443
OPCODE	DFAE	209693	0.247187
OPCODE	2050	207557	0.244669
OPCODE	8081	207097	0.244127
OPCODE	4A2E	204782	0.241398
OPCODE	6718	202748	0.239001
OPCODE	2001	201892	0.237992
OPCODE	76FF	201164	0.237133
OPCODE	C0B8	200360	0.236186
OPCODE	2D41	198648	0.234167
OPCODE	48C1	198529	0.234027
OPCODE	D4C0	198048	0.233460
OPCODE	322E	197594	0.232925
OPCODE	2018	196756	0.231937
OPCODE	B058	194590	0.229384
OPCODE	0240	191440	0.225671
OPCODE	9685	190974	0.225121
OPCODE	9A87	190974	0.225121
OPCODE	93CA	190959	0.225104
OPCODE	D1CA	190959	0.225104
OPCODE	9986	190959	0.225104
OPCODE	9584	190959	0.225104
OPCODE	47EE	186931	0.220355
OPCODE	48C2	186921	0.220344
OPCODE	9440	185190	0.218303
OPCODE	4840	184064	0.216976
OPCODE	B242	183650	0.216488
OPCODE	B46B	183526	0.216342
OPCODE	B26B	183524	0.216339
OPCODE	B05B	183276	0.216047
OPCODE	6C32	182808	0.215495
OPCODE	E1A9	182411	0.215027
OPCODE	C042	182288	0.214882
OPCODE	D2C0	181944	0.214477
OPCODE	EA80	181762	0.214262
OPCODE	EA82	181760	0.214260
OPCODE	E2AB	181760	0.214260
OPCODE	E1AA	181760	0.214260
OPCODE	C291	181760	0.214260
OPCODE	32D8	178332	0.210219
OPCODE	4841	177740	0.209521
OPCODE	2F0A	175938	0.207397
OPCODE	600C	175683	0.207096
OPCODE	B042	174984	0.206272
OPCODE	206E	174136	0.205273
OPCODE	6D00	173162	0.204124
OPCODE	245F	170541	0.201035
OPCODE	D1AE	167787	0.197788
OPCODE	4EF9	167001	0.196862
OPCODE	226E	166744	0.196559
OPCODE	4E7B	163447	0.192672
OPCODE	51C8	163301	0.192500
OPCODE	6100	162974	0.192115
OPCODE	34FC	161684	0.190594
OPCODE	B26A	159778	0.188347
OPCODE	6DF2	159767	0.188334
OPCODE	205F	156773	0.184805
OPCODE	B269	154815	0.182497
OPCODE	6604	154548	0.182182
OPCODE	6EF2	154196	0.181767
OPCODE	6000	154032	0.181574
OPCODE	0C03	153622	0.181091
OPCODE	241F	153609	0.181075
OPCODE	2078	153248	0.180650
OPCODE	2F02	153199	0.180592
OPCODE	0C42	151864	0.179018
OPCODE	24C5	150416	0.177311
OPCODE	2010	149464	0.176189
OPCODE	246F	147778	0.174202
OPCODE	341A	147369	0.173719
OPCODE	2F4A	147369	0.173719
OPCODE	6606	145351	0.171341
OPCODE	6700	140290	0.165375
OPCODE	66A0	139407	0.164334
OPCODE	654E	139148	0.164029
OPCODE	0838	139062	0.163927
OPCODE	E9D0	137219	0.161755
OPCODE	B380	136502	0.160909
OPCODE	5382	132869	0.156627
OPCODE	EFD1	132522	0.156218
OPCODE	2037	132384	0.156055
OPCODE	DC84	132192	0.155829
OPCODE	672E	129050	0.152125
OPCODE	63D0	128857	0.151897
OPCODE	3228	128821	0.151855
OPCODE	200B	126916	0.149609
OPCODE	201B	126592	0.149227
OPCODE	6ECA	123434	0.145505
OPCODE	20C0	123362	0.145420
OPCODE	2AC6	121450	0.143166
OPCODE	6702	120647	0.142219
OPCODE	2F38	119311	0.140645
OPCODE	5542	119282	0.140610
OPCODE	0800	118030	0.139134
OPCODE	6D18	116733	0.137606
OPCODE	225F	115864	0.136581
OPCODE	B3CC	114602	0.135094
OPCODE	4684	113162	0.133396
OPCODE	2819	112038	0.132071
OPCODE	CA84	112016	0.132045
OPCODE	8A84	112016	0.132045
OPCODE	C892	112016	0.132045
OPCODE	B7CC	111777	0.131763
OPCODE	2F2E	111126	0.130996
OPCODE	67F4	109941	0.129599
OPCODE	2447	109907	0.129559
OPCODE	284A	109497	0.129076
OPCODE	3203	109024	0.128518
OPCODE	6600	108873	0.128340
OPCODE	2008	107589	0.126827
OPCODE	C283	106875	0.125985
OPCODE	2A06	106391	0.125414
OPCODE	224B	105373	0.124214
OPCODE	224D	105037	0.123818
OPCODE	6D3C	104814	0.123555
OPCODE	2F08	104059	0.122665
OPCODE	5240	104015	0.122614
OPCODE	DAEE	104006	0.122603
OPCODE	2D40	103709	0.122253
OPCODE	8043	103459	0.121958
OPCODE	E290	103230	0.121688
OPCODE	244C	103185	0.121635
OPCODE	6704	102701	0.121065
OPCODE	D08C	102356	0.120658
OPCODE	3410	102339	0.120638
OPCODE	286E	101354	0.119477
OPCODE	4680	100908	0.118951
OPCODE	5341	99959	0.117832
OPCODE	2F70	97887	0.115390
OPCODE	4E74	97410	0.114828
OPCODE	0442	97250	0.114639
OPCODE	2028	97006	0.114351
OPCODE	48C0	94871	0.111835
OPCODE	6734	94712	0.111647
OPCODE	2068	93461	0.110172
OPCODE	2AC0	92732	0.109313
OPCODE	22D8	90809	0.107046
OPCODE	24D9	90069	0.106174
OPCODE	2415	89324	0.105296
OPCODE	6006	89004	0.104918
OPCODE	6714	87581	0.103241
OPCODE	282E	86412	0.101863
OPCODE	2A2E	85709	0.101034
OPCODE	670A	85079	0.100292
OPCODE	0C38	83647	0.098604
OPCODE	28C5	83557	0.098498
OPCODE	3013	83115	0.097976
OPCODE	9280	82473	0.097220
OPCODE	B06E	82352	0.097077
OPCODE	2C2E	81952	0.096606
OPCODE	2E9F	81761	0.096380
OPCODE	2228	81686	0.096292
OPCODE	2C10	80883	0.095345
OPCODE	47FA	80600	0.095012
OPCODE	2003	80195	0.094534
OPCODE	67F6	79924	0.094215
OPCODE	4A10	79622	0.093859
OPCODE	41F6	79518	0.093736
OPCODE	E580	78537	0.092580
OPCODE	6C38	78465	0.092495
OPCODE	6DF0	78304	0.092305
OPCODE	4CD3	78293	0.092292
OPCODE	545B	78293	0.092292
OPCODE	48D3	78293	0.092292
OPCODE	6712	78186	0.092166
OPCODE	C684	77568	0.091438
OPCODE	2619	77205	0.091010
OPCODE	8083	77081	0.090864
OPCODE	C091	77081	0.090864
OPCODE	5247	76938	0.090695
OPCODE	2006	76549	0.090236
OPCODE	2055	75789	0.089341
OPCODE	486E	75389	0.088869
OPCODE	0830	74496	0.087816
OPCODE	6008	73807	0.087004
OPCODE	600A	73580	0.086737
OPCODE	D8C6	73491	0.086632
OPCODE	4ED3	73398	0.086522
OPCODE	DAC7	73394	0.086517
OPCODE	6740	72051	0.084934
OPCODE	2D49	71993	0.084866
OPCODE	65AA	71720	0.084544
OPCODE	61FF	71272	0.084016
OPCODE	6720	70030	0.082552
OPCODE	2F09	69467	0.081888
OPCODE	2478	68803	0.081105
OPCODE	4A40	68694	0.080977
OPCODE	24F4	68654	0.080930
OPCODE	3D6E	68096	0.080272
OPCODE	2215	67725	0.079835
OPCODE	6BDC	67505	0.079575
OPCODE	200C	67263	0.079290
OPCODE	6404	67106	0.079105
OPCODE	670E	67036	0.079022
OPCODE	660E	66634	0.078549
OPCODE	2F0C	66375	0.078243
OPCODE	2F01	65826	0.077596
OPCODE	21CA	65637	0.077373
OPCODE	47FB	65628	0.077363
OPCODE	487A	65617	0.077350
OPCODE	DACB	65607	0.077338
OPCODE	47F9	65424	0.077122
OPCODE	21CB	65377	0.077067
OPCODE	221F	64471	0.075999
OPCODE	4A13	64320	0.075821
OPCODE	8480	63994	0.075437
OPCODE	C485	63988	0.075429
OPCODE	2A82	63988	0.075429
OPCODE	3202	63924	0.075354
OPCODE	2245	62767	0.073990
OPCODE	0C97	62687	0.073896
OPCODE	204B	62171	0.073288
OPCODE	4CEE	61794	0.072843
OPCODE	0C43	61556	0.072563
OPCODE	D7C0	61426	0.072409
OPCODE	3D47	61219	0.072165
OPCODE	584F	60735	0.071595
OPCODE	41FA	60708	0.071563
OPCODE	0242	60412	0.071214
OPCODE	6614	59698	0.070372
OPCODE	3028	59038	0.069594
OPCODE	6722	58801	0.069315
OPCODE	3E1F	58277	0.068697
OPCODE	2F00	57015	0.067210
OPCODE	4ED1	56857	0.067023
OPCODE	C06E	56827	0.066988
OPCODE	4A80	55899	0.065894
OPCODE	51CF	55081	0.064930
OPCODE	3F07	54964	0.064792
OPCODE	3218	54911	0.064729
OPCODE	CC47	54853	0.064661
OPCODE	E5A8	54085	0.063756
OPCODE	3007	54003	0.063659
OPCODE	4A68	53855	0.063485
OPCODE	4278	53821	0.063445
OPCODE	9242	53738	0.063347
OPCODE	D06E	53713	0.063317
OPCODE	3017	53695	0.063296
OPCODE	6660	53497	0.063063
OPCODE	2047	53248	0.062769
OPCODE	6724	52841	0.062289
OPCODE	266E	52761	0.062195
OPCODE	BFC4	52688	0.062109
OPCODE	2044	52551	0.061947
OPCODE	7001	52051	0.061358
OPCODE	4843	52041	0.061346
OPCODE	2246	51861	0.061134
OPCODE	CF46	51774	0.061032
OPCODE	D4C3	51678	0.060918
OPCODE	D042	51467	0.060670
OPCODE	0883	51360	0.060543
OPCODE	66A2	51103	0.060241
OPCODE	671A	50875	0.059972
OPCODE	B580	50672	0.059732
OPCODE	2251	50479	0.059505
OPCODE	5846	50466	0.059490
OPCODE	1401	50311	0.059307
OPCODE	6530	50141	0.059107
OPCODE	0C00	49866	0.058782
OPCODE	6C00	49615	0.058486
OPCODE	C085	49568	0.058431
OPCODE	6E22	49541	0.058399
OPCODE	6016	49117	0.057899
OPCODE	32C1	49091	0.057869
OPCODE	6D0A	48872	0.057611
OPCODE	2648	48815	0.057543
OPCODE	3D5B	48370	0.057019
OPCODE	32C0	48294	0.056929
OPCODE	2278	48082	0.056679
OPCODE	2013	47875	0.056435
OPCODE	B7CA	47309	0.055768
OPCODE	2244	47143	0.055572
OPCODE	C947	47140	0.055569
OPCODE	6608	46960	0.055357
OPCODE	60DE	45823	0.054016
OPCODE	4267	45759	0.053941
OPCODE	3D40	45641	0.053802
OPCODE	B641	45604	0.053758
OPCODE	6E28	45415	0.053535
OPCODE	558F	44673	0.052661
OPCODE	603C	43779	0.051607
OPCODE	4A43	43658	0.051464
OPCODE	5088	43580	0.051372
OPCODE	24D1	43282	0.051021
OPCODE	4E90	43124	0.050835
OPCODE	007C	42936	0.050613
OPCODE	3029	42644	0.050269
OPCODE	4ED2	42499	0.050098
OPCODE	42A7	42357	0.049931
OPCODE	2400	42035	0.049551
OPCODE	24F0	41776	0.049246
OPCODE	24C6	41598	0.049036
OPCODE	4A00	41269	0.048648
OPCODE	6102	41252	0.048628
OPCODE	6E08	41015	0.048349
OPCODE	B001	40720	0.048001
OPCODE	3003	40376	0.047595
OPCODE	2F3C	40082	0.047249
OPCODE	262E	39892	0.047025
OPCODE	5188	39790	0.046905
OPCODE	E548	39785	0.046899
OPCODE	11DF	39362	0.046400
OPCODE	1F38	39339	0.046373
OPCODE	2002	39005	0.045979
OPCODE	661C	38694	0.045613
OPCODE	24C4	38400	0.045266
OPCODE	6710	38316	0.045167
OPCODE	361A	38214	0.045047
OPCODE	206F	37175	0.043822
OPCODE	548F	37087	0.043718
OPCODE	6F02	37066	0.043694
OPCODE	598F	37027	0.043648
OPCODE	D041	36366	0.042868
OPCODE	40E7	36118	0.042576
OPCODE	46DF	36097	0.042551
OPCODE	43EE	35927	0.042351
OPCODE	B842	35413	0.041745
OPCODE	2C78	35356	0.041678
OPCODE	660C	35278	0.041586
OPCODE	2C40	34878	0.041114
OPCODE	4643	34860	0.041093
OPCODE	504A	34711	0.040918
OPCODE	7400	34629	0.040821
OPCODE	2F3A	34503	0.040672
OPCODE	1C00	34467	0.040630
OPCODE	4642	34383	0.040531
OPCODE	2F14	34342	0.040483
OPCODE	7C0F	34327	0.040465
OPCODE	CC40	34327	0.040465
OPCODE	E84E	34327	0.040465
OPCODE	2849	34321	0.040458
OPCODE	42AE	34320	0.040457
OPCODE	908E	34246	0.040369
OPCODE	D9C3	34246	0.040369
OPCODE	F620	34183	0.040295
OPCODE	200E	34141	0.040246
OPCODE	60CC	34050	0.040138
OPCODE	66F2	33996	0.040075
OPCODE	4A78	33814	0.039860
OPCODE	6B3A	33528	0.039523
OPCODE	6602	33522	0.039516
OPCODE	2059	33241	0.039185
OPCODE	2240	32859	0.038734
OPCODE	3403	32831	0.038701
OPCODE	DACC	32559	0.038381
OPCODE	6B0C	32518	0.038332
OPCODE	2E08	32228	0.037991
OPCODE	3428	32209	0.037968
OPCODE	662C	32195	0.037952
OPCODE	660A	32080	0.037816
OPCODE	2051	31971	0.037688
OPCODE	1200	31572	0.037217
OPCODE	2C49	30773	0.036275
OPCODE	6F00	30734	0.036229
OPCODE	9DE8	30596	0.036067
OPCODE	224C	30519	0.035976
OPCODE	6130	30501	0.035955
OPCODE	2250	30470	0.035918
OPCODE	C029	30236	0.035642
OPCODE	7AFF	30060	0.035435
OPCODE	670C	30018	0.035385
OPCODE	2070	29942	0.035296
OPCODE	4A6E	29742	0.035060
OPCODE	4A1F	29404	0.034662
OPCODE	224A	29309	0.034550
OPCODE	B646	29129	0.034337
OPCODE	6C02	29103	0.034307
OPCODE	4A38	28976	0.034157
OPCODE	674C	28862	0.034023
OPCODE	2669	28514	0.033612
OPCODE	6074	28370	0.033443
OPCODE	381A	28369	0.033442
OPCODE	B846	28361	0.033432
OPCODE	6F40	28359	0.033430
OPCODE	B647	28333	0.033399
OPCODE	9843	28322	0.033386
OPCODE	6C3C	28318	0.033381
OPCODE	B847	28305	0.033366
OPCODE	C044	28305	0.033366
OPCODE	9669	28305	0.033366
OPCODE	E2AD	28305	0.033366
OPCODE	9869	28305	0.033366
OPCODE	D6C0	28305	0.033366
OPCODE	B393	28305	0.033366
OPCODE	EA4B	28305	0.033366
OPCODE	EA4C	28305	0.033366
OPCODE	0C41	28218	0.033264
OPCODE	422E	28155	0.033189
OPCODE	51CC	27680	0.032629
OPCODE	56C8	27506	0.032424
OPCODE	4A50	27444	0.032351
OPCODE	1038	27198	0.032061
OPCODE	08C3	27043	0.031878
OPCODE	2283	27033	0.031867
OPCODE	588A	27031	0.031864
OPCODE	619A	26974	0.031797
OPCODE	11C1	26924	0.031738
OPCODE	F518	26924	0.031738
OPCODE	66F0	26787	0.031577
OPCODE	618E	26630	0.031392
OPCODE	61A4	26458	0.031189
OPCODE	9240	26345	0.031056
OPCODE	3200	26301	0.031004
OPCODE	3038	26144	0.030819
OPCODE	4AB8	26047	0.030704
OPCODE	9082	25885	0.030513
OPCODE	C285	25472	0.030027
OPCODE	201C	25336	0.029866
OPCODE	E9D4	25295	0.029818
OPCODE	6622	25285	0.029806
OPCODE	671C	25021	0.029495
OPCODE	0247	24926	0.029383
OPCODE	201F	24898	0.029350
OPCODE	4240	24841	0.029283
OPCODE	B258	24702	0.029119
OPCODE	B458	24645	0.029052
OPCODE	E9C0	24602	0.029001
OPCODE	B658	24554	0.028944
OPCODE	B858	24553	0.028943
OPCODE	0801	24352	0.028706
OPCODE	2840	23642	0.027869
OPCODE	321A	23628	0.027853
OPCODE	3F3C	23489	0.027689
OPCODE	2A78	23450	0.027643
OPCODE	60C2	23418	0.027605
OPCODE	6B00	22559	0.026593
OPCODE	244D	22452	0.026467
OPCODE	DBC2	22421	0.026430
OPCODE	0C6F	22382	0.026384
OPCODE	08F8	22131	0.026088
OPCODE	4EFB	22079	0.026027
OPCODE	7200	21986	0.025917
OPCODE	57CC	21891	0.025805
OPCODE	0C6C	21876	0.025788
OPCODE	2470	21638	0.025507
OPCODE	E9E9	21634	0.025502
OPCODE	2038	21534	0.025384
OPCODE	317C	21525	0.025374
OPCODE	206B	21453	0.025289
OPCODE	2452	21271	0.025074
OPCODE	7600	21178	0.024965
OPCODE	663A	21165	0.024949
OPCODE	6728	21123	0.024900
OPCODE	3810	21023	0.024782
OPCODE	2978	20836	0.024562
OPCODE	504F	20724	0.024430
OPCODE	662A	20557	0.024233
OPCODE	B3DA	20526	0.024196
OPCODE	6716	20499	0.024164
OPCODE	2C33	20460	0.024118
OPCODE	2049	20419	0.024070
OPCODE	4EB6	20418	0.024069
OPCODE	426E	20365	0.024006
OPCODE	200A	20257	0.023879
OPCODE	22C5	19892	0.023449
OPCODE	49FA	19709	0.023233
OPCODE	0803	19698	0.023220
OPCODE	B1D6	19685	0.023205
OPCODE	6F0A	19625	0.023134
OPCODE	24C0	19484	0.022968
OPCODE	4868	19161	0.022587
OPCODE	E1AC	18938	0.022324
OPCODE	7002	18925	0.022309
OPCODE	E1AD	18894	0.022272
OPCODE	8886	18894	0.022272
OPCODE	8A87	18894	0.022272
OPCODE	0C80	18845	0.022215
OPCODE	2271	18770	0.022126
OPCODE	2005	18701	0.022045
OPCODE	602A	18658	0.021994
OPCODE	C2B8	18641	0.021974
OPCODE	2248	18532	0.021846
OPCODE	082B	18501	0.021809
OPCODE	6618	18392	0.021681
OPCODE	B280	18372	0.021657
OPCODE	11FC	18155	0.021401
OPCODE	2D5F	18110	0.021348
OPCODE	3D41	18109	0.021347
OPCODE	9051	18025	0.021248
OPCODE	2F30	17964	0.021176
OPCODE	0811	17915	0.021118
OPCODE	4AAB	17838	0.021028
OPCODE	661A	17749	0.020923
OPCODE	B228	17744	0.020917
OPCODE	4881	17694	0.020858
OPCODE	3F00	17631	0.020784
OPCODE	E541	17626	0.020778
OPCODE	203A	17625	0.020776
OPCODE	6E26	17617	0.020767
OPCODE	6D20	17610	0.020759
OPCODE	9228	17609	0.020758
OPCODE	C087	17577	0.020720
OPCODE	2A40	17536	0.020672
OPCODE	082E	17515	0.020647
OPCODE	0C68	17512	0.020643
OPCODE	322B	17494	0.020622
OPCODE	2678	17403	0.020515
OPCODE	7A00	17252	0.020337
OPCODE	204C	17223	0.020303
OPCODE	45EE	17173	0.020244
OPCODE	6CF4	17055	0.020105
OPCODE	B243	17049	0.020097
OPCODE	102C	17008	0.020049
OPCODE	2448	16964	0.019997
OPCODE	6748	16807	0.019812
OPCODE	1010	16743	0.019737
OPCODE	A829	16680	0.019662
OPCODE	2D4B	16651	0.019628
OPCODE	70FF	16572	0.019535
OPCODE	226F	16234	0.019137
OPCODE	41EB	16151	0.019039
OPCODE	204A	15947	0.018798
OPCODE	4E93	15940	0.018790
OPCODE	4242	15845	0.018678
OPCODE	2F0B	15812	0.018639
OPCODE	6736	15787	0.018610
OPCODE	6A00	15747	0.018563
OPCODE	2268	15696	0.018503
OPCODE	301F	15693	0.018499
OPCODE	C086	15607	0.018398
OPCODE	0880	15561	0.018343
OPCODE	D1C4	15543	0.018322
OPCODE	206D	15512	0.018286
OPCODE	6738	15438	0.018198
OPCODE	8195	15410	0.018165
OPCODE	16F4	15360	0.018106
OPCODE	1CD4	15360	0.018106
OPCODE	DE84	15360	0.018106
OPCODE	2007	15294	0.018029
OPCODE	4A69	15198	0.017915
OPCODE	2810	15197	0.017914
OPCODE	2D4F	15186	0.017901
OPCODE	1230	15183	0.017898
OPCODE	7601	15169	0.017881
OPCODE	4E73	15130	0.017835
OPCODE	707F	15128	0.017833
OPCODE	200D	15096	0.017795
OPCODE	2200	15078	0.017774
OPCODE	202B	14978	0.017656
OPCODE	2A6E	14929	0.017598
OPCODE	B692	14909	0.017575
OPCODE	57CD	14909	0.017575
OPCODE	6A06	14794	0.017439
OPCODE	302F	14785	0.017429
OPCODE	2D48	14739	0.017374
OPCODE	60FF	14616	0.017229
OPCODE	2469	14566	0.017170
OPCODE	4C98	14493	0.017084
OPCODE	4A2C	14438	0.017020
OPCODE	2081	14340	0.016904
OPCODE	3F03	14304	0.016862
OPCODE	4238	14301	0.016858
OPCODE	D1C1	14272	0.016824
OPCODE	BE8B	14254	0.016803
OPCODE	EC08	14236	0.016781
OPCODE	1033	14236	0.016781
OPCODE	6646	14216	0.016758
OPCODE	5340	14213	0.016754
OPCODE	C8B8	14201	0.016740
OPCODE	2229	14183	0.016719
OPCODE	C083	14157	0.016688
OPCODE	4A6A	14150	0.016680
OPCODE	6004	14106	0.016628
OPCODE	2E00	14067	0.016582
OPCODE	2214	13989	0.016490
OPCODE	3400	13980	0.016480
OPCODE	285F	13968	0.016466
OPCODE	43E8	13966	0.016463
OPCODE	0CAF	13959	0.016455
OPCODE	43E9	13938	0.016430
OPCODE	0241	13893	0.016377
OPCODE	673E	13854	0.016331
OPCODE	307B	13841	0.016316
OPCODE	7217	13841	0.016316
OPCODE	2069	13818	0.016289
OPCODE	08D1	13734	0.016190
OPCODE	2848	13598	0.016029
OPCODE	4844	13543	0.015965
OPCODE	B0AC	13491	0.015903
OPCODE	4A6B	13475	0.015884
OPCODE	0891	13342	0.015728
OPCODE	B898	13328	0.015711
OPCODE	26C6	13316	0.015697
OPCODE	0C6E	13210	0.015572
OPCODE	2654	13170	0.015525
OPCODE	E819	13104	0.015447
OPCODE	275F	13095	0.015436
OPCODE	4227	13025	0.015354
OPCODE	2F07	12959	0.015276
OPCODE	3F2E	12933	0.015245
OPCODE	2341	12889	0.015194
OPCODE	41F3	12875	0.015177
OPCODE	22C1	12829	0.015123
OPCODE	1212	12817	0.015109
OPCODE	B069	12771	0.015055
OPCODE	4EFA	12720	0.014994
OPCODE	3019	12691	0.014960
OPCODE	4486	12688	0.014957
OPCODE	4A28	12588	0.014839
OPCODE	6F58	12586	0.014836
OPCODE	1080	12585	0.014835
OPCODE	3A2E	12579	0.014828
OPCODE	BF80	12556	0.014801
OPCODE	2054	12539	0.014781
OPCODE	D684	12508	0.014745
OPCODE	4880	12476	0.014707
OPCODE	2210	12455	0.014682
OPCODE	303C	12391	0.014607
OPCODE	C082	12376	0.014589
OPCODE	43F0	12375	0.014588
OPCODE	6732	12363	0.014574
OPCODE	B21A	12336	0.014542
OPCODE	BBCC	12336	0.014542
OPCODE	10C1	12328	0.014532
OPCODE	6500	12326	0.014530
OPCODE	BBC9	12291	0.014489
OPCODE	4485	12288	0.014485
OPCODE	38C0	12288	0.014485
OPCODE	4487	12288	0.014485
OPCODE	3D5C	12223	0.014409
OPCODE	0828	12175	0.014352
OPCODE	4AA8	11970	0.014110
OPCODE	C081	11896	0.014023
OPCODE	0201	11833	0.013949
OPCODE	302B	11809	0.013921
OPCODE	700A	11788	0.013896
OPCODE	3184	11771	0.013876
OPCODE	0C46	11748	0.013849
OPCODE	B7D6	11729	0.013826
OPCODE	41EE	11711	0.013805
OPCODE	0281	11707	0.013800
OPCODE	41F8	11704	0.013797
OPCODE	D0FC	11667	0.013753
OPCODE	6D02	11637	0.013718
OPCODE	203C	11613	0.013689
OPCODE	B091	11550	0.013615
OPCODE	4A01	11501	0.013557
OPCODE	2878	11447	0.013494
OPCODE	6620	11409	0.013449
OPCODE	584C	11404	0.013443
OPCODE	5342	11378	0.013412
OPCODE	21EF	11350	0.013379
OPCODE	2D4C	11281	0.013298
OPCODE	7C00	11246	0.013257
OPCODE	601C	11212	0.013217
OPCODE	1D43	11204	0.013207
OPCODE	4EB9	11200	0.013203
OPCODE	7802	11166	0.013163
OPCODE	2855	11155	0.013150
OPCODE	5243	11103	0.013088
OPCODE	202A	11080	0.013061
OPCODE	74FF	11037	0.013010
OPCODE	B181	11032	0.013005
OPCODE	3D43	11021	0.012992
OPCODE	202C	11014	0.012983
OPCODE	CF45	10993	0.012959
OPCODE	D3CE	10955	0.012914
OPCODE	2D6C	10949	0.012907
OPCODE	2032	10908	0.012858
OPCODE	594F	10899	0.012848
OPCODE	60F4	10897	0.012845
OPCODE	362E	10890	0.012837
OPCODE	6A2E	10883	0.012829
OPCODE	1D7C	10869	0.012812
OPCODE	B2B0	10863	0.012805
OPCODE	4442	10845	0.012784
OPCODE	E9D1	10833	0.012770
OPCODE	2230	10830	0.012766
OPCODE	6772	10829	0.012765
OPCODE	B231	10817	0.012751
OPCODE	60A2	10817	0.012751
OPCODE	2272	10817	0.012751
OPCODE	50EE	10817	0.012751
OPCODE	B005	10794	0.012724
OPCODE	D1EB	10734	0.012653
OPCODE	242E	10729	0.012647
OPCODE	640A	10719	0.012636
OPCODE	2668	10717	0.012633
OPCODE	41ED	10705	0.012619
OPCODE	BBCB	10702	0.012616
OPCODE	102E	10636	0.012538
OPCODE	78FF	10540	0.012425
OPCODE	202F	10534	0.012418
OPCODE	6014	10521	0.012402
OPCODE	F4F8	10501	0.012379
OPCODE	B2A9	10499	0.012376
OPCODE	243C	10422	0.012286
OPCODE	D7D3	10353	0.012204
OPCODE	6012	10222	0.012050
OPCODE	0C52	10218	0.012045
OPCODE	A029	10203	0.012027
OPCODE	486B	10136	0.011948
OPCODE	2270	10106	0.011913
OPCODE	7401	10053	0.011851
OPCODE	A02A	10015	0.011806
OPCODE	286B	9974	0.011757
OPCODE	6E0C	9958	0.011739
OPCODE	4FEF	9947	0.011726
OPCODE	3EB8	9939	0.011716
OPCODE	6A18	9919	0.011693
OPCODE	3001	9909	0.011681
OPCODE	819D	9885	0.011652
OPCODE	0C5F	9864	0.011628
OPCODE	3002	9859	0.011622
OPCODE	6CEC	9856	0.011618
OPCODE	3E29	9855	0.011617
OPCODE	335A	9853	0.011615
OPCODE	3352	9845	0.011605
OPCODE	234A	9842	0.011602
OPCODE	9452	9841	0.011601
OPCODE	3C29	9841	0.011601
OPCODE	2468	9783	0.011532
OPCODE	2E2E	9771	0.011518
OPCODE	2212	9751	0.011495
OPCODE	3043	9750	0.011493
OPCODE	E24D	9740	0.011482
OPCODE	2481	9740	0.011482
OPCODE	6648	9721	0.011459
OPCODE	3229	9696	0.011430
OPCODE	6C48	9689	0.011421
OPCODE	7007	9651	0.011377
OPCODE	AAA2	9593	0.011308
OPCODE	20AF	9514	0.011215
OPCODE	286D	9508	0.011208
OPCODE	600E	9494	0.011192
OPCODE	A873	9482	0.011177
OPCODE	24D8	9398	0.011078
OPCODE	6B14	9340	0.011010
OPCODE	DC93	9305	0.010969
OPCODE	6B16	9303	0.010966
OPCODE	2EB8	9277	0.010936
OPCODE	4869	9245	0.010898
OPCODE	30C2	9220	0.010869
OPCODE	4A05	9192	0.010836
OPCODE	30C1	9189	0.010832
OPCODE	6022	9170	0.010810
OPCODE	B050	9116	0.010746
OPCODE	295F	9096	0.010722
OPCODE	606A	9088	0.010713
OPCODE	34D8	9081	0.010705
OPCODE	7220	9074	0.010696
OPCODE	2080	9056	0.010675
OPCODE	266D	9030	0.010645
OPCODE	B5CB	8952	0.010553
OPCODE	D9CA	8945	0.010544
OPCODE	DBCB	8945	0.010544
OPCODE	4CAE	8933	0.010530
OPCODE	6F3A	8931	0.010528
OPCODE	2140	8877	0.010464
OPCODE	E980	8865	0.010450
OPCODE	1013	8810	0.010385
OPCODE	D087	8750	0.010315
OPCODE	E9D3	8737	0.010299
OPCODE	4A6C	8654	0.010201
OPCODE	6400	8621	0.010162
OPCODE	3F01	8611	0.010151
OPCODE	3C2E	8607	0.010146
OPCODE	56CB	8540	0.010067
OPCODE	1A2B	8534	0.010060
OPCODE	C004	8524	0.010048
OPCODE	5C40	8508	0.010029
OPCODE	2D4A	8504	0.010025
OPCODE	B1CB	8483	0.010000
OPCODE	7009	8481	0.009997
OPCODE	31FC	8460	0.009973
OPCODE	B2FC	8447	0.009957
OPCODE	DEC0	8441	0.009950
OPCODE	08E9	8422	0.009928
OPCODE	0C69	8419	0.009924
OPCODE	2171	8419	0.009924
OPCODE	2E6E	8415	0.009920
OPCODE	30B1	8415	0.009920
OPCODE	30C3	8404	0.009907
OPCODE	6642	8403	0.009906
OPCODE	30C4	8396	0.009897
OPCODE	3628	8395	0.009896
OPCODE	6F1A	8387	0.009887
OPCODE	2004	8356	0.009850
OPCODE	2009	8352	0.009845
OPCODE	B052	8348	0.009841
OPCODE	D282	8347	0.009839
OPCODE	336E	8340	0.009831
OPCODE	4853	8338	0.009829
OPCODE	6A3A	8338	0.009829
OPCODE	47F2	8338	0.009829
OPCODE	B0AB	8300	0.009784
OPCODE	6026	8282	0.009763
OPCODE	E748	8250	0.009725
OPCODE	4A47	8244	0.009718
OPCODE	6E00	8179	0.009641
OPCODE	5368	8177	0.009639
OPCODE	E048	8162	0.009621
OPCODE	B068	8156	0.009614
OPCODE	4845	8128	0.009581
OPCODE	B9F8	8120	0.009572
OPCODE	40C0	8118	0.009570
OPCODE	3610	8097	0.009545
OPCODE	B440	8091	0.009538
OPCODE	740F	8079	0.009524
OPCODE	60F2	8057	0.009498
OPCODE	D281	8054	0.009494
OPCODE	671E	8015	0.009448
OPCODE	D9C1	8011	0.009443
OPCODE	AA97	8005	0.009436
OPCODE	81C5	8004	0.009435
OPCODE	6C10	8003	0.009434
OPCODE	296B	7980	0.009407
OPCODE	2A07	7966	0.009390
OPCODE	201A	7955	0.009377
OPCODE	66D2	7951	0.009373
OPCODE	6E0A	7944	0.009364
OPCODE	2D44	7937	0.009356
OPCODE	08B8	7925	0.009342
OPCODE	6674	7922	0.009339
OPCODE	A88F	7917	0.009333
OPCODE	220D	7917	0.009333
OPCODE	2A41	7917	0.009333
OPCODE	4AAE	7912	0.009327
OPCODE	2831	7909	0.009323
OPCODE	2253	7885	0.009295
OPCODE	B0FC	7878	0.009287
OPCODE	5297	7844	0.009247
OPCODE	B8B8	7844	0.009247
OPCODE	65F2	7789	0.009182
OPCODE	0829	7784	0.009176
OPCODE	3828	7784	0.009176
OPCODE	A924	7773	0.009163
OPCODE	20FB	7688	0.009063
OPCODE	222E	7659	0.009028
OPCODE	0243	7623	0.008986
OPCODE	6106	7612	0.008973
OPCODE	6A16	7586	0.008942
OPCODE	6730	7576	0.008931
OPCODE	6D34	7499	0.008840
OPCODE	56CA	7481	0.008819
OPCODE	2F2D	7418	0.008744
OPCODE	3408	7403	0.008727
OPCODE	6C18	7370	0.008688
OPCODE	D0AC	7359	0.008675
OPCODE	9251	7333	0.008644
OPCODE	3D7C	7293	0.008597
OPCODE	6AF8	7287	0.008590
OPCODE	7040	7279	0.008581
OPCODE	2269	7268	0.008568
OPCODE	08E8	7244	0.008539
OPCODE	4A14	7202	0.008490
OPCODE	1CEC	7168	0.008450
OPCODE	9EC0	7154	0.008433
OPCODE	3099	7153	0.008432
OPCODE	6A1E	7144	0.008421
OPCODE	D5C1	7120	0.008393
OPCODE	65CA	7120	0.008393
OPCODE	60C8	7117	0.008390
OPCODE	672A	7110	0.008381
OPCODE	1D42	7106	0.008377
OPCODE	6A44	7102	0.008372
OPCODE	2178	7050	0.008311
OPCODE	B099	7020	0.008275
OPCODE	7008	7012	0.008266
OPCODE	E088	7009	0.008262
OPCODE	1140	6965	0.008210
OPCODE	12C0	6962	0.008207
OPCODE	6A22	6923	0.008161
OPCODE	DC83	6912	0.008148
OPCODE	D002	6912	0.008148
OPCODE	3010	6877	0.008107
OPCODE	3F02	6871	0.008100
OPCODE	43F8	6870	0.008098
OPCODE	6626	6862	0.008089
OPCODE	6D1C	6851	0.008076
OPCODE	D243	6841	0.008064
OPCODE	429A	6818	0.008037
OPCODE	220F	6796	0.008011
OPCODE	2E41	6767	0.007977
OPCODE	2043	6706	0.007905
OPCODE	5244	6702	0.007900
OPCODE	C284	6699	0.007897
OPCODE	584B	6663	0.007854
OPCODE	720F	6661	0.007852
OPCODE	3014	6648	0.007837
OPCODE	342A	6558	0.007731
OPCODE	3612	6531	0.007699
OPCODE	0802	6526	0.007693
OPCODE	65A6	6521	0.007687
OPCODE	0680	6517	0.007682
OPCODE	62EA	6484	0.007643
OPCODE	9081	6480	0.007639
OPCODE	41F9	6471	0.007628
OPCODE	D8C8	6465	0.007621
OPCODE	DAC8	6465	0.007621
OPCODE	2209	6464	0.007620
OPCODE	2D45	6445	0.007597
OPCODE	0C45	6443	0.007595
OPCODE	08A9	6440	0.007592
OPCODE	43FB	6437	0.007588
OPCODE	B070	6434	0.007584
OPCODE	2D4D	6409	0.007555
OPCODE	46C0	6399	0.007543
OPCODE	2C2A	6399	0.007543
OPCODE	2031	6398	0.007542
OPCODE	6F1C	6392	0.007535
OPCODE	DC43	6373	0.007513
OPCODE	61DC	6363	0.007501
OPCODE	7800	6361	0.007498
OPCODE	0245	6361	0.007498
OPCODE	67DC	6349	0.007484
OPCODE	6BD2	6347	0.007482
OPCODE	5180	6345	0.007480
OPCODE	43F9	6337	0.007470
OPCODE	554F	6336	0.007469
OPCODE	202D	6332	0.007464
OPCODE	C210	6326	0.007457
OPCODE	2E2A	6319	0.007449
OPCODE	2806	6317	0.007447
OPCODE	2455	6311	0.007439
OPCODE	3A03	6305	0.007432
OPCODE	8641	6304	0.007431
OPCODE	B741	6304	0.007431
OPCODE	5BEE	6304	0.007431
OPCODE	6D7A	6290	0.007415
OPCODE	C195	6285	0.007409
OPCODE	6E6E	6283	0.007406
OPCODE	3D42	6266	0.007386
OPCODE	261A	6260	0.007379
OPCODE	28C1	6260	0.007379
OPCODE	2034	6186	0.007292
OPCODE	2800	6149	0.007248
OPCODE	6D26	6143	0.007241
OPCODE	4A07	6140	0.007238
OPCODE	9069	6128	0.007224
OPCODE	6A04	6104	0.007195
OPCODE	D444	6104	0.007195
OPCODE	E9C5	6096	0.007186
OPCODE	EFC6	6096	0.007186
OPCODE	C447	6096	0.007186
OPCODE	302D	6090	0.007179
OPCODE	7004	6086	0.007174
OPCODE	43EF	6065	0.007149
OPCODE	5278	6026	0.007103
OPCODE	5378	6025	0.007102
OPCODE	1D40	6018	0.007094
OPCODE	9651	6007	0.007081
OPCODE	9459	6007	0.007081
OPCODE	4210	6007	0.007081
OPCODE	E149	5996	0.007068
OPCODE	082A	5992	0.007063
OPCODE	2C56	5958	0.007023
OPCODE	6416	5954	0.007019
OPCODE	3E2E	5895	0.006949
OPCODE	C280	5870	0.006920
OPCODE	C247	5867	0.006916
OPCODE	4A29	5833	0.006876
OPCODE	6726	5821	0.006862
OPCODE	1003	5811	0.006850
OPCODE	3080	5791	0.006826
OPCODE	5540	5785	0.006819
OPCODE	2F0E	5777	0.006810
OPCODE	2C5F	5777	0.006810
OPCODE	7E00	5773	0.006805
OPCODE	6F0C	5720	0.006743
OPCODE	B3C8	5709	0.006730
OPCODE	4247	5692	0.006710
OPCODE	2F29	5689	0.006706
OPCODE	43EB	5635	0.006643
OPCODE	2D6E	5630	0.006637
OPCODE	2A30	5630	0.006637
OPCODE	936E	5628	0.006634
OPCODE	5141	5605	0.006607
OPCODE	4846	5593	0.006593
OPCODE	4241	5592	0.006592
OPCODE	60EA	5590	0.006590
OPCODE	D1C0	5585	0.006584
OPCODE	5448	5552	0.006545
OPCODE	5C4F	5552	0.006545
OPCODE	4A2D	5547	0.006539
OPCODE	664C	5544	0.006535
OPCODE	4A87	5539	0.006529
OPCODE	60BC	5537	0.006527
OPCODE	226C	5521	0.006508
OPCODE	2640	5503	0.006487
OPCODE	6A02	5471	0.006449
OPCODE	6088	5435	0.006407
OPCODE	6628	5431	0.006402
OPCODE	2453	5426	0.006396
OPCODE	C440	5415	0.006383
OPCODE	6B50	5406	0.006373
OPCODE	4A85	5394	0.006358
OPCODE	2F06	5384	0.006347
OPCODE	41E9	5383	0.006346
OPCODE	6B10	5370	0.006330
OPCODE	6446	5362	0.006321
OPCODE	2290	5350	0.006307
OPCODE	A874	5316	0.006267
OPCODE	662E	5304	0.006252
OPCODE	220B	5257	0.006197
OPCODE	103B	5251	0.006190
OPCODE	08C0	5231	0.006166
OPCODE	45FA	5224	0.006158
OPCODE	266C	5223	0.006157
OPCODE	41EA	5219	0.006152
OPCODE	906E	5218	0.006151
OPCODE	422B	5210	0.006142
OPCODE	48AE	5201	0.006131
OPCODE	2428	5193	0.006122
OPCODE	4207	5192	0.006120
OPCODE	6612	5190	0.006118
OPCODE	42A8	5129	0.006046
OPCODE	4A83	5124	0.006040
OPCODE	6638	5119	0.006034
OPCODE	0640	5113	0.006027
OPCODE	6B2A	5100	0.006012
OPCODE	2D68	5093	0.006004
OPCODE	D010	5076	0.005984
OPCODE	08EB	5070	0.005977
OPCODE	11A9	5068	0.005974
OPCODE	0A11	5068	0.005974
OPCODE	B311	5067	0.005973
OPCODE	7230	5067	0.005973
OPCODE	66FF	5030	0.005929
OPCODE	6A34	5019	0.005916
OPCODE	B085	5018	0.005915
OPCODE	D7CE	5011	0.005907
OPCODE	B388	4978	0.005868
OPCODE	0285	4966	0.005854
OPCODE	1A14	4966	0.005854
OPCODE	E88D	4966	0.005854
OPCODE	60B0	4943	0.005827
OPCODE	122B	4921	0.005801
OPCODE	2F28	4904	0.005781
OPCODE	2600	4895	0.005770
OPCODE	663C	4890	0.005764
OPCODE	0CAE	4859	0.005728
OPCODE	32FC	4844	0.005710
OPCODE	2653	4838	0.005703
OPCODE	1019	4837	0.005702
OPCODE	946E	4826	0.005689
OPCODE	5848	4786	0.005642
OPCODE	56EE	4755	0.005605
OPCODE	2A09	4750	0.005599
OPCODE	3D44	4749	0.005598
OPCODE	1480	4735	0.005582
OPCODE	486A	4731	0.005577
OPCODE	2014	4679	0.005516
OPCODE	674A	4669	0.005504
OPCODE	6616	4662	0.005496
OPCODE	57C0	4642	0.005472
OPCODE	2F0F	4642	0.005472
OPCODE	2255	4631	0.005459
OPCODE	D16E	4570	0.005387
OPCODE	F4E9	4533	0.005344
OPCODE	20D9	4524	0.005333
OPCODE	67F2	4521	0.005329
OPCODE	1F00	4515	0.005322
OPCODE	382E	4476	0.005276
OPCODE	E448	4449	0.005245
OPCODE	B051	4431	0.005223
OPCODE	D9C0	4427	0.005219
OPCODE	337C	4423	0.005214
OPCODE	4243	4418	0.005208
OPCODE	5544	4398	0.005184
OPCODE	7210	4380	0.005163
OPCODE	0C01	4314	0.005085
OPCODE	4EF0	4303	0.005072
OPCODE	B093	4291	0.005058
OPCODE	2053	4270	0.005034
OPCODE	4400	4241	0.004999
OPCODE	1029	4229	0.004985
OPCODE	3238	4224	0.004979
OPCODE	D881	4219	0.004973
OPCODE	4A41	4181	0.004929
OPCODE	377C	4176	0.004923
OPCODE	2D78	4176	0.004923
OPCODE	2601	4174	0.004920
OPCODE	3006	4173	0.004919
OPCODE	2650	4158	0.004901
OPCODE	0C51	4105	0.004839
OPCODE	0C47	4097	0.004830
OPCODE	4A45	4094	0.004826
OPCODE	536E	4083	0.004813
OPCODE	4AAD	4073	0.004801
OPCODE	6054	4048	0.004772
OPCODE	8310	4043	0.004766
OPCODE	0210	4043	0.004766
OPCODE	5181	4043	0.004766
OPCODE	3F06	4033	0.004754
OPCODE	A055	4026	0.004746
OPCODE	E449	4015	0.004733
OPCODE	91AE	4014	0.004732
OPCODE	6752	3986	0.004699
OPCODE	7201	3971	0.004681
OPCODE	235F	3968	0.004678
OPCODE	A893	3960	0.004668
OPCODE	6C12	3937	0.004641
OPCODE	1006	3934	0.004637
OPCODE	661E	3926	0.004628
OPCODE	6B04	3913	0.004613
OPCODE	D4C7	3904	0.004602
OPCODE	4A53	3897	0.004594
OPCODE	9053	3894	0.004590
OPCODE	6010	3893	0.004589
OPCODE	4250	3869	0.004561
OPCODE	246D	3855	0.004544
OPCODE	4E7A	3851	0.004540
OPCODE	E84A	3850	0.004538
OPCODE	E198	3848	0.004536
OPCODE	1400	3844	0.004531
OPCODE	2747	3843	0.004530
OPCODE	2C2B	3840	0.004527
OPCODE	2E2F	3839	0.004525
OPCODE	EA81	3837	0.004523
OPCODE	D86D	3831	0.004516
OPCODE	2A4B	3831	0.004516
OPCODE	B444	3831	0.004516
OPCODE	B0AD	3831	0.004516
OPCODE	D66D	3831	0.004516
OPCODE	1229	3821	0.004504
OPCODE	A891	3815	0.004497
OPCODE	4A6D	3815	0.004497
OPCODE	D2AE	3811	0.004492
OPCODE	4E91	3797	0.004476
OPCODE	6900	3796	0.004475
OPCODE	41E8	3794	0.004472
OPCODE	6672	3789	0.004466
OPCODE	2052	3787	0.004464
OPCODE	1D47	3786	0.004463
OPCODE	21DF	3778	0.004454
OPCODE	C14D	3746	0.004416
OPCODE	2440	3737	0.004405
OPCODE	D086	3729	0.004396
OPCODE	244B	3725	0.004391
OPCODE	0C53	3717	0.004382
OPCODE	B098	3715	0.004379
OPCODE	0642	3710	0.004373
OPCODE	6EF8	3708	0.004371
OPCODE	BB9B	3703	0.004365
OPCODE	D280	3695	0.004356
OPCODE	E288	3674	0.004331
OPCODE	2D47	3673	0.004330
OPCODE	1432	3670	0.004326
OPCODE	2940	3668	0.004324
OPCODE	E881	3662	0.004317
OPCODE	4AAC	3661	0.004316
OPCODE	B202	3643	0.004294
OPCODE	916E	3611	0.004257
OPCODE	BA47	3610	0.004255
OPCODE	9481	3609	0.004254
OPCODE	4E54	3592	0.004234
OPCODE	4E5C	3592	0.004234
OPCODE	B5C8	3549	0.004184
OPCODE	61B0	3546	0.004180
OPCODE	A024	3542	0.004175
OPCODE	129F	3542	0.004175
OPCODE	1F11	3542	0.004175
OPCODE	C2FC	3540	0.004173
OPCODE	2F2F	3539	0.004172
OPCODE	6D08	3527	0.004158
OPCODE	2241	3522	0.004152
OPCODE	20C1	3512	0.004140
OPCODE	4A5F	3504	0.004131
OPCODE	48C3	3493	0.004118
OPCODE	C4B8	3492	0.004116
OPCODE	137C	3489	0.004113
OPCODE	102B	3483	0.004106
OPCODE	1429	3480	0.004102
OPCODE	9087	3480	0.004102
OPCODE	508F	3476	0.004098
OPCODE	6402	3468	0.004088
OPCODE	9641	3467	0.004087
OPCODE	E999	3461	0.004080
OPCODE	D245	3460	0.004079
OPCODE	B26E	3439	0.004054
OPCODE	3805	3435	0.004049
OPCODE	3819	3430	0.004043
OPCODE	9381	3430	0.004043
OPCODE	E899	3430	0.004043
OPCODE	9681	3430	0.004043
OPCODE	2A19	3430	0.004043
OPCODE	4401	3430	0.004043
OPCODE	D981	3430	0.004043
OPCODE	A193	3430	0.004043
OPCODE	0685	3429	0.004042
OPCODE	65E6	3426	0.004039
OPCODE	B7FC	3424	0.004036
OPCODE	2802	3419	0.004030
OPCODE	0882	3417	0.004028
OPCODE	672C	3383	0.003988
OPCODE	2242	3374	0.003977
OPCODE	675C	3343	0.003941
OPCODE	2412	3343	0.003941
OPCODE	7202	3340	0.003937
OPCODE	4847	3337	0.003934
OPCODE	D480	3333	0.003929
OPCODE	B681	3330	0.003925
OPCODE	C094	3321	0.003915
OPCODE	6636	3294	0.003883
OPCODE	22FB	3288	0.003876
OPCODE	2655	3286	0.003874
OPCODE	7006	3280	0.003866
OPCODE	5242	3278	0.003864
OPCODE	6A0C	3262	0.003845
OPCODE	4A2B	3257	0.003839
OPCODE	8594	3250	0.003831
OPCODE	49EE	3241	0.003821
OPCODE	2442	3234	0.003812
OPCODE	B3F8	3173	0.003740
OPCODE	0C44	3173	0.003740
OPCODE	422C	3161	0.003726
OPCODE	4A02	3147	0.003710
OPCODE	6B1E	3141	0.003703
OPCODE	0280	3139	0.003700
OPCODE	4EAD	3133	0.003693
OPCODE	D3C0	3115	0.003672
OPCODE	4870	3115	0.003672
OPCODE	3141	3112	0.003668
OPCODE	B06C	3110	0.003666
OPCODE	6C08	3096	0.003650
OPCODE	294B	3090	0.003643
OPCODE	DFC0	3070	0.003619
OPCODE	926E	3070	0.003619
OPCODE	4403	3069	0.003618
OPCODE	2483	3067	0.003615
OPCODE	41F0	3053	0.003599
OPCODE	42AA	3049	0.003594
OPCODE	56C9	3047	0.003592
OPCODE	1418	3041	0.003585
OPCODE	2411	3038	0.003581
OPCODE	6A10	3031	0.003573
OPCODE	21F8	3013	0.003552
OPCODE	B5CC	2994	0.003529
OPCODE	6610	2990	0.003525
OPCODE	6168	2986	0.003520
OPCODE	95CA	2985	0.003519
OPCODE	4A94	2984	0.003518
OPCODE	2AF4	2970	0.003501
OPCODE	265F	2964	0.003494
OPCODE	6744	2961	0.003490
OPCODE	2029	2954	0.003482
OPCODE	2854	2954	0.003482
OPCODE	74F4	2951	0.003479
OPCODE	4A2A	2947	0.003474
OPCODE	1601	2944	0.003470
OPCODE	366E	2929	0.003453
OPCODE	4269	2928	0.003452
OPCODE	57C3	2927	0.003450
OPCODE	6B12	2921	0.003443
OPCODE	6634	2919	0.003441
OPCODE	4645	2897	0.003415
OPCODE	6632	2893	0.003410
OPCODE	4878	2891	0.003408
OPCODE	2C00	2884	0.003400
OPCODE	321F	2876	0.003390
OPCODE	4E92	2861	0.003373
OPCODE	322C	2860	0.003371
OPCODE	7010	2855	0.003365
OPCODE	6E04	2845	0.003354
OPCODE	B46E	2825	0.003330
OPCODE	301B	2824	0.003329
OPCODE	266B	2816	0.003320
OPCODE	302C	2814	0.003317
OPCODE	226D	2808	0.003310
OPCODE	4218	2806	0.003308
OPCODE	101F	2802	0.003303
OPCODE	6746	2800	0.003301
OPCODE	6B06	2798	0.003298
OPCODE	3D5F	2789	0.003288
OPCODE	6406	2785	0.003283
OPCODE	207A	2755	0.003248
OPCODE	260C	2750	0.003242
OPCODE	0647	2750	0.003242
OPCODE	1014	2748	0.003239
OPCODE	DE42	2744	0.003235
OPCODE	62D8	2743	0.003233
OPCODE	E888	2743	0.003233
OPCODE	2618	2738	0.003228
OPCODE	60D4	2733	0.003222
OPCODE	0CAD	2728	0.003216
OPCODE	2238	2722	0.003209
OPCODE	6A0A	2718	0.003204
OPCODE	A049	2717	0.003203
OPCODE	2089	2706	0.003190
OPCODE	66D6	2698	0.003180
OPCODE	1D78	2698	0.003180
OPCODE	E280	2690	0.003171
OPCODE	2D6D	2688	0.003169
OPCODE	3E00	2678	0.003157
OPCODE	08AA	2673	0.003151
OPCODE	38BC	2672	0.003150
OPCODE	2450	2667	0.003144
OPCODE	5346	2663	0.003139
OPCODE	022B	2662	0.003138
OPCODE	2A08	2657	0.003132
OPCODE	43FA	2654	0.003129
OPCODE	486F	2648	0.003121
OPCODE	1EBC	2646	0.003119
OPCODE	1141	2632	0.003103
OPCODE	42B8	2623	0.003092
OPCODE	8481	2621	0.003090
OPCODE	74FC	2619	0.003087
OPCODE	9288	2619	0.003087
OPCODE	3F05	2618	0.003086
OPCODE	2438	2618	0.003086
OPCODE	3F7A	2618	0.003086
OPCODE	7420	2614	0.003081
OPCODE	4A52	2612	0.003079
OPCODE	B054	2612	0.003079
OPCODE	70FC	2611	0.003078
OPCODE	3140	2610	0.003077
OPCODE	62EC	2609	0.003076
OPCODE	675A	2606	0.003072
OPCODE	5D43	2605	0.003071
OPCODE	303A	2605	0.003071
OPCODE	2A81	2604	0.003070
OPCODE	002B	2602	0.003067
OPCODE	676A	2597	0.003061
OPCODE	4254	2597	0.003061
OPCODE	7012	2597	0.003061
OPCODE	5246	2596	0.003060
OPCODE	1178	2595	0.003059
OPCODE	6A08	2594	0.003058
OPCODE	4A54	2591	0.003054
OPCODE	1D5F	2589	0.003052
OPCODE	2288	2588	0.003051
OPCODE	20EE	2588	0.003051
OPCODE	C078	2586	0.003048
OPCODE	28C0	2586	0.003048
OPCODE	D8FC	2585	0.003047
OPCODE	1F05	2584	0.003046
OPCODE	E359	2581	0.003042
OPCODE	677E	2579	0.003040
OPCODE	103A	2579	0.003040
OPCODE	6170	2573	0.003033
OPCODE	D0A9	2572	0.003032
OPCODE	5543	2567	0.003026
OPCODE	1743	2552	0.003008
OPCODE	221A	2548	0.003004
OPCODE	6794	2542	0.002997
OPCODE	162B	2542	0.002997
OPCODE	6126	2539	0.002993
OPCODE	08AB	2537	0.002991
OPCODE	6A4E	2535	0.002988
OPCODE	C600	2534	0.002987
OPCODE	7640	2534	0.002987
OPCODE	1741	2534	0.002987
OPCODE	E809	2534	0.002987
OPCODE	0211	2534	0.002987
OPCODE	C12B	2534	0.002987
OPCODE	E90B	2534	0.002987
OPCODE	0003	2534	0.002987
OPCODE	C211	2534	0.002987
OPCODE	617A	2534	0.002987
OPCODE	0029	2534	0.002987
OPCODE	1343	2534	0.002987
OPCODE	9043	2534	0.002987
OPCODE	4483	2534	0.002987
OPCODE	176B	2533	0.002986
OPCODE	2F17	2533	0.002986
OPCODE	9090	2530	0.002982
OPCODE	396C	2520	0.002971
OPCODE	5345	2515	0.002965
OPCODE	8029	2496	0.002942
OPCODE	7080	2496	0.002942
OPCODE	4441	2495	0.002941
OPCODE	B9CB	2493	0.002939
OPCODE	6630	2491	0.002936
OPCODE	7003	2491	0.002936
OPCODE	264A	2483	0.002927
OPCODE	2488	2475	0.002918
OPCODE	2145	2457	0.002896
OPCODE	6162	2442	0.002879
OPCODE	4440	2435	0.002870
OPCODE	2F03	2433	0.002868
OPCODE	B0AE	2432	0.002867
OPCODE	C343	2416	0.002848
OPCODE	1830	2403	0.002833
OPCODE	1630	2401	0.002830
OPCODE	2AC1	2400	0.002829
OPCODE	28C4	2400	0.002829
OPCODE	E9D2	2400	0.002829
OPCODE	CE81	2400	0.002829
OPCODE	8287	2400	0.002829
OPCODE	0686	2400	0.002829
OPCODE	2815	2400	0.002829
OPCODE	C0A9	2398	0.002827
OPCODE	EA46	2396	0.002824
OPCODE	673C	2385	0.002811
OPCODE	E499	2373	0.002797
OPCODE	526E	2368	0.002791
OPCODE	6EC6	2367	0.002790
OPCODE	C480	2362	0.002784
OPCODE	1232	2346	0.002765
OPCODE	544F	2328	0.002744
OPCODE	D1C2	2317	0.002731
OPCODE	C481	2309	0.002722
OPCODE	4842	2305	0.002717
OPCODE	1958	2304	0.002716
OPCODE	66E6	2296	0.002707
OPCODE	D081	2296	0.002707
OPCODE	6104	2271	0.002677
OPCODE	6FCA	2263	0.002668
OPCODE	5280	2261	0.002665
OPCODE	21C8	2256	0.002659
OPCODE	1A12	2247	0.002649
OPCODE	1485	2247	0.002649
OPCODE	6300	2245	0.002646
OPCODE	E9A9	2233	0.002632
OPCODE	4A86	2225	0.002623
OPCODE	5880	2223	0.002620
OPCODE	43EC	2217	0.002613
OPCODE	2401	2213	0.002609
OPCODE	30C0	2213	0.002609
OPCODE	60DA	2205	0.002599
OPCODE	C544	2203	0.002597
OPCODE	22AE	2202	0.002596
OPCODE	227A	2177	0.002566
OPCODE	D080	2171	0.002559
OPCODE	2340	2169	0.002557
OPCODE	3806	2169	0.002557
OPCODE	906B	2164	0.002551
OPCODE	E44A	2156	0.002542
OPCODE	4ED5	2155	0.002540
OPCODE	3F04	2147	0.002531
OPCODE	7014	2144	0.002527
OPCODE	3C1F	2143	0.002526
OPCODE	4481	2140	0.002523
OPCODE	6624	2140	0.002523
OPCODE	2449	2127	0.002507
OPCODE	2F50	2118	0.002497
OPCODE	9441	2116	0.002494
OPCODE	360B	2110	0.002487
OPCODE	08AE	2108	0.002485
OPCODE	B087	2097	0.002472
OPCODE	C099	2094	0.002468
OPCODE	2418	2093	0.002467
OPCODE	0C81	2092	0.002466
OPCODE	280A	2090	0.002464
OPCODE	3368	2090	0.002464
OPCODE	E38E	2072	0.002442
OPCODE	322D	2072	0.002442
OPCODE	286C	2070	0.002440
OPCODE	90B8	2070	0.002440
OPCODE	6506	2066	0.002435
OPCODE	7204	2066	0.002435
OPCODE	9044	2065	0.002434
OPCODE	4206	2059	0.002427
OPCODE	D08F	2057	0.002425
OPCODE	5DC0	2056	0.002424
OPCODE	C1EE	2055	0.002422
OPCODE	3818	2055	0.002422
OPCODE	906D	2051	0.002418
OPCODE	D3C2	2051	0.002418
OPCODE	0480	2051	0.002418
OPCODE	2A6D	2049	0.002415
OPCODE	48C7	2048	0.002414
OPCODE	0200	2043	0.002408
OPCODE	CC6E	2011	0.002371
OPCODE	0057	2007	0.002366
OPCODE	DC6E	2006	0.002365
OPCODE	363C	2005	0.002364
OPCODE	322F	2002	0.002360
OPCODE	2019	1998	0.002355
OPCODE	67F8	1981	0.002335
OPCODE	926D	1979	0.002333
OPCODE	3204	1977	0.002330
OPCODE	C3C0	1974	0.002327
OPCODE	2D6B	1973	0.002326
OPCODE	4685	1969	0.002321
OPCODE	3A06	1969	0.002321
OPCODE	60C0	1967	0.002319
OPCODE	3012	1965	0.002316
OPCODE	D1C5	1962	0.002313
OPCODE	6CDC	1961	0.002312
OPCODE	E589	1957	0.002307
OPCODE	EA89	1956	0.002306
OPCODE	D2B1	1952	0.002301
OPCODE	D3D1	1952	0.002301
OPCODE	D091	1952	0.002301
OPCODE	4BEE	1949	0.002297
OPCODE	F569	1948	0.002296
OPCODE	3409	1948	0.002296
OPCODE	5381	1946	0.002294
OPCODE	D0C2	1943	0.002290
OPCODE	61C6	1940	0.002287
OPCODE	4A76	1938	0.002285
OPCODE	49C7	1938	0.002285
OPCODE	E858	1938	0.002285
OPCODE	56C7	1938	0.002285
OPCODE	261F	1929	0.002274
OPCODE	6328	1924	0.002268
OPCODE	BEAD	1924	0.002268
OPCODE	3232	1922	0.002266
OPCODE	4A93	1913	0.002255
OPCODE	B044	1910	0.002252
OPCODE	0C87	1910	0.002252
OPCODE	486C	1909	0.002250
OPCODE	302A	1907	0.002248
OPCODE	1030	1904	0.002244
OPCODE	66DE	1901	0.002241
OPCODE	A023	1899	0.002239
OPCODE	0807	1899	0.002239
OPCODE	3A04	1897	0.002236
OPCODE	2243	1894	0.002233
OPCODE	8642	1892	0.002230
OPCODE	C644	1892	0.002230
OPCODE	C445	1892	0.002230
OPCODE	BB42	1892	0.002230
OPCODE	E842	1892	0.002230
OPCODE	B1F8	1889	0.002227
OPCODE	0C28	1886	0.002223
OPCODE	D441	1886	0.002223
OPCODE	1C3C	1885	0.002222
OPCODE	236E	1885	0.002222
OPCODE	A025	1884	0.002221
OPCODE	6196	1883	0.002220
OPCODE	422D	1883	0.002220
OPCODE	9A8E	1882	0.002219
OPCODE	383C	1880	0.002216
OPCODE	262D	1877	0.002213
OPCODE	7405	1875	0.002210
OPCODE	B544	1875	0.002210
OPCODE	2D51	1874	0.002209
OPCODE	226B	1871	0.002206
OPCODE	12DC	1866	0.002200
OPCODE	3630	1863	0.002196
OPCODE	303B	1860	0.002193
OPCODE	6308	1846	0.002176
OPCODE	3A00	1843	0.002173
OPCODE	206C	1843	0.002173
OPCODE	2D7C	1840	0.002169
OPCODE	2A55	1839	0.002168
OPCODE	3D50	1833	0.002161
OPCODE	B2AA	1831	0.002158
OPCODE	5048	1825	0.002151
OPCODE	D06A	1821	0.002147
OPCODE	22DC	1816	0.002141
OPCODE	49F4	1815	0.002140
OPCODE	2A04	1812	0.002136
OPCODE	BC6E	1811	0.002135
OPCODE	60C6	1810	0.002134
OPCODE	BC5B	1807	0.002130
OPCODE	268C	1804	0.002127
OPCODE	322A	1800	0.002122
OPCODE	1E2E	1798	0.002119
OPCODE	1B40	1797	0.002118
OPCODE	6F24	1792	0.002112
OPCODE	6538	1784	0.002103
OPCODE	61BC	1783	0.002102
OPCODE	6D10	1780	0.002098
OPCODE	C06B	1779	0.002097
OPCODE	E0AC	1777	0.002095
OPCODE	E7A8	1767	0.002083
OPCODE	1A00	1765	0.002081
OPCODE	1F40	1765	0.002081
OPCODE	3E3C	1758	0.002072
OPCODE	7CFF	1758	0.002072
OPCODE	66E4	1752	0.002065
OPCODE	906C	1745	0.002057
OPCODE	D680	1743	0.002055
OPCODE	926B	1741	0.002052
OPCODE	601E	1740	0.002051
OPCODE	588F	1735	0.002045
OPCODE	741F	1733	0.002043
OPCODE	EBA9	1733	0.002043
OPCODE	D052	1733	0.002043
OPCODE	6028	1732	0.002042
OPCODE	DBC1	1731	0.002041
OPCODE	DBC0	1731	0.002041
OPCODE	96C0	1731	0.002041
OPCODE	6664	1731	0.002041
OPCODE	60E2	1729	0.002038
OPCODE	EA8A	1727	0.002036
OPCODE	0C07	1725	0.002033
OPCODE	3C2D	1721	0.002029
OPCODE	D159	1711	0.002017
OPCODE	D359	1711	0.002017
OPCODE	2A01	1710	0.002016
OPCODE	3F11	1706	0.002011
OPCODE	B682	1704	0.002009
OPCODE	C1C7	1704	0.002009
OPCODE	518A	1704	0.002009
OPCODE	91C8	1702	0.002006
OPCODE	21EC	1700	0.002004
OPCODE	C594	1696	0.001999
OPCODE	66E8	1695	0.001998
OPCODE	7EFF	1691	0.001993
OPCODE	E7AA	1689	0.001991
OPCODE	D1F0	1689	0.001991
OPCODE	B86E	1684	0.001985
OPCODE	0282	1683	0.001984
OPCODE	B094	1682	0.001983
OPCODE	D06D	1682	0.001983
OPCODE	027C	1677	0.001977
OPCODE	D7CD	1674	0.001973
OPCODE	E44B	1673	0.001972
OPCODE	8280	1670	0.001969
OPCODE	6644	1667	0.001965
OPCODE	9BAE	1666	0.001964
OPCODE	4C43	1666	0.001964
OPCODE	9842	1666	0.001964
OPCODE	534A	1666	0.001964
OPCODE	7E02	1666	0.001964
OPCODE	3E04	1666	0.001964
OPCODE	6E16	1666	0.001964
OPCODE	60D8	1657	0.001953
OPCODE	6B26	1656	0.001952
OPCODE	2F2B	1654	0.001950
OPCODE	0805	1652	0.001947
OPCODE	42A9	1649	0.001944
OPCODE	5286	1644	0.001938
OPCODE	323C	1643	0.001937
OPCODE	469B	1643	0.001937
OPCODE	382A	1642	0.001936
OPCODE	E28A	1635	0.001927
OPCODE	1940	1620	0.001910
OPCODE	B1EE	1617	0.001906
OPCODE	D240	1613	0.001901
OPCODE	E538	1612	0.001900
OPCODE	BF00	1612	0.001900
OPCODE	223B	1612	0.001900
OPCODE	700C	1609	0.001897
OPCODE	4A84	1608	0.001896
OPCODE	2F04	1607	0.001894
OPCODE	A02E	1606	0.001893
OPCODE	6114	1604	0.001891
OPCODE	66A8	1603	0.001890
OPCODE	3619	1595	0.001880
OPCODE	0C84	1593	0.001878
OPCODE	6D52	1583	0.001866
OPCODE	4246	1582	0.001865
OPCODE	4A12	1575	0.001857
OPCODE	D5CE	1573	0.001854
OPCODE	BEAC	1572	0.001853
OPCODE	22C6	1572	0.001853
OPCODE	602C	1571	0.001852
OPCODE	663E	1571	0.001852
OPCODE	610A	1569	0.001850
OPCODE	3342	1563	0.001842
OPCODE	B1C9	1562	0.001841
OPCODE	9883	1561	0.001840
OPCODE	362C	1557	0.001835
OPCODE	5741	1556	0.001834
OPCODE	2E80	1552	0.001830
OPCODE	0812	1549	0.001826
OPCODE	294F	1546	0.001822
OPCODE	294D	1546	0.001822
OPCODE	3230	1545	0.001821
OPCODE	7C07	1543	0.001819
OPCODE	49EC	1543	0.001819
OPCODE	D46B	1543	0.001819
OPCODE	C446	1542	0.001818
OPCODE	D5F2	1542	0.001818
OPCODE	2E6C	1541	0.001817
OPCODE	650C	1538	0.001813
OPCODE	7E0F	1535	0.001809
OPCODE	2C36	1533	0.001807
OPCODE	6F16	1533	0.001807
OPCODE	6640	1531	0.001805
OPCODE	21EE	1531	0.001805
OPCODE	620C	1521	0.001793
OPCODE	5347	1518	0.001789
OPCODE	6754	1518	0.001789
OPCODE	2C05	1517	0.001788
OPCODE	2431	1515	0.001786
OPCODE	D094	1513	0.001784
OPCODE	0286	1511	0.001781
OPCODE	2B40	1508	0.001778
OPCODE	2D70	1499	0.001767
OPCODE	6200	1492	0.001759
OPCODE	4298	1490	0.001756
OPCODE	6EF0	1483	0.001748
OPCODE	4A90	1482	0.001747
OPCODE	4205	1475	0.001739
OPCODE	2F2C	1471	0.001734
OPCODE	3D46	1464	0.001726
OPCODE	2E38	1463	0.001725
OPCODE	5C53	1463	0.001725
OPCODE	6D0E	1460	0.001721
OPCODE	6F3E	1454	0.001714
OPCODE	3602	1452	0.001712
OPCODE	D2C1	1452	0.001712
OPCODE	6030	1452	0.001712
OPCODE	B9EE	1450	0.001709
OPCODE	61EE	1447	0.001706
OPCODE	6038	1445	0.001703
OPCODE	6112	1445	0.001703
OPCODE	4682	1439	0.001696
OPCODE	A8E2	1437	0.001694
OPCODE	CA83	1434	0.001690
OPCODE	2A00	1433	0.001689
OPCODE	DE47	1430	0.001686
OPCODE	3429	1430	0.001686
OPCODE	21C9	1428	0.001683
OPCODE	4244	1427	0.001682
OPCODE	422F	1427	0.001682
OPCODE	3F40	1426	0.001681
OPCODE	C484	1421	0.001675
OPCODE	673A	1420	0.001674
OPCODE	5D4F	1419	0.001673
OPCODE	6438	1418	0.001672
OPCODE	720C	1417	0.001670
OPCODE	B478	1416	0.001669
OPCODE	1E03	1411	0.001663
OPCODE	CE53	1406	0.001657
OPCODE	70E4	1405	0.001656
OPCODE	342B	1405	0.001656
OPCODE	0929	1405	0.001656
OPCODE	4EB2	1405	0.001656
OPCODE	E542	1405	0.001656
OPCODE	E84B	1399	0.001649
OPCODE	B081	1398	0.001648
OPCODE	6B0E	1396	0.001646
OPCODE	0C6B	1396	0.001646
OPCODE	102D	1395	0.001644
OPCODE	0C05	1395	0.001644
OPCODE	208B	1394	0.001643
OPCODE	5740	1390	0.001639
OPCODE	61CE	1388	0.001636
OPCODE	3419	1387	0.001635
OPCODE	66D0	1387	0.001635
OPCODE	70FE	1387	0.001635
OPCODE	504B	1385	0.001633
OPCODE	47EB	1384	0.001631
OPCODE	D853	1384	0.001631
OPCODE	55C7	1383	0.001630
OPCODE	2D54	1383	0.001630
OPCODE	1C2E	1382	0.001629
OPCODE	9050	1380	0.001627
OPCODE	D1C3	1378	0.001624
OPCODE	3E2A	1377	0.001623
OPCODE	630A	1375	0.001621
OPCODE	31A9	1370	0.001615
OPCODE	665A	1370	0.001615
OPCODE	2191	1370	0.001615
OPCODE	1A19	1370	0.001615
OPCODE	E16B	1368	0.001613
OPCODE	2F19	1368	0.001613
OPCODE	7801	1368	0.001613
OPCODE	526C	1367	0.001611
OPCODE	701E	1365	0.001609
OPCODE	522E	1363	0.001607
OPCODE	61DA	1361	0.001604
OPCODE	61E2	1361	0.001604
OPCODE	BA6E	1358	0.001601
OPCODE	2405	1354	0.001596
OPCODE	1E80	1353	0.001595
OPCODE	4A04	1350	0.001591
OPCODE	0C2D	1346	0.001587
OPCODE	E540	1342	0.001582
OPCODE	6A12	1341	0.001581
OPCODE	4204	1339	0.001578
OPCODE	6756	1338	0.001577
OPCODE	9A6E	1337	0.001576
OPCODE	D0FB	1337	0.001576
OPCODE	B240	1337	0.001576
OPCODE	426F	1335	0.001574
OPCODE	4683	1333	0.001571
OPCODE	6650	1333	0.001571
OPCODE	66EA	1330	0.001568
OPCODE	70EF	1327	0.001564
OPCODE	676C	1327	0.001564
OPCODE	B252	1327	0.001564
OPCODE	C2C2	1326	0.001563
OPCODE	D259	1326	0.001563
OPCODE	536C	1326	0.001563
OPCODE	A204	1325	0.001562
OPCODE	22B8	1324	0.001561
OPCODE	D7CC	1324	0.001561
OPCODE	703C	1323	0.001560
OPCODE	6C06	1322	0.001558
OPCODE	676E	1322	0.001558
OPCODE	7050	1320	0.001556
OPCODE	7041	1320	0.001556
OPCODE	2F7A	1320	0.001556
OPCODE	3F29	1319	0.001555
OPCODE	30E9	1319	0.001555
OPCODE	177C	1318	0.001554
OPCODE	247A	1316	0.001551
OPCODE	A01C	1316	0.001551
OPCODE	276E	1315	0.001550
OPCODE	9091	1314	0.001549
OPCODE	6F14	1314	0.001549
OPCODE	296A	1314	0.001549
OPCODE	21EB	1314	0.001549
OPCODE	2F6C	1313	0.001548
OPCODE	B9DF	1311	0.001545
OPCODE	B7EE	1310	0.001544
OPCODE	7240	1310	0.001544
OPCODE	BE46	1309	0.001543
OPCODE	3A38	1309	0.001543
OPCODE	2041	1309	0.001543
OPCODE	5C8F	1308	0.001542
OPCODE	4443	1307	0.001541
OPCODE	1A2E	1305	0.001538
OPCODE	81FC	1304	0.001537
OPCODE	6678	1303	0.001536
OPCODE	E940	1302	0.001535
OPCODE	E358	1302	0.001535
OPCODE	60F0	1302	0.001535
OPCODE	1969	1301	0.001534
OPCODE	287A	1301	0.001534
OPCODE	0254	1301	0.001534
OPCODE	A970	1300	0.001532
OPCODE	2638	1300	0.001532
OPCODE	3146	1300	0.001532
OPCODE	1978	1300	0.001532
OPCODE	721A	1298	0.001530
OPCODE	9CAA	1297	0.001529
OPCODE	E28F	1297	0.001529
OPCODE	6212	1296	0.001528
OPCODE	A871	1295	0.001527
OPCODE	4A97	1294	0.001525
OPCODE	6D16	1293	0.001524
OPCODE	A97F	1293	0.001524
OPCODE	633C	1292	0.001523
OPCODE	D443	1292	0.001523
OPCODE	143A	1292	0.001523
OPCODE	C038	1292	0.001523
OPCODE	0C59	1292	0.001523
OPCODE	A8AE	1292	0.001523
OPCODE	2851	1292	0.001523
OPCODE	A030	1291	0.001522
OPCODE	6E5A	1290	0.001521
OPCODE	227B	1290	0.001521
OPCODE	ABF7	1290	0.001521
OPCODE	A031	1290	0.001521
OPCODE	2012	1290	0.001521
OPCODE	A0DD	1290	0.001521
OPCODE	6D42	1290	0.001521
OPCODE	A9B4	1290	0.001521
OPCODE	60FA	1289	0.001519
OPCODE	3412	1289	0.001519
OPCODE	3287	1288	0.001518
OPCODE	6420	1287	0.001517
OPCODE	50D0	1287	0.001517
OPCODE	51D0	1287	0.001517
OPCODE	60B6	1287	0.001517
OPCODE	3638	1287	0.001517
OPCODE	B7C9	1286	0.001516
OPCODE	1A07	1286	0.001516
OPCODE	A972	1286	0.001516
OPCODE	6E3A	1286	0.001516
OPCODE	6F48	1285	0.001515
OPCODE	6518	1285	0.001515
OPCODE	2830	1284	0.001514
OPCODE	3083	1283	0.001512
OPCODE	6F8A	1283	0.001512
OPCODE	4293	1283	0.001512
OPCODE	A911	1283	0.001512
OPCODE	A980	1283	0.001512
OPCODE	D8AE	1282	0.001511
OPCODE	D66E	1282	0.001511
OPCODE	62B4	1282	0.001511
OPCODE	D9AE	1282	0.001511
OPCODE	67B2	1282	0.001511
OPCODE	3430	1282	0.001511
OPCODE	6B0A	1282	0.001511
OPCODE	E04B	1282	0.001511
OPCODE	7603	1281	0.001510
OPCODE	65E4	1280	0.001509
OPCODE	664A	1278	0.001507
OPCODE	3C02	1278	0.001507
OPCODE	B9ED	1275	0.001503
OPCODE	282A	1275	0.001503
OPCODE	B05A	1275	0.001503
OPCODE	2204	1274	0.001502
OPCODE	67E8	1273	0.001501
OPCODE	3401	1267	0.001494
OPCODE	34E9	1265	0.001491
OPCODE	286A	1263	0.001489
OPCODE	8041	1261	0.001486
OPCODE	1017	1260	0.001485
OPCODE	34A9	1260	0.001485
OPCODE	357C	1254	0.001478
OPCODE	C02B	1251	0.001475
OPCODE	E808	1250	0.001474
OPCODE	0197	1248	0.001471
OPCODE	262A	1248	0.001471
OPCODE	52A9	1248	0.001471
OPCODE	60AE	1247	0.001470
OPCODE	50E7	1246	0.001469
OPCODE	10D9	1243	0.001465
OPCODE	D158	1242	0.001464
OPCODE	3D70	1240	0.001462
OPCODE	9C44	1239	0.001461
OPCODE	3E10	1237	0.001458
OPCODE	6804	1237	0.001458
OPCODE	3A11	1235	0.001456
OPCODE	7E0A	1234	0.001455
OPCODE	30C7	1234	0.001455
OPCODE	2C08	1233	0.001453
OPCODE	026E	1230	0.001450
OPCODE	4C00	1230	0.001450
OPCODE	2808	1230	0.001450
OPCODE	DBC4	1228	0.001448
OPCODE	D9C6	1228	0.001448
OPCODE	66F4	1227	0.001446
OPCODE	D085	1222	0.001441
OPCODE	57CA	1218	0.001436
OPCODE	2D58	1216	0.001433
OPCODE	2C14	1213	0.001430
OPCODE	1D6E	1209	0.001425
OPCODE	B189	1205	0.001420
OPCODE	7054	1204	0.001419
OPCODE	43ED	1204	0.001419
OPCODE	E169	1203	0.001418
OPCODE	60AA	1203	0.001418
OPCODE	2B49	1201	0.001416
OPCODE	0284	1201	0.001416
OPCODE	B084	1201	0.001416
OPCODE	E384	1198	0.001412
OPCODE	E4A4	1198	0.001412
OPCODE	E16A	1198	0.001412
OPCODE	3C03	1198	0.001412
OPCODE	C8C0	1198	0.001412
OPCODE	E54E	1198	0.001412
OPCODE	DE2E	1198	0.001412
OPCODE	DAC6	1198	0.001412
OPCODE	380B	1198	0.001412
OPCODE	D9C4	1198	0.001412
OPCODE	E29C	1198	0.001412
OPCODE	7020	1192	0.001405
OPCODE	C295	1187	0.001399
OPCODE	C843	1186	0.001398
OPCODE	780F	1186	0.001398
OPCODE	4444	1186	0.001398
OPCODE	22D0	1175	0.001385
OPCODE	E88C	1173	0.001383
OPCODE	B9D0	1172	0.001382
OPCODE	1814	1171	0.001380
OPCODE	12D8	1166	0.001374
OPCODE	D46E	1157	0.001364
OPCODE	2E88	1155	0.001362
OPCODE	6E0E	1155	0.001362
OPCODE	9041	1153	0.001359
OPCODE	D093	1145	0.001350
OPCODE	D844	1145	0.001350
OPCODE	56C0	1141	0.001345
OPCODE	6504	1136	0.001339
OPCODE	6F12	1129	0.001331
OPCODE	2F11	1124	0.001325
OPCODE	0246	1121	0.001321
OPCODE	5344	1120	0.001320
OPCODE	3F28	1116	0.001316
OPCODE	2C1C	1111	0.001310
OPCODE	D442	1108	0.001306
OPCODE	2378	1107	0.001305
OPCODE	0244	1097	0.001293
OPCODE	8086	1091	0.001286
OPCODE	C095	1091	0.001286
OPCODE	CC85	1091	0.001286
OPCODE	9068	1085	0.001279
OPCODE	1169	1084	0.001278
OPCODE	22E8	1083	0.001277
OPCODE	22DF	1083	0.001277
OPCODE	5149	1081	0.001274
OPCODE	D481	1076	0.001268
OPCODE	A322	1074	0.001266
OPCODE	5245	1073	0.001265
OPCODE	3250	1072	0.001264
OPCODE	EA48	1071	0.001263
OPCODE	D0C9	1071	0.001263
OPCODE	B3FA	1071	0.001263
OPCODE	426C	1063	0.001253
OPCODE	284B	1058	0.001247
OPCODE	2F48	1057	0.001246
OPCODE	B060	1056	0.001245
OPCODE	67EE	1053	0.001241
OPCODE	E58A	1052	0.001240
OPCODE	BFAE	1051	0.001239
OPCODE	4290	1048	0.001235
OPCODE	18D8	1044	0.001231
OPCODE	8357	1041	0.001227
OPCODE	E0AA	1037	0.001222
OPCODE	E2A8	1037	0.001222
OPCODE	D1A9	1036	0.001221
OPCODE	D272	1034	0.001219
OPCODE	B443	1033	0.001218
OPCODE	6B1A	1029	0.001213
OPCODE	0832	1024	0.001207
OPCODE	12C6	1024	0.001207
OPCODE	D9C2	1023	0.001206
OPCODE	4647	1023	0.001206
OPCODE	3A07	1022	0.001205
OPCODE	4447	1022	0.001205
OPCODE	4A4A	1022	0.001205
OPCODE	C1C6	1022	0.001205
OPCODE	3646	1022	0.001205
OPCODE	E68C	1022	0.001205
OPCODE	43F1	1022	0.001205
OPCODE	E4AD	1021	0.001204
OPCODE	CA82	1018	0.001200
OPCODE	BA40	1011	0.001192
OPCODE	D358	1004	0.001184
OPCODE	2801	1003	0.001182
OPCODE	341F	1000	0.001179
OPCODE	7224	1000	0.001179
OPCODE	5049	997	0.001175
OPCODE	4A30	995	0.001173
OPCODE	E64A	989	0.001166
OPCODE	E741	989	0.001166
OPCODE	EF6A	987	0.001163
OPCODE	EBAA	987	0.001163
OPCODE	98C2	987	0.001163
OPCODE	EAAA	987	0.001163
OPCODE	1434	987	0.001163
OPCODE	EFAA	987	0.001163
OPCODE	E68A	987	0.001163
OPCODE	49F9	987	0.001163
OPCODE	601A	985	0.001161
OPCODE	5241	983	0.001159
OPCODE	2850	981	0.001156
OPCODE	2D59	980	0.001155
OPCODE	B480	980	0.001155
OPCODE	3D68	977	0.001152
OPCODE	B047	974	0.001148
OPCODE	67D0	972	0.001146
OPCODE	2A0E	971	0.001145
OPCODE	52B8	971	0.001145
OPCODE	3406	971	0.001145
OPCODE	96C4	965	0.001138
OPCODE	94C4	965	0.001138
OPCODE	3046	965	0.001138
OPCODE	E54C	965	0.001138
OPCODE	9284	965	0.001138
OPCODE	9C80	965	0.001138
OPCODE	C640	965	0.001138
OPCODE	7820	965	0.001138
OPCODE	21F0	964	0.001136
OPCODE	6B28	964	0.001136
OPCODE	2F1E	960	0.001132
OPCODE	2D1F	960	0.001132
OPCODE	46FC	956	0.001127
OPCODE	C043	956	0.001127
OPCODE	4EED	956	0.001127
OPCODE	BBFC	956	0.001127
OPCODE	E9D6	955	0.001126
OPCODE	584E	955	0.001126
OPCODE	B4AC	953	0.001123
OPCODE	700F	953	0.001123
OPCODE	BFD1	950	0.001120
OPCODE	BFC0	950	0.001120
OPCODE	67FA	942	0.001110
OPCODE	6D2E	940	0.001108
OPCODE	3606	938	0.001106
OPCODE	6D5C	937	0.001105
OPCODE	2A03	936	0.001103
OPCODE	E348	933	0.001100
OPCODE	E588	928	0.001094
OPCODE	0040	928	0.001094
OPCODE	722A	924	0.001089
OPCODE	6042	923	0.001088
OPCODE	D7C4	921	0.001086
OPCODE	6C0A	921	0.001086
OPCODE	D640	921	0.001086
OPCODE	9A86	921	0.001086
OPCODE	9A82	921	0.001086
OPCODE	8198	919	0.001083
OPCODE	E9C1	918	0.001082
OPCODE	C6B8	916	0.001080
OPCODE	66F8	912	0.001075
OPCODE	6D04	905	0.001067
OPCODE	6FEE	901	0.001062
OPCODE	B251	900	0.001061
OPCODE	7A03	898	0.001059
OPCODE	D5C2	892	0.001051
OPCODE	9FC2	890	0.001049
OPCODE	2484	890	0.001049
OPCODE	C443	888	0.001047
OPCODE	D882	887	0.001046
OPCODE	246C	887	0.001046
OPCODE	B082	886	0.001044
OPCODE	93C8	885	0.001043
OPCODE	D1C9	883	0.001041
OPCODE	306C	883	0.001041
OPCODE	D2C7	881	0.001039
OPCODE	E54D	881	0.001039
OPCODE	DA46	881	0.001039
OPCODE	3E09	881	0.001039
OPCODE	6F2A	881	0.001039
OPCODE	48E6	877	0.001034
OPCODE	3011	877	0.001034
OPCODE	6742	875	0.001031
OPCODE	4A46	873	0.001029
OPCODE	14EB	866	0.001021
OPCODE	4BFA	863	0.001017
OPCODE	1684	856	0.001009
OPCODE	E9C2	856	0.001009
OPCODE	2348	852	0.001004
OPCODE	4CDE	847	0.000998
OPCODE	2202	846	0.000997
OPCODE	C94D	843	0.000994
OPCODE	6E58	841	0.000991
OPCODE	300D	840	0.000990
OPCODE	643C	839	0.000989
OPCODE	6ECE	836	0.000985
OPCODE	7403	836	0.000985
OPCODE	6DCA	835	0.000984
OPCODE	2C13	833	0.000982
OPCODE	D04D	832	0.000981
OPCODE	384B	832	0.000981
OPCODE	300F	832	0.000981
OPCODE	DEC7	832	0.000981
OPCODE	45F2	832	0.000981
OPCODE	60E8	831	0.000980
OPCODE	3C2B	828	0.000976
OPCODE	D287	826	0.000974
OPCODE	BA41	824	0.000971
OPCODE	21CC	811	0.000956
OPCODE	3206	810	0.000955
OPCODE	B66E	805	0.000949
OPCODE	D851	804	0.000948
OPCODE	D278	804	0.000948
OPCODE	B06B	803	0.000947
OPCODE	4EB5	801	0.000944
OPCODE	6058	790	0.000931
OPCODE	2A18	784	0.000924
OPCODE	D0BC	781	0.000921
OPCODE	08D2	780	0.000919
OPCODE	0892	780	0.000919
OPCODE	3605	777	0.000916
OPCODE	36C6	776	0.000915
OPCODE	36C5	772	0.000910
OPCODE	669E	771	0.000909
OPCODE	3433	771	0.000909
OPCODE	6A20	770	0.000908
OPCODE	0806	768	0.000905
OPCODE	E24B	768	0.000905
OPCODE	10F4	768	0.000905
OPCODE	10F5	768	0.000905
OPCODE	10F6	768	0.000905
OPCODE	B3CB	768	0.000905
OPCODE	3004	768	0.000905
OPCODE	E8D2	768	0.000905
OPCODE	6018	766	0.000903
OPCODE	1211	765	0.000902
OPCODE	6108	762	0.000898
OPCODE	61E8	755	0.000890
OPCODE	3340	751	0.000885
OPCODE	1012	750	0.000884
OPCODE	486D	747	0.000881
OPCODE	67E0	741	0.000873
OPCODE	D301	736	0.000868
OPCODE	BE86	734	0.000865
OPCODE	1001	727	0.000857
OPCODE	6208	727	0.000857
OPCODE	6060	723	0.000852
OPCODE	2E28	722	0.000851
OPCODE	301A	720	0.000849
OPCODE	504C	719	0.000848
OPCODE	A122	718	0.000846
OPCODE	30FC	718	0.000846
OPCODE	8CAE	717	0.000845
OPCODE	101C	714	0.000842
OPCODE	6A14	712	0.000839
OPCODE	1481	712	0.000839
OPCODE	6F08	710	0.000837
OPCODE	1411	705	0.000831
OPCODE	2205	699	0.000824
OPCODE	5BC8	699	0.000824
OPCODE	48C6	698	0.000823
OPCODE	3604	698	0.000823
OPCODE	2042	698	0.000823
OPCODE	0810	697	0.000822
OPCODE	D269	696	0.000820
OPCODE	20A9	694	0.000818
OPCODE	2A02	693	0.000817
OPCODE	32E8	692	0.000816
OPCODE	31C0	690	0.000813
OPCODE	1005	688	0.000811
OPCODE	518F	686	0.000809
OPCODE	E0AE	684	0.000806
OPCODE	3D6A	684	0.000806
OPCODE	4686	684	0.000806
OPCODE	2254	682	0.000804
OPCODE	2149	676	0.000797
OPCODE	22C2	676	0.000797
OPCODE	1BAD	671	0.000791
OPCODE	66EC	671	0.000791
OPCODE	60D2	670	0.000790
OPCODE	6408	668	0.000787
OPCODE	E0AB	667	0.000786
OPCODE	57C1	667	0.000786
OPCODE	6D12	667	0.000786
OPCODE	CC94	667	0.000786
OPCODE	CC84	667	0.000786
OPCODE	8C81	666	0.000785
OPCODE	28C6	666	0.000785
OPCODE	C286	666	0.000785
OPCODE	C0BC	666	0.000785
OPCODE	D6EB	661	0.000779
OPCODE	3A1A	661	0.000779
OPCODE	6EAE	660	0.000778
OPCODE	7203	659	0.000777
OPCODE	C200	658	0.000776
OPCODE	BEAE	647	0.000763
OPCODE	9C6E	644	0.000759
OPCODE	E689	644	0.000759
OPCODE	222F	642	0.000757
OPCODE	4A92	641	0.000756
OPCODE	9042	637	0.000751
OPCODE	24E9	635	0.000749
OPCODE	1759	634	0.000747
OPCODE	208A	633	0.000746
OPCODE	24C8	632	0.000745
OPCODE	E14D	629	0.000741
OPCODE	66E0	627	0.000739
OPCODE	2F2A	622	0.000733
OPCODE	67DA	621	0.000732
OPCODE	93C9	619	0.000730
OPCODE	30D9	618	0.000729
OPCODE	A822	617	0.000727
OPCODE	B0A8	616	0.000726
OPCODE	C100	610	0.000719
OPCODE	C703	608	0.000717
OPCODE	CB05	608	0.000717
OPCODE	C502	608	0.000717
OPCODE	C904	608	0.000717
OPCODE	C301	608	0.000717
OPCODE	204F	607	0.000716
OPCODE	8001	606	0.000714
OPCODE	2649	604	0.000712
OPCODE	6124	603	0.000711
OPCODE	6020	599	0.000706
OPCODE	B4B1	592	0.000698
OPCODE	66EE	589	0.000694
OPCODE	6F30	588	0.000693
OPCODE	65F0	588	0.000693
OPCODE	2F80	585	0.000690
OPCODE	B291	583	0.000687
OPCODE	234C	583	0.000687
OPCODE	5888	581	0.000685
OPCODE	3F70	581	0.000685
OPCODE	2948	580	0.000684
OPCODE	5882	580	0.000684
OPCODE	2063	579	0.000683
OPCODE	3413	578	0.000681
OPCODE	605C	577	0.000680
OPCODE	2F41	576	0.000679
OPCODE	2C04	574	0.000677
OPCODE	2641	574	0.000677
OPCODE	1028	568	0.000670
OPCODE	45F1	566	0.000667
OPCODE	223C	562	0.000662
OPCODE	5A41	562	0.000662
OPCODE	397C	562	0.000662
OPCODE	2608	560	0.000660
OPCODE	41F1	559	0.000659
OPCODE	B308	557	0.000657
OPCODE	2F13	556	0.000655
OPCODE	2419	556	0.000655
OPCODE	4A51	555	0.000654
OPCODE	6A32	551	0.000650
OPCODE	BC90	550	0.000648
OPCODE	B090	549	0.000647
OPCODE	650A	547	0.000645
OPCODE	6C7E	545	0.000642
OPCODE	4A1B	544	0.000641
OPCODE	32C3	542	0.000639
OPCODE	6758	542	0.000639
OPCODE	2B41	541	0.000638
OPCODE	6206	540	0.000637
OPCODE	082D	539	0.000635
OPCODE	1B6B	539	0.000635
OPCODE	50ED	539	0.000635
OPCODE	C02D	539	0.000635
OPCODE	6118	538	0.000634
OPCODE	2088	537	0.000633
OPCODE	DE80	534	0.000629
OPCODE	222C	534	0.000629
OPCODE	E09A	532	0.000627
OPCODE	D2C4	532	0.000627
OPCODE	1802	532	0.000627
OPCODE	E181	532	0.000627
OPCODE	D241	531	0.000626
OPCODE	43EA	528	0.000622
OPCODE	926A	525	0.000619
OPCODE	E049	523	0.000617
OPCODE	6DA8	520	0.000613
OPCODE	4C2F	519	0.000612
OPCODE	D180	519	0.000612
OPCODE	6EC8	519	0.000612
OPCODE	3290	518	0.000611
OPCODE	91A9	518	0.000611
OPCODE	9444	517	0.000609
OPCODE	3785	517	0.000609
OPCODE	6F1E	517	0.000609
OPCODE	1385	517	0.000609
OPCODE	3380	516	0.000608
OPCODE	D0A8	516	0.000608
OPCODE	1813	516	0.000608
OPCODE	49E9	516	0.000608
OPCODE	6D44	515	0.000607
OPCODE	2082	514	0.000606
OPCODE	12C2	514	0.000606
OPCODE	6EBE	513	0.000605
OPCODE	D4FC	513	0.000605
OPCODE	6DB4	513	0.000605
OPCODE	6EC0	513	0.000605
OPCODE	6EA8	513	0.000605
OPCODE	5249	512	0.000604
OPCODE	6DC2	512	0.000604
OPCODE	6DB0	512	0.000604
OPCODE	08B1	511	0.000602
OPCODE	A8E4	507	0.000598
OPCODE	B887	504	0.000594
OPCODE	1419	502	0.000592
OPCODE	E9C3	502	0.000592
OPCODE	2D50	497	0.000586
OPCODE	4A59	494	0.000582
OPCODE	C22E	494	0.000582
OPCODE	67F0	493	0.000581
OPCODE	A8A7	493	0.000581
OPCODE	70F0	492	0.000580
OPCODE	0641	492	0.000580
OPCODE	74F0	491	0.000579
OPCODE	6134	490	0.000578
OPCODE	4C40	490	0.000578
OPCODE	24C3	490	0.000578
OPCODE	DE85	489	0.000576
OPCODE	6CD6	488	0.000575
OPCODE	E098	488	0.000575
OPCODE	0128	486	0.000573
OPCODE	6A2A	486	0.000573
OPCODE	2482	485	0.000572
OPCODE	2817	484	0.000571
OPCODE	3A1F	484	0.000571
OPCODE	3030	483	0.000569
OPCODE	E740	483	0.000569
OPCODE	5189	482	0.000568
OPCODE	6C76	482	0.000568
OPCODE	C882	482	0.000568
OPCODE	2489	480	0.000566
OPCODE	20CE	480	0.000566
OPCODE	B511	480	0.000566
OPCODE	8111	480	0.000566
OPCODE	D7C9	480	0.000566
OPCODE	D5C9	480	0.000566
OPCODE	2C2F	480	0.000566
OPCODE	2D42	480	0.000566
OPCODE	6ED4	480	0.000566
OPCODE	C411	480	0.000566
OPCODE	B110	480	0.000566
OPCODE	C010	480	0.000566
OPCODE	D4E9	480	0.000566
OPCODE	5889	480	0.000566
OPCODE	D4C4	480	0.000566
OPCODE	DBC8	480	0.000566
OPCODE	8510	480	0.000566
OPCODE	3633	479	0.000565
OPCODE	6B38	479	0.000565
OPCODE	B673	479	0.000565
OPCODE	4EF2	478	0.000563
OPCODE	6E48	473	0.000558
OPCODE	C2AE	473	0.000558
OPCODE	45F4	468	0.000552
OPCODE	21D0	468	0.000552
OPCODE	740E	468	0.000552
OPCODE	6116	468	0.000552
OPCODE	4A81	467	0.000551
OPCODE	92AA	464	0.000547
OPCODE	2F40	464	0.000547
OPCODE	B0A9	460	0.000542
OPCODE	2A5F	458	0.000540
OPCODE	2F0D	458	0.000540
OPCODE	34D9	457	0.000539
OPCODE	08EA	455	0.000536
OPCODE	70F8	453	0.000534
OPCODE	0C82	452	0.000533
OPCODE	2E48	451	0.000532
OPCODE	2941	450	0.000530
OPCODE	60BE	450	0.000530
OPCODE	208C	448	0.000528
OPCODE	2A4F	447	0.000527
OPCODE	D2C8	447	0.000527
OPCODE	554B	445	0.000525
OPCODE	3609	445	0.000525
OPCODE	4CD0	445	0.000525
OPCODE	93CC	445	0.000525
OPCODE	3205	445	0.000525
OPCODE	284F	445	0.000525
OPCODE	C4FC	442	0.000521
OPCODE	6142	442	0.000521
OPCODE	2C02	440	0.000519
OPCODE	2F10	440	0.000519
OPCODE	2410	438	0.000516
OPCODE	2F5F	436	0.000514
OPCODE	2208	436	0.000514
OPCODE	2868	436	0.000514
OPCODE	5387	434	0.000512
OPCODE	92C8	434	0.000512
OPCODE	C149	433	0.000510
OPCODE	D740	433	0.000510
OPCODE	5281	433	0.000510
OPCODE	5285	432	0.000509
OPCODE	3341	430	0.000507
OPCODE	B5FC	430	0.000507
OPCODE	594C	430	0.000507
OPCODE	6F6C	430	0.000507
OPCODE	280F	430	0.000507
OPCODE	BDF8	427	0.000503
OPCODE	0C70	427	0.000503
OPCODE	6A0E	426	0.000502
OPCODE	22B0	424	0.000500
OPCODE	3370	424	0.000500
OPCODE	B200	422	0.000497
OPCODE	604C	421	0.000496
OPCODE	B894	418	0.000493
OPCODE	94C0	415	0.000489
OPCODE	12D3	410	0.000483
OPCODE	D6C3	410	0.000483
OPCODE	E099	410	0.000483
OPCODE	3A01	408	0.000481
OPCODE	9443	407	0.000480
OPCODE	2E1F	406	0.000479
OPCODE	60C4	406	0.000479
OPCODE	B652	405	0.000477
OPCODE	2889	404	0.000476
OPCODE	3941	403	0.000475
OPCODE	61D8	401	0.000473
OPCODE	61E0	397	0.000468
OPCODE	92AE	396	0.000467
OPCODE	0092	396	0.000467
OPCODE	254E	396	0.000467
OPCODE	B278	394	0.000464
OPCODE	5488	393	0.000463
OPCODE	50F8	393	0.000463
OPCODE	45EA	392	0.000462
OPCODE	8401	392	0.000462
OPCODE	0202	390	0.000460
OPCODE	B490	390	0.000460
OPCODE	9252	390	0.000460
OPCODE	CEB0	390	0.000460
OPCODE	32BC	389	0.000459
OPCODE	58AC	389	0.000459
OPCODE	2275	388	0.000457
OPCODE	B078	388	0.000457
OPCODE	12E8	388	0.000457
OPCODE	204E	388	0.000457
OPCODE	5080	387	0.000456
OPCODE	42AB	386	0.000455
OPCODE	2F05	386	0.000455
OPCODE	5440	385	0.000454
OPCODE	6D1A	385	0.000454
OPCODE	D100	384	0.000453
OPCODE	2433	384	0.000453
OPCODE	DF6B	384	0.000453
OPCODE	E218	384	0.000453
OPCODE	8085	384	0.000453
OPCODE	246A	384	0.000453
OPCODE	8485	384	0.000453
OPCODE	2033	384	0.000453
OPCODE	6148	382	0.000450
OPCODE	67EA	382	0.000450
OPCODE	6768	381	0.000449
OPCODE	6318	381	0.000449
OPCODE	31E8	381	0.000449
OPCODE	B843	380	0.000448
OPCODE	AA33	377	0.000444
OPCODE	B08E	377	0.000444
OPCODE	B290	374	0.000441
OPCODE	C001	372	0.000439
OPCODE	E240	370	0.000436
OPCODE	5385	370	0.000436
OPCODE	206A	370	0.000436
OPCODE	2828	369	0.000435
OPCODE	E248	367	0.000433
OPCODE	224F	367	0.000433
OPCODE	1218	366	0.000431
OPCODE	B6AC	365	0.000430
OPCODE	67D8	364	0.000429
OPCODE	362A	364	0.000429
OPCODE	9C81	364	0.000429
OPCODE	4A06	364	0.000429
OPCODE	9282	363	0.000428
OPCODE	3E1B	362	0.000427
OPCODE	D068	362	0.000427
OPCODE	2471	361	0.000426
OPCODE	0257	360	0.000424
OPCODE	0440	360	0.000424
OPCODE	B4B8	360	0.000424
OPCODE	6048	359	0.000423
OPCODE	B9D3	358	0.000422
OPCODE	D8EE	357	0.000421
OPCODE	6D14	357	0.000421
OPCODE	92A8	357	0.000421
OPCODE	DEFC	356	0.000420
OPCODE	C243	356	0.000420
OPCODE	D0C0	355	0.000418
OPCODE	E208	355	0.000418
OPCODE	AA14	355	0.000418
OPCODE	7093	355	0.000418
OPCODE	264C	355	0.000418
OPCODE	64F0	354	0.000417
OPCODE	606C	353	0.000416
OPCODE	6F06	353	0.000416
OPCODE	C641	353	0.000416
OPCODE	6D78	353	0.000416
OPCODE	B4A8	351	0.000414
OPCODE	B300	347	0.000409
OPCODE	3151	346	0.000408
OPCODE	32D0	346	0.000408
OPCODE	A901	346	0.000408
OPCODE	2949	346	0.000408
OPCODE	50D9	346	0.000408
OPCODE	E688	344	0.000406
OPCODE	56C3	344	0.000406
OPCODE	9244	344	0.000406
OPCODE	5238	343	0.000404
OPCODE	60B2	343	0.000404
OPCODE	5DEE	343	0.000404
OPCODE	D0C3	341	0.000402
OPCODE	207C	341	0.000402
OPCODE	2D76	340	0.000401
OPCODE	4876	340	0.000401
OPCODE	9682	340	0.000401
OPCODE	EE8C	340	0.000401
OPCODE	E29A	340	0.000401
OPCODE	E298	340	0.000401
OPCODE	A8A1	340	0.000401
OPCODE	2C0A	340	0.000401
OPCODE	1744	340	0.000401
OPCODE	2C1F	340	0.000401
OPCODE	D090	340	0.000401
OPCODE	E08C	340	0.000401
OPCODE	A82A	338	0.000398
OPCODE	D5CB	337	0.000397
OPCODE	5268	337	0.000397
OPCODE	B282	337	0.000397
OPCODE	205A	336	0.000396
OPCODE	B880	336	0.000396
OPCODE	225A	336	0.000396
OPCODE	6306	333	0.000393
OPCODE	5538	332	0.000391
OPCODE	6B5E	332	0.000391
OPCODE	926C	330	0.000389
OPCODE	67E2	330	0.000389
OPCODE	4A18	330	0.000389
OPCODE	607E	329	0.000388
OPCODE	9C6D	326	0.000384
OPCODE	B095	326	0.000384
OPCODE	E9AE	326	0.000384
OPCODE	CC80	326	0.000384
OPCODE	8992	324	0.000382
OPCODE	BF84	324	0.000382
OPCODE	610E	324	0.000382
OPCODE	9286	324	0.000382
OPCODE	6EB0	323	0.000381
OPCODE	1F3C	323	0.000381
OPCODE	B483	323	0.000381
OPCODE	3740	322	0.000380
OPCODE	6DBC	322	0.000380
OPCODE	B1CA	321	0.000378
OPCODE	AA15	321	0.000378
OPCODE	65D4	319	0.000376
OPCODE	65E2	318	0.000375
OPCODE	4AB1	318	0.000375
OPCODE	6D82	318	0.000375
OPCODE	612A	317	0.000374
OPCODE	5384	316	0.000373
OPCODE	60E6	315	0.000371
OPCODE	65F6	312	0.000368
OPCODE	66D8	312	0.000368
OPCODE	3F2A	310	0.000365
OPCODE	2C38	309	0.000364
OPCODE	66F6	309	0.000364
OPCODE	5C8A	309	0.000364
OPCODE	3947	308	0.000363
OPCODE	3F38	307	0.000362
OPCODE	6516	305	0.000360
OPCODE	D7D4	304	0.000358
OPCODE	D244	304	0.000358
OPCODE	6D22	303	0.000357
OPCODE	2E12	302	0.000356
OPCODE	5489	302	0.000356
OPCODE	6128	301	0.000355
OPCODE	D8C1	300	0.000354
OPCODE	E641	300	0.000354
OPCODE	C052	300	0.000354
OPCODE	300C	300	0.000354
OPCODE	5284	300	0.000354
OPCODE	3E0B	300	0.000354
OPCODE	360D	300	0.000354
OPCODE	8047	300	0.000354
OPCODE	8046	300	0.000354
OPCODE	E04A	299	0.000352
OPCODE	A05D	298	0.000351
OPCODE	5449	298	0.000351
OPCODE	99CC	297	0.000350
OPCODE	2968	297	0.000350
OPCODE	603A	296	0.000349
OPCODE	21C0	295	0.000348
OPCODE	603E	294	0.000347
OPCODE	8042	294	0.000347
OPCODE	BC6B	293	0.000345
OPCODE	08EC	293	0.000345
OPCODE	DA86	291	0.000343
OPCODE	60DC	291	0.000343
OPCODE	C0AC	290	0.000342
OPCODE	429B	290	0.000342
OPCODE	E16F	290	0.000342
OPCODE	023C	290	0.000342
OPCODE	E282	289	0.000341
OPCODE	49F3	289	0.000341
OPCODE	6B30	289	0.000341
OPCODE	197C	287	0.000338
OPCODE	6E3E	286	0.000337
OPCODE	41EC	284	0.000335
OPCODE	E189	284	0.000335
OPCODE	3802	283	0.000334
OPCODE	229F	283	0.000334
OPCODE	426A	282	0.000332
OPCODE	61EA	281	0.000331
OPCODE	6182	281	0.000331
OPCODE	60D6	281	0.000331
OPCODE	1803	281	0.000331
OPCODE	6510	279	0.000329
OPCODE	0701	278	0.000328
OPCODE	51EE	278	0.000328
OPCODE	42AC	278	0.000328
OPCODE	B853	278	0.000328
OPCODE	6B5A	277	0.000327
OPCODE	BC85	277	0.000327
OPCODE	C0D4	277	0.000327
OPCODE	1007	276	0.000325
OPCODE	1011	276	0.000325
OPCODE	5287	275	0.000324
OPCODE	B9FC	274	0.000323
OPCODE	B7D4	273	0.000322
OPCODE	2075	272	0.000321
OPCODE	08AC	272	0.000321
OPCODE	7E01	272	0.000321
OPCODE	651C	271	0.000319
OPCODE	2F78	271	0.000319
OPCODE	3381	268	0.000316
OPCODE	514F	268	0.000316
OPCODE	E14C	267	0.000315
OPCODE	6080	266	0.000314
OPCODE	31BC	265	0.000312
OPCODE	65CE	260	0.000306
OPCODE	102F	260	0.000306
OPCODE	4A99	259	0.000305
OPCODE	5549	259	0.000305
OPCODE	3A2C	258	0.000304
OPCODE	2308	258	0.000304
OPCODE	6DAC	257	0.000303
OPCODE	6688	257	0.000303
OPCODE	668C	257	0.000303
OPCODE	A8A2	257	0.000303
OPCODE	6682	257	0.000303
OPCODE	6692	257	0.000303
OPCODE	1282	256	0.000302
OPCODE	A8B8	256	0.000302
OPCODE	6DCC	256	0.000302
OPCODE	A8D2	256	0.000302
OPCODE	A8E1	256	0.000302
OPCODE	1604	256	0.000302
OPCODE	6F2C	256	0.000302
OPCODE	6B6E	256	0.000302
OPCODE	B468	256	0.000302
OPCODE	A8B7	256	0.000302
OPCODE	60B4	255	0.000301
OPCODE	EED2	254	0.000299
OPCODE	4257	253	0.000298
OPCODE	2074	253	0.000298
OPCODE	CA47	252	0.000297
OPCODE	E968	252	0.000297
OPCODE	E148	252	0.000297
OPCODE	7620	252	0.000297
OPCODE	613C	252	0.000297
OPCODE	1F7C	252	0.000297
OPCODE	89AB	251	0.000296
OPCODE	48C5	251	0.000296
OPCODE	33A8	251	0.000296
OPCODE	3F41	251	0.000296
OPCODE	6BC8	251	0.000296
OPCODE	B432	251	0.000296
OPCODE	D242	251	0.000296
OPCODE	2390	251	0.000296
OPCODE	03C4	251	0.000296
OPCODE	5270	251	0.000296
OPCODE	4270	251	0.000296
OPCODE	08F1	251	0.000296
OPCODE	222A	248	0.000292
OPCODE	6774	248	0.000292
OPCODE	604A	246	0.000290
OPCODE	61BE	245	0.000289
OPCODE	06A1	245	0.000289
OPCODE	0651	245	0.000289
OPCODE	B02E	245	0.000289
OPCODE	5261	245	0.000289
OPCODE	C0FC	243	0.000286
OPCODE	1238	243	0.000286
OPCODE	EA88	241	0.000284
OPCODE	C1C1	241	0.000284
OPCODE	5C48	241	0.000284
OPCODE	C0AB	240	0.000283
OPCODE	6C34	240	0.000283
OPCODE	44AE	240	0.000283
OPCODE	A8E6	239	0.000282
OPCODE	A069	239	0.000282
OPCODE	343C	238	0.000281
OPCODE	0054	237	0.000279
OPCODE	E24C	237	0.000279
OPCODE	C0A8	236	0.000278
OPCODE	6B4A	236	0.000278
OPCODE	2F20	235	0.000277
OPCODE	3F5F	235	0.000277
OPCODE	47EC	235	0.000277
OPCODE	9359	234	0.000276
OPCODE	B38B	234	0.000276
OPCODE	7E1F	234	0.000276
OPCODE	9159	234	0.000276
OPCODE	56CC	234	0.000276
OPCODE	2542	234	0.000276
OPCODE	D044	233	0.000275
OPCODE	286F	233	0.000275
OPCODE	D641	233	0.000275
OPCODE	E96B	233	0.000275
OPCODE	9611	232	0.000273
OPCODE	D2A9	232	0.000273
OPCODE	C229	232	0.000273
OPCODE	93AA	232	0.000273
OPCODE	1F02	232	0.000273
OPCODE	D62A	232	0.000273
OPCODE	40C3	232	0.000273
OPCODE	D5AA	232	0.000273
OPCODE	C601	232	0.000273
OPCODE	45E9	232	0.000273
OPCODE	1541	232	0.000273
OPCODE	46C3	232	0.000273
OPCODE	1482	232	0.000273
OPCODE	E94A	232	0.000273
OPCODE	9411	232	0.000273
OPCODE	082C	231	0.000272
OPCODE	2845	230	0.000271
OPCODE	6CF6	230	0.000271
OPCODE	A06A	229	0.000270
OPCODE	6C14	229	0.000270
OPCODE	4E94	228	0.000269
OPCODE	5140	228	0.000269
OPCODE	319F	228	0.000269
OPCODE	1228	227	0.000268
OPCODE	4A44	226	0.000266
OPCODE	B0AA	226	0.000266
OPCODE	3F6F	226	0.000266
OPCODE	65D8	225	0.000265
OPCODE	D843	225	0.000265
OPCODE	558C	225	0.000265
OPCODE	6220	225	0.000265
OPCODE	B5EC	224	0.000264
OPCODE	B5C9	223	0.000263
OPCODE	D0AE	222	0.000262
OPCODE	3C00	221	0.000261
OPCODE	56C2	220	0.000259
OPCODE	5545	220	0.000259
OPCODE	60EE	220	0.000259
OPCODE	9C47	219	0.000258
OPCODE	642A	219	0.000258
OPCODE	3C12	219	0.000258
OPCODE	57EE	219	0.000258
OPCODE	3E1A	219	0.000258
OPCODE	2073	219	0.000258
OPCODE	911C	219	0.000258
OPCODE	ED49	216	0.000255
OPCODE	2A2C	216	0.000255
OPCODE	3600	215	0.000253
OPCODE	3808	214	0.000252
OPCODE	2852	214	0.000252
OPCODE	0831	214	0.000252
OPCODE	67AE	213	0.000251
OPCODE	70C6	213	0.000251
OPCODE	283C	212	0.000250
OPCODE	D082	211	0.000249
OPCODE	2548	211	0.000249
OPCODE	67D4	210	0.000248
OPCODE	1280	210	0.000248
OPCODE	B1CC	209	0.000246
OPCODE	0C78	209	0.000246
OPCODE	1E00	208	0.000245
OPCODE	EFD2	208	0.000245
OPCODE	242B	208	0.000245
OPCODE	B670	208	0.000245
OPCODE	B086	208	0.000245
OPCODE	2631	206	0.000243
OPCODE	BC2C	206	0.000243
OPCODE	A04A	206	0.000243
OPCODE	6024	206	0.000243
OPCODE	1180	206	0.000243
OPCODE	56C6	206	0.000243
OPCODE	A8D9	206	0.000243
OPCODE	20C7	205	0.000242
OPCODE	6F0E	205	0.000242
OPCODE	3044	205	0.000242
OPCODE	58AE	205	0.000242
OPCODE	6788	204	0.000240
OPCODE	277C	204	0.000240
OPCODE	1210	203	0.000239
OPCODE	A8D8	203	0.000239
OPCODE	B270	202	0.000238
OPCODE	E440	202	0.000238
OPCODE	1D68	201	0.000237
OPCODE	97D4	201	0.000237
OPCODE	2E10	200	0.000236
OPCODE	EFC2	200	0.000236
OPCODE	262F	199	0.000235
OPCODE	45E8	199	0.000235
OPCODE	2046	199	0.000235
OPCODE	C0C1	199	0.000235
OPCODE	B244	199	0.000235
OPCODE	2A54	199	0.000235
OPCODE	D043	198	0.000233
OPCODE	4A82	198	0.000233
OPCODE	E488	197	0.000232
OPCODE	47F7	197	0.000232
OPCODE	20AE	197	0.000232
OPCODE	D26D	197	0.000232
OPCODE	E54B	196	0.000231
OPCODE	4A91	196	0.000231
OPCODE	61DE	195	0.000230
OPCODE	3F14	195	0.000230
OPCODE	EA49	195	0.000230
OPCODE	234F	195	0.000230
OPCODE	0C6D	195	0.000230
OPCODE	3404	194	0.000229
OPCODE	D0F0	193	0.000228
OPCODE	D887	192	0.000226
OPCODE	C4C4	192	0.000226
OPCODE	0C6A	192	0.000226
OPCODE	80FC	192	0.000226
OPCODE	3803	190	0.000224
OPCODE	5840	190	0.000224
OPCODE	3D78	190	0.000224
OPCODE	4217	188	0.000222
OPCODE	90AE	188	0.000222
OPCODE	425B	188	0.000222
OPCODE	5480	188	0.000222
OPCODE	3005	188	0.000222
OPCODE	E848	187	0.000220
OPCODE	604E	187	0.000220
OPCODE	3F2C	186	0.000219
OPCODE	518B	185	0.000218
OPCODE	70DA	185	0.000218
OPCODE	8441	185	0.000218
OPCODE	E16E	184	0.000217
OPCODE	7810	184	0.000217
OPCODE	1944	184	0.000217
OPCODE	528C	184	0.000217
OPCODE	296E	184	0.000217
OPCODE	9C41	184	0.000217
OPCODE	1884	184	0.000217
OPCODE	DE41	184	0.000217
OPCODE	B814	184	0.000217
OPCODE	B81C	184	0.000217
OPCODE	3035	184	0.000217
OPCODE	E56C	184	0.000217
OPCODE	3407	184	0.000217
OPCODE	0C04	184	0.000217
OPCODE	A06E	183	0.000216
OPCODE	2076	183	0.000216
OPCODE	4251	182	0.000215
OPCODE	7048	182	0.000215
OPCODE	B1FC	182	0.000215
OPCODE	F200	181	0.000213
OPCODE	A889	181	0.000213
OPCODE	6D28	180	0.000212
OPCODE	4C90	180	0.000212
OPCODE	5D40	180	0.000212
OPCODE	8640	180	0.000212
OPCODE	C685	180	0.000212
OPCODE	1E01	180	0.000212
OPCODE	9BCD	179	0.000211
OPCODE	21FC	179	0.000211
OPCODE	6110	179	0.000211
OPCODE	1219	179	0.000211
OPCODE	D647	179	0.000211
OPCODE	2417	179	0.000211
OPCODE	7205	178	0.000210
OPCODE	D440	177	0.000209
OPCODE	228E	177	0.000209
OPCODE	928F	177	0.000209
OPCODE	B642	177	0.000209
OPCODE	2E49	177	0.000209
OPCODE	E281	177	0.000209
OPCODE	A03C	176	0.000207
OPCODE	55C0	176	0.000207
OPCODE	664E	175	0.000206
OPCODE	2F21	175	0.000206
OPCODE	E9A8	175	0.000206
OPCODE	3C38	175	0.000206
OPCODE	6ED6	175	0.000206
OPCODE	1834	175	0.000206
OPCODE	6750	175	0.000206
OPCODE	B08C	174	0.000205
OPCODE	31F8	174	0.000205
OPCODE	968D	174	0.000205
OPCODE	226A	174	0.000205
OPCODE	45FB	174	0.000205
OPCODE	6C24	173	0.000204
OPCODE	282C	173	0.000204
OPCODE	9644	173	0.000204
OPCODE	3800	172	0.000203
OPCODE	3940	172	0.000203
OPCODE	B9E8	171	0.000202
OPCODE	2880	171	0.000202
OPCODE	3418	171	0.000202
OPCODE	721F	171	0.000202
OPCODE	605A	171	0.000202
OPCODE	2D46	171	0.000202
OPCODE	D141	170	0.000200
OPCODE	3236	170	0.000200
OPCODE	5FE7	170	0.000200
OPCODE	B0B6	170	0.000200
OPCODE	2036	170	0.000200
OPCODE	C602	170	0.000200
OPCODE	200F	170	0.000200
OPCODE	C12E	170	0.000200
OPCODE	D368	170	0.000200
OPCODE	6A28	170	0.000200
OPCODE	9D6E	170	0.000200
OPCODE	F4F1	170	0.000200
OPCODE	862E	170	0.000200
OPCODE	62B8	168	0.000198
OPCODE	6666	168	0.000198
OPCODE	61F2	168	0.000198
OPCODE	30EE	168	0.000198
OPCODE	6DEA	167	0.000197
OPCODE	D340	167	0.000197
OPCODE	6658	167	0.000197
OPCODE	E64B	167	0.000197
OPCODE	360C	167	0.000197
OPCODE	C642	167	0.000197
OPCODE	4A17	166	0.000196
OPCODE	A884	166	0.000196
OPCODE	A8EF	166	0.000196
OPCODE	4AAA	166	0.000196
OPCODE	7C01	166	0.000196
OPCODE	D36B	165	0.000195
OPCODE	E6A8	165	0.000195
OPCODE	BE40	163	0.000192
OPCODE	66D4	163	0.000192
OPCODE	316A	162	0.000191
OPCODE	665E	162	0.000191
OPCODE	2950	162	0.000191
OPCODE	C188	161	0.000190
OPCODE	6C16	161	0.000190
OPCODE	4698	161	0.000190
OPCODE	48F8	160	0.000189
OPCODE	67E6	160	0.000189
OPCODE	2252	159	0.000187
OPCODE	6792	159	0.000187
OPCODE	B250	158	0.000186
OPCODE	2D9F	157	0.000185
OPCODE	43F2	156	0.000184
OPCODE	AA1A	156	0.000184
OPCODE	5349	155	0.000183
OPCODE	D0E8	155	0.000183
OPCODE	6304	155	0.000183
OPCODE	92FC	155	0.000183
OPCODE	11C0	155	0.000183
OPCODE	4851	154	0.000182
OPCODE	5640	154	0.000182
OPCODE	2946	154	0.000182
OPCODE	48B8	153	0.000180
OPCODE	B680	153	0.000180
OPCODE	D5C0	153	0.000180
OPCODE	AA19	153	0.000180
OPCODE	97C0	153	0.000180
OPCODE	95C0	153	0.000180
OPCODE	3211	152	0.000179
OPCODE	288C	152	0.000179
OPCODE	294C	152	0.000179
OPCODE	6B34	152	0.000179
OPCODE	6F10	152	0.000179
OPCODE	AB1D	152	0.000179
OPCODE	A862	150	0.000177
OPCODE	2740	150	0.000177
OPCODE	442E	150	0.000177
OPCODE	B089	150	0.000177
OPCODE	2404	148	0.000174
OPCODE	66FA	148	0.000174
OPCODE	67BC	148	0.000174
OPCODE	80F8	147	0.000173
OPCODE	E749	147	0.000173
OPCODE	2169	147	0.000173
OPCODE	3E06	147	0.000173
OPCODE	B2B8	147	0.000173
OPCODE	122A	147	0.000173
OPCODE	4A70	146	0.000172
OPCODE	3E2B	146	0.000172
OPCODE	F217	146	0.000172
OPCODE	46EF	146	0.000172
OPCODE	620A	145	0.000171
OPCODE	C047	145	0.000171
OPCODE	6348	145	0.000171
OPCODE	BE92	144	0.000170
OPCODE	A8E5	144	0.000170
OPCODE	A9A0	143	0.000169
OPCODE	6762	143	0.000169
OPCODE	266F	142	0.000167
OPCODE	3629	142	0.000167
OPCODE	2368	142	0.000167
OPCODE	21B8	142	0.000167
OPCODE	21ED	141	0.000166
OPCODE	215F	141	0.000166
OPCODE	612C	141	0.000166
OPCODE	3320	141	0.000166
OPCODE	2409	141	0.000166
OPCODE	E368	140	0.000165
OPCODE	6C44	140	0.000165
OPCODE	E188	140	0.000165
OPCODE	49E8	140	0.000165
OPCODE	61CC	139	0.000164
OPCODE	C0E8	139	0.000164
OPCODE	214A	139	0.000164
OPCODE	57C8	138	0.000163
OPCODE	610C	138	0.000163
OPCODE	F201	138	0.000163
OPCODE	142B	137	0.000161
OPCODE	2680	137	0.000161
OPCODE	D088	137	0.000161
OPCODE	396D	137	0.000161
OPCODE	209F	136	0.000160
OPCODE	9FC1	136	0.000160
OPCODE	90FC	136	0.000160
OPCODE	11F8	136	0.000160
OPCODE	E219	135	0.000159
OPCODE	323B	135	0.000159
OPCODE	C1C2	135	0.000159
OPCODE	6C90	135	0.000159
OPCODE	3F7C	135	0.000159
OPCODE	5681	134	0.000158
OPCODE	93AE	134	0.000158
OPCODE	0190	134	0.000158
OPCODE	2EA8	134	0.000158
OPCODE	5481	134	0.000158
OPCODE	A8EC	134	0.000158
OPCODE	E289	134	0.000158
OPCODE	E8A9	134	0.000158
OPCODE	2141	133	0.000157
OPCODE	5300	133	0.000157
OPCODE	2C28	133	0.000157
OPCODE	20B8	133	0.000157
OPCODE	5743	133	0.000157
OPCODE	3142	132	0.000156
OPCODE	47E8	132	0.000156
OPCODE	2E3C	132	0.000156
OPCODE	2435	131	0.000154
OPCODE	7218	131	0.000154
OPCODE	42AF	131	0.000154
OPCODE	ED59	131	0.000154
OPCODE	2E2B	130	0.000153
OPCODE	2E6D	130	0.000153
OPCODE	A065	130	0.000153
OPCODE	2207	130	0.000153
OPCODE	01D0	130	0.000153
OPCODE	08B0	130	0.000153
OPCODE	E400	130	0.000153
OPCODE	2385	130	0.000153
OPCODE	18C5	130	0.000153
OPCODE	1705	130	0.000153
OPCODE	DC44	130	0.000153
OPCODE	6230	130	0.000153
OPCODE	1142	130	0.000153
OPCODE	5548	130	0.000153
OPCODE	45F8	129	0.000152
OPCODE	2605	128	0.000151
OPCODE	6C46	128	0.000151
OPCODE	5D42	128	0.000151
OPCODE	26C0	128	0.000151
OPCODE	DF53	128	0.000151
OPCODE	4A2F	127	0.000150
OPCODE	6D24	127	0.000150
OPCODE	CE6E	127	0.000150
OPCODE	45F9	127	0.000150
OPCODE	3210	127	0.000150
OPCODE	E410	126	0.000149
OPCODE	284E	124	0.000146
OPCODE	2A69	124	0.000146
OPCODE	B7E8	123	0.000145
OPCODE	262B	123	0.000145
OPCODE	28AE	123	0.000145
OPCODE	2022	122	0.000144
OPCODE	2E03	122	0.000144
OPCODE	B859	122	0.000144
OPCODE	60F8	122	0.000144
OPCODE	4299	121	0.000143
OPCODE	5040	121	0.000143
OPCODE	D7E8	121	0.000143
OPCODE	A002	120	0.000141
OPCODE	5443	120	0.000141
OPCODE	A8A3	120	0.000141
OPCODE	0C98	120	0.000141
OPCODE	6072	119	0.000140
OPCODE	E859	119	0.000140
OPCODE	E959	119	0.000140
OPCODE	31DF	119	0.000140
OPCODE	2C07	119	0.000140
OPCODE	66DA	119	0.000140
OPCODE	B2AE	119	0.000140
OPCODE	2F57	119	0.000140
OPCODE	B1C0	118	0.000139
OPCODE	0CA2	117	0.000138
OPCODE	2490	117	0.000138
OPCODE	2D43	117	0.000138
OPCODE	7C7F	117	0.000138
OPCODE	A879	117	0.000138
OPCODE	50E9	116	0.000137
OPCODE	30DF	115	0.000136
OPCODE	A8E0	115	0.000136
OPCODE	20DF	115	0.000136
OPCODE	AA42	115	0.000136
OPCODE	666E	114	0.000134
OPCODE	D284	113	0.000133
OPCODE	D485	113	0.000133
OPCODE	5CC0	113	0.000133
OPCODE	1E2B	113	0.000133
OPCODE	D083	113	0.000133
OPCODE	666C	113	0.000133
OPCODE	3F57	113	0.000133
OPCODE	A96F	112	0.000132
OPCODE	D8C0	112	0.000132
OPCODE	1281	112	0.000132
OPCODE	57C5	112	0.000132
OPCODE	66E2	111	0.000131
OPCODE	6766	111	0.000131
OPCODE	56F8	111	0.000131
OPCODE	67C8	111	0.000131
OPCODE	4AA9	111	0.000131
OPCODE	222B	111	0.000131
OPCODE	652A	110	0.000130
OPCODE	4245	110	0.000130
OPCODE	A050	110	0.000130
OPCODE	D5D4	110	0.000130
OPCODE	5FC1	110	0.000130
OPCODE	142C	110	0.000130
OPCODE	C07C	110	0.000130
OPCODE	0228	109	0.000128
OPCODE	3411	109	0.000128
OPCODE	2420	109	0.000128
OPCODE	C0E9	109	0.000128
OPCODE	E988	108	0.000127
OPCODE	3601	108	0.000127
OPCODE	D290	108	0.000127
OPCODE	08A8	108	0.000127
OPCODE	A88B	108	0.000127
OPCODE	A863	108	0.000127
OPCODE	3F3A	108	0.000127
OPCODE	22E0	108	0.000127
OPCODE	2281	108	0.000127
OPCODE	4883	108	0.000127
OPCODE	D169	108	0.000127
OPCODE	B5D9	107	0.000126
OPCODE	1087	107	0.000126
OPCODE	2807	107	0.000126
OPCODE	2408	107	0.000126
OPCODE	7091	107	0.000126
OPCODE	B007	107	0.000126
OPCODE	7E03	106	0.000125
OPCODE	0001	106	0.000125
OPCODE	0878	106	0.000125
OPCODE	602E	106	0.000125
OPCODE	2A28	106	0.000125
OPCODE	609E	105	0.000124
OPCODE	217C	105	0.000124
OPCODE	2403	105	0.000124
OPCODE	60E0	105	0.000124
OPCODE	6668	105	0.000124
OPCODE	65E8	105	0.000124
OPCODE	9C85	104	0.000123
OPCODE	3801	104	0.000123
OPCODE	A90B	104	0.000123
OPCODE	381F	104	0.000123
OPCODE	2E57	104	0.000123
OPCODE	4201	103	0.000121
OPCODE	4886	103	0.000121
OPCODE	6E14	103	0.000121
OPCODE	E48E	103	0.000121
OPCODE	41F7	102	0.000120
OPCODE	536D	102	0.000120
OPCODE	526D	102	0.000120
OPCODE	216E	102	0.000120
OPCODE	A0A5	102	0.000120
OPCODE	B229	102	0.000120
OPCODE	2097	102	0.000120
OPCODE	254A	101	0.000119
OPCODE	AA64	101	0.000119
OPCODE	6032	101	0.000119
OPCODE	A89E	101	0.000119
OPCODE	6F42	101	0.000119
OPCODE	9CFC	100	0.000118
OPCODE	BE53	100	0.000118
OPCODE	6D66	100	0.000118
OPCODE	7402	100	0.000118
OPCODE	38DB	100	0.000118
OPCODE	61C4	100	0.000118
OPCODE	4DEE	100	0.000118
OPCODE	4A03	99	0.000117
OPCODE	9E86	99	0.000117
OPCODE	49EB	99	0.000117
OPCODE	3747	99	0.000117
OPCODE	9250	99	0.000117
OPCODE	DDA8	99	0.000117
OPCODE	E38F	98	0.000116
OPCODE	2F49	98	0.000116
OPCODE	A8E9	98	0.000116
OPCODE	92F8	98	0.000116
OPCODE	2A48	98	0.000116
OPCODE	6C0E	98	0.000116
OPCODE	6A3E	97	0.000114
OPCODE	6204	97	0.000114
OPCODE	906A	97	0.000114
OPCODE	5C88	97	0.000114
OPCODE	49F0	97	0.000114
OPCODE	6778	97	0.000114
OPCODE	A825	97	0.000114
OPCODE	615A	97	0.000114
OPCODE	621C	96	0.000113
OPCODE	819B	96	0.000113
OPCODE	D092	96	0.000113
OPCODE	3081	96	0.000113
OPCODE	B5C0	96	0.000113
OPCODE	6D8A	96	0.000113
OPCODE	2203	96	0.000113
OPCODE	0042	96	0.000113
OPCODE	2805	96	0.000113
OPCODE	117C	96	0.000113
OPCODE	4DFA	96	0.000113
OPCODE	4ED6	96	0.000113
OPCODE	DAFC	96	0.000113
OPCODE	6C54	96	0.000113
OPCODE	47F1	96	0.000113
OPCODE	D8E8	96	0.000113
OPCODE	7C02	95	0.000112
OPCODE	3233	95	0.000112
OPCODE	619C	95	0.000112
OPCODE	4646	95	0.000112
OPCODE	216C	95	0.000112
OPCODE	4214	95	0.000112
OPCODE	ABEB	94	0.000111
OPCODE	70F2	94	0.000111
OPCODE	6098	94	0.000111
OPCODE	80C1	94	0.000111
OPCODE	E0AD	94	0.000111
OPCODE	A8DD	94	0.000111
OPCODE	66CC	93	0.000110
OPCODE	5282	93	0.000110
OPCODE	614A	93	0.000110
OPCODE	2A6C	93	0.000110
OPCODE	2350	93	0.000110
OPCODE	2F6F	93	0.000110
OPCODE	4259	93	0.000110
OPCODE	62F2	93	0.000110
OPCODE	CA94	93	0.000110
OPCODE	B485	92	0.000108
OPCODE	2458	92	0.000108
OPCODE	6136	92	0.000108
OPCODE	611C	92	0.000108
OPCODE	4268	92	0.000108
OPCODE	BC6C	92	0.000108
OPCODE	E0AF	91	0.000107
OPCODE	F21F	91	0.000107
OPCODE	4480	91	0.000107
OPCODE	3945	91	0.000107
OPCODE	61E4	91	0.000107
OPCODE	2057	90	0.000106
OPCODE	B659	90	0.000106
OPCODE	9642	90	0.000106
OPCODE	C0B4	90	0.000106
OPCODE	B02C	90	0.000106
OPCODE	B259	90	0.000106
OPCODE	B459	90	0.000106
OPCODE	1C38	89	0.000105
OPCODE	2942	89	0.000105
OPCODE	225E	89	0.000105
OPCODE	242A	89	0.000105
OPCODE	2E11	89	0.000105
OPCODE	5200	89	0.000105
OPCODE	9E91	89	0.000105
OPCODE	6354	89	0.000105
OPCODE	2071	89	0.000105
OPCODE	623E	89	0.000105
OPCODE	3280	89	0.000105
OPCODE	2652	89	0.000105
OPCODE	9489	89	0.000105
OPCODE	D488	89	0.000105
OPCODE	80EC	89	0.000105
OPCODE	635A	89	0.000105
OPCODE	95D4	89	0.000105
OPCODE	21C7	89	0.000105
OPCODE	70CD	89	0.000105
OPCODE	2D09	89	0.000105
OPCODE	B1C1	89	0.000105
OPCODE	122C	89	0.000105
OPCODE	0C34	88	0.000104
OPCODE	EDC6	88	0.000104
OPCODE	2035	88	0.000104
OPCODE	6B3E	88	0.000104
OPCODE	EFC1	88	0.000104
OPCODE	632A	88	0.000104
OPCODE	2030	88	0.000104
OPCODE	6698	88	0.000104
OPCODE	6D40	88	0.000104
OPCODE	D3AE	88	0.000104
OPCODE	802B	87	0.000103
OPCODE	A80A	87	0.000103
OPCODE	E140	87	0.000103
OPCODE	E509	86	0.000101
OPCODE	E388	86	0.000101
OPCODE	E7A9	86	0.000101
OPCODE	1082	86	0.000101
OPCODE	BA6B	86	0.000101
OPCODE	61D4	86	0.000101
OPCODE	5589	86	0.000101
OPCODE	02AE	85	0.000100
OPCODE	6F82	85	0.000100
OPCODE	3C2C	85	0.000100
OPCODE	6C5A	85	0.000100
OPCODE	BC84	85	0.000100
OPCODE	B446	85	0.000100
OPCODE	E681	85	0.000100
OPCODE	6448	85	0.000100
OPCODE	6444	85	0.000100
OPCODE	3812	85	0.000100
OPCODE	84F8	85	0.000100
OPCODE	9285	85	0.000100
OPCODE	6F18	85	0.000100
OPCODE	2217	84	0.000099
OPCODE	2683	84	0.000099
OPCODE	3742	84	0.000099
OPCODE	B9C9	84	0.000099
OPCODE	6B02	84	0.000099
OPCODE	CA81	84	0.000099
OPCODE	7A1F	84	0.000099
OPCODE	2853	83	0.000098
OPCODE	E08A	83	0.000098
OPCODE	7021	83	0.000098
OPCODE	9C42	83	0.000098
OPCODE	5001	83	0.000098
OPCODE	E18E	83	0.000098
OPCODE	D2C2	83	0.000098
OPCODE	6654	83	0.000098
OPCODE	A8DC	82	0.000097
OPCODE	2612	82	0.000097
OPCODE	8328	82	0.000097
OPCODE	B1E9	82	0.000097
OPCODE	D047	82	0.000097
OPCODE	1C03	82	0.000097
OPCODE	7208	82	0.000097
OPCODE	6C0C	82	0.000097
OPCODE	2E2C	81	0.000095
OPCODE	0894	81	0.000095
OPCODE	5987	81	0.000095
OPCODE	3169	81	0.000095
OPCODE	9269	81	0.000095
OPCODE	A816	81	0.000095
OPCODE	246B	81	0.000095
OPCODE	E341	81	0.000095
OPCODE	3031	80	0.000094
OPCODE	88EA	80	0.000094
OPCODE	C6C6	80	0.000094
OPCODE	0C83	80	0.000094
OPCODE	86EA	80	0.000094
OPCODE	720E	80	0.000094
OPCODE	720A	80	0.000094
OPCODE	84EA	80	0.000094
OPCODE	A87A	80	0.000094
OPCODE	D651	80	0.000094
OPCODE	2A13	80	0.000094
OPCODE	D687	80	0.000094
OPCODE	7C1F	80	0.000094
OPCODE	CCEA	80	0.000094
OPCODE	2C09	80	0.000094
OPCODE	102A	80	0.000094
OPCODE	90AB	80	0.000094
OPCODE	C4EA	80	0.000094
OPCODE	46C1	80	0.000094
OPCODE	0804	80	0.000094
OPCODE	0728	80	0.000094
OPCODE	40C1	80	0.000094
OPCODE	8CFC	80	0.000094
OPCODE	A853	79	0.000093
OPCODE	2150	79	0.000093
OPCODE	6B18	79	0.000093
OPCODE	6152	79	0.000093
OPCODE	B687	78	0.000092
OPCODE	9088	78	0.000092
OPCODE	2A49	78	0.000092
OPCODE	20C2	78	0.000092
OPCODE	3A10	77	0.000091
OPCODE	9083	77	0.000091
OPCODE	D7C2	77	0.000091
OPCODE	B268	77	0.000091
OPCODE	3768	77	0.000091
OPCODE	956E	77	0.000091
OPCODE	3829	76	0.000090
OPCODE	F227	76	0.000090
OPCODE	2958	76	0.000090
OPCODE	667C	76	0.000090
OPCODE	53EE	76	0.000090
OPCODE	A855	76	0.000090
OPCODE	2F6D	76	0.000090
OPCODE	2A2B	76	0.000090
OPCODE	E480	76	0.000090
OPCODE	6064	76	0.000090
OPCODE	C18C	75	0.000088
OPCODE	6046	75	0.000088
OPCODE	1EB8	75	0.000088
OPCODE	296C	75	0.000088
OPCODE	A8A8	75	0.000088
OPCODE	10FC	74	0.000087
OPCODE	C068	74	0.000087
OPCODE	162C	74	0.000087
OPCODE	A8A9	73	0.000086
OPCODE	3F33	73	0.000086
OPCODE	6B76	73	0.000086
OPCODE	B844	73	0.000086
OPCODE	2B78	73	0.000086
OPCODE	6E02	73	0.000086
OPCODE	6DC0	73	0.000086
OPCODE	0BC3	72	0.000085
OPCODE	6FDC	72	0.000085
OPCODE	6502	72	0.000085
OPCODE	C22B	71	0.000084
OPCODE	98FC	71	0.000084
OPCODE	220A	71	0.000084
OPCODE	1202	71	0.000084
OPCODE	DEC1	70	0.000083
OPCODE	3F2D	70	0.000083
OPCODE	613A	70	0.000083
OPCODE	E781	70	0.000083
OPCODE	30C6	70	0.000083
OPCODE	3405	70	0.000083
OPCODE	196B	70	0.000083
OPCODE	67E4	70	0.000083
OPCODE	0C2C	70	0.000083
OPCODE	3E2D	70	0.000083
OPCODE	B06A	70	0.000083
OPCODE	909B	69	0.000081
OPCODE	00AC	69	0.000081
OPCODE	5EC0	69	0.000081
OPCODE	1B7C	69	0.000081
OPCODE	176C	69	0.000081
OPCODE	5D8F	69	0.000081
OPCODE	48EE	69	0.000081
OPCODE	1F2E	69	0.000081
OPCODE	4A73	69	0.000081
OPCODE	6F26	69	0.000081
OPCODE	4252	69	0.000081
OPCODE	0CAC	68	0.000080
OPCODE	5201	68	0.000080
OPCODE	4482	68	0.000080
OPCODE	6B08	68	0.000080
OPCODE	66B6	68	0.000080
OPCODE	66DC	68	0.000080
OPCODE	2151	68	0.000080
OPCODE	DE86	68	0.000080
OPCODE	3E2C	68	0.000080
OPCODE	9201	68	0.000080
OPCODE	5541	68	0.000080
OPCODE	A9E0	68	0.000080
OPCODE	31B2	68	0.000080
OPCODE	2352	67	0.000079
OPCODE	B043	67	0.000079
OPCODE	B028	67	0.000079
OPCODE	2803	67	0.000079
OPCODE	A87B	67	0.000079
OPCODE	653A	67	0.000079
OPCODE	5148	67	0.000079
OPCODE	2898	66	0.000078
OPCODE	A8DF	66	0.000078
OPCODE	7207	66	0.000078
OPCODE	D957	66	0.000078
OPCODE	6E18	65	0.000077
OPCODE	BE82	65	0.000077
OPCODE	61AE	65	0.000077
OPCODE	61A2	65	0.000077
OPCODE	9484	65	0.000077
OPCODE	7280	65	0.000077
OPCODE	2A50	65	0.000077
OPCODE	2943	65	0.000077
OPCODE	C34A	65	0.000077
OPCODE	5288	65	0.000077
OPCODE	2B4F	65	0.000077
OPCODE	6572	65	0.000077
OPCODE	0302	65	0.000077
OPCODE	D084	65	0.000077
OPCODE	6E1A	65	0.000077
OPCODE	2A31	65	0.000077
OPCODE	6FD8	65	0.000077
OPCODE	70CE	65	0.000077
OPCODE	2D73	65	0.000077
OPCODE	1768	65	0.000077
OPCODE	A089	65	0.000077
OPCODE	60EC	65	0.000077
OPCODE	D001	65	0.000077
OPCODE	C22D	65	0.000077
OPCODE	220C	64	0.000075
OPCODE	2B4B	64	0.000075
OPCODE	536B	64	0.000075
OPCODE	D06F	64	0.000075
OPCODE	6050	64	0.000075
OPCODE	2157	64	0.000075
OPCODE	526B	64	0.000075
OPCODE	5210	64	0.000075
OPCODE	48D0	64	0.000075
OPCODE	265E	64	0.000075
OPCODE	E18D	64	0.000075
OPCODE	5C44	64	0.000075
OPCODE	DA85	64	0.000075
OPCODE	6DF8	64	0.000075
OPCODE	2454	64	0.000075
OPCODE	2D0B	64	0.000075
OPCODE	82C0	63	0.000074
OPCODE	E8A1	63	0.000074
OPCODE	652C	63	0.000074
OPCODE	2873	63	0.000074
OPCODE	21CE	63	0.000074
OPCODE	0101	63	0.000074
OPCODE	D5A8	63	0.000074
OPCODE	95A8	63	0.000074
OPCODE	6E1E	63	0.000074
OPCODE	2320	63	0.000074
OPCODE	296D	63	0.000074
OPCODE	3978	63	0.000074
OPCODE	D6E8	63	0.000074
OPCODE	ED40	63	0.000074
OPCODE	2611	63	0.000074
OPCODE	A198	63	0.000074
OPCODE	0881	62	0.000073
OPCODE	7614	62	0.000073
OPCODE	C899	62	0.000073
OPCODE	E782	62	0.000073
OPCODE	297C	62	0.000073
OPCODE	6034	62	0.000073
OPCODE	D0EE	62	0.000073
OPCODE	3A2A	62	0.000073
OPCODE	72FE	62	0.000073
OPCODE	20CC	62	0.000073
OPCODE	70ED	61	0.000072
OPCODE	9A44	61	0.000072
OPCODE	5445	61	0.000072
OPCODE	D1A8	61	0.000072
OPCODE	E780	61	0.000072
OPCODE	AA27	61	0.000072
OPCODE	2B6B	61	0.000072
OPCODE	2B44	61	0.000072
OPCODE	34D1	61	0.000072
OPCODE	214D	61	0.000072
OPCODE	2B45	61	0.000072
OPCODE	56C1	61	0.000072
OPCODE	31EC	61	0.000072
OPCODE	26AC	60	0.000071
OPCODE	3C10	60	0.000071
OPCODE	9478	60	0.000071
OPCODE	216F	60	0.000071
OPCODE	C589	60	0.000071
OPCODE	BA43	60	0.000071
OPCODE	446F	60	0.000071
OPCODE	62F0	60	0.000071
OPCODE	3838	60	0.000071
OPCODE	48C4	60	0.000071
OPCODE	9078	60	0.000071
OPCODE	B7EC	60	0.000071
OPCODE	F22E	60	0.000071
OPCODE	BEA8	60	0.000071
OPCODE	022A	59	0.000070
OPCODE	49F8	59	0.000070
OPCODE	425C	59	0.000070
OPCODE	3214	59	0.000070
OPCODE	1205	59	0.000070
OPCODE	2870	58	0.000068
OPCODE	D484	58	0.000068
OPCODE	A8DE	58	0.000068
OPCODE	D157	58	0.000068
OPCODE	4229	58	0.000068
OPCODE	3F19	58	0.000068
OPCODE	A88C	57	0.000067
OPCODE	4C46	57	0.000067
OPCODE	AA34	57	0.000067
OPCODE	E549	57	0.000067
OPCODE	204D	57	0.000067
OPCODE	9259	57	0.000067
OPCODE	9258	57	0.000067
OPCODE	9058	57	0.000067
OPCODE	08C7	57	0.000067
OPCODE	97CB	57	0.000067
OPCODE	7A01	56	0.000066
OPCODE	3213	56	0.000066
OPCODE	7013	56	0.000066
OPCODE	8242	56	0.000066
OPCODE	DFAC	56	0.000066
OPCODE	0328	56	0.000066
OPCODE	5EC1	56	0.000066
OPCODE	536F	56	0.000066
OPCODE	D1AC	56	0.000066
OPCODE	DE93	56	0.000066
OPCODE	5453	56	0.000066
OPCODE	3D69	56	0.000066
OPCODE	5441	55	0.000065
OPCODE	21C1	55	0.000065
OPCODE	5980	55	0.000065
OPCODE	3F2F	55	0.000065
OPCODE	D3C4	55	0.000065
OPCODE	5258	55	0.000065
OPCODE	9268	55	0.000065
OPCODE	C6C1	55	0.000065
OPCODE	30EA	55	0.000065
OPCODE	0683	55	0.000065
OPCODE	D150	55	0.000065
OPCODE	CAEE	55	0.000065
OPCODE	0450	55	0.000065
OPCODE	EA4D	55	0.000065
OPCODE	D681	55	0.000065
OPCODE	5358	55	0.000065
OPCODE	20EA	55	0.000065
OPCODE	3207	55	0.000065
OPCODE	30AA	55	0.000065
OPCODE	A722	55	0.000065
OPCODE	61A6	55	0.000065
OPCODE	E58B	55	0.000065
OPCODE	E8C1	54	0.000064
OPCODE	0C2A	54	0.000064
OPCODE	62F4	54	0.000064
OPCODE	47EA	54	0.000064
OPCODE	D490	54	0.000064
OPCODE	0441	54	0.000064
OPCODE	7023	54	0.000064
OPCODE	A8E3	54	0.000064
OPCODE	A9EE	54	0.000064
OPCODE	A08F	54	0.000064
OPCODE	5FC0	54	0.000064
OPCODE	66C8	54	0.000064
OPCODE	ABC9	53	0.000062
OPCODE	2874	53	0.000062
OPCODE	7078	53	0.000062
OPCODE	60F6	53	0.000062
OPCODE	8193	53	0.000062
OPCODE	6C26	53	0.000062
OPCODE	6188	53	0.000062
OPCODE	7206	53	0.000062
OPCODE	C14A	53	0.000062
OPCODE	2328	52	0.000061
OPCODE	5985	52	0.000061
OPCODE	5289	52	0.000061
OPCODE	90AC	52	0.000061
OPCODE	BC47	52	0.000061
OPCODE	BAAC	52	0.000061
OPCODE	61B8	52	0.000061
OPCODE	5887	51	0.000060
OPCODE	D095	51	0.000060
OPCODE	3C3C	51	0.000060
OPCODE	4BEB	51	0.000060
OPCODE	CC81	51	0.000060
OPCODE	61F6	51	0.000060
OPCODE	E8A0	51	0.000060
OPCODE	6052	51	0.000060
OPCODE	D06C	51	0.000060
OPCODE	3F10	51	0.000060
OPCODE	2E05	51	0.000060
OPCODE	D4C2	50	0.000059
OPCODE	3082	50	0.000059
OPCODE	C202	50	0.000059
OPCODE	B4AB	50	0.000059
OPCODE	EBC0	49	0.000058
OPCODE	E508	49	0.000058
OPCODE	41FB	49	0.000058
OPCODE	A869	49	0.000058
OPCODE	D168	49	0.000058
OPCODE	E158	49	0.000058
OPCODE	0C06	48	0.000057
OPCODE	D16F	48	0.000057
OPCODE	6FF2	48	0.000057
OPCODE	2C1B	48	0.000057
OPCODE	30D2	48	0.000057
OPCODE	5547	48	0.000057
OPCODE	22C3	48	0.000057
OPCODE	2606	48	0.000057
OPCODE	D28C	48	0.000057
OPCODE	4EB4	48	0.000057
OPCODE	F23C	48	0.000057
OPCODE	261B	48	0.000057
OPCODE	240A	48	0.000057
OPCODE	40C2	48	0.000057
OPCODE	E9EE	48	0.000057
OPCODE	6062	48	0.000057
OPCODE	D246	48	0.000057
OPCODE	522A	48	0.000057
OPCODE	46C2	48	0.000057
OPCODE	281B	48	0.000057
OPCODE	6FEA	48	0.000057
OPCODE	2A1B	48	0.000057
OPCODE	31C6	48	0.000057
OPCODE	6652	48	0.000057
OPCODE	214B	48	0.000057
OPCODE	382C	47	0.000055
OPCODE	9E81	47	0.000055
OPCODE	966E	47	0.000055
OPCODE	BE90	47	0.000055
OPCODE	631E	47	0.000055
OPCODE	6FDE	47	0.000055
OPCODE	6214	46	0.000054
OPCODE	7213	46	0.000054
OPCODE	A89D	46	0.000054
OPCODE	A89B	46	0.000054
OPCODE	12C1	46	0.000054
OPCODE	C348	45	0.000053
OPCODE	B644	45	0.000053
OPCODE	D057	45	0.000053
OPCODE	BE41	45	0.000053
OPCODE	A87C	45	0.000053
OPCODE	0643	45	0.000053
OPCODE	ABCA	45	0.000053
OPCODE	EFA8	45	0.000053
OPCODE	99C6	45	0.000053
OPCODE	2144	45	0.000053
OPCODE	5847	45	0.000053
OPCODE	4A88	45	0.000053
OPCODE	B7ED	45	0.000053
OPCODE	223A	45	0.000053
OPCODE	DE6E	45	0.000053
OPCODE	2A10	45	0.000053
OPCODE	B653	45	0.000053
OPCODE	5C43	45	0.000053
OPCODE	A9EF	45	0.000053
OPCODE	674E	44	0.000052
OPCODE	BEAB	44	0.000052
OPCODE	611A	44	0.000052
OPCODE	B053	44	0.000052
OPCODE	BE80	44	0.000052
OPCODE	50E8	44	0.000052
OPCODE	E1AB	44	0.000052
OPCODE	0041	44	0.000052
OPCODE	A1AD	44	0.000052
OPCODE	E95C	44	0.000052
OPCODE	F236	44	0.000052
OPCODE	986E	44	0.000052
OPCODE	216B	44	0.000052
OPCODE	3F30	44	0.000052
OPCODE	A22E	43	0.000051
OPCODE	A868	43	0.000051
OPCODE	3A2B	43	0.000051
OPCODE	3E80	43	0.000051
OPCODE	524B	43	0.000051
OPCODE	2886	43	0.000051
OPCODE	4A9F	42	0.000050
OPCODE	2887	42	0.000050
OPCODE	4291	42	0.000050
OPCODE	9FAC	42	0.000050
OPCODE	677A	42	0.000050
OPCODE	A998	42	0.000050
OPCODE	2D53	42	0.000050
OPCODE	3438	42	0.000050
OPCODE	6044	42	0.000050
OPCODE	1297	41	0.000048
OPCODE	A830	41	0.000048
OPCODE	3435	41	0.000048
OPCODE	4228	41	0.000048
OPCODE	2F31	41	0.000048
OPCODE	266A	41	0.000048
OPCODE	A01B	41	0.000048
OPCODE	B286	41	0.000048
OPCODE	611E	41	0.000048
OPCODE	3D6B	41	0.000048
OPCODE	7025	41	0.000048
OPCODE	D26A	41	0.000048
OPCODE	DE44	41	0.000048
OPCODE	C041	40	0.000047
OPCODE	702E	40	0.000047
OPCODE	0C11	40	0.000047
OPCODE	2F68	40	0.000047
OPCODE	342C	40	0.000047
OPCODE	5905	40	0.000047
OPCODE	70FD	40	0.000047
OPCODE	6536	40	0.000047
OPCODE	6E82	40	0.000047
OPCODE	2842	40	0.000047
OPCODE	2890	40	0.000047
OPCODE	690E	40	0.000047
OPCODE	5C41	40	0.000047
OPCODE	2142	40	0.000047
OPCODE	7005	40	0.000047
OPCODE	3D6F	39	0.000046
OPCODE	B640	39	0.000046
OPCODE	522D	39	0.000046
OPCODE	532D	39	0.000046
OPCODE	6172	39	0.000046
OPCODE	0CB8	39	0.000046
OPCODE	4857	39	0.000046
OPCODE	31C2	39	0.000046
OPCODE	5CEE	39	0.000046
OPCODE	5940	39	0.000046
OPCODE	4292	39	0.000046
OPCODE	6D1E	39	0.000046
OPCODE	422A	39	0.000046
OPCODE	4CD8	39	0.000046
OPCODE	36A8	38	0.000045
OPCODE	1A30	38	0.000045
OPCODE	376D	38	0.000045
OPCODE	6056	38	0.000045
OPCODE	E840	38	0.000045
OPCODE	3087	38	0.000045
OPCODE	36AD	38	0.000045
OPCODE	B8A9	38	0.000045
OPCODE	280B	38	0.000045
OPCODE	95AE	38	0.000045
OPCODE	B891	38	0.000045
OPCODE	242C	38	0.000045
OPCODE	3D45	38	0.000045
OPCODE	2A68	38	0.000045
OPCODE	7024	38	0.000045
OPCODE	3944	38	0.000045
OPCODE	AA2C	38	0.000045
OPCODE	62DE	37	0.000044
OPCODE	EFAE	37	0.000044
OPCODE	3C28	37	0.000044
OPCODE	4640	37	0.000044
OPCODE	2E01	37	0.000044
OPCODE	2656	37	0.000044
OPCODE	222D	37	0.000044
OPCODE	5217	37	0.000044
OPCODE	6D0C	37	0.000044
OPCODE	2282	37	0.000044
OPCODE	E2AA	36	0.000042
OPCODE	0214	36	0.000042
OPCODE	3807	36	0.000042
OPCODE	6B3C	36	0.000042
OPCODE	3E28	36	0.000042
OPCODE	2838	36	0.000042
OPCODE	D2F1	36	0.000042
OPCODE	1F28	36	0.000042
OPCODE	2811	36	0.000042
OPCODE	614E	36	0.000042
OPCODE	0C54	36	0.000042
OPCODE	B882	36	0.000042
OPCODE	395F	36	0.000042
OPCODE	B401	36	0.000042
OPCODE	421C	36	0.000042
OPCODE	C0C3	36	0.000042
OPCODE	307C	35	0.000041
OPCODE	B9EB	35	0.000041
OPCODE	0287	35	0.000041
OPCODE	2540	35	0.000041
OPCODE	BA84	35	0.000041
OPCODE	6BF0	35	0.000041
OPCODE	9EFC	35	0.000041
OPCODE	426B	35	0.000041
OPCODE	C093	35	0.000041
OPCODE	C090	35	0.000041
OPCODE	74FE	35	0.000041
OPCODE	0181	35	0.000041
OPCODE	A93A	35	0.000041
OPCODE	C0AE	35	0.000041
OPCODE	2C01	35	0.000041
OPCODE	6B5C	35	0.000041
OPCODE	A81E	35	0.000041
OPCODE	2970	34	0.000040
OPCODE	2809	34	0.000040
OPCODE	6D3E	34	0.000040
OPCODE	D2D0	34	0.000040
OPCODE	6656	34	0.000040
OPCODE	66BC	34	0.000040
OPCODE	966B	34	0.000040
OPCODE	257C	34	0.000040
OPCODE	3009	34	0.000040
OPCODE	7216	34	0.000040
OPCODE	D9D0	34	0.000040
OPCODE	EFA9	34	0.000040
OPCODE	E411	34	0.000040
OPCODE	E319	34	0.000040
OPCODE	3541	34	0.000040
OPCODE	E709	34	0.000040
OPCODE	F210	34	0.000040
OPCODE	E789	33	0.000039
OPCODE	3F78	33	0.000039
OPCODE	6FE2	33	0.000039
OPCODE	6E32	33	0.000039
OPCODE	9048	33	0.000039
OPCODE	2F18	33	0.000039
OPCODE	CBC7	33	0.000039
OPCODE	D06B	33	0.000039
OPCODE	9283	33	0.000039
OPCODE	A817	33	0.000039
OPCODE	E34D	33	0.000039
OPCODE	3942	33	0.000039
OPCODE	2017	33	0.000039
OPCODE	DBE8	32	0.000038
OPCODE	A887	32	0.000038
OPCODE	82FC	32	0.000038
OPCODE	3E36	32	0.000038
OPCODE	99AC	32	0.000038
OPCODE	1A03	32	0.000038
OPCODE	3B46	32	0.000038
OPCODE	51E8	32	0.000038
OPCODE	241A	32	0.000038
OPCODE	6508	32	0.000038
OPCODE	66B0	32	0.000038
OPCODE	2893	32	0.000038
OPCODE	B09F	32	0.000038
OPCODE	0682	32	0.000038
OPCODE	805F	32	0.000038
OPCODE	6068	32	0.000038
OPCODE	316E	32	0.000038
OPCODE	2549	32	0.000038
OPCODE	7044	32	0.000038
OPCODE	B5F1	32	0.000038
OPCODE	BA59	32	0.000038
OPCODE	C5EC	32	0.000038
OPCODE	1428	31	0.000037
OPCODE	60E4	31	0.000037
OPCODE	43D2	31	0.000037
OPCODE	3F2B	31	0.000037
OPCODE	026B	31	0.000037
OPCODE	61A8	31	0.000037
OPCODE	E543	31	0.000037
OPCODE	20B0	31	0.000037
OPCODE	115F	31	0.000037
OPCODE	702F	31	0.000037
OPCODE	7028	31	0.000037
OPCODE	90BA	31	0.000037
OPCODE	218A	31	0.000037
OPCODE	1618	31	0.000037
OPCODE	E80A	31	0.000037
OPCODE	E2BA	31	0.000037
OPCODE	1438	31	0.000037
OPCODE	816A	31	0.000037
OPCODE	EA58	31	0.000037
OPCODE	EF8E	31	0.000037
OPCODE	7A10	31	0.000037
OPCODE	2607	31	0.000037
OPCODE	C0FA	31	0.000037
OPCODE	544A	30	0.000035
OPCODE	7228	30	0.000035
OPCODE	6E20	30	0.000035
OPCODE	9A84	30	0.000035
OPCODE	91C2	30	0.000035
OPCODE	C8C2	30	0.000035
OPCODE	DBC5	30	0.000035
OPCODE	9C40	30	0.000035
OPCODE	5486	30	0.000035
OPCODE	B645	30	0.000035
OPCODE	6CC2	30	0.000035
OPCODE	3078	30	0.000035
OPCODE	B245	30	0.000035
OPCODE	EF6E	30	0.000035
OPCODE	F327	30	0.000035
OPCODE	BE6B	30	0.000035
OPCODE	E685	30	0.000035
OPCODE	3744	30	0.000035
OPCODE	2C45	30	0.000035
OPCODE	16DC	30	0.000035
OPCODE	276C	30	0.000035
OPCODE	6B4E	30	0.000035
OPCODE	700B	30	0.000035
OPCODE	E78A	30	0.000035
OPCODE	EA8D	30	0.000035
OPCODE	218C	30	0.000035
OPCODE	294A	30	0.000035
OPCODE	D645	30	0.000035
OPCODE	4DEC	30	0.000035
OPCODE	1E30	30	0.000035
OPCODE	28A8	30	0.000035
OPCODE	D4F2	30	0.000035
OPCODE	EEAA	30	0.000035
OPCODE	D551	30	0.000035
OPCODE	32C5	30	0.000035
OPCODE	32C2	30	0.000035
OPCODE	3285	30	0.000035
OPCODE	6132	30	0.000035
OPCODE	3256	30	0.000035
OPCODE	7E08	30	0.000035
OPCODE	1091	30	0.000035
OPCODE	EEAD	30	0.000035
OPCODE	B7C0	30	0.000035
OPCODE	966C	29	0.000034
OPCODE	D26B	29	0.000034
OPCODE	536A	29	0.000034
OPCODE	A05A	29	0.000034
OPCODE	7808	29	0.000034
OPCODE	006B	29	0.000034
OPCODE	E243	29	0.000034
OPCODE	A899	29	0.000034
OPCODE	64CA	29	0.000034
OPCODE	D0AA	29	0.000034
OPCODE	0259	29	0.000034
OPCODE	6AC0	29	0.000034
OPCODE	116F	29	0.000034
OPCODE	3354	29	0.000034
OPCODE	3298	29	0.000034
OPCODE	D66C	29	0.000034
OPCODE	4BED	29	0.000034
OPCODE	A898	29	0.000034
OPCODE	B26C	28	0.000033
OPCODE	B543	28	0.000033
OPCODE	41F4	28	0.000033
OPCODE	263C	28	0.000033
OPCODE	6066	28	0.000033
OPCODE	6D38	28	0.000033
OPCODE	6D54	28	0.000033
OPCODE	47F8	28	0.000033
OPCODE	A870	28	0.000033
OPCODE	615C	28	0.000033
OPCODE	52AB	28	0.000033
OPCODE	A975	28	0.000033
OPCODE	7011	28	0.000033
OPCODE	7018	28	0.000033
OPCODE	A126	28	0.000033
OPCODE	A803	28	0.000033
OPCODE	A9EB	28	0.000033
OPCODE	A8A6	28	0.000033
OPCODE	45EB	28	0.000033
OPCODE	43F4	28	0.000033
OPCODE	508C	27	0.000032
OPCODE	5989	27	0.000032
OPCODE	60CA	27	0.000032
OPCODE	6312	27	0.000032
OPCODE	2206	27	0.000032
OPCODE	DBEE	27	0.000032
OPCODE	675E	27	0.000032
OPCODE	2219	27	0.000032
OPCODE	22BC	27	0.000032
OPCODE	D7EE	27	0.000032
OPCODE	6A76	27	0.000032
OPCODE	EAD0	27	0.000032
OPCODE	2D57	27	0.000032
OPCODE	12BC	27	0.000032
OPCODE	43BC	26	0.000031
OPCODE	802E	26	0.000031
OPCODE	7ECE	26	0.000031
OPCODE	3946	26	0.000031
OPCODE	67A6	26	0.000031
OPCODE	6782	26	0.000031
OPCODE	01C1	26	0.000031
OPCODE	2628	26	0.000031
OPCODE	4CF8	26	0.000031
OPCODE	0C10	26	0.000031
OPCODE	70FB	26	0.000031
OPCODE	A522	26	0.000031
OPCODE	724E	26	0.000031
OPCODE	6F22	26	0.000031
OPCODE	2D69	26	0.000031
OPCODE	B441	25	0.000029
OPCODE	522C	25	0.000029
OPCODE	41D4	25	0.000029
OPCODE	B6FC	25	0.000029
OPCODE	6082	25	0.000029
OPCODE	9DC0	25	0.000029
OPCODE	301E	25	0.000029
OPCODE	30BC	25	0.000029
OPCODE	B0AF	25	0.000029
OPCODE	DDC0	25	0.000029
OPCODE	2688	25	0.000029
OPCODE	4A56	25	0.000029
OPCODE	BC87	25	0.000029
OPCODE	A939	25	0.000029
OPCODE	282B	25	0.000029
OPCODE	2A75	25	0.000029
OPCODE	294E	25	0.000029
OPCODE	3D00	25	0.000029
OPCODE	43D4	25	0.000029
OPCODE	C34D	25	0.000029
OPCODE	E249	25	0.000029
OPCODE	E058	24	0.000028
OPCODE	DE87	24	0.000028
OPCODE	6310	24	0.000028
OPCODE	A809	24	0.000028
OPCODE	8194	24	0.000028
OPCODE	3631	24	0.000028
OPCODE	A892	24	0.000028
OPCODE	3C04	24	0.000028
OPCODE	A888	24	0.000028
OPCODE	66CE	24	0.000028
OPCODE	D6EE	24	0.000028
OPCODE	A949	24	0.000028
OPCODE	D642	24	0.000028
OPCODE	A994	24	0.000028
OPCODE	7A04	24	0.000028
OPCODE	0C2F	24	0.000028
OPCODE	32E9	24	0.000028
OPCODE	121A	24	0.000028
OPCODE	C543	24	0.000028
OPCODE	70EE	24	0.000028
OPCODE	5307	24	0.000028
OPCODE	376E	24	0.000028
OPCODE	0817	24	0.000028
OPCODE	E880	24	0.000028
OPCODE	B883	24	0.000028
OPCODE	6D48	24	0.000028
OPCODE	0294	24	0.000028
OPCODE	5C42	24	0.000028
OPCODE	6C5C	24	0.000028
OPCODE	3A3C	23	0.000027
OPCODE	C491	23	0.000027
OPCODE	816E	23	0.000027
OPCODE	244F	23	0.000027
OPCODE	C14B	23	0.000027
OPCODE	A8B5	23	0.000027
OPCODE	A8D4	23	0.000027
OPCODE	1004	23	0.000027
OPCODE	AA44	23	0.000027
OPCODE	DA45	23	0.000027
OPCODE	A528	23	0.000027
OPCODE	B294	23	0.000027
OPCODE	1203	23	0.000027
OPCODE	2A1F	23	0.000027
OPCODE	D045	23	0.000027
OPCODE	6C1E	23	0.000027
OPCODE	396B	23	0.000027
OPCODE	C028	23	0.000027
OPCODE	0000	22	0.000026
OPCODE	289F	22	0.000026
OPCODE	396E	22	0.000026
OPCODE	D885	22	0.000026
OPCODE	D644	22	0.000026
OPCODE	AA05	22	0.000026
OPCODE	2746	22	0.000026
OPCODE	2818	22	0.000026
OPCODE	20C5	22	0.000026
OPCODE	C4C1	22	0.000026
OPCODE	9868	22	0.000026
OPCODE	2147	22	0.000026
OPCODE	C294	22	0.000026
OPCODE	2E0B	22	0.000026
OPCODE	2A4C	22	0.000026
OPCODE	B890	22	0.000026
OPCODE	605E	22	0.000026
OPCODE	E788	22	0.000026
OPCODE	546E	22	0.000026
OPCODE	0657	22	0.000026
OPCODE	700D	22	0.000026
OPCODE	5248	22	0.000026
OPCODE	7030	22	0.000026
OPCODE	3C18	22	0.000026
OPCODE	74B0	22	0.000026
OPCODE	7A02	22	0.000026
OPCODE	8200	22	0.000026
OPCODE	E287	22	0.000026
OPCODE	6670	22	0.000026
OPCODE	0044	22	0.000026
OPCODE	84FC	22	0.000026
OPCODE	F23A	22	0.000026
OPCODE	41EF	21	0.000025
OPCODE	361F	21	0.000025
OPCODE	B3EA	21	0.000025
OPCODE	A260	21	0.000025
OPCODE	216A	21	0.000025
OPCODE	2F12	21	0.000025
OPCODE	1A1F	21	0.000025
OPCODE	9A6B	21	0.000025
OPCODE	B101	21	0.000025
OPCODE	70F9	21	0.000025
OPCODE	4CB8	21	0.000025
OPCODE	66C2	21	0.000025
OPCODE	A9ED	21	0.000025
OPCODE	E84C	21	0.000025
OPCODE	6C3E	21	0.000025
OPCODE	2647	21	0.000025
OPCODE	262C	21	0.000025
OPCODE	6414	20	0.000024
OPCODE	D482	20	0.000024
OPCODE	2257	20	0.000024
OPCODE	60A0	20	0.000024
OPCODE	60BA	20	0.000024
OPCODE	2277	20	0.000024
OPCODE	28BC	20	0.000024
OPCODE	650E	20	0.000024
OPCODE	36BC	20	0.000024
OPCODE	6512	20	0.000024
OPCODE	A11A	20	0.000024
OPCODE	DBA8	20	0.000024
OPCODE	3C01	20	0.000024
OPCODE	4C42	20	0.000024
OPCODE	5357	20	0.000024
OPCODE	3209	20	0.000024
OPCODE	2953	20	0.000024
OPCODE	BB86	20	0.000024
OPCODE	E58D	20	0.000024
OPCODE	D0C4	20	0.000024
OPCODE	702C	20	0.000024
OPCODE	701A	20	0.000024
OPCODE	5C4A	20	0.000024
OPCODE	2A0B	20	0.000024
OPCODE	B897	20	0.000024
OPCODE	D111	20	0.000024
OPCODE	544C	20	0.000024
OPCODE	532C	20	0.000024
OPCODE	3D54	20	0.000024
OPCODE	6EE4	19	0.000022
OPCODE	B62C	19	0.000022
OPCODE	D02C	19	0.000022
OPCODE	6302	19	0.000022
OPCODE	D6FC	19	0.000022
OPCODE	3147	19	0.000022
OPCODE	1F01	19	0.000022
OPCODE	C06C	19	0.000022
OPCODE	45F7	19	0.000022
OPCODE	740C	19	0.000022
OPCODE	2407	19	0.000022
OPCODE	9040	19	0.000022
OPCODE	6144	19	0.000022
OPCODE	902C	19	0.000022
OPCODE	1204	19	0.000022
OPCODE	3484	19	0.000022
OPCODE	6524	19	0.000022
OPCODE	2C3C	19	0.000022
OPCODE	7604	19	0.000022
OPCODE	2604	19	0.000022
OPCODE	C0EA	19	0.000022
OPCODE	DEAE	19	0.000022
OPCODE	20BC	19	0.000022
OPCODE	0C18	19	0.000022
OPCODE	6B1C	19	0.000022
OPCODE	3543	19	0.000022
OPCODE	7E06	19	0.000022
OPCODE	3A29	19	0.000022
OPCODE	0C2E	18	0.000021
OPCODE	C2C4	18	0.000021
OPCODE	8128	18	0.000021
OPCODE	B4FC	18	0.000021
OPCODE	9582	18	0.000021
OPCODE	281F	18	0.000021
OPCODE	966A	18	0.000021
OPCODE	666A	18	0.000021
OPCODE	4213	18	0.000021
OPCODE	D059	18	0.000021
OPCODE	2857	18	0.000021
OPCODE	7E20	18	0.000021
OPCODE	162F	18	0.000021
OPCODE	E250	18	0.000021
OPCODE	8E40	18	0.000021
OPCODE	8082	18	0.000021
OPCODE	254B	18	0.000021
OPCODE	B841	18	0.000021
OPCODE	D0C1	18	0.000021
OPCODE	2280	18	0.000021
OPCODE	6D70	18	0.000021
OPCODE	141C	18	0.000021
OPCODE	F280	18	0.000021
OPCODE	747E	17	0.000020
OPCODE	3743	17	0.000020
OPCODE	2748	17	0.000020
OPCODE	BB98	17	0.000020
OPCODE	341C	17	0.000020
OPCODE	3783	17	0.000020
OPCODE	5250	17	0.000020
OPCODE	6B54	17	0.000020
OPCODE	26A8	17	0.000020
OPCODE	EA84	17	0.000020
OPCODE	90A8	17	0.000020
OPCODE	6676	17	0.000020
OPCODE	EA83	17	0.000020
OPCODE	700E	17	0.000020
OPCODE	7803	17	0.000020
OPCODE	2023	17	0.000020
OPCODE	2642	17	0.000020
OPCODE	7016	17	0.000020
OPCODE	4A98	17	0.000020
OPCODE	806E	17	0.000020
OPCODE	2146	17	0.000020
OPCODE	32AE	17	0.000020
OPCODE	D646	17	0.000020
OPCODE	BD90	17	0.000020
OPCODE	A005	17	0.000020
OPCODE	906F	16	0.000019
OPCODE	DB45	16	0.000019
OPCODE	9A59	16	0.000019
OPCODE	B092	16	0.000019
OPCODE	276B	16	0.000019
OPCODE	183B	16	0.000019
OPCODE	E658	16	0.000019
OPCODE	2085	16	0.000019
OPCODE	42B6	16	0.000019
OPCODE	ED98	16	0.000019
OPCODE	26DA	16	0.000019
OPCODE	9A68	16	0.000019
OPCODE	182A	16	0.000019
OPCODE	0C32	16	0.000019
OPCODE	0A00	16	0.000019
OPCODE	327C	16	0.000019
OPCODE	B292	16	0.000019
OPCODE	181B	16	0.000019
OPCODE	282F	16	0.000019
OPCODE	9840	16	0.000019
OPCODE	26DC	16	0.000019
OPCODE	6D6A	16	0.000019
OPCODE	D804	16	0.000019
OPCODE	0447	16	0.000019
OPCODE	1F2F	16	0.000019
OPCODE	6E36	16	0.000019
OPCODE	6E12	16	0.000019
OPCODE	A8B0	16	0.000019
OPCODE	2658	16	0.000019
OPCODE	9859	16	0.000019
OPCODE	D0AB	16	0.000019
OPCODE	5BC1	16	0.000019
OPCODE	D686	16	0.000019
OPCODE	E144	16	0.000019
OPCODE	2A3C	16	0.000019
OPCODE	57E7	16	0.000019
OPCODE	B83A	16	0.000019
OPCODE	3880	16	0.000019
OPCODE	B845	16	0.000019
OPCODE	6D30	16	0.000019
OPCODE	CAC1	16	0.000019
OPCODE	3544	16	0.000019
OPCODE	7602	16	0.000019
OPCODE	1340	16	0.000019
OPCODE	E04C	16	0.000019
OPCODE	61B6	16	0.000019
OPCODE	0052	16	0.000019
OPCODE	261E	16	0.000019
OPCODE	9446	16	0.000019
OPCODE	AA17	16	0.000019
OPCODE	2D03	16	0.000019
OPCODE	342F	16	0.000019
OPCODE	61BA	16	0.000019
OPCODE	0C90	16	0.000019
OPCODE	61CA	16	0.000019
OPCODE	61D2	16	0.000019
OPCODE	6EAC	16	0.000019
OPCODE	8841	15	0.000018
OPCODE	3540	15	0.000018
OPCODE	7E10	15	0.000018
OPCODE	A8FA	15	0.000018
OPCODE	E48F	15	0.000018
OPCODE	6350	15	0.000018
OPCODE	A938	15	0.000018
OPCODE	329F	15	0.000018
OPCODE	C2AC	15	0.000018
OPCODE	9BAC	15	0.000018
OPCODE	3D6D	15	0.000018
OPCODE	49EA	15	0.000018
OPCODE	C046	15	0.000018
OPCODE	A88A	15	0.000018
OPCODE	E286	15	0.000018
OPCODE	1345	15	0.000018
OPCODE	2C6C	15	0.000018
OPCODE	B293	15	0.000018
OPCODE	2545	15	0.000018
OPCODE	60B8	15	0.000018
OPCODE	9EAB	15	0.000018
OPCODE	5845	15	0.000018
OPCODE	2441	15	0.000018
OPCODE	3745	15	0.000018
OPCODE	58AF	15	0.000018
OPCODE	BCAA	15	0.000018
OPCODE	52A8	15	0.000018
OPCODE	B685	15	0.000018
OPCODE	21AA	15	0.000018
OPCODE	21D8	15	0.000018
OPCODE	21AC	15	0.000018
OPCODE	6040	15	0.000018
OPCODE	DBAB	15	0.000018
OPCODE	2A12	15	0.000018
OPCODE	31EE	15	0.000018
OPCODE	2944	15	0.000018
OPCODE	6B72	15	0.000018
OPCODE	256E	15	0.000018
OPCODE	9881	15	0.000018
OPCODE	D3AC	15	0.000018
OPCODE	2C0C	15	0.000018
OPCODE	182E	15	0.000018
OPCODE	C680	15	0.000018
OPCODE	70D5	15	0.000018
OPCODE	6520	15	0.000018
OPCODE	704A	15	0.000018
OPCODE	2547	15	0.000018
OPCODE	B8AC	15	0.000018
OPCODE	54C0	15	0.000018
OPCODE	6210	14	0.000017
OPCODE	D1AD	14	0.000017
OPCODE	3199	14	0.000017
OPCODE	A9E1	14	0.000017
OPCODE	3832	14	0.000017
OPCODE	E3A8	14	0.000017
OPCODE	DC82	14	0.000017
OPCODE	5941	14	0.000017
OPCODE	9E7C	14	0.000017
OPCODE	0446	14	0.000017
OPCODE	6316	14	0.000017
OPCODE	12A8	14	0.000017
OPCODE	5C49	14	0.000017
OPCODE	2180	14	0.000017
OPCODE	22C8	14	0.000017
OPCODE	0C14	14	0.000017
OPCODE	3180	14	0.000017
OPCODE	6146	14	0.000017
OPCODE	70DD	14	0.000017
OPCODE	703E	14	0.000017
OPCODE	641A	14	0.000017
OPCODE	2260	14	0.000017
OPCODE	3C07	14	0.000017
OPCODE	C18D	14	0.000017
OPCODE	22DB	14	0.000017
OPCODE	3814	14	0.000017
OPCODE	6B6A	14	0.000017
OPCODE	E180	14	0.000017
OPCODE	E081	14	0.000017
OPCODE	3632	14	0.000017
OPCODE	11EB	14	0.000017
OPCODE	11D9	14	0.000017
OPCODE	5886	13	0.000015
OPCODE	2C2C	13	0.000015
OPCODE	21AF	13	0.000015
OPCODE	E54F	13	0.000015
OPCODE	2C68	13	0.000015
OPCODE	2087	13	0.000015
OPCODE	0444	13	0.000015
OPCODE	B66C	13	0.000015
OPCODE	3E05	13	0.000015
OPCODE	D289	13	0.000015
OPCODE	6C20	13	0.000015
OPCODE	AA94	13	0.000015
OPCODE	A950	13	0.000015
OPCODE	2EAF	13	0.000015
OPCODE	1F07	13	0.000015
OPCODE	D65F	13	0.000015
OPCODE	5290	13	0.000015
OPCODE	224E	13	0.000015
OPCODE	B7D0	13	0.000015
OPCODE	3F42	13	0.000015
OPCODE	45D1	13	0.000015
OPCODE	C2C0	13	0.000015
OPCODE	2486	13	0.000015
OPCODE	163B	13	0.000015
OPCODE	3831	13	0.000015
OPCODE	A04C	13	0.000015
OPCODE	11B3	13	0.000015
OPCODE	9085	13	0.000015
OPCODE	11EE	13	0.000015
OPCODE	E450	12	0.000014
OPCODE	00AE	12	0.000014
OPCODE	9FA8	12	0.000014
OPCODE	44FC	12	0.000014
OPCODE	9046	12	0.000014
OPCODE	5881	12	0.000014
OPCODE	21EA	12	0.000014
OPCODE	BC8A	12	0.000014
OPCODE	0014	12	0.000014
OPCODE	6ABA	12	0.000014
OPCODE	341B	12	0.000014
OPCODE	A800	12	0.000014
OPCODE	B474	12	0.000014
OPCODE	AA12	12	0.000014
OPCODE	9EAE	12	0.000014
OPCODE	AA67	12	0.000014
OPCODE	61C2	12	0.000014
OPCODE	81AE	12	0.000014
OPCODE	45EC	12	0.000014
OPCODE	7805	12	0.000014
OPCODE	908F	12	0.000014
OPCODE	45F3	12	0.000014
OPCODE	2E02	12	0.000014
OPCODE	E678	12	0.000014
OPCODE	926F	12	0.000014
OPCODE	5945	12	0.000014
OPCODE	DC87	12	0.000014
OPCODE	9E83	12	0.000014
OPCODE	97C4	12	0.000014
OPCODE	B0B4	12	0.000014
OPCODE	240F	12	0.000014
OPCODE	5087	12	0.000014
OPCODE	6076	12	0.000014
OPCODE	9492	12	0.000014
OPCODE	70F3	12	0.000014
OPCODE	5082	12	0.000014
OPCODE	082F	12	0.000014
OPCODE	EDC0	12	0.000014
OPCODE	2C12	12	0.000014
OPCODE	50EB	12	0.000014
OPCODE	4EF6	12	0.000014
OPCODE	6694	12	0.000014
OPCODE	5390	12	0.000014
OPCODE	6C22	12	0.000014
OPCODE	C4C0	12	0.000014
OPCODE	E586	12	0.000014
OPCODE	5580	12	0.000014
OPCODE	648C	12	0.000014
OPCODE	B046	12	0.000014
OPCODE	D2C5	12	0.000014
OPCODE	36B8	12	0.000014
OPCODE	5350	12	0.000014
OPCODE	4AAF	12	0.000014
OPCODE	7064	12	0.000014
OPCODE	44DF	12	0.000014
OPCODE	288B	12	0.000014
OPCODE	607C	12	0.000014
OPCODE	2A6F	12	0.000014
OPCODE	BA8B	12	0.000014
OPCODE	9C87	12	0.000014
OPCODE	BC45	12	0.000014
OPCODE	7022	12	0.000014
OPCODE	BC80	12	0.000014
OPCODE	2E42	12	0.000014
OPCODE	6314	12	0.000014
OPCODE	7A0F	12	0.000014
OPCODE	677C	12	0.000014
OPCODE	6CEA	12	0.000014
OPCODE	A98D	12	0.000014
OPCODE	2406	12	0.000014
OPCODE	6CD8	12	0.000014
OPCODE	2E13	12	0.000014
OPCODE	2881	12	0.000014
OPCODE	026C	12	0.000014
OPCODE	6228	12	0.000014
OPCODE	0401	12	0.000014
OPCODE	6760	12	0.000014
OPCODE	E34A	12	0.000014
OPCODE	A9A2	12	0.000014
OPCODE	8114	12	0.000014
OPCODE	C02E	12	0.000014
OPCODE	5251	12	0.000014
OPCODE	2651	12	0.000014
OPCODE	2F69	12	0.000014
OPCODE	D7C6	12	0.000014
OPCODE	DDC1	11	0.000013
OPCODE	B038	11	0.000013
OPCODE	A068	11	0.000013
OPCODE	E44C	11	0.000013
OPCODE	AA31	11	0.000013
OPCODE	51C4	11	0.000013
OPCODE	7088	11	0.000013
OPCODE	A01F	11	0.000013
OPCODE	B4A9	11	0.000013
OPCODE	760F	11	0.000013
OPCODE	6E54	11	0.000013
OPCODE	47D4	11	0.000013
OPCODE	51C6	11	0.000013
OPCODE	3D01	11	0.000013
OPCODE	3C19	11	0.000013
OPCODE	E349	11	0.000013
OPCODE	6410	11	0.000013
OPCODE	48E0	11	0.000013
OPCODE	DA43	11	0.000013
OPCODE	1540	11	0.000013
OPCODE	B097	11	0.000013
OPCODE	DA80	11	0.000013
OPCODE	A9E3	11	0.000013
OPCODE	CD40	11	0.000013
OPCODE	5885	11	0.000013
OPCODE	67CC	11	0.000013
OPCODE	E680	11	0.000013
OPCODE	7AFC	11	0.000013
OPCODE	6202	11	0.000013
OPCODE	6C2C	11	0.000013
OPCODE	284D	11	0.000013
OPCODE	3F1E	11	0.000013
OPCODE	9DC1	11	0.000013
OPCODE	256B	11	0.000013
OPCODE	D880	11	0.000013
OPCODE	9086	11	0.000013
OPCODE	3A02	10	0.000012
OPCODE	A8A5	10	0.000012
OPCODE	5369	10	0.000012
OPCODE	94FC	10	0.000012
OPCODE	24AE	10	0.000012
OPCODE	0BC4	10	0.000012
OPCODE	316B	10	0.000012
OPCODE	50C5	10	0.000012
OPCODE	2451	10	0.000012
OPCODE	A90C	10	0.000012
OPCODE	7278	10	0.000012
OPCODE	2633	10	0.000012
OPCODE	9168	10	0.000012
OPCODE	278A	10	0.000012
OPCODE	3270	10	0.000012
OPCODE	A91C	10	0.000012
OPCODE	0C15	10	0.000012
OPCODE	E24A	10	0.000012
OPCODE	B073	10	0.000012
OPCODE	B650	10	0.000012
OPCODE	6EC2	10	0.000012
OPCODE	B297	10	0.000012
OPCODE	9E80	10	0.000012
OPCODE	7610	10	0.000012
OPCODE	1F06	10	0.000012
OPCODE	6FB8	10	0.000012
OPCODE	66CA	10	0.000012
OPCODE	3968	10	0.000012
OPCODE	9045	10	0.000012
OPCODE	907C	10	0.000012
OPCODE	B740	10	0.000012
OPCODE	A9DA	10	0.000012
OPCODE	A8B2	10	0.000012
OPCODE	9054	10	0.000012
OPCODE	584A	10	0.000012
OPCODE	2045	10	0.000012
OPCODE	61C0	10	0.000012
OPCODE	AA06	10	0.000012
OPCODE	A99B	10	0.000012
OPCODE	6E1C	10	0.000012
OPCODE	A878	10	0.000012
OPCODE	C6C0	10	0.000012
OPCODE	446E	10	0.000012
OPCODE	2E30	10	0.000012
OPCODE	D16C	10	0.000012
OPCODE	3833	10	0.000012
OPCODE	6F44	10	0.000012
OPCODE	0CA9	10	0.000012
OPCODE	2A7A	10	0.000012
OPCODE	3347	10	0.000012
OPCODE	2E4B	9	0.000011
OPCODE	2E91	9	0.000011
OPCODE	214C	9	0.000011
OPCODE	E76C	9	0.000011
OPCODE	426D	9	0.000011
OPCODE	C4E8	9	0.000011
OPCODE	B3D7	9	0.000011
OPCODE	A81F	9	0.000011
OPCODE	4202	9	0.000011
OPCODE	52AC	9	0.000011
OPCODE	3E02	9	0.000011
OPCODE	30F8	9	0.000011
OPCODE	E7A1	9	0.000011
OPCODE	116A	9	0.000011
OPCODE	2D81	9	0.000011
OPCODE	651A	9	0.000011
OPCODE	ED6D	9	0.000011
OPCODE	2841	9	0.000011
OPCODE	E582	9	0.000011
OPCODE	A146	9	0.000011
OPCODE	2EAA	9	0.000011
OPCODE	0A6E	9	0.000011
OPCODE	3A14	9	0.000011
OPCODE	9084	9	0.000011
OPCODE	2EB1	9	0.000011
OPCODE	C2E9	9	0.000011
OPCODE	3830	9	0.000011
OPCODE	6770	9	0.000011
OPCODE	618C	9	0.000011
OPCODE	0251	9	0.000011
OPCODE	22CA	9	0.000011
OPCODE	1A29	9	0.000011
OPCODE	AA52	9	0.000011
OPCODE	622A	9	0.000011
OPCODE	E949	9	0.000011
OPCODE	34AB	9	0.000011
OPCODE	B803	9	0.000011
OPCODE	8240	9	0.000011
OPCODE	A876	9	0.000011
OPCODE	C8C6	9	0.000011
OPCODE	8151	9	0.000011
OPCODE	1628	9	0.000011
OPCODE	D5C8	9	0.000011
OPCODE	6DA2	9	0.000011
OPCODE	E982	9	0.000011
OPCODE	A9B2	9	0.000011
OPCODE	A9AF	9	0.000011
OPCODE	1002	9	0.000011
OPCODE	66BA	9	0.000011
OPCODE	462F	9	0.000011
OPCODE	A90A	9	0.000011
OPCODE	A90D	9	0.000011
OPCODE	EDAD	9	0.000011
OPCODE	022F	9	0.000011
OPCODE	D3C5	9	0.000011
OPCODE	E04D	9	0.000011
OPCODE	720B	9	0.000011
OPCODE	9480	9	0.000011
OPCODE	91CC	9	0.000011
OPCODE	2768	9	0.000011
OPCODE	BE52	9	0.000011
OPCODE	208F	9	0.000011
OPCODE	2947	9	0.000011
OPCODE	2B4C	9	0.000011
OPCODE	6EEA	9	0.000011
OPCODE	72A9	9	0.000011
OPCODE	A027	9	0.000011
OPCODE	9647	8	0.000009
OPCODE	3E38	8	0.000009
OPCODE	A040	8	0.000009
OPCODE	BC44	8	0.000009
OPCODE	3E12	8	0.000009
OPCODE	65EA	8	0.000009
OPCODE	388B	8	0.000009
OPCODE	9646	8	0.000009
OPCODE	2980	8	0.000009
OPCODE	BC78	8	0.000009
OPCODE	5C4B	8	0.000009
OPCODE	9357	8	0.000009
OPCODE	5A40	8	0.000009
OPCODE	5A80	8	0.000009
OPCODE	5BCB	8	0.000009
OPCODE	12FC	8	0.000009
OPCODE	1E12	8	0.000009
OPCODE	BA44	8	0.000009
OPCODE	E9E8	8	0.000009
OPCODE	B700	8	0.000009
OPCODE	5400	8	0.000009
OPCODE	2C44	8	0.000009
OPCODE	381D	8	0.000009
OPCODE	B5E9	8	0.000009
OPCODE	249F	8	0.000009
OPCODE	2C1D	8	0.000009
OPCODE	BE6C	8	0.000009
OPCODE	6684	8	0.000009
OPCODE	962A	8	0.000009
OPCODE	5389	8	0.000009
OPCODE	5388	8	0.000009
OPCODE	382F	8	0.000009
OPCODE	5645	8	0.000009
OPCODE	3884	8	0.000009
OPCODE	56E7	8	0.000009
OPCODE	05C0	8	0.000009
OPCODE	9557	8	0.000009
OPCODE	965F	8	0.000009
OPCODE	BD40	8	0.000009
OPCODE	BCAE	8	0.000009
OPCODE	57C9	8	0.000009
OPCODE	242F	8	0.000009
OPCODE	B854	8	0.000009
OPCODE	B454	8	0.000009
OPCODE	5947	8	0.000009
OPCODE	2A1D	8	0.000009
OPCODE	B9C0	8	0.000009
OPCODE	D605	8	0.000009
OPCODE	362F	8	0.000009
OPCODE	49F1	8	0.000009
OPCODE	EE4A	8	0.000009
OPCODE	4297	8	0.000009
OPCODE	EF6D	8	0.000009
OPCODE	A9C6	8	0.000009
OPCODE	31E1	8	0.000009
OPCODE	6798	8	0.000009
OPCODE	C1ED	8	0.000009
OPCODE	1F68	8	0.000009
OPCODE	EF4B	8	0.000009
OPCODE	E241	8	0.000009
OPCODE	E3B8	8	0.000009
OPCODE	36DC	8	0.000009
OPCODE	EF8A	8	0.000009
OPCODE	20C4	8	0.000009
OPCODE	361C	8	0.000009
OPCODE	E399	8	0.000009
OPCODE	6164	8	0.000009
OPCODE	2550	8	0.000009
OPCODE	B128	8	0.000009
OPCODE	4CD9	8	0.000009
OPCODE	D4C5	8	0.000009
OPCODE	CCAB	8	0.000009
OPCODE	AA68	8	0.000009
OPCODE	D8C3	8	0.000009
OPCODE	D483	8	0.000009
OPCODE	3982	8	0.000009
OPCODE	6184	8	0.000009
OPCODE	AA2A	8	0.000009
OPCODE	7626	8	0.000009
OPCODE	7404	8	0.000009
OPCODE	D7F3	8	0.000009
OPCODE	72FB	8	0.000009
OPCODE	EF48	8	0.000009
OPCODE	763B	8	0.000009
OPCODE	36C4	8	0.000009
OPCODE	7647	8	0.000009
OPCODE	D845	8	0.000009
OPCODE	D053	8	0.000009
OPCODE	2091	8	0.000009
OPCODE	E291	8	0.000009
OPCODE	1605	8	0.000009
OPCODE	A928	8	0.000009
OPCODE	34BC	8	0.000009
OPCODE	A923	8	0.000009
OPCODE	301C	8	0.000009
OPCODE	A922	8	0.000009
OPCODE	97D0	8	0.000009
OPCODE	143B	8	0.000009
OPCODE	4877	8	0.000009
OPCODE	1828	8	0.000009
OPCODE	3607	8	0.000009
OPCODE	3143	8	0.000009
OPCODE	CB49	8	0.000009
OPCODE	CE03	8	0.000009
OPCODE	1800	8	0.000009
OPCODE	2F4D	8	0.000009
OPCODE	7015	8	0.000009
OPCODE	236A	8	0.000009
OPCODE	A908	8	0.000009
OPCODE	4850	8	0.000009
OPCODE	2846	8	0.000009
OPCODE	0A80	8	0.000009
OPCODE	2274	8	0.000009
OPCODE	D66A	8	0.000009
OPCODE	E306	8	0.000009
OPCODE	7C06	8	0.000009
OPCODE	0A3C	8	0.000009
OPCODE	D2E9	8	0.000009
OPCODE	A80D	8	0.000009
OPCODE	7C1E	8	0.000009
OPCODE	47ED	8	0.000009
OPCODE	7C0C	7	0.000008
OPCODE	04B8	7	0.000008
OPCODE	2954	7	0.000008
OPCODE	5841	7	0.000008
OPCODE	D4D2	7	0.000008
OPCODE	7C18	7	0.000008
OPCODE	AA32	7	0.000008
OPCODE	61AA	7	0.000008
OPCODE	AA43	7	0.000008
OPCODE	0268	7	0.000008
OPCODE	006C	7	0.000008
OPCODE	D0B8	7	0.000008
OPCODE	45ED	7	0.000008
OPCODE	DC85	7	0.000008
OPCODE	A927	7	0.000008
OPCODE	CD38	7	0.000008
OPCODE	78FE	7	0.000008
OPCODE	A9A8	7	0.000008
OPCODE	588B	7	0.000008
OPCODE	66BE	7	0.000008
OPCODE	5C80	7	0.000008
OPCODE	3613	7	0.000008
OPCODE	1E31	7	0.000008
OPCODE	BA87	7	0.000008
OPCODE	1619	7	0.000008
OPCODE	A955	7	0.000008
OPCODE	2692	7	0.000008
OPCODE	2682	7	0.000008
OPCODE	A11E	7	0.000008
OPCODE	1151	7	0.000008
OPCODE	2293	7	0.000008
OPCODE	31C7	7	0.000008
OPCODE	31C3	7	0.000008
OPCODE	A836	7	0.000008
OPCODE	6574	7	0.000008
OPCODE	DBC3	7	0.000008
OPCODE	6EE8	7	0.000008
OPCODE	B5EE	7	0.000008
OPCODE	B5ED	7	0.000008
OPCODE	2E06	7	0.000008
OPCODE	C0C4	7	0.000008
OPCODE	5089	7	0.000008
OPCODE	5091	7	0.000008
OPCODE	A851	7	0.000008
OPCODE	50C6	7	0.000008
OPCODE	2286	7	0.000008
OPCODE	A064	7	0.000008
OPCODE	5187	7	0.000008
OPCODE	20F8	7	0.000008
OPCODE	11D0	7	0.000008
OPCODE	11D1	7	0.000008
OPCODE	9093	7	0.000008
OPCODE	94A9	7	0.000008
OPCODE	6122	7	0.000008
OPCODE	51E9	7	0.000008
OPCODE	5302	7	0.000008
OPCODE	6548	7	0.000008
OPCODE	B678	7	0.000008
OPCODE	D8C5	7	0.000008
OPCODE	2086	7	0.000008
OPCODE	528B	7	0.000008
OPCODE	32F8	7	0.000008
OPCODE	9A43	7	0.000008
OPCODE	56C5	7	0.000008
OPCODE	CA38	7	0.000008
OPCODE	E259	7	0.000008
OPCODE	A86C	7	0.000008
OPCODE	617C	7	0.000008
OPCODE	DEB8	7	0.000008
OPCODE	A860	7	0.000008
OPCODE	A162	7	0.000008
OPCODE	321C	7	0.000008
OPCODE	44C0	7	0.000008
OPCODE	1819	7	0.000008
OPCODE	6070	7	0.000008
OPCODE	06B8	7	0.000008
OPCODE	D1EE	7	0.000008
OPCODE	2429	7	0.000008
OPCODE	3943	6	0.000007
OPCODE	C4C6	6	0.000007
OPCODE	EB80	6	0.000007
OPCODE	F35F	6	0.000007
OPCODE	0204	6	0.000007
OPCODE	6120	6	0.000007
OPCODE	1320	6	0.000007
OPCODE	6B32	6	0.000007
OPCODE	6356	6	0.000007
OPCODE	6B52	6	0.000007
OPCODE	1414	6	0.000007
OPCODE	C401	6	0.000007
OPCODE	6198	6	0.000007
OPCODE	C0C6	6	0.000007
OPCODE	6418	6	0.000007
OPCODE	CCC1	6	0.000007
OPCODE	2247	6	0.000007
OPCODE	61B2	6	0.000007
OPCODE	BE45	6	0.000007
OPCODE	C840	6	0.000007
OPCODE	2702	6	0.000007
OPCODE	D078	6	0.000007
OPCODE	C4C5	6	0.000007
OPCODE	BE68	6	0.000007
OPCODE	2760	6	0.000007
OPCODE	28AB	6	0.000007
OPCODE	6C30	6	0.000007
OPCODE	CBC0	6	0.000007
OPCODE	66B8	6	0.000007
OPCODE	C2AB	6	0.000007
OPCODE	C05A	6	0.000007
OPCODE	6C4C	6	0.000007
OPCODE	C8C1	6	0.000007
OPCODE	1631	6	0.000007
OPCODE	0C9F	6	0.000007
OPCODE	78F8	6	0.000007
OPCODE	3D55	6	0.000007
OPCODE	7806	6	0.000007
OPCODE	E445	6	0.000007
OPCODE	D593	6	0.000007
OPCODE	91AC	6	0.000007
OPCODE	3345	6	0.000007
OPCODE	3332	6	0.000007
OPCODE	7246	6	0.000007
OPCODE	7244	6	0.000007
OPCODE	723C	6	0.000007
OPCODE	0C12	6	0.000007
OPCODE	A943	6	0.000007
OPCODE	9207	6	0.000007
OPCODE	7209	6	0.000007
OPCODE	DE46	6	0.000007
OPCODE	30B8	6	0.000007
OPCODE	306A	6	0.000007
OPCODE	0A33	6	0.000007
OPCODE	3033	6	0.000007
OPCODE	E668	6	0.000007
OPCODE	0A30	6	0.000007
OPCODE	08EE	6	0.000007
OPCODE	DC47	6	0.000007
OPCODE	3F20	6	0.000007
OPCODE	D26E	6	0.000007
OPCODE	A440	6	0.000007
OPCODE	1882	6	0.000007
OPCODE	A815	6	0.000007
OPCODE	8E00	6	0.000007
OPCODE	1171	6	0.000007
OPCODE	8CEE	6	0.000007
OPCODE	A821	6	0.000007
OPCODE	DA44	6	0.000007
OPCODE	196E	6	0.000007
OPCODE	D96C	6	0.000007
OPCODE	4263	6	0.000007
OPCODE	1A10	6	0.000007
OPCODE	E05A	6	0.000007
OPCODE	4469	6	0.000007
OPCODE	6CBC	6	0.000007
OPCODE	A402	6	0.000007
OPCODE	3618	6	0.000007
OPCODE	93E8	6	0.000007
OPCODE	A0A4	6	0.000007
OPCODE	7E94	6	0.000007
OPCODE	A8E7	6	0.000007
OPCODE	A8ED	6	0.000007
OPCODE	A09D	6	0.000007
OPCODE	E342	6	0.000007
OPCODE	376C	6	0.000007
OPCODE	D78C	6	0.000007
OPCODE	D768	6	0.000007
OPCODE	6E10	6	0.000007
OPCODE	6FB6	6	0.000007
OPCODE	D152	6	0.000007
OPCODE	2A6A	6	0.000007
OPCODE	21E8	6	0.000007
OPCODE	0890	6	0.000007
OPCODE	D1E8	6	0.000007
OPCODE	E946	6	0.000007
OPCODE	0887	6	0.000007
OPCODE	53AE	6	0.000007
OPCODE	5701	6	0.000007
OPCODE	B5D0	6	0.000007
OPCODE	3E18	6	0.000007
OPCODE	6E30	6	0.000007
OPCODE	0644	6	0.000007
OPCODE	6E72	6	0.000007
OPCODE	92C4	6	0.000007
OPCODE	3A18	6	0.000007
OPCODE	9969	6	0.000007
OPCODE	6D2A	6	0.000007
OPCODE	03C2	6	0.000007
OPCODE	5AEE	6	0.000007
OPCODE	9EC4	6	0.000007
OPCODE	BA29	6	0.000007
OPCODE	3F1A	6	0.000007
OPCODE	3A28	6	0.000007
OPCODE	C218	5	0.000006
OPCODE	A90E	5	0.000006
OPCODE	A90F	5	0.000006
OPCODE	1E28	5	0.000006
OPCODE	1942	5	0.000006
OPCODE	D1AB	5	0.000006
OPCODE	90AD	5	0.000006
OPCODE	A91F	5	0.000006
OPCODE	6764	5	0.000006
OPCODE	6C4A	5	0.000006
OPCODE	5497	5	0.000006
OPCODE	1D6C	5	0.000006
OPCODE	A96D	5	0.000006
OPCODE	7A9D	5	0.000006
OPCODE	7A08	5	0.000006
OPCODE	A990	5	0.000006
OPCODE	A992	5	0.000006
OPCODE	A9A1	5	0.000006
OPCODE	A9A3	5	0.000006
OPCODE	1F6A	5	0.000006
OPCODE	A9BA	5	0.000006
OPCODE	A80C	5	0.000006
OPCODE	640C	5	0.000006
OPCODE	B840	5	0.000006
OPCODE	6036	5	0.000006
OPCODE	B7F8	5	0.000006
OPCODE	A885	5	0.000006
OPCODE	A886	5	0.000006
OPCODE	1083	5	0.000006
OPCODE	103C	5	0.000006
OPCODE	4253	5	0.000006
OPCODE	9047	5	0.000006
OPCODE	362D	5	0.000006
OPCODE	362B	5	0.000006
OPCODE	6D58	5	0.000006
OPCODE	905F	5	0.000006
OPCODE	D0EF	5	0.000006
OPCODE	1801	5	0.000006
OPCODE	A128	5	0.000006
OPCODE	7019	5	0.000006
OPCODE	892B	5	0.000006
OPCODE	6D4A	5	0.000006
OPCODE	3568	5	0.000006
OPCODE	A833	5	0.000006
OPCODE	6D36	5	0.000006
OPCODE	3E14	5	0.000006
OPCODE	B7D2	5	0.000006
OPCODE	240C	5	0.000006
OPCODE	E069	5	0.000006
OPCODE	20DA	5	0.000006
OPCODE	BE9A	5	0.000006
OPCODE	EE49	5	0.000006
OPCODE	5301	5	0.000006
OPCODE	162E	5	0.000006
OPCODE	5041	5	0.000006
OPCODE	A000	5	0.000006
OPCODE	5042	5	0.000006
OPCODE	B08B	5	0.000006
OPCODE	B450	5	0.000006
OPCODE	31AE	5	0.000006
OPCODE	315F	5	0.000006
OPCODE	5254	5	0.000006
OPCODE	D36C	5	0.000006
OPCODE	50EA	5	0.000006
OPCODE	D1CE	5	0.000006
OPCODE	614C	5	0.000006
OPCODE	D354	5	0.000006
OPCODE	0C02	5	0.000006
OPCODE	7032	5	0.000006
OPCODE	66C6	5	0.000006
OPCODE	613E	5	0.000006
OPCODE	70AB	5	0.000006
OPCODE	1206	5	0.000006
OPCODE	B3EE	5	0.000006
OPCODE	387C	5	0.000006
OPCODE	C045	5	0.000006
OPCODE	9A40	5	0.000006
OPCODE	08AF	5	0.000006
OPCODE	7036	5	0.000006
OPCODE	C82B	5	0.000006
OPCODE	2024	5	0.000006
OPCODE	60AC	5	0.000006
OPCODE	78E0	5	0.000006
OPCODE	A9E2	5	0.000006
OPCODE	B2AC	5	0.000006
OPCODE	C189	5	0.000006
OPCODE	9E6E	5	0.000006
OPCODE	022C	5	0.000006
OPCODE	0C85	5	0.000006
OPCODE	A039	5	0.000006
OPCODE	76EB	5	0.000006
OPCODE	AA18	5	0.000006
OPCODE	11EF	5	0.000006
OPCODE	AA1F	5	0.000006
OPCODE	AA24	5	0.000006
OPCODE	AA28	5	0.000006
OPCODE	AA29	5	0.000006
OPCODE	AA2B	5	0.000006
OPCODE	AA2D	5	0.000006
OPCODE	205C	5	0.000006
OPCODE	7606	5	0.000006
OPCODE	9A47	5	0.000006
OPCODE	002C	5	0.000006
OPCODE	2EA9	5	0.000006
OPCODE	002A	5	0.000006
OPCODE	7416	5	0.000006
OPCODE	5328	5	0.000006
OPCODE	0C29	5	0.000006
OPCODE	3417	4	0.000005
OPCODE	E0A1	4	0.000005
OPCODE	242D	4	0.000005
OPCODE	1383	4	0.000005
OPCODE	16BC	4	0.000005
OPCODE	CAA9	4	0.000005
OPCODE	241D	4	0.000005
OPCODE	1740	4	0.000005
OPCODE	16C1	4	0.000005
OPCODE	ECE8	4	0.000005
OPCODE	EEEE	4	0.000005
OPCODE	2061	4	0.000005
OPCODE	E059	4	0.000005
OPCODE	D3E9	4	0.000005
OPCODE	20AD	4	0.000005
OPCODE	EDE8	4	0.000005
OPCODE	EDC1	4	0.000005
OPCODE	D373	4	0.000005
OPCODE	D2E8	4	0.000005
OPCODE	0A44	4	0.000005
OPCODE	D299	4	0.000005
OPCODE	205E	4	0.000005
OPCODE	E6AC	4	0.000005
OPCODE	E6AD	4	0.000005
OPCODE	D26C	4	0.000005
OPCODE	D099	4	0.000005
OPCODE	0229	4	0.000005
OPCODE	21CD	4	0.000005
OPCODE	E849	4	0.000005
OPCODE	EA50	4	0.000005
OPCODE	21E1	4	0.000005
OPCODE	2213	4	0.000005
OPCODE	1D41	4	0.000005
OPCODE	1946	4	0.000005
OPCODE	10DA	4	0.000005
OPCODE	1A13	4	0.000005
OPCODE	1A31	4	0.000005
OPCODE	1C05	4	0.000005
OPCODE	1C1F	4	0.000005
OPCODE	CD4B	4	0.000005
OPCODE	0069	4	0.000005
OPCODE	1031	4	0.000005
OPCODE	D7EB	4	0.000005
OPCODE	1941	4	0.000005
OPCODE	1E14	4	0.000005
OPCODE	237C	4	0.000005
OPCODE	2369	4	0.000005
OPCODE	0CB1	4	0.000005
OPCODE	D6C1	4	0.000005
OPCODE	2344	4	0.000005
OPCODE	2338	4	0.000005
OPCODE	E40E	4	0.000005
OPCODE	22FC	4	0.000005
OPCODE	0C57	4	0.000005
OPCODE	3E91	4	0.000005
OPCODE	4457	4	0.000005
OPCODE	8800	4	0.000005
OPCODE	4274	4	0.000005
OPCODE	8D90	4	0.000005
OPCODE	2A38	4	0.000005
OPCODE	3F68	4	0.000005
OPCODE	2A4A	4	0.000005
OPCODE	3F32	4	0.000005
OPCODE	9254	4	0.000005
OPCODE	80BC	4	0.000005
OPCODE	3E01	4	0.000005
OPCODE	3D9F	4	0.000005
OPCODE	9794	4	0.000005
OPCODE	97AC	4	0.000005
OPCODE	B706	4	0.000005
OPCODE	2B48	4	0.000005
OPCODE	B6A9	4	0.000005
OPCODE	9A41	4	0.000005
OPCODE	3957	4	0.000005
OPCODE	4A6F	4	0.000005
OPCODE	2741	4	0.000005
OPCODE	727F	4	0.000005
OPCODE	2750	4	0.000005
OPCODE	4C41	4	0.000005
OPCODE	2774	4	0.000005
OPCODE	4BF9	4	0.000005
OPCODE	4A9C	4	0.000005
OPCODE	7609	4	0.000005
OPCODE	2829	4	0.000005
OPCODE	9CAB	4	0.000005
OPCODE	C007	4	0.000005
OPCODE	4873	4	0.000005
OPCODE	47EF	4	0.000005
OPCODE	2945	4	0.000005
OPCODE	802D	4	0.000005
OPCODE	4641	4	0.000005
OPCODE	BA83	4	0.000005
OPCODE	BA82	4	0.000005
OPCODE	3084	4	0.000005
OPCODE	3687	4	0.000005
OPCODE	3685	4	0.000005
OPCODE	A8AA	4	0.000005
OPCODE	A8DA	4	0.000005
OPCODE	B285	4	0.000005
OPCODE	A8DB	4	0.000005
OPCODE	3034	4	0.000005
OPCODE	34EE	4	0.000005
OPCODE	A919	4	0.000005
OPCODE	A877	4	0.000005
OPCODE	B212	4	0.000005
OPCODE	A999	4	0.000005
OPCODE	A99A	4	0.000005
OPCODE	A9A4	4	0.000005
OPCODE	3346	4	0.000005
OPCODE	3338	4	0.000005
OPCODE	B029	4	0.000005
OPCODE	B06F	4	0.000005
OPCODE	3178	4	0.000005
OPCODE	A20C	4	0.000005
OPCODE	B5F8	4	0.000005
OPCODE	9E8B	4	0.000005
OPCODE	2D08	4	0.000005
OPCODE	B491	4	0.000005
OPCODE	A001	4	0.000005
OPCODE	A00A	4	0.000005
OPCODE	A011	4	0.000005
OPCODE	B46A	4	0.000005
OPCODE	A207	4	0.000005
OPCODE	66A6	4	0.000005
OPCODE	A23C	4	0.000005
OPCODE	A81A	4	0.000005
OPCODE	2E4A	4	0.000005
OPCODE	A823	4	0.000005
OPCODE	36C7	4	0.000005
OPCODE	36C3	4	0.000005
OPCODE	36AE	4	0.000005
OPCODE	B3C5	4	0.000005
OPCODE	C242	4	0.000005
OPCODE	268A	4	0.000005
OPCODE	702B	4	0.000005
OPCODE	6D32	4	0.000005
OPCODE	594B	4	0.000005
OPCODE	6332	4	0.000005
OPCODE	2558	4	0.000005
OPCODE	C2EE	4	0.000005
OPCODE	2671	4	0.000005
OPCODE	6DF4	4	0.000005
OPCODE	61D6	4	0.000005
OPCODE	56E8	4	0.000005
OPCODE	702A	4	0.000005
OPCODE	2646	4	0.000005
OPCODE	6166	4	0.000005
OPCODE	6F34	4	0.000005
OPCODE	24EE	4	0.000005
OPCODE	6EDA	4	0.000005
OPCODE	2629	4	0.000005
OPCODE	616E	4	0.000005
OPCODE	6E42	4	0.000005
OPCODE	6E7E	4	0.000005
OPCODE	6E76	4	0.000005
OPCODE	6E4E	4	0.000005
OPCODE	6B24	4	0.000005
OPCODE	6B58	4	0.000005
OPCODE	26CC	4	0.000005
OPCODE	26CA	4	0.000005
OPCODE	722C	4	0.000005
OPCODE	6B2C	4	0.000005
OPCODE	2457	4	0.000005
OPCODE	26C5	4	0.000005
OPCODE	C745	4	0.000005
OPCODE	26C2	4	0.000005
OPCODE	665C	4	0.000005
OPCODE	50C1	4	0.000005
OPCODE	5147	4	0.000005
OPCODE	59AC	4	0.000005
OPCODE	6AF6	4	0.000005
OPCODE	51F8	4	0.000005
OPCODE	6B60	4	0.000005
OPCODE	C441	4	0.000005
OPCODE	651E	4	0.000005
OPCODE	6452	4	0.000005
OPCODE	6138	3	0.000004
OPCODE	1D46	3	0.000004
OPCODE	1947	3	0.000004
OPCODE	A8AD	3	0.000004
OPCODE	D96E	3	0.000004
OPCODE	EDA8	3	0.000004
OPCODE	A87F	3	0.000004
OPCODE	D886	3	0.000004
OPCODE	6A24	3	0.000004
OPCODE	D884	3	0.000004
OPCODE	A91B	3	0.000004
OPCODE	4CED	3	0.000004
OPCODE	C894	3	0.000004
OPCODE	D3EE	3	0.000004
OPCODE	65E0	3	0.000004
OPCODE	3378	3	0.000004
OPCODE	AA1D	3	0.000004
OPCODE	2015	3	0.000004
OPCODE	6514	3	0.000004
OPCODE	3498	3	0.000004
OPCODE	1F1A	3	0.000004
OPCODE	1F03	3	0.000004
OPCODE	A937	3	0.000004
OPCODE	D6D0	3	0.000004
OPCODE	3622	3	0.000004
OPCODE	622E	3	0.000004
OPCODE	6776	3	0.000004
OPCODE	A915	3	0.000004
OPCODE	1E2C	3	0.000004
OPCODE	A910	3	0.000004
OPCODE	A906	3	0.000004
OPCODE	316D	3	0.000004
OPCODE	61D0	3	0.000004
OPCODE	D7D0	3	0.000004
OPCODE	67EC	3	0.000004
OPCODE	618A	3	0.000004
OPCODE	6176	3	0.000004
OPCODE	48E8	3	0.000004
OPCODE	6F4A	3	0.000004
OPCODE	6F60	3	0.000004
OPCODE	8644	3	0.000004
OPCODE	6FF8	3	0.000004
OPCODE	80C4	3	0.000004
OPCODE	E2A0	3	0.000004
OPCODE	E76D	3	0.000004
OPCODE	08C5	3	0.000004
OPCODE	08D0	3	0.000004
OPCODE	E64C	3	0.000004
OPCODE	7046	3	0.000004
OPCODE	4879	3	0.000004
OPCODE	4233	3	0.000004
OPCODE	0C93	3	0.000004
OPCODE	49D0	3	0.000004
OPCODE	E3AA	3	0.000004
OPCODE	0C86	3	0.000004
OPCODE	E648	3	0.000004
OPCODE	7618	3	0.000004
OPCODE	7608	3	0.000004
OPCODE	E4A1	3	0.000004
OPCODE	508B	3	0.000004
OPCODE	7410	3	0.000004
OPCODE	740A	3	0.000004
OPCODE	7252	3	0.000004
OPCODE	9862	3	0.000004
OPCODE	182F	3	0.000004
OPCODE	DA90	3	0.000004
OPCODE	608A	3	0.000004
OPCODE	5B40	3	0.000004
OPCODE	A071	3	0.000004
OPCODE	0310	3	0.000004
OPCODE	0382	3	0.000004
OPCODE	9EC3	3	0.000004
OPCODE	9E85	3	0.000004
OPCODE	9E84	3	0.000004
OPCODE	6D4E	3	0.000004
OPCODE	5744	3	0.000004
OPCODE	A81D	3	0.000004
OPCODE	5588	3	0.000004
OPCODE	9846	3	0.000004
OPCODE	97CA	3	0.000004
OPCODE	DEC4	3	0.000004
OPCODE	3B7C	3	0.000004
OPCODE	9662	3	0.000004
OPCODE	5500	3	0.000004
OPCODE	5446	3	0.000004
OPCODE	91EE	3	0.000004
OPCODE	6F3C	3	0.000004
OPCODE	41D6	3	0.000004
OPCODE	2E89	3	0.000004
OPCODE	B810	3	0.000004
OPCODE	30E4	3	0.000004
OPCODE	2E04	3	0.000004
OPCODE	B9EA	3	0.000004
OPCODE	D0EA	3	0.000004
OPCODE	D0D0	3	0.000004
OPCODE	D2D8	3	0.000004
OPCODE	B3EB	3	0.000004
OPCODE	C2BC	3	0.000004
OPCODE	2617	3	0.000004
OPCODE	CEC6	3	0.000004
OPCODE	308B	3	0.000004
OPCODE	2B53	3	0.000004
OPCODE	2888	3	0.000004
OPCODE	2670	3	0.000004
OPCODE	D2BC	3	0.000004
OPCODE	C017	3	0.000004
OPCODE	306D	3	0.000004
OPCODE	C05F	3	0.000004
OPCODE	2276	3	0.000004
OPCODE	3045	3	0.000004
OPCODE	227C	3	0.000004
OPCODE	B287	3	0.000004
OPCODE	214E	3	0.000004
OPCODE	B7EA	3	0.000004
OPCODE	2476	3	0.000004
OPCODE	20D2	3	0.000004
OPCODE	21C2	3	0.000004
OPCODE	D16A	3	0.000004
OPCODE	2C4C	3	0.000004
OPCODE	C6FC	3	0.000004
OPCODE	C8AE	3	0.000004
OPCODE	2A90	2	0.000002
OPCODE	780D	2	0.000002
OPCODE	E408	2	0.000002
OPCODE	7A07	2	0.000002
OPCODE	B7C4	2	0.000002
OPCODE	D09F	2	0.000002
OPCODE	767E	2	0.000002
OPCODE	49C0	2	0.000002
OPCODE	288A	2	0.000002
OPCODE	DFED	2	0.000002
OPCODE	B7DF	2	0.000002
OPCODE	7C0D	2	0.000002
OPCODE	12DB	2	0.000002
OPCODE	0CAB	2	0.000002
OPCODE	7CEA	2	0.000002
OPCODE	BE28	2	0.000002
OPCODE	228A	2	0.000002
OPCODE	22CD	2	0.000002
OPCODE	7236	2	0.000002
OPCODE	C12C	2	0.000002
OPCODE	1431	2	0.000002
OPCODE	723A	2	0.000002
OPCODE	C0AA	2	0.000002
OPCODE	274A	2	0.000002
OPCODE	4CEA	2	0.000002
OPCODE	2752	2	0.000002
OPCODE	4A58	2	0.000002
OPCODE	276A	2	0.000002
OPCODE	7440	2	0.000002
OPCODE	2B4A	2	0.000002
OPCODE	D183	2	0.000002
OPCODE	760A	2	0.000002
OPCODE	7615	2	0.000002
OPCODE	7628	2	0.000002
OPCODE	1403	2	0.000002
OPCODE	9640	2	0.000002
OPCODE	91CE	2	0.000002
OPCODE	8D93	2	0.000002
OPCODE	93C0	2	0.000002
OPCODE	9030	2	0.000002
OPCODE	425A	2	0.000002
OPCODE	908A	2	0.000002
OPCODE	12AA	2	0.000002
OPCODE	90AA	2	0.000002
OPCODE	B868	2	0.000002
OPCODE	2A42	2	0.000002
OPCODE	116E	2	0.000002
OPCODE	2A61	2	0.000002
OPCODE	92B8	2	0.000002
OPCODE	9243	2	0.000002
OPCODE	3F21	2	0.000002
OPCODE	3F17	2	0.000002
OPCODE	3F13	2	0.000002
OPCODE	122E	2	0.000002
OPCODE	122F	2	0.000002
OPCODE	3EBC	2	0.000002
OPCODE	8283	2	0.000002
OPCODE	BCAC	2	0.000002
OPCODE	E09B	2	0.000002
OPCODE	7E27	2	0.000002
OPCODE	BCA8	2	0.000002
OPCODE	2231	2	0.000002
OPCODE	101A	2	0.000002
OPCODE	BA46	2	0.000002
OPCODE	80D7	2	0.000002
OPCODE	E28B	2	0.000002
OPCODE	7E04	2	0.000002
OPCODE	82AE	2	0.000002
OPCODE	82F8	2	0.000002
OPCODE	10C2	2	0.000002
OPCODE	3D51	2	0.000002
OPCODE	10D1	2	0.000002
OPCODE	10E9	2	0.000002
OPCODE	2971	2	0.000002
OPCODE	E089	2	0.000002
OPCODE	6B46	2	0.000002
OPCODE	6A1C	2	0.000002
OPCODE	254C	2	0.000002
OPCODE	6A56	2	0.000002
OPCODE	0110	2	0.000002
OPCODE	EBD7	2	0.000002
OPCODE	6B20	2	0.000002
OPCODE	CC6B	2	0.000002
OPCODE	EB98	2	0.000002
OPCODE	EB5A	2	0.000002
OPCODE	6B36	2	0.000002
OPCODE	6B40	2	0.000002
OPCODE	C4EE	2	0.000002
OPCODE	6B48	2	0.000002
OPCODE	240D	2	0.000002
OPCODE	607A	2	0.000002
OPCODE	6BD6	2	0.000002
OPCODE	6BD8	2	0.000002
OPCODE	6C1C	2	0.000002
OPCODE	5F40	2	0.000002
OPCODE	0300	2	0.000002
OPCODE	C3FC	2	0.000002
OPCODE	CCA9	2	0.000002
OPCODE	640E	2	0.000002
OPCODE	66B4	2	0.000002
OPCODE	66AE	2	0.000002
OPCODE	668A	2	0.000002
OPCODE	C6C2	2	0.000002
OPCODE	6588	2	0.000002
OPCODE	CA2B	2	0.000002
OPCODE	64F2	2	0.000002
OPCODE	64EC	2	0.000002
OPCODE	6454	2	0.000002
OPCODE	248B	2	0.000002
OPCODE	6430	2	0.000002
OPCODE	03C0	2	0.000002
OPCODE	0068	2	0.000002
OPCODE	63F0	2	0.000002
OPCODE	631A	2	0.000002
OPCODE	0081	2	0.000002
OPCODE	6276	2	0.000002
OPCODE	C681	2	0.000002
OPCODE	6226	2	0.000002
OPCODE	EF4A	2	0.000002
OPCODE	EF09	2	0.000002
OPCODE	24D5	2	0.000002
OPCODE	0900	2	0.000002
OPCODE	6F50	2	0.000002
OPCODE	6F62	2	0.000002
OPCODE	528A	2	0.000002
OPCODE	C1AC	2	0.000002
OPCODE	5257	2	0.000002
OPCODE	C193	2	0.000002
OPCODE	7017	2	0.000002
OPCODE	701B	2	0.000002
OPCODE	701D	2	0.000002
OPCODE	C192	2	0.000002
OPCODE	7026	2	0.000002
OPCODE	2657	2	0.000002
OPCODE	2687	2	0.000002
OPCODE	7034	2	0.000002
OPCODE	7042	2	0.000002
OPCODE	22EF	2	0.000002
OPCODE	E246	2	0.000002
OPCODE	C0EE	2	0.000002
OPCODE	E587	2	0.000002
OPCODE	51AE	2	0.000002
OPCODE	70DC	2	0.000002
OPCODE	22E9	2	0.000002
OPCODE	E942	2	0.000002
OPCODE	5990	2	0.000002
OPCODE	6D2C	2	0.000002
OPCODE	2609	2	0.000002
OPCODE	260A	2	0.000002
OPCODE	C2DF	2	0.000002
OPCODE	E98E	2	0.000002
OPCODE	0454	2	0.000002
OPCODE	046C	2	0.000002
OPCODE	0482	2	0.000002
OPCODE	5894	2	0.000002
OPCODE	0494	2	0.000002
OPCODE	70F7	2	0.000002
OPCODE	E908	2	0.000002
OPCODE	CE45	2	0.000002
OPCODE	C293	2	0.000002
OPCODE	6EBA	2	0.000002
OPCODE	5447	2	0.000002
OPCODE	E847	2	0.000002
OPCODE	5351	2	0.000002
OPCODE	6F20	2	0.000002
OPCODE	6F38	2	0.000002
OPCODE	E7B8	2	0.000002
OPCODE	A079	2	0.000002
OPCODE	AA48	2	0.000002
OPCODE	B2AF	2	0.000002
OPCODE	1B43	2	0.000002
OPCODE	1B54	2	0.000002
OPCODE	A346	2	0.000002
OPCODE	D4B8	2	0.000002
OPCODE	2F61	2	0.000002
OPCODE	3680	2	0.000002
OPCODE	A896	2	0.000002
OPCODE	20E9	2	0.000002
OPCODE	AA41	2	0.000002
OPCODE	A897	2	0.000002
OPCODE	D1D0	2	0.000002
OPCODE	B298	2	0.000002
OPCODE	D283	2	0.000002
OPCODE	A059	2	0.000002
OPCODE	A058	2	0.000002
OPCODE	A051	2	0.000002
OPCODE	A95D	2	0.000002
OPCODE	A02F	2	0.000002
OPCODE	A956	2	0.000002
OPCODE	A9F1	2	0.000002
OPCODE	A9C3	2	0.000002
OPCODE	B1DF	2	0.000002
OPCODE	B1ED	2	0.000002
OPCODE	B1EF	2	0.000002
OPCODE	1943	2	0.000002
OPCODE	B3E8	2	0.000002
OPCODE	18AD	2	0.000002
OPCODE	A852	2	0.000002
OPCODE	D954	2	0.000002
OPCODE	A854	2	0.000002
OPCODE	B0B0	2	0.000002
OPCODE	1F29	2	0.000002
OPCODE	A804	2	0.000002
OPCODE	D25F	2	0.000002
OPCODE	215A	2	0.000002
OPCODE	A71E	2	0.000002
OPCODE	2EAB	2	0.000002
OPCODE	A87D	2	0.000002
OPCODE	1A2C	2	0.000002
OPCODE	A461	2	0.000002
OPCODE	A909	2	0.000002
OPCODE	9AAE	2	0.000002
OPCODE	B0A0	2	0.000002
OPCODE	2C4F	2	0.000002
OPCODE	2148	2	0.000002
OPCODE	D3C3	2	0.000002
OPCODE	323A	2	0.000002
OPCODE	A92D	2	0.000002
OPCODE	B5F3	2	0.000002
OPCODE	A904	2	0.000002
OPCODE	2083	2	0.000002
OPCODE	3208	2	0.000002
OPCODE	D2C3	2	0.000002
OPCODE	B07A	2	0.000002
OPCODE	20AC	2	0.000002
OPCODE	9CFA	2	0.000002
OPCODE	9C83	2	0.000002
OPCODE	3212	2	0.000002
OPCODE	B66D	2	0.000002
OPCODE	3144	2	0.000002
OPCODE	219F	2	0.000002
OPCODE	9A80	2	0.000002
OPCODE	A02B	2	0.000002
OPCODE	B141	2	0.000002
OPCODE	A004	2	0.000002
OPCODE	B241	2	0.000002
OPCODE	B0BA	2	0.000002
OPCODE	2D74	2	0.000002
OPCODE	3292	2	0.000002
OPCODE	B46D	2	0.000002
OPCODE	A92A	1	0.000001
OPCODE	526F	1	0.000001
OPCODE	26AE	1	0.000001
OPCODE	2610	1	0.000001
OPCODE	A97D	1	0.000001
OPCODE	5299	1	0.000001
OPCODE	526A	1	0.000001
OPCODE	A9C8	1	0.000001
OPCODE	2672	1	0.000001
OPCODE	A991	1	0.000001
OPCODE	309F	1	0.000001
OPCODE	211F	1	0.000001
OPCODE	5949	1	0.000001
OPCODE	A981	1	0.000001
OPCODE	A982	1	0.000001
OPCODE	A983	1	0.000001
OPCODE	6D7C	1	0.000001
OPCODE	5948	1	0.000001
OPCODE	1F2C	1	0.000001
OPCODE	A98B	1	0.000001
OPCODE	2380	1	0.000001
OPCODE	A958	1	0.000001
OPCODE	5391	1	0.000001
OPCODE	C27C	1	0.000001
OPCODE	A95F	1	0.000001
OPCODE	6ED8	1	0.000001
OPCODE	07F2	1	0.000001
OPCODE	A969	1	0.000001
OPCODE	07B2	1	0.000001
OPCODE	548C	1	0.000001
OPCODE	0704	1	0.000001
OPCODE	5494	1	0.000001
OPCODE	6F28	1	0.000001
OPCODE	309A	1	0.000001
OPCODE	CEAC	1	0.000001
OPCODE	C26E	1	0.000001
OPCODE	56EF	1	0.000001
OPCODE	066D	1	0.000001
OPCODE	D691	1	0.000001
OPCODE	A954	1	0.000001
OPCODE	2101	1	0.000001
OPCODE	C290	1	0.000001
OPCODE	554C	1	0.000001
OPCODE	A96E	1	0.000001
OPCODE	0646	1	0.000001
OPCODE	CE46	1	0.000001
OPCODE	34AE	1	0.000001
OPCODE	34A8	1	0.000001
OPCODE	56D8	1	0.000001
OPCODE	234B	1	0.000001
OPCODE	D668	1	0.000001
OPCODE	A97C	1	0.000001
OPCODE	AA98	1	0.000001
OPCODE	61E6	1	0.000001
OPCODE	24A9	1	0.000001
OPCODE	0086	1	0.000001
OPCODE	CA86	1	0.000001
OPCODE	20E4	1	0.000001
OPCODE	24C7	1	0.000001
OPCODE	ABC0	1	0.000001
OPCODE	6926	1	0.000001
OPCODE	0090	1	0.000001
OPCODE	6928	1	0.000001
OPCODE	2072	1	0.000001
OPCODE	EE98	1	0.000001
OPCODE	617E	1	0.000001
OPCODE	6178	1	0.000001
OPCODE	24E8	1	0.000001
OPCODE	24EB	1	0.000001
OPCODE	616A	1	0.000001
OPCODE	6A1A	1	0.000001
OPCODE	AA95	1	0.000001
OPCODE	AA93	1	0.000001
OPCODE	0047	1	0.000001
OPCODE	3168	1	0.000001
OPCODE	0028	1	0.000001
OPCODE	3154	1	0.000001
OPCODE	6686	1	0.000001
OPCODE	31C1	1	0.000001
OPCODE	31EB	1	0.000001
OPCODE	6498	1	0.000001
OPCODE	B102	1	0.000001
OPCODE	D3F1	1	0.000001
OPCODE	2414	1	0.000001
OPCODE	642C	1	0.000001
OPCODE	20AB	1	0.000001
OPCODE	EFEB	1	0.000001
OPCODE	3284	1	0.000001
OPCODE	6374	1	0.000001
OPCODE	248C	1	0.000001
OPCODE	006E	1	0.000001
OPCODE	6322	1	0.000001
OPCODE	2493	1	0.000001
OPCODE	6CF8	1	0.000001
OPCODE	AA07	1	0.000001
OPCODE	AA00	1	0.000001
OPCODE	203B	1	0.000001
OPCODE	6C3A	1	0.000001
OPCODE	6C42	1	0.000001
OPCODE	A9D2	1	0.000001
OPCODE	5E80	1	0.000001
OPCODE	5D88	1	0.000001
OPCODE	5C89	1	0.000001
OPCODE	CC83	1	0.000001
OPCODE	5C47	1	0.000001
OPCODE	5BC6	1	0.000001
OPCODE	E9D7	1	0.000001
OPCODE	5BC2	1	0.000001
OPCODE	02AC	1	0.000001
OPCODE	5BC0	1	0.000001
OPCODE	A9CE	1	0.000001
OPCODE	240B	1	0.000001
OPCODE	A9CD	1	0.000001
OPCODE	AA45	1	0.000001
OPCODE	6A72	1	0.000001
OPCODE	CC42	1	0.000001
OPCODE	255F	1	0.000001
OPCODE	60D0	1	0.000001
OPCODE	EC88	1	0.000001
OPCODE	2064	1	0.000001
OPCODE	AA92	1	0.000001
OPCODE	CC53	1	0.000001
OPCODE	AA46	1	0.000001
OPCODE	C3EE	1	0.000001
OPCODE	60A8	1	0.000001
OPCODE	AA2E	1	0.000001
OPCODE	01F1	1	0.000001
OPCODE	AA1E	1	0.000001
OPCODE	AA0E	1	0.000001
OPCODE	AA0D	1	0.000001
OPCODE	6090	1	0.000001
OPCODE	AA08	1	0.000001
OPCODE	C444	1	0.000001
OPCODE	E18A	1	0.000001
OPCODE	8C85	1	0.000001
OPCODE	D1FC	1	0.000001
OPCODE	B429	1	0.000001
OPCODE	2E0C	1	0.000001
OPCODE	8EC5	1	0.000001
OPCODE	A1A4	1	0.000001
OPCODE	A080	1	0.000001
OPCODE	B8AE	1	0.000001
OPCODE	4212	1	0.000001
OPCODE	1147	1	0.000001
OPCODE	908B	1	0.000001
OPCODE	E182	1	0.000001
OPCODE	908C	1	0.000001
OPCODE	90C0	1	0.000001
OPCODE	A05F	1	0.000001
OPCODE	9154	1	0.000001
OPCODE	41D3	1	0.000001
OPCODE	9190	1	0.000001
OPCODE	91A8	1	0.000001
OPCODE	2964	1	0.000001
OPCODE	A801	1	0.000001
OPCODE	44FB	1	0.000001
OPCODE	1085	1	0.000001
OPCODE	A746	1	0.000001
OPCODE	83FC	1	0.000001
OPCODE	10BC	1	0.000001
OPCODE	B3F0	1	0.000001
OPCODE	E26C	1	0.000001
OPCODE	A51E	1	0.000001
OPCODE	E14F	1	0.000001
OPCODE	42B1	1	0.000001
OPCODE	A43C	1	0.000001
OPCODE	A41C	1	0.000001
OPCODE	42B0	1	0.000001
OPCODE	89A8	1	0.000001
OPCODE	315A	1	0.000001
OPCODE	4294	1	0.000001
OPCODE	8A40	1	0.000001
OPCODE	1143	1	0.000001
OPCODE	21D7	1	0.000001
OPCODE	DC8B	1	0.000001
OPCODE	9E40	1	0.000001
OPCODE	966D	1	0.000001
OPCODE	3C05	1	0.000001
OPCODE	96FC	1	0.000001
OPCODE	9C6A	1	0.000001
OPCODE	1413	1	0.000001
OPCODE	2B6E	1	0.000001
OPCODE	3B43	1	0.000001
OPCODE	3C2A	1	0.000001
OPCODE	21D3	1	0.000001
OPCODE	3B40	1	0.000001
OPCODE	DEBC	1	0.000001
OPCODE	986B	1	0.000001
OPCODE	986D	1	0.000001
OPCODE	3A1C	1	0.000001
OPCODE	9A7C	1	0.000001
OPCODE	14BC	1	0.000001
OPCODE	9A69	1	0.000001
OPCODE	E0A5	1	0.000001
OPCODE	A05E	1	0.000001
OPCODE	E14B	1	0.000001
OPCODE	A03B	1	0.000001
OPCODE	B7F1	1	0.000001
OPCODE	A033	1	0.000001
OPCODE	1213	1	0.000001
OPCODE	382B	1	0.000001
OPCODE	3F08	1	0.000001
OPCODE	382D	1	0.000001
OPCODE	E28C	1	0.000001
OPCODE	D154	1	0.000001
OPCODE	9FC0	1	0.000001
OPCODE	93C1	1	0.000001
OPCODE	3E08	1	0.000001
OPCODE	9EA8	1	0.000001
OPCODE	B7E9	1	0.000001
OPCODE	3D6C	1	0.000001
OPCODE	946D	1	0.000001
OPCODE	162A	1	0.000001
OPCODE	C0C2	1	0.000001
OPCODE	705C	1	0.000001
OPCODE	7068	1	0.000001
OPCODE	7085	1	0.000001
OPCODE	51C5	1	0.000001
OPCODE	70A1	1	0.000001
OPCODE	70C0	1	0.000001
OPCODE	3614	1	0.000001
OPCODE	1C1B	1	0.000001
OPCODE	D069	1	0.000001
OPCODE	705B	1	0.000001
OPCODE	721C	1	0.000001
OPCODE	2152	1	0.000001
OPCODE	7245	1	0.000001
OPCODE	C09F	1	0.000001
OPCODE	36AA	1	0.000001
OPCODE	B2B1	1	0.000001
OPCODE	2778	1	0.000001
OPCODE	A880	1	0.000001
OPCODE	2F24	1	0.000001
OPCODE	7029	1	0.000001
OPCODE	5269	1	0.000001
OPCODE	D730	1	0.000001
OPCODE	08C1	1	0.000001
OPCODE	A914	1	0.000001
OPCODE	A913	1	0.000001
OPCODE	701C	1	0.000001
OPCODE	34C5	1	0.000001
OPCODE	3068	1	0.000001
OPCODE	7027	1	0.000001
OPCODE	C069	1	0.000001
OPCODE	D046	1	0.000001
OPCODE	D294	1	0.000001
OPCODE	7035	1	0.000001
OPCODE	7038	1	0.000001
OPCODE	3024	1	0.000001
OPCODE	356A	1	0.000001
OPCODE	3015	1	0.000001
OPCODE	1C28	1	0.000001
OPCODE	9A6A	1	0.000001
OPCODE	4697	1	0.000001
OPCODE	2E81	1	0.000001
OPCODE	195F	1	0.000001
OPCODE	7CEE	1	0.000001
OPCODE	7CEF	1	0.000001
OPCODE	216D	1	0.000001
OPCODE	3741	1	0.000001
OPCODE	7E07	1	0.000001
OPCODE	BAA8	1	0.000001
OPCODE	46AF	1	0.000001
OPCODE	7C20	1	0.000001
OPCODE	D9C7	1	0.000001
OPCODE	2957	1	0.000001
OPCODE	BA6C	1	0.000001
OPCODE	D9C8	1	0.000001
OPCODE	A807	1	0.000001
OPCODE	A805	1	0.000001
OPCODE	81C1	1	0.000001
OPCODE	1034	1	0.000001
OPCODE	8229	1	0.000001
OPCODE	1971	1	0.000001
OPCODE	4A89	1	0.000001
OPCODE	A87E	1	0.000001
OPCODE	2264	1	0.000001
OPCODE	A86F	1	0.000001
OPCODE	76F7	1	0.000001
OPCODE	A85E	1	0.000001
OPCODE	2872	1	0.000001
OPCODE	4A57	1	0.000001
OPCODE	4A55	1	0.000001
OPCODE	A916	1	0.000001
OPCODE	0C91	1	0.000001
OPCODE	D938	1	0.000001
OPCODE	49C2	1	0.000001
OPCODE	D96A	1	0.000001
OPCODE	A84A	1	0.000001
OPCODE	E38D	1	0.000001
OPCODE	2E82	1	0.000001
OPCODE	BE50	1	0.000001
OPCODE	E36A	1	0.000001
