CONFIG_END	pc	cacr	tc
CONFIG_END	4083185C	80008000	0000C000
ENABLED_CYCLES	ic	dc	mmu
ENABLED_CYCLES	1304100000	1304100000	1304100000
SUMMARY	cycles	dispatches	clocks_per_dispatch	rd_accept_samples	look_hit_cycles	ipred_hit_cycles
SUMMARY	1304100000	202036213	6.454783	205477875	304499738	22624107
STATE	id	cycles	entries	percent
STATE	3	204777963	44423934	15.702627
STATE	4	100923074	88290337	7.738906
STATE	5	520413	520413	0.039906
STATE	8	59917669	38318127	4.594561
STATE	9	385541994	75958700	29.563837
STATE	10	120478005	52306390	9.238402
STATE	11	17820933	17820933	1.366531
STATE	13	15326907	15295389	1.175286
STATE	15	6449398	6449398	0.494548
STATE	16	1882039	1882039	0.144317
STATE	17	505020	505020	0.038726
STATE	18	4453	4453	0.000341
STATE	19	11973246	11973246	0.918123
STATE	20	68364575	68364575	5.242280
STATE	21	1739128	1739128	0.133358
STATE	22	9357082	9357082	0.717513
STATE	23	2359860	2359860	0.180957
STATE	24	4101277	4101277	0.314491
STATE	26	7350865	7350865	0.563673
STATE	27	5057801	5057801	0.387838
STATE	28	14761752	14761752	1.131949
STATE	29	1789	1789	0.000137
STATE	30	2070625	224125	0.158778
STATE	31	110	110	0.000008
STATE	34	3518181	1784882	0.269778
STATE	35	1790103	1790103	0.137267
STATE	36	1790103	1790103	0.137267
STATE	37	1790103	1790103	0.137267
STATE	38	5221	5221	0.000400
STATE	39	1790103	1790103	0.137267
STATE	41	1790103	1790103	0.137267
STATE	42	1790103	1790103	0.137267
STATE	43	43111	43111	0.003306
STATE	44	43111	43111	0.003306
STATE	45	43111	43111	0.003306
STATE	46	43111	43111	0.003306
STATE	47	43111	43111	0.003306
STATE	48	7924	7924	0.000608
STATE	49	498	498	0.000038
STATE	51	3229723	3229284	0.247659
STATE	52	1661384	1661384	0.127397
STATE	53	432803	432492	0.033188
STATE	55	2744788	2744788	0.210474
STATE	56	2804673	2804673	0.215066
STATE	57	349552	349552	0.026804
STATE	58	850084	850084	0.065185
STATE	59	61140	61140	0.004688
STATE	62	2586697	2586697	0.198351
STATE	65	2586699	2586699	0.198351
STATE	68	4181360	4181360	0.320632
STATE	69	3006650	3006650	0.230554
STATE	70	15759058	15759058	1.208424
STATE	78	4648	4648	0.000356
STATE	79	4648	4648	0.000356
STATE	81	140318	140318	0.010760
STATE	82	106436	76527	0.008162
STATE	87	31976	31976	0.002452
STATE	89	81427	81427	0.006244
STATE	90	81427	81427	0.006244
STATE	91	81427	81427	0.006244
STATE	92	81427	81427	0.006244
STATE	96	81427	81427	0.006244
STATE	97	81427	81427	0.006244
STATE	98	204879	204879	0.015710
STATE	99	1789	1789	0.000137
STATE	102	1174710	1174710	0.090078
STATE	103	1700	1700	0.000130
STATE	104	1700	1700	0.000130
STATE	106	22356	7452	0.001714
STATE	107	2299967	31976	0.176364
STATE	112	179859	179859	0.013792
STATE	113	179859	179859	0.013792
STATE	114	10652	10652	0.000817
STATE	115	2508	2508	0.000192
STATE	116	10652	10652	0.000817
STATE	117	169207	169207	0.012975
STATE	118	169207	169207	0.012975
STATE	119	3454	3454	0.000265
STATE	120	169207	169207	0.012975
STATE	121	52056	52056	0.003992
STATE	122	29	29	0.000002
STATE	129	2526	2526	0.000194
STATE	130	179859	179859	0.013792
STATE	131	179859	179859	0.013792
STATE	132	52056	52056	0.003992
STATE	133	12693816	96702	0.973378
STATE	134	930	930	0.000071
STATE	135	930	930	0.000071
STATE	136	930	930	0.000071
STATE	137	930	930	0.000071
STATE	151	10460	10460	0.000802
STATE	152	18	18	0.000001
STATE	153	22316474	11741448	1.711255
STATE	154	214	214	0.000016
STATE	155	7838035	7838035	0.601030
STATE	156	44460	44460	0.003409
STATE	157	36667	36667	0.002812
STATE	158	5716269	5716269	0.438331
STATE	160	45148632	11666052	3.462053
STATE	161	3024549	3024549	0.231926
STATE	162	74197	42451	0.005690
STATE	163	21589	21589	0.001655
STATE	164	90964	90964	0.006975
STATE	165	234937	234937	0.018015
STATE	167	65	65	0.000005
STATE	171	18	18	0.000001
STATE	173	11206	11206	0.000859
STATE	175	5840	150	0.000448
STATE	176	682	19	0.000052
STATE	177	15689	15689	0.001203
STATE	178	32560422	14316816	2.496773
STATE	179	12527214	12527214	0.960602
STATE	180	1789602	1789602	0.137229
STATE	181	36658	36658	0.002811
STATE	182	67873	67873	0.005205
STATE	183	67873	67873	0.005205
STATE	190	54228602	32755764	4.158316
STATE	191	5256	5221	0.000403
STATE	250	3654734	3547989	0.280250
MEM	name	value
MEM	mrd_cycles_cst0	162580661
MEM	mrd_cycles_cst1	40751222
MEM	mrd_cycles_cst4	152367980
MEM	mrd_cycles_cst5	10467800
MEM	mrd_cycles_cst6	19374331
MEM	mwr_cycles_cst0	68070747
MEM	mwr_cycles_cst1	5173437
MEM	mwr_cycles_cst4	33599416
MEM	mwr_cycles_cst5	6382001
MEM	mwr_cycles_cst6	7252404
MEM	mrd_cycles_sb_pending	36601801
MEM	mwr_cycles_sb_pending	32352634
MEM	data_tagwrite_entries	11879409
MEM	instr_tagwrite_entries	25381104
MEM	sb_push_signal_samples	52465820
MEM	sb_full_request_samples	1
MEM	read_with_store_pending_samples	6272177
MEM	pass_cycles_write	54851980
MEM	pass_cycles_read	17103951
REFILL_META	clock_sample	post_eval_rising_edge
REFILL_META	duration	C_FILL_through_C_TAGW_complete_bracket_spans_only
REFILL_META	mrd_overlap	core_state_9_and_C_FILL_same_sample
REFILL_META	states	issued_is_registered_state_local_match_is_combinational_setup_is_neither
REFILL_PARTIAL	start	1
REFILL_PARTIAL	end	0
REFILL_PARTIAL	aborted	0
REFILL_REGION	bank	region	fill_entries	fill_samples	tagwrite_samples	issued_state_samples	local_match_samples	setup_state_samples	mrd_overlap_samples	completed
REFILL_REGION	data	ram	11307817	90116709	11307818	67620572	11307674	11188463	90115462	11307817
REFILL_REGION	data	rom	571591	5289477	571591	3003113	0	2286364	2505770	571591
REFILL_REGION	instruction	ram	17269227	141512229	17269227	106973278	17268872	17270079	35623017	17269227
REFILL_REGION	instruction	rom	8111877	82957418	8111877	50509910	0	32447508	24123731	8111877
REFILL_SAMPLE	bank	region	fill_cnt	r_issued	fill_acked	clocks
REFILL_SAMPLE	data	ram	0	0	0	11307817
REFILL_SAMPLE	data	ram	0	1	0	67620140
REFILL_SAMPLE	data	ram	1	0	0	1430518
REFILL_SAMPLE	data	ram	1	0	1	9757514
REFILL_SAMPLE	data	ram	1	1	0	78
REFILL_SAMPLE	data	ram	1	1	1	66
REFILL_SAMPLE	data	ram	2	0	1	144
REFILL_SAMPLE	data	ram	2	1	1	144
REFILL_SAMPLE	data	ram	3	0	1	144
REFILL_SAMPLE	data	ram	3	1	1	144
REFILL_SAMPLE	data	rom	0	0	0	571591
REFILL_SAMPLE	data	rom	0	1	0	1288340
REFILL_SAMPLE	data	rom	1	0	0	102
REFILL_SAMPLE	data	rom	1	0	1	571489
REFILL_SAMPLE	data	rom	1	1	0	102
REFILL_SAMPLE	data	rom	1	1	1	571489
REFILL_SAMPLE	data	rom	2	0	1	571591
REFILL_SAMPLE	data	rom	2	1	1	571591
REFILL_SAMPLE	data	rom	3	0	1	571591
REFILL_SAMPLE	data	rom	3	1	1	571591
REFILL_SAMPLE	instruction	ram	0	0	0	17269227
REFILL_SAMPLE	instruction	ram	0	1	0	106972213
REFILL_SAMPLE	instruction	ram	1	0	1	17269014
REFILL_SAMPLE	instruction	ram	1	1	1	355
REFILL_SAMPLE	instruction	ram	2	0	1	355
REFILL_SAMPLE	instruction	ram	2	1	1	355
REFILL_SAMPLE	instruction	ram	3	0	1	355
REFILL_SAMPLE	instruction	ram	3	1	1	355
REFILL_SAMPLE	instruction	rom	0	0	0	8111877
REFILL_SAMPLE	instruction	rom	0	1	0	26174279
REFILL_SAMPLE	instruction	rom	1	0	1	8111877
REFILL_SAMPLE	instruction	rom	1	1	1	8111877
REFILL_SAMPLE	instruction	rom	2	0	1	8111877
REFILL_SAMPLE	instruction	rom	2	1	1	8111877
REFILL_SAMPLE	instruction	rom	3	0	1	8111877
REFILL_SAMPLE	instruction	rom	3	1	1	8111877
REFILL_DURATION	bank	region	clocks	complete_fills
REFILL_DURATION	data	ram	2	119786
REFILL_DURATION	instruction	ram	2	213
REFILL_DURATION	data	ram	9	10847249
REFILL_DURATION	data	rom	9	213285
REFILL_DURATION	instruction	ram	9	15019648
REFILL_DURATION	instruction	rom	9	30665
REFILL_DURATION	data	ram	10	220361
REFILL_DURATION	instruction	ram	10	1356941
REFILL_DURATION	data	ram	11	89539
REFILL_DURATION	data	rom	11	358169
REFILL_DURATION	instruction	ram	11	736753
REFILL_DURATION	instruction	rom	11	6976575
REFILL_DURATION	data	ram	12	30733
REFILL_DURATION	data	rom	12	137
REFILL_DURATION	instruction	ram	12	124830
REFILL_DURATION	instruction	rom	12	628060
REFILL_DURATION	instruction	rom	13	347153
REFILL_DURATION	data	ram	14	1
REFILL_DURATION	instruction	ram	14	30400
REFILL_DURATION	instruction	rom	14	66214
REFILL_DURATION	data	ram	15	44
REFILL_DURATION	instruction	ram	15	256
REFILL_DURATION	data	ram	16	81
REFILL_DURATION	instruction	ram	16	66
REFILL_DURATION	instruction	rom	16	30641
REFILL_DURATION	data	ram	17	13
REFILL_DURATION	instruction	ram	17	117
REFILL_DURATION	instruction	rom	17	2218
REFILL_DURATION	data	ram	18	10
REFILL_DURATION	instruction	rom	18	30351
REFILL_DURATION	instruction	ram	20	3
CACHE_STATE	id	cycles	percent
CACHE_STATE	0	783420768	60.073673
CACHE_STATE	1	79209099	6.073852
CACHE_STATE	4	319875833	24.528474
CACHE_STATE	5	37260513	2.857182
CACHE_STATE	6	71955931	5.517670
CACHE_STATE	7	12377856	0.949149
TRANSITION	from	to	count
TRANSITION	3	4	44423203
TRANSITION	3	34	731
TRANSITION	4	3	11578879
TRANSITION	4	8	6787384
TRANSITION	4	9	7446799
TRANSITION	4	10	577075
TRANSITION	4	11	5796772
TRANSITION	4	13	829215
TRANSITION	4	20	27350618
TRANSITION	4	34	1746992
TRANSITION	4	43	43111
TRANSITION	4	48	6282
TRANSITION	4	51	630688
TRANSITION	4	53	70161
TRANSITION	4	62	1682470
TRANSITION	4	65	338418
TRANSITION	4	68	2696795
TRANSITION	4	78	4648
TRANSITION	4	81	61703
TRANSITION	4	87	31976
TRANSITION	4	89	78236
TRANSITION	4	98	142329
TRANSITION	4	104	1677
TRANSITION	4	106	7452
TRANSITION	4	112	177024
TRANSITION	4	133	96702
TRANSITION	4	134	930
TRANSITION	4	153	19167
TRANSITION	4	167	65
TRANSITION	4	181	850
TRANSITION	4	190	16765869
TRANSITION	4	250	3320050
TRANSITION	5	3	140497
TRANSITION	5	4	181706
TRANSITION	5	20	197538
TRANSITION	5	51	3
TRANSITION	5	53	4
TRANSITION	5	56	46
TRANSITION	5	181	539
TRANSITION	5	190	80
TRANSITION	8	13	13703182
TRANSITION	8	15	4357224
TRANSITION	8	16	1875405
TRANSITION	8	18	4453
TRANSITION	8	19	11973246
TRANSITION	8	20	2727493
TRANSITION	8	48	1642
TRANSITION	8	51	1039063
TRANSITION	8	53	94747
TRANSITION	8	62	843088
TRANSITION	8	68	1484565
TRANSITION	8	81	78615
TRANSITION	8	89	3191
TRANSITION	8	98	62550
TRANSITION	8	104	23
TRANSITION	8	112	2835
TRANSITION	8	153	28436
TRANSITION	8	157	22680
TRANSITION	8	177	15689
TRANSITION	9	3	12500303
TRANSITION	9	4	10547456
TRANSITION	9	8	92756
TRANSITION	9	10	8964282
TRANSITION	9	11	1097099
TRANSITION	9	13	133523
TRANSITION	9	15	516969
TRANSITION	9	17	505020
TRANSITION	9	20	14143522
TRANSITION	9	23	2359758
TRANSITION	9	27	5057801
TRANSITION	9	28	1287
TRANSITION	9	42	1790103
TRANSITION	9	44	43111
TRANSITION	9	45	43111
TRANSITION	9	46	43111
TRANSITION	9	49	498
TRANSITION	9	51	425088
TRANSITION	9	53	23268
TRANSITION	9	55	792
TRANSITION	9	56	64013
TRANSITION	9	62	30596
TRANSITION	9	65	777967
TRANSITION	9	70	2091148
TRANSITION	9	118	169177
TRANSITION	9	119	3454
TRANSITION	9	136	930
TRANSITION	9	137	930
TRANSITION	9	153	1543813
TRANSITION	9	160	5716251
TRANSITION	9	162	15922
TRANSITION	9	165	42973
TRANSITION	9	171	18
TRANSITION	9	175	150
TRANSITION	9	181	4199
TRANSITION	9	190	7003858
TRANSITION	9	250	204443
TRANSITION	10	3	4470745
TRANSITION	10	4	7579702
TRANSITION	10	9	3010201
TRANSITION	10	13	402147
TRANSITION	10	20	9797790
TRANSITION	10	36	1790103
TRANSITION	10	37	1790103
TRANSITION	10	38	5221
TRANSITION	10	39	1790103
TRANSITION	10	51	238112
TRANSITION	10	52	1661384
TRANSITION	10	53	69930
TRANSITION	10	55	185991
TRANSITION	10	56	1167971
TRANSITION	10	57	349552
TRANSITION	10	62	30522
TRANSITION	10	65	244275
TRANSITION	10	70	9486550
TRANSITION	10	96	81427
TRANSITION	10	122	29
TRANSITION	10	153	18606
TRANSITION	10	161	3024549
TRANSITION	10	162	15824
TRANSITION	10	165	143973
TRANSITION	10	176	19
TRANSITION	10	181	4154
TRANSITION	10	183	67873
TRANSITION	10	190	4856038
TRANSITION	10	250	23496
TRANSITION	11	8	13725414
TRANSITION	11	26	2556831
TRANSITION	11	55	1170587
TRANSITION	11	56	210604
TRANSITION	11	58	117
TRANSITION	11	59	98
TRANSITION	11	102	773
TRANSITION	11	117	146011
TRANSITION	11	151	10460
TRANSITION	11	152	18
TRANSITION	11	155	20
TRANSITION	13	3	284345
TRANSITION	13	4	766276
TRANSITION	13	9	3763048
TRANSITION	13	10	854314
TRANSITION	13	20	1182343
TRANSITION	13	22	538974
TRANSITION	13	26	1615756
TRANSITION	13	51	481
TRANSITION	13	53	51
TRANSITION	13	55	2655
TRANSITION	13	56	474738
TRANSITION	13	62	2
TRANSITION	13	102	1173739
TRANSITION	13	117	23196
TRANSITION	13	135	930
TRANSITION	13	153	4544
TRANSITION	13	155	4609736
TRANSITION	13	181	145
TRANSITION	13	190	116
TRANSITION	15	8	1875405
TRANSITION	15	9	349560
TRANSITION	15	16	6634
TRANSITION	15	22	1
TRANSITION	15	26	517668
TRANSITION	15	55	95727
TRANSITION	15	56	30867
TRANSITION	15	58	345416
TRANSITION	15	155	3228120
TRANSITION	16	9	505019
TRANSITION	16	22	1376459
TRANSITION	16	55	165
TRANSITION	16	58	396
TRANSITION	17	8	4453
TRANSITION	17	22	11339
TRANSITION	17	26	656
TRANSITION	17	55	29886
TRANSITION	17	56	458133
TRANSITION	17	58	394
TRANSITION	17	155	159
TRANSITION	18	22	1210
TRANSITION	18	26	138
TRANSITION	18	58	3105
TRANSITION	19	22	7429099
TRANSITION	19	26	2659816
TRANSITION	19	55	1198069
TRANSITION	19	56	124366
TRANSITION	19	58	500656
TRANSITION	19	59	61042
TRANSITION	19	102	198
TRANSITION	20	8	15794346
TRANSITION	20	9	33219015
TRANSITION	20	10	7906644
TRANSITION	20	11	1423740
TRANSITION	20	15	1575205
TRANSITION	20	21	1739128
TRANSITION	20	24	2390
TRANSITION	20	28	2916724
TRANSITION	20	190	3787383
TRANSITION	21	24	1739128
TRANSITION	22	9	9357082
TRANSITION	23	3	4
TRANSITION	23	20	25
TRANSITION	23	24	2359759
TRANSITION	23	53	9
TRANSITION	23	190	63
TRANSITION	24	11	320440
TRANSITION	24	28	3780837
TRANSITION	26	9	2082418
TRANSITION	26	10	2588118
TRANSITION	26	28	2680328
TRANSITION	27	28	5057801
TRANSITION	28	3	155001
TRANSITION	28	4	7230572
TRANSITION	28	5	175631
TRANSITION	28	10	6454641
TRANSITION	28	13	31355
TRANSITION	28	20	21957
TRANSITION	28	29	1789
TRANSITION	28	30	222425
TRANSITION	28	51	303900
TRANSITION	28	53	30664
TRANSITION	28	65	225
TRANSITION	28	103	1700
TRANSITION	28	181	1315
TRANSITION	28	190	130577
TRANSITION	29	99	1789
TRANSITION	30	3	115
TRANSITION	30	4	95618
TRANSITION	30	13	42540
TRANSITION	30	20	40795
TRANSITION	30	31	110
TRANSITION	30	55	1
TRANSITION	30	65	5
TRANSITION	30	153	40489
TRANSITION	30	181	39
TRANSITION	30	190	4413
TRANSITION	31	4	34
TRANSITION	31	20	76
TRANSITION	34	35	1784882
TRANSITION	35	10	1790103
TRANSITION	36	10	1790103
TRANSITION	37	10	1790103
TRANSITION	38	10	5221
TRANSITION	39	41	1790103
TRANSITION	41	9	1790103
TRANSITION	42	34	501
TRANSITION	42	178	1789602
TRANSITION	43	9	43111
TRANSITION	44	9	43111
TRANSITION	45	9	43111
TRANSITION	46	47	43111
TRANSITION	47	3	23851
TRANSITION	47	181	19260
TRANSITION	48	9	7924
TRANSITION	49	181	498
TRANSITION	51	3	1212691
TRANSITION	51	4	330801
TRANSITION	51	10	1313687
TRANSITION	51	13	32002
TRANSITION	51	20	208508
TRANSITION	51	56	29768
TRANSITION	51	62	19
TRANSITION	51	153	6
TRANSITION	51	181	90
TRANSITION	51	190	101712
TRANSITION	52	3	1661165
TRANSITION	52	181	219
TRANSITION	53	3	150595
TRANSITION	53	4	213782
TRANSITION	53	13	14
TRANSITION	53	20	22874
TRANSITION	53	51	31780
TRANSITION	53	65	138
TRANSITION	53	181	15
TRANSITION	53	190	13294
TRANSITION	55	3	2711352
TRANSITION	55	4	33201
TRANSITION	55	181	235
TRANSITION	56	10	2804673
TRANSITION	57	3	349494
TRANSITION	57	181	58
TRANSITION	58	3	61222
TRANSITION	58	4	377041
TRANSITION	58	13	29808
TRANSITION	58	20	381895
TRANSITION	58	56	37
TRANSITION	58	181	81
TRANSITION	59	10	61140
TRANSITION	62	10	2586697
TRANSITION	65	9	2586699
TRANSITION	68	11	1174710
TRANSITION	68	69	3006650
TRANSITION	69	70	3006650
TRANSITION	70	3	61488
TRANSITION	70	4	1152297
TRANSITION	70	9	2091148
TRANSITION	70	10	9486550
TRANSITION	70	13	1842
TRANSITION	70	20	1640628
TRANSITION	70	51	31091
TRANSITION	70	53	38
TRANSITION	70	55	30456
TRANSITION	70	56	61102
TRANSITION	70	65	1159627
TRANSITION	70	153	10673
TRANSITION	70	181	1269
TRANSITION	70	190	30849
TRANSITION	78	79	4648
TRANSITION	79	3	66
TRANSITION	79	4	2013
TRANSITION	79	20	2569
TRANSITION	81	5	63791
TRANSITION	81	82	76527
TRANSITION	82	5	76527
TRANSITION	87	107	31976
TRANSITION	89	90	81427
TRANSITION	90	91	81427
TRANSITION	91	92	81427
TRANSITION	92	9	81427
TRANSITION	96	97	81427
TRANSITION	97	4	81103
TRANSITION	97	51	272
TRANSITION	97	53	15
TRANSITION	97	181	37
TRANSITION	98	3	170
TRANSITION	98	4	39
TRANSITION	98	5	204445
TRANSITION	98	20	225
TRANSITION	99	3	34
TRANSITION	99	4	1142
TRANSITION	99	20	368
TRANSITION	99	190	245
TRANSITION	102	70	1174710
TRANSITION	103	30	1700
TRANSITION	104	20	1700
TRANSITION	106	3	7452
TRANSITION	107	3	31976
TRANSITION	112	113	179859
TRANSITION	113	11	169207
TRANSITION	113	114	10652
TRANSITION	114	115	2508
TRANSITION	114	116	8144
TRANSITION	115	116	2508
TRANSITION	116	130	10652
TRANSITION	117	9	169207
TRANSITION	118	9	3454
TRANSITION	118	120	165753
TRANSITION	119	120	3454
TRANSITION	120	130	169207
TRANSITION	121	10	52056
TRANSITION	122	10	29
TRANSITION	129	4	2172
TRANSITION	129	20	256
TRANSITION	129	153	98
TRANSITION	130	131	179859
TRANSITION	131	3	1495
TRANSITION	131	4	118396
TRANSITION	131	20	5293
TRANSITION	131	129	2526
TRANSITION	131	132	52056
TRANSITION	131	181	21
TRANSITION	131	190	72
TRANSITION	132	121	52056
TRANSITION	133	3	96668
TRANSITION	133	181	34
TRANSITION	134	11	930
TRANSITION	135	9	930
TRANSITION	136	9	930
TRANSITION	137	51	930
TRANSITION	151	10	5239
TRANSITION	151	182	5221
TRANSITION	152	9	18
TRANSITION	153	8	15689
TRANSITION	153	11	7838035
TRANSITION	153	154	214
TRANSITION	153	156	44460
TRANSITION	153	157	13987
TRANSITION	153	158	786322
TRANSITION	153	160	3009422
TRANSITION	153	164	22113
TRANSITION	153	173	11206
TRANSITION	154	162	214
TRANSITION	155	158	4929929
TRANSITION	155	160	2881932
TRANSITION	155	162	10491
TRANSITION	155	164	15683
TRANSITION	156	160	44460
TRANSITION	157	8	22680
TRANSITION	157	160	13987
TRANSITION	158	9	5716269
TRANSITION	160	3	11
TRANSITION	160	4	2011959
TRANSITION	160	10	2916350
TRANSITION	160	20	16477
TRANSITION	160	51	5182
TRANSITION	160	153	6709655
TRANSITION	160	181	1197
TRANSITION	160	191	5221
TRANSITION	161	4	512877
TRANSITION	161	10	108199
TRANSITION	161	20	773533
TRANSITION	161	56	8990
TRANSITION	161	153	1620383
TRANSITION	161	181	567
TRANSITION	162	4	111
TRANSITION	162	9	15922
TRANSITION	162	20	5338
TRANSITION	162	65	5218
TRANSITION	162	153	35
TRANSITION	162	163	15824
TRANSITION	162	181	3
TRANSITION	163	3	30
TRANSITION	163	4	257
TRANSITION	163	10	15824
TRANSITION	163	20	5478
TRANSITION	164	9	42973
TRANSITION	164	165	47991
TRANSITION	165	4	14325
TRANSITION	165	10	143973
TRANSITION	165	20	1063
TRANSITION	165	153	22398
TRANSITION	165	164	53168
TRANSITION	165	181	10
TRANSITION	167	20	65
TRANSITION	171	4	18
TRANSITION	173	4	208
TRANSITION	173	153	5233
TRANSITION	173	163	5765
TRANSITION	175	23	102
TRANSITION	175	118	30
TRANSITION	175	158	18
TRANSITION	176	5	19
TRANSITION	177	3	57
TRANSITION	177	4	5164
TRANSITION	177	20	5221
TRANSITION	177	153	5247
TRANSITION	178	179	12527214
TRANSITION	178	180	1789602
TRANSITION	179	178	12527214
TRANSITION	180	3	1789602
TRANSITION	181	34	36658
TRANSITION	182	10	67873
TRANSITION	183	4	5214
TRANSITION	183	181	7
TRANSITION	183	182	62652
TRANSITION	190	3	7134398
TRANSITION	190	4	12557421
TRANSITION	190	9	194410
TRANSITION	190	13	89522
TRANSITION	190	20	9829204
TRANSITION	190	28	324775
TRANSITION	190	51	522694
TRANSITION	190	53	143087
TRANSITION	190	55	30459
TRANSITION	190	56	154839
TRANSITION	190	65	60826
TRANSITION	190	153	1712665
TRANSITION	190	181	1464
TRANSITION	191	35	5221
TRANSITION	250	3	228
TRANSITION	250	4	46229
TRANSITION	250	9	3394810
TRANSITION	250	10	23496
TRANSITION	250	13	239
TRANSITION	250	20	1723
TRANSITION	250	53	518
TRANSITION	250	56	19199
TRANSITION	250	181	352
TRANSITION	250	190	61195
F4SITE	F4E9	0009AD6E	64910
F4SITE	F4E9	40887126	136
F4SITE	F4E9	408E9B18	160
F4SITE	F4F1	0009AD6A	498
F4SITE	F4F1	40887122	5
F4SITE	F4F8	0009AD20	25
F4SITE	F4F8	40885032	30968
F4CALL	0009AD6A	E2E60000	101
F4CALL	0009AD6E	00000000	131
F4CALL	0009AD6E	0000FFFF	140
F4CALL	0009AD6E	01C80000	117
F4CALL	0009AD6E	2C9AFFFF	118
F4CALL	0009AD6E	6214FFFF	59762
F4CALL	0009AD6E	8AFC0000	164
F4CALL	0009AD6E	90B80000	126
F4CALL	0009AD6E	9B70FFFF	106
F4CALL	0009AD6E	C7F80000	176
F4CALL	0009AD6E	E2E60000	1573
F4CALL	40885032	40887824	30544
F4CALL	40885032	50300003	162
OPCODE	opcode	dispatches	percent
OPCODE	4E75	8558647	4.236195
OPCODE	F22E	4526705	2.240541
OPCODE	2008	3023884	1.496704
OPCODE	F200	2986762	1.478330
OPCODE	5343	2947179	1.458738
OPCODE	672E	2916457	1.443532
OPCODE	201B	2915497	1.443057
OPCODE	6ECA	2914615	1.442620
OPCODE	4E5E	2586401	1.280167
OPCODE	4E56	2586399	1.280166
OPCODE	E788	2571583	1.272833
OPCODE	0C42	2566614	1.270373
OPCODE	48E7	2081996	1.030506
OPCODE	4EBA	1940592	0.960517
OPCODE	241F	1869921	0.925538
OPCODE	2F02	1869657	0.925407
OPCODE	2F0A	1844310	0.912861
OPCODE	245F	1782771	0.882402
OPCODE	286E	1777401	0.879744
OPCODE	246F	1747167	0.864779
OPCODE	341A	1746992	0.864693
OPCODE	2F4A	1746992	0.864693
OPCODE	E588	1594814	0.789370
OPCODE	E589	1594024	0.788979
OPCODE	48C0	1514862	0.749797
OPCODE	4EF9	1445323	0.715378
OPCODE	205F	1397238	0.691578
OPCODE	2F70	1373587	0.679872
OPCODE	0442	1373057	0.679609
OPCODE	7000	1362691	0.674479
OPCODE	200C	1312469	0.649621
OPCODE	F232	1282520	0.634797
OPCODE	F230	1177600	0.582866
OPCODE	2F0C	1166963	0.577601
OPCODE	4CEE	1166708	0.577475
OPCODE	2E9F	1158742	0.573532
OPCODE	B0B8	1131067	0.559834
OPCODE	2F38	1074703	0.531936
OPCODE	4E71	1061771	0.525535
OPCODE	2040	1053278	0.521331
OPCODE	4ED0	1036071	0.512815
OPCODE	22D8	1033822	0.511701
OPCODE	6006	1009753	0.499788
OPCODE	6100	972463	0.481331
OPCODE	3043	963176	0.476734
OPCODE	0C97	944986	0.467731
OPCODE	225F	935747	0.463158
OPCODE	4CDF	921698	0.456204
OPCODE	558F	912810	0.451805
OPCODE	3003	858765	0.425055
OPCODE	6EFA	852969	0.422186
OPCODE	2209	833409	0.412505
OPCODE	2208	826021	0.408848
OPCODE	3044	825621	0.408650
OPCODE	3045	825603	0.408641
OPCODE	2270	809697	0.400768
OPCODE	5242	800408	0.396171
OPCODE	C0B8	794528	0.393260
OPCODE	6706	774078	0.383138
OPCODE	F212	770560	0.381397
OPCODE	2073	768105	0.380182
OPCODE	2046	768020	0.380140
OPCODE	24AE	768010	0.380135
OPCODE	3242	768000	0.380130
OPCODE	3042	768000	0.380130
OPCODE	F231	768000	0.380130
OPCODE	598F	764454	0.378375
OPCODE	0240	745236	0.368863
OPCODE	0838	716156	0.354469
OPCODE	6604	705124	0.349009
OPCODE	3029	670209	0.331727
OPCODE	0C40	660790	0.327065
OPCODE	2F08	660545	0.326944
OPCODE	2F09	658429	0.325897
OPCODE	6608	649022	0.321240
OPCODE	6700	640946	0.317243
OPCODE	266E	631503	0.312569
OPCODE	486E	631279	0.312458
OPCODE	66F2	609217	0.301539
OPCODE	2055	582813	0.288470
OPCODE	2250	578266	0.286219
OPCODE	41FA	564581	0.279445
OPCODE	661C	555106	0.274756
OPCODE	4A80	553746	0.274083
OPCODE	5243	495383	0.245195
OPCODE	2A78	486952	0.241022
OPCODE	0C6C	486714	0.240904
OPCODE	2F01	474512	0.234865
OPCODE	6602	471916	0.233580
OPCODE	584F	470782	0.233019
OPCODE	4EB0	456994	0.226194
OPCODE	5240	445243	0.220378
OPCODE	221F	443781	0.219654
OPCODE	4A40	442347	0.218944
OPCODE	6708	432763	0.214201
OPCODE	671A	428349	0.212016
OPCODE	2978	426704	0.211202
OPCODE	D045	411742	0.203796
OPCODE	2047	411223	0.203539
OPCODE	3004	410030	0.202949
OPCODE	27AE	409600	0.202736
OPCODE	6000	405381	0.200648
OPCODE	0C38	405235	0.200575
OPCODE	2F2E	404882	0.200401
OPCODE	7002	395747	0.195879
OPCODE	670E	386524	0.191314
OPCODE	47FA	377801	0.186997
OPCODE	3202	377421	0.186809
OPCODE	7600	375231	0.185725
OPCODE	0242	374432	0.185329
OPCODE	6530	373996	0.185113
OPCODE	1401	373972	0.185101
OPCODE	3200	370242	0.183255
OPCODE	200B	369273	0.182776
OPCODE	0C50	368560	0.182423
OPCODE	6606	368079	0.182185
OPCODE	2070	367796	0.182045
OPCODE	4A10	366767	0.181535
OPCODE	4A1F	366303	0.181306
OPCODE	102C	365550	0.180933
OPCODE	6E26	365041	0.180681
OPCODE	B228	365038	0.180679
OPCODE	6D20	365038	0.180679
OPCODE	4881	365038	0.180679
OPCODE	E541	365035	0.180678
OPCODE	9228	365035	0.180678
OPCODE	A829	364500	0.180413
OPCODE	2A40	364490	0.180408
OPCODE	204B	360660	0.178513
OPCODE	2078	352418	0.174433
OPCODE	2478	342622	0.169584
OPCODE	61FF	341224	0.168892
OPCODE	21CA	340022	0.168298
OPCODE	21CB	339814	0.168195
OPCODE	47FB	339799	0.168187
OPCODE	47F9	339758	0.168167
OPCODE	7601	337595	0.167096
OPCODE	504F	337165	0.166883
OPCODE	4A11	336178	0.166395
OPCODE	206D	333780	0.165208
OPCODE	B0AC	304691	0.150810
OPCODE	285F	304508	0.150720
OPCODE	200D	303902	0.150420
OPCODE	206E	301113	0.149039
OPCODE	7A00	300476	0.148724
OPCODE	1A2B	299333	0.148158
OPCODE	6704	298549	0.147770
OPCODE	6AF8	298088	0.147542
OPCODE	6600	297824	0.147411
OPCODE	2009	295474	0.146248
OPCODE	4A2C	277967	0.137583
OPCODE	317C	276993	0.137101
OPCODE	202E	269848	0.133564
OPCODE	0800	265166	0.131247
OPCODE	670C	264343	0.130839
OPCODE	D1C0	260127	0.128753
OPCODE	660E	260112	0.128745
OPCODE	6710	250625	0.124050
OPCODE	426E	247636	0.122570
OPCODE	670A	247361	0.122434
OPCODE	548F	246840	0.122176
OPCODE	301F	244637	0.121086
OPCODE	2007	243977	0.120759
OPCODE	1D43	243699	0.120621
OPCODE	2F00	243521	0.120533
OPCODE	60F4	243448	0.120497
OPCODE	41ED	243412	0.120479
OPCODE	2D6C	243352	0.120450
OPCODE	0C43	238652	0.118123
OPCODE	B66E	231426	0.114547
OPCODE	D3C0	230012	0.113847
OPCODE	6C04	226749	0.112232
OPCODE	2D40	226429	0.112073
OPCODE	7400	224349	0.111044
OPCODE	0C6F	222572	0.110164
OPCODE	5088	222295	0.110027
OPCODE	6724	222234	0.109997
OPCODE	2F3A	222101	0.109931
OPCODE	2F3C	218253	0.108027
OPCODE	6720	217830	0.107817
OPCODE	4267	217443	0.107626
OPCODE	262E	216927	0.107370
OPCODE	2E00	215924	0.106874
OPCODE	226F	215141	0.106486
OPCODE	3F3C	214504	0.106171
OPCODE	2878	214023	0.105933
OPCODE	2D4C	213507	0.105678
OPCODE	A873	212942	0.105398
OPCODE	20AF	212942	0.105398
OPCODE	3005	209291	0.103591
OPCODE	D043	206960	0.102437
OPCODE	D046	206901	0.102408
OPCODE	D044	206091	0.102007
OPCODE	224A	205887	0.101906
OPCODE	3243	205169	0.101551
OPCODE	6FE0	204800	0.101368
OPCODE	7001	204508	0.101223
OPCODE	6702	196259	0.097141
OPCODE	2400	194590	0.096314
OPCODE	5188	190338	0.094210
OPCODE	2840	190269	0.094176
OPCODE	661A	189945	0.094015
OPCODE	2002	188302	0.093202
OPCODE	4278	188032	0.093068
OPCODE	2C78	185893	0.092010
OPCODE	1F38	185884	0.092005
OPCODE	11DF	185863	0.091995
OPCODE	2F14	185824	0.091976
OPCODE	2C40	185775	0.091951
OPCODE	2849	185704	0.091916
OPCODE	908E	185655	0.091892
OPCODE	D9C3	185655	0.091892
OPCODE	200E	185607	0.091868
OPCODE	08F8	185414	0.091773
OPCODE	6740	185360	0.091746
OPCODE	662C	184857	0.091497
OPCODE	70FF	184250	0.091197
OPCODE	594F	183732	0.090940
OPCODE	602A	183475	0.090813
OPCODE	0C5F	183249	0.090701
OPCODE	6E0C	183246	0.090700
OPCODE	3EB8	183237	0.090695
OPCODE	2EB8	182944	0.090550
OPCODE	295F	182908	0.090532
OPCODE	B0AB	182843	0.090500
OPCODE	E748	182785	0.090471
OPCODE	2D5F	182601	0.090380
OPCODE	2F30	182497	0.090329
OPCODE	B9F8	182468	0.090315
OPCODE	296B	182441	0.090301
OPCODE	6674	182420	0.090291
OPCODE	A88F	182418	0.090290
OPCODE	2A41	182418	0.090290
OPCODE	220D	182418	0.090290
OPCODE	66D2	182398	0.090280
OPCODE	65F2	182308	0.090235
OPCODE	A924	182301	0.090232
OPCODE	08B8	181254	0.089714
OPCODE	286D	180253	0.089218
OPCODE	B3D6	176429	0.087325
OPCODE	6426	176067	0.087146
OPCODE	007C	173130	0.085693
OPCODE	2211	173127	0.085691
OPCODE	302E	172165	0.085215
OPCODE	D3C1	171028	0.084652
OPCODE	C282	171026	0.084651
OPCODE	51C8	169815	0.084052
OPCODE	2010	163650	0.081000
OPCODE	6002	163046	0.080701
OPCODE	660A	162557	0.080459
OPCODE	6712	160729	0.079555
OPCODE	3028	160524	0.079453
OPCODE	4EB9	159946	0.079167
OPCODE	6B3A	159690	0.079040
OPCODE	286B	159179	0.078787
OPCODE	662A	158298	0.078351
OPCODE	6B0C	157715	0.078063
OPCODE	2240	157584	0.077998
OPCODE	202C	156659	0.077540
OPCODE	200A	156277	0.077351
OPCODE	2051	155536	0.076984
OPCODE	6B00	155146	0.076791
OPCODE	4FEF	154816	0.076628
OPCODE	6130	154386	0.076415
OPCODE	3038	154265	0.076355
OPCODE	2E08	154252	0.076349
OPCODE	2C49	154114	0.076280
OPCODE	9DE8	154037	0.076242
OPCODE	6106	153510	0.075981
OPCODE	6C18	153246	0.075851
OPCODE	4A6C	152810	0.075635
OPCODE	3D47	152679	0.075570
OPCODE	224C	152489	0.075476
OPCODE	4A47	152362	0.075413
OPCODE	3014	151945	0.075207
OPCODE	0C52	151892	0.075181
OPCODE	3612	151857	0.075163
OPCODE	62EA	151840	0.075155
OPCODE	2668	151800	0.075135
OPCODE	2050	150905	0.074692
OPCODE	2278	150515	0.074499
OPCODE	43EE	143800	0.071175
OPCODE	2068	139606	0.069099
OPCODE	2038	137533	0.068073
OPCODE	4E90	135833	0.067232
OPCODE	4A38	134687	0.066665
OPCODE	206B	133469	0.066062
OPCODE	4AB8	133102	0.065880
OPCODE	6F00	131994	0.065332
OPCODE	4ED1	131363	0.065020
OPCODE	C2B8	129581	0.064138
OPCODE	6734	128048	0.063379
OPCODE	0C00	126898	0.062810
OPCODE	203A	125722	0.062227
OPCODE	6008	125702	0.062218
OPCODE	6622	125322	0.062029
OPCODE	2269	124600	0.061672
OPCODE	201F	124347	0.061547
OPCODE	0C68	124212	0.061480
OPCODE	2178	123637	0.061195
OPCODE	4A28	123383	0.061070
OPCODE	6730	123314	0.061036
OPCODE	1432	122615	0.060690
OPCODE	4247	122287	0.060527
OPCODE	554F	122269	0.060518
OPCODE	082A	122253	0.060510
OPCODE	220B	121950	0.060360
OPCODE	60EA	121799	0.060286
OPCODE	321A	121740	0.060257
OPCODE	2290	121646	0.060210
OPCODE	A874	121635	0.060205
OPCODE	2453	121617	0.060196
OPCODE	B243	121615	0.060195
OPCODE	2F2D	121531	0.060153
OPCODE	6F1C	121528	0.060152
OPCODE	266D	121039	0.059910
OPCODE	4207	121027	0.059904
OPCODE	246E	119182	0.058990
OPCODE	66F0	115514	0.057175
OPCODE	41EE	114130	0.056490
OPCODE	41EB	110698	0.054791
OPCODE	40E7	103532	0.051244
OPCODE	46DF	103506	0.051231
OPCODE	B646	102419	0.050693
OPCODE	4A68	100289	0.049639
OPCODE	B7CC	100255	0.049622
OPCODE	B280	100079	0.049535
OPCODE	51CA	99983	0.049488
OPCODE	40C0	99162	0.049081
OPCODE	2054	98961	0.048982
OPCODE	43E9	98895	0.048949
OPCODE	660C	98849	0.048926
OPCODE	0801	97487	0.048252
OPCODE	6500	96857	0.047940
OPCODE	2028	96759	0.047892
OPCODE	6618	96633	0.047830
OPCODE	2678	96359	0.047694
OPCODE	2F0B	95881	0.047457
OPCODE	4EFB	95838	0.047436
OPCODE	6620	95568	0.047302
OPCODE	0829	95249	0.047145
OPCODE	663A	95006	0.047024
OPCODE	6004	94848	0.046946
OPCODE	0C80	94831	0.046938
OPCODE	4A50	94669	0.046857
OPCODE	43F8	94371	0.046710
OPCODE	4A43	94303	0.046676
OPCODE	6732	93625	0.046341
OPCODE	6614	93575	0.046316
OPCODE	672A	93563	0.046310
OPCODE	4A00	93409	0.046234
OPCODE	2640	92748	0.045907
OPCODE	1003	92465	0.045767
OPCODE	41EA	92054	0.045563
OPCODE	3E1F	91994	0.045533
OPCODE	2014	91915	0.045494
OPCODE	45FA	91866	0.045470
OPCODE	5540	91829	0.045452
OPCODE	5C4F	91748	0.045412
OPCODE	6026	91671	0.045374
OPCODE	08D1	91615	0.045346
OPCODE	486B	91582	0.045329
OPCODE	B093	91519	0.045298
OPCODE	2F07	91493	0.045285
OPCODE	4A05	91417	0.045248
OPCODE	4AAD	91247	0.045164
OPCODE	67F2	91237	0.045159
OPCODE	266C	91176	0.045129
OPCODE	6C12	91170	0.045126
OPCODE	4A53	91150	0.045116
OPCODE	2F0F	91142	0.045112
OPCODE	D4C7	91131	0.045106
OPCODE	6718	91110	0.045096
OPCODE	4250	91107	0.045094
OPCODE	7004	90977	0.045030
OPCODE	B0AD	90558	0.044823
OPCODE	4A6D	90521	0.044804
OPCODE	1D47	90473	0.044781
OPCODE	C1FC	83562	0.041360
OPCODE	302C	78901	0.039053
OPCODE	B1D6	78037	0.038625
OPCODE	0811	77961	0.038588
OPCODE	4880	77719	0.038468
OPCODE	2448	77200	0.038211
OPCODE	4E7B	76527	0.037878
OPCODE	0281	76161	0.037697
OPCODE	C029	75780	0.037508
OPCODE	1080	75214	0.037228
OPCODE	203C	74206	0.036729
OPCODE	102E	73650	0.036454
OPCODE	3018	73086	0.036175
OPCODE	B1CB	72199	0.035736
OPCODE	2006	71828	0.035552
OPCODE	42AE	70664	0.034976
OPCODE	D3CE	70125	0.034709
OPCODE	5340	70065	0.034679
OPCODE	D1C1	69603	0.034451
OPCODE	46C0	68937	0.034121
OPCODE	700C	68896	0.034101
OPCODE	76FF	68388	0.033849
OPCODE	6F04	68305	0.033808
OPCODE	222E	67935	0.033625
OPCODE	2210	67904	0.033610
OPCODE	674C	67157	0.033240
OPCODE	6E0A	66737	0.033032
OPCODE	2251	66284	0.032808
OPCODE	3228	65666	0.032502
OPCODE	41F8	65445	0.032393
OPCODE	F4E9	65206	0.032274
OPCODE	9082	65046	0.032195
OPCODE	600A	64919	0.032132
OPCODE	42A8	64866	0.032106
OPCODE	60FF	64696	0.032022
OPCODE	204C	64541	0.031945
OPCODE	2229	64219	0.031786
OPCODE	2212	64134	0.031744
OPCODE	4AAE	63973	0.031664
OPCODE	2469	63968	0.031662
OPCODE	0280	63858	0.031607
OPCODE	4E7A	63791	0.031574
OPCODE	2215	63789	0.031573
OPCODE	6716	63099	0.031232
OPCODE	3238	62904	0.031135
OPCODE	3010	62790	0.031079
OPCODE	0CAF	62743	0.031055
OPCODE	7201	62691	0.031030
OPCODE	2E2E	62583	0.030976
OPCODE	B058	62548	0.030959
OPCODE	B5CB	62496	0.030933
OPCODE	6626	62011	0.030693
OPCODE	4A07	61997	0.030686
OPCODE	4AAB	61931	0.030653
OPCODE	2940	61819	0.030598
OPCODE	20D9	61810	0.030594
OPCODE	D5C1	61806	0.030592
OPCODE	3013	61657	0.030518
OPCODE	2253	61651	0.030515
OPCODE	3232	61598	0.030489
OPCODE	3F2E	61593	0.030486
OPCODE	2F2F	61510	0.030445
OPCODE	508F	61432	0.030406
OPCODE	244B	61411	0.030396
OPCODE	6752	61395	0.030388
OPCODE	B06C	61363	0.030372
OPCODE	4A5F	61351	0.030366
OPCODE	6016	61350	0.030366
OPCODE	57C3	61316	0.030349
OPCODE	41E8	61263	0.030323
OPCODE	600E	61259	0.030321
OPCODE	4403	61218	0.030301
OPCODE	3F06	61178	0.030281
OPCODE	6638	61176	0.030280
OPCODE	B7FC	61155	0.030269
OPCODE	7006	61144	0.030264
OPCODE	2F28	61127	0.030255
OPCODE	302D	61085	0.030235
OPCODE	DFC0	61077	0.030231
OPCODE	0247	61040	0.030212
OPCODE	4878	61039	0.030212
OPCODE	2C00	61033	0.030209
OPCODE	3D5F	61005	0.030195
OPCODE	4869	60991	0.030188
OPCODE	663C	60942	0.030164
OPCODE	6B12	60922	0.030154
OPCODE	207A	60899	0.030143
OPCODE	7010	60895	0.030141
OPCODE	6632	60892	0.030139
OPCODE	6746	60887	0.030137
OPCODE	08AA	60880	0.030133
OPCODE	A049	60864	0.030125
OPCODE	2238	60840	0.030113
OPCODE	6636	60839	0.030113
OPCODE	0647	60838	0.030112
OPCODE	2450	60818	0.030103
OPCODE	2D6D	60804	0.030096
OPCODE	62EC	60793	0.030090
OPCODE	676A	60785	0.030086
OPCODE	3218	60782	0.030085
OPCODE	2A81	60781	0.030084
OPCODE	4A52	60778	0.030083
OPCODE	6634	60775	0.030081
OPCODE	7012	60774	0.030081
OPCODE	260C	60772	0.030080
OPCODE	C078	60771	0.030079
OPCODE	1141	60760	0.030074
OPCODE	4254	60759	0.030073
OPCODE	D8FC	60758	0.030073
OPCODE	3F7A	60754	0.030071
OPCODE	1178	60752	0.030070
OPCODE	1F05	60750	0.030069
OPCODE	1D5F	60750	0.030069
OPCODE	4A54	60745	0.030066
OPCODE	E359	60742	0.030065
OPCODE	5D43	60741	0.030064
OPCODE	303A	60740	0.030064
OPCODE	677E	60735	0.030061
OPCODE	103A	60734	0.030061
OPCODE	D0A9	60730	0.030059
OPCODE	5543	60727	0.030057
OPCODE	70FC	60424	0.029908
OPCODE	224B	60415	0.029903
OPCODE	6C08	60287	0.029840
OPCODE	1EBC	60229	0.029811
OPCODE	B054	60219	0.029806
OPCODE	B051	59843	0.029620
OPCODE	38BC	59504	0.029452
OPCODE	C0A9	59442	0.029421
OPCODE	F620	58102	0.028758
OPCODE	6722	56917	0.028172
OPCODE	25AE	55020	0.027233
OPCODE	422E	53652	0.026556
OPCODE	E9D0	53329	0.026396
OPCODE	6404	53057	0.026261
OPCODE	5382	52292	0.025882
OPCODE	D685	52255	0.025864
OPCODE	EFD1	52013	0.025744
OPCODE	DC84	51650	0.025565
OPCODE	2037	51648	0.025564
OPCODE	4258	49408	0.024455
OPCODE	5380	49174	0.024339
OPCODE	4840	48973	0.024240
OPCODE	4A14	47527	0.023524
OPCODE	284A	47484	0.023503
OPCODE	65CA	47464	0.023493
OPCODE	D1C4	47375	0.023449
OPCODE	2810	47290	0.023407
OPCODE	C8B8	47170	0.023347
OPCODE	4A13	47157	0.023341
OPCODE	6A1E	46940	0.023233
OPCODE	F201	43908	0.021733
OPCODE	08A9	43179	0.021372
OPCODE	4E73	43111	0.021338
OPCODE	48C1	42804	0.021186
OPCODE	0640	42088	0.020832
OPCODE	6A04	41826	0.020702
OPCODE	5244	41644	0.020612
OPCODE	65A6	41550	0.020566
OPCODE	6A44	41283	0.020433
OPCODE	3006	40484	0.020038
OPCODE	43FA	40273	0.019934
OPCODE	9240	40256	0.019925
OPCODE	7200	40234	0.019914
OPCODE	6B14	40163	0.019879
OPCODE	2049	39637	0.019619
OPCODE	3204	39036	0.019321
OPCODE	6D06	38983	0.019295
OPCODE	81FC	38610	0.019110
OPCODE	4E93	38521	0.019066
OPCODE	3800	38493	0.019053
OPCODE	0641	38492	0.019052
OPCODE	3940	38480	0.019046
OPCODE	2248	38442	0.019027
OPCODE	83FC	38401	0.019007
OPCODE	2072	38400	0.019006
OPCODE	21AE	38400	0.019006
OPCODE	F227	38282	0.018948
OPCODE	6714	38232	0.018923
OPCODE	6748	38205	0.018910
OPCODE	707F	37896	0.018757
OPCODE	0C01	37356	0.018490
OPCODE	6616	37343	0.018483
OPCODE	6A02	37322	0.018473
OPCODE	57C0	36768	0.018199
OPCODE	D081	36680	0.018155
OPCODE	6104	36635	0.018133
OPCODE	0241	36593	0.018112
OPCODE	0891	36358	0.017996
OPCODE	202D	36098	0.017867
OPCODE	226C	36016	0.017827
OPCODE	2D7C	35900	0.017769
OPCODE	4AA8	35572	0.017607
OPCODE	671C	35293	0.017469
OPCODE	4A6E	35262	0.017453
OPCODE	302F	35204	0.017425
OPCODE	4A94	35168	0.017407
OPCODE	6646	35071	0.017359
OPCODE	3428	34919	0.017284
OPCODE	307B	34767	0.017208
OPCODE	7217	34767	0.017208
OPCODE	43E8	34680	0.017165
OPCODE	2011	34606	0.017129
OPCODE	2440	34584	0.017118
OPCODE	42A7	34298	0.016976
OPCODE	F23A	34141	0.016898
OPCODE	7E00	34110	0.016883
OPCODE	4E91	34061	0.016859
OPCODE	6E04	34032	0.016845
OPCODE	6728	34020	0.016839
OPCODE	4A2A	33965	0.016811
OPCODE	422C	33930	0.016794
OPCODE	E149	33915	0.016787
OPCODE	2043	33913	0.016786
OPCODE	1F00	33770	0.016715
OPCODE	4A42	33651	0.016656
OPCODE	675C	33610	0.016636
OPCODE	D480	33558	0.016610
OPCODE	4A41	33472	0.016567
OPCODE	9081	33311	0.016488
OPCODE	720F	33263	0.016464
OPCODE	5180	33214	0.016440
OPCODE	6736	33197	0.016431
OPCODE	C210	33190	0.016428
OPCODE	101F	33061	0.016364
OPCODE	24D1	33046	0.016356
OPCODE	51CB	33002	0.016335
OPCODE	2D41	32986	0.016327
OPCODE	4A2D	32979	0.016323
OPCODE	6E00	32722	0.016196
OPCODE	56C8	32676	0.016173
OPCODE	E9D4	32641	0.016156
OPCODE	74F4	32579	0.016125
OPCODE	6B04	32499	0.016086
OPCODE	5448	32484	0.016078
OPCODE	4868	32380	0.016027
OPCODE	6506	32354	0.016014
OPCODE	2449	32349	0.016011
OPCODE	4A78	32274	0.015974
OPCODE	3C2E	32263	0.015969
OPCODE	7420	32253	0.015964
OPCODE	8481	32215	0.015945
OPCODE	74FC	32213	0.015944
OPCODE	9288	32213	0.015944
OPCODE	6726	32175	0.015925
OPCODE	4238	32164	0.015920
OPCODE	6FCA	32149	0.015912
OPCODE	F22C	32090	0.015883
OPCODE	6B16	32086	0.015881
OPCODE	2242	32064	0.015870
OPCODE	6EC6	32006	0.015842
OPCODE	F569	31976	0.015827
OPCODE	3409	31976	0.015827
OPCODE	275F	31973	0.015825
OPCODE	226D	31963	0.015820
OPCODE	4642	31937	0.015808
OPCODE	E44A	31922	0.015800
OPCODE	9242	31896	0.015787
OPCODE	0C81	31883	0.015781
OPCODE	6A0C	31872	0.015775
OPCODE	6010	31851	0.015765
OPCODE	2243	31818	0.015749
OPCODE	D0C2	31817	0.015748
OPCODE	C644	31816	0.015748
OPCODE	8642	31816	0.015748
OPCODE	C445	31816	0.015748
OPCODE	E842	31816	0.015748
OPCODE	BB42	31816	0.015748
OPCODE	3A04	31779	0.015729
OPCODE	B050	31767	0.015723
OPCODE	383C	31749	0.015715
OPCODE	D441	31747	0.015714
OPCODE	B544	31735	0.015708
OPCODE	4645	31735	0.015708
OPCODE	7405	31735	0.015708
OPCODE	303C	31691	0.015686
OPCODE	3628	31688	0.015684
OPCODE	A055	31622	0.015652
OPCODE	2848	31610	0.015646
OPCODE	2412	31598	0.015640
OPCODE	D040	31566	0.015624
OPCODE	2442	31527	0.015605
OPCODE	226B	31522	0.015602
OPCODE	672C	31420	0.015552
OPCODE	6112	31399	0.015541
OPCODE	027C	31315	0.015500
OPCODE	544F	31287	0.015486
OPCODE	0C28	31285	0.015485
OPCODE	4AAC	31272	0.015478
OPCODE	4A6A	31253	0.015469
OPCODE	4A93	31227	0.015456
OPCODE	6088	31226	0.015456
OPCODE	6014	31186	0.015436
OPCODE	2F03	31115	0.015401
OPCODE	6628	31110	0.015398
OPCODE	603C	31094	0.015390
OPCODE	2A08	31093	0.015390
OPCODE	2029	31091	0.015389
OPCODE	6744	31085	0.015386
OPCODE	4A2B	31082	0.015384
OPCODE	661E	31071	0.015379
OPCODE	2D4B	31067	0.015377
OPCODE	0C51	31051	0.015369
OPCODE	3141	31009	0.015348
OPCODE	F4F8	30993	0.015340
OPCODE	6B06	30985	0.015336
OPCODE	6630	30972	0.015330
OPCODE	303B	30971	0.015329
OPCODE	2600	30971	0.015329
OPCODE	4400	30967	0.015327
OPCODE	43EB	30963	0.015325
OPCODE	2D78	30934	0.015311
OPCODE	265F	30933	0.015311
OPCODE	7009	30925	0.015307
OPCODE	268C	30919	0.015304
OPCODE	7802	30918	0.015303
OPCODE	2431	30915	0.015302
OPCODE	60E2	30915	0.015302
OPCODE	30C0	30913	0.015301
OPCODE	0807	30886	0.015287
OPCODE	7202	30876	0.015282
OPCODE	0C47	30874	0.015281
OPCODE	B9CB	30859	0.015274
OPCODE	261F	30859	0.015274
OPCODE	66E8	30854	0.015272
OPCODE	6664	30849	0.015269
OPCODE	43EC	30849	0.015269
OPCODE	208B	30848	0.015269
OPCODE	6B1E	30847	0.015268
OPCODE	673C	30845	0.015267
OPCODE	B478	30838	0.015264
OPCODE	720C	30825	0.015257
OPCODE	486C	30822	0.015256
OPCODE	2F17	30820	0.015255
OPCODE	E542	30819	0.015254
OPCODE	4EB2	30819	0.015254
OPCODE	70E4	30819	0.015254
OPCODE	0929	30819	0.015254
OPCODE	B252	30780	0.015235
OPCODE	70EF	30780	0.015235
OPCODE	7041	30779	0.015234
OPCODE	2C10	30776	0.015233
OPCODE	A204	30775	0.015232
OPCODE	30E9	30775	0.015232
OPCODE	6028	30761	0.015225
OPCODE	662E	30742	0.015216
OPCODE	A025	30737	0.015214
OPCODE	6054	30737	0.015214
OPCODE	294B	30698	0.015194
OPCODE	6030	30689	0.015190
OPCODE	49EE	30669	0.015180
OPCODE	6640	30653	0.015172
OPCODE	1940	30641	0.015166
OPCODE	6D0E	30631	0.015161
OPCODE	A029	30624	0.015158
OPCODE	6624	30619	0.015155
OPCODE	A02E	30611	0.015151
OPCODE	382A	30605	0.015148
OPCODE	7003	30587	0.015139
OPCODE	6200	30572	0.015132
OPCODE	3C1F	30572	0.015132
OPCODE	D094	30571	0.015131
OPCODE	A02A	30568	0.015130
OPCODE	61DA	30565	0.015128
OPCODE	B094	30547	0.015120
OPCODE	9090	30542	0.015117
OPCODE	2B40	30539	0.015116
OPCODE	21EE	30538	0.015115
OPCODE	2E80	30537	0.015115
OPCODE	2E38	30531	0.015112
OPCODE	5C53	30531	0.015112
OPCODE	7204	30526	0.015109
OPCODE	4205	30519	0.015106
OPCODE	3017	30515	0.015104
OPCODE	6300	30502	0.015097
OPCODE	48C7	30502	0.015097
OPCODE	5D4F	30499	0.015096
OPCODE	610A	30492	0.015092
OPCODE	6754	30489	0.015091
OPCODE	6446	30487	0.015090
OPCODE	D359	30483	0.015088
OPCODE	4A04	30483	0.015088
OPCODE	D159	30483	0.015088
OPCODE	6038	30478	0.015085
OPCODE	2468	30478	0.015085
OPCODE	4246	30478	0.015085
OPCODE	1E03	30467	0.015080
OPCODE	6A12	30464	0.015078
OPCODE	61EE	30463	0.015078
OPCODE	2D6B	30454	0.015074
OPCODE	5740	30453	0.015073
OPCODE	422F	30448	0.015071
OPCODE	1C2E	30439	0.015066
OPCODE	95CA	30435	0.015064
OPCODE	630A	30434	0.015064
OPCODE	66A8	30430	0.015062
OPCODE	67F8	30429	0.015061
OPCODE	526C	30428	0.015061
OPCODE	3F40	30428	0.015061
OPCODE	70FE	30426	0.015060
OPCODE	2D54	30425	0.015059
OPCODE	3D46	30422	0.015058
OPCODE	22B8	30421	0.015057
OPCODE	3E2A	30420	0.015057
OPCODE	A01C	30419	0.015056
OPCODE	2F6C	30418	0.015056
OPCODE	6F3E	30417	0.015055
OPCODE	D7CC	30417	0.015055
OPCODE	61BC	30417	0.015055
OPCODE	2D70	30416	0.015055
OPCODE	247A	30415	0.015054
OPCODE	703C	30412	0.015053
OPCODE	61E2	30411	0.015052
OPCODE	296A	30403	0.015048
OPCODE	21EB	30403	0.015048
OPCODE	701E	30403	0.015048
OPCODE	9091	30403	0.015048
OPCODE	426F	30398	0.015046
OPCODE	676C	30398	0.015046
OPCODE	A871	30396	0.015045
OPCODE	276E	30395	0.015044
OPCODE	422D	30394	0.015044
OPCODE	522E	30391	0.015042
OPCODE	E540	30391	0.015042
OPCODE	6E5A	30390	0.015042
OPCODE	E940	30389	0.015041
OPCODE	7240	30388	0.015041
OPCODE	2F7A	30388	0.015041
OPCODE	6650	30388	0.015041
OPCODE	5C8F	30386	0.015040
OPCODE	675A	30386	0.015040
OPCODE	3E00	30384	0.015039
OPCODE	E358	30383	0.015038
OPCODE	6678	30382	0.015038
OPCODE	3A38	30382	0.015038
OPCODE	3146	30381	0.015037
OPCODE	1A2E	30381	0.015037
OPCODE	536C	30381	0.015037
OPCODE	1969	30381	0.015037
OPCODE	1978	30381	0.015037
OPCODE	287A	30381	0.015037
OPCODE	A970	30381	0.015037
OPCODE	0254	30381	0.015037
OPCODE	4204	30381	0.015037
OPCODE	B9DF	30377	0.015035
OPCODE	665A	30377	0.015035
OPCODE	BE46	30377	0.015035
OPCODE	A030	30374	0.015034
OPCODE	721A	30373	0.015033
OPCODE	A97F	30373	0.015033
OPCODE	362C	30373	0.015033
OPCODE	9CAA	30372	0.015033
OPCODE	4A97	30372	0.015033
OPCODE	A0DD	30372	0.015033
OPCODE	A9B4	30372	0.015033
OPCODE	ABF7	30372	0.015033
OPCODE	227B	30372	0.015033
OPCODE	633C	30370	0.015032
OPCODE	C038	30370	0.015032
OPCODE	A8AE	30370	0.015032
OPCODE	2851	30370	0.015032
OPCODE	143A	30370	0.015032
OPCODE	0C59	30370	0.015032
OPCODE	A031	30368	0.015031
OPCODE	2638	30367	0.015030
OPCODE	60FA	30367	0.015030
OPCODE	6D16	30367	0.015030
OPCODE	50D0	30364	0.015029
OPCODE	60B6	30364	0.015029
OPCODE	51D0	30364	0.015029
OPCODE	6E3A	30364	0.015029
OPCODE	3638	30364	0.015029
OPCODE	1A07	30364	0.015029
OPCODE	3412	30364	0.015029
OPCODE	A972	30364	0.015029
OPCODE	6F48	30363	0.015028
OPCODE	A911	30361	0.015028
OPCODE	4293	30360	0.015027
OPCODE	A980	30360	0.015027
OPCODE	3083	30360	0.015027
OPCODE	6F8A	30360	0.015027
OPCODE	67B2	30357	0.015026
OPCODE	6518	30342	0.015018
OPCODE	60BC	30221	0.014958
OPCODE	E048	30199	0.014947
OPCODE	602C	30121	0.014909
OPCODE	4A2E	30100	0.014898
OPCODE	6F16	30095	0.014896
OPCODE	102D	29926	0.014812
OPCODE	322F	29921	0.014810
OPCODE	4EF0	29921	0.014810
OPCODE	B9ED	29894	0.014796
OPCODE	A8E2	29841	0.014770
OPCODE	8041	29815	0.014757
OPCODE	6212	29792	0.014746
OPCODE	B7C9	29761	0.014731
OPCODE	B189	29754	0.014727
OPCODE	3E10	29754	0.014727
OPCODE	66D6	29745	0.014723
OPCODE	66D0	29741	0.014721
OPCODE	43ED	29737	0.014719
OPCODE	2B49	29729	0.014715
OPCODE	F23C	29676	0.014688
OPCODE	6B2A	29584	0.014643
OPCODE	6A34	29523	0.014613
OPCODE	D7CE	29511	0.014607
OPCODE	504A	29380	0.014542
OPCODE	6CF4	29035	0.014371
OPCODE	D7C0	28727	0.014219
OPCODE	3806	28400	0.014057
OPCODE	2D48	27777	0.013749
OPCODE	2268	27088	0.013407
OPCODE	6FB0	25700	0.012720
OPCODE	3C04	25561	0.012652
OPCODE	BC45	25560	0.012651
OPCODE	082B	25559	0.012651
OPCODE	DC6E	25500	0.012621
OPCODE	51CF	25267	0.012506
OPCODE	6A18	24795	0.012273
OPCODE	1033	23798	0.011779
OPCODE	B1CA	23717	0.011739
OPCODE	65D4	23697	0.011729
OPCODE	F623	23280	0.011523
OPCODE	2228	22752	0.011261
OPCODE	1010	22338	0.011056
OPCODE	E9EE	20884	0.010337
OPCODE	382E	20799	0.010295
OPCODE	082E	20697	0.010244
OPCODE	2C2E	20576	0.010184
OPCODE	6FA8	20370	0.010082
OPCODE	7401	20270	0.010033
OPCODE	0C44	20181	0.009989
OPCODE	5368	19821	0.009811
OPCODE	3F04	19731	0.009766
OPCODE	3A2E	19638	0.009720
OPCODE	3F05	19590	0.009696
OPCODE	4292	19260	0.009533
OPCODE	6052	19249	0.009527
OPCODE	6FCC	19200	0.009503
OPCODE	4680	19136	0.009472
OPCODE	584C	19020	0.009414
OPCODE	2013	18667	0.009239
OPCODE	6B0E	18147	0.008982
OPCODE	8195	18034	0.008926
OPCODE	C1C5	17780	0.008800
OPCODE	4A12	17513	0.008668
OPCODE	C084	17116	0.008472
OPCODE	204A	17095	0.008461
OPCODE	1018	16812	0.008321
OPCODE	F22A	16800	0.008315
OPCODE	57CC	16647	0.008240
OPCODE	51CC	16505	0.008169
OPCODE	B86E	16420	0.008127
OPCODE	B041	16258	0.008047
OPCODE	7008	15884	0.007862
OPCODE	B7CA	15872	0.007856
OPCODE	B3DA	15606	0.007724
OPCODE	C085	15550	0.007697
OPCODE	F210	15316	0.007581
OPCODE	6A0A	15315	0.007580
OPCODE	819D	14607	0.007230
OPCODE	C1C6	14420	0.007137
OPCODE	2ADC	14410	0.007132
OPCODE	5342	13574	0.006719
OPCODE	4A29	13569	0.006716
OPCODE	D0AC	13484	0.006674
OPCODE	24D9	13200	0.006533
OPCODE	4240	13180	0.006524
OPCODE	422B	12895	0.006383
OPCODE	4A83	12788	0.006330
OPCODE	D010	12766	0.006319
OPCODE	7230	12747	0.006309
OPCODE	B311	12747	0.006309
OPCODE	11A9	12746	0.006309
OPCODE	0A11	12746	0.006309
OPCODE	08EB	12746	0.006309
OPCODE	66FF	12583	0.006228
OPCODE	202B	12346	0.006111
OPCODE	7040	12331	0.006103
OPCODE	C1C3	12320	0.006098
OPCODE	C082	12220	0.006048
OPCODE	D9CA	12058	0.005968
OPCODE	DBCB	12058	0.005968
OPCODE	65E2	12051	0.005965
OPCODE	4841	12011	0.005945
OPCODE	C086	11921	0.005900
OPCODE	BE8B	11914	0.005897
OPCODE	F21F	11257	0.005572
OPCODE	1200	11250	0.005568
OPCODE	51CE	11170	0.005529
OPCODE	3219	10630	0.005261
OPCODE	F327	10460	0.005177
OPCODE	0C2F	10442	0.005168
OPCODE	0817	10442	0.005168
OPCODE	3408	10303	0.005100
OPCODE	2005	10079	0.004989
OPCODE	0286	9776	0.004839
OPCODE	D4C0	9731	0.004816
OPCODE	4A84	9703	0.004803
OPCODE	0284	9552	0.004728
OPCODE	65AA	9548	0.004726
OPCODE	2214	9539	0.004721
OPCODE	E88C	9533	0.004718
OPCODE	2C14	9531	0.004717
OPCODE	D9C6	9526	0.004715
OPCODE	B9D0	9524	0.004714
OPCODE	1814	9516	0.004710
OPCODE	C081	9441	0.004673
OPCODE	226A	9438	0.004671
OPCODE	B084	9431	0.004668
OPCODE	C087	9312	0.004609
OPCODE	DE84	9216	0.004562
OPCODE	1CD4	9216	0.004562
OPCODE	16F4	9216	0.004562
OPCODE	6FE4	8991	0.004450
OPCODE	D1EB	8971	0.004440
OPCODE	2AC6	8844	0.004377
OPCODE	588F	8803	0.004357
OPCODE	6D00	8738	0.004325
OPCODE	137C	8676	0.004294
OPCODE	122B	8619	0.004266
OPCODE	D9C1	8366	0.004141
OPCODE	1017	8326	0.004121
OPCODE	B692	8316	0.004116
OPCODE	57CD	8316	0.004116
OPCODE	4E74	7924	0.003922
OPCODE	B5C8	7885	0.003903
OPCODE	264F	7858	0.003889
OPCODE	BF80	7854	0.003887
OPCODE	2200	7844	0.003882
OPCODE	1038	7639	0.003781
OPCODE	2069	7550	0.003737
OPCODE	4845	7547	0.003735
OPCODE	11C1	7452	0.003688
OPCODE	F518	7452	0.003688
OPCODE	2A00	7313	0.003620
OPCODE	226E	7271	0.003599
OPCODE	7220	7266	0.003596
OPCODE	102B	7250	0.003588
OPCODE	B380	7213	0.003570
OPCODE	22C5	7204	0.003566
OPCODE	C083	7189	0.003558
OPCODE	0200	7170	0.003549
OPCODE	1CEC	7168	0.003548
OPCODE	3099	7147	0.003537
OPCODE	1418	7002	0.003466
OPCODE	601C	6996	0.003463
OPCODE	D282	6995	0.003462
OPCODE	E088	6972	0.003451
OPCODE	12C0	6963	0.003446
OPCODE	D002	6912	0.003421
OPCODE	DC83	6912	0.003421
OPCODE	201A	6840	0.003386
OPCODE	429A	6822	0.003377
OPCODE	42AA	6793	0.003362
OPCODE	00AE	6790	0.003361
OPCODE	51C9	6730	0.003331
OPCODE	6168	6568	0.003251
OPCODE	6A10	6549	0.003241
OPCODE	22FB	6528	0.003231
OPCODE	022B	6494	0.003214
OPCODE	4A02	6453	0.003194
OPCODE	002B	6430	0.003183
OPCODE	72FF	6410	0.003173
OPCODE	6170	6395	0.003165
OPCODE	1743	6385	0.003160
OPCODE	6794	6381	0.003158
OPCODE	08AB	6378	0.003157
OPCODE	162B	6378	0.003157
OPCODE	6126	6376	0.003156
OPCODE	176B	6374	0.003155
OPCODE	C12B	6373	0.003154
OPCODE	0003	6373	0.003154
OPCODE	C600	6373	0.003154
OPCODE	7640	6373	0.003154
OPCODE	6A4E	6373	0.003154
OPCODE	1741	6373	0.003154
OPCODE	E90B	6373	0.003154
OPCODE	1601	6373	0.003154
OPCODE	0211	6373	0.003154
OPCODE	0029	6373	0.003154
OPCODE	C211	6373	0.003154
OPCODE	4483	6373	0.003154
OPCODE	617A	6373	0.003154
OPCODE	E809	6373	0.003154
OPCODE	1343	6373	0.003154
OPCODE	4A85	6222	0.003080
OPCODE	396C	6221	0.003079
OPCODE	7080	6210	0.003074
OPCODE	8029	6210	0.003074
OPCODE	671E	6180	0.003059
OPCODE	6FAA	6161	0.003049
OPCODE	BBCB	6109	0.003024
OPCODE	600C	6104	0.003021
OPCODE	B085	6049	0.002994
OPCODE	0285	6030	0.002985
OPCODE	E88D	6028	0.002984
OPCODE	1A14	6028	0.002984
OPCODE	60B0	6000	0.002970
OPCODE	6D34	5994	0.002967
OPCODE	D8C8	5976	0.002958
OPCODE	DAC8	5976	0.002958
OPCODE	B3CA	5948	0.002944
OPCODE	60C8	5946	0.002943
OPCODE	4A01	5916	0.002928
OPCODE	41E9	5909	0.002925
OPCODE	81AE	5861	0.002901
OPCODE	6A16	5853	0.002897
OPCODE	C195	5820	0.002881
OPCODE	67F6	5724	0.002833
OPCODE	E298	5628	0.002786
OPCODE	E5A8	5530	0.002737
OPCODE	1232	5520	0.002732
OPCODE	2004	5515	0.002730
OPCODE	740F	5504	0.002724
OPCODE	2003	5477	0.002711
OPCODE	56CB	5356	0.002651
OPCODE	6B02	5339	0.002643
OPCODE	1013	5328	0.002637
OPCODE	D0F0	5319	0.002633
OPCODE	C004	5317	0.002632
OPCODE	B181	5300	0.002623
OPCODE	6F12	5284	0.002615
OPCODE	D2F1	5283	0.002615
OPCODE	48EE	5249	0.002598
OPCODE	3D40	5241	0.002594
OPCODE	C284	5233	0.002590
OPCODE	802E	5229	0.002588
OPCODE	EDC0	5221	0.002584
OPCODE	0401	5221	0.002584
OPCODE	C02E	5221	0.002584
OPCODE	D881	5130	0.002539
OPCODE	2601	5128	0.002538
OPCODE	2415	5032	0.002491
OPCODE	DACB	4902	0.002426
OPCODE	487A	4890	0.002420
OPCODE	2AC0	4873	0.002412
OPCODE	3230	4767	0.002359
OPCODE	6610	4766	0.002359
OPCODE	342E	4753	0.002353
OPCODE	6900	4713	0.002333
OPCODE	43F0	4598	0.002276
OPCODE	B641	4566	0.002260
OPCODE	4EAD	4531	0.002243
OPCODE	6B50	4521	0.002238
OPCODE	6B10	4490	0.002222
OPCODE	206F	4481	0.002218
OPCODE	34FC	4477	0.002216
OPCODE	D481	4425	0.002190
OPCODE	2080	4388	0.002172
OPCODE	2854	4367	0.002161
OPCODE	536E	4347	0.002152
OPCODE	2D49	4322	0.002139
OPCODE	3206	4298	0.002127
OPCODE	E9D3	4262	0.002110
OPCODE	D280	4241	0.002099
OPCODE	B480	4238	0.002098
OPCODE	C3C0	4224	0.002091
OPCODE	9243	4200	0.002079
OPCODE	D281	4162	0.002060
OPCODE	3019	4151	0.002055
OPCODE	D1AE	4061	0.002010
OPCODE	2452	4030	0.001995
OPCODE	E288	4018	0.001989
OPCODE	6114	3997	0.001978
OPCODE	1029	3968	0.001964
OPCODE	E548	3936	0.001948
OPCODE	674A	3916	0.001938
OPCODE	51CD	3910	0.001935
OPCODE	8081	3900	0.001930
OPCODE	6E22	3892	0.001926
OPCODE	0201	3882	0.001921
OPCODE	0880	3869	0.001915
OPCODE	8480	3868	0.001915
OPCODE	2A82	3862	0.001912
OPCODE	C485	3862	0.001912
OPCODE	103B	3861	0.001911
OPCODE	B3F8	3859	0.001910
OPCODE	2800	3851	0.001906
OPCODE	22C0	3824	0.001893
OPCODE	34C0	3781	0.001871
OPCODE	1229	3779	0.001870
OPCODE	2619	3775	0.001868
OPCODE	6538	3746	0.001854
OPCODE	D0AE	3746	0.001854
OPCODE	45EE	3738	0.001850
OPCODE	2428	3731	0.001847
OPCODE	E080	3720	0.001841
OPCODE	E449	3694	0.001828
OPCODE	3D6E	3689	0.001826
OPCODE	601E	3681	0.001822
OPCODE	7603	3673	0.001818
OPCODE	266B	3672	0.001817
OPCODE	E881	3660	0.001812
OPCODE	B06E	3617	0.001790
OPCODE	F211	3614	0.001789
OPCODE	F219	3614	0.001789
OPCODE	D080	3567	0.001766
OPCODE	2059	3564	0.001764
OPCODE	C4B8	3551	0.001758
OPCODE	B440	3531	0.001748
OPCODE	4210	3514	0.001739
OPCODE	B846	3475	0.001720
OPCODE	6D18	3470	0.001718
OPCODE	2089	3459	0.001712
OPCODE	9440	3457	0.001711
OPCODE	2A09	3440	0.001703
OPCODE	61C6	3437	0.001701
OPCODE	B842	3435	0.001700
OPCODE	4241	3433	0.001699
OPCODE	B081	3429	0.001697
OPCODE	2411	3382	0.001674
OPCODE	2018	3359	0.001663
OPCODE	0642	3339	0.001653
OPCODE	E980	3314	0.001640
OPCODE	D3C2	3305	0.001636
OPCODE	4681	3295	0.001631
OPCODE	9481	3286	0.001626
OPCODE	2081	3274	0.001621
OPCODE	6756	3242	0.001605
OPCODE	4844	3238	0.001603
OPCODE	6E08	3215	0.001591
OPCODE	C2FC	3213	0.001590
OPCODE	C100	3200	0.001584
OPCODE	676E	3176	0.001572
OPCODE	1429	3175	0.001572
OPCODE	B202	3175	0.001572
OPCODE	3D42	3167	0.001568
OPCODE	D245	3159	0.001564
OPCODE	2204	3146	0.001557
OPCODE	9087	3145	0.001557
OPCODE	EA46	3144	0.001556
OPCODE	1E80	3143	0.001556
OPCODE	D0FB	3142	0.001555
OPCODE	D5CE	3139	0.001554
OPCODE	282A	3132	0.001550
OPCODE	227A	3132	0.001550
OPCODE	67E8	3129	0.001549
OPCODE	3805	3124	0.001546
OPCODE	D981	3123	0.001546
OPCODE	9381	3123	0.001546
OPCODE	2A19	3123	0.001546
OPCODE	4401	3123	0.001546
OPCODE	3819	3123	0.001546
OPCODE	E999	3123	0.001546
OPCODE	A193	3123	0.001546
OPCODE	E899	3123	0.001546
OPCODE	9681	3123	0.001546
OPCODE	D041	3121	0.001545
OPCODE	6402	3114	0.001541
OPCODE	286A	3114	0.001541
OPCODE	357C	3108	0.001538
OPCODE	E808	3107	0.001538
OPCODE	262A	3105	0.001537
OPCODE	65E6	3105	0.001537
OPCODE	52A9	3105	0.001537
OPCODE	0197	3105	0.001537
OPCODE	78FF	3084	0.001526
OPCODE	D243	3048	0.001509
OPCODE	3012	3039	0.001504
OPCODE	0812	3038	0.001504
OPCODE	6D1C	3036	0.001503
OPCODE	67F4	3017	0.001493
OPCODE	B388	3009	0.001489
OPCODE	2447	2995	0.001482
OPCODE	0828	2953	0.001462
OPCODE	B3C8	2944	0.001457
OPCODE	C904	2912	0.001441
OPCODE	C502	2912	0.001441
OPCODE	C703	2912	0.001441
OPCODE	C301	2912	0.001441
OPCODE	CB05	2912	0.001441
OPCODE	91AE	2891	0.001431
OPCODE	02AE	2802	0.001387
OPCODE	4218	2790	0.001381
OPCODE	1014	2765	0.001369
OPCODE	E888	2748	0.001360
OPCODE	6738	2748	0.001360
OPCODE	4643	2732	0.001352
OPCODE	32D8	2727	0.001350
OPCODE	3A00	2688	0.001330
OPCODE	B1AE	2684	0.001328
OPCODE	6B7C	2684	0.001328
OPCODE	0680	2668	0.001321
OPCODE	6416	2642	0.001308
OPCODE	9041	2620	0.001297
OPCODE	2241	2619	0.001296
OPCODE	3D41	2606	0.001290
OPCODE	C440	2596	0.001285
OPCODE	E098	2560	0.001267
OPCODE	3480	2560	0.001267
OPCODE	B458	2554	0.001264
OPCODE	B681	2553	0.001264
OPCODE	2483	2549	0.001262
OPCODE	B258	2505	0.001240
OPCODE	2245	2478	0.001227
OPCODE	5345	2477	0.001226
OPCODE	B658	2473	0.001224
OPCODE	B858	2472	0.001224
OPCODE	2D6E	2464	0.001220
OPCODE	2D68	2448	0.001212
OPCODE	B2A9	2436	0.001206
OPCODE	D2B1	2433	0.001204
OPCODE	BA6E	2429	0.001202
OPCODE	52B8	2417	0.001196
OPCODE	28C4	2384	0.001180
OPCODE	2AC1	2384	0.001180
OPCODE	CE81	2384	0.001180
OPCODE	2815	2384	0.001180
OPCODE	0686	2384	0.001180
OPCODE	E9D2	2384	0.001180
OPCODE	8287	2384	0.001180
OPCODE	46FC	2378	0.001177
OPCODE	B5CC	2370	0.001173
OPCODE	B070	2368	0.001172
OPCODE	BFD1	2368	0.001172
OPCODE	BFC0	2368	0.001172
OPCODE	2341	2361	0.001169
OPCODE	322E	2342	0.001159
OPCODE	B580	2340	0.001158
OPCODE	9280	2333	0.001155
OPCODE	60CC	2332	0.001154
OPCODE	7800	2321	0.001149
OPCODE	701F	2312	0.001144
OPCODE	D2AE	2299	0.001138
OPCODE	24C6	2292	0.001134
OPCODE	7801	2280	0.001129
OPCODE	62D8	2280	0.001129
OPCODE	2053	2260	0.001119
OPCODE	3601	2244	0.001111
OPCODE	3400	2241	0.001109
OPCODE	6A06	2227	0.001102
OPCODE	6F0A	2223	0.001100
OPCODE	E9E9	2212	0.001095
OPCODE	2470	2212	0.001095
OPCODE	1212	2203	0.001090
OPCODE	4A90	2203	0.001090
OPCODE	28C5	2187	0.001082
OPCODE	50EE	2178	0.001078
OPCODE	66A0	2161	0.001070
OPCODE	4870	2153	0.001066
OPCODE	654E	2143	0.001061
OPCODE	3C01	2130	0.001054
OPCODE	3205	2123	0.001051
OPCODE	B847	2120	0.001049
OPCODE	B091	2105	0.001042
OPCODE	9045	2104	0.001041
OPCODE	9245	2100	0.001039
OPCODE	C3C3	2100	0.001039
OPCODE	C3C5	2100	0.001039
OPCODE	2D4F	2075	0.001027
OPCODE	2654	2046	0.001013
OPCODE	7007	2033	0.001006
OPCODE	5141	2014	0.000997
OPCODE	34C1	2011	0.000995
OPCODE	93C9	1996	0.000988
OPCODE	2001	1994	0.000987
OPCODE	0C45	1984	0.000982
OPCODE	2D59	1978	0.000979
OPCODE	2378	1973	0.000977
OPCODE	2438	1971	0.000976
OPCODE	2A0E	1956	0.000968
OPCODE	8310	1952	0.000966
OPCODE	5181	1952	0.000966
OPCODE	0210	1952	0.000966
OPCODE	24C0	1951	0.000966
OPCODE	D2C1	1944	0.000962
OPCODE	584B	1937	0.000959
OPCODE	B042	1936	0.000958
OPCODE	302B	1928	0.000954
OPCODE	4481	1926	0.000953
OPCODE	2034	1908	0.000944
OPCODE	D442	1904	0.000942
OPCODE	673A	1892	0.000936
OPCODE	4E92	1888	0.000934
OPCODE	47EB	1883	0.000932
OPCODE	5246	1880	0.000931
OPCODE	6420	1871	0.000926
OPCODE	2488	1857	0.000919
OPCODE	D444	1839	0.000910
OPCODE	3007	1838	0.000910
OPCODE	D680	1833	0.000907
OPCODE	6612	1810	0.000896
OPCODE	3E3C	1809	0.000895
OPCODE	2145	1808	0.000895
OPCODE	366E	1802	0.000892
OPCODE	E9C5	1800	0.000891
OPCODE	EFC6	1800	0.000891
OPCODE	C447	1800	0.000891
OPCODE	2618	1799	0.000890
OPCODE	E16B	1797	0.000889
OPCODE	20FB	1784	0.000883
OPCODE	B7D6	1776	0.000879
OPCODE	22D0	1773	0.000878
OPCODE	4242	1772	0.000877
OPCODE	1B40	1765	0.000874
OPCODE	1019	1753	0.000868
OPCODE	6162	1749	0.000866
OPCODE	D0FC	1744	0.000863
OPCODE	6012	1744	0.000863
OPCODE	BE6E	1741	0.000862
OPCODE	3818	1730	0.000856
OPCODE	6EAE	1728	0.000855
OPCODE	E499	1719	0.000851
OPCODE	0C05	1719	0.000851
OPCODE	C247	1714	0.000848
OPCODE	4843	1712	0.000847
OPCODE	41F0	1699	0.000841
OPCODE	D1C2	1697	0.000840
OPCODE	5247	1697	0.000840
OPCODE	1A19	1693	0.000838
OPCODE	280A	1688	0.000835
OPCODE	9A6E	1681	0.000832
OPCODE	2A01	1663	0.000823
OPCODE	4227	1658	0.000821
OPCODE	4EFA	1657	0.000820
OPCODE	48AE	1649	0.000816
OPCODE	0C6E	1644	0.000814
OPCODE	4440	1635	0.000809
OPCODE	3203	1634	0.000809
OPCODE	663E	1627	0.000805
OPCODE	4C00	1626	0.000805
OPCODE	3F00	1625	0.000804
OPCODE	3C02	1620	0.000802
OPCODE	E28A	1617	0.000800
OPCODE	4ED2	1616	0.000800
OPCODE	DBC4	1608	0.000796
OPCODE	5848	1599	0.000791
OPCODE	12DC	1594	0.000789
OPCODE	D443	1591	0.000787
OPCODE	3630	1591	0.000787
OPCODE	B1EE	1584	0.000784
OPCODE	D8AE	1581	0.000783
OPCODE	E04B	1581	0.000783
OPCODE	D66E	1581	0.000783
OPCODE	62B4	1581	0.000783
OPCODE	2830	1581	0.000783
OPCODE	D9AE	1581	0.000783
OPCODE	1D6E	1580	0.000782
OPCODE	E169	1574	0.000779
OPCODE	3D70	1574	0.000779
OPCODE	E384	1572	0.000778
OPCODE	E29C	1572	0.000778
OPCODE	380B	1572	0.000778
OPCODE	C8C0	1572	0.000778
OPCODE	E16A	1572	0.000778
OPCODE	E54E	1572	0.000778
OPCODE	DE2E	1572	0.000778
OPCODE	3C03	1572	0.000778
OPCODE	E4A4	1572	0.000778
OPCODE	D9C4	1572	0.000778
OPCODE	9C44	1572	0.000778
OPCODE	DAC6	1572	0.000778
OPCODE	2F11	1570	0.000777
OPCODE	22DF	1570	0.000777
OPCODE	B0AE	1570	0.000777
OPCODE	18D8	1566	0.000775
OPCODE	5149	1565	0.000775
OPCODE	22E8	1564	0.000774
OPCODE	7020	1562	0.000773
OPCODE	1411	1562	0.000773
OPCODE	3250	1559	0.000772
OPCODE	B3FA	1558	0.000771
OPCODE	D0C9	1558	0.000771
OPCODE	3403	1558	0.000771
OPCODE	302A	1551	0.000768
OPCODE	60C0	1543	0.000764
OPCODE	1481	1540	0.000762
OPCODE	2246	1535	0.000760
OPCODE	56EE	1533	0.000759
OPCODE	91C8	1531	0.000758
OPCODE	486F	1524	0.000754
OPCODE	5346	1518	0.000751
OPCODE	2C05	1505	0.000745
OPCODE	42B8	1505	0.000745
OPCODE	DACC	1504	0.000744
OPCODE	5245	1504	0.000744
OPCODE	2044	1503	0.000744
OPCODE	11FC	1498	0.000741
OPCODE	5341	1489	0.000737
OPCODE	4842	1486	0.000736
OPCODE	CF46	1482	0.000734
OPCODE	2012	1480	0.000733
OPCODE	0810	1477	0.000731
OPCODE	74FF	1471	0.000728
OPCODE	6E28	1451	0.000718
OPCODE	4A69	1446	0.000716
OPCODE	0480	1443	0.000714
OPCODE	4EED	1443	0.000714
OPCODE	BBFC	1443	0.000714
OPCODE	202A	1442	0.000714
OPCODE	0440	1440	0.000713
OPCODE	22DC	1432	0.000709
OPCODE	4C98	1424	0.000705
OPCODE	4A46	1418	0.000702
OPCODE	3001	1418	0.000702
OPCODE	D06E	1406	0.000696
OPCODE	0080	1399	0.000692
OPCODE	5542	1398	0.000692
OPCODE	362E	1389	0.000688
OPCODE	D853	1384	0.000685
OPCODE	504B	1384	0.000685
OPCODE	6B26	1382	0.000684
OPCODE	2052	1366	0.000676
OPCODE	4A6B	1365	0.000676
OPCODE	3046	1358	0.000672
OPCODE	3406	1358	0.000672
OPCODE	6022	1354	0.000670
OPCODE	673E	1352	0.000669
OPCODE	66E0	1350	0.000668
OPCODE	0C2D	1346	0.000666
OPCODE	2041	1336	0.000661
OPCODE	4443	1330	0.000658
OPCODE	96C4	1328	0.000657
OPCODE	7820	1328	0.000657
OPCODE	94C4	1328	0.000657
OPCODE	9284	1328	0.000657
OPCODE	9C80	1328	0.000657
OPCODE	C640	1328	0.000657
OPCODE	E54C	1328	0.000657
OPCODE	DC43	1328	0.000657
OPCODE	20C0	1324	0.000655
OPCODE	6B3C	1318	0.000652
OPCODE	177C	1311	0.000649
OPCODE	0C41	1300	0.000643
OPCODE	700A	1292	0.000639
OPCODE	60B4	1289	0.000638
OPCODE	9051	1284	0.000636
OPCODE	286C	1282	0.000635
OPCODE	6D04	1281	0.000634
OPCODE	4A1B	1280	0.000634
OPCODE	9044	1271	0.000629
OPCODE	21DF	1270	0.000629
OPCODE	1480	1264	0.000626
OPCODE	67E0	1262	0.000625
OPCODE	6F14	1256	0.000622
OPCODE	6444	1250	0.000619
OPCODE	206C	1247	0.000617
OPCODE	B451	1241	0.000614
OPCODE	21C8	1239	0.000613
OPCODE	0802	1236	0.000612
OPCODE	43EA	1234	0.000611
OPCODE	6448	1232	0.000610
OPCODE	56C0	1231	0.000609
OPCODE	4243	1229	0.000608
OPCODE	C094	1227	0.000607
OPCODE	282E	1219	0.000603
OPCODE	12D8	1217	0.000602
OPCODE	2A2E	1216	0.000602
OPCODE	5286	1207	0.000597
OPCODE	2032	1207	0.000597
OPCODE	3633	1206	0.000597
OPCODE	22C1	1205	0.000596
OPCODE	264A	1203	0.000595
OPCODE	0282	1203	0.000595
OPCODE	B2B0	1202	0.000595
OPCODE	B21A	1200	0.000594
OPCODE	E819	1200	0.000594
OPCODE	6C00	1197	0.000592
OPCODE	C02B	1195	0.000591
OPCODE	28C1	1191	0.000589
OPCODE	261A	1191	0.000589
OPCODE	1230	1190	0.000589
OPCODE	B452	1181	0.000585
OPCODE	1169	1179	0.000584
OPCODE	2A6E	1178	0.000583
OPCODE	1D7C	1176	0.000582
OPCODE	2649	1173	0.000581
OPCODE	201C	1170	0.000579
OPCODE	3D5C	1164	0.000576
OPCODE	67D0	1164	0.000576
OPCODE	C481	1155	0.000572
OPCODE	21C9	1146	0.000567
OPCODE	E9D1	1145	0.000567
OPCODE	4A92	1143	0.000566
OPCODE	6102	1141	0.000565
OPCODE	66F4	1136	0.000562
OPCODE	2648	1134	0.000561
OPCODE	56CA	1133	0.000561
OPCODE	6A2E	1132	0.000560
OPCODE	6648	1132	0.000560
OPCODE	2855	1125	0.000557
OPCODE	301A	1124	0.000556
OPCODE	6400	1124	0.000556
OPCODE	3D7C	1121	0.000555
OPCODE	6772	1117	0.000553
OPCODE	3619	1113	0.000551
OPCODE	2230	1112	0.000550
OPCODE	2272	1106	0.000547
OPCODE	60A2	1106	0.000547
OPCODE	B231	1106	0.000547
OPCODE	B481	1093	0.000541
OPCODE	5241	1089	0.000539
OPCODE	24D8	1086	0.000538
OPCODE	640A	1077	0.000533
OPCODE	92AA	1074	0.000532
OPCODE	E1AC	1071	0.000530
OPCODE	6042	1068	0.000529
OPCODE	321F	1067	0.000528
OPCODE	2D50	1064	0.000527
OPCODE	30C2	1061	0.000525
OPCODE	0803	1059	0.000524
OPCODE	B9EE	1057	0.000523
OPCODE	5888	1056	0.000523
OPCODE	28C0	1054	0.000522
OPCODE	E348	1053	0.000521
OPCODE	8886	1050	0.000520
OPCODE	5C40	1050	0.000520
OPCODE	E1AD	1050	0.000520
OPCODE	8A87	1050	0.000520
OPCODE	B005	1050	0.000520
OPCODE	323C	1044	0.000517
OPCODE	6A00	1041	0.000515
OPCODE	6A08	1037	0.000513
OPCODE	E282	1034	0.000512
OPCODE	B46E	1032	0.000511
OPCODE	1006	1027	0.000508
OPCODE	D9C0	1027	0.000508
OPCODE	30C1	1027	0.000508
OPCODE	DEC0	1026	0.000508
OPCODE	60DA	1025	0.000507
OPCODE	12C6	1024	0.000507
OPCODE	E988	1021	0.000505
OPCODE	21F8	1020	0.000505
OPCODE	6FB8	1017	0.000503
OPCODE	3E2E	1016	0.000503
OPCODE	221A	1014	0.000502
OPCODE	2650	1007	0.000498
OPCODE	3828	1004	0.000497
OPCODE	61CE	1001	0.000495
OPCODE	2F29	1001	0.000495
OPCODE	306C	997	0.000493
OPCODE	D1C9	997	0.000493
OPCODE	CF45	996	0.000493
OPCODE	9EC0	996	0.000493
OPCODE	70F0	995	0.000492
OPCODE	74F0	987	0.000489
OPCODE	5189	987	0.000489
OPCODE	C411	985	0.000488
OPCODE	8111	985	0.000488
OPCODE	20CE	985	0.000488
OPCODE	B511	985	0.000488
OPCODE	2489	985	0.000488
OPCODE	B110	985	0.000488
OPCODE	6F3A	985	0.000488
OPCODE	8510	985	0.000488
OPCODE	2F10	985	0.000488
OPCODE	C010	985	0.000488
OPCODE	5889	985	0.000488
OPCODE	30C3	982	0.000486
OPCODE	47EE	982	0.000486
OPCODE	C240	982	0.000486
OPCODE	30C4	974	0.000482
OPCODE	60E8	969	0.000480
OPCODE	6FAC	960	0.000475
OPCODE	6406	955	0.000473
OPCODE	B898	948	0.000469
OPCODE	26C6	948	0.000469
OPCODE	E880	948	0.000469
OPCODE	3D43	948	0.000469
OPCODE	254E	943	0.000467
OPCODE	4A45	943	0.000467
OPCODE	0092	943	0.000467
OPCODE	D086	943	0.000467
OPCODE	61E8	942	0.000466
OPCODE	342A	936	0.000463
OPCODE	2418	936	0.000463
OPCODE	2288	932	0.000461
OPCODE	6FE8	931	0.000461
OPCODE	EC80	930	0.000460
OPCODE	04FA	930	0.000460
OPCODE	3D7A	930	0.000460
OPCODE	5080	929	0.000460
OPCODE	B282	925	0.000458
OPCODE	56C9	925	0.000458
OPCODE	916E	923	0.000457
OPCODE	E84A	922	0.000456
OPCODE	3D6A	916	0.000453
OPCODE	E290	916	0.000453
OPCODE	243C	909	0.000450
OPCODE	6A3E	905	0.000448
OPCODE	14EB	900	0.000445
OPCODE	D082	898	0.000444
OPCODE	6B34	898	0.000444
OPCODE	B4AC	897	0.000444
OPCODE	E198	896	0.000443
OPCODE	3080	896	0.000443
OPCODE	1400	892	0.000442
OPCODE	222C	888	0.000440
OPCODE	5280	887	0.000439
OPCODE	B483	886	0.000439
OPCODE	610C	885	0.000438
OPCODE	650A	884	0.000438
OPCODE	8198	882	0.000437
OPCODE	9251	879	0.000435
OPCODE	614A	876	0.000434
OPCODE	21EF	873	0.000432
OPCODE	322A	870	0.000431
OPCODE	7014	867	0.000429
OPCODE	4441	864	0.000428
OPCODE	C280	860	0.000426
OPCODE	1D42	855	0.000423
OPCODE	363C	855	0.000423
OPCODE	601A	853	0.000422
OPCODE	2E6E	846	0.000419
OPCODE	202F	842	0.000417
OPCODE	21EC	842	0.000417
OPCODE	2480	841	0.000416
OPCODE	240A	838	0.000415
OPCODE	2F2C	838	0.000415
OPCODE	D16E	837	0.000414
OPCODE	2255	830	0.000411
OPCODE	B251	829	0.000410
OPCODE	0C46	829	0.000410
OPCODE	2D1F	828	0.000410
OPCODE	2F1E	828	0.000410
OPCODE	2E28	828	0.000410
OPCODE	49EC	824	0.000408
OPCODE	C283	818	0.000405
OPCODE	1684	817	0.000404
OPCODE	426C	817	0.000404
OPCODE	2F04	815	0.000403
OPCODE	1001	813	0.000402
OPCODE	4A06	812	0.000402
OPCODE	65E4	809	0.000400
OPCODE	322B	807	0.000399
OPCODE	B069	804	0.000398
OPCODE	58AC	803	0.000397
OPCODE	45EA	799	0.000395
OPCODE	3140	798	0.000395
OPCODE	606A	795	0.000393
OPCODE	45E8	794	0.000393
OPCODE	4EB5	794	0.000393
OPCODE	1005	792	0.000392
OPCODE	2802	791	0.000392
OPCODE	BA47	790	0.000391
OPCODE	20A9	788	0.000390
OPCODE	32E8	786	0.000389
OPCODE	301B	783	0.000388
OPCODE	3F03	779	0.000386
OPCODE	66EA	776	0.000384
OPCODE	66DE	772	0.000382
OPCODE	E448	772	0.000382
OPCODE	6F02	771	0.000382
OPCODE	E1A9	769	0.000381
OPCODE	34D8	769	0.000381
OPCODE	2401	766	0.000379
OPCODE	08C0	753	0.000373
OPCODE	B099	750	0.000371
OPCODE	0CAE	750	0.000371
OPCODE	6308	749	0.000371
OPCODE	6C10	749	0.000371
OPCODE	48E6	748	0.000370
OPCODE	486D	745	0.000369
OPCODE	2388	738	0.000365
OPCODE	4290	734	0.000363
OPCODE	D278	732	0.000362
OPCODE	7C00	726	0.000359
OPCODE	6018	724	0.000358
OPCODE	2F50	724	0.000358
OPCODE	6660	724	0.000358
OPCODE	0882	723	0.000358
OPCODE	6408	716	0.000354
OPCODE	4CDE	712	0.000352
OPCODE	5049	711	0.000352
OPCODE	B2AA	710	0.000351
OPCODE	90B8	707	0.000350
OPCODE	2819	701	0.000347
OPCODE	6F58	699	0.000346
OPCODE	6124	697	0.000345
OPCODE	D269	696	0.000344
OPCODE	619A	695	0.000344
OPCODE	6B0A	693	0.000343
OPCODE	D08F	689	0.000341
OPCODE	1419	688	0.000341
OPCODE	9282	686	0.000340
OPCODE	3D5B	685	0.000339
OPCODE	B0A8	683	0.000338
OPCODE	C285	681	0.000337
OPCODE	4846	681	0.000337
OPCODE	4684	680	0.000337
OPCODE	C14D	678	0.000336
OPCODE	664A	677	0.000335
OPCODE	B087	676	0.000335
OPCODE	41F1	675	0.000334
OPCODE	6A14	671	0.000332
OPCODE	60F2	665	0.000329
OPCODE	B9E8	664	0.000329
OPCODE	B647	659	0.000326
OPCODE	1BAD	656	0.000325
OPCODE	2A06	655	0.000324
OPCODE	6504	654	0.000324
OPCODE	906E	653	0.000323
OPCODE	41EC	653	0.000323
OPCODE	24C5	652	0.000323
OPCODE	CA84	652	0.000323
OPCODE	6BDC	652	0.000323
OPCODE	C892	652	0.000323
OPCODE	8A84	652	0.000323
OPCODE	6060	651	0.000322
OPCODE	3604	649	0.000321
OPCODE	4206	648	0.000321
OPCODE	0482	642	0.000318
OPCODE	2E03	640	0.000317
OPCODE	2022	640	0.000317
OPCODE	EE80	640	0.000317
OPCODE	612A	635	0.000314
OPCODE	E14D	632	0.000313
OPCODE	D646	630	0.000312
OPCODE	D8EE	627	0.000310
OPCODE	4ED3	627	0.000310
OPCODE	DAC7	625	0.000309
OPCODE	D8C6	625	0.000309
OPCODE	4A87	624	0.000309
OPCODE	2608	624	0.000309
OPCODE	2348	623	0.000308
OPCODE	5BC8	623	0.000308
OPCODE	5048	623	0.000308
OPCODE	2A6D	623	0.000308
OPCODE	2254	622	0.000308
OPCODE	D0A8	618	0.000306
OPCODE	2D4D	616	0.000305
OPCODE	2F2B	616	0.000305
OPCODE	32C1	613	0.000303
OPCODE	3F01	612	0.000303
OPCODE	2F48	609	0.000301
OPCODE	5A41	609	0.000301
OPCODE	5261	606	0.000300
OPCODE	0651	606	0.000300
OPCODE	06A1	606	0.000300
OPCODE	4ED4	605	0.000299
OPCODE	6118	605	0.000299
OPCODE	B673	603	0.000298
OPCODE	48C2	595	0.000295
OPCODE	604C	593	0.000294
OPCODE	B4B1	592	0.000293
OPCODE	322C	589	0.000292
OPCODE	9053	589	0.000292
OPCODE	65F0	588	0.000291
OPCODE	5882	587	0.000291
OPCODE	2868	582	0.000288
OPCODE	2817	578	0.000286
OPCODE	E04A	577	0.000286
OPCODE	6ED4	577	0.000286
OPCODE	DBC8	576	0.000285
OPCODE	D7C9	576	0.000285
OPCODE	D5C9	576	0.000285
OPCODE	2C2F	576	0.000285
OPCODE	C882	576	0.000285
OPCODE	D4C4	576	0.000285
OPCODE	E959	575	0.000285
OPCODE	E859	575	0.000285
OPCODE	664C	574	0.000284
OPCODE	602E	573	0.000284
OPCODE	6758	573	0.000284
OPCODE	EA81	567	0.000281
OPCODE	1282	566	0.000280
OPCODE	1813	557	0.000276
OPCODE	49E9	557	0.000276
OPCODE	1759	554	0.000274
OPCODE	2D44	550	0.000272
OPCODE	B443	548	0.000271
OPCODE	4269	546	0.000270
OPCODE	7EFF	546	0.000270
OPCODE	2542	545	0.000270
OPCODE	1D78	545	0.000270
OPCODE	20EE	544	0.000269
OPCODE	1D40	542	0.000268
OPCODE	B044	542	0.000268
OPCODE	DE86	541	0.000268
OPCODE	9443	538	0.000266
OPCODE	93AA	537	0.000266
OPCODE	40C3	537	0.000266
OPCODE	C229	537	0.000266
OPCODE	C601	537	0.000266
OPCODE	E94A	537	0.000266
OPCODE	46C3	537	0.000266
OPCODE	D2A9	537	0.000266
OPCODE	BC5B	537	0.000266
OPCODE	D5AA	537	0.000266
OPCODE	D62A	537	0.000266
OPCODE	9411	537	0.000266
OPCODE	1F02	537	0.000266
OPCODE	9611	537	0.000266
OPCODE	1482	537	0.000266
OPCODE	1541	537	0.000266
OPCODE	45E9	537	0.000266
OPCODE	56C3	536	0.000265
OPCODE	66E6	535	0.000265
OPCODE	B7EE	535	0.000265
OPCODE	C6B8	534	0.000264
OPCODE	936E	534	0.000264
OPCODE	3002	532	0.000263
OPCODE	32FC	532	0.000263
OPCODE	B894	531	0.000263
OPCODE	2149	531	0.000263
OPCODE	0243	531	0.000263
OPCODE	32C0	529	0.000262
OPCODE	397C	527	0.000261
OPCODE	2602	525	0.000260
OPCODE	7203	523	0.000259
OPCODE	2F0D	520	0.000257
OPCODE	2A5F	520	0.000257
OPCODE	7208	520	0.000257
OPCODE	21F0	520	0.000257
OPCODE	2F80	518	0.000256
OPCODE	2244	517	0.000256
OPCODE	C947	517	0.000256
OPCODE	3F07	516	0.000255
OPCODE	4A82	516	0.000255
OPCODE	3F70	516	0.000255
OPCODE	21D0	515	0.000255
OPCODE	6D0A	513	0.000254
OPCODE	EFC2	512	0.000253
OPCODE	2140	511	0.000253
OPCODE	61B0	508	0.000251
OPCODE	22AE	507	0.000251
OPCODE	B090	507	0.000251
OPCODE	66EE	507	0.000251
OPCODE	205A	504	0.000249
OPCODE	225A	504	0.000249
OPCODE	2F20	504	0.000249
OPCODE	2B41	503	0.000249
OPCODE	F4F1	503	0.000249
OPCODE	D7CD	502	0.000248
OPCODE	C02D	501	0.000248
OPCODE	50ED	501	0.000248
OPCODE	082D	501	0.000248
OPCODE	1B6B	501	0.000248
OPCODE	B05B	499	0.000247
OPCODE	22C6	498	0.000246
OPCODE	9069	498	0.000246
OPCODE	D7D3	497	0.000246
OPCODE	41F9	497	0.000246
OPCODE	2C56	496	0.000246
OPCODE	0883	494	0.000245
OPCODE	08AE	491	0.000243
OPCODE	2F06	490	0.000243
OPCODE	2C33	489	0.000242
OPCODE	2655	489	0.000242
OPCODE	D4C3	489	0.000242
OPCODE	67DA	487	0.000241
OPCODE	9042	487	0.000241
OPCODE	2941	486	0.000241
OPCODE	3419	485	0.000240
OPCODE	1F11	484	0.000240
OPCODE	129F	484	0.000240
OPCODE	43EF	483	0.000239
OPCODE	55C7	483	0.000239
OPCODE	A024	482	0.000239
OPCODE	08E8	482	0.000239
OPCODE	3F02	481	0.000238
OPCODE	6B28	480	0.000238
OPCODE	6FC0	480	0.000238
OPCODE	0C6B	478	0.000237
OPCODE	BC6E	477	0.000236
OPCODE	1140	477	0.000236
OPCODE	0C6D	477	0.000236
OPCODE	284E	474	0.000235
OPCODE	9FAC	472	0.000234
OPCODE	7050	470	0.000233
OPCODE	2A55	467	0.000231
OPCODE	C2C2	465	0.000230
OPCODE	D259	465	0.000230
OPCODE	5C48	461	0.000228
OPCODE	65BC	460	0.000228
OPCODE	66EC	460	0.000228
OPCODE	2F5F	458	0.000227
OPCODE	284B	454	0.000225
OPCODE	C042	454	0.000225
OPCODE	6D26	454	0.000225
OPCODE	20C1	454	0.000225
OPCODE	12E8	453	0.000224
OPCODE	5278	453	0.000224
OPCODE	5378	453	0.000224
OPCODE	60AE	452	0.000224
OPCODE	614E	451	0.000223
OPCODE	61D8	450	0.000223
OPCODE	50F8	450	0.000223
OPCODE	3236	450	0.000223
OPCODE	4876	450	0.000223
OPCODE	2036	450	0.000223
OPCODE	60F0	450	0.000223
OPCODE	2D76	450	0.000223
OPCODE	C200	450	0.000223
OPCODE	6E0E	449	0.000222
OPCODE	BDF8	449	0.000222
OPCODE	6310	449	0.000222
OPCODE	61E0	448	0.000222
OPCODE	2656	447	0.000221
OPCODE	2F40	447	0.000221
OPCODE	8685	444	0.000220
OPCODE	5D40	444	0.000220
OPCODE	C694	444	0.000220
OPCODE	2883	444	0.000220
OPCODE	F217	444	0.000220
OPCODE	246C	440	0.000218
OPCODE	B078	439	0.000217
OPCODE	B082	438	0.000217
OPCODE	D085	437	0.000216
OPCODE	2031	436	0.000216
OPCODE	1F40	433	0.000214
OPCODE	6778	431	0.000213
OPCODE	4A81	431	0.000213
OPCODE	603A	431	0.000213
OPCODE	3D50	429	0.000212
OPCODE	B0AA	426	0.000211
OPCODE	0C82	426	0.000211
OPCODE	2D4A	425	0.000210
OPCODE	3342	425	0.000210
OPCODE	3429	425	0.000210
OPCODE	E9A9	424	0.000210
OPCODE	220F	422	0.000209
OPCODE	66F8	420	0.000208
OPCODE	D240	420	0.000208
OPCODE	B242	419	0.000207
OPCODE	2C5F	419	0.000207
OPCODE	2F0E	419	0.000207
OPCODE	D8C7	416	0.000206
OPCODE	2019	415	0.000205
OPCODE	2D45	414	0.000205
OPCODE	6048	414	0.000205
OPCODE	57CA	414	0.000205
OPCODE	6F1A	414	0.000205
OPCODE	9651	414	0.000205
OPCODE	9459	414	0.000205
OPCODE	B4B8	413	0.000204
OPCODE	DE47	413	0.000204
OPCODE	3F28	412	0.000204
OPCODE	6A22	411	0.000203
OPCODE	DA87	409	0.000202
OPCODE	B278	408	0.000202
OPCODE	234C	408	0.000202
OPCODE	D986	407	0.000201
OPCODE	2202	407	0.000201
OPCODE	D584	407	0.000201
OPCODE	91CA	407	0.000201
OPCODE	D3CA	407	0.000201
OPCODE	2C2A	407	0.000201
OPCODE	5548	406	0.000201
OPCODE	2E41	405	0.000200
OPCODE	3F11	404	0.000200
OPCODE	2191	403	0.000199
OPCODE	2471	403	0.000199
OPCODE	31A9	403	0.000199
OPCODE	3A1A	402	0.000199
OPCODE	D6EB	402	0.000199
OPCODE	236E	400	0.000198
OPCODE	224D	399	0.000197
OPCODE	337C	398	0.000197
OPCODE	2C68	397	0.000196
OPCODE	2275	397	0.000196
OPCODE	61EA	396	0.000196
OPCODE	0228	396	0.000196
OPCODE	6792	396	0.000196
OPCODE	A01F	395	0.000196
OPCODE	023C	395	0.000196
OPCODE	3C2B	395	0.000196
OPCODE	49F3	394	0.000195
OPCODE	B46B	394	0.000195
OPCODE	B26B	394	0.000195
OPCODE	57C5	394	0.000195
OPCODE	41F6	394	0.000195
OPCODE	2949	393	0.000195
OPCODE	50D9	393	0.000195
OPCODE	92AE	393	0.000195
OPCODE	B297	393	0.000195
OPCODE	3151	393	0.000195
OPCODE	32D0	393	0.000195
OPCODE	A901	393	0.000195
OPCODE	5238	392	0.000194
OPCODE	526E	391	0.000194
OPCODE	6D42	391	0.000194
OPCODE	43FB	390	0.000193
OPCODE	42A9	390	0.000193
OPCODE	C06E	386	0.000191
OPCODE	5387	385	0.000191
OPCODE	BC85	385	0.000191
OPCODE	E9C1	384	0.000190
OPCODE	2948	383	0.000190
OPCODE	2C02	378	0.000187
OPCODE	2A02	377	0.000187
OPCODE	2C1C	375	0.000186
OPCODE	6208	375	0.000186
OPCODE	0245	375	0.000186
OPCODE	6C32	375	0.000186
OPCODE	65CE	375	0.000186
OPCODE	3287	374	0.000185
OPCODE	6B5E	373	0.000185
OPCODE	5538	373	0.000185
OPCODE	67E2	373	0.000185
OPCODE	3D44	369	0.000183
OPCODE	A31E	369	0.000183
OPCODE	6A32	368	0.000182
OPCODE	7224	368	0.000182
OPCODE	6F08	367	0.000182
OPCODE	4A86	367	0.000182
OPCODE	60DC	366	0.000181
OPCODE	A822	365	0.000181
OPCODE	209F	364	0.000180
OPCODE	E580	363	0.000180
OPCODE	242E	363	0.000180
OPCODE	43F9	363	0.000180
OPCODE	30DF	362	0.000179
OPCODE	21CC	362	0.000179
OPCODE	2169	362	0.000179
OPCODE	20DF	362	0.000179
OPCODE	6306	362	0.000179
OPCODE	E0A9	362	0.000179
OPCODE	A023	361	0.000179
OPCODE	2A07	360	0.000178
OPCODE	D3D1	359	0.000178
OPCODE	2E2A	359	0.000178
OPCODE	906B	359	0.000178
OPCODE	D091	359	0.000178
OPCODE	60DE	359	0.000178
OPCODE	2806	359	0.000178
OPCODE	D158	358	0.000177
OPCODE	D093	358	0.000177
OPCODE	2455	354	0.000175
OPCODE	1007	353	0.000175
OPCODE	2D42	352	0.000174
OPCODE	3802	352	0.000174
OPCODE	B308	352	0.000174
OPCODE	3A03	352	0.000174
OPCODE	2042	352	0.000174
OPCODE	C295	351	0.000174
OPCODE	8641	350	0.000173
OPCODE	5BEE	350	0.000173
OPCODE	E741	350	0.000173
OPCODE	B741	350	0.000173
OPCODE	3740	349	0.000173
OPCODE	B1F8	349	0.000173
OPCODE	BEAD	349	0.000173
OPCODE	6328	349	0.000173
OPCODE	67EE	349	0.000173
OPCODE	2075	347	0.000172
OPCODE	1C3C	347	0.000172
OPCODE	0001	346	0.000171
OPCODE	7E02	346	0.000171
OPCODE	E248	346	0.000171
OPCODE	4EB6	344	0.000170
OPCODE	C095	344	0.000170
OPCODE	CC85	344	0.000170
OPCODE	8086	344	0.000170
OPCODE	B887	344	0.000170
OPCODE	4A51	343	0.000170
OPCODE	262D	343	0.000170
OPCODE	51EE	342	0.000169
OPCODE	6196	339	0.000168
OPCODE	67F0	339	0.000168
OPCODE	9A8E	339	0.000168
OPCODE	2D51	339	0.000168
OPCODE	4298	339	0.000168
OPCODE	664E	338	0.000167
OPCODE	604A	337	0.000167
OPCODE	6D7A	337	0.000167
OPCODE	E509	336	0.000166
OPCODE	8328	336	0.000166
OPCODE	6A0E	336	0.000166
OPCODE	6E6E	336	0.000166
OPCODE	EA80	334	0.000165
OPCODE	EA82	334	0.000165
OPCODE	E2AB	334	0.000165
OPCODE	E1AA	334	0.000165
OPCODE	D2C0	334	0.000165
OPCODE	C291	334	0.000165
OPCODE	6D5C	334	0.000165
OPCODE	E480	332	0.000164
OPCODE	6C06	332	0.000164
OPCODE	B300	331	0.000164
OPCODE	60D8	330	0.000163
OPCODE	B1C9	328	0.000162
OPCODE	D0C0	328	0.000162
OPCODE	48C6	327	0.000162
OPCODE	9201	325	0.000161
OPCODE	0892	322	0.000159
OPCODE	08D2	322	0.000159
OPCODE	5140	322	0.000159
OPCODE	1830	321	0.000159
OPCODE	2D47	321	0.000159
OPCODE	1630	321	0.000159
OPCODE	6098	320	0.000158
OPCODE	5347	320	0.000158
OPCODE	1210	318	0.000157
OPCODE	1012	317	0.000157
OPCODE	1A00	316	0.000156
OPCODE	22C2	316	0.000156
OPCODE	6116	316	0.000156
OPCODE	BA40	316	0.000156
OPCODE	3941	315	0.000156
OPCODE	BEAC	315	0.000156
OPCODE	ED49	314	0.000155
OPCODE	C1EE	313	0.000155
OPCODE	1028	312	0.000154
OPCODE	5210	312	0.000154
OPCODE	1180	312	0.000154
OPCODE	2D58	310	0.000153
OPCODE	C0AC	309	0.000153
OPCODE	7620	307	0.000152
OPCODE	421C	306	0.000151
OPCODE	2271	305	0.000151
OPCODE	650C	304	0.000150
OPCODE	C06B	304	0.000150
OPCODE	A82A	304	0.000150
OPCODE	D301	304	0.000150
OPCODE	2A04	302	0.000149
OPCODE	B9D3	302	0.000149
OPCODE	D06A	301	0.000149
OPCODE	4E94	301	0.000149
OPCODE	B047	301	0.000149
OPCODE	3030	301	0.000149
OPCODE	30EE	300	0.000148
OPCODE	4E5C	298	0.000147
OPCODE	4E54	298	0.000147
OPCODE	946E	295	0.000146
OPCODE	7054	293	0.000145
OPCODE	620C	292	0.000145
OPCODE	1E00	291	0.000144
OPCODE	208C	290	0.000144
OPCODE	22C4	290	0.000144
OPCODE	E189	290	0.000144
OPCODE	926D	289	0.000143
OPCODE	1D68	289	0.000143
OPCODE	197C	288	0.000143
OPCODE	6644	286	0.000142
OPCODE	3401	286	0.000142
OPCODE	244C	285	0.000141
OPCODE	2850	284	0.000141
OPCODE	377C	282	0.000140
OPCODE	246A	282	0.000140
OPCODE	5300	282	0.000140
OPCODE	6F0C	281	0.000139
OPCODE	9FC2	280	0.000139
OPCODE	6D3C	280	0.000139
OPCODE	235F	279	0.000138
OPCODE	28AE	279	0.000138
OPCODE	2950	278	0.000138
OPCODE	5381	278	0.000138
OPCODE	6516	277	0.000137
OPCODE	E0AC	275	0.000136
OPCODE	66D4	274	0.000136
OPCODE	A893	274	0.000136
OPCODE	5344	272	0.000135
OPCODE	D290	271	0.000134
OPCODE	B843	271	0.000134
OPCODE	D087	271	0.000134
OPCODE	2281	271	0.000134
OPCODE	4BEE	271	0.000134
OPCODE	6DE2	270	0.000134
OPCODE	94C0	270	0.000134
OPCODE	322D	268	0.000133
OPCODE	D358	268	0.000133
OPCODE	4A76	266	0.000132
OPCODE	E858	266	0.000132
OPCODE	56C7	266	0.000132
OPCODE	49C7	266	0.000132
OPCODE	4ED5	265	0.000131
OPCODE	C0C1	264	0.000131
OPCODE	E24C	264	0.000131
OPCODE	610E	263	0.000130
OPCODE	6B30	263	0.000130
OPCODE	2E88	261	0.000129
OPCODE	722A	260	0.000129
OPCODE	E29A	260	0.000129
OPCODE	2845	260	0.000129
OPCODE	E08C	260	0.000129
OPCODE	9682	260	0.000129
OPCODE	EE8C	260	0.000129
OPCODE	2C0A	260	0.000129
OPCODE	1744	260	0.000129
OPCODE	7AFF	260	0.000129
OPCODE	342B	260	0.000129
OPCODE	34D9	259	0.000128
OPCODE	31E8	259	0.000128
OPCODE	3A2C	259	0.000128
OPCODE	48C5	259	0.000128
OPCODE	D843	258	0.000128
OPCODE	906D	258	0.000128
OPCODE	6220	258	0.000128
OPCODE	2889	257	0.000127
OPCODE	206A	255	0.000126
OPCODE	9685	255	0.000126
OPCODE	B06B	255	0.000126
OPCODE	9A87	255	0.000126
OPCODE	526D	255	0.000126
OPCODE	536D	255	0.000126
OPCODE	3404	254	0.000126
OPCODE	EA48	253	0.000125
OPCODE	6438	253	0.000125
OPCODE	3229	252	0.000125
OPCODE	62B8	252	0.000125
OPCODE	6032	251	0.000124
OPCODE	5268	250	0.000124
OPCODE	80FC	250	0.000124
OPCODE	5449	248	0.000123
OPCODE	B7D4	247	0.000122
OPCODE	5589	247	0.000122
OPCODE	31C0	247	0.000122
OPCODE	9584	246	0.000122
OPCODE	93CA	246	0.000122
OPCODE	A065	246	0.000122
OPCODE	4AB1	246	0.000122
OPCODE	9986	246	0.000122
OPCODE	603E	246	0.000122
OPCODE	D1CA	246	0.000122
OPCODE	2410	245	0.000121
OPCODE	1A12	245	0.000121
OPCODE	E38E	245	0.000121
OPCODE	1485	245	0.000121
OPCODE	D641	244	0.000121
OPCODE	E96B	244	0.000121
OPCODE	2968	243	0.000120
OPCODE	57EE	242	0.000120
OPCODE	C099	241	0.000119
OPCODE	242B	241	0.000119
OPCODE	B682	240	0.000119
OPCODE	518A	240	0.000119
OPCODE	66B6	240	0.000119
OPCODE	3810	239	0.000118
OPCODE	BC6B	239	0.000118
OPCODE	67EA	239	0.000118
OPCODE	2641	238	0.000118
OPCODE	286F	237	0.000117
OPCODE	926B	237	0.000117
OPCODE	D46E	237	0.000117
OPCODE	DAFC	237	0.000117
OPCODE	E440	237	0.000117
OPCODE	6F0E	236	0.000117
OPCODE	2A18	236	0.000117
OPCODE	4A99	235	0.000116
OPCODE	1238	235	0.000116
OPCODE	5549	235	0.000116
OPCODE	D241	235	0.000116
OPCODE	906C	234	0.000116
OPCODE	C94D	234	0.000116
OPCODE	1211	233	0.000115
OPCODE	EBA9	232	0.000115
OPCODE	741F	232	0.000115
OPCODE	E84B	231	0.000114
OPCODE	8CAE	231	0.000114
OPCODE	2308	231	0.000114
OPCODE	5880	230	0.000114
OPCODE	DBC1	230	0.000114
OPCODE	96C0	230	0.000114
OPCODE	45F1	230	0.000114
OPCODE	DBC0	230	0.000114
OPCODE	D052	230	0.000114
OPCODE	3413	229	0.000113
OPCODE	2076	229	0.000113
OPCODE	2653	229	0.000113
OPCODE	C149	229	0.000113
OPCODE	343C	229	0.000113
OPCODE	55C0	229	0.000113
OPCODE	70C6	227	0.000112
OPCODE	3207	227	0.000112
OPCODE	D141	225	0.000111
OPCODE	C0FC	225	0.000111
OPCODE	6510	225	0.000111
OPCODE	D368	225	0.000111
OPCODE	C602	225	0.000111
OPCODE	9D6E	225	0.000111
OPCODE	862E	225	0.000111
OPCODE	56C2	225	0.000111
OPCODE	C12E	225	0.000111
OPCODE	200F	225	0.000111
OPCODE	2207	225	0.000111
OPCODE	D5CB	225	0.000111
OPCODE	65D8	225	0.000111
OPCODE	6A28	225	0.000111
OPCODE	5FE7	225	0.000111
OPCODE	4A30	224	0.000111
OPCODE	70F8	223	0.000110
OPCODE	4244	223	0.000110
OPCODE	5040	223	0.000110
OPCODE	99CC	223	0.000110
OPCODE	6C38	222	0.000110
OPCODE	6F06	221	0.000109
OPCODE	A884	221	0.000109
OPCODE	31B2	221	0.000109
OPCODE	D36B	220	0.000109
OPCODE	E6A8	220	0.000109
OPCODE	3602	220	0.000109
OPCODE	2F57	220	0.000109
OPCODE	C443	219	0.000108
OPCODE	43F2	219	0.000108
OPCODE	6B4A	219	0.000108
OPCODE	DF6B	219	0.000108
OPCODE	5640	219	0.000108
OPCODE	584E	217	0.000107
OPCODE	E9D6	217	0.000107
OPCODE	1011	216	0.000107
OPCODE	4685	215	0.000106
OPCODE	8280	215	0.000106
OPCODE	B6AC	214	0.000106
OPCODE	341F	214	0.000106
OPCODE	5385	214	0.000106
OPCODE	B5FC	214	0.000106
OPCODE	2405	212	0.000105
OPCODE	204E	211	0.000104
OPCODE	12C1	211	0.000104
OPCODE	4CD3	210	0.000104
OPCODE	6DF0	210	0.000104
OPCODE	48D3	210	0.000104
OPCODE	545B	210	0.000104
OPCODE	620A	209	0.000103
OPCODE	C0AB	208	0.000103
OPCODE	6C46	207	0.000102
OPCODE	1219	206	0.000102
OPCODE	B9FC	205	0.000101
OPCODE	1228	205	0.000101
OPCODE	2C04	205	0.000101
OPCODE	9088	204	0.000101
OPCODE	1281	204	0.000101
OPCODE	2808	203	0.000100
OPCODE	2F05	201	0.000099
OPCODE	C243	201	0.000099
OPCODE	B38B	201	0.000099
OPCODE	56CC	201	0.000099
OPCODE	3F38	200	0.000099
OPCODE	8083	200	0.000099
OPCODE	142C	200	0.000099
OPCODE	C091	200	0.000099
OPCODE	08EC	200	0.000099
OPCODE	43F1	199	0.000098
OPCODE	34A9	198	0.000098
OPCODE	0057	198	0.000098
OPCODE	34E9	198	0.000098
OPCODE	B05A	198	0.000098
OPCODE	60D2	196	0.000097
OPCODE	3F14	196	0.000097
OPCODE	E9C2	196	0.000097
OPCODE	EFC1	196	0.000097
OPCODE	21ED	196	0.000097
OPCODE	2E10	195	0.000097
OPCODE	2A54	195	0.000097
OPCODE	10D9	194	0.000096
OPCODE	316A	194	0.000096
OPCODE	D7D4	193	0.000096
OPCODE	2368	193	0.000096
OPCODE	504C	192	0.000095
OPCODE	08AC	192	0.000095
OPCODE	B1E9	192	0.000095
OPCODE	6C0A	192	0.000095
OPCODE	4BFA	191	0.000095
OPCODE	1C00	190	0.000094
OPCODE	0C6A	189	0.000094
OPCODE	425B	188	0.000093
OPCODE	264C	187	0.000093
OPCODE	0C84	187	0.000093
OPCODE	B1C1	187	0.000093
OPCODE	3C00	186	0.000092
OPCODE	42AC	186	0.000092
OPCODE	A04A	186	0.000092
OPCODE	6742	184	0.000091
OPCODE	50E7	184	0.000091
OPCODE	1F7C	183	0.000091
OPCODE	A8E4	182	0.000090
OPCODE	B244	182	0.000090
OPCODE	0040	182	0.000090
OPCODE	A322	182	0.000090
OPCODE	B068	181	0.000090
OPCODE	7A01	181	0.000090
OPCODE	61CC	181	0.000090
OPCODE	0C70	181	0.000090
OPCODE	D844	180	0.000089
OPCODE	48D0	180	0.000089
OPCODE	BE90	180	0.000089
OPCODE	5480	180	0.000089
OPCODE	0C98	180	0.000089
OPCODE	2151	180	0.000089
OPCODE	2157	180	0.000089
OPCODE	B240	179	0.000089
OPCODE	224F	179	0.000089
OPCODE	E538	178	0.000088
OPCODE	46EF	178	0.000088
OPCODE	0C87	178	0.000088
OPCODE	66E4	178	0.000088
OPCODE	223B	178	0.000088
OPCODE	9883	178	0.000088
OPCODE	D8C0	178	0.000088
OPCODE	BF00	178	0.000088
OPCODE	0831	177	0.000088
OPCODE	296E	176	0.000087
OPCODE	3D68	176	0.000087
OPCODE	20C7	175	0.000087
OPCODE	2C08	175	0.000087
OPCODE	926A	174	0.000086
OPCODE	6804	173	0.000086
OPCODE	3600	172	0.000085
OPCODE	60AA	172	0.000085
OPCODE	0190	172	0.000085
OPCODE	47EC	172	0.000085
OPCODE	6134	172	0.000085
OPCODE	2A2C	172	0.000085
OPCODE	EA89	171	0.000085
OPCODE	605C	171	0.000085
OPCODE	34D1	171	0.000085
OPCODE	20B8	171	0.000085
OPCODE	30C7	170	0.000084
OPCODE	7E0A	170	0.000084
OPCODE	2082	170	0.000084
OPCODE	3A11	170	0.000084
OPCODE	BC2C	169	0.000084
OPCODE	B5EC	169	0.000084
OPCODE	56C6	169	0.000084
OPCODE	4257	169	0.000084
OPCODE	0C04	169	0.000084
OPCODE	1834	169	0.000084
OPCODE	721F	169	0.000084
OPCODE	1C03	169	0.000084
OPCODE	6E82	168	0.000083
OPCODE	D851	168	0.000083
OPCODE	2880	168	0.000083
OPCODE	61C4	168	0.000083
OPCODE	026E	168	0.000083
OPCODE	61BE	167	0.000083
OPCODE	2F2A	167	0.000083
OPCODE	244D	167	0.000083
OPCODE	AA14	167	0.000083
OPCODE	6D08	166	0.000082
OPCODE	207C	166	0.000082
OPCODE	102F	165	0.000082
OPCODE	E4AD	165	0.000082
OPCODE	204F	164	0.000081
OPCODE	49FA	164	0.000081
OPCODE	4444	163	0.000081
OPCODE	6024	163	0.000081
OPCODE	2F19	163	0.000081
OPCODE	C843	163	0.000081
OPCODE	6EC8	163	0.000081
OPCODE	780F	163	0.000081
OPCODE	66FA	163	0.000081
OPCODE	B2FC	162	0.000080
OPCODE	3F3A	162	0.000080
OPCODE	2F6F	160	0.000079
OPCODE	223C	160	0.000079
OPCODE	E218	160	0.000079
OPCODE	D100	160	0.000079
OPCODE	8242	160	0.000079
OPCODE	3F29	160	0.000079
OPCODE	F236	159	0.000079
OPCODE	3947	159	0.000079
OPCODE	2E48	158	0.000078
OPCODE	BEAE	158	0.000078
OPCODE	2F21	158	0.000078
OPCODE	3606	158	0.000078
OPCODE	2420	158	0.000078
OPCODE	22E0	158	0.000078
OPCODE	643C	156	0.000077
OPCODE	6774	156	0.000077
OPCODE	5741	155	0.000077
OPCODE	6142	155	0.000077
OPCODE	323B	155	0.000077
OPCODE	C4FC	155	0.000077
OPCODE	E219	155	0.000077
OPCODE	518F	154	0.000076
OPCODE	7E01	154	0.000076
OPCODE	536F	154	0.000076
OPCODE	61A6	153	0.000076
OPCODE	ED59	153	0.000076
OPCODE	1E01	152	0.000075
OPCODE	A9EE	152	0.000075
OPCODE	E8C1	152	0.000075
OPCODE	319F	152	0.000075
OPCODE	5887	151	0.000075
OPCODE	C1C1	151	0.000075
OPCODE	B269	151	0.000075
OPCODE	21FC	151	0.000075
OPCODE	9BCD	151	0.000075
OPCODE	64F0	151	0.000075
OPCODE	D46B	150	0.000074
OPCODE	D5F2	150	0.000074
OPCODE	7C07	150	0.000074
OPCODE	C446	150	0.000074
OPCODE	7E0F	150	0.000074
OPCODE	DC93	150	0.000074
OPCODE	6D1A	150	0.000074
OPCODE	2C36	149	0.000074
OPCODE	67DC	149	0.000074
OPCODE	652A	149	0.000074
OPCODE	B5C0	148	0.000073
OPCODE	621C	148	0.000073
OPCODE	2E6C	148	0.000073
OPCODE	220C	148	0.000073
OPCODE	294D	148	0.000073
OPCODE	294F	148	0.000073
OPCODE	60E6	147	0.000073
OPCODE	08A8	147	0.000073
OPCODE	0C07	147	0.000073
OPCODE	CE53	147	0.000073
OPCODE	B845	147	0.000073
OPCODE	6110	146	0.000072
OPCODE	1202	145	0.000072
OPCODE	6B38	145	0.000072
OPCODE	6148	145	0.000072
OPCODE	604E	145	0.000072
OPCODE	4268	145	0.000072
OPCODE	1E2E	145	0.000072
OPCODE	7205	145	0.000072
OPCODE	E208	144	0.000071
OPCODE	0042	144	0.000071
OPCODE	65F6	144	0.000071
OPCODE	B0A9	144	0.000071
OPCODE	2C1F	144	0.000071
OPCODE	8043	144	0.000071
OPCODE	BE92	144	0.000071
OPCODE	5289	144	0.000071
OPCODE	142B	143	0.000071
OPCODE	4A2F	143	0.000071
OPCODE	222A	143	0.000071
OPCODE	B642	143	0.000071
OPCODE	D1C3	142	0.000070
OPCODE	6C02	142	0.000070
OPCODE	2A4F	142	0.000070
OPCODE	7402	142	0.000070
OPCODE	67D8	141	0.000070
OPCODE	284F	140	0.000069
OPCODE	93CC	140	0.000069
OPCODE	554B	140	0.000069
OPCODE	3609	140	0.000069
OPCODE	4CD0	140	0.000069
OPCODE	6FF0	140	0.000069
OPCODE	2141	140	0.000069
OPCODE	2D43	138	0.000068
OPCODE	61A4	138	0.000068
OPCODE	1142	138	0.000068
OPCODE	0881	138	0.000068
OPCODE	08B0	138	0.000068
OPCODE	2E6D	138	0.000068
OPCODE	01D0	138	0.000068
OPCODE	E368	137	0.000068
OPCODE	97CB	137	0.000068
OPCODE	2828	137	0.000068
OPCODE	2482	137	0.000068
OPCODE	618E	136	0.000067
OPCODE	6304	136	0.000067
OPCODE	45F8	136	0.000067
OPCODE	B4A8	135	0.000067
OPCODE	E280	135	0.000067
OPCODE	E968	135	0.000067
OPCODE	2801	135	0.000067
OPCODE	66D8	135	0.000067
OPCODE	DEFC	134	0.000066
OPCODE	B680	133	0.000066
OPCODE	1030	132	0.000065
OPCODE	2A03	132	0.000065
OPCODE	2D46	132	0.000065
OPCODE	B652	132	0.000065
OPCODE	3009	131	0.000065
OPCODE	D1F0	131	0.000065
OPCODE	6230	131	0.000065
OPCODE	E9C0	131	0.000065
OPCODE	4245	130	0.000064
OPCODE	DC44	130	0.000064
OPCODE	10FC	130	0.000064
OPCODE	1705	130	0.000064
OPCODE	611E	130	0.000064
OPCODE	E400	130	0.000064
OPCODE	18C5	130	0.000064
OPCODE	9048	130	0.000064
OPCODE	5445	130	0.000064
OPCODE	AA15	129	0.000064
OPCODE	3082	128	0.000063
OPCODE	C684	128	0.000063
OPCODE	A050	128	0.000063
OPCODE	1280	128	0.000063
OPCODE	AB1D	127	0.000063
OPCODE	215F	127	0.000063
OPCODE	6F10	127	0.000063
OPCODE	3142	127	0.000063
OPCODE	C1C4	126	0.000062
OPCODE	7C1F	126	0.000062
OPCODE	216C	125	0.000062
OPCODE	B250	125	0.000062
OPCODE	E508	125	0.000062
OPCODE	6FB6	125	0.000062
OPCODE	0C78	125	0.000062
OPCODE	2490	125	0.000062
OPCODE	E158	125	0.000062
OPCODE	666C	125	0.000062
OPCODE	4CAE	125	0.000062
OPCODE	EBC0	125	0.000062
OPCODE	0C2A	125	0.000062
OPCODE	41FB	125	0.000062
OPCODE	0805	125	0.000062
OPCODE	360B	124	0.000061
OPCODE	61DE	124	0.000061
OPCODE	3370	124	0.000061
OPCODE	22B0	124	0.000061
OPCODE	C0E9	124	0.000061
OPCODE	0C34	124	0.000061
OPCODE	08EA	124	0.000061
OPCODE	30FC	123	0.000061
OPCODE	D7C4	123	0.000061
OPCODE	6DC8	123	0.000061
OPCODE	B26E	123	0.000061
OPCODE	4847	123	0.000061
OPCODE	9A86	123	0.000061
OPCODE	9A82	123	0.000061
OPCODE	4201	123	0.000061
OPCODE	E44B	122	0.000060
OPCODE	80C1	122	0.000060
OPCODE	6080	122	0.000060
OPCODE	2419	122	0.000060
OPCODE	6750	121	0.000060
OPCODE	66F6	121	0.000060
OPCODE	121A	120	0.000059
OPCODE	2403	120	0.000059
OPCODE	B1C0	120	0.000059
OPCODE	6058	120	0.000059
OPCODE	522A	119	0.000059
OPCODE	AA33	119	0.000059
OPCODE	216E	119	0.000059
OPCODE	6B5C	119	0.000059
OPCODE	A122	119	0.000059
OPCODE	70DA	119	0.000059
OPCODE	162C	119	0.000059
OPCODE	8401	118	0.000058
OPCODE	57C8	118	0.000058
OPCODE	A96F	118	0.000058
OPCODE	3E2B	118	0.000058
OPCODE	6DFA	118	0.000058
OPCODE	6D24	117	0.000058
OPCODE	0202	117	0.000058
OPCODE	56F8	117	0.000058
OPCODE	2484	117	0.000058
OPCODE	66E2	117	0.000058
OPCODE	6762	117	0.000058
OPCODE	4A17	117	0.000058
OPCODE	4A70	117	0.000058
OPCODE	7C7F	117	0.000058
OPCODE	4486	116	0.000057
OPCODE	9252	116	0.000057
OPCODE	CEB0	116	0.000057
OPCODE	2408	116	0.000057
OPCODE	C0A8	116	0.000057
OPCODE	D5C2	116	0.000057
OPCODE	254A	116	0.000057
OPCODE	D882	116	0.000057
OPCODE	B490	116	0.000057
OPCODE	4A91	115	0.000057
OPCODE	D0EE	115	0.000057
OPCODE	2548	115	0.000057
OPCODE	B5C9	115	0.000057
OPCODE	2385	114	0.000056
OPCODE	BE86	114	0.000056
OPCODE	594A	114	0.000056
OPCODE	B859	114	0.000056
OPCODE	A855	113	0.000056
OPCODE	50E9	113	0.000056
OPCODE	6658	113	0.000056
OPCODE	6D10	113	0.000056
OPCODE	A853	113	0.000056
OPCODE	3D78	113	0.000056
OPCODE	3410	113	0.000056
OPCODE	A069	112	0.000055
OPCODE	D3AE	112	0.000055
OPCODE	2340	112	0.000055
OPCODE	700F	112	0.000055
OPCODE	7C01	111	0.000055
OPCODE	6D02	111	0.000055
OPCODE	6204	110	0.000054
OPCODE	A88C	110	0.000054
OPCODE	B880	110	0.000054
OPCODE	612C	110	0.000054
OPCODE	C07C	110	0.000054
OPCODE	97D4	109	0.000054
OPCODE	D640	109	0.000054
OPCODE	266F	109	0.000054
OPCODE	48C3	109	0.000054
OPCODE	84FC	108	0.000053
OPCODE	6136	108	0.000053
OPCODE	2030	107	0.000053
OPCODE	6182	107	0.000053
OPCODE	1205	107	0.000053
OPCODE	3C38	106	0.000052
OPCODE	70F2	106	0.000052
OPCODE	246D	106	0.000052
OPCODE	60B2	105	0.000052
OPCODE	306E	105	0.000052
OPCODE	6C14	105	0.000052
OPCODE	3F5F	105	0.000052
OPCODE	42AB	105	0.000052
OPCODE	3A01	105	0.000052
OPCODE	7A03	104	0.000051
OPCODE	362A	104	0.000051
OPCODE	9641	104	0.000051
OPCODE	4A03	104	0.000051
OPCODE	3801	104	0.000051
OPCODE	C589	104	0.000051
OPCODE	2652	103	0.000051
OPCODE	4A73	103	0.000051
OPCODE	00AC	103	0.000051
OPCODE	677A	103	0.000051
OPCODE	611A	103	0.000051
OPCODE	A06A	103	0.000051
OPCODE	E549	102	0.000050
OPCODE	2C07	102	0.000050
OPCODE	B02C	102	0.000050
OPCODE	283C	101	0.000050
OPCODE	486A	101	0.000050
OPCODE	6354	101	0.000050
OPCODE	635A	101	0.000050
OPCODE	242A	101	0.000050
OPCODE	D488	101	0.000050
OPCODE	7048	101	0.000050
OPCODE	49E8	101	0.000050
OPCODE	225E	101	0.000050
OPCODE	9489	101	0.000050
OPCODE	6FD6	101	0.000050
OPCODE	623E	101	0.000050
OPCODE	B1FC	101	0.000050
OPCODE	24C8	101	0.000050
OPCODE	5200	101	0.000050
OPCODE	2D09	101	0.000050
OPCODE	5C8A	101	0.000050
OPCODE	80EC	101	0.000050
OPCODE	B291	101	0.000050
OPCODE	B086	100	0.000049
OPCODE	1E2B	100	0.000049
OPCODE	E58B	100	0.000049
OPCODE	67AE	100	0.000049
OPCODE	208A	100	0.000049
OPCODE	5441	100	0.000049
OPCODE	C685	100	0.000049
OPCODE	C6C1	100	0.000049
OPCODE	EA4D	100	0.000049
OPCODE	0683	100	0.000049
OPCODE	38DB	100	0.000049
OPCODE	CAEE	100	0.000049
OPCODE	8BFC	100	0.000049
OPCODE	D681	100	0.000049
OPCODE	220A	99	0.000049
OPCODE	93C8	99	0.000049
OPCODE	B08C	99	0.000049
OPCODE	6D2E	99	0.000049
OPCODE	6C44	99	0.000049
OPCODE	24E9	99	0.000049
OPCODE	6672	99	0.000049
OPCODE	65E8	99	0.000049
OPCODE	5D42	98	0.000049
OPCODE	BC6C	98	0.000049
OPCODE	2A10	98	0.000049
OPCODE	66DA	98	0.000049
OPCODE	3418	98	0.000049
OPCODE	31F8	98	0.000049
OPCODE	3011	97	0.000048
OPCODE	222F	97	0.000048
OPCODE	C18C	97	0.000048
OPCODE	5281	97	0.000048
OPCODE	3F2C	96	0.000048
OPCODE	6E06	96	0.000048
OPCODE	9C81	96	0.000048
OPCODE	3E06	96	0.000048
OPCODE	82FC	96	0.000048
OPCODE	3C10	96	0.000048
OPCODE	6666	96	0.000048
OPCODE	3978	96	0.000048
OPCODE	A862	96	0.000048
OPCODE	2683	96	0.000048
OPCODE	11C0	96	0.000048
OPCODE	3742	96	0.000048
OPCODE	7210	96	0.000048
OPCODE	2063	96	0.000048
OPCODE	6FEE	95	0.000047
OPCODE	2F13	95	0.000047
OPCODE	DA46	95	0.000047
OPCODE	E388	95	0.000047
OPCODE	66CC	95	0.000047
OPCODE	2404	95	0.000047
OPCODE	E54D	95	0.000047
OPCODE	6E48	95	0.000047
OPCODE	D2C7	95	0.000047
OPCODE	BE53	95	0.000047
OPCODE	4299	95	0.000047
OPCODE	3E09	95	0.000047
OPCODE	0041	95	0.000047
OPCODE	2680	94	0.000047
OPCODE	4A44	94	0.000047
OPCODE	A8E6	94	0.000047
OPCODE	31EC	94	0.000047
OPCODE	1203	93	0.000046
OPCODE	0441	93	0.000046
OPCODE	A889	93	0.000046
OPCODE	A825	92	0.000046
OPCODE	B001	92	0.000046
OPCODE	70CD	92	0.000046
OPCODE	122C	92	0.000046
OPCODE	1204	91	0.000045
OPCODE	6788	91	0.000045
OPCODE	B844	91	0.000045
OPCODE	47EA	91	0.000045
OPCODE	1082	90	0.000045
OPCODE	666E	90	0.000045
OPCODE	2071	89	0.000044
OPCODE	0894	89	0.000044
OPCODE	6766	89	0.000044
OPCODE	2B78	89	0.000044
OPCODE	6E14	88	0.000044
OPCODE	4AAA	88	0.000044
OPCODE	C043	87	0.000043
OPCODE	2740	87	0.000043
OPCODE	D7E8	87	0.000043
OPCODE	B7E8	87	0.000043
OPCODE	61D4	87	0.000043
OPCODE	926C	87	0.000043
OPCODE	2E57	87	0.000043
OPCODE	7E1F	86	0.000043
OPCODE	665E	86	0.000043
OPCODE	102A	86	0.000043
OPCODE	67D4	86	0.000043
OPCODE	48F8	86	0.000043
OPCODE	4442	86	0.000043
OPCODE	20C2	85	0.000042
OPCODE	6F18	85	0.000042
OPCODE	0643	85	0.000042
OPCODE	41F7	85	0.000042
OPCODE	396D	85	0.000042
OPCODE	3368	85	0.000042
OPCODE	2097	85	0.000042
OPCODE	47F1	85	0.000042
OPCODE	B229	85	0.000042
OPCODE	6318	85	0.000042
OPCODE	6CD6	84	0.000042
OPCODE	E9AE	83	0.000041
OPCODE	CC80	83	0.000041
OPCODE	720A	83	0.000041
OPCODE	B095	83	0.000041
OPCODE	E781	83	0.000041
OPCODE	67BC	83	0.000041
OPCODE	9286	83	0.000041
OPCODE	9C6D	83	0.000041
OPCODE	31DF	82	0.000041
OPCODE	442E	82	0.000041
OPCODE	B485	82	0.000041
OPCODE	2D9F	82	0.000041
OPCODE	61F6	82	0.000041
OPCODE	6D44	82	0.000041
OPCODE	2458	82	0.000041
OPCODE	D5C0	81	0.000040
OPCODE	97C0	81	0.000040
OPCODE	48B8	81	0.000040
OPCODE	0246	81	0.000040
OPCODE	95C0	81	0.000040
OPCODE	D740	81	0.000040
OPCODE	A9EB	80	0.000040
OPCODE	6B54	80	0.000040
OPCODE	B270	80	0.000040
OPCODE	6D52	80	0.000040
OPCODE	6D54	80	0.000040
OPCODE	216B	80	0.000040
OPCODE	28A8	80	0.000040
OPCODE	4213	80	0.000040
OPCODE	B543	80	0.000040
OPCODE	6768	80	0.000040
OPCODE	C641	80	0.000040
OPCODE	C480	79	0.000039
OPCODE	B290	79	0.000039
OPCODE	80F8	79	0.000039
OPCODE	84F8	79	0.000039
OPCODE	7602	79	0.000039
OPCODE	3169	79	0.000039
OPCODE	2417	79	0.000039
OPCODE	D08C	79	0.000039
OPCODE	619C	79	0.000039
OPCODE	49F4	78	0.000039
OPCODE	2A69	78	0.000039
OPCODE	6D0C	78	0.000039
OPCODE	A9A0	78	0.000039
OPCODE	805F	78	0.000039
OPCODE	4252	78	0.000039
OPCODE	4886	78	0.000039
OPCODE	D804	78	0.000039
OPCODE	5BC1	78	0.000039
OPCODE	3982	78	0.000039
OPCODE	60D6	78	0.000039
OPCODE	90AB	78	0.000039
OPCODE	BA59	78	0.000039
OPCODE	47E8	77	0.000038
OPCODE	246B	77	0.000038
OPCODE	E281	77	0.000038
OPCODE	A03C	77	0.000038
OPCODE	469B	77	0.000038
OPCODE	4646	77	0.000038
OPCODE	2E49	77	0.000038
OPCODE	928F	77	0.000038
OPCODE	31FC	77	0.000038
OPCODE	228E	77	0.000038
OPCODE	667C	77	0.000038
OPCODE	611C	77	0.000038
OPCODE	60C2	76	0.000038
OPCODE	D440	76	0.000038
OPCODE	288C	76	0.000038
OPCODE	294C	76	0.000038
OPCODE	B644	76	0.000038
OPCODE	3F6F	76	0.000038
OPCODE	5989	76	0.000038
OPCODE	2A31	76	0.000038
OPCODE	641A	76	0.000038
OPCODE	A830	76	0.000038
OPCODE	122A	76	0.000038
OPCODE	2F68	75	0.000037
OPCODE	E38F	75	0.000037
OPCODE	2142	75	0.000037
OPCODE	B2B8	75	0.000037
OPCODE	2853	75	0.000037
OPCODE	C22B	75	0.000037
OPCODE	E188	75	0.000037
OPCODE	6D78	75	0.000037
OPCODE	4259	74	0.000037
OPCODE	3A3C	74	0.000037
OPCODE	E749	74	0.000037
OPCODE	6C5A	74	0.000037
OPCODE	A8D9	74	0.000037
OPCODE	2747	74	0.000037
OPCODE	2A28	74	0.000037
OPCODE	2E1F	74	0.000037
OPCODE	D090	74	0.000037
OPCODE	2E11	73	0.000036
OPCODE	A002	73	0.000036
OPCODE	5D8F	73	0.000036
OPCODE	2946	73	0.000036
OPCODE	9E91	73	0.000036
OPCODE	606C	73	0.000036
OPCODE	6C0E	73	0.000036
OPCODE	11F8	73	0.000036
OPCODE	DF53	73	0.000036
OPCODE	21C7	73	0.000036
OPCODE	E410	73	0.000036
OPCODE	1C38	73	0.000036
OPCODE	2E2B	72	0.000036
OPCODE	A8D8	72	0.000036
OPCODE	651C	72	0.000036
OPCODE	EDC6	72	0.000036
OPCODE	B446	72	0.000036
OPCODE	2035	72	0.000036
OPCODE	B089	72	0.000036
OPCODE	9478	72	0.000036
OPCODE	3411	72	0.000036
OPCODE	3280	72	0.000036
OPCODE	3838	72	0.000036
OPCODE	9078	72	0.000036
OPCODE	6FDC	72	0.000036
OPCODE	6B3E	72	0.000036
OPCODE	2611	72	0.000036
OPCODE	72FE	72	0.000036
OPCODE	C0D4	72	0.000036
OPCODE	1B7C	72	0.000036
OPCODE	277C	71	0.000035
OPCODE	2C2B	71	0.000035
OPCODE	0447	71	0.000035
OPCODE	4251	71	0.000035
OPCODE	0C83	71	0.000035
OPCODE	E140	71	0.000035
OPCODE	4DEE	71	0.000035
OPCODE	2352	71	0.000035
OPCODE	6668	71	0.000035
OPCODE	C0E8	71	0.000035
OPCODE	6D14	71	0.000035
OPCODE	9CFC	71	0.000035
OPCODE	802B	71	0.000035
OPCODE	2A4B	70	0.000035
OPCODE	6072	70	0.000035
OPCODE	7207	70	0.000035
OPCODE	6050	70	0.000035
OPCODE	214A	70	0.000035
OPCODE	B444	70	0.000035
OPCODE	60C4	70	0.000035
OPCODE	2E2F	70	0.000035
OPCODE	D66D	70	0.000035
OPCODE	3812	70	0.000035
OPCODE	D86D	70	0.000035
OPCODE	2612	70	0.000035
OPCODE	0244	69	0.000034
OPCODE	2A50	69	0.000034
OPCODE	7280	69	0.000034
OPCODE	3A1F	69	0.000034
OPCODE	B1CC	69	0.000034
OPCODE	B028	69	0.000034
OPCODE	A089	69	0.000034
OPCODE	D001	69	0.000034
OPCODE	C22D	69	0.000034
OPCODE	2B4F	69	0.000034
OPCODE	66C8	69	0.000034
OPCODE	2D73	69	0.000034
OPCODE	E7A8	69	0.000034
OPCODE	1768	69	0.000034
OPCODE	5288	68	0.000034
OPCODE	6FD8	68	0.000034
OPCODE	4AA9	68	0.000034
OPCODE	307C	68	0.000034
OPCODE	2F49	68	0.000034
OPCODE	C188	68	0.000034
OPCODE	D684	67	0.000033
OPCODE	6044	67	0.000033
OPCODE	AA19	67	0.000033
OPCODE	6128	67	0.000033
OPCODE	0C11	67	0.000033
OPCODE	D5D4	67	0.000033
OPCODE	2942	67	0.000033
OPCODE	6B18	66	0.000033
OPCODE	EF6D	66	0.000033
OPCODE	909B	66	0.000033
OPCODE	BC87	66	0.000033
OPCODE	D4C5	66	0.000033
OPCODE	2274	66	0.000033
OPCODE	2203	66	0.000033
OPCODE	A8E5	66	0.000033
OPCODE	B841	66	0.000033
OPCODE	D7F3	66	0.000033
OPCODE	0804	65	0.000032
OPCODE	4BED	65	0.000032
OPCODE	2803	65	0.000032
OPCODE	B897	65	0.000032
OPCODE	6414	65	0.000032
OPCODE	F280	65	0.000032
OPCODE	B670	65	0.000032
OPCODE	642A	65	0.000032
OPCODE	289F	65	0.000032
OPCODE	42AF	65	0.000032
OPCODE	C068	65	0.000032
OPCODE	4883	65	0.000032
OPCODE	6C90	65	0.000032
OPCODE	AA1A	65	0.000032
OPCODE	6EF2	64	0.000032
OPCODE	67E6	64	0.000032
OPCODE	6034	64	0.000032
OPCODE	2807	64	0.000032
OPCODE	4480	64	0.000032
OPCODE	7C02	63	0.000031
OPCODE	6E02	63	0.000031
OPCODE	6348	63	0.000031
OPCODE	60EE	63	0.000031
OPCODE	6C0C	63	0.000031
OPCODE	4214	63	0.000031
OPCODE	3F7C	63	0.000031
OPCODE	6B08	63	0.000031
OPCODE	20CC	62	0.000031
OPCODE	49F0	62	0.000031
OPCODE	082C	62	0.000031
OPCODE	EFA9	62	0.000031
OPCODE	4229	62	0.000031
OPCODE	5849	62	0.000031
OPCODE	632A	62	0.000031
OPCODE	7403	62	0.000031
OPCODE	31C6	62	0.000031
OPCODE	3946	62	0.000031
OPCODE	D0E8	62	0.000031
OPCODE	5349	62	0.000031
OPCODE	2171	61	0.000030
OPCODE	C047	61	0.000030
OPCODE	300D	61	0.000030
OPCODE	0C69	61	0.000030
OPCODE	EA88	61	0.000030
OPCODE	2A75	61	0.000030
OPCODE	C34D	61	0.000030
OPCODE	6046	61	0.000030
OPCODE	2441	61	0.000030
OPCODE	2409	61	0.000030
OPCODE	3340	61	0.000030
OPCODE	2669	61	0.000030
OPCODE	B268	61	0.000030
OPCODE	9C85	61	0.000030
OPCODE	266A	61	0.000030
OPCODE	5282	61	0.000030
OPCODE	690E	60	0.000030
OPCODE	3233	60	0.000030
OPCODE	E780	60	0.000030
OPCODE	E240	60	0.000030
OPCODE	926E	60	0.000030
OPCODE	0446	60	0.000030
OPCODE	45F3	60	0.000030
OPCODE	E34A	60	0.000030
OPCODE	E678	60	0.000030
OPCODE	B26A	60	0.000030
OPCODE	2E2C	60	0.000030
OPCODE	D2C5	60	0.000030
OPCODE	90FC	60	0.000030
OPCODE	9642	60	0.000030
OPCODE	08E9	60	0.000030
OPCODE	7A0F	60	0.000030
OPCODE	341B	60	0.000030
OPCODE	300F	59	0.000029
OPCODE	384B	59	0.000029
OPCODE	D04D	59	0.000029
OPCODE	45F2	59	0.000029
OPCODE	DEC7	59	0.000029
OPCODE	A1AD	59	0.000029
OPCODE	2C28	59	0.000029
OPCODE	2C13	59	0.000029
OPCODE	C1C2	58	0.000029
OPCODE	DA86	58	0.000029
OPCODE	D042	58	0.000029
OPCODE	532D	58	0.000029
OPCODE	A891	58	0.000029
OPCODE	522D	58	0.000029
OPCODE	9E86	58	0.000029
OPCODE	2F41	58	0.000029
OPCODE	DDA8	58	0.000029
OPCODE	6DF2	58	0.000029
OPCODE	514F	57	0.000028
OPCODE	30B1	57	0.000028
OPCODE	61A8	57	0.000028
OPCODE	A998	57	0.000028
OPCODE	3320	57	0.000028
OPCODE	B060	57	0.000028
OPCODE	6D12	57	0.000028
OPCODE	262B	57	0.000028
OPCODE	6316	56	0.000028
OPCODE	D06C	56	0.000028
OPCODE	7CFF	56	0.000028
OPCODE	2A48	56	0.000028
OPCODE	2A6C	56	0.000028
OPCODE	9250	56	0.000028
OPCODE	B046	56	0.000028
OPCODE	2217	56	0.000028
OPCODE	2852	56	0.000028
OPCODE	4683	56	0.000028
OPCODE	E54F	56	0.000028
OPCODE	6020	56	0.000028
OPCODE	3A10	55	0.000027
OPCODE	6642	55	0.000027
OPCODE	6C16	55	0.000027
OPCODE	67C8	55	0.000027
OPCODE	C0C3	54	0.000027
OPCODE	241A	54	0.000027
OPCODE	D7C2	54	0.000027
OPCODE	C2AE	54	0.000027
OPCODE	216A	54	0.000027
OPCODE	4CD8	54	0.000027
OPCODE	60F8	54	0.000027
OPCODE	956E	54	0.000027
OPCODE	E0AF	53	0.000026
OPCODE	A22E	53	0.000026
OPCODE	426B	53	0.000026
OPCODE	43D2	53	0.000026
OPCODE	0BC3	53	0.000026
OPCODE	BE40	53	0.000026
OPCODE	2350	53	0.000026
OPCODE	95D4	53	0.000026
OPCODE	5987	53	0.000026
OPCODE	A8DD	53	0.000026
OPCODE	6F22	52	0.000026
OPCODE	5541	52	0.000026
OPCODE	7206	52	0.000026
OPCODE	A975	52	0.000026
OPCODE	46C2	52	0.000026
OPCODE	95A8	52	0.000026
OPCODE	6A76	52	0.000026
OPCODE	D5A8	52	0.000026
OPCODE	40C2	52	0.000026
OPCODE	A05A	52	0.000026
OPCODE	7005	52	0.000026
OPCODE	6C22	52	0.000026
OPCODE	D0AA	52	0.000026
OPCODE	327C	52	0.000026
OPCODE	A8E0	52	0.000026
OPCODE	D28C	52	0.000026
OPCODE	3768	51	0.000025
OPCODE	49EB	51	0.000025
OPCODE	6DC0	51	0.000025
OPCODE	E058	51	0.000025
OPCODE	6C26	51	0.000025
OPCODE	5488	51	0.000025
OPCODE	263C	51	0.000025
OPCODE	45F4	50	0.000025
OPCODE	3629	50	0.000025
OPCODE	361F	50	0.000025
OPCODE	60E0	50	0.000025
OPCODE	816E	50	0.000025
OPCODE	5384	50	0.000025
OPCODE	6E20	50	0.000025
OPCODE	B06A	50	0.000025
OPCODE	6698	50	0.000025
OPCODE	AAA2	50	0.000025
OPCODE	724E	50	0.000025
OPCODE	740E	50	0.000025
OPCODE	3945	50	0.000025
OPCODE	5544	50	0.000025
OPCODE	EFA8	49	0.000024
OPCODE	5001	49	0.000024
OPCODE	5284	49	0.000024
OPCODE	9269	49	0.000024
OPCODE	2818	49	0.000024
OPCODE	D644	49	0.000024
OPCODE	5248	49	0.000024
OPCODE	0000	49	0.000024
OPCODE	0C53	49	0.000024
OPCODE	6056	49	0.000024
OPCODE	0657	49	0.000024
OPCODE	E18E	49	0.000024
OPCODE	92A8	49	0.000024
OPCODE	BC84	49	0.000024
OPCODE	74B0	49	0.000024
OPCODE	E08A	49	0.000024
OPCODE	9C42	49	0.000024
OPCODE	D2C2	49	0.000024
OPCODE	92F8	49	0.000024
OPCODE	A9ED	49	0.000024
OPCODE	261B	48	0.000024
OPCODE	281B	48	0.000024
OPCODE	D651	48	0.000024
OPCODE	609E	48	0.000024
OPCODE	86EA	48	0.000024
OPCODE	6694	48	0.000024
OPCODE	7091	48	0.000024
OPCODE	117C	48	0.000024
OPCODE	30D2	48	0.000024
OPCODE	2A1B	48	0.000024
OPCODE	4EB4	48	0.000024
OPCODE	6D40	48	0.000024
OPCODE	D687	48	0.000024
OPCODE	C052	48	0.000024
OPCODE	2A13	48	0.000024
OPCODE	B098	48	0.000024
OPCODE	E0AD	48	0.000024
OPCODE	CCEA	48	0.000024
OPCODE	A260	48	0.000024
OPCODE	58AE	48	0.000024
OPCODE	84EA	48	0.000024
OPCODE	2C1B	48	0.000024
OPCODE	3031	48	0.000024
OPCODE	C4EA	48	0.000024
OPCODE	C6C6	48	0.000024
OPCODE	A0A5	48	0.000024
OPCODE	88EA	48	0.000024
OPCODE	36C5	48	0.000024
OPCODE	36C6	48	0.000024
OPCODE	22C3	48	0.000024
OPCODE	8CFC	48	0.000024
OPCODE	7023	48	0.000024
OPCODE	E9E8	48	0.000024
OPCODE	2605	48	0.000024
OPCODE	361A	48	0.000024
OPCODE	2C09	48	0.000024
OPCODE	0878	48	0.000024
OPCODE	3B7C	47	0.000023
OPCODE	D169	47	0.000023
OPCODE	B101	47	0.000023
OPCODE	BEA8	47	0.000023
OPCODE	A88B	47	0.000023
OPCODE	D4F2	47	0.000023
OPCODE	9083	47	0.000023
OPCODE	2D53	47	0.000023
OPCODE	7610	46	0.000023
OPCODE	B7C0	46	0.000023
OPCODE	217C	46	0.000023
OPCODE	6B76	46	0.000023
OPCODE	5C88	46	0.000023
OPCODE	30C6	46	0.000023
OPCODE	2540	46	0.000023
OPCODE	BA6B	46	0.000023
OPCODE	A879	46	0.000023
OPCODE	C348	45	0.000022
OPCODE	A9EF	45	0.000022
OPCODE	9868	45	0.000022
OPCODE	F624	45	0.000022
OPCODE	E54B	45	0.000022
OPCODE	6F42	45	0.000022
OPCODE	62F2	45	0.000022
OPCODE	3438	45	0.000022
OPCODE	6676	45	0.000022
OPCODE	62F4	44	0.000022
OPCODE	3543	44	0.000022
OPCODE	4291	44	0.000022
OPCODE	B3CB	44	0.000022
OPCODE	A8E9	44	0.000022
OPCODE	3341	44	0.000022
OPCODE	20AE	44	0.000022
OPCODE	2A2B	44	0.000022
OPCODE	6146	44	0.000022
OPCODE	D092	44	0.000022
OPCODE	2842	43	0.000021
OPCODE	B5D9	43	0.000021
OPCODE	ED40	43	0.000021
OPCODE	281F	43	0.000021
OPCODE	2252	43	0.000021
OPCODE	66C0	43	0.000021
OPCODE	46C1	43	0.000021
OPCODE	4640	43	0.000021
OPCODE	3F78	43	0.000021
OPCODE	40C1	43	0.000021
OPCODE	6F30	43	0.000021
OPCODE	C0AE	43	0.000021
OPCODE	2F6D	43	0.000021
OPCODE	5043	43	0.000021
OPCODE	A89E	42	0.000021
OPCODE	D0C4	42	0.000021
OPCODE	A8A3	42	0.000021
OPCODE	3405	42	0.000021
OPCODE	A851	42	0.000021
OPCODE	296C	42	0.000021
OPCODE	5285	42	0.000021
OPCODE	B9C9	42	0.000021
OPCODE	30BC	42	0.000021
OPCODE	60EC	42	0.000021
OPCODE	D1A9	42	0.000021
OPCODE	21C0	42	0.000021
OPCODE	723C	42	0.000021
OPCODE	740C	42	0.000021
OPCODE	60C6	42	0.000021
OPCODE	8047	41	0.000020
OPCODE	B200	41	0.000020
OPCODE	8082	41	0.000020
OPCODE	6D28	41	0.000020
OPCODE	3E0B	41	0.000020
OPCODE	CA47	41	0.000020
OPCODE	60E4	41	0.000020
OPCODE	9582	41	0.000020
OPCODE	8046	41	0.000020
OPCODE	D647	41	0.000020
OPCODE	C2C4	41	0.000020
OPCODE	D8C1	41	0.000020
OPCODE	0CA9	41	0.000020
OPCODE	5840	41	0.000020
OPCODE	5940	41	0.000020
OPCODE	66C2	41	0.000020
OPCODE	700D	41	0.000020
OPCODE	B5F1	41	0.000020
OPCODE	2282	41	0.000020
OPCODE	360D	41	0.000020
OPCODE	8640	41	0.000020
OPCODE	E641	41	0.000020
OPCODE	300C	41	0.000020
OPCODE	906A	41	0.000020
OPCODE	747E	40	0.000020
OPCODE	2A6F	40	0.000020
OPCODE	6524	40	0.000020
OPCODE	D6FC	40	0.000020
OPCODE	54C0	40	0.000020
OPCODE	5743	40	0.000020
OPCODE	66DC	40	0.000020
OPCODE	7025	40	0.000020
OPCODE	2486	40	0.000020
OPCODE	4482	40	0.000020
OPCODE	EA8A	40	0.000020
OPCODE	AA42	40	0.000020
OPCODE	6DA8	40	0.000020
OPCODE	AA64	40	0.000020
OPCODE	3C18	40	0.000020
OPCODE	4857	40	0.000020
OPCODE	6EAC	40	0.000020
OPCODE	ED98	40	0.000020
OPCODE	BBCC	40	0.000020
OPCODE	4DFA	40	0.000020
OPCODE	6B6A	40	0.000020
OPCODE	4ED6	40	0.000020
OPCODE	E250	39	0.000019
OPCODE	265E	39	0.000019
OPCODE	3607	39	0.000019
OPCODE	6654	39	0.000019
OPCODE	9159	39	0.000019
OPCODE	DA85	39	0.000019
OPCODE	2205	39	0.000019
OPCODE	EF8A	39	0.000019
OPCODE	34BC	39	0.000019
OPCODE	57E7	39	0.000019
OPCODE	EE4A	39	0.000019
OPCODE	B128	39	0.000019
OPCODE	3E12	39	0.000019
OPCODE	56E7	39	0.000019
OPCODE	B687	39	0.000019
OPCODE	B0B4	39	0.000019
OPCODE	B474	39	0.000019
OPCODE	A9C6	39	0.000019
OPCODE	5A40	39	0.000019
OPCODE	E291	39	0.000019
OPCODE	2017	39	0.000019
OPCODE	A90B	39	0.000019
OPCODE	2E3C	39	0.000019
OPCODE	2550	39	0.000019
OPCODE	B292	39	0.000019
OPCODE	7614	39	0.000019
OPCODE	E582	39	0.000019
OPCODE	763B	39	0.000019
OPCODE	7647	39	0.000019
OPCODE	D483	39	0.000019
OPCODE	2057	39	0.000019
OPCODE	9A68	39	0.000019
OPCODE	9A59	39	0.000019
OPCODE	720E	39	0.000019
OPCODE	0A3C	39	0.000019
OPCODE	526B	39	0.000019
OPCODE	9859	39	0.000019
OPCODE	0A80	39	0.000019
OPCODE	D885	39	0.000019
OPCODE	1345	39	0.000019
OPCODE	968D	39	0.000019
OPCODE	965F	39	0.000019
OPCODE	962A	39	0.000019
OPCODE	2943	39	0.000019
OPCODE	E399	39	0.000019
OPCODE	536B	39	0.000019
OPCODE	2D0B	39	0.000019
OPCODE	AA17	39	0.000019
OPCODE	196B	39	0.000019
OPCODE	7404	39	0.000019
OPCODE	2B4B	39	0.000019
OPCODE	1828	39	0.000019
OPCODE	CAC1	39	0.000019
OPCODE	9359	39	0.000019
OPCODE	21CE	39	0.000019
OPCODE	E18D	39	0.000019
OPCODE	D485	38	0.000019
OPCODE	3F57	38	0.000019
OPCODE	82C0	38	0.000019
OPCODE	2EB1	38	0.000019
OPCODE	D6E8	38	0.000019
OPCODE	3F33	38	0.000019
OPCODE	3F30	38	0.000019
OPCODE	61A2	38	0.000019
OPCODE	C041	38	0.000019
OPCODE	47ED	38	0.000019
OPCODE	9484	38	0.000019
OPCODE	6572	38	0.000019
OPCODE	2E05	38	0.000019
OPCODE	E840	38	0.000019
OPCODE	0CA2	38	0.000019
OPCODE	6ED6	38	0.000019
OPCODE	0CAC	38	0.000019
OPCODE	D083	38	0.000019
OPCODE	BE82	38	0.000019
OPCODE	E16F	38	0.000019
OPCODE	9068	38	0.000019
OPCODE	70CE	38	0.000019
OPCODE	D284	38	0.000019
OPCODE	218C	37	0.000018
OPCODE	E7A9	37	0.000018
OPCODE	6214	37	0.000018
OPCODE	006C	37	0.000018
OPCODE	0C54	37	0.000018
OPCODE	16DC	37	0.000018
OPCODE	6410	36	0.000018
OPCODE	262F	36	0.000018
OPCODE	7A10	36	0.000018
OPCODE	3078	36	0.000018
OPCODE	6062	36	0.000018
OPCODE	DBC5	36	0.000018
OPCODE	1E30	36	0.000018
OPCODE	B459	36	0.000018
OPCODE	9C40	36	0.000018
OPCODE	C1C7	36	0.000018
OPCODE	9A84	36	0.000018
OPCODE	4DEC	36	0.000018
OPCODE	3256	36	0.000018
OPCODE	3285	36	0.000018
OPCODE	32C2	36	0.000018
OPCODE	2870	36	0.000018
OPCODE	32C3	36	0.000018
OPCODE	C8C2	36	0.000018
OPCODE	32C5	36	0.000018
OPCODE	5845	36	0.000018
OPCODE	91C2	36	0.000018
OPCODE	B659	36	0.000018
OPCODE	B645	36	0.000018
OPCODE	45EC	36	0.000018
OPCODE	D168	36	0.000018
OPCODE	3808	36	0.000018
OPCODE	A8DC	36	0.000018
OPCODE	4850	36	0.000018
OPCODE	2C45	36	0.000018
OPCODE	2320	36	0.000018
OPCODE	22D2	36	0.000018
OPCODE	D551	36	0.000018
OPCODE	B259	36	0.000018
OPCODE	B245	36	0.000018
OPCODE	3C3C	36	0.000018
OPCODE	3F2D	36	0.000018
OPCODE	D645	36	0.000018
OPCODE	A994	36	0.000018
OPCODE	0CAD	36	0.000018
OPCODE	EEAA	36	0.000018
OPCODE	EEAD	36	0.000018
OPCODE	EF6E	36	0.000018
OPCODE	EA8D	36	0.000018
OPCODE	E58A	36	0.000018
OPCODE	6E4A	36	0.000018
OPCODE	6CF6	36	0.000018
OPCODE	6B4E	36	0.000018
OPCODE	082F	36	0.000018
OPCODE	E685	36	0.000018
OPCODE	E78A	36	0.000018
OPCODE	2B44	35	0.000017
OPCODE	196E	35	0.000017
OPCODE	296D	35	0.000017
OPCODE	C34A	35	0.000017
OPCODE	A93A	35	0.000017
OPCODE	3270	35	0.000017
OPCODE	D1A8	35	0.000017
OPCODE	2A49	35	0.000017
OPCODE	6E18	35	0.000017
OPCODE	9050	35	0.000017
OPCODE	70ED	35	0.000017
OPCODE	2B45	35	0.000017
OPCODE	2B6B	35	0.000017
OPCODE	6E1E	35	0.000017
OPCODE	D26D	35	0.000017
OPCODE	B9EB	35	0.000017
OPCODE	61DC	35	0.000017
OPCODE	49F8	35	0.000017
OPCODE	47F7	35	0.000017
OPCODE	47F8	35	0.000017
OPCODE	0287	35	0.000017
OPCODE	4217	35	0.000017
OPCODE	176C	35	0.000017
OPCODE	214D	35	0.000017
OPCODE	A869	35	0.000017
OPCODE	E488	35	0.000017
OPCODE	0181	35	0.000017
OPCODE	422A	35	0.000017
OPCODE	3E2D	35	0.000017
OPCODE	5945	34	0.000017
OPCODE	802D	34	0.000017
OPCODE	3F2F	34	0.000017
OPCODE	9285	34	0.000017
OPCODE	E681	34	0.000017
OPCODE	5C44	34	0.000017
OPCODE	6D3E	34	0.000017
OPCODE	214B	34	0.000017
OPCODE	1941	34	0.000017
OPCODE	4297	34	0.000017
OPCODE	6066	34	0.000017
OPCODE	2873	34	0.000017
OPCODE	2C01	34	0.000017
OPCODE	D9D0	34	0.000017
OPCODE	4C41	34	0.000017
OPCODE	3E2C	34	0.000017
OPCODE	E0A1	34	0.000017
OPCODE	16BC	34	0.000017
OPCODE	80BC	34	0.000017
OPCODE	6D32	34	0.000017
OPCODE	7A1F	34	0.000017
OPCODE	C441	34	0.000017
OPCODE	0214	34	0.000017
OPCODE	BC47	34	0.000017
OPCODE	7410	34	0.000017
OPCODE	E84C	34	0.000017
OPCODE	B5E9	34	0.000017
OPCODE	3E05	34	0.000017
OPCODE	6C1E	34	0.000017
OPCODE	B3CC	34	0.000017
OPCODE	CA81	34	0.000017
OPCODE	1740	34	0.000017
OPCODE	3747	33	0.000016
OPCODE	A8A9	33	0.000016
OPCODE	BE80	33	0.000016
OPCODE	6064	33	0.000016
OPCODE	2280	33	0.000016
OPCODE	E48E	33	0.000016
OPCODE	E8A1	33	0.000016
OPCODE	3D45	33	0.000016
OPCODE	204D	32	0.000016
OPCODE	CE03	32	0.000016
OPCODE	31E1	32	0.000016
OPCODE	0682	32	0.000016
OPCODE	12BC	32	0.000016
OPCODE	381A	32	0.000016
OPCODE	A887	32	0.000016
OPCODE	A08F	32	0.000016
OPCODE	342C	32	0.000016
OPCODE	3B40	32	0.000016
OPCODE	022A	32	0.000016
OPCODE	B0FC	32	0.000016
OPCODE	0257	32	0.000016
OPCODE	2328	32	0.000016
OPCODE	DFAC	32	0.000016
OPCODE	7044	32	0.000016
OPCODE	C4C4	32	0.000016
OPCODE	6C34	32	0.000016
OPCODE	4686	32	0.000016
OPCODE	3A06	32	0.000016
OPCODE	E0AE	32	0.000016
OPCODE	C5EC	32	0.000016
OPCODE	6EF8	32	0.000016
OPCODE	A80A	32	0.000016
OPCODE	3942	32	0.000016
OPCODE	2206	32	0.000016
OPCODE	297C	31	0.000015
OPCODE	A87A	31	0.000015
OPCODE	446F	31	0.000015
OPCODE	D880	31	0.000015
OPCODE	7030	31	0.000015
OPCODE	2607	31	0.000015
OPCODE	EF8E	31	0.000015
OPCODE	6122	31	0.000015
OPCODE	3040	31	0.000015
OPCODE	A868	31	0.000015
OPCODE	B02E	31	0.000015
OPCODE	5841	31	0.000015
OPCODE	5148	31	0.000015
OPCODE	3210	31	0.000015
OPCODE	BA29	30	0.000015
OPCODE	11D9	30	0.000015
OPCODE	6120	30	0.000015
OPCODE	4BEB	30	0.000015
OPCODE	9EC4	30	0.000015
OPCODE	89FC	30	0.000015
OPCODE	CBC0	30	0.000015
OPCODE	92C4	30	0.000015
OPCODE	C8C1	30	0.000015
OPCODE	C840	30	0.000015
OPCODE	2682	30	0.000015
OPCODE	C4C6	30	0.000015
OPCODE	C4C5	30	0.000015
OPCODE	E946	30	0.000015
OPCODE	9969	30	0.000015
OPCODE	6B32	30	0.000015
OPCODE	E668	30	0.000015
OPCODE	0887	30	0.000015
OPCODE	E445	30	0.000015
OPCODE	558C	30	0.000015
OPCODE	C05A	30	0.000015
OPCODE	2702	30	0.000015
OPCODE	1091	30	0.000015
OPCODE	6074	30	0.000015
OPCODE	0644	30	0.000015
OPCODE	22C8	30	0.000015
OPCODE	D490	30	0.000015
OPCODE	BAAC	30	0.000015
OPCODE	3199	30	0.000015
OPCODE	D593	30	0.000015
OPCODE	DC47	30	0.000015
OPCODE	E342	30	0.000015
OPCODE	0204	30	0.000015
OPCODE	6198	30	0.000015
OPCODE	1A10	30	0.000015
OPCODE	E05A	30	0.000015
OPCODE	2180	30	0.000015
OPCODE	D78C	30	0.000015
OPCODE	6CBC	30	0.000015
OPCODE	61B2	30	0.000015
OPCODE	3E18	30	0.000015
OPCODE	E180	30	0.000015
OPCODE	3380	30	0.000015
OPCODE	6D2A	30	0.000015
OPCODE	3618	30	0.000015
OPCODE	3C2D	30	0.000015
OPCODE	B7EC	30	0.000015
OPCODE	DE46	30	0.000015
OPCODE	4263	30	0.000015
OPCODE	3A18	30	0.000015
OPCODE	4469	30	0.000015
OPCODE	3332	30	0.000015
OPCODE	DA44	30	0.000015
OPCODE	3345	30	0.000015
OPCODE	382C	29	0.000014
OPCODE	48C4	29	0.000014
OPCODE	9E80	29	0.000014
OPCODE	C544	29	0.000014
OPCODE	6F2A	29	0.000014
OPCODE	A8A1	29	0.000014
OPCODE	6D1E	29	0.000014
OPCODE	6E12	29	0.000014
OPCODE	006B	29	0.000014
OPCODE	53EE	29	0.000014
OPCODE	9441	29	0.000014
OPCODE	B7ED	29	0.000014
OPCODE	613C	29	0.000014
OPCODE	4A9F	29	0.000014
OPCODE	2E01	28	0.000014
OPCODE	D06B	28	0.000014
OPCODE	CC84	28	0.000014
OPCODE	DDC0	28	0.000014
OPCODE	43D4	28	0.000014
OPCODE	CC94	28	0.000014
OPCODE	6652	28	0.000014
OPCODE	8E00	28	0.000014
OPCODE	9DC0	28	0.000014
OPCODE	43F4	28	0.000014
OPCODE	8C81	28	0.000014
OPCODE	E7AA	28	0.000014
OPCODE	6D82	28	0.000014
OPCODE	2874	28	0.000014
OPCODE	74FE	28	0.000014
OPCODE	D06F	28	0.000014
OPCODE	CA83	28	0.000014
OPCODE	B053	28	0.000014
OPCODE	C286	28	0.000014
OPCODE	3D00	28	0.000014
OPCODE	631E	28	0.000014
OPCODE	0C2C	28	0.000014
OPCODE	9168	28	0.000014
OPCODE	294E	28	0.000014
OPCODE	41F4	28	0.000014
OPCODE	E0AB	28	0.000014
OPCODE	28C6	28	0.000014
OPCODE	41D4	28	0.000014
OPCODE	90AE	28	0.000014
OPCODE	9EFC	28	0.000014
OPCODE	7626	28	0.000014
OPCODE	BB86	28	0.000014
OPCODE	301E	28	0.000014
OPCODE	60B8	28	0.000014
OPCODE	2150	28	0.000014
OPCODE	216F	28	0.000014
OPCODE	A863	28	0.000014
OPCODE	4A56	28	0.000014
OPCODE	50E8	28	0.000014
OPCODE	A803	28	0.000014
OPCODE	60F6	27	0.000013
OPCODE	704A	27	0.000013
OPCODE	4A59	27	0.000013
OPCODE	B043	27	0.000013
OPCODE	D0BC	27	0.000013
OPCODE	A87B	27	0.000013
OPCODE	EDC1	27	0.000013
OPCODE	7A04	27	0.000013
OPCODE	E249	27	0.000013
OPCODE	08C7	27	0.000013
OPCODE	A88A	27	0.000013
OPCODE	3C2C	27	0.000013
OPCODE	508C	27	0.000013
OPCODE	234A	27	0.000013
OPCODE	0890	27	0.000013
OPCODE	DC82	27	0.000013
OPCODE	182E	26	0.000013
OPCODE	BEAB	26	0.000013
OPCODE	6E76	26	0.000013
OPCODE	6E58	26	0.000013
OPCODE	3E29	26	0.000013
OPCODE	56E8	26	0.000013
OPCODE	50C1	26	0.000013
OPCODE	65EA	26	0.000013
OPCODE	5A80	26	0.000013
OPCODE	ECE8	26	0.000013
OPCODE	B854	26	0.000013
OPCODE	2144	26	0.000013
OPCODE	6E1A	26	0.000013
OPCODE	70FD	26	0.000013
OPCODE	D482	26	0.000013
OPCODE	3352	26	0.000013
OPCODE	2E0B	26	0.000013
OPCODE	518B	26	0.000013
OPCODE	8441	26	0.000013
OPCODE	9047	26	0.000013
OPCODE	229F	26	0.000013
OPCODE	3A2A	26	0.000013
OPCODE	62F0	26	0.000013
OPCODE	EDE8	26	0.000013
OPCODE	A01B	26	0.000013
OPCODE	E9A8	26	0.000013
OPCODE	0C06	26	0.000013
OPCODE	60D4	26	0.000013
OPCODE	376D	25	0.000012
OPCODE	A722	25	0.000012
OPCODE	674E	25	0.000012
OPCODE	3829	25	0.000012
OPCODE	01C1	25	0.000012
OPCODE	36AD	25	0.000012
OPCODE	3E80	25	0.000012
OPCODE	9043	25	0.000012
OPCODE	60A0	25	0.000012
OPCODE	36A8	25	0.000012
OPCODE	98FC	25	0.000012
OPCODE	A939	25	0.000012
OPCODE	9A44	25	0.000012
OPCODE	08C3	25	0.000012
OPCODE	CC81	24	0.000012
OPCODE	5307	24	0.000012
OPCODE	AA27	24	0.000012
OPCODE	4A5A	24	0.000012
OPCODE	32E9	24	0.000012
OPCODE	E8A0	24	0.000012
OPCODE	425C	24	0.000012
OPCODE	6CEC	24	0.000012
OPCODE	335A	24	0.000012
OPCODE	A198	24	0.000012
OPCODE	9452	24	0.000012
OPCODE	BA43	24	0.000012
OPCODE	6DF8	24	0.000012
OPCODE	0294	24	0.000012
OPCODE	6C76	24	0.000012
OPCODE	C543	24	0.000012
OPCODE	6F40	24	0.000012
OPCODE	A949	24	0.000012
OPCODE	3631	24	0.000012
OPCODE	3C29	24	0.000012
OPCODE	262C	24	0.000012
OPCODE	D642	24	0.000012
OPCODE	740A	24	0.000012
OPCODE	DE87	24	0.000012
OPCODE	DE80	24	0.000012
OPCODE	254B	24	0.000012
OPCODE	2147	24	0.000012
OPCODE	5C42	24	0.000012
OPCODE	E782	24	0.000012
OPCODE	E4A1	24	0.000012
OPCODE	D2BC	24	0.000012
OPCODE	D16F	24	0.000012
OPCODE	1EB8	24	0.000012
OPCODE	652C	24	0.000012
OPCODE	1434	24	0.000012
OPCODE	E2A0	24	0.000012
OPCODE	D095	24	0.000012
OPCODE	3944	23	0.000011
OPCODE	2085	23	0.000011
OPCODE	0A00	23	0.000011
OPCODE	7078	23	0.000011
OPCODE	9843	23	0.000011
OPCODE	D157	23	0.000011
OPCODE	D111	23	0.000011
OPCODE	2958	23	0.000011
OPCODE	7021	23	0.000011
OPCODE	6760	23	0.000011
OPCODE	D152	22	0.000011
OPCODE	5258	22	0.000011
OPCODE	4C2F	22	0.000011
OPCODE	1618	22	0.000011
OPCODE	648C	22	0.000011
OPCODE	223A	22	0.000011
OPCODE	234F	22	0.000011
OPCODE	6A2A	22	0.000011
OPCODE	2A1F	22	0.000011
OPCODE	D150	22	0.000011
OPCODE	30EA	22	0.000011
OPCODE	5358	22	0.000011
OPCODE	30AA	22	0.000011
OPCODE	A8DE	22	0.000011
OPCODE	C4C1	22	0.000011
OPCODE	4851	22	0.000011
OPCODE	0701	22	0.000011
OPCODE	3D69	22	0.000011
OPCODE	21C1	22	0.000011
OPCODE	6EE4	22	0.000011
OPCODE	0128	22	0.000011
OPCODE	20EA	22	0.000011
OPCODE	20C5	22	0.000011
OPCODE	EA49	22	0.000011
OPCODE	0450	22	0.000011
OPCODE	6418	22	0.000011
OPCODE	D180	22	0.000011
OPCODE	8058	21	0.000010
OPCODE	A11E	21	0.000010
OPCODE	3290	21	0.000010
OPCODE	316E	21	0.000010
OPCODE	8050	21	0.000010
OPCODE	986E	21	0.000010
OPCODE	61B8	21	0.000010
OPCODE	2C38	21	0.000010
OPCODE	966E	21	0.000010
OPCODE	8001	21	0.000010
OPCODE	6D9A	21	0.000010
OPCODE	9444	21	0.000010
OPCODE	E1AB	21	0.000010
OPCODE	A8DF	21	0.000010
OPCODE	6E32	21	0.000010
OPCODE	91A9	21	0.000010
OPCODE	4A88	20	0.000010
OPCODE	4698	20	0.000010
OPCODE	2881	20	0.000010
OPCODE	D088	20	0.000010
OPCODE	6512	20	0.000010
OPCODE	D1AD	20	0.000010
OPCODE	4CD2	20	0.000010
OPCODE	24F4	20	0.000010
OPCODE	66CE	20	0.000010
OPCODE	60A8	20	0.000010
OPCODE	D068	20	0.000010
OPCODE	12A8	20	0.000010
OPCODE	51E8	20	0.000010
OPCODE	7278	20	0.000010
OPCODE	6C3C	20	0.000010
OPCODE	2407	20	0.000010
OPCODE	3211	20	0.000010
OPCODE	11EB	20	0.000010
OPCODE	A126	20	0.000010
OPCODE	8194	20	0.000010
OPCODE	2A0B	20	0.000010
OPCODE	6068	20	0.000010
OPCODE	0C14	20	0.000010
OPCODE	A8B5	20	0.000010
OPCODE	BFC4	20	0.000010
OPCODE	A89B	20	0.000010
OPCODE	BE6C	20	0.000010
OPCODE	7094	20	0.000010
OPCODE	90A8	20	0.000010
OPCODE	61B4	20	0.000010
OPCODE	3F2A	19	0.000009
OPCODE	2C2C	19	0.000009
OPCODE	605E	19	0.000009
OPCODE	61D2	19	0.000009
OPCODE	51C6	19	0.000009
OPCODE	3D6B	19	0.000009
OPCODE	6302	19	0.000009
OPCODE	9869	19	0.000009
OPCODE	51C4	19	0.000009
OPCODE	B62C	19	0.000009
OPCODE	ABC9	19	0.000009
OPCODE	3F19	19	0.000009
OPCODE	9669	19	0.000009
OPCODE	2898	19	0.000009
OPCODE	224E	19	0.000009
OPCODE	C0EA	19	0.000009
OPCODE	6D38	19	0.000009
OPCODE	7228	19	0.000009
OPCODE	B393	19	0.000009
OPCODE	E709	19	0.000009
OPCODE	EA4B	19	0.000009
OPCODE	45EB	19	0.000009
OPCODE	EA4C	19	0.000009
OPCODE	61CA	19	0.000009
OPCODE	1340	19	0.000009
OPCODE	0CB8	19	0.000009
OPCODE	0C18	19	0.000009
OPCODE	5440	19	0.000009
OPCODE	7AFC	19	0.000009
OPCODE	E319	19	0.000009
OPCODE	61B6	19	0.000009
OPCODE	544C	19	0.000009
OPCODE	D02C	19	0.000009
OPCODE	C044	19	0.000009
OPCODE	D084	19	0.000009
OPCODE	7604	19	0.000009
OPCODE	902C	19	0.000009
OPCODE	E411	19	0.000009
OPCODE	E2AD	19	0.000009
OPCODE	026B	19	0.000009
OPCODE	61BA	19	0.000009
OPCODE	D6C0	19	0.000009
OPCODE	615A	19	0.000009
OPCODE	7013	19	0.000009
OPCODE	4C46	18	0.000009
OPCODE	BA83	18	0.000009
OPCODE	C001	18	0.000009
OPCODE	BE6B	18	0.000009
OPCODE	EAC0	18	0.000009
OPCODE	A04C	18	0.000009
OPCODE	9258	18	0.000009
OPCODE	AA34	18	0.000009
OPCODE	DC87	18	0.000009
OPCODE	6CEA	18	0.000009
OPCODE	B3EE	18	0.000009
OPCODE	6CD8	18	0.000009
OPCODE	A8A8	18	0.000009
OPCODE	3744	18	0.000009
OPCODE	A899	18	0.000009
OPCODE	A898	18	0.000009
OPCODE	1F07	18	0.000009
OPCODE	208F	18	0.000009
OPCODE	DBE8	18	0.000009
OPCODE	F35F	18	0.000009
OPCODE	B653	18	0.000009
OPCODE	141C	18	0.000009
OPCODE	1E2C	18	0.000009
OPCODE	70D5	18	0.000009
OPCODE	0302	18	0.000009
OPCODE	0259	18	0.000009
OPCODE	3F10	18	0.000009
OPCODE	3298	18	0.000009
OPCODE	21E8	18	0.000009
OPCODE	3214	18	0.000009
OPCODE	2B4C	18	0.000009
OPCODE	2A68	18	0.000009
OPCODE	5C43	18	0.000009
OPCODE	C05F	18	0.000009
OPCODE	6AC0	18	0.000009
OPCODE	908F	18	0.000009
OPCODE	966A	18	0.000009
OPCODE	0C2E	18	0.000009
OPCODE	240F	18	0.000009
OPCODE	E8C0	18	0.000009
OPCODE	9283	18	0.000009
OPCODE	C343	18	0.000009
OPCODE	52AC	18	0.000009
OPCODE	522C	18	0.000009
OPCODE	675E	18	0.000009
OPCODE	C06C	18	0.000009
OPCODE	D059	18	0.000009
OPCODE	9040	18	0.000009
OPCODE	2953	18	0.000009
OPCODE	276C	18	0.000009
OPCODE	9086	18	0.000009
OPCODE	9058	18	0.000009
OPCODE	9259	18	0.000009
OPCODE	D057	18	0.000009
OPCODE	2E42	18	0.000009
OPCODE	631A	17	0.000008
OPCODE	8128	17	0.000008
OPCODE	1A03	17	0.000008
OPCODE	222D	17	0.000008
OPCODE	723A	17	0.000008
OPCODE	1A2C	17	0.000008
OPCODE	66B0	17	0.000008
OPCODE	CA2B	17	0.000008
OPCODE	CC6B	17	0.000008
OPCODE	B868	17	0.000008
OPCODE	70DD	17	0.000008
OPCODE	C12C	17	0.000008
OPCODE	DEAE	17	0.000008
OPCODE	9C83	17	0.000008
OPCODE	70DC	17	0.000008
OPCODE	A815	17	0.000008
OPCODE	7042	17	0.000008
OPCODE	1B43	17	0.000008
OPCODE	6276	17	0.000008
OPCODE	70F9	17	0.000008
OPCODE	E98E	17	0.000008
OPCODE	7A07	17	0.000008
OPCODE	EAD0	17	0.000008
OPCODE	1801	17	0.000008
OPCODE	0068	17	0.000008
OPCODE	6454	17	0.000008
OPCODE	B5F8	17	0.000008
OPCODE	2074	17	0.000008
OPCODE	4CF8	17	0.000008
OPCODE	4228	17	0.000008
OPCODE	0110	17	0.000008
OPCODE	2642	17	0.000008
OPCODE	C2DF	17	0.000008
OPCODE	2647	17	0.000008
OPCODE	7808	17	0.000008
OPCODE	64CA	17	0.000008
OPCODE	9268	17	0.000008
OPCODE	52AB	17	0.000008
OPCODE	D957	16	0.000008
OPCODE	3A2B	16	0.000008
OPCODE	0C32	16	0.000008
OPCODE	36AE	16	0.000008
OPCODE	36BC	16	0.000008
OPCODE	D26A	16	0.000008
OPCODE	294A	16	0.000008
OPCODE	A89D	16	0.000008
OPCODE	21CD	16	0.000008
OPCODE	DB45	16	0.000008
OPCODE	5C49	16	0.000008
OPCODE	341C	16	0.000008
OPCODE	9A6B	16	0.000008
OPCODE	5905	16	0.000008
OPCODE	5C41	16	0.000008
OPCODE	3544	16	0.000008
OPCODE	3484	16	0.000008
OPCODE	1F2F	16	0.000008
OPCODE	536A	16	0.000008
OPCODE	8800	16	0.000008
OPCODE	3F2B	16	0.000008
OPCODE	9EAB	16	0.000008
OPCODE	2F12	16	0.000008
OPCODE	26DC	16	0.000008
OPCODE	2746	16	0.000008
OPCODE	8200	16	0.000008
OPCODE	E14C	16	0.000008
OPCODE	6536	16	0.000008
OPCODE	183B	16	0.000008
OPCODE	182A	16	0.000008
OPCODE	2338	16	0.000008
OPCODE	3338	16	0.000008
OPCODE	7213	16	0.000008
OPCODE	426A	16	0.000008
OPCODE	181B	16	0.000008
OPCODE	1803	16	0.000008
OPCODE	ABCA	16	0.000008
OPCODE	0044	16	0.000008
OPCODE	3081	16	0.000008
OPCODE	10C1	16	0.000008
OPCODE	650E	16	0.000008
OPCODE	2748	16	0.000008
OPCODE	1A30	16	0.000008
OPCODE	6FF2	16	0.000008
OPCODE	D06D	16	0.000008
OPCODE	806E	16	0.000008
OPCODE	2D57	16	0.000008
OPCODE	280B	16	0.000008
OPCODE	A809	16	0.000008
OPCODE	1A31	16	0.000008
OPCODE	B891	16	0.000008
OPCODE	242C	16	0.000008
OPCODE	B8A9	16	0.000008
OPCODE	B0AF	16	0.000008
OPCODE	5201	16	0.000008
OPCODE	21E1	16	0.000008
OPCODE	E04C	16	0.000008
OPCODE	5CC0	16	0.000008
OPCODE	E144	16	0.000008
OPCODE	B83A	16	0.000008
OPCODE	5580	15	0.000007
OPCODE	AA44	15	0.000007
OPCODE	6070	15	0.000007
OPCODE	2023	15	0.000007
OPCODE	5847	15	0.000007
OPCODE	70FB	15	0.000007
OPCODE	6312	15	0.000007
OPCODE	DE6E	15	0.000007
OPCODE	2688	15	0.000007
OPCODE	2886	15	0.000007
OPCODE	B08E	15	0.000007
OPCODE	2887	15	0.000007
OPCODE	2964	15	0.000007
OPCODE	50C6	15	0.000007
OPCODE	C046	15	0.000007
OPCODE	BE41	15	0.000007
OPCODE	BB9B	15	0.000007
OPCODE	2283	15	0.000007
OPCODE	9E81	15	0.000007
OPCODE	32BC	15	0.000007
OPCODE	615C	15	0.000007
OPCODE	6F44	15	0.000007
OPCODE	A87C	15	0.000007
OPCODE	257C	15	0.000007
OPCODE	6656	15	0.000007
OPCODE	0C10	15	0.000007
OPCODE	3F1E	14	0.000007
OPCODE	282B	14	0.000007
OPCODE	0C85	14	0.000007
OPCODE	6684	14	0.000007
OPCODE	A81E	14	0.000007
OPCODE	7416	14	0.000007
OPCODE	613E	14	0.000007
OPCODE	3D01	14	0.000007
OPCODE	B468	14	0.000007
OPCODE	E64A	14	0.000007
OPCODE	E049	14	0.000007
OPCODE	9DC1	14	0.000007
OPCODE	6C2C	14	0.000007
OPCODE	653A	14	0.000007
OPCODE	B092	14	0.000007
OPCODE	2088	14	0.000007
OPCODE	A162	14	0.000007
OPCODE	240C	14	0.000007
OPCODE	D2D0	14	0.000007
OPCODE	4CB8	14	0.000007
OPCODE	DA45	14	0.000007
OPCODE	2F31	14	0.000007
OPCODE	7218	14	0.000007
OPCODE	CD40	14	0.000007
OPCODE	9244	14	0.000007
OPCODE	7024	14	0.000007
OPCODE	6BF0	14	0.000007
OPCODE	6082	14	0.000007
OPCODE	607E	14	0.000007
OPCODE	DDC1	14	0.000007
OPCODE	E349	14	0.000007
OPCODE	7088	14	0.000007
OPCODE	B3EA	14	0.000007
OPCODE	B450	14	0.000007
OPCODE	5357	14	0.000007
OPCODE	7093	14	0.000007
OPCODE	2A7A	14	0.000007
OPCODE	588A	13	0.000006
OPCODE	2E30	13	0.000006
OPCODE	B46A	13	0.000006
OPCODE	651E	13	0.000006
OPCODE	640C	13	0.000006
OPCODE	E688	13	0.000006
OPCODE	31EE	13	0.000006
OPCODE	11D0	13	0.000006
OPCODE	11B3	13	0.000006
OPCODE	3F42	13	0.000006
OPCODE	D8C5	13	0.000006
OPCODE	966B	13	0.000006
OPCODE	2A12	13	0.000006
OPCODE	3178	13	0.000006
OPCODE	532C	13	0.000006
OPCODE	6E4E	13	0.000006
OPCODE	7A02	13	0.000006
OPCODE	4274	13	0.000006
OPCODE	6502	13	0.000006
OPCODE	2774	13	0.000006
OPCODE	3084	13	0.000006
OPCODE	6E42	13	0.000006
OPCODE	605A	13	0.000006
OPCODE	3034	13	0.000006
OPCODE	616E	13	0.000006
OPCODE	2857	13	0.000006
OPCODE	2549	13	0.000006
OPCODE	D6C1	13	0.000006
OPCODE	3C07	13	0.000006
OPCODE	3C28	13	0.000006
OPCODE	DEC1	13	0.000006
OPCODE	4682	13	0.000006
OPCODE	A823	13	0.000006
OPCODE	2C3C	13	0.000006
OPCODE	A207	13	0.000006
OPCODE	268A	13	0.000006
OPCODE	A950	13	0.000006
OPCODE	329F	13	0.000006
OPCODE	613A	13	0.000006
OPCODE	A522	13	0.000006
OPCODE	2213	13	0.000006
OPCODE	6132	13	0.000006
OPCODE	0014	12	0.000006
OPCODE	B287	12	0.000006
OPCODE	EAAA	12	0.000006
OPCODE	0685	12	0.000006
OPCODE	116F	12	0.000006
OPCODE	EA58	12	0.000006
OPCODE	3541	12	0.000006
OPCODE	EF6A	12	0.000006
OPCODE	AA67	12	0.000006
OPCODE	2F69	12	0.000006
OPCODE	3087	12	0.000006
OPCODE	026C	12	0.000006
OPCODE	E658	12	0.000006
OPCODE	C0FA	12	0.000006
OPCODE	C4C0	12	0.000006
OPCODE	C028	12	0.000006
OPCODE	2890	12	0.000006
OPCODE	E740	12	0.000006
OPCODE	2260	12	0.000006
OPCODE	1004	12	0.000006
OPCODE	C2C0	12	0.000006
OPCODE	C093	12	0.000006
OPCODE	278A	12	0.000006
OPCODE	0C90	12	0.000006
OPCODE	2633	12	0.000006
OPCODE	218A	12	0.000006
OPCODE	2454	12	0.000006
OPCODE	EBAA	12	0.000006
OPCODE	B08B	12	0.000006
OPCODE	30D9	12	0.000006
OPCODE	B640	12	0.000006
OPCODE	EFAA	12	0.000006
OPCODE	BE68	12	0.000006
OPCODE	26A8	12	0.000006
OPCODE	E68A	12	0.000006
OPCODE	4873	12	0.000006
OPCODE	49F9	12	0.000006
OPCODE	5251	12	0.000006
OPCODE	6CC2	12	0.000006
OPCODE	44FC	12	0.000006
OPCODE	6782	12	0.000006
OPCODE	A800	12	0.000006
OPCODE	544A	12	0.000006
OPCODE	A9E0	12	0.000006
OPCODE	5DEE	12	0.000006
OPCODE	A892	12	0.000006
OPCODE	816A	12	0.000006
OPCODE	95AE	12	0.000006
OPCODE	5350	12	0.000006
OPCODE	7018	12	0.000006
OPCODE	6B1C	12	0.000006
OPCODE	70F3	12	0.000006
OPCODE	50EB	12	0.000006
OPCODE	9A80	12	0.000006
OPCODE	66BC	12	0.000006
OPCODE	6172	12	0.000006
OPCODE	90BA	12	0.000006
OPCODE	4C90	12	0.000006
OPCODE	67A6	12	0.000006
OPCODE	6D9E	12	0.000006
OPCODE	5886	12	0.000006
OPCODE	66A2	12	0.000006
OPCODE	61AE	11	0.000005
OPCODE	1A1F	11	0.000005
OPCODE	6C48	11	0.000005
OPCODE	395F	11	0.000005
OPCODE	E789	11	0.000005
OPCODE	288B	11	0.000005
OPCODE	90AD	11	0.000005
OPCODE	BA84	11	0.000005
OPCODE	60BA	11	0.000005
OPCODE	6FEA	11	0.000005
OPCODE	0101	11	0.000005
OPCODE	222B	11	0.000005
OPCODE	A817	11	0.000005
OPCODE	D1AB	11	0.000005
OPCODE	62DE	11	0.000005
OPCODE	906F	11	0.000005
OPCODE	5486	11	0.000005
OPCODE	EFAE	11	0.000005
OPCODE	276B	11	0.000005
OPCODE	DA43	11	0.000005
OPCODE	3D54	11	0.000005
OPCODE	CBC7	11	0.000005
OPCODE	1F01	11	0.000005
OPCODE	7E08	11	0.000005
OPCODE	2628	11	0.000005
OPCODE	6FE2	11	0.000005
OPCODE	E2AA	11	0.000005
OPCODE	E44C	11	0.000005
OPCODE	2970	11	0.000005
OPCODE	E34D	11	0.000005
OPCODE	8357	11	0.000005
OPCODE	6D6A	11	0.000005
OPCODE	C090	11	0.000005
OPCODE	49EA	11	0.000005
OPCODE	6040	10	0.000005
OPCODE	A860	10	0.000005
OPCODE	7805	10	0.000005
OPCODE	3B46	10	0.000005
OPCODE	9C87	10	0.000005
OPCODE	D0AB	10	0.000005
OPCODE	2631	10	0.000005
OPCODE	A8D4	10	0.000005
OPCODE	376E	10	0.000005
OPCODE	25BC	10	0.000005
OPCODE	CC40	10	0.000005
OPCODE	3605	10	0.000005
OPCODE	A8B0	10	0.000005
OPCODE	376C	10	0.000005
OPCODE	92FC	10	0.000005
OPCODE	2A3C	10	0.000005
OPCODE	11EE	10	0.000005
OPCODE	0C15	10	0.000005
OPCODE	3D6F	10	0.000005
OPCODE	9EAE	10	0.000005
OPCODE	6574	10	0.000005
OPCODE	2C0C	10	0.000005
OPCODE	2146	10	0.000005
OPCODE	3831	10	0.000005
OPCODE	A870	10	0.000005
OPCODE	31BC	10	0.000005
OPCODE	E586	10	0.000005
OPCODE	6670	10	0.000005
OPCODE	7C0F	10	0.000005
OPCODE	2C12	10	0.000005
OPCODE	BA87	10	0.000005
OPCODE	5CEE	10	0.000005
OPCODE	6EC2	10	0.000005
OPCODE	26C0	10	0.000005
OPCODE	3180	10	0.000005
OPCODE	2658	10	0.000005
OPCODE	2087	10	0.000005
OPCODE	D047	10	0.000005
OPCODE	2406	10	0.000005
OPCODE	D7C6	10	0.000005
OPCODE	5881	10	0.000005
OPCODE	E84E	10	0.000005
OPCODE	36B8	10	0.000005
OPCODE	2F18	10	0.000005
OPCODE	9FA8	10	0.000005
OPCODE	6144	10	0.000005
OPCODE	A99B	10	0.000005
OPCODE	3E36	10	0.000005
OPCODE	E450	10	0.000005
OPCODE	D289	10	0.000005
OPCODE	8114	10	0.000005
OPCODE	2E13	10	0.000005
OPCODE	A888	10	0.000005
OPCODE	C6C0	10	0.000005
OPCODE	E24A	10	0.000005
OPCODE	5390	10	0.000005
OPCODE	97C4	10	0.000005
OPCODE	2451	10	0.000005
OPCODE	A98D	10	0.000005
OPCODE	5290	10	0.000005
OPCODE	9492	10	0.000005
OPCODE	7216	10	0.000005
OPCODE	0268	10	0.000005
OPCODE	22DB	10	0.000005
OPCODE	E287	10	0.000005
OPCODE	163B	10	0.000005
OPCODE	42B2	10	0.000005
OPCODE	6228	10	0.000005
OPCODE	B6FC	10	0.000005
OPCODE	9E83	10	0.000005
OPCODE	4EF2	10	0.000005
OPCODE	DEB8	10	0.000005
OPCODE	5082	10	0.000005
OPCODE	5087	10	0.000005
OPCODE	3E28	10	0.000005
OPCODE	6152	10	0.000005
OPCODE	9046	10	0.000005
OPCODE	2545	9	0.000004
OPCODE	A81F	9	0.000004
OPCODE	8240	9	0.000004
OPCODE	3830	9	0.000004
OPCODE	D1FC	9	0.000004
OPCODE	B685	9	0.000004
OPCODE	2547	9	0.000004
OPCODE	B66C	9	0.000004
OPCODE	60BE	9	0.000004
OPCODE	D5C8	9	0.000004
OPCODE	BCAA	9	0.000004
OPCODE	7E04	9	0.000004
OPCODE	B650	9	0.000004
OPCODE	D3AC	9	0.000004
OPCODE	8841	9	0.000004
OPCODE	261E	9	0.000004
OPCODE	B8AC	9	0.000004
OPCODE	256E	9	0.000004
OPCODE	3743	9	0.000004
OPCODE	21AA	9	0.000004
OPCODE	3745	9	0.000004
OPCODE	21AC	9	0.000004
OPCODE	1002	9	0.000004
OPCODE	52A8	9	0.000004
OPCODE	6E30	9	0.000004
OPCODE	2838	9	0.000004
OPCODE	4EF6	9	0.000004
OPCODE	2841	9	0.000004
OPCODE	DFAE	9	0.000004
OPCODE	E48F	9	0.000004
OPCODE	E04D	9	0.000004
OPCODE	1A29	9	0.000004
OPCODE	6D30	9	0.000004
OPCODE	C680	9	0.000004
OPCODE	2944	9	0.000004
OPCODE	6514	9	0.000004
OPCODE	6520	9	0.000004
OPCODE	A9A2	9	0.000004
OPCODE	9190	9	0.000004
OPCODE	162F	9	0.000004
OPCODE	1628	9	0.000004
OPCODE	9881	9	0.000004
OPCODE	99AC	9	0.000004
OPCODE	C2AC	9	0.000004
OPCODE	2A4C	9	0.000004
OPCODE	AA52	9	0.000004
OPCODE	2D81	9	0.000004
OPCODE	6F82	9	0.000004
OPCODE	0052	9	0.000004
OPCODE	2D03	9	0.000004
OPCODE	2C6C	9	0.000004
OPCODE	9BAC	9	0.000004
OPCODE	12FC	9	0.000004
OPCODE	DBAB	9	0.000004
OPCODE	6F26	9	0.000004
OPCODE	A11A	9	0.000004
OPCODE	DE42	9	0.000004
OPCODE	6E36	9	0.000004
OPCODE	91A8	9	0.000004
OPCODE	6ABA	9	0.000004
OPCODE	91CC	9	0.000004
OPCODE	3C19	9	0.000004
OPCODE	BC78	8	0.000004
OPCODE	D053	8	0.000004
OPCODE	BC80	8	0.000004
OPCODE	30F8	8	0.000004
OPCODE	2A1D	8	0.000004
OPCODE	C484	8	0.000004
OPCODE	9EA8	8	0.000004
OPCODE	D26B	8	0.000004
OPCODE	BCA8	8	0.000004
OPCODE	BC44	8	0.000004
OPCODE	2A61	8	0.000004
OPCODE	4CD9	8	0.000004
OPCODE	2E91	8	0.000004
OPCODE	2B4A	8	0.000004
OPCODE	05C0	8	0.000004
OPCODE	BAA8	8	0.000004
OPCODE	2B6E	8	0.000004
OPCODE	31C2	8	0.000004
OPCODE	C1ED	8	0.000004
OPCODE	700E	8	0.000004
OPCODE	2C1D	8	0.000004
OPCODE	A41C	8	0.000004
OPCODE	E908	8	0.000004
OPCODE	CA82	8	0.000004
OPCODE	6798	8	0.000004
OPCODE	5BCB	8	0.000004
OPCODE	A80D	8	0.000004
OPCODE	CB49	8	0.000004
OPCODE	5400	8	0.000004
OPCODE	A43C	8	0.000004
OPCODE	BE28	8	0.000004
OPCODE	5389	8	0.000004
OPCODE	2F78	8	0.000004
OPCODE	5388	8	0.000004
OPCODE	EB5A	8	0.000004
OPCODE	E942	8	0.000004
OPCODE	2F61	8	0.000004
OPCODE	C045	8	0.000004
OPCODE	254C	8	0.000004
OPCODE	CCAB	8	0.000004
OPCODE	BD40	8	0.000004
OPCODE	6076	8	0.000004
OPCODE	4A98	8	0.000004
OPCODE	2EAF	8	0.000004
OPCODE	966C	8	0.000004
OPCODE	5C4B	8	0.000004
OPCODE	426D	8	0.000004
OPCODE	D8C3	8	0.000004
OPCODE	122E	8	0.000004
OPCODE	20AC	8	0.000004
OPCODE	20C4	8	0.000004
OPCODE	7C1E	8	0.000004
OPCODE	E241	8	0.000004
OPCODE	D845	8	0.000004
OPCODE	3884	8	0.000004
OPCODE	A9B2	8	0.000004
OPCODE	3A14	8	0.000004
OPCODE	381D	8	0.000004
OPCODE	B3E8	8	0.000004
OPCODE	3807	8	0.000004
OPCODE	A9E1	8	0.000004
OPCODE	B454	8	0.000004
OPCODE	429B	8	0.000004
OPCODE	D66C	8	0.000004
OPCODE	B46D	8	0.000004
OPCODE	DEBC	8	0.000004
OPCODE	1206	8	0.000004
OPCODE	6D22	8	0.000004
OPCODE	1D46	8	0.000004
OPCODE	DE85	8	0.000004
OPCODE	6216	8	0.000004
OPCODE	6210	8	0.000004
OPCODE	1E12	8	0.000004
OPCODE	A938	8	0.000004
OPCODE	E243	8	0.000004
OPCODE	EF4B	8	0.000004
OPCODE	72FB	8	0.000004
OPCODE	1F2E	8	0.000004
OPCODE	1F68	8	0.000004
OPCODE	61C2	8	0.000004
OPCODE	EF48	8	0.000004
OPCODE	3A29	8	0.000004
OPCODE	E0AA	8	0.000004
OPCODE	22CD	8	0.000004
OPCODE	B5ED	8	0.000004
OPCODE	A9F1	8	0.000004
OPCODE	44DF	8	0.000004
OPCODE	D4B8	8	0.000004
OPCODE	22EF	8	0.000004
OPCODE	6594	8	0.000004
OPCODE	48E0	8	0.000004
OPCODE	AA2A	8	0.000004
OPCODE	665C	8	0.000004
OPCODE	143B	8	0.000004
OPCODE	361C	8	0.000004
OPCODE	E306	8	0.000004
OPCODE	2277	8	0.000004
OPCODE	2257	8	0.000004
OPCODE	49F1	8	0.000004
OPCODE	E2A8	8	0.000004
OPCODE	36DC	8	0.000004
OPCODE	1605	8	0.000004
OPCODE	0054	8	0.000004
OPCODE	D605	8	0.000004
OPCODE	D2E9	8	0.000004
OPCODE	50C5	7	0.000003
OPCODE	D244	7	0.000003
OPCODE	5250	7	0.000003
OPCODE	720B	7	0.000003
OPCODE	1619	7	0.000003
OPCODE	284D	7	0.000003
OPCODE	7630	7	0.000003
OPCODE	7016	7	0.000003
OPCODE	BE52	7	0.000003
OPCODE	7615	7	0.000003
OPCODE	336E	7	0.000003
OPCODE	7660	7	0.000003
OPCODE	316B	7	0.000003
OPCODE	BC8A	7	0.000003
OPCODE	1F3C	7	0.000003
OPCODE	651A	7	0.000003
OPCODE	2809	7	0.000003
OPCODE	780D	7	0.000003
OPCODE	1297	7	0.000003
OPCODE	20BC	7	0.000003
OPCODE	6C24	7	0.000003
OPCODE	6C20	7	0.000003
OPCODE	C0C4	7	0.000003
OPCODE	6E1C	7	0.000003
OPCODE	2E12	7	0.000003
OPCODE	B4FC	7	0.000003
OPCODE	6EE8	7	0.000003
OPCODE	3814	7	0.000003
OPCODE	282C	7	0.000003
OPCODE	A9DA	7	0.000003
OPCODE	A8EC	7	0.000003
OPCODE	703E	7	0.000003
OPCODE	B052	7	0.000003
OPCODE	9644	7	0.000003
OPCODE	A9AF	7	0.000003
OPCODE	AA94	7	0.000003
OPCODE	7034	7	0.000003
OPCODE	64EC	7	0.000003
OPCODE	26AC	7	0.000003
OPCODE	D1EE	7	0.000003
OPCODE	1819	7	0.000003
OPCODE	0C12	6	0.000003
OPCODE	306A	6	0.000003
OPCODE	6E10	6	0.000003
OPCODE	66BE	6	0.000003
OPCODE	5369	6	0.000003
OPCODE	1431	6	0.000003
OPCODE	A9A8	6	0.000003
OPCODE	45D1	6	0.000003
OPCODE	6F9A	6	0.000003
OPCODE	E286	6	0.000003
OPCODE	9840	6	0.000003
OPCODE	0BC4	6	0.000003
OPCODE	C401	6	0.000003
OPCODE	528B	6	0.000003
OPCODE	70EE	6	0.000003
OPCODE	1631	6	0.000003
OPCODE	666A	6	0.000003
OPCODE	6332	6	0.000003
OPCODE	AA68	6	0.000003
OPCODE	94FC	6	0.000003
OPCODE	2F4D	6	0.000003
OPCODE	45F7	6	0.000003
OPCODE	7244	6	0.000003
OPCODE	3F1A	6	0.000003
OPCODE	6356	6	0.000003
OPCODE	301C	6	0.000003
OPCODE	53AE	6	0.000003
OPCODE	5AEE	6	0.000003
OPCODE	9207	6	0.000003
OPCODE	A90C	6	0.000003
OPCODE	58AF	6	0.000003
OPCODE	7022	6	0.000003
OPCODE	282F	6	0.000003
OPCODE	A8ED	6	0.000003
OPCODE	67CC	6	0.000003
OPCODE	D0C1	6	0.000003
OPCODE	D768	6	0.000003
OPCODE	7E10	6	0.000003
OPCODE	A8B2	6	0.000003
OPCODE	A440	6	0.000003
OPCODE	A8FA	6	0.000003
OPCODE	21AF	6	0.000003
OPCODE	7E94	6	0.000003
OPCODE	6770	6	0.000003
OPCODE	2219	6	0.000003
OPCODE	B5D0	6	0.000003
OPCODE	D26E	6	0.000003
OPCODE	6C30	6	0.000003
OPCODE	244F	6	0.000003
OPCODE	2429	6	0.000003
OPCODE	6036	6	0.000003
OPCODE	7011	6	0.000003
OPCODE	B66D	6	0.000003
OPCODE	A068	6	0.000003
OPCODE	BCAE	6	0.000003
OPCODE	5701	6	0.000003
OPCODE	1F06	6	0.000003
OPCODE	3147	6	0.000003
OPCODE	A943	6	0.000003
OPCODE	1171	6	0.000003
OPCODE	6C4C	6	0.000003
OPCODE	7E20	5	0.000002
OPCODE	546E	5	0.000002
OPCODE	21D8	5	0.000002
OPCODE	56C5	5	0.000002
OPCODE	626E	5	0.000002
OPCODE	9A43	5	0.000002
OPCODE	2286	5	0.000002
OPCODE	24C3	5	0.000002
OPCODE	0A6E	5	0.000002
OPCODE	2481	5	0.000002
OPCODE	8FFC	5	0.000002
OPCODE	5645	5	0.000002
OPCODE	8E40	5	0.000002
OPCODE	2293	5	0.000002
OPCODE	93E8	5	0.000002
OPCODE	8DFC	5	0.000002
OPCODE	44C0	5	0.000002
OPCODE	1E31	5	0.000002
OPCODE	CA38	5	0.000002
OPCODE	7064	5	0.000002
OPCODE	2846	5	0.000002
OPCODE	1414	5	0.000002
OPCODE	5941	5	0.000002
OPCODE	61AA	5	0.000002
OPCODE	78FE	5	0.000002
OPCODE	78F8	5	0.000002
OPCODE	618C	5	0.000002
OPCODE	6430	5	0.000002
OPCODE	2692	5	0.000002
OPCODE	20DA	5	0.000002
OPCODE	20F8	5	0.000002
OPCODE	6184	5	0.000002
OPCODE	5302	5	0.000002
OPCODE	214C	5	0.000002
OPCODE	1882	5	0.000002
OPCODE	72A9	5	0.000002
OPCODE	1942	5	0.000002
OPCODE	6548	5	0.000002
OPCODE	617C	5	0.000002
OPCODE	E24D	5	0.000002
OPCODE	2651	5	0.000002
OPCODE	E259	5	0.000002
OPCODE	2760	5	0.000002
OPCODE	7036	5	0.000002
OPCODE	D0EF	5	0.000002
OPCODE	6350	5	0.000002
OPCODE	CD38	5	0.000002
OPCODE	A91C	5	0.000002
OPCODE	3632	5	0.000002
OPCODE	6EEA	5	0.000002
OPCODE	B4A9	5	0.000002
OPCODE	3047	5	0.000002
OPCODE	EE49	5	0.000002
OPCODE	3832	5	0.000002
OPCODE	387C	5	0.000002
OPCODE	B2AE	5	0.000002
OPCODE	A90A	5	0.000002
OPCODE	A90D	5	0.000002
OPCODE	362D	5	0.000002
OPCODE	2EA8	5	0.000002
OPCODE	A922	5	0.000002
OPCODE	6B40	5	0.000002
OPCODE	A923	5	0.000002
OPCODE	A927	5	0.000002
OPCODE	6C5C	5	0.000002
OPCODE	A955	5	0.000002
OPCODE	B0BA	5	0.000002
OPCODE	022C	5	0.000002
OPCODE	3E38	5	0.000002
OPCODE	A86C	5	0.000002
OPCODE	31C7	5	0.000002
OPCODE	A146	5	0.000002
OPCODE	A09D	5	0.000002
OPCODE	321C	5	0.000002
OPCODE	B9C0	5	0.000002
OPCODE	32F8	5	0.000002
OPCODE	315F	5	0.000002
OPCODE	3143	5	0.000002
OPCODE	A836	5	0.000002
OPCODE	B740	5	0.000002
OPCODE	A8A7	5	0.000002
OPCODE	B678	5	0.000002
OPCODE	3540	5	0.000002
OPCODE	A876	5	0.000002
OPCODE	6B52	5	0.000002
OPCODE	6C3E	5	0.000002
OPCODE	A885	5	0.000002
OPCODE	A886	5	0.000002
OPCODE	3613	5	0.000002
OPCODE	362B	5	0.000002
OPCODE	AA1F	5	0.000002
OPCODE	ABEB	5	0.000002
OPCODE	2D69	5	0.000002
OPCODE	9CFA	5	0.000002
OPCODE	A9BA	5	0.000002
OPCODE	41EF	5	0.000002
OPCODE	AA43	5	0.000002
OPCODE	6D70	5	0.000002
OPCODE	A9A3	5	0.000002
OPCODE	002C	5	0.000002
OPCODE	A992	5	0.000002
OPCODE	0A30	5	0.000002
OPCODE	AA12	5	0.000002
OPCODE	6D4A	5	0.000002
OPCODE	6D48	5	0.000002
OPCODE	0A33	5	0.000002
OPCODE	45FB	5	0.000002
OPCODE	51E9	5	0.000002
OPCODE	9E7C	5	0.000002
OPCODE	D2E8	4	0.000002
OPCODE	2457	4	0.000002
OPCODE	12AA	4	0.000002
OPCODE	AA31	4	0.000002
OPCODE	B700	4	0.000002
OPCODE	242F	4	0.000002
OPCODE	242D	4	0.000002
OPCODE	E76C	4	0.000002
OPCODE	D299	4	0.000002
OPCODE	B6A9	4	0.000002
OPCODE	241D	4	0.000002
OPCODE	5949	4	0.000002
OPCODE	6DB6	4	0.000002
OPCODE	2646	4	0.000002
OPCODE	04B8	4	0.000002
OPCODE	D099	4	0.000002
OPCODE	A20C	4	0.000002
OPCODE	0C9F	4	0.000002
OPCODE	E6AD	4	0.000002
OPCODE	236A	4	0.000002
OPCODE	D0C3	4	0.000002
OPCODE	51F8	4	0.000002
OPCODE	AA06	4	0.000002
OPCODE	2344	4	0.000002
OPCODE	66BA	4	0.000002
OPCODE	D3C5	4	0.000002
OPCODE	908A	4	0.000002
OPCODE	6764	4	0.000002
OPCODE	1320	4	0.000002
OPCODE	D0B8	4	0.000002
OPCODE	9084	4	0.000002
OPCODE	5B40	4	0.000002
OPCODE	6B72	4	0.000002
OPCODE	D16C	4	0.000002
OPCODE	E7A1	4	0.000002
OPCODE	1383	4	0.000002
OPCODE	9054	4	0.000002
OPCODE	A81A	4	0.000002
OPCODE	5C4A	4	0.000002
OPCODE	B7F8	4	0.000002
OPCODE	A821	4	0.000002
OPCODE	4A9C	4	0.000002
OPCODE	4A6F	4	0.000002
OPCODE	66C6	4	0.000002
OPCODE	B7E9	4	0.000002
OPCODE	608A	4	0.000002
OPCODE	0CB1	4	0.000002
OPCODE	3346	4	0.000002
OPCODE	249F	4	0.000002
OPCODE	2493	4	0.000002
OPCODE	5C80	4	0.000002
OPCODE	A23C	4	0.000002
OPCODE	3347	4	0.000002
OPCODE	D26C	4	0.000002
OPCODE	7803	4	0.000002
OPCODE	6508	4	0.000002
OPCODE	B073	4	0.000002
OPCODE	A908	4	0.000002
OPCODE	A99A	4	0.000002
OPCODE	A999	4	0.000002
OPCODE	B285	4	0.000002
OPCODE	396E	4	0.000002
OPCODE	6452	4	0.000002
OPCODE	10DA	4	0.000002
OPCODE	1147	4	0.000002
OPCODE	2061	4	0.000002
OPCODE	205E	4	0.000002
OPCODE	2045	4	0.000002
OPCODE	A919	4	0.000002
OPCODE	702A	4	0.000002
OPCODE	7CEE	4	0.000002
OPCODE	642C	4	0.000002
OPCODE	721C	4	0.000002
OPCODE	702B	4	0.000002
OPCODE	722C	4	0.000002
OPCODE	11D1	4	0.000002
OPCODE	6E7E	4	0.000002
OPCODE	7609	4	0.000002
OPCODE	1E28	4	0.000002
OPCODE	727F	4	0.000002
OPCODE	1E14	4	0.000002
OPCODE	3D9F	4	0.000002
OPCODE	1A13	4	0.000002
OPCODE	0251	4	0.000002
OPCODE	1C1F	4	0.000002
OPCODE	0229	4	0.000002
OPCODE	3F68	4	0.000002
OPCODE	7015	4	0.000002
OPCODE	22BC	4	0.000002
OPCODE	ED6D	4	0.000002
OPCODE	B09F	4	0.000002
OPCODE	B029	4	0.000002
OPCODE	162E	4	0.000002
OPCODE	D4D2	4	0.000002
OPCODE	0094	4	0.000002
OPCODE	3685	4	0.000002
OPCODE	60CA	4	0.000002
OPCODE	4877	4	0.000002
OPCODE	A9A4	4	0.000002
OPCODE	8151	4	0.000002
OPCODE	36C3	4	0.000002
OPCODE	21EA	4	0.000002
OPCODE	22CA	4	0.000002
OPCODE	701A	4	0.000002
OPCODE	36C4	4	0.000002
OPCODE	36C7	4	0.000002
OPCODE	EDAD	4	0.000002
OPCODE	A8A5	4	0.000002
OPCODE	E6AC	4	0.000002
OPCODE	6166	4	0.000002
OPCODE	66B8	4	0.000002
OPCODE	47EF	4	0.000002
OPCODE	B3D7	4	0.000002
OPCODE	A8E7	4	0.000002
OPCODE	B3C5	4	0.000002
OPCODE	B06F	4	0.000002
OPCODE	7CEF	4	0.000002
OPCODE	06B8	4	0.000002
OPCODE	2A4A	4	0.000002
OPCODE	C4E8	4	0.000002
OPCODE	9CAB	4	0.000002
OPCODE	A00A	4	0.000002
OPCODE	BB98	4	0.000002
OPCODE	2E4A	4	0.000002
OPCODE	C2E9	4	0.000002
OPCODE	BE50	4	0.000002
OPCODE	6B1A	4	0.000002
OPCODE	C0BC	4	0.000002
OPCODE	EA84	4	0.000002
OPCODE	6B24	4	0.000002
OPCODE	26C5	4	0.000002
OPCODE	BE45	4	0.000002
OPCODE	2D08	4	0.000002
OPCODE	A005	4	0.000002
OPCODE	26CA	4	0.000002
OPCODE	A064	4	0.000002
OPCODE	26CC	4	0.000002
OPCODE	C2EE	4	0.000002
OPCODE	A001	4	0.000002
OPCODE	57C9	4	0.000002
OPCODE	EA83	4	0.000002
OPCODE	2741	4	0.000002
OPCODE	6B58	4	0.000002
OPCODE	9254	4	0.000002
OPCODE	A004	4	0.000002
OPCODE	5187	4	0.000002
OPCODE	C007	4	0.000002
OPCODE	BD90	4	0.000002
OPCODE	9A40	4	0.000002
OPCODE	A011	4	0.000002
OPCODE	9480	4	0.000002
OPCODE	E949	4	0.000002
OPCODE	A033	4	0.000002
OPCODE	31C3	4	0.000002
OPCODE	9E8B	4	0.000002
OPCODE	6AF6	4	0.000002
OPCODE	2A38	4	0.000002
OPCODE	2E4B	4	0.000002
OPCODE	6B60	4	0.000002
OPCODE	BA82	4	0.000002
OPCODE	5041	4	0.000002
OPCODE	A0A4	4	0.000002
OPCODE	9FC1	4	0.000002
OPCODE	C745	4	0.000002
OPCODE	6B2C	4	0.000002
OPCODE	6B48	4	0.000002
OPCODE	26C2	4	0.000002
OPCODE	08B1	4	0.000002
OPCODE	588B	4	0.000002
OPCODE	9A41	4	0.000002
OPCODE	5147	4	0.000002
OPCODE	2829	4	0.000002
OPCODE	EA50	4	0.000002
OPCODE	E982	4	0.000002
OPCODE	A990	3	0.000001
OPCODE	E648	3	0.000001
OPCODE	30E4	3	0.000001
OPCODE	926F	3	0.000001
OPCODE	1F1A	3	0.000001
OPCODE	6D4E	3	0.000001
OPCODE	D2C3	3	0.000001
OPCODE	D3E9	3	0.000001
OPCODE	11EF	3	0.000001
OPCODE	3D6D	3	0.000001
OPCODE	4879	3	0.000001
OPCODE	227C	3	0.000001
OPCODE	A034	3	0.000001
OPCODE	B491	3	0.000001
OPCODE	1218	3	0.000001
OPCODE	306D	3	0.000001
OPCODE	D484	3	0.000001
OPCODE	48E8	3	0.000001
OPCODE	6F4A	3	0.000001
OPCODE	D2D8	3	0.000001
OPCODE	22FC	3	0.000001
OPCODE	84C1	3	0.000001
OPCODE	4CED	3	0.000001
OPCODE	D3C4	3	0.000001
OPCODE	7618	3	0.000001
OPCODE	A90E	3	0.000001
OPCODE	A877	3	0.000001
OPCODE	1F03	3	0.000001
OPCODE	A8AA	3	0.000001
OPCODE	0310	3	0.000001
OPCODE	6C28	3	0.000001
OPCODE	2015	3	0.000001
OPCODE	6C4A	3	0.000001
OPCODE	4AAF	3	0.000001
OPCODE	A9E3	3	0.000001
OPCODE	5328	3	0.000001
OPCODE	28AB	3	0.000001
OPCODE	6FF8	3	0.000001
OPCODE	3B43	3	0.000001
OPCODE	D16A	3	0.000001
OPCODE	7209	3	0.000001
OPCODE	4457	3	0.000001
OPCODE	5203	3	0.000001
OPCODE	91EE	3	0.000001
OPCODE	2B48	3	0.000001
OPCODE	AA32	3	0.000001
OPCODE	C218	3	0.000001
OPCODE	A90F	3	0.000001
OPCODE	D0EA	3	0.000001
OPCODE	D0D0	3	0.000001
OPCODE	5301	3	0.000001
OPCODE	E848	3	0.000001
OPCODE	D96E	3	0.000001
OPCODE	2E04	3	0.000001
OPCODE	70F7	3	0.000001
OPCODE	6A1A	3	0.000001
OPCODE	248C	3	0.000001
OPCODE	2E02	3	0.000001
OPCODE	B26C	3	0.000001
OPCODE	B9EA	3	0.000001
OPCODE	67EC	3	0.000001
OPCODE	B7EA	3	0.000001
OPCODE	31AE	3	0.000001
OPCODE	4233	3	0.000001
OPCODE	78E0	2	0.000001
OPCODE	08AF	2	0.000001
OPCODE	0213	2	0.000001
OPCODE	97AC	2	0.000001
OPCODE	116E	2	0.000001
OPCODE	9794	2	0.000001
OPCODE	2083	2	0.000001
OPCODE	7606	2	0.000001
OPCODE	528A	2	0.000001
OPCODE	205C	2	0.000001
OPCODE	C4EE	2	0.000001
OPCODE	620E	2	0.000001
OPCODE	6E72	2	0.000001
OPCODE	DABC	2	0.000001
OPCODE	6B46	2	0.000001
OPCODE	1F29	2	0.000001
OPCODE	2E89	2	0.000001
OPCODE	1F28	2	0.000001
OPCODE	61D6	2	0.000001
OPCODE	A91F	2	0.000001
OPCODE	76EB	2	0.000001
OPCODE	EF4A	2	0.000001
OPCODE	2954	2	0.000001
OPCODE	1F6A	2	0.000001
OPCODE	6EBA	2	0.000001
OPCODE	61C0	2	0.000001
OPCODE	A91B	2	0.000001
OPCODE	A937	2	0.000001
OPCODE	2EA9	2	0.000001
OPCODE	7032	2	0.000001
OPCODE	2024	2	0.000001
OPCODE	6B20	2	0.000001
OPCODE	0C03	2	0.000001
OPCODE	7806	2	0.000001
OPCODE	A915	2	0.000001
OPCODE	6202	2	0.000001
OPCODE	B1ED	2	0.000001
OPCODE	0081	2	0.000001
OPCODE	122F	2	0.000001
OPCODE	E28B	2	0.000001
OPCODE	E289	2	0.000001
OPCODE	0A44	2	0.000001
OPCODE	A9E2	2	0.000001
OPCODE	2A90	2	0.000001
OPCODE	B038	2	0.000001
OPCODE	51AE	2	0.000001
OPCODE	6D58	2	0.000001
OPCODE	C242	2	0.000001
OPCODE	A9C3	2	0.000001
OPCODE	9A47	2	0.000001
OPCODE	C0EE	2	0.000001
OPCODE	16C1	2	0.000001
OPCODE	C293	2	0.000001
OPCODE	A9A1	2	0.000001
OPCODE	1800	2	0.000001
OPCODE	B07A	2	0.000001
OPCODE	668A	2	0.000001
OPCODE	E3A8	2	0.000001
OPCODE	6F6C	2	0.000001
OPCODE	6F62	2	0.000001
OPCODE	12DB	2	0.000001
OPCODE	12C2	2	0.000001
OPCODE	446E	2	0.000001
OPCODE	C192	2	0.000001
OPCODE	1403	2	0.000001
OPCODE	2A42	2	0.000001
OPCODE	C189	2	0.000001
OPCODE	002A	2	0.000001
OPCODE	5217	2	0.000001
OPCODE	AA29	2	0.000001
OPCODE	AA2B	2	0.000001
OPCODE	AA2C	2	0.000001
OPCODE	70AB	2	0.000001
OPCODE	1540	2	0.000001
OPCODE	7440	2	0.000001
OPCODE	45F9	2	0.000001
OPCODE	E069	2	0.000001
OPCODE	B097	2	0.000001
OPCODE	E059	2	0.000001
OPCODE	B0A0	2	0.000001
OPCODE	72FC	2	0.000001
OPCODE	2A14	2	0.000001
OPCODE	C0AA	2	0.000001
OPCODE	DFED	2	0.000001
OPCODE	E089	2	0.000001
OPCODE	4641	2	0.000001
OPCODE	1B54	2	0.000001
OPCODE	97CA	2	0.000001
OPCODE	1D41	2	0.000001
OPCODE	0C02	2	0.000001
OPCODE	3E14	2	0.000001
OPCODE	A95D	2	0.000001
OPCODE	B141	2	0.000001
OPCODE	7236	2	0.000001
OPCODE	3F32	2	0.000001
OPCODE	9E6E	2	0.000001
OPCODE	5254	2	0.000001
OPCODE	18AD	2	0.000001
OPCODE	640E	2	0.000001
OPCODE	63F0	2	0.000001
OPCODE	3F21	2	0.000001
OPCODE	1943	2	0.000001
OPCODE	0293	2	0.000001
OPCODE	1946	2	0.000001
OPCODE	1947	2	0.000001
OPCODE	63D0	2	0.000001
OPCODE	6DF4	2	0.000001
OPCODE	5257	2	0.000001
OPCODE	E09B	2	0.000001
OPCODE	6D36	2	0.000001
OPCODE	A906	2	0.000001
OPCODE	0C29	2	0.000001
OPCODE	101A	2	0.000001
OPCODE	EBD7	2	0.000001
OPCODE	240D	2	0.000001
OPCODE	342F	2	0.000001
OPCODE	5681	2	0.000001
OPCODE	3417	2	0.000001
OPCODE	BCAC	2	0.000001
OPCODE	6A20	2	0.000001
OPCODE	CD4B	2	0.000001
OPCODE	4CEA	2	0.000001
OPCODE	D283	2	0.000001
OPCODE	A854	2	0.000001
OPCODE	CE6E	2	0.000001
OPCODE	B7D2	2	0.000001
OPCODE	A833	2	0.000001
OPCODE	9030	2	0.000001
OPCODE	D25F	2	0.000001
OPCODE	3144	2	0.000001
OPCODE	50EA	2	0.000001
OPCODE	5497	2	0.000001
OPCODE	03C0	2	0.000001
OPCODE	03C2	2	0.000001
OPCODE	22E9	2	0.000001
OPCODE	280F	2	0.000001
OPCODE	92B8	2	0.000001
OPCODE	0444	2	0.000001
OPCODE	3568	2	0.000001
OPCODE	276A	2	0.000001
OPCODE	D3AA	2	0.000001
OPCODE	D36C	2	0.000001
OPCODE	1031	2	0.000001
OPCODE	E8A9	2	0.000001
OPCODE	D354	2	0.000001
OPCODE	55C3	2	0.000001
OPCODE	5680	2	0.000001
OPCODE	892B	2	0.000001
OPCODE	5894	2	0.000001
OPCODE	9085	2	0.000001
OPCODE	2609	2	0.000001
OPCODE	260A	2	0.000001
OPCODE	E7B8	2	0.000001
OPCODE	2617	2	0.000001
OPCODE	A346	2	0.000001
OPCODE	A079	2	0.000001
OPCODE	0CAB	2	0.000001
OPCODE	5980	2	0.000001
OPCODE	91CE	2	0.000001
OPCODE	594C	2	0.000001
OPCODE	D078	2	0.000001
OPCODE	594B	2	0.000001
OPCODE	3208	2	0.000001
OPCODE	BA46	2	0.000001
OPCODE	4BF9	2	0.000001
OPCODE	E849	2	0.000001
OPCODE	2687	2	0.000001
OPCODE	B840	2	0.000001
OPCODE	0C57	2	0.000001
OPCODE	D1E8	2	0.000001
OPCODE	274A	2	0.000001
OPCODE	D1CE	2	0.000001
OPCODE	24D5	2	0.000001
OPCODE	67E4	2	0.000001
OPCODE	316D	2	0.000001
OPCODE	A81D	2	0.000001
OPCODE	A878	2	0.000001
OPCODE	905F	2	0.000001
OPCODE	A80C	2	0.000001
OPCODE	D183	2	0.000001
OPCODE	A804	2	0.000001
OPCODE	A71E	2	0.000001
OPCODE	6BD6	2	0.000001
OPCODE	907C	2	0.000001
OPCODE	A461	2	0.000001
OPCODE	A000	2	0.000001
OPCODE	C82B	2	0.000001
OPCODE	66AE	2	0.000001
OPCODE	A02B	2	0.000001
OPCODE	8042	2	0.000001
OPCODE	614C	2	0.000001
OPCODE	3957	2	0.000001
OPCODE	A897	2	0.000001
OPCODE	D66A	2	0.000001
OPCODE	5089	2	0.000001
OPCODE	0300	2	0.000001
OPCODE	3943	2	0.000001
OPCODE	6164	2	0.000001
OPCODE	B2AF	2	0.000001
OPCODE	A040	2	0.000001
OPCODE	C6C2	2	0.000001
OPCODE	10E9	2	0.000001
OPCODE	A8DA	2	0.000001
OPCODE	20E9	2	0.000001
OPCODE	D6D0	2	0.000001
OPCODE	A8DB	2	0.000001
OPCODE	219F	2	0.000001
OPCODE	10C2	2	0.000001
OPCODE	103C	2	0.000001
OPCODE	D7EB	2	0.000001
OPCODE	A020	2	0.000001
OPCODE	7E06	2	0.000001
OPCODE	7E03	2	0.000001
OPCODE	288A	2	0.000001
OPCODE	6176	2	0.000001
OPCODE	2888	2	0.000001
OPCODE	A128	2	0.000001
OPCODE	618A	2	0.000001
OPCODE	93AE	2	0.000001
OPCODE	48E2	2	0.000001
OPCODE	7A9D	2	0.000001
OPCODE	10D1	2	0.000001
OPCODE	8283	2	0.000001
OPCODE	60AC	2	0.000001
OPCODE	93C0	2	0.000001
OPCODE	82AE	2	0.000001
OPCODE	228A	2	0.000001
OPCODE	7C03	2	0.000001
OPCODE	3A02	2	0.000001
OPCODE	BE85	2	0.000001
OPCODE	308B	2	0.000001
OPCODE	5481	2	0.000001
OPCODE	A039	2	0.000001
OPCODE	8193	2	0.000001
OPCODE	A02F	2	0.000001
OPCODE	C8AE	2	0.000001
OPCODE	A896	2	0.000001
OPCODE	6F34	2	0.000001
OPCODE	80D7	2	0.000001
OPCODE	677C	1	0.000000
OPCODE	07F2	1	0.000000
OPCODE	6D7C	1	0.000000
OPCODE	EB98	1	0.000000
OPCODE	E847	1	0.000000
OPCODE	EE98	1	0.000000
OPCODE	07B2	1	0.000000
OPCODE	0028	1	0.000000
OPCODE	0C86	1	0.000000
OPCODE	E9D7	1	0.000000
OPCODE	02AC	1	0.000000
OPCODE	6F3C	1	0.000000
OPCODE	7029	1	0.000000
OPCODE	6A1C	1	0.000000
OPCODE	6D2C	1	0.000000
OPCODE	6F1E	1	0.000000
OPCODE	6EF0	1	0.000000
OPCODE	1034	1	0.000000
OPCODE	EC88	1	0.000000
OPCODE	7035	1	0.000000
OPCODE	1213	1	0.000000
OPCODE	7017	1	0.000000
OPCODE	6A56	1	0.000000
OPCODE	6CF8	1	0.000000
OPCODE	EC08	1	0.000000
OPCODE	E64B	1	0.000000
OPCODE	6F28	1	0.000000
OPCODE	7038	1	0.000000
OPCODE	0069	1	0.000000
OPCODE	6C2A	1	0.000000
OPCODE	6928	1	0.000000
OPCODE	EDA8	1	0.000000
OPCODE	6926	1	0.000000
OPCODE	066D	1	0.000000
OPCODE	701B	1	0.000000
OPCODE	700B	1	0.000000
OPCODE	08D0	1	0.000000
OPCODE	0646	1	0.000000
OPCODE	0086	1	0.000000
OPCODE	006E	1	0.000000
OPCODE	6C42	1	0.000000
OPCODE	66B4	1	0.000000
OPCODE	EB48	1	0.000000
OPCODE	A84A	1	0.000000
OPCODE	4CD7	1	0.000000
OPCODE	BA6C	1	0.000000
OPCODE	31EB	1	0.000000
OPCODE	A51E	1	0.000000
OPCODE	3292	1	0.000000
OPCODE	A746	1	0.000000
OPCODE	A801	1	0.000000
OPCODE	A805	1	0.000000
OPCODE	A807	1	0.000000
OPCODE	4A57	1	0.000000
OPCODE	B7DF	1	0.000000
OPCODE	3354	1	0.000000
OPCODE	B7C4	1	0.000000
OPCODE	A05F	1	0.000000
OPCODE	A86F	1	0.000000
OPCODE	49D0	1	0.000000
OPCODE	49C2	1	0.000000
OPCODE	356A	1	0.000000
OPCODE	A87D	1	0.000000
OPCODE	A87E	1	0.000000
OPCODE	A87F	1	0.000000
OPCODE	360C	1	0.000000
OPCODE	B5F3	1	0.000000
OPCODE	36AA	1	0.000000
OPCODE	3741	1	0.000000
OPCODE	A8A2	1	0.000000
OPCODE	4871	1	0.000000
OPCODE	2F24	1	0.000000
OPCODE	9A7C	1	0.000000
OPCODE	5202	1	0.000000
OPCODE	9C6A	1	0.000000
OPCODE	51C5	1	0.000000
OPCODE	2C4F	1	0.000000
OPCODE	9E40	1	0.000000
OPCODE	2E06	1	0.000000
OPCODE	2E0C	1	0.000000
OPCODE	9E84	1	0.000000
OPCODE	C09F	1	0.000000
OPCODE	2E81	1	0.000000
OPCODE	2E82	1	0.000000
OPCODE	2EAB	1	0.000000
OPCODE	B441	1	0.000000
OPCODE	9FC0	1	0.000000
OPCODE	2F42	1	0.000000
OPCODE	3000	1	0.000000
OPCODE	3024	1	0.000000
OPCODE	3068	1	0.000000
OPCODE	309A	1	0.000000
OPCODE	309F	1	0.000000
OPCODE	A03B	1	0.000000
OPCODE	A051	1	0.000000
OPCODE	A058	1	0.000000
OPCODE	A059	1	0.000000
OPCODE	A05E	1	0.000000
OPCODE	3154	1	0.000000
OPCODE	A9CD	1	0.000000
OPCODE	4602	1	0.000000
OPCODE	A97C	1	0.000000
OPCODE	A97D	1	0.000000
OPCODE	3F08	1	0.000000
OPCODE	3F13	1	0.000000
OPCODE	A981	1	0.000000
OPCODE	A982	1	0.000000
OPCODE	A983	1	0.000000
OPCODE	A98B	1	0.000000
OPCODE	A991	1	0.000000
OPCODE	41D3	1	0.000000
OPCODE	4253	1	0.000000
OPCODE	A9C8	1	0.000000
OPCODE	4647	1	0.000000
OPCODE	A9CE	1	0.000000
OPCODE	A9D2	1	0.000000
OPCODE	4294	1	0.000000
OPCODE	44FB	1	0.000000
OPCODE	AA07	1	0.000000
OPCODE	AA41	1	0.000000
OPCODE	AA08	1	0.000000
OPCODE	AA0D	1	0.000000
OPCODE	AA28	1	0.000000
OPCODE	AA0E	1	0.000000
OPCODE	AA24	1	0.000000
OPCODE	AA1E	1	0.000000
OPCODE	AA18	1	0.000000
OPCODE	B1EF	1	0.000000
OPCODE	381F	1	0.000000
OPCODE	382B	1	0.000000
OPCODE	382D	1	0.000000
OPCODE	3880	1	0.000000
OPCODE	A909	1	0.000000
OPCODE	B298	1	0.000000
OPCODE	396B	1	0.000000
OPCODE	3A1C	1	0.000000
OPCODE	A913	1	0.000000
OPCODE	3C05	1	0.000000
OPCODE	3C2A	1	0.000000
OPCODE	A92A	1	0.000000
OPCODE	A92D	1	0.000000
OPCODE	C27C	1	0.000000
OPCODE	A954	1	0.000000
OPCODE	A956	1	0.000000
OPCODE	3E01	1	0.000000
OPCODE	3E02	1	0.000000
OPCODE	3E04	1	0.000000
OPCODE	A958	1	0.000000
OPCODE	3E08	1	0.000000
OPCODE	A95F	1	0.000000
OPCODE	B102	1	0.000000
OPCODE	A969	1	0.000000
OPCODE	A96D	1	0.000000
OPCODE	A96E	1	0.000000
OPCODE	6138	1	0.000000
OPCODE	D96A	1	0.000000
OPCODE	D938	1	0.000000
OPCODE	7A0E	1	0.000000
OPCODE	20AB	1	0.000000
OPCODE	D884	1	0.000000
OPCODE	20E4	1	0.000000
OPCODE	6188	1	0.000000
OPCODE	617E	1	0.000000
OPCODE	216D	1	0.000000
OPCODE	D730	1	0.000000
OPCODE	7E07	1	0.000000
OPCODE	21C2	1	0.000000
OPCODE	7E27	1	0.000000
OPCODE	2064	1	0.000000
OPCODE	81C1	1	0.000000
OPCODE	2264	1	0.000000
OPCODE	8229	1	0.000000
OPCODE	82F8	1	0.000000
OPCODE	6090	1	0.000000
OPCODE	607A	1	0.000000
OPCODE	D3C3	1	0.000000
OPCODE	234B	1	0.000000
OPCODE	5E80	1	0.000000
OPCODE	2369	1	0.000000
OPCODE	D340	1	0.000000
OPCODE	237C	1	0.000000
OPCODE	8A40	1	0.000000
OPCODE	6322	1	0.000000
OPCODE	705B	1	0.000000
OPCODE	705C	1	0.000000
OPCODE	1413	1	0.000000
OPCODE	705D	1	0.000000
OPCODE	7068	1	0.000000
OPCODE	7085	1	0.000000
OPCODE	70C0	1	0.000000
OPCODE	E28C	1	0.000000
OPCODE	162A	1	0.000000
OPCODE	E18A	1	0.000000
OPCODE	6498	1	0.000000
OPCODE	E14F	1	0.000000
OPCODE	7245	1	0.000000
OPCODE	240B	1	0.000000
OPCODE	1C1B	1	0.000000
OPCODE	1C28	1	0.000000
OPCODE	622E	1	0.000000
OPCODE	622A	1	0.000000
OPCODE	1D6C	1	0.000000
OPCODE	6206	1	0.000000
OPCODE	760C	1	0.000000
OPCODE	61E6	1	0.000000
OPCODE	DBC3	1	0.000000
OPCODE	76F7	1	0.000000
OPCODE	780A	1	0.000000
OPCODE	D9C8	1	0.000000
OPCODE	D9C7	1	0.000000
OPCODE	93C1	1	0.000000
OPCODE	CFFC	1	0.000000
OPCODE	CEAC	1	0.000000
OPCODE	56EF	1	0.000000
OPCODE	2778	1	0.000000
OPCODE	CE46	1	0.000000
OPCODE	CE45	1	0.000000
OPCODE	CDFC	1	0.000000
OPCODE	56D8	1	0.000000
OPCODE	554C	1	0.000000
OPCODE	CC42	1	0.000000
OPCODE	CBC4	1	0.000000
OPCODE	5494	1	0.000000
OPCODE	548C	1	0.000000
OPCODE	2768	1	0.000000
OPCODE	C7C4	1	0.000000
OPCODE	C642	1	0.000000
OPCODE	2893	1	0.000000
OPCODE	5351	1	0.000000
OPCODE	966D	1	0.000000
OPCODE	2957	1	0.000000
OPCODE	96FC	1	0.000000
OPCODE	C3EE	1	0.000000
OPCODE	526F	1	0.000000
OPCODE	986B	1	0.000000
OPCODE	986D	1	0.000000
OPCODE	C342	1	0.000000
OPCODE	9A6A	1	0.000000
OPCODE	2610	1	0.000000
OPCODE	5D88	1	0.000000
OPCODE	5C89	1	0.000000
OPCODE	D294	1	0.000000
OPCODE	248B	1	0.000000
OPCODE	24A9	1	0.000000
OPCODE	D1D0	1	0.000000
OPCODE	D1C5	1	0.000000
OPCODE	5C47	1	0.000000
OPCODE	5BC6	1	0.000000
OPCODE	5BC2	1	0.000000
OPCODE	255F	1	0.000000
OPCODE	5BC0	1	0.000000
OPCODE	D154	1	0.000000
OPCODE	E38D	1	0.000000
OPCODE	2629	1	0.000000
OPCODE	908B	1	0.000000
OPCODE	9093	1	0.000000
OPCODE	5948	1	0.000000
OPCODE	2657	1	0.000000
OPCODE	90AA	1	0.000000
OPCODE	2670	1	0.000000
OPCODE	90C0	1	0.000000
OPCODE	9154	1	0.000000
OPCODE	26AE	1	0.000000
OPCODE	584A	1	0.000000
OPCODE	2752	1	0.000000
