[23:09:03] Full compile (quartus_sh --flow compile MacQuadra800)
Info: *******************************************************************
Info: Running Quartus Prime Shell
    Info: Version 17.0.2 Build 602 07/19/2017 SJ Lite Edition
    Info: Copyright (C) 2017  Intel Corporation. All rights reserved.
    Info: Your use of Intel Corporation's design tools, logic functions 
    Info: and other software and tools, and its AMPP partner logic 
    Info: functions, and any output files from any of the foregoing 
    Info: (including device programming or simulation files), and any 
    Info: associated documentation or information are expressly subject 
    Info: to the terms and conditions of the Intel Program License 
    Info: Subscription Agreement, the Intel Quartus Prime License Agreement,
    Info: the Intel MegaCore Function License Agreement, or other 
    Info: applicable license agreement, including, without limitation, 
    Info: that your use is for the sole purpose of programming logic 
    Info: devices manufactured by Intel and sold by Intel or its 
    Info: authorized distributors.  Please refer to the applicable 
    Info: agreement for further details.
    Info: Processing started: Sun Sep 27 23:09:03 2026
Info: Command: quartus_sh --flow compile MacQuadra800
Info: Quartus(args): compile MacQuadra800
Info: Project Name = /home/alans/mister/MacQuadra800_MiSTer/scratch/fpu_normal_single_move_quartus_20260928_seed27/tree/MacQuadra800
Info: Revision Name = MacQuadra800
Info: *******************************************************************
Info: Running Quartus Prime Shell
    Info: Version 17.0.2 Build 602 07/19/2017 SJ Lite Edition
    Info: Processing started: Sun Sep 27 23:09:04 2026
Info: Command: quartus_sh -t sys/build_id.tcl compile MacQuadra800 MacQuadra800
Info: Quartus(args): compile MacQuadra800 MacQuadra800
Info: Generated: /home/alans/mister/MacQuadra800_MiSTer/scratch/fpu_normal_single_move_quartus_20260928_seed27/tree/build_id.v: `define BUILD_DATE "260927"
Info (23030): Evaluation of Tcl script sys/build_id.tcl was successful
Info: Quartus Prime Shell was successful. 0 errors, 0 warnings
    Info: Peak virtual memory: 753 megabytes
    Info: Processing ended: Sun Sep 27 23:09:04 2026
    Info: Elapsed time: 00:00:00
    Info: Total CPU time (on all processors): 00:00:00
Info: *******************************************************************
Info: Running Quartus Prime Analysis & Synthesis
    Info: Version 17.0.2 Build 602 07/19/2017 SJ Lite Edition
    Info: Processing started: Sun Sep 27 23:09:05 2026
Info: Command: quartus_map --read_settings_files=on --write_settings_files=off MacQuadra800 -c MacQuadra800
Info (20030): Parallel compilation is enabled and will use 8 of the 8 processors detected
Info (12021): Found 1 design units, including 1 entities, in source file sys/pll_hdmi.v
    Info (12023): Found entity 1: pll_hdmi File: /home/alans/mister/MacQuadra800_MiSTer/scratch/fpu_normal_single_move_quartus_20260928_seed27/tree/sys/pll_hdmi.v Line: 8
Info (12021): Found 1 design units, including 1 entities, in source file sys/pll_hdmi/pll_hdmi_0002.v
    Info (12023): Found entity 1: pll_hdmi_0002 File: /home/alans/mister/MacQuadra800_MiSTer/scratch/fpu_normal_single_move_quartus_20260928_seed27/tree/sys/pll_hdmi/pll_hdmi_0002.v Line: 2
Info (12021): Found 1 design units, including 1 entities, in source file sys/pll_audio.v
    Info (12023): Found entity 1: pll_audio File: /home/alans/mister/MacQuadra800_MiSTer/scratch/fpu_normal_single_move_quartus_20260928_seed27/tree/sys/pll_audio.v Line: 8
Info (12021): Found 1 design units, including 1 entities, in source file sys/pll_audio/pll_audio_0002.v
    Info (12023): Found entity 1: pll_audio_0002 File: /home/alans/mister/MacQuadra800_MiSTer/scratch/fpu_normal_single_move_quartus_20260928_seed27/tree/sys/pll_audio/pll_audio_0002.v Line: 2
Info (12021): Found 1 design units, including 1 entities, in source file sys/pll_cfg/pll_cfg.v
    Info (12023): Found entity 1: pll_cfg File: /home/alans/mister/MacQuadra800_MiSTer/scratch/fpu_normal_single_move_quartus_20260928_seed27/tree/sys/pll_cfg/pll_cfg.v Line: 8
Info (12021): Found 1 design units, including 1 entities, in source file sys/pll_cfg/pll_cfg_hdmi.v
    Info (12023): Found entity 1: pll_cfg_hdmi File: /home/alans/mister/MacQuadra800_MiSTer/scratch/fpu_normal_single_move_quartus_20260928_seed27/tree/sys/pll_cfg/pll_cfg_hdmi.v Line: 16
Info (12021): Found 1 design units, including 1 entities, in source file sys/pll_cfg/altera_pll_reconfig_top.v
    Info (12023): Found entity 1: altera_pll_reconfig_top File: /home/alans/mister/MacQuadra800_MiSTer/scratch/fpu_normal_single_move_quartus_20260928_seed27/tree/sys/pll_cfg/altera_pll_reconfig_top.v Line: 16
Info (12021): Found 3 design units, including 3 entities, in source file sys/sys_top.v
    Info (12023): Found entity 1: sys_top File: /home/alans/mister/MacQuadra800_MiSTer/scratch/fpu_normal_single_move_quartus_20260928_seed27/tree/sys/sys_top.v Line: 22
    Info (12023): Found entity 2: sync_fix File: /home/alans/mister/MacQuadra800_MiSTer/scratch/fpu_normal_single_move_quartus_20260928_seed27/tree/sys/sys_top.v Line: 1936
    Info (12023): Found entity 3: csync File: /home/alans/mister/MacQuadra800_MiSTer/scratch/fpu_normal_single_move_quartus_20260928_seed27/tree/sys/sys_top.v Line: 1968
Info (12021): Found 2 design units, including 1 entities, in source file sys/ascal.vhd
    Info (12022): Found design unit 1: ascal-rtl File: /home/alans/mister/MacQuadra800_MiSTer/scratch/fpu_normal_single_move_quartus_20260928_seed27/tree/sys/ascal.vhd Line: 269
    Info (12023): Found entity 1: ascal File: /home/alans/mister/MacQuadra800_MiSTer/scratch/fpu_normal_single_move_quartus_20260928_seed27/tree/sys/ascal.vhd Line: 114
Info (12021): Found 2 design units, including 1 entities, in source file sys/pll_hdmi_adj.vhd
    Info (12022): Found design unit 1: pll_hdmi_adj-rtl File: /home/alans/mister/MacQuadra800_MiSTer/scratch/fpu_normal_single_move_quartus_20260928_seed27/tree/sys/pll_hdmi_adj.vhd Line: 53
    Info (12023): Found entity 1: pll_hdmi_adj File: /home/alans/mister/MacQuadra800_MiSTer/scratch/fpu_normal_single_move_quartus_20260928_seed27/tree/sys/pll_hdmi_adj.vhd Line: 21
Info (12021): Found 3 design units, including 3 entities, in source file sys/math.sv
    Info (12023): Found entity 1: sys_udiv File: /home/alans/mister/MacQuadra800_MiSTer/scratch/fpu_normal_single_move_quartus_20260928_seed27/tree/sys/math.sv Line: 3
    Info (12023): Found entity 2: sys_umul File: /home/alans/mister/MacQuadra800_MiSTer/scratch/fpu_normal_single_move_quartus_20260928_seed27/tree/sys/math.sv Line: 46
    Info (12023): Found entity 3: sys_umuldiv File: /home/alans/mister/MacQuadra800_MiSTer/scratch/fpu_normal_single_move_quartus_20260928_seed27/tree/sys/math.sv Line: 85
Info (12021): Found 5 design units, including 5 entities, in source file sys/hq2x.sv
    Info (12023): Found entity 1: Hq2x File: /home/alans/mister/MacQuadra800_MiSTer/scratch/fpu_normal_single_move_quartus_20260928_seed27/tree/sys/hq2x.sv Line: 13
    Info (12023): Found entity 2: hq2x_in File: /home/alans/mister/MacQuadra800_MiSTer/scratch/fpu_normal_single_move_quartus_20260928_seed27/tree/sys/hq2x.sv Line: 226
    Info (12023): Found entity 3: hq2x_buf File: /home/alans/mister/MacQuadra800_MiSTer/scratch/fpu_normal_single_move_quartus_20260928_seed27/tree/sys/hq2x.sv Line: 250
    Info (12023): Found entity 4: DiffCheck File: /home/alans/mister/MacQuadra800_MiSTer/scratch/fpu_normal_single_move_quartus_20260928_seed27/tree/sys/hq2x.sv Line: 271
    Info (12023): Found entity 5: Blend File: /home/alans/mister/MacQuadra800_MiSTer/scratch/fpu_normal_single_move_quartus_20260928_seed27/tree/sys/hq2x.sv Line: 298
Info (12021): Found 1 design units, including 1 entities, in source file sys/scandoubler.v
    Info (12023): Found entity 1: scandoubler File: /home/alans/mister/MacQuadra800_MiSTer/scratch/fpu_normal_single_move_quartus_20260928_seed27/tree/sys/scandoubler.v Line: 22
Info (12021): Found 1 design units, including 1 entities, in source file sys/scanlines.v
    Info (12023): Found entity 1: scanlines File: /home/alans/mister/MacQuadra800_MiSTer/scratch/fpu_normal_single_move_quartus_20260928_seed27/tree/sys/scanlines.v Line: 1
Info (12021): Found 1 design units, including 1 entities, in source file sys/shadowmask.sv
    Info (12023): Found entity 1: shadowmask File: /home/alans/mister/MacQuadra800_MiSTer/scratch/fpu_normal_single_move_quartus_20260928_seed27/tree/sys/shadowmask.sv Line: 1
Info (12021): Found 2 design units, including 2 entities, in source file sys/video_cleaner.sv
    Info (12023): Found entity 1: video_cleaner File: /home/alans/mister/MacQuadra800_MiSTer/scratch/fpu_normal_single_move_quartus_20260928_seed27/tree/sys/video_cleaner.sv Line: 12
    Info (12023): Found entity 2: s_fix File: /home/alans/mister/MacQuadra800_MiSTer/scratch/fpu_normal_single_move_quartus_20260928_seed27/tree/sys/video_cleaner.sv Line: 81
Info (12021): Found 2 design units, including 2 entities, in source file sys/gamma_corr.sv
    Info (12023): Found entity 1: gamma_corr File: /home/alans/mister/MacQuadra800_MiSTer/scratch/fpu_normal_single_move_quartus_20260928_seed27/tree/sys/gamma_corr.sv Line: 1
    Info (12023): Found entity 2: gamma_fast File: /home/alans/mister/MacQuadra800_MiSTer/scratch/fpu_normal_single_move_quartus_20260928_seed27/tree/sys/gamma_corr.sv Line: 62
Info (12021): Found 1 design units, including 1 entities, in source file sys/video_mixer.sv
    Info (12023): Found entity 1: video_mixer File: /home/alans/mister/MacQuadra800_MiSTer/scratch/fpu_normal_single_move_quartus_20260928_seed27/tree/sys/video_mixer.sv Line: 19
Info (12021): Found 2 design units, including 2 entities, in source file sys/video_freak.sv
    Info (12023): Found entity 1: video_freak File: /home/alans/mister/MacQuadra800_MiSTer/scratch/fpu_normal_single_move_quartus_20260928_seed27/tree/sys/video_freak.sv Line: 16
    Info (12023): Found entity 2: video_scale_int File: /home/alans/mister/MacQuadra800_MiSTer/scratch/fpu_normal_single_move_quartus_20260928_seed27/tree/sys/video_freak.sv Line: 141
Info (12021): Found 2 design units, including 2 entities, in source file sys/video_freezer.sv
    Info (12023): Found entity 1: video_freezer File: /home/alans/mister/MacQuadra800_MiSTer/scratch/fpu_normal_single_move_quartus_20260928_seed27/tree/sys/video_freezer.sv Line: 21
    Info (12023): Found entity 2: sync_lock File: /home/alans/mister/MacQuadra800_MiSTer/scratch/fpu_normal_single_move_quartus_20260928_seed27/tree/sys/video_freezer.sv Line: 80
Info (12021): Found 2 design units, including 2 entities, in source file sys/arcade_video.v
    Info (12023): Found entity 1: arcade_video File: /home/alans/mister/MacQuadra800_MiSTer/scratch/fpu_normal_single_move_quartus_20260928_seed27/tree/sys/arcade_video.v Line: 29
    Info (12023): Found entity 2: screen_rotate File: /home/alans/mister/MacQuadra800_MiSTer/scratch/fpu_normal_single_move_quartus_20260928_seed27/tree/sys/arcade_video.v Line: 168
Info (12021): Found 1 design units, including 1 entities, in source file sys/osd.v
    Info (12023): Found entity 1: osd File: /home/alans/mister/MacQuadra800_MiSTer/scratch/fpu_normal_single_move_quartus_20260928_seed27/tree/sys/osd.v Line: 4
Info (12021): Found 1 design units, including 1 entities, in source file sys/vga_out.sv
    Info (12023): Found entity 1: vga_out File: /home/alans/mister/MacQuadra800_MiSTer/scratch/fpu_normal_single_move_quartus_20260928_seed27/tree/sys/vga_out.sv Line: 2
Info (12021): Found 1 design units, including 1 entities, in source file sys/yc_out.sv
    Info (12023): Found entity 1: yc_out File: /home/alans/mister/MacQuadra800_MiSTer/scratch/fpu_normal_single_move_quartus_20260928_seed27/tree/sys/yc_out.sv Line: 27
Info (12021): Found 1 design units, including 1 entities, in source file sys/i2c.v
    Info (12023): Found entity 1: i2c File: /home/alans/mister/MacQuadra800_MiSTer/scratch/fpu_normal_single_move_quartus_20260928_seed27/tree/sys/i2c.v Line: 2
Info (12021): Found 1 design units, including 1 entities, in source file sys/alsa.sv
    Info (12023): Found entity 1: alsa File: /home/alans/mister/MacQuadra800_MiSTer/scratch/fpu_normal_single_move_quartus_20260928_seed27/tree/sys/alsa.sv Line: 22
Info (12021): Found 1 design units, including 1 entities, in source file sys/i2s.v
    Info (12023): Found entity 1: i2s File: /home/alans/mister/MacQuadra800_MiSTer/scratch/fpu_normal_single_move_quartus_20260928_seed27/tree/sys/i2s.v Line: 2
Info (12021): Found 1 design units, including 1 entities, in source file sys/spdif.v
    Info (12023): Found entity 1: spdif File: /home/alans/mister/MacQuadra800_MiSTer/scratch/fpu_normal_single_move_quartus_20260928_seed27/tree/sys/spdif.v Line: 33
Info (12021): Found 2 design units, including 2 entities, in source file sys/audio_out.sv
    Info (12023): Found entity 1: audio_out File: /home/alans/mister/MacQuadra800_MiSTer/scratch/fpu_normal_single_move_quartus_20260928_seed27/tree/sys/audio_out.sv Line: 22
    Info (12023): Found entity 2: aud_mix_top File: /home/alans/mister/MacQuadra800_MiSTer/scratch/fpu_normal_single_move_quartus_20260928_seed27/tree/sys/audio_out.sv Line: 306
Info (12021): Found 3 design units, including 3 entities, in source file sys/iir_filter.v
    Info (12023): Found entity 1: IIR_filter File: /home/alans/mister/MacQuadra800_MiSTer/scratch/fpu_normal_single_move_quartus_20260928_seed27/tree/sys/iir_filter.v Line: 22
    Info (12023): Found entity 2: iir_filter_tap File: /home/alans/mister/MacQuadra800_MiSTer/scratch/fpu_normal_single_move_quartus_20260928_seed27/tree/sys/iir_filter.v Line: 148
    Info (12023): Found entity 3: DC_blocker File: /home/alans/mister/MacQuadra800_MiSTer/scratch/fpu_normal_single_move_quartus_20260928_seed27/tree/sys/iir_filter.v Line: 189
Info (12021): Found 2 design units, including 2 entities, in source file sys/ltc2308.sv
    Info (12023): Found entity 1: ltc2308 File: /home/alans/mister/MacQuadra800_MiSTer/scratch/fpu_normal_single_move_quartus_20260928_seed27/tree/sys/ltc2308.sv Line: 28
    Info (12023): Found entity 2: ltc2308_tape File: /home/alans/mister/MacQuadra800_MiSTer/scratch/fpu_normal_single_move_quartus_20260928_seed27/tree/sys/ltc2308.sv Line: 105
Info (12021): Found 1 design units, including 1 entities, in source file sys/sigma_delta_dac.v
    Info (12023): Found entity 1: sigma_delta_dac File: /home/alans/mister/MacQuadra800_MiSTer/scratch/fpu_normal_single_move_quartus_20260928_seed27/tree/sys/sigma_delta_dac.v Line: 6
Info (12021): Found 1 design units, including 1 entities, in source file sys/mt32pi.sv
    Info (12023): Found entity 1: mt32pi File: /home/alans/mister/MacQuadra800_MiSTer/scratch/fpu_normal_single_move_quartus_20260928_seed27/tree/sys/mt32pi.sv Line: 8
Info (12021): Found 1 design units, including 1 entities, in source file sys/mcp23009.sv
    Info (12023): Found entity 1: mcp23009 File: /home/alans/mister/MacQuadra800_MiSTer/scratch/fpu_normal_single_move_quartus_20260928_seed27/tree/sys/mcp23009.sv Line: 5
Info (12021): Found 1 design units, including 1 entities, in source file sys/f2sdram_safe_terminator.sv
    Info (12023): Found entity 1: f2sdram_safe_terminator File: /home/alans/mister/MacQuadra800_MiSTer/scratch/fpu_normal_single_move_quartus_20260928_seed27/tree/sys/f2sdram_safe_terminator.sv Line: 55
Info (12021): Found 1 design units, including 1 entities, in source file sys/ddr_svc.sv
    Info (12023): Found entity 1: ddr_svc File: /home/alans/mister/MacQuadra800_MiSTer/scratch/fpu_normal_single_move_quartus_20260928_seed27/tree/sys/ddr_svc.sv Line: 23
Info (12021): Found 2 design units, including 2 entities, in source file sys/sysmem.sv
    Info (12023): Found entity 1: sysmem_lite File: /home/alans/mister/MacQuadra800_MiSTer/scratch/fpu_normal_single_move_quartus_20260928_seed27/tree/sys/sysmem.sv Line: 2
    Info (12023): Found entity 2: sysmem_HPS_fpga_interfaces File: /home/alans/mister/MacQuadra800_MiSTer/scratch/fpu_normal_single_move_quartus_20260928_seed27/tree/sys/sysmem.sv Line: 241
Info (12021): Found 1 design units, including 1 entities, in source file sys/sd_card.sv
    Info (12023): Found entity 1: sd_card File: /home/alans/mister/MacQuadra800_MiSTer/scratch/fpu_normal_single_move_quartus_20260928_seed27/tree/sys/sd_card.sv Line: 28
Info (12021): Found 4 design units, including 4 entities, in source file sys/hps_io.sv
    Info (12023): Found entity 1: hps_io File: /home/alans/mister/MacQuadra800_MiSTer/scratch/fpu_normal_single_move_quartus_20260928_seed27/tree/sys/hps_io.sv Line: 35
    Info (12023): Found entity 2: ps2_device File: /home/alans/mister/MacQuadra800_MiSTer/scratch/fpu_normal_single_move_quartus_20260928_seed27/tree/sys/hps_io.sv Line: 717
    Info (12023): Found entity 3: video_calc File: /home/alans/mister/MacQuadra800_MiSTer/scratch/fpu_normal_single_move_quartus_20260928_seed27/tree/sys/hps_io.sv Line: 860
    Info (12023): Found entity 4: confstr_rom File: /home/alans/mister/MacQuadra800_MiSTer/scratch/fpu_normal_single_move_quartus_20260928_seed27/tree/sys/hps_io.sv Line: 1039
Info (12021): Found 1 design units, including 1 entities, in source file rtl/pll.v
    Info (12023): Found entity 1: pll File: /home/alans/mister/MacQuadra800_MiSTer/scratch/fpu_normal_single_move_quartus_20260928_seed27/tree/rtl/pll.v Line: 8
Info (12021): Found 1 design units, including 1 entities, in source file rtl/pll/pll_0002.v
    Info (12023): Found entity 1: pll_0002 File: /home/alans/mister/MacQuadra800_MiSTer/scratch/fpu_normal_single_move_quartus_20260928_seed27/tree/rtl/pll/pll_0002.v Line: 2
Warning (10259): Verilog HDL error at MacQuadra800.sv(757): constant value overflow File: /home/alans/mister/MacQuadra800_MiSTer/scratch/fpu_normal_single_move_quartus_20260928_seed27/tree/MacQuadra800.sv Line: 757
Warning (10259): Verilog HDL error at MacQuadra800.sv(759): constant value overflow File: /home/alans/mister/MacQuadra800_MiSTer/scratch/fpu_normal_single_move_quartus_20260928_seed27/tree/MacQuadra800.sv Line: 759
Info (12021): Found 1 design units, including 1 entities, in source file MacQuadra800.sv
    Info (12023): Found entity 1: emu File: /home/alans/mister/MacQuadra800_MiSTer/scratch/fpu_normal_single_move_quartus_20260928_seed27/tree/MacQuadra800.sv Line: 27
Info (12021): Found 1 design units, including 1 entities, in source file rtl/ap68040/rtl/ap040_regfile.v
    Info (12023): Found entity 1: ap040_regfile File: /home/alans/mister/MacQuadra800_MiSTer/scratch/fpu_normal_single_move_quartus_20260928_seed27/tree/rtl/ap68040/rtl/ap040_regfile.v Line: 15
Info (12021): Found 1 design units, including 1 entities, in source file rtl/ap68040/rtl/ap040_alu.v
    Info (12023): Found entity 1: ap040_alu File: /home/alans/mister/MacQuadra800_MiSTer/scratch/fpu_normal_single_move_quartus_20260928_seed27/tree/rtl/ap68040/rtl/ap040_alu.v Line: 22
Info (12021): Found 1 design units, including 1 entities, in source file rtl/ap68040/rtl/ap040_muldiv.v
    Info (12023): Found entity 1: ap040_muldiv File: /home/alans/mister/MacQuadra800_MiSTer/scratch/fpu_normal_single_move_quartus_20260928_seed27/tree/rtl/ap68040/rtl/ap040_muldiv.v Line: 22
Info (12021): Found 1 design units, including 1 entities, in source file rtl/ap68040/rtl/ap040_bus16_adapter.v
    Info (12023): Found entity 1: ap040_bus16_adapter File: /home/alans/mister/MacQuadra800_MiSTer/scratch/fpu_normal_single_move_quartus_20260928_seed27/tree/rtl/ap68040/rtl/ap040_bus16_adapter.v Line: 29
Info (12021): Found 1 design units, including 1 entities, in source file rtl/ap68040/rtl/ap040_bus_timeout.v
    Info (12023): Found entity 1: ap040_bus_timeout File: /home/alans/mister/MacQuadra800_MiSTer/scratch/fpu_normal_single_move_quartus_20260928_seed27/tree/rtl/ap68040/rtl/ap040_bus_timeout.v Line: 5
Warning (10335): Unrecognized synthesis attribute "async_reg" at rtl/ap68040/rtl/ap040_walker_cdc.v(48) File: /home/alans/mister/MacQuadra800_MiSTer/scratch/fpu_normal_single_move_quartus_20260928_seed27/tree/rtl/ap68040/rtl/ap040_walker_cdc.v Line: 48
Warning (10335): Unrecognized synthesis attribute "async_reg" at rtl/ap68040/rtl/ap040_walker_cdc.v(49) File: /home/alans/mister/MacQuadra800_MiSTer/scratch/fpu_normal_single_move_quartus_20260928_seed27/tree/rtl/ap68040/rtl/ap040_walker_cdc.v Line: 49
Warning (10335): Unrecognized synthesis attribute "async_reg" at rtl/ap68040/rtl/ap040_walker_cdc.v(112) File: /home/alans/mister/MacQuadra800_MiSTer/scratch/fpu_normal_single_move_quartus_20260928_seed27/tree/rtl/ap68040/rtl/ap040_walker_cdc.v Line: 112
Info (12021): Found 1 design units, including 1 entities, in source file rtl/ap68040/rtl/ap040_walker_cdc.v
    Info (12023): Found entity 1: ap040_walker_cdc File: /home/alans/mister/MacQuadra800_MiSTer/scratch/fpu_normal_single_move_quartus_20260928_seed27/tree/rtl/ap68040/rtl/ap040_walker_cdc.v Line: 10
Info (12021): Found 1 design units, including 1 entities, in source file rtl/ap68040/rtl/ap040_mmu.v
    Info (12023): Found entity 1: ap040_mmu File: /home/alans/mister/MacQuadra800_MiSTer/scratch/fpu_normal_single_move_quartus_20260928_seed27/tree/rtl/ap68040/rtl/ap040_mmu.v Line: 28
Info (12021): Found 1 design units, including 1 entities, in source file rtl/ap68040/rtl/ap040_cache.v
    Info (12023): Found entity 1: ap040_cache File: /home/alans/mister/MacQuadra800_MiSTer/scratch/fpu_normal_single_move_quartus_20260928_seed27/tree/rtl/ap68040/rtl/ap040_cache.v Line: 26
Info (12021): Found 2 design units, including 2 entities, in source file rtl/ap68040/rtl/ap040_fpu.v
    Info (12023): Found entity 1: ap040_fpu File: /home/alans/mister/MacQuadra800_MiSTer/scratch/fpu_normal_single_move_quartus_20260928_seed27/tree/rtl/ap68040/rtl/ap040_fpu.v Line: 32
    Info (12023): Found entity 2: ap040_fp_regfile File: /home/alans/mister/MacQuadra800_MiSTer/scratch/fpu_normal_single_move_quartus_20260928_seed27/tree/rtl/ap68040/rtl/ap040_fpu.v Line: 2380
Info (12021): Found 1 design units, including 1 entities, in source file rtl/ap68040/rtl/ap040_core.v
    Info (12023): Found entity 1: ap040_core File: /home/alans/mister/MacQuadra800_MiSTer/scratch/fpu_normal_single_move_quartus_20260928_seed27/tree/rtl/ap68040/rtl/ap040_core.v Line: 33
Info (12021): Found 1 design units, including 1 entities, in source file rtl/ap68040/rtl/ap040_tg68k_compat.v
    Info (12023): Found entity 1: ap040_tg68k_compat File: /home/alans/mister/MacQuadra800_MiSTer/scratch/fpu_normal_single_move_quartus_20260928_seed27/tree/rtl/ap68040/rtl/ap040_tg68k_compat.v Line: 15
Info (12021): Found 1 design units, including 1 entities, in source file rtl/ap68040/experimental/ap040_pipeline_integer.sv
    Info (12023): Found entity 1: ap040_pipeline_integer File: /home/alans/mister/MacQuadra800_MiSTer/scratch/fpu_normal_single_move_quartus_20260928_seed27/tree/rtl/ap68040/experimental/ap040_pipeline_integer.sv Line: 4
Info (12021): Found 1 design units, including 1 entities, in source file rtl/wombat_cpu.sv
    Info (12023): Found entity 1: wombat_cpu File: /home/alans/mister/MacQuadra800_MiSTer/scratch/fpu_normal_single_move_quartus_20260928_seed27/tree/rtl/wombat_cpu.sv Line: 21
Info (12021): Found 1 design units, including 1 entities, in source file rtl/wombat_store_buffer.sv
    Info (12023): Found entity 1: wombat_store_buffer File: /home/alans/mister/MacQuadra800_MiSTer/scratch/fpu_normal_single_move_quartus_20260928_seed27/tree/rtl/wombat_store_buffer.sv Line: 18
Info (12021): Found 1 design units, including 1 entities, in source file rtl/wombat_bus32.sv
    Info (12023): Found entity 1: wombat_bus32 File: /home/alans/mister/MacQuadra800_MiSTer/scratch/fpu_normal_single_move_quartus_20260928_seed27/tree/rtl/wombat_bus32.sv Line: 17
Info (12021): Found 1 design units, including 1 entities, in source file rtl/quadra800.sv
    Info (12023): Found entity 1: quadra800 File: /home/alans/mister/MacQuadra800_MiSTer/scratch/fpu_normal_single_move_quartus_20260928_seed27/tree/rtl/quadra800.sv Line: 25
Info (12021): Found 1 design units, including 1 entities, in source file rtl/iosb.sv
    Info (12023): Found entity 1: iosb File: /home/alans/mister/MacQuadra800_MiSTer/scratch/fpu_normal_single_move_quartus_20260928_seed27/tree/rtl/iosb.sv Line: 15
Info (12021): Found 1 design units, including 1 entities, in source file rtl/via6522.sv
    Info (12023): Found entity 1: via6522 File: /home/alans/mister/MacQuadra800_MiSTer/scratch/fpu_normal_single_move_quartus_20260928_seed27/tree/rtl/via6522.sv Line: 16
Info (12021): Found 2 design units, including 2 entities, in source file rtl/dafb.sv
    Info (12023): Found entity 1: dafb File: /home/alans/mister/MacQuadra800_MiSTer/scratch/fpu_normal_single_move_quartus_20260928_seed27/tree/rtl/dafb.sv Line: 27
    Info (12023): Found entity 2: dafb_clut File: /home/alans/mister/MacQuadra800_MiSTer/scratch/fpu_normal_single_move_quartus_20260928_seed27/tree/rtl/dafb.sv Line: 444
Info (12021): Found 1 design units, including 1 entities, in source file rtl/rtc3430042.sv
    Info (12023): Found entity 1: rtc3430042 File: /home/alans/mister/MacQuadra800_MiSTer/scratch/fpu_normal_single_move_quartus_20260928_seed27/tree/rtl/rtc3430042.sv Line: 13
Info (12021): Found 2 design units, including 2 entities, in source file rtl/easc.sv
    Info (12023): Found entity 1: easc File: /home/alans/mister/MacQuadra800_MiSTer/scratch/fpu_normal_single_move_quartus_20260928_seed27/tree/rtl/easc.sv Line: 67
    Info (12023): Found entity 2: easc_bank File: /home/alans/mister/MacQuadra800_MiSTer/scratch/fpu_normal_single_move_quartus_20260928_seed27/tree/rtl/easc.sv Line: 439
Info (12021): Found 2 design units, including 2 entities, in source file rtl/ncr53c96.sv
    Info (12023): Found entity 1: ncr53c96 File: /home/alans/mister/MacQuadra800_MiSTer/scratch/fpu_normal_single_move_quartus_20260928_seed27/tree/rtl/ncr53c96.sv Line: 64
    Info (12023): Found entity 2: ncr_sbuf File: /home/alans/mister/MacQuadra800_MiSTer/scratch/fpu_normal_single_move_quartus_20260928_seed27/tree/rtl/ncr53c96.sv Line: 1834
Info (12021): Found 2 design units, including 2 entities, in source file rtl/cd_audio.sv
    Info (12023): Found entity 1: cd_audio File: /home/alans/mister/MacQuadra800_MiSTer/scratch/fpu_normal_single_move_quartus_20260928_seed27/tree/rtl/cd_audio.sv Line: 45
    Info (12023): Found entity 2: cd_sdp File: /home/alans/mister/MacQuadra800_MiSTer/scratch/fpu_normal_single_move_quartus_20260928_seed27/tree/rtl/cd_audio.sv Line: 496
Info (12021): Found 1 design units, including 1 entities, in source file rtl/sonic_mbx.sv
    Info (12023): Found entity 1: sonic_mbx File: /home/alans/mister/MacQuadra800_MiSTer/scratch/fpu_normal_single_move_quartus_20260928_seed27/tree/rtl/sonic_mbx.sv Line: 62
Info (12021): Found 1 design units, including 1 entities, in source file rtl/scsi_cache.sv
    Info (12023): Found entity 1: scsi_cache File: /home/alans/mister/MacQuadra800_MiSTer/scratch/fpu_normal_single_move_quartus_20260928_seed27/tree/rtl/scsi_cache.sv Line: 51
Info (12021): Found 1 design units, including 1 entities, in source file rtl/adb.sv
    Info (12023): Found entity 1: adb File: /home/alans/mister/MacQuadra800_MiSTer/scratch/fpu_normal_single_move_quartus_20260928_seed27/tree/rtl/adb.sv Line: 16
Info (12021): Found 1 design units, including 1 entities, in source file rtl/dpram.v
    Info (12023): Found entity 1: dpram File: /home/alans/mister/MacQuadra800_MiSTer/scratch/fpu_normal_single_move_quartus_20260928_seed27/tree/rtl/dpram.v Line: 36
Info (12021): Found 1 design units, including 1 entities, in source file rtl/sdram.sv
    Info (12023): Found entity 1: sdram File: /home/alans/mister/MacQuadra800_MiSTer/scratch/fpu_normal_single_move_quartus_20260928_seed27/tree/rtl/sdram.sv Line: 30
Info (12021): Found 1 design units, including 1 entities, in source file rtl/pll_video.v
    Info (12023): Found entity 1: pll_video File: /home/alans/mister/MacQuadra800_MiSTer/scratch/fpu_normal_single_move_quartus_20260928_seed27/tree/rtl/pll_video.v Line: 38
Warning (10885): Verilog HDL Attribute warning at scc.v(181): synthesis attribute "keep" with value "1" has no object and is ignored File: /home/alans/mister/MacQuadra800_MiSTer/scratch/fpu_normal_single_move_quartus_20260928_seed27/tree/rtl/scc.v Line: 181
Info (12021): Found 1 design units, including 1 entities, in source file rtl/scc.v
    Info (12023): Found entity 1: scc File: /home/alans/mister/MacQuadra800_MiSTer/scratch/fpu_normal_single_move_quartus_20260928_seed27/tree/rtl/scc.v Line: 18
Info (12021): Found 1 design units, including 1 entities, in source file rtl/uart/txuart.v
    Info (12023): Found entity 1: txuart File: /home/alans/mister/MacQuadra800_MiSTer/scratch/fpu_normal_single_move_quartus_20260928_seed27/tree/rtl/uart/txuart.v Line: 99
Info (12021): Found 1 design units, including 1 entities, in source file rtl/uart/rxuart.v
    Info (12023): Found entity 1: rxuart File: /home/alans/mister/MacQuadra800_MiSTer/scratch/fpu_normal_single_move_quartus_20260928_seed27/tree/rtl/uart/rxuart.v Line: 120
Info (12021): Found 1 design units, including 1 entities, in source file rtl/sdram_beat32.sv
    Info (12023): Found entity 1: sdram_beat32 File: /home/alans/mister/MacQuadra800_MiSTer/scratch/fpu_normal_single_move_quartus_20260928_seed27/tree/rtl/sdram_beat32.sv Line: 48
Info (12127): Elaborating entity "sys_top" for the top level hierarchy
Info (12128): Elaborating entity "mcp23009" for hierarchy "mcp23009:mcp23009" File: /home/alans/mister/MacQuadra800_MiSTer/scratch/fpu_normal_single_move_quartus_20260928_seed27/tree/sys/sys_top.v Line: 175
Info (12128): Elaborating entity "i2c" for hierarchy "mcp23009:mcp23009|i2c:i2c" File: /home/alans/mister/MacQuadra800_MiSTer/scratch/fpu_normal_single_move_quartus_20260928_seed27/tree/sys/mcp23009.sv Line: 41
Info (12128): Elaborating entity "sysmem_lite" for hierarchy "sysmem_lite:sysmem" File: /home/alans/mister/MacQuadra800_MiSTer/scratch/fpu_normal_single_move_quartus_20260928_seed27/tree/sys/sys_top.v Line: 654
Info (12128): Elaborating entity "f2sdram_safe_terminator" for hierarchy "sysmem_lite:sysmem|f2sdram_safe_terminator:f2sdram_safe_terminator_ram1" File: /home/alans/mister/MacQuadra800_MiSTer/scratch/fpu_normal_single_move_quartus_20260928_seed27/tree/sys/sysmem.sv Line: 91
Info (12128): Elaborating entity "f2sdram_safe_terminator" for hierarchy "sysmem_lite:sysmem|f2sdram_safe_terminator:f2sdram_safe_terminator_vbuf" File: /home/alans/mister/MacQuadra800_MiSTer/scratch/fpu_normal_single_move_quartus_20260928_seed27/tree/sys/sysmem.sv Line: 183
Info (12128): Elaborating entity "sysmem_HPS_fpga_interfaces" for hierarchy "sysmem_lite:sysmem|sysmem_HPS_fpga_interfaces:fpga_interfaces" File: /home/alans/mister/MacQuadra800_MiSTer/scratch/fpu_normal_single_move_quartus_20260928_seed27/tree/sys/sysmem.sv Line: 223
Info (12128): Elaborating entity "ddr_svc" for hierarchy "ddr_svc:ddr_svc" File: /home/alans/mister/MacQuadra800_MiSTer/scratch/fpu_normal_single_move_quartus_20260928_seed27/tree/sys/sys_top.v Line: 695
Info (12128): Elaborating entity "ascal" for hierarchy "ascal:ascal" File: /home/alans/mister/MacQuadra800_MiSTer/scratch/fpu_normal_single_move_quartus_20260928_seed27/tree/sys/sys_top.v Line: 838
Info (19000): Inferred 9 megafunctions from design logic
    Info (276029): Inferred altsyncram megafunction from the following design logic: "ascal:ascal|altsyncram:i_mem[0].r[7]__1" 
        Info (286033): Parameter OPERATION_MODE set to DUAL_PORT
        Info (286033): Parameter WIDTH_A set to 24
        Info (286033): Parameter WIDTHAD_A set to 11
        Info (286033): Parameter NUMWORDS_A set to 2048
        Info (286033): Parameter WIDTH_B set to 24
        Info (286033): Parameter WIDTHAD_B set to 11
        Info (286033): Parameter NUMWORDS_B set to 2048
        Info (286033): Parameter ADDRESS_ACLR_A set to NONE
        Info (286033): Parameter OUTDATA_REG_B set to UNREGISTERED
        Info (286033): Parameter ADDRESS_ACLR_B set to NONE
        Info (286033): Parameter OUTDATA_ACLR_B set to NONE
        Info (286033): Parameter ADDRESS_REG_B set to CLOCK0
        Info (286033): Parameter INDATA_ACLR_A set to NONE
        Info (286033): Parameter WRCONTROL_ACLR_A set to NONE
        Info (286033): Parameter READ_DURING_WRITE_MODE_MIXED_PORTS set to OLD_DATA
        Info (286033): Parameter RDCONTROL_REG_B set to CLOCK0
    Info (276029): Inferred altsyncram megafunction from the following design logic: "ascal:ascal|altsyncram:o_line0[0].r[7]__2" 
        Info (286033): Parameter OPERATION_MODE set to DUAL_PORT
        Info (286033): Parameter WIDTH_A set to 24
        Info (286033): Parameter WIDTHAD_A set to 11
        Info (286033): Parameter NUMWORDS_A set to 2048
        Info (286033): Parameter WIDTH_B set to 24
        Info (286033): Parameter WIDTHAD_B set to 11
        Info (286033): Parameter NUMWORDS_B set to 2048
        Info (286033): Parameter ADDRESS_ACLR_A set to NONE
        Info (286033): Parameter OUTDATA_REG_B set to UNREGISTERED
        Info (286033): Parameter ADDRESS_ACLR_B set to NONE
        Info (286033): Parameter OUTDATA_ACLR_B set to NONE
        Info (286033): Parameter ADDRESS_REG_B set to CLOCK0
        Info (286033): Parameter INDATA_ACLR_A set to NONE
        Info (286033): Parameter WRCONTROL_ACLR_A set to NONE
        Info (286033): Parameter READ_DURING_WRITE_MODE_MIXED_PORTS set to OLD_DATA
    Info (276029): Inferred altsyncram megafunction from the following design logic: "ascal:ascal|altsyncram:o_line1[0].r[7]__3" 
        Info (286033): Parameter OPERATION_MODE set to DUAL_PORT
        Info (286033): Parameter WIDTH_A set to 24
        Info (286033): Parameter WIDTHAD_A set to 11
        Info (286033): Parameter NUMWORDS_A set to 2048
        Info (286033): Parameter WIDTH_B set to 24
        Info (286033): Parameter WIDTHAD_B set to 11
        Info (286033): Parameter NUMWORDS_B set to 2048
        Info (286033): Parameter ADDRESS_ACLR_A set to NONE
        Info (286033): Parameter OUTDATA_REG_B set to UNREGISTERED
        Info (286033): Parameter ADDRESS_ACLR_B set to NONE
        Info (286033): Parameter OUTDATA_ACLR_B set to NONE
        Info (286033): Parameter ADDRESS_REG_B set to CLOCK0
        Info (286033): Parameter INDATA_ACLR_A set to NONE
        Info (286033): Parameter WRCONTROL_ACLR_A set to NONE
        Info (286033): Parameter READ_DURING_WRITE_MODE_MIXED_PORTS set to OLD_DATA
    Info (276029): Inferred altsyncram megafunction from the following design logic: "ascal:ascal|altsyncram:o_line2[0].r[7]__4" 
        Info (286033): Parameter OPERATION_MODE set to DUAL_PORT
        Info (286033): Parameter WIDTH_A set to 24
        Info (286033): Parameter WIDTHAD_A set to 11
        Info (286033): Parameter NUMWORDS_A set to 2048
        Info (286033): Parameter WIDTH_B set to 24
        Info (286033): Parameter WIDTHAD_B set to 11
        Info (286033): Parameter NUMWORDS_B set to 2048
        Info (286033): Parameter ADDRESS_ACLR_A set to NONE
        Info (286033): Parameter OUTDATA_REG_B set to UNREGISTERED
        Info (286033): Parameter ADDRESS_ACLR_B set to NONE
        Info (286033): Parameter OUTDATA_ACLR_B set to NONE
        Info (286033): Parameter ADDRESS_REG_B set to CLOCK0
        Info (286033): Parameter INDATA_ACLR_A set to NONE
        Info (286033): Parameter WRCONTROL_ACLR_A set to NONE
        Info (286033): Parameter READ_DURING_WRITE_MODE_MIXED_PORTS set to OLD_DATA
    Info (276029): Inferred altsyncram megafunction from the following design logic: "ascal:ascal|altsyncram:o_line3[0].r[7]__5" 
        Info (286033): Parameter OPERATION_MODE set to DUAL_PORT
        Info (286033): Parameter WIDTH_A set to 24
        Info (286033): Parameter WIDTHAD_A set to 11
        Info (286033): Parameter NUMWORDS_A set to 2048
        Info (286033): Parameter WIDTH_B set to 24
        Info (286033): Parameter WIDTHAD_B set to 11
        Info (286033): Parameter NUMWORDS_B set to 2048
        Info (286033): Parameter ADDRESS_ACLR_A set to NONE
        Info (286033): Parameter OUTDATA_REG_B set to UNREGISTERED
        Info (286033): Parameter ADDRESS_ACLR_B set to NONE
        Info (286033): Parameter OUTDATA_ACLR_B set to NONE
        Info (286033): Parameter ADDRESS_REG_B set to CLOCK0
        Info (286033): Parameter INDATA_ACLR_A set to NONE
        Info (286033): Parameter WRCONTROL_ACLR_A set to NONE
        Info (286033): Parameter READ_DURING_WRITE_MODE_MIXED_PORTS set to OLD_DATA
    Info (276029): Inferred altsyncram megafunction from the following design logic: "ascal:ascal|altsyncram:o_linf0[0].r[7]__6" 
        Info (286033): Parameter OPERATION_MODE set to DUAL_PORT
        Info (286033): Parameter WIDTH_A set to 24
        Info (286033): Parameter WIDTHAD_A set to 8
        Info (286033): Parameter NUMWORDS_A set to 256
        Info (286033): Parameter WIDTH_B set to 24
        Info (286033): Parameter WIDTHAD_B set to 8
        Info (286033): Parameter NUMWORDS_B set to 256
        Info (286033): Parameter ADDRESS_ACLR_A set to NONE
        Info (286033): Parameter OUTDATA_REG_B set to UNREGISTERED
        Info (286033): Parameter ADDRESS_ACLR_B set to NONE
        Info (286033): Parameter OUTDATA_ACLR_B set to NONE
        Info (286033): Parameter ADDRESS_REG_B set to CLOCK0
        Info (286033): Parameter INDATA_ACLR_A set to NONE
        Info (286033): Parameter WRCONTROL_ACLR_A set to NONE
        Info (286033): Parameter READ_DURING_WRITE_MODE_MIXED_PORTS set to OLD_DATA
    Info (276029): Inferred altsyncram megafunction from the following design logic: "ascal:ascal|altsyncram:o_linf1[0].r[7]__7" 
        Info (286033): Parameter OPERATION_MODE set to DUAL_PORT
        Info (286033): Parameter WIDTH_A set to 24
        Info (286033): Parameter WIDTHAD_A set to 8
        Info (286033): Parameter NUMWORDS_A set to 256
        Info (286033): Parameter WIDTH_B set to 24
        Info (286033): Parameter WIDTHAD_B set to 8
        Info (286033): Parameter NUMWORDS_B set to 256
        Info (286033): Parameter ADDRESS_ACLR_A set to NONE
        Info (286033): Parameter OUTDATA_REG_B set to UNREGISTERED
        Info (286033): Parameter ADDRESS_ACLR_B set to NONE
        Info (286033): Parameter OUTDATA_ACLR_B set to NONE
        Info (286033): Parameter ADDRESS_REG_B set to CLOCK0
        Info (286033): Parameter INDATA_ACLR_A set to NONE
        Info (286033): Parameter WRCONTROL_ACLR_A set to NONE
        Info (286033): Parameter READ_DURING_WRITE_MODE_MIXED_PORTS set to OLD_DATA
    Info (276029): Inferred altsyncram megafunction from the following design logic: "ascal:ascal|altsyncram:o_linf2[0].r[7]__8" 
        Info (286033): Parameter OPERATION_MODE set to DUAL_PORT
        Info (286033): Parameter WIDTH_A set to 24
        Info (286033): Parameter WIDTHAD_A set to 8
        Info (286033): Parameter NUMWORDS_A set to 256
        Info (286033): Parameter WIDTH_B set to 24
        Info (286033): Parameter WIDTHAD_B set to 8
        Info (286033): Parameter NUMWORDS_B set to 256
        Info (286033): Parameter ADDRESS_ACLR_A set to NONE
        Info (286033): Parameter OUTDATA_REG_B set to UNREGISTERED
        Info (286033): Parameter ADDRESS_ACLR_B set to NONE
        Info (286033): Parameter OUTDATA_ACLR_B set to NONE
        Info (286033): Parameter ADDRESS_REG_B set to CLOCK0
        Info (286033): Parameter INDATA_ACLR_A set to NONE
        Info (286033): Parameter WRCONTROL_ACLR_A set to NONE
        Info (286033): Parameter READ_DURING_WRITE_MODE_MIXED_PORTS set to OLD_DATA
    Info (276029): Inferred altsyncram megafunction from the following design logic: "ascal:ascal|altsyncram:o_linf3[0].r[7]__9" 
        Info (286033): Parameter OPERATION_MODE set to DUAL_PORT
        Info (286033): Parameter WIDTH_A set to 24
        Info (286033): Parameter WIDTHAD_A set to 8
        Info (286033): Parameter NUMWORDS_A set to 256
        Info (286033): Parameter WIDTH_B set to 24
        Info (286033): Parameter WIDTHAD_B set to 8
        Info (286033): Parameter NUMWORDS_B set to 256
        Info (286033): Parameter ADDRESS_ACLR_A set to NONE
        Info (286033): Parameter OUTDATA_REG_B set to UNREGISTERED
        Info (286033): Parameter ADDRESS_ACLR_B set to NONE
        Info (286033): Parameter OUTDATA_ACLR_B set to NONE
        Info (286033): Parameter ADDRESS_REG_B set to CLOCK0
        Info (286033): Parameter INDATA_ACLR_A set to NONE
        Info (286033): Parameter WRCONTROL_ACLR_A set to NONE
        Info (286033): Parameter READ_DURING_WRITE_MODE_MIXED_PORTS set to OLD_DATA
Info (12128): Elaborating entity "altsyncram" for hierarchy "ascal:ascal|altsyncram:i_mem[0].r[7]__1"
Info (12130): Elaborated megafunction instantiation "ascal:ascal|altsyncram:i_mem[0].r[7]__1"
Info (12133): Instantiated megafunction "ascal:ascal|altsyncram:i_mem[0].r[7]__1" with the following parameter:
    Info (12134): Parameter "OPERATION_MODE" = "DUAL_PORT"
    Info (12134): Parameter "WIDTH_A" = "24"
    Info (12134): Parameter "WIDTHAD_A" = "11"
    Info (12134): Parameter "NUMWORDS_A" = "2048"
    Info (12134): Parameter "WIDTH_B" = "24"
    Info (12134): Parameter "WIDTHAD_B" = "11"
    Info (12134): Parameter "NUMWORDS_B" = "2048"
    Info (12134): Parameter "ADDRESS_ACLR_A" = "NONE"
    Info (12134): Parameter "OUTDATA_REG_B" = "UNREGISTERED"
    Info (12134): Parameter "ADDRESS_ACLR_B" = "NONE"
    Info (12134): Parameter "OUTDATA_ACLR_B" = "NONE"
    Info (12134): Parameter "ADDRESS_REG_B" = "CLOCK0"
    Info (12134): Parameter "INDATA_ACLR_A" = "NONE"
    Info (12134): Parameter "WRCONTROL_ACLR_A" = "NONE"
    Info (12134): Parameter "READ_DURING_WRITE_MODE_MIXED_PORTS" = "OLD_DATA"
    Info (12134): Parameter "RDCONTROL_REG_B" = "CLOCK0"
Info (12021): Found 1 design units, including 1 entities, in source file db/altsyncram_89q1.tdf
    Info (12023): Found entity 1: altsyncram_89q1 File: /home/alans/mister/MacQuadra800_MiSTer/scratch/fpu_normal_single_move_quartus_20260928_seed27/tree/db/altsyncram_89q1.tdf Line: 28
Info (12128): Elaborating entity "altsyncram_89q1" for hierarchy "ascal:ascal|altsyncram:i_mem[0].r[7]__1|altsyncram_89q1:auto_generated" File: /home/alans/intelFPGA_lite/quartus/libraries/megafunctions/altsyncram.tdf Line: 792
Info (12128): Elaborating entity "altsyncram" for hierarchy "ascal:ascal|altsyncram:o_line0[0].r[7]__2"
Info (12130): Elaborated megafunction instantiation "ascal:ascal|altsyncram:o_line0[0].r[7]__2"
Info (12133): Instantiated megafunction "ascal:ascal|altsyncram:o_line0[0].r[7]__2" with the following parameter:
    Info (12134): Parameter "OPERATION_MODE" = "DUAL_PORT"
    Info (12134): Parameter "WIDTH_A" = "24"
    Info (12134): Parameter "WIDTHAD_A" = "11"
    Info (12134): Parameter "NUMWORDS_A" = "2048"
    Info (12134): Parameter "WIDTH_B" = "24"
    Info (12134): Parameter "WIDTHAD_B" = "11"
    Info (12134): Parameter "NUMWORDS_B" = "2048"
    Info (12134): Parameter "ADDRESS_ACLR_A" = "NONE"
    Info (12134): Parameter "OUTDATA_REG_B" = "UNREGISTERED"
    Info (12134): Parameter "ADDRESS_ACLR_B" = "NONE"
    Info (12134): Parameter "OUTDATA_ACLR_B" = "NONE"
    Info (12134): Parameter "ADDRESS_REG_B" = "CLOCK0"
    Info (12134): Parameter "INDATA_ACLR_A" = "NONE"
    Info (12134): Parameter "WRCONTROL_ACLR_A" = "NONE"
    Info (12134): Parameter "READ_DURING_WRITE_MODE_MIXED_PORTS" = "OLD_DATA"
Info (12021): Found 1 design units, including 1 entities, in source file db/altsyncram_ccn1.tdf
    Info (12023): Found entity 1: altsyncram_ccn1 File: /home/alans/mister/MacQuadra800_MiSTer/scratch/fpu_normal_single_move_quartus_20260928_seed27/tree/db/altsyncram_ccn1.tdf Line: 28
Info (12128): Elaborating entity "altsyncram_ccn1" for hierarchy "ascal:ascal|altsyncram:o_line0[0].r[7]__2|altsyncram_ccn1:auto_generated" File: /home/alans/intelFPGA_lite/quartus/libraries/megafunctions/altsyncram.tdf Line: 792
Info (12128): Elaborating entity "altsyncram" for hierarchy "ascal:ascal|altsyncram:o_linf0[0].r[7]__6"
Info (12130): Elaborated megafunction instantiation "ascal:ascal|altsyncram:o_linf0[0].r[7]__6"
Info (12133): Instantiated megafunction "ascal:ascal|altsyncram:o_linf0[0].r[7]__6" with the following parameter:
    Info (12134): Parameter "OPERATION_MODE" = "DUAL_PORT"
    Info (12134): Parameter "WIDTH_A" = "24"
    Info (12134): Parameter "WIDTHAD_A" = "8"
    Info (12134): Parameter "NUMWORDS_A" = "256"
    Info (12134): Parameter "WIDTH_B" = "24"
    Info (12134): Parameter "WIDTHAD_B" = "8"
    Info (12134): Parameter "NUMWORDS_B" = "256"
    Info (12134): Parameter "ADDRESS_ACLR_A" = "NONE"
    Info (12134): Parameter "OUTDATA_REG_B" = "UNREGISTERED"
    Info (12134): Parameter "ADDRESS_ACLR_B" = "NONE"
    Info (12134): Parameter "OUTDATA_ACLR_B" = "NONE"
    Info (12134): Parameter "ADDRESS_REG_B" = "CLOCK0"
    Info (12134): Parameter "INDATA_ACLR_A" = "NONE"
    Info (12134): Parameter "WRCONTROL_ACLR_A" = "NONE"
    Info (12134): Parameter "READ_DURING_WRITE_MODE_MIXED_PORTS" = "OLD_DATA"
Info (12021): Found 1 design units, including 1 entities, in source file db/altsyncram_m6n1.tdf
    Info (12023): Found entity 1: altsyncram_m6n1 File: /home/alans/mister/MacQuadra800_MiSTer/scratch/fpu_normal_single_move_quartus_20260928_seed27/tree/db/altsyncram_m6n1.tdf Line: 28
Info (12128): Elaborating entity "altsyncram_m6n1" for hierarchy "ascal:ascal|altsyncram:o_linf0[0].r[7]__6|altsyncram_m6n1:auto_generated" File: /home/alans/intelFPGA_lite/quartus/libraries/megafunctions/altsyncram.tdf Line: 792
Info (12128): Elaborating entity "sys_umuldiv" for hierarchy "sys_umuldiv:ar_muldiv" File: /home/alans/mister/MacQuadra800_MiSTer/scratch/fpu_normal_single_move_quartus_20260928_seed27/tree/sys/sys_top.v Line: 898
Info (12128): Elaborating entity "sys_umul" for hierarchy "sys_umuldiv:ar_muldiv|sys_umul:umul" File: /home/alans/mister/MacQuadra800_MiSTer/scratch/fpu_normal_single_move_quartus_20260928_seed27/tree/sys/math.sv Line: 105
Info (12128): Elaborating entity "sys_udiv" for hierarchy "sys_umuldiv:ar_muldiv|sys_udiv:udiv" File: /home/alans/mister/MacQuadra800_MiSTer/scratch/fpu_normal_single_move_quartus_20260928_seed27/tree/sys/math.sv Line: 107
Info (12128): Elaborating entity "pll_hdmi_adj" for hierarchy "pll_hdmi_adj:pll_hdmi_adj" File: /home/alans/mister/MacQuadra800_MiSTer/scratch/fpu_normal_single_move_quartus_20260928_seed27/tree/sys/sys_top.v Line: 1023
Info (12128): Elaborating entity "pll_hdmi" for hierarchy "pll_hdmi:pll_hdmi" File: /home/alans/mister/MacQuadra800_MiSTer/scratch/fpu_normal_single_move_quartus_20260928_seed27/tree/sys/sys_top.v Line: 1057
Info (12128): Elaborating entity "pll_hdmi_0002" for hierarchy "pll_hdmi:pll_hdmi|pll_hdmi_0002:pll_hdmi_inst" File: /home/alans/mister/MacQuadra800_MiSTer/scratch/fpu_normal_single_move_quartus_20260928_seed27/tree/sys/pll_hdmi.v Line: 23
Info (12128): Elaborating entity "altera_pll" for hierarchy "pll_hdmi:pll_hdmi|pll_hdmi_0002:pll_hdmi_inst|altera_pll:altera_pll_i" File: /home/alans/mister/MacQuadra800_MiSTer/scratch/fpu_normal_single_move_quartus_20260928_seed27/tree/sys/pll_hdmi/pll_hdmi_0002.v Line: 239
Info (10008): Verilog HDL or VHDL information: EDA Netlist Writer cannot regroup multidimensional array "wire_to_nowhere_64" into its bus
Info (12130): Elaborated megafunction instantiation "pll_hdmi:pll_hdmi|pll_hdmi_0002:pll_hdmi_inst|altera_pll:altera_pll_i" File: /home/alans/mister/MacQuadra800_MiSTer/scratch/fpu_normal_single_move_quartus_20260928_seed27/tree/sys/pll_hdmi/pll_hdmi_0002.v Line: 239
Info (12133): Instantiated megafunction "pll_hdmi:pll_hdmi|pll_hdmi_0002:pll_hdmi_inst|altera_pll:altera_pll_i" with the following parameter: File: /home/alans/mister/MacQuadra800_MiSTer/scratch/fpu_normal_single_move_quartus_20260928_seed27/tree/sys/pll_hdmi/pll_hdmi_0002.v Line: 239
    Info (12134): Parameter "fractional_vco_multiplier" = "true"
    Info (12134): Parameter "reference_clock_frequency" = "50.0 MHz"
    Info (12134): Parameter "pll_fractional_cout" = "32"
    Info (12134): Parameter "pll_dsm_out_sel" = "1st_order"
    Info (12134): Parameter "operation_mode" = "direct"
    Info (12134): Parameter "number_of_clocks" = "1"
    Info (12134): Parameter "output_clock_frequency0" = "148.500000 MHz"
    Info (12134): Parameter "phase_shift0" = "0 ps"
    Info (12134): Parameter "duty_cycle0" = "50"
    Info (12134): Parameter "output_clock_frequency1" = "0 MHz"
    Info (12134): Parameter "phase_shift1" = "0 ps"
    Info (12134): Parameter "duty_cycle1" = "50"
    Info (12134): Parameter "output_clock_frequency2" = "0 MHz"
    Info (12134): Parameter "phase_shift2" = "0 ps"
    Info (12134): Parameter "duty_cycle2" = "50"
    Info (12134): Parameter "output_clock_frequency3" = "0 MHz"
    Info (12134): Parameter "phase_shift3" = "0 ps"
    Info (12134): Parameter "duty_cycle3" = "50"
    Info (12134): Parameter "output_clock_frequency4" = "0 MHz"
    Info (12134): Parameter "phase_shift4" = "0 ps"
    Info (12134): Parameter "duty_cycle4" = "50"
    Info (12134): Parameter "output_clock_frequency5" = "0 MHz"
    Info (12134): Parameter "phase_shift5" = "0 ps"
    Info (12134): Parameter "duty_cycle5" = "50"
    Info (12134): Parameter "output_clock_frequency6" = "0 MHz"
    Info (12134): Parameter "phase_shift6" = "0 ps"
    Info (12134): Parameter "duty_cycle6" = "50"
    Info (12134): Parameter "output_clock_frequency7" = "0 MHz"
    Info (12134): Parameter "phase_shift7" = "0 ps"
    Info (12134): Parameter "duty_cycle7" = "50"
    Info (12134): Parameter "output_clock_frequency8" = "0 MHz"
    Info (12134): Parameter "phase_shift8" = "0 ps"
    Info (12134): Parameter "duty_cycle8" = "50"
    Info (12134): Parameter "output_clock_frequency9" = "0 MHz"
    Info (12134): Parameter "phase_shift9" = "0 ps"
    Info (12134): Parameter "duty_cycle9" = "50"
    Info (12134): Parameter "output_clock_frequency10" = "0 MHz"
    Info (12134): Parameter "phase_shift10" = "0 ps"
    Info (12134): Parameter "duty_cycle10" = "50"
    Info (12134): Parameter "output_clock_frequency11" = "0 MHz"
    Info (12134): Parameter "phase_shift11" = "0 ps"
    Info (12134): Parameter "duty_cycle11" = "50"
    Info (12134): Parameter "output_clock_frequency12" = "0 MHz"
    Info (12134): Parameter "phase_shift12" = "0 ps"
    Info (12134): Parameter "duty_cycle12" = "50"
    Info (12134): Parameter "output_clock_frequency13" = "0 MHz"
    Info (12134): Parameter "phase_shift13" = "0 ps"
    Info (12134): Parameter "duty_cycle13" = "50"
    Info (12134): Parameter "output_clock_frequency14" = "0 MHz"
    Info (12134): Parameter "phase_shift14" = "0 ps"
    Info (12134): Parameter "duty_cycle14" = "50"
    Info (12134): Parameter "output_clock_frequency15" = "0 MHz"
    Info (12134): Parameter "phase_shift15" = "0 ps"
    Info (12134): Parameter "duty_cycle15" = "50"
    Info (12134): Parameter "output_clock_frequency16" = "0 MHz"
    Info (12134): Parameter "phase_shift16" = "0 ps"
    Info (12134): Parameter "duty_cycle16" = "50"
    Info (12134): Parameter "output_clock_frequency17" = "0 MHz"
    Info (12134): Parameter "phase_shift17" = "0 ps"
    Info (12134): Parameter "duty_cycle17" = "50"
    Info (12134): Parameter "pll_type" = "Cyclone V"
    Info (12134): Parameter "pll_subtype" = "Reconfigurable"
    Info (12134): Parameter "m_cnt_hi_div" = "4"
    Info (12134): Parameter "m_cnt_lo_div" = "4"
    Info (12134): Parameter "n_cnt_hi_div" = "256"
    Info (12134): Parameter "n_cnt_lo_div" = "256"
    Info (12134): Parameter "m_cnt_bypass_en" = "false"
    Info (12134): Parameter "n_cnt_bypass_en" = "true"
    Info (12134): Parameter "m_cnt_odd_div_duty_en" = "false"
    Info (12134): Parameter "n_cnt_odd_div_duty_en" = "false"
    Info (12134): Parameter "c_cnt_hi_div0" = "2"
    Info (12134): Parameter "c_cnt_lo_div0" = "1"
    Info (12134): Parameter "c_cnt_prst0" = "1"
    Info (12134): Parameter "c_cnt_ph_mux_prst0" = "0"
    Info (12134): Parameter "c_cnt_in_src0" = "ph_mux_clk"
    Info (12134): Parameter "c_cnt_bypass_en0" = "false"
    Info (12134): Parameter "c_cnt_odd_div_duty_en0" = "true"
    Info (12134): Parameter "c_cnt_hi_div1" = "1"
    Info (12134): Parameter "c_cnt_lo_div1" = "1"
    Info (12134): Parameter "c_cnt_prst1" = "1"
    Info (12134): Parameter "c_cnt_ph_mux_prst1" = "0"
    Info (12134): Parameter "c_cnt_in_src1" = "ph_mux_clk"
    Info (12134): Parameter "c_cnt_bypass_en1" = "true"
    Info (12134): Parameter "c_cnt_odd_div_duty_en1" = "false"
    Info (12134): Parameter "c_cnt_hi_div2" = "1"
    Info (12134): Parameter "c_cnt_lo_div2" = "1"
    Info (12134): Parameter "c_cnt_prst2" = "1"
    Info (12134): Parameter "c_cnt_ph_mux_prst2" = "0"
    Info (12134): Parameter "c_cnt_in_src2" = "ph_mux_clk"
    Info (12134): Parameter "c_cnt_bypass_en2" = "true"
    Info (12134): Parameter "c_cnt_odd_div_duty_en2" = "false"
    Info (12134): Parameter "c_cnt_hi_div3" = "1"
    Info (12134): Parameter "c_cnt_lo_div3" = "1"
    Info (12134): Parameter "c_cnt_prst3" = "1"
    Info (12134): Parameter "c_cnt_ph_mux_prst3" = "0"
    Info (12134): Parameter "c_cnt_in_src3" = "ph_mux_clk"
    Info (12134): Parameter "c_cnt_bypass_en3" = "true"
    Info (12134): Parameter "c_cnt_odd_div_duty_en3" = "false"
    Info (12134): Parameter "c_cnt_hi_div4" = "1"
    Info (12134): Parameter "c_cnt_lo_div4" = "1"
    Info (12134): Parameter "c_cnt_prst4" = "1"
    Info (12134): Parameter "c_cnt_ph_mux_prst4" = "0"
    Info (12134): Parameter "c_cnt_in_src4" = "ph_mux_clk"
    Info (12134): Parameter "c_cnt_bypass_en4" = "true"
    Info (12134): Parameter "c_cnt_odd_div_duty_en4" = "false"
    Info (12134): Parameter "c_cnt_hi_div5" = "1"
    Info (12134): Parameter "c_cnt_lo_div5" = "1"
    Info (12134): Parameter "c_cnt_prst5" = "1"
    Info (12134): Parameter "c_cnt_ph_mux_prst5" = "0"
    Info (12134): Parameter "c_cnt_in_src5" = "ph_mux_clk"
    Info (12134): Parameter "c_cnt_bypass_en5" = "true"
    Info (12134): Parameter "c_cnt_odd_div_duty_en5" = "false"
    Info (12134): Parameter "c_cnt_hi_div6" = "1"
    Info (12134): Parameter "c_cnt_lo_div6" = "1"
    Info (12134): Parameter "c_cnt_prst6" = "1"
    Info (12134): Parameter "c_cnt_ph_mux_prst6" = "0"
    Info (12134): Parameter "c_cnt_in_src6" = "ph_mux_clk"
    Info (12134): Parameter "c_cnt_bypass_en6" = "true"
    Info (12134): Parameter "c_cnt_odd_div_duty_en6" = "false"
    Info (12134): Parameter "c_cnt_hi_div7" = "1"
    Info (12134): Parameter "c_cnt_lo_div7" = "1"
    Info (12134): Parameter "c_cnt_prst7" = "1"
    Info (12134): Parameter "c_cnt_ph_mux_prst7" = "0"
    Info (12134): Parameter "c_cnt_in_src7" = "ph_mux_clk"
    Info (12134): Parameter "c_cnt_bypass_en7" = "true"
    Info (12134): Parameter "c_cnt_odd_div_duty_en7" = "false"
    Info (12134): Parameter "c_cnt_hi_div8" = "1"
    Info (12134): Parameter "c_cnt_lo_div8" = "1"
    Info (12134): Parameter "c_cnt_prst8" = "1"
    Info (12134): Parameter "c_cnt_ph_mux_prst8" = "0"
    Info (12134): Parameter "c_cnt_in_src8" = "ph_mux_clk"
    Info (12134): Parameter "c_cnt_bypass_en8" = "true"
    Info (12134): Parameter "c_cnt_odd_div_duty_en8" = "false"
    Info (12134): Parameter "c_cnt_hi_div9" = "1"
    Info (12134): Parameter "c_cnt_lo_div9" = "1"
    Info (12134): Parameter "c_cnt_prst9" = "1"
    Info (12134): Parameter "c_cnt_ph_mux_prst9" = "0"
    Info (12134): Parameter "c_cnt_in_src9" = "ph_mux_clk"
    Info (12134): Parameter "c_cnt_bypass_en9" = "true"
    Info (12134): Parameter "c_cnt_odd_div_duty_en9" = "false"
    Info (12134): Parameter "c_cnt_hi_div10" = "1"
    Info (12134): Parameter "c_cnt_lo_div10" = "1"
    Info (12134): Parameter "c_cnt_prst10" = "1"
    Info (12134): Parameter "c_cnt_ph_mux_prst10" = "0"
    Info (12134): Parameter "c_cnt_in_src10" = "ph_mux_clk"
    Info (12134): Parameter "c_cnt_bypass_en10" = "true"
    Info (12134): Parameter "c_cnt_odd_div_duty_en10" = "false"
    Info (12134): Parameter "c_cnt_hi_div11" = "1"
    Info (12134): Parameter "c_cnt_lo_div11" = "1"
    Info (12134): Parameter "c_cnt_prst11" = "1"
    Info (12134): Parameter "c_cnt_ph_mux_prst11" = "0"
    Info (12134): Parameter "c_cnt_in_src11" = "ph_mux_clk"
    Info (12134): Parameter "c_cnt_bypass_en11" = "true"
    Info (12134): Parameter "c_cnt_odd_div_duty_en11" = "false"
    Info (12134): Parameter "c_cnt_hi_div12" = "1"
    Info (12134): Parameter "c_cnt_lo_div12" = "1"
    Info (12134): Parameter "c_cnt_prst12" = "1"
    Info (12134): Parameter "c_cnt_ph_mux_prst12" = "0"
    Info (12134): Parameter "c_cnt_in_src12" = "ph_mux_clk"
    Info (12134): Parameter "c_cnt_bypass_en12" = "true"
    Info (12134): Parameter "c_cnt_odd_div_duty_en12" = "false"
    Info (12134): Parameter "c_cnt_hi_div13" = "1"
    Info (12134): Parameter "c_cnt_lo_div13" = "1"
    Info (12134): Parameter "c_cnt_prst13" = "1"
    Info (12134): Parameter "c_cnt_ph_mux_prst13" = "0"
    Info (12134): Parameter "c_cnt_in_src13" = "ph_mux_clk"
    Info (12134): Parameter "c_cnt_bypass_en13" = "true"
    Info (12134): Parameter "c_cnt_odd_div_duty_en13" = "false"
    Info (12134): Parameter "c_cnt_hi_div14" = "1"
    Info (12134): Parameter "c_cnt_lo_div14" = "1"
    Info (12134): Parameter "c_cnt_prst14" = "1"
    Info (12134): Parameter "c_cnt_ph_mux_prst14" = "0"
    Info (12134): Parameter "c_cnt_in_src14" = "ph_mux_clk"
    Info (12134): Parameter "c_cnt_bypass_en14" = "true"
    Info (12134): Parameter "c_cnt_odd_div_duty_en14" = "false"
    Info (12134): Parameter "c_cnt_hi_div15" = "1"
    Info (12134): Parameter "c_cnt_lo_div15" = "1"
    Info (12134): Parameter "c_cnt_prst15" = "1"
    Info (12134): Parameter "c_cnt_ph_mux_prst15" = "0"
    Info (12134): Parameter "c_cnt_in_src15" = "ph_mux_clk"
    Info (12134): Parameter "c_cnt_bypass_en15" = "true"
    Info (12134): Parameter "c_cnt_odd_div_duty_en15" = "false"
    Info (12134): Parameter "c_cnt_hi_div16" = "1"
    Info (12134): Parameter "c_cnt_lo_div16" = "1"
    Info (12134): Parameter "c_cnt_prst16" = "1"
    Info (12134): Parameter "c_cnt_ph_mux_prst16" = "0"
    Info (12134): Parameter "c_cnt_in_src16" = "ph_mux_clk"
    Info (12134): Parameter "c_cnt_bypass_en16" = "true"
    Info (12134): Parameter "c_cnt_odd_div_duty_en16" = "false"
    Info (12134): Parameter "c_cnt_hi_div17" = "1"
    Info (12134): Parameter "c_cnt_lo_div17" = "1"
    Info (12134): Parameter "c_cnt_prst17" = "1"
    Info (12134): Parameter "c_cnt_ph_mux_prst17" = "0"
    Info (12134): Parameter "c_cnt_in_src17" = "ph_mux_clk"
    Info (12134): Parameter "c_cnt_bypass_en17" = "true"
    Info (12134): Parameter "c_cnt_odd_div_duty_en17" = "false"
    Info (12134): Parameter "pll_vco_div" = "2"
    Info (12134): Parameter "pll_cp_current" = "20"
    Info (12134): Parameter "pll_bwctrl" = "4000"
    Info (12134): Parameter "pll_output_clk_frequency" = "445.499999 MHz"
    Info (12134): Parameter "pll_fractional_division" = "3908420153"
    Info (12134): Parameter "mimic_fbclk_type" = "none"
    Info (12134): Parameter "pll_fbclk_mux_1" = "glb"
    Info (12134): Parameter "pll_fbclk_mux_2" = "m_cnt"
    Info (12134): Parameter "pll_m_cnt_in_src" = "ph_mux_clk"
    Info (12134): Parameter "pll_slf_rst" = "true"
Info (12128): Elaborating entity "dps_extra_kick" for hierarchy "pll_hdmi:pll_hdmi|pll_hdmi_0002:pll_hdmi_inst|altera_pll:altera_pll_i|dps_extra_kick:dps_extra_inst" File: /home/alans/intelFPGA_lite/quartus/libraries/megafunctions/altera_pll.v Line: 769
Info (12131): Elaborated megafunction instantiation "pll_hdmi:pll_hdmi|pll_hdmi_0002:pll_hdmi_inst|altera_pll:altera_pll_i|dps_extra_kick:dps_extra_inst", which is child of megafunction instantiation "pll_hdmi:pll_hdmi|pll_hdmi_0002:pll_hdmi_inst|altera_pll:altera_pll_i" File: /home/alans/intelFPGA_lite/quartus/libraries/megafunctions/altera_pll.v Line: 769
Info (12128): Elaborating entity "dprio_init" for hierarchy "pll_hdmi:pll_hdmi|pll_hdmi_0002:pll_hdmi_inst|altera_pll:altera_pll_i|dprio_init:dprio_init_inst" File: /home/alans/intelFPGA_lite/quartus/libraries/megafunctions/altera_pll.v Line: 784
Info (12131): Elaborated megafunction instantiation "pll_hdmi:pll_hdmi|pll_hdmi_0002:pll_hdmi_inst|altera_pll:altera_pll_i|dprio_init:dprio_init_inst", which is child of megafunction instantiation "pll_hdmi:pll_hdmi|pll_hdmi_0002:pll_hdmi_inst|altera_pll:altera_pll_i" File: /home/alans/intelFPGA_lite/quartus/libraries/megafunctions/altera_pll.v Line: 784
Info (12128): Elaborating entity "altera_pll_dps_lcell_comb" for hierarchy "pll_hdmi:pll_hdmi|pll_hdmi_0002:pll_hdmi_inst|altera_pll:altera_pll_i|altera_pll_dps_lcell_comb:lcell_cntsel_int_0" File: /home/alans/intelFPGA_lite/quartus/libraries/megafunctions/altera_pll.v Line: 1961
Info (12131): Elaborated megafunction instantiation "pll_hdmi:pll_hdmi|pll_hdmi_0002:pll_hdmi_inst|altera_pll:altera_pll_i|altera_pll_dps_lcell_comb:lcell_cntsel_int_0", which is child of megafunction instantiation "pll_hdmi:pll_hdmi|pll_hdmi_0002:pll_hdmi_inst|altera_pll:altera_pll_i" File: /home/alans/intelFPGA_lite/quartus/libraries/megafunctions/altera_pll.v Line: 1961
Info (12128): Elaborating entity "altera_pll_dps_lcell_comb" for hierarchy "pll_hdmi:pll_hdmi|pll_hdmi_0002:pll_hdmi_inst|altera_pll:altera_pll_i|altera_pll_dps_lcell_comb:lcell_cntsel_int_1" File: /home/alans/intelFPGA_lite/quartus/libraries/megafunctions/altera_pll.v Line: 1972
Info (12131): Elaborated megafunction instantiation "pll_hdmi:pll_hdmi|pll_hdmi_0002:pll_hdmi_inst|altera_pll:altera_pll_i|altera_pll_dps_lcell_comb:lcell_cntsel_int_1", which is child of megafunction instantiation "pll_hdmi:pll_hdmi|pll_hdmi_0002:pll_hdmi_inst|altera_pll:altera_pll_i" File: /home/alans/intelFPGA_lite/quartus/libraries/megafunctions/altera_pll.v Line: 1972
Info (12128): Elaborating entity "altera_pll_dps_lcell_comb" for hierarchy "pll_hdmi:pll_hdmi|pll_hdmi_0002:pll_hdmi_inst|altera_pll:altera_pll_i|altera_pll_dps_lcell_comb:lcell_cntsel_int_2" File: /home/alans/intelFPGA_lite/quartus/libraries/megafunctions/altera_pll.v Line: 1983
Info (12131): Elaborated megafunction instantiation "pll_hdmi:pll_hdmi|pll_hdmi_0002:pll_hdmi_inst|altera_pll:altera_pll_i|altera_pll_dps_lcell_comb:lcell_cntsel_int_2", which is child of megafunction instantiation "pll_hdmi:pll_hdmi|pll_hdmi_0002:pll_hdmi_inst|altera_pll:altera_pll_i" File: /home/alans/intelFPGA_lite/quartus/libraries/megafunctions/altera_pll.v Line: 1983
Info (12128): Elaborating entity "altera_pll_dps_lcell_comb" for hierarchy "pll_hdmi:pll_hdmi|pll_hdmi_0002:pll_hdmi_inst|altera_pll:altera_pll_i|altera_pll_dps_lcell_comb:lcell_cntsel_int_3" File: /home/alans/intelFPGA_lite/quartus/libraries/megafunctions/altera_pll.v Line: 1994
Info (12131): Elaborated megafunction instantiation "pll_hdmi:pll_hdmi|pll_hdmi_0002:pll_hdmi_inst|altera_pll:altera_pll_i|altera_pll_dps_lcell_comb:lcell_cntsel_int_3", which is child of megafunction instantiation "pll_hdmi:pll_hdmi|pll_hdmi_0002:pll_hdmi_inst|altera_pll:altera_pll_i" File: /home/alans/intelFPGA_lite/quartus/libraries/megafunctions/altera_pll.v Line: 1994
Info (12128): Elaborating entity "altera_pll_dps_lcell_comb" for hierarchy "pll_hdmi:pll_hdmi|pll_hdmi_0002:pll_hdmi_inst|altera_pll:altera_pll_i|altera_pll_dps_lcell_comb:lcell_cntsel_int_4" File: /home/alans/intelFPGA_lite/quartus/libraries/megafunctions/altera_pll.v Line: 2005
Info (12131): Elaborated megafunction instantiation "pll_hdmi:pll_hdmi|pll_hdmi_0002:pll_hdmi_inst|altera_pll:altera_pll_i|altera_pll_dps_lcell_comb:lcell_cntsel_int_4", which is child of megafunction instantiation "pll_hdmi:pll_hdmi|pll_hdmi_0002:pll_hdmi_inst|altera_pll:altera_pll_i" File: /home/alans/intelFPGA_lite/quartus/libraries/megafunctions/altera_pll.v Line: 2005
Info (12128): Elaborating entity "pll_cfg_hdmi" for hierarchy "pll_cfg_hdmi:pll_cfg_hdmi" File: /home/alans/mister/MacQuadra800_MiSTer/scratch/fpu_normal_single_move_quartus_20260928_seed27/tree/sys/sys_top.v Line: 1092
Info (12128): Elaborating entity "altera_std_synchronizer" for hierarchy "pll_cfg_hdmi:pll_cfg_hdmi|altera_std_synchronizer:altera_std_synchronizer_inst" File: /home/alans/mister/MacQuadra800_MiSTer/scratch/fpu_normal_single_move_quartus_20260928_seed27/tree/sys/pll_cfg/pll_cfg_hdmi.v Line: 271
Info (12130): Elaborated megafunction instantiation "pll_cfg_hdmi:pll_cfg_hdmi|altera_std_synchronizer:altera_std_synchronizer_inst" File: /home/alans/mister/MacQuadra800_MiSTer/scratch/fpu_normal_single_move_quartus_20260928_seed27/tree/sys/pll_cfg/pll_cfg_hdmi.v Line: 271
Info (12133): Instantiated megafunction "pll_cfg_hdmi:pll_cfg_hdmi|altera_std_synchronizer:altera_std_synchronizer_inst" with the following parameter: File: /home/alans/mister/MacQuadra800_MiSTer/scratch/fpu_normal_single_move_quartus_20260928_seed27/tree/sys/pll_cfg/pll_cfg_hdmi.v Line: 271
    Info (12134): Parameter "depth" = "3"
Info (12128): Elaborating entity "dyn_phase_shift" for hierarchy "pll_cfg_hdmi:pll_cfg_hdmi|dyn_phase_shift:dyn_phase_shift_inst" File: /home/alans/mister/MacQuadra800_MiSTer/scratch/fpu_normal_single_move_quartus_20260928_seed27/tree/sys/pll_cfg/pll_cfg_hdmi.v Line: 1169
Info (12128): Elaborating entity "generic_lcell_comb" for hierarchy "pll_cfg_hdmi:pll_cfg_hdmi|dyn_phase_shift:dyn_phase_shift_inst|generic_lcell_comb:lcell_cnt_sel_0" File: /home/alans/mister/MacQuadra800_MiSTer/scratch/fpu_normal_single_move_quartus_20260928_seed27/tree/sys/pll_cfg/altera_pll_reconfig_core.v Line: 2060
Info (12128): Elaborating entity "generic_lcell_comb" for hierarchy "pll_cfg_hdmi:pll_cfg_hdmi|dyn_phase_shift:dyn_phase_shift_inst|generic_lcell_comb:lcell_cnt_sel_1" File: /home/alans/mister/MacQuadra800_MiSTer/scratch/fpu_normal_single_move_quartus_20260928_seed27/tree/sys/pll_cfg/altera_pll_reconfig_core.v Line: 2071
Info (12128): Elaborating entity "generic_lcell_comb" for hierarchy "pll_cfg_hdmi:pll_cfg_hdmi|dyn_phase_shift:dyn_phase_shift_inst|generic_lcell_comb:lcell_cnt_sel_2" File: /home/alans/mister/MacQuadra800_MiSTer/scratch/fpu_normal_single_move_quartus_20260928_seed27/tree/sys/pll_cfg/altera_pll_reconfig_core.v Line: 2082
Info (12128): Elaborating entity "generic_lcell_comb" for hierarchy "pll_cfg_hdmi:pll_cfg_hdmi|dyn_phase_shift:dyn_phase_shift_inst|generic_lcell_comb:lcell_cnt_sel_3" File: /home/alans/mister/MacQuadra800_MiSTer/scratch/fpu_normal_single_move_quartus_20260928_seed27/tree/sys/pll_cfg/altera_pll_reconfig_core.v Line: 2093
Info (12128): Elaborating entity "generic_lcell_comb" for hierarchy "pll_cfg_hdmi:pll_cfg_hdmi|dyn_phase_shift:dyn_phase_shift_inst|generic_lcell_comb:lcell_cnt_sel_4" File: /home/alans/mister/MacQuadra800_MiSTer/scratch/fpu_normal_single_move_quartus_20260928_seed27/tree/sys/pll_cfg/altera_pll_reconfig_core.v Line: 2104
Info (12128): Elaborating entity "self_reset" for hierarchy "pll_cfg_hdmi:pll_cfg_hdmi|self_reset:self_reset_inst" File: /home/alans/mister/MacQuadra800_MiSTer/scratch/fpu_normal_single_move_quartus_20260928_seed27/tree/sys/pll_cfg/pll_cfg_hdmi.v Line: 1173
Info (12128): Elaborating entity "dprio_mux" for hierarchy "pll_cfg_hdmi:pll_cfg_hdmi|dprio_mux:dprio_mux_inst" File: /home/alans/mister/MacQuadra800_MiSTer/scratch/fpu_normal_single_move_quartus_20260928_seed27/tree/sys/pll_cfg/pll_cfg_hdmi.v Line: 1211
Info (12128): Elaborating entity "fpll_dprio_init" for hierarchy "pll_cfg_hdmi:pll_cfg_hdmi|fpll_dprio_init:fpll_dprio_init_inst" File: /home/alans/mister/MacQuadra800_MiSTer/scratch/fpu_normal_single_move_quartus_20260928_seed27/tree/sys/pll_cfg/pll_cfg_hdmi.v Line: 1230
Info (12128): Elaborating entity "osd" for hierarchy "osd:hdmi_osd" File: /home/alans/mister/MacQuadra800_MiSTer/scratch/fpu_normal_single_move_quartus_20260928_seed27/tree/sys/sys_top.v Line: 1230
Info (12128): Elaborating entity "csync" for hierarchy "csync:csync_hdmi" File: /home/alans/mister/MacQuadra800_MiSTer/scratch/fpu_normal_single_move_quartus_20260928_seed27/tree/sys/sys_top.v Line: 1234
Info (12128): Elaborating entity "altddio_out" for hierarchy "altddio_out:hdmiclk_ddr" File: /home/alans/mister/MacQuadra800_MiSTer/scratch/fpu_normal_single_move_quartus_20260928_seed27/tree/sys/sys_top.v Line: 1327
Info (12130): Elaborated megafunction instantiation "altddio_out:hdmiclk_ddr" File: /home/alans/mister/MacQuadra800_MiSTer/scratch/fpu_normal_single_move_quartus_20260928_seed27/tree/sys/sys_top.v Line: 1327
Info (12133): Instantiated megafunction "altddio_out:hdmiclk_ddr" with the following parameter: File: /home/alans/mister/MacQuadra800_MiSTer/scratch/fpu_normal_single_move_quartus_20260928_seed27/tree/sys/sys_top.v Line: 1327
    Info (12134): Parameter "extend_oe_disable" = "OFF"
    Info (12134): Parameter "intended_device_family" = "Cyclone V"
    Info (12134): Parameter "invert_output" = "OFF"
    Info (12134): Parameter "lpm_hint" = "UNUSED"
    Info (12134): Parameter "lpm_type" = "altddio_out"
    Info (12134): Parameter "oe_reg" = "UNREGISTERED"
    Info (12134): Parameter "power_up_high" = "OFF"
    Info (12134): Parameter "width" = "1"
Info (12021): Found 1 design units, including 1 entities, in source file db/ddio_out_b2j.tdf
    Info (12023): Found entity 1: ddio_out_b2j File: /home/alans/mister/MacQuadra800_MiSTer/scratch/fpu_normal_single_move_quartus_20260928_seed27/tree/db/ddio_out_b2j.tdf Line: 28
Info (12128): Elaborating entity "ddio_out_b2j" for hierarchy "altddio_out:hdmiclk_ddr|ddio_out_b2j:auto_generated" File: /home/alans/intelFPGA_lite/quartus/libraries/megafunctions/altddio_out.tdf Line: 101
Info (12128): Elaborating entity "altddio_out" for hierarchy "altddio_out:vgaclk_ddr" File: /home/alans/mister/MacQuadra800_MiSTer/scratch/fpu_normal_single_move_quartus_20260928_seed27/tree/sys/sys_top.v Line: 1408
Info (12130): Elaborated megafunction instantiation "altddio_out:vgaclk_ddr" File: /home/alans/mister/MacQuadra800_MiSTer/scratch/fpu_normal_single_move_quartus_20260928_seed27/tree/sys/sys_top.v Line: 1408
Info (12133): Instantiated megafunction "altddio_out:vgaclk_ddr" with the following parameter: File: /home/alans/mister/MacQuadra800_MiSTer/scratch/fpu_normal_single_move_quartus_20260928_seed27/tree/sys/sys_top.v Line: 1408
    Info (12134): Parameter "extend_oe_disable" = "OFF"
    Info (12134): Parameter "intended_device_family" = "Cyclone V"
    Info (12134): Parameter "invert_output" = "OFF"
    Info (12134): Parameter "lpm_hint" = "UNUSED"
    Info (12134): Parameter "lpm_type" = "altddio_out"
    Info (12134): Parameter "oe_reg" = "UNREGISTERED"
    Info (12134): Parameter "power_up_high" = "OFF"
    Info (12134): Parameter "width" = "1"
Info (12021): Found 1 design units, including 1 entities, in source file db/ddio_out_1oj.tdf
    Info (12023): Found entity 1: ddio_out_1oj File: /home/alans/mister/MacQuadra800_MiSTer/scratch/fpu_normal_single_move_quartus_20260928_seed27/tree/db/ddio_out_1oj.tdf Line: 30
Info (12128): Elaborating entity "ddio_out_1oj" for hierarchy "altddio_out:vgaclk_ddr|ddio_out_1oj:auto_generated" File: /home/alans/intelFPGA_lite/quartus/libraries/megafunctions/altddio_out.tdf Line: 101
Info (12128): Elaborating entity "scanlines" for hierarchy "scanlines:VGA_scanlines" File: /home/alans/mister/MacQuadra800_MiSTer/scratch/fpu_normal_single_move_quartus_20260928_seed27/tree/sys/sys_top.v Line: 1429
Info (12128): Elaborating entity "yc_out" for hierarchy "yc_out:yc_out" File: /home/alans/mister/MacQuadra800_MiSTer/scratch/fpu_normal_single_move_quartus_20260928_seed27/tree/sys/sys_top.v Line: 1491
Info (12128): Elaborating entity "vga_out" for hierarchy "vga_out:vga_scaler_out" File: /home/alans/mister/MacQuadra800_MiSTer/scratch/fpu_normal_single_move_quartus_20260928_seed27/tree/sys/sys_top.v Line: 1526
Info (12128): Elaborating entity "pll_audio" for hierarchy "pll_audio:pll_audio" File: /home/alans/mister/MacQuadra800_MiSTer/scratch/fpu_normal_single_move_quartus_20260928_seed27/tree/sys/sys_top.v Line: 1616
Info (12128): Elaborating entity "pll_audio_0002" for hierarchy "pll_audio:pll_audio|pll_audio_0002:pll_audio_inst" File: /home/alans/mister/MacQuadra800_MiSTer/scratch/fpu_normal_single_move_quartus_20260928_seed27/tree/sys/pll_audio.v Line: 19
Info (12128): Elaborating entity "altera_pll" for hierarchy "pll_audio:pll_audio|pll_audio_0002:pll_audio_inst|altera_pll:altera_pll_i" File: /home/alans/mister/MacQuadra800_MiSTer/scratch/fpu_normal_single_move_quartus_20260928_seed27/tree/sys/pll_audio/pll_audio_0002.v Line: 85
Info (10008): Verilog HDL or VHDL information: EDA Netlist Writer cannot regroup multidimensional array "wire_to_nowhere_64" into its bus
Info (12130): Elaborated megafunction instantiation "pll_audio:pll_audio|pll_audio_0002:pll_audio_inst|altera_pll:altera_pll_i" File: /home/alans/mister/MacQuadra800_MiSTer/scratch/fpu_normal_single_move_quartus_20260928_seed27/tree/sys/pll_audio/pll_audio_0002.v Line: 85
Info (12133): Instantiated megafunction "pll_audio:pll_audio|pll_audio_0002:pll_audio_inst|altera_pll:altera_pll_i" with the following parameter: File: /home/alans/mister/MacQuadra800_MiSTer/scratch/fpu_normal_single_move_quartus_20260928_seed27/tree/sys/pll_audio/pll_audio_0002.v Line: 85
    Info (12134): Parameter "fractional_vco_multiplier" = "true"
    Info (12134): Parameter "reference_clock_frequency" = "50.0 MHz"
    Info (12134): Parameter "operation_mode" = "direct"
    Info (12134): Parameter "number_of_clocks" = "1"
    Info (12134): Parameter "output_clock_frequency0" = "24.576000 MHz"
    Info (12134): Parameter "phase_shift0" = "0 ps"
    Info (12134): Parameter "duty_cycle0" = "50"
    Info (12134): Parameter "output_clock_frequency1" = "0 MHz"
    Info (12134): Parameter "phase_shift1" = "0 ps"
    Info (12134): Parameter "duty_cycle1" = "50"
    Info (12134): Parameter "output_clock_frequency2" = "0 MHz"
    Info (12134): Parameter "phase_shift2" = "0 ps"
    Info (12134): Parameter "duty_cycle2" = "50"
    Info (12134): Parameter "output_clock_frequency3" = "0 MHz"
    Info (12134): Parameter "phase_shift3" = "0 ps"
    Info (12134): Parameter "duty_cycle3" = "50"
    Info (12134): Parameter "output_clock_frequency4" = "0 MHz"
    Info (12134): Parameter "phase_shift4" = "0 ps"
    Info (12134): Parameter "duty_cycle4" = "50"
    Info (12134): Parameter "output_clock_frequency5" = "0 MHz"
    Info (12134): Parameter "phase_shift5" = "0 ps"
    Info (12134): Parameter "duty_cycle5" = "50"
    Info (12134): Parameter "output_clock_frequency6" = "0 MHz"
    Info (12134): Parameter "phase_shift6" = "0 ps"
    Info (12134): Parameter "duty_cycle6" = "50"
    Info (12134): Parameter "output_clock_frequency7" = "0 MHz"
    Info (12134): Parameter "phase_shift7" = "0 ps"
    Info (12134): Parameter "duty_cycle7" = "50"
    Info (12134): Parameter "output_clock_frequency8" = "0 MHz"
    Info (12134): Parameter "phase_shift8" = "0 ps"
    Info (12134): Parameter "duty_cycle8" = "50"
    Info (12134): Parameter "output_clock_frequency9" = "0 MHz"
    Info (12134): Parameter "phase_shift9" = "0 ps"
    Info (12134): Parameter "duty_cycle9" = "50"
    Info (12134): Parameter "output_clock_frequency10" = "0 MHz"
    Info (12134): Parameter "phase_shift10" = "0 ps"
    Info (12134): Parameter "duty_cycle10" = "50"
    Info (12134): Parameter "output_clock_frequency11" = "0 MHz"
    Info (12134): Parameter "phase_shift11" = "0 ps"
    Info (12134): Parameter "duty_cycle11" = "50"
    Info (12134): Parameter "output_clock_frequency12" = "0 MHz"
    Info (12134): Parameter "phase_shift12" = "0 ps"
    Info (12134): Parameter "duty_cycle12" = "50"
    Info (12134): Parameter "output_clock_frequency13" = "0 MHz"
    Info (12134): Parameter "phase_shift13" = "0 ps"
    Info (12134): Parameter "duty_cycle13" = "50"
    Info (12134): Parameter "output_clock_frequency14" = "0 MHz"
    Info (12134): Parameter "phase_shift14" = "0 ps"
    Info (12134): Parameter "duty_cycle14" = "50"
    Info (12134): Parameter "output_clock_frequency15" = "0 MHz"
    Info (12134): Parameter "phase_shift15" = "0 ps"
    Info (12134): Parameter "duty_cycle15" = "50"
    Info (12134): Parameter "output_clock_frequency16" = "0 MHz"
    Info (12134): Parameter "phase_shift16" = "0 ps"
    Info (12134): Parameter "duty_cycle16" = "50"
    Info (12134): Parameter "output_clock_frequency17" = "0 MHz"
    Info (12134): Parameter "phase_shift17" = "0 ps"
    Info (12134): Parameter "duty_cycle17" = "50"
    Info (12134): Parameter "pll_type" = "General"
    Info (12134): Parameter "pll_subtype" = "General"
Info (12128): Elaborating entity "audio_out" for hierarchy "audio_out:audio_out" File: /home/alans/mister/MacQuadra800_MiSTer/scratch/fpu_normal_single_move_quartus_20260928_seed27/tree/sys/sys_top.v Line: 1665
Info (12128): Elaborating entity "i2s" for hierarchy "audio_out:audio_out|i2s:i2s" File: /home/alans/mister/MacQuadra800_MiSTer/scratch/fpu_normal_single_move_quartus_20260928_seed27/tree/sys/audio_out.sv Line: 109
Info (12128): Elaborating entity "spdif" for hierarchy "audio_out:audio_out|spdif:toslink" File: /home/alans/mister/MacQuadra800_MiSTer/scratch/fpu_normal_single_move_quartus_20260928_seed27/tree/sys/audio_out.sv Line: 120
Info (12128): Elaborating entity "sigma_delta_dac" for hierarchy "audio_out:audio_out|sigma_delta_dac:sd_l" File: /home/alans/mister/MacQuadra800_MiSTer/scratch/fpu_normal_single_move_quartus_20260928_seed27/tree/sys/audio_out.sv Line: 128
Info (12128): Elaborating entity "DC_blocker" for hierarchy "audio_out:audio_out|DC_blocker:dcb_l" File: /home/alans/mister/MacQuadra800_MiSTer/scratch/fpu_normal_single_move_quartus_20260928_seed27/tree/sys/audio_out.sv Line: 257
Info (12128): Elaborating entity "aud_mix_top" for hierarchy "audio_out:audio_out|aud_mix_top:audmix_l" File: /home/alans/mister/MacQuadra800_MiSTer/scratch/fpu_normal_single_move_quartus_20260928_seed27/tree/sys/audio_out.sv Line: 285
Info (12128): Elaborating entity "sync_fix" for hierarchy "sync_fix:sync_v" File: /home/alans/mister/MacQuadra800_MiSTer/scratch/fpu_normal_single_move_quartus_20260928_seed27/tree/sys/sys_top.v Line: 1757
Info (12128): Elaborating entity "emu" for hierarchy "emu:emu" File: /home/alans/mister/MacQuadra800_MiSTer/scratch/fpu_normal_single_move_quartus_20260928_seed27/tree/sys/sys_top.v Line: 1930
Warning (10036): Verilog HDL or VHDL warning at MacQuadra800.sv(864): object "vram_compact" assigned a value but never read File: /home/alans/mister/MacQuadra800_MiSTer/scratch/fpu_normal_single_move_quartus_20260928_seed27/tree/MacQuadra800.sv Line: 864
Info (12128): Elaborating entity "hps_io" for hierarchy "emu:emu|hps_io:hps_io" File: /home/alans/mister/MacQuadra800_MiSTer/scratch/fpu_normal_single_move_quartus_20260928_seed27/tree/MacQuadra800.sv Line: 235
Info (10264): Verilog HDL Case Statement information at hps_io.sv(423): all case item expressions in this case statement are onehot File: /home/alans/mister/MacQuadra800_MiSTer/scratch/fpu_normal_single_move_quartus_20260928_seed27/tree/sys/hps_io.sv Line: 423
Info (10264): Verilog HDL Case Statement information at hps_io.sv(452): all case item expressions in this case statement are onehot File: /home/alans/mister/MacQuadra800_MiSTer/scratch/fpu_normal_single_move_quartus_20260928_seed27/tree/sys/hps_io.sv Line: 452
Info (12128): Elaborating entity "pll_video" for hierarchy "emu:emu|pll_video:pllv" File: /home/alans/mister/MacQuadra800_MiSTer/scratch/fpu_normal_single_move_quartus_20260928_seed27/tree/MacQuadra800.sv Line: 267
Info (12128): Elaborating entity "altera_pll" for hierarchy "emu:emu|pll_video:pllv|altera_pll:altera_pll_i" File: /home/alans/mister/MacQuadra800_MiSTer/scratch/fpu_normal_single_move_quartus_20260928_seed27/tree/rtl/pll_video.v Line: 263
Info (10008): Verilog HDL or VHDL information: EDA Netlist Writer cannot regroup multidimensional array "wire_to_nowhere_64" into its bus
Info (12130): Elaborated megafunction instantiation "emu:emu|pll_video:pllv|altera_pll:altera_pll_i" File: /home/alans/mister/MacQuadra800_MiSTer/scratch/fpu_normal_single_move_quartus_20260928_seed27/tree/rtl/pll_video.v Line: 263
Info (12133): Instantiated megafunction "emu:emu|pll_video:pllv|altera_pll:altera_pll_i" with the following parameter: File: /home/alans/mister/MacQuadra800_MiSTer/scratch/fpu_normal_single_move_quartus_20260928_seed27/tree/rtl/pll_video.v Line: 263
    Info (12134): Parameter "fractional_vco_multiplier" = "true"
    Info (12134): Parameter "reference_clock_frequency" = "50.0 MHz"
    Info (12134): Parameter "pll_fractional_cout" = "32"
    Info (12134): Parameter "pll_dsm_out_sel" = "1st_order"
    Info (12134): Parameter "operation_mode" = "direct"
    Info (12134): Parameter "number_of_clocks" = "1"
    Info (12134): Parameter "output_clock_frequency0" = "25.175000 MHz"
    Info (12134): Parameter "phase_shift0" = "0 ps"
    Info (12134): Parameter "duty_cycle0" = "50"
    Info (12134): Parameter "output_clock_frequency1" = "0 MHz"
    Info (12134): Parameter "phase_shift1" = "0 ps"
    Info (12134): Parameter "duty_cycle1" = "50"
    Info (12134): Parameter "output_clock_frequency2" = "0 MHz"
    Info (12134): Parameter "phase_shift2" = "0 ps"
    Info (12134): Parameter "duty_cycle2" = "50"
    Info (12134): Parameter "output_clock_frequency3" = "0 MHz"
    Info (12134): Parameter "phase_shift3" = "0 ps"
    Info (12134): Parameter "duty_cycle3" = "50"
    Info (12134): Parameter "output_clock_frequency4" = "0 MHz"
    Info (12134): Parameter "phase_shift4" = "0 ps"
    Info (12134): Parameter "duty_cycle4" = "50"
    Info (12134): Parameter "output_clock_frequency5" = "0 MHz"
    Info (12134): Parameter "phase_shift5" = "0 ps"
    Info (12134): Parameter "duty_cycle5" = "50"
    Info (12134): Parameter "output_clock_frequency6" = "0 MHz"
    Info (12134): Parameter "phase_shift6" = "0 ps"
    Info (12134): Parameter "duty_cycle6" = "50"
    Info (12134): Parameter "output_clock_frequency7" = "0 MHz"
    Info (12134): Parameter "phase_shift7" = "0 ps"
    Info (12134): Parameter "duty_cycle7" = "50"
    Info (12134): Parameter "output_clock_frequency8" = "0 MHz"
    Info (12134): Parameter "phase_shift8" = "0 ps"
    Info (12134): Parameter "duty_cycle8" = "50"
    Info (12134): Parameter "output_clock_frequency9" = "0 MHz"
    Info (12134): Parameter "phase_shift9" = "0 ps"
    Info (12134): Parameter "duty_cycle9" = "50"
    Info (12134): Parameter "output_clock_frequency10" = "0 MHz"
    Info (12134): Parameter "phase_shift10" = "0 ps"
    Info (12134): Parameter "duty_cycle10" = "50"
    Info (12134): Parameter "output_clock_frequency11" = "0 MHz"
    Info (12134): Parameter "phase_shift11" = "0 ps"
    Info (12134): Parameter "duty_cycle11" = "50"
    Info (12134): Parameter "output_clock_frequency12" = "0 MHz"
    Info (12134): Parameter "phase_shift12" = "0 ps"
    Info (12134): Parameter "duty_cycle12" = "50"
    Info (12134): Parameter "output_clock_frequency13" = "0 MHz"
    Info (12134): Parameter "phase_shift13" = "0 ps"
    Info (12134): Parameter "duty_cycle13" = "50"
    Info (12134): Parameter "output_clock_frequency14" = "0 MHz"
    Info (12134): Parameter "phase_shift14" = "0 ps"
    Info (12134): Parameter "duty_cycle14" = "50"
    Info (12134): Parameter "output_clock_frequency15" = "0 MHz"
    Info (12134): Parameter "phase_shift15" = "0 ps"
    Info (12134): Parameter "duty_cycle15" = "50"
    Info (12134): Parameter "output_clock_frequency16" = "0 MHz"
    Info (12134): Parameter "phase_shift16" = "0 ps"
    Info (12134): Parameter "duty_cycle16" = "50"
    Info (12134): Parameter "output_clock_frequency17" = "0 MHz"
    Info (12134): Parameter "phase_shift17" = "0 ps"
    Info (12134): Parameter "duty_cycle17" = "50"
    Info (12134): Parameter "pll_type" = "Cyclone V"
    Info (12134): Parameter "pll_subtype" = "Reconfigurable"
    Info (12134): Parameter "m_cnt_hi_div" = "7"
    Info (12134): Parameter "m_cnt_lo_div" = "7"
    Info (12134): Parameter "n_cnt_hi_div" = "256"
    Info (12134): Parameter "n_cnt_lo_div" = "256"
    Info (12134): Parameter "m_cnt_bypass_en" = "false"
    Info (12134): Parameter "n_cnt_bypass_en" = "true"
    Info (12134): Parameter "m_cnt_odd_div_duty_en" = "false"
    Info (12134): Parameter "n_cnt_odd_div_duty_en" = "false"
    Info (12134): Parameter "c_cnt_hi_div0" = "14"
    Info (12134): Parameter "c_cnt_lo_div0" = "14"
    Info (12134): Parameter "c_cnt_prst0" = "1"
    Info (12134): Parameter "c_cnt_ph_mux_prst0" = "0"
    Info (12134): Parameter "c_cnt_in_src0" = "ph_mux_clk"
    Info (12134): Parameter "c_cnt_bypass_en0" = "false"
    Info (12134): Parameter "c_cnt_odd_div_duty_en0" = "false"
    Info (12134): Parameter "c_cnt_hi_div1" = "1"
    Info (12134): Parameter "c_cnt_lo_div1" = "1"
    Info (12134): Parameter "c_cnt_prst1" = "1"
    Info (12134): Parameter "c_cnt_ph_mux_prst1" = "0"
    Info (12134): Parameter "c_cnt_in_src1" = "ph_mux_clk"
    Info (12134): Parameter "c_cnt_bypass_en1" = "true"
    Info (12134): Parameter "c_cnt_odd_div_duty_en1" = "false"
    Info (12134): Parameter "c_cnt_hi_div2" = "1"
    Info (12134): Parameter "c_cnt_lo_div2" = "1"
    Info (12134): Parameter "c_cnt_prst2" = "1"
    Info (12134): Parameter "c_cnt_ph_mux_prst2" = "0"
    Info (12134): Parameter "c_cnt_in_src2" = "ph_mux_clk"
    Info (12134): Parameter "c_cnt_bypass_en2" = "true"
    Info (12134): Parameter "c_cnt_odd_div_duty_en2" = "false"
    Info (12134): Parameter "c_cnt_hi_div3" = "1"
    Info (12134): Parameter "c_cnt_lo_div3" = "1"
    Info (12134): Parameter "c_cnt_prst3" = "1"
    Info (12134): Parameter "c_cnt_ph_mux_prst3" = "0"
    Info (12134): Parameter "c_cnt_in_src3" = "ph_mux_clk"
    Info (12134): Parameter "c_cnt_bypass_en3" = "true"
    Info (12134): Parameter "c_cnt_odd_div_duty_en3" = "false"
    Info (12134): Parameter "c_cnt_hi_div4" = "1"
    Info (12134): Parameter "c_cnt_lo_div4" = "1"
    Info (12134): Parameter "c_cnt_prst4" = "1"
    Info (12134): Parameter "c_cnt_ph_mux_prst4" = "0"
    Info (12134): Parameter "c_cnt_in_src4" = "ph_mux_clk"
    Info (12134): Parameter "c_cnt_bypass_en4" = "true"
    Info (12134): Parameter "c_cnt_odd_div_duty_en4" = "false"
    Info (12134): Parameter "c_cnt_hi_div5" = "1"
    Info (12134): Parameter "c_cnt_lo_div5" = "1"
    Info (12134): Parameter "c_cnt_prst5" = "1"
    Info (12134): Parameter "c_cnt_ph_mux_prst5" = "0"
    Info (12134): Parameter "c_cnt_in_src5" = "ph_mux_clk"
    Info (12134): Parameter "c_cnt_bypass_en5" = "true"
    Info (12134): Parameter "c_cnt_odd_div_duty_en5" = "false"
    Info (12134): Parameter "c_cnt_hi_div6" = "1"
    Info (12134): Parameter "c_cnt_lo_div6" = "1"
    Info (12134): Parameter "c_cnt_prst6" = "1"
    Info (12134): Parameter "c_cnt_ph_mux_prst6" = "0"
    Info (12134): Parameter "c_cnt_in_src6" = "ph_mux_clk"
    Info (12134): Parameter "c_cnt_bypass_en6" = "true"
    Info (12134): Parameter "c_cnt_odd_div_duty_en6" = "false"
    Info (12134): Parameter "c_cnt_hi_div7" = "1"
    Info (12134): Parameter "c_cnt_lo_div7" = "1"
    Info (12134): Parameter "c_cnt_prst7" = "1"
    Info (12134): Parameter "c_cnt_ph_mux_prst7" = "0"
    Info (12134): Parameter "c_cnt_in_src7" = "ph_mux_clk"
    Info (12134): Parameter "c_cnt_bypass_en7" = "true"
    Info (12134): Parameter "c_cnt_odd_div_duty_en7" = "false"
    Info (12134): Parameter "c_cnt_hi_div8" = "1"
    Info (12134): Parameter "c_cnt_lo_div8" = "1"
    Info (12134): Parameter "c_cnt_prst8" = "1"
    Info (12134): Parameter "c_cnt_ph_mux_prst8" = "0"
    Info (12134): Parameter "c_cnt_in_src8" = "ph_mux_clk"
    Info (12134): Parameter "c_cnt_bypass_en8" = "true"
    Info (12134): Parameter "c_cnt_odd_div_duty_en8" = "false"
    Info (12134): Parameter "c_cnt_hi_div9" = "1"
    Info (12134): Parameter "c_cnt_lo_div9" = "1"
    Info (12134): Parameter "c_cnt_prst9" = "1"
    Info (12134): Parameter "c_cnt_ph_mux_prst9" = "0"
    Info (12134): Parameter "c_cnt_in_src9" = "ph_mux_clk"
    Info (12134): Parameter "c_cnt_bypass_en9" = "true"
    Info (12134): Parameter "c_cnt_odd_div_duty_en9" = "false"
    Info (12134): Parameter "c_cnt_hi_div10" = "1"
    Info (12134): Parameter "c_cnt_lo_div10" = "1"
    Info (12134): Parameter "c_cnt_prst10" = "1"
    Info (12134): Parameter "c_cnt_ph_mux_prst10" = "0"
    Info (12134): Parameter "c_cnt_in_src10" = "ph_mux_clk"
    Info (12134): Parameter "c_cnt_bypass_en10" = "true"
    Info (12134): Parameter "c_cnt_odd_div_duty_en10" = "false"
    Info (12134): Parameter "c_cnt_hi_div11" = "1"
    Info (12134): Parameter "c_cnt_lo_div11" = "1"
    Info (12134): Parameter "c_cnt_prst11" = "1"
    Info (12134): Parameter "c_cnt_ph_mux_prst11" = "0"
    Info (12134): Parameter "c_cnt_in_src11" = "ph_mux_clk"
    Info (12134): Parameter "c_cnt_bypass_en11" = "true"
    Info (12134): Parameter "c_cnt_odd_div_duty_en11" = "false"
    Info (12134): Parameter "c_cnt_hi_div12" = "1"
    Info (12134): Parameter "c_cnt_lo_div12" = "1"
    Info (12134): Parameter "c_cnt_prst12" = "1"
    Info (12134): Parameter "c_cnt_ph_mux_prst12" = "0"
    Info (12134): Parameter "c_cnt_in_src12" = "ph_mux_clk"
    Info (12134): Parameter "c_cnt_bypass_en12" = "true"
    Info (12134): Parameter "c_cnt_odd_div_duty_en12" = "false"
    Info (12134): Parameter "c_cnt_hi_div13" = "1"
    Info (12134): Parameter "c_cnt_lo_div13" = "1"
    Info (12134): Parameter "c_cnt_prst13" = "1"
    Info (12134): Parameter "c_cnt_ph_mux_prst13" = "0"
    Info (12134): Parameter "c_cnt_in_src13" = "ph_mux_clk"
    Info (12134): Parameter "c_cnt_bypass_en13" = "true"
    Info (12134): Parameter "c_cnt_odd_div_duty_en13" = "false"
    Info (12134): Parameter "c_cnt_hi_div14" = "1"
    Info (12134): Parameter "c_cnt_lo_div14" = "1"
    Info (12134): Parameter "c_cnt_prst14" = "1"
    Info (12134): Parameter "c_cnt_ph_mux_prst14" = "0"
    Info (12134): Parameter "c_cnt_in_src14" = "ph_mux_clk"
    Info (12134): Parameter "c_cnt_bypass_en14" = "true"
    Info (12134): Parameter "c_cnt_odd_div_duty_en14" = "false"
    Info (12134): Parameter "c_cnt_hi_div15" = "1"
    Info (12134): Parameter "c_cnt_lo_div15" = "1"
    Info (12134): Parameter "c_cnt_prst15" = "1"
    Info (12134): Parameter "c_cnt_ph_mux_prst15" = "0"
    Info (12134): Parameter "c_cnt_in_src15" = "ph_mux_clk"
    Info (12134): Parameter "c_cnt_bypass_en15" = "true"
    Info (12134): Parameter "c_cnt_odd_div_duty_en15" = "false"
    Info (12134): Parameter "c_cnt_hi_div16" = "1"
    Info (12134): Parameter "c_cnt_lo_div16" = "1"
    Info (12134): Parameter "c_cnt_prst16" = "1"
    Info (12134): Parameter "c_cnt_ph_mux_prst16" = "0"
    Info (12134): Parameter "c_cnt_in_src16" = "ph_mux_clk"
    Info (12134): Parameter "c_cnt_bypass_en16" = "true"
    Info (12134): Parameter "c_cnt_odd_div_duty_en16" = "false"
    Info (12134): Parameter "c_cnt_hi_div17" = "1"
    Info (12134): Parameter "c_cnt_lo_div17" = "1"
    Info (12134): Parameter "c_cnt_prst17" = "1"
    Info (12134): Parameter "c_cnt_ph_mux_prst17" = "0"
    Info (12134): Parameter "c_cnt_in_src17" = "ph_mux_clk"
    Info (12134): Parameter "c_cnt_bypass_en17" = "true"
    Info (12134): Parameter "c_cnt_odd_div_duty_en17" = "false"
    Info (12134): Parameter "pll_vco_div" = "1"
    Info (12134): Parameter "pll_cp_current" = "20"
    Info (12134): Parameter "pll_bwctrl" = "4000"
    Info (12134): Parameter "pll_output_clk_frequency" = "704.899999 MHz"
    Info (12134): Parameter "pll_fractional_division" = "420906795"
Info (12128): Elaborating entity "pll" for hierarchy "emu:emu|pll:pll" File: /home/alans/mister/MacQuadra800_MiSTer/scratch/fpu_normal_single_move_quartus_20260928_seed27/tree/MacQuadra800.sv Line: 368
Info (12128): Elaborating entity "pll_0002" for hierarchy "emu:emu|pll:pll|pll_0002:pll_inst" File: /home/alans/mister/MacQuadra800_MiSTer/scratch/fpu_normal_single_move_quartus_20260928_seed27/tree/rtl/pll.v Line: 22
Info (12128): Elaborating entity "altera_pll" for hierarchy "emu:emu|pll:pll|pll_0002:pll_inst|altera_pll:altera_pll_i" File: /home/alans/mister/MacQuadra800_MiSTer/scratch/fpu_normal_single_move_quartus_20260928_seed27/tree/rtl/pll/pll_0002.v Line: 90
Info (10008): Verilog HDL or VHDL information: EDA Netlist Writer cannot regroup multidimensional array "wire_to_nowhere_64" into its bus
Info (12130): Elaborated megafunction instantiation "emu:emu|pll:pll|pll_0002:pll_inst|altera_pll:altera_pll_i" File: /home/alans/mister/MacQuadra800_MiSTer/scratch/fpu_normal_single_move_quartus_20260928_seed27/tree/rtl/pll/pll_0002.v Line: 90
Info (12133): Instantiated megafunction "emu:emu|pll:pll|pll_0002:pll_inst|altera_pll:altera_pll_i" with the following parameter: File: /home/alans/mister/MacQuadra800_MiSTer/scratch/fpu_normal_single_move_quartus_20260928_seed27/tree/rtl/pll/pll_0002.v Line: 90
    Info (12134): Parameter "fractional_vco_multiplier" = "false"
    Info (12134): Parameter "reference_clock_frequency" = "50.0 MHz"
    Info (12134): Parameter "operation_mode" = "direct"
    Info (12134): Parameter "number_of_clocks" = "2"
    Info (12134): Parameter "output_clock_frequency0" = "33.000000 MHz"
    Info (12134): Parameter "phase_shift0" = "0 ps"
    Info (12134): Parameter "duty_cycle0" = "50"
    Info (12134): Parameter "output_clock_frequency1" = "99.000000 MHz"
    Info (12134): Parameter "phase_shift1" = "0 ps"
    Info (12134): Parameter "duty_cycle1" = "50"
    Info (12134): Parameter "output_clock_frequency2" = "0 MHz"
    Info (12134): Parameter "phase_shift2" = "0 ps"
    Info (12134): Parameter "duty_cycle2" = "50"
    Info (12134): Parameter "output_clock_frequency3" = "0 MHz"
    Info (12134): Parameter "phase_shift3" = "0 ps"
    Info (12134): Parameter "duty_cycle3" = "50"
    Info (12134): Parameter "output_clock_frequency4" = "0 MHz"
    Info (12134): Parameter "phase_shift4" = "0 ps"
    Info (12134): Parameter "duty_cycle4" = "50"
    Info (12134): Parameter "output_clock_frequency5" = "0 MHz"
    Info (12134): Parameter "phase_shift5" = "0 ps"
    Info (12134): Parameter "duty_cycle5" = "50"
    Info (12134): Parameter "output_clock_frequency6" = "0 MHz"
    Info (12134): Parameter "phase_shift6" = "0 ps"
    Info (12134): Parameter "duty_cycle6" = "50"
    Info (12134): Parameter "output_clock_frequency7" = "0 MHz"
    Info (12134): Parameter "phase_shift7" = "0 ps"
    Info (12134): Parameter "duty_cycle7" = "50"
    Info (12134): Parameter "output_clock_frequency8" = "0 MHz"
    Info (12134): Parameter "phase_shift8" = "0 ps"
    Info (12134): Parameter "duty_cycle8" = "50"
    Info (12134): Parameter "output_clock_frequency9" = "0 MHz"
    Info (12134): Parameter "phase_shift9" = "0 ps"
    Info (12134): Parameter "duty_cycle9" = "50"
    Info (12134): Parameter "output_clock_frequency10" = "0 MHz"
    Info (12134): Parameter "phase_shift10" = "0 ps"
    Info (12134): Parameter "duty_cycle10" = "50"
    Info (12134): Parameter "output_clock_frequency11" = "0 MHz"
    Info (12134): Parameter "phase_shift11" = "0 ps"
    Info (12134): Parameter "duty_cycle11" = "50"
    Info (12134): Parameter "output_clock_frequency12" = "0 MHz"
    Info (12134): Parameter "phase_shift12" = "0 ps"
    Info (12134): Parameter "duty_cycle12" = "50"
    Info (12134): Parameter "output_clock_frequency13" = "0 MHz"
    Info (12134): Parameter "phase_shift13" = "0 ps"
    Info (12134): Parameter "duty_cycle13" = "50"
    Info (12134): Parameter "output_clock_frequency14" = "0 MHz"
    Info (12134): Parameter "phase_shift14" = "0 ps"
    Info (12134): Parameter "duty_cycle14" = "50"
    Info (12134): Parameter "output_clock_frequency15" = "0 MHz"
    Info (12134): Parameter "phase_shift15" = "0 ps"
    Info (12134): Parameter "duty_cycle15" = "50"
    Info (12134): Parameter "output_clock_frequency16" = "0 MHz"
    Info (12134): Parameter "phase_shift16" = "0 ps"
    Info (12134): Parameter "duty_cycle16" = "50"
    Info (12134): Parameter "output_clock_frequency17" = "0 MHz"
    Info (12134): Parameter "phase_shift17" = "0 ps"
    Info (12134): Parameter "duty_cycle17" = "50"
    Info (12134): Parameter "pll_type" = "General"
    Info (12134): Parameter "pll_subtype" = "General"
Info (12128): Elaborating entity "quadra800" for hierarchy "emu:emu|quadra800:machine" File: /home/alans/mister/MacQuadra800_MiSTer/scratch/fpu_normal_single_move_quartus_20260928_seed27/tree/MacQuadra800.sv Line: 614
Warning (10036): Verilog HDL or VHDL warning at quadra800.sv(212): object "cache_hits" assigned a value but never read File: /home/alans/mister/MacQuadra800_MiSTer/scratch/fpu_normal_single_move_quartus_20260928_seed27/tree/rtl/quadra800.sv Line: 212
Warning (10036): Verilog HDL or VHDL warning at quadra800.sv(212): object "cache_misses" assigned a value but never read File: /home/alans/mister/MacQuadra800_MiSTer/scratch/fpu_normal_single_move_quartus_20260928_seed27/tree/rtl/quadra800.sv Line: 212
Info (12128): Elaborating entity "wombat_cpu" for hierarchy "emu:emu|quadra800:machine|wombat_cpu:cpu" File: /home/alans/mister/MacQuadra800_MiSTer/scratch/fpu_normal_single_move_quartus_20260928_seed27/tree/rtl/quadra800.sv Line: 336
Info (12128): Elaborating entity "ap040_bus_timeout" for hierarchy "emu:emu|quadra800:machine|wombat_cpu:cpu|ap040_bus_timeout:core_stall_watchdog" File: /home/alans/mister/MacQuadra800_MiSTer/scratch/fpu_normal_single_move_quartus_20260928_seed27/tree/rtl/wombat_cpu.sv Line: 182
Info (12128): Elaborating entity "ap040_core" for hierarchy "emu:emu|quadra800:machine|wombat_cpu:cpu|ap040_core:core" File: /home/alans/mister/MacQuadra800_MiSTer/scratch/fpu_normal_single_move_quartus_20260928_seed27/tree/rtl/wombat_cpu.sv Line: 294
Warning (10036): Verilog HDL or VHDL warning at ap040_core.v(158): object "mmusr" assigned a value but never read File: /home/alans/mister/MacQuadra800_MiSTer/scratch/fpu_normal_single_move_quartus_20260928_seed27/tree/rtl/ap68040/rtl/ap040_core.v Line: 158
Warning (10036): Verilog HDL or VHDL warning at ap040_core.v(924): object "epf_brf" assigned a value but never read File: /home/alans/mister/MacQuadra800_MiSTer/scratch/fpu_normal_single_move_quartus_20260928_seed27/tree/rtl/ap68040/rtl/ap040_core.v Line: 924
Warning (10036): Verilog HDL or VHDL warning at ap040_core.v(1025): object "m_wr" assigned a value but never read File: /home/alans/mister/MacQuadra800_MiSTer/scratch/fpu_normal_single_move_quartus_20260928_seed27/tree/rtl/ap68040/rtl/ap040_core.v Line: 1025
Warning (10036): Verilog HDL or VHDL warning at ap040_core.v(1129): object "aer_wd" assigned a value but never read File: /home/alans/mister/MacQuadra800_MiSTer/scratch/fpu_normal_single_move_quartus_20260928_seed27/tree/rtl/ap68040/rtl/ap040_core.v Line: 1129
Warning (10036): Verilog HDL or VHDL warning at ap040_core.v(1137): object "m16_rd_done" assigned a value but never read File: /home/alans/mister/MacQuadra800_MiSTer/scratch/fpu_normal_single_move_quartus_20260928_seed27/tree/rtl/ap68040/rtl/ap040_core.v Line: 1137
Warning (10036): Verilog HDL or VHDL warning at ap040_core.v(1175): object "aer_ea" assigned a value but never read File: /home/alans/mister/MacQuadra800_MiSTer/scratch/fpu_normal_single_move_quartus_20260928_seed27/tree/rtl/ap68040/rtl/ap040_core.v Line: 1175
Warning (10036): Verilog HDL or VHDL warning at ap040_core.v(1427): object "fp_cnt" assigned a value but never read File: /home/alans/mister/MacQuadra800_MiSTer/scratch/fpu_normal_single_move_quartus_20260928_seed27/tree/rtl/ap68040/rtl/ap040_core.v Line: 1427
Warning (10036): Verilog HDL or VHDL warning at ap040_core.v(2464): object "aer_ssw" assigned a value but never read File: /home/alans/mister/MacQuadra800_MiSTer/scratch/fpu_normal_single_move_quartus_20260928_seed27/tree/rtl/ap68040/rtl/ap040_core.v Line: 2464
Warning (10036): Verilog HDL or VHDL warning at ap040_core.v(2565): object "rgo_cond" assigned a value but never read File: /home/alans/mister/MacQuadra800_MiSTer/scratch/fpu_normal_single_move_quartus_20260928_seed27/tree/rtl/ap68040/rtl/ap040_core.v Line: 2565
Warning (10036): Verilog HDL or VHDL warning at ap040_core.v(2836): object "n_base_hazard" assigned a value but never read File: /home/alans/mister/MacQuadra800_MiSTer/scratch/fpu_normal_single_move_quartus_20260928_seed27/tree/rtl/ap68040/rtl/ap040_core.v Line: 2836
Warning (10036): Verilog HDL or VHDL warning at ap040_core.v(3364): object "ea_state" assigned a value but never read File: /home/alans/mister/MacQuadra800_MiSTer/scratch/fpu_normal_single_move_quartus_20260928_seed27/tree/rtl/ap68040/rtl/ap040_core.v Line: 3364
Info (10264): Verilog HDL Case Statement information at ap040_core.v(5749): all case item expressions in this case statement are onehot File: /home/alans/mister/MacQuadra800_MiSTer/scratch/fpu_normal_single_move_quartus_20260928_seed27/tree/rtl/ap68040/rtl/ap040_core.v Line: 5749
Info (10264): Verilog HDL Case Statement information at ap040_core.v(5994): all case item expressions in this case statement are onehot File: /home/alans/mister/MacQuadra800_MiSTer/scratch/fpu_normal_single_move_quartus_20260928_seed27/tree/rtl/ap68040/rtl/ap040_core.v Line: 5994
Info (10264): Verilog HDL Case Statement information at ap040_core.v(6017): all case item expressions in this case statement are onehot File: /home/alans/mister/MacQuadra800_MiSTer/scratch/fpu_normal_single_move_quartus_20260928_seed27/tree/rtl/ap68040/rtl/ap040_core.v Line: 6017
Info (10264): Verilog HDL Case Statement information at ap040_core.v(6295): all case item expressions in this case statement are onehot File: /home/alans/mister/MacQuadra800_MiSTer/scratch/fpu_normal_single_move_quartus_20260928_seed27/tree/rtl/ap68040/rtl/ap040_core.v Line: 6295
Info (10264): Verilog HDL Case Statement information at ap040_core.v(6326): all case item expressions in this case statement are onehot File: /home/alans/mister/MacQuadra800_MiSTer/scratch/fpu_normal_single_move_quartus_20260928_seed27/tree/rtl/ap68040/rtl/ap040_core.v Line: 6326
Info (10264): Verilog HDL Case Statement information at ap040_core.v(6408): all case item expressions in this case statement are onehot File: /home/alans/mister/MacQuadra800_MiSTer/scratch/fpu_normal_single_move_quartus_20260928_seed27/tree/rtl/ap68040/rtl/ap040_core.v Line: 6408
Info (10264): Verilog HDL Case Statement information at ap040_core.v(6552): all case item expressions in this case statement are onehot File: /home/alans/mister/MacQuadra800_MiSTer/scratch/fpu_normal_single_move_quartus_20260928_seed27/tree/rtl/ap68040/rtl/ap040_core.v Line: 6552
Info (10264): Verilog HDL Case Statement information at ap040_core.v(6462): all case item expressions in this case statement are onehot File: /home/alans/mister/MacQuadra800_MiSTer/scratch/fpu_normal_single_move_quartus_20260928_seed27/tree/rtl/ap68040/rtl/ap040_core.v Line: 6462
Info (10264): Verilog HDL Case Statement information at ap040_core.v(6999): all case item expressions in this case statement are onehot File: /home/alans/mister/MacQuadra800_MiSTer/scratch/fpu_normal_single_move_quartus_20260928_seed27/tree/rtl/ap68040/rtl/ap040_core.v Line: 6999
Warning (10027): Verilog HDL or VHDL warning at the ap040_core.v(7576): index expression is not wide enough to address all of the elements in the array File: /home/alans/mister/MacQuadra800_MiSTer/scratch/fpu_normal_single_move_quartus_20260928_seed27/tree/rtl/ap68040/rtl/ap040_core.v Line: 7576
Info (10264): Verilog HDL Case Statement information at ap040_core.v(8241): all case item expressions in this case statement are onehot File: /home/alans/mister/MacQuadra800_MiSTer/scratch/fpu_normal_single_move_quartus_20260928_seed27/tree/rtl/ap68040/rtl/ap040_core.v Line: 8241
Info (10264): Verilog HDL Case Statement information at ap040_core.v(8266): all case item expressions in this case statement are onehot File: /home/alans/mister/MacQuadra800_MiSTer/scratch/fpu_normal_single_move_quartus_20260928_seed27/tree/rtl/ap68040/rtl/ap040_core.v Line: 8266
Info (10264): Verilog HDL Case Statement information at ap040_core.v(8568): all case item expressions in this case statement are onehot File: /home/alans/mister/MacQuadra800_MiSTer/scratch/fpu_normal_single_move_quartus_20260928_seed27/tree/rtl/ap68040/rtl/ap040_core.v Line: 8568
Warning (10230): Verilog HDL assignment warning at ap040_core.v(8823): truncated value with size 6 to match size of target (3) File: /home/alans/mister/MacQuadra800_MiSTer/scratch/fpu_normal_single_move_quartus_20260928_seed27/tree/rtl/ap68040/rtl/ap040_core.v Line: 8823
Info (10264): Verilog HDL Case Statement information at ap040_core.v(8969): all case item expressions in this case statement are onehot File: /home/alans/mister/MacQuadra800_MiSTer/scratch/fpu_normal_single_move_quartus_20260928_seed27/tree/rtl/ap68040/rtl/ap040_core.v Line: 8969
Info (10264): Verilog HDL Case Statement information at ap040_core.v(3150): all case item expressions in this case statement are onehot File: /home/alans/mister/MacQuadra800_MiSTer/scratch/fpu_normal_single_move_quartus_20260928_seed27/tree/rtl/ap68040/rtl/ap040_core.v Line: 3150
Info (10264): Verilog HDL Case Statement information at ap040_core.v(3187): all case item expressions in this case statement are onehot File: /home/alans/mister/MacQuadra800_MiSTer/scratch/fpu_normal_single_move_quartus_20260928_seed27/tree/rtl/ap68040/rtl/ap040_core.v Line: 3187
Info (12128): Elaborating entity "ap040_pipeline_integer" for hierarchy "emu:emu|quadra800:machine|wombat_cpu:cpu|ap040_core:core|ap040_pipeline_integer:integer_pipeline" File: /home/alans/mister/MacQuadra800_MiSTer/scratch/fpu_normal_single_move_quartus_20260928_seed27/tree/rtl/ap68040/rtl/ap040_core.v Line: 478
Warning (10036): Verilog HDL or VHDL warning at ap040_pipeline_integer.sv(377): object "alu_fast_ok" assigned a value but never read File: /home/alans/mister/MacQuadra800_MiSTer/scratch/fpu_normal_single_move_quartus_20260928_seed27/tree/rtl/ap68040/experimental/ap040_pipeline_integer.sv Line: 377
Info (12128): Elaborating entity "ap040_regfile" for hierarchy "emu:emu|quadra800:machine|wombat_cpu:cpu|ap040_core:core|ap040_regfile:regfile" File: /home/alans/mister/MacQuadra800_MiSTer/scratch/fpu_normal_single_move_quartus_20260928_seed27/tree/rtl/ap68040/rtl/ap040_core.v Line: 527
Info (10264): Verilog HDL Case Statement information at ap040_regfile.v(194): all case item expressions in this case statement are onehot File: /home/alans/mister/MacQuadra800_MiSTer/scratch/fpu_normal_single_move_quartus_20260928_seed27/tree/rtl/ap68040/rtl/ap040_regfile.v Line: 194
Info (12128): Elaborating entity "ap040_alu" for hierarchy "emu:emu|quadra800:machine|wombat_cpu:cpu|ap040_core:core|ap040_alu:alu" File: /home/alans/mister/MacQuadra800_MiSTer/scratch/fpu_normal_single_move_quartus_20260928_seed27/tree/rtl/ap68040/rtl/ap040_core.v Line: 628
Warning (10036): Verilog HDL or VHDL warning at ap040_alu.v(154): object "sh_msb2" assigned a value but never read File: /home/alans/mister/MacQuadra800_MiSTer/scratch/fpu_normal_single_move_quartus_20260928_seed27/tree/rtl/ap68040/rtl/ap040_alu.v Line: 154
Warning (10036): Verilog HDL or VHDL warning at ap040_alu.v(159): object "asr_r" assigned a value but never read File: /home/alans/mister/MacQuadra800_MiSTer/scratch/fpu_normal_single_move_quartus_20260928_seed27/tree/rtl/ap68040/rtl/ap040_alu.v Line: 159
Warning (10036): Verilog HDL or VHDL warning at ap040_alu.v(160): object "rol_r" assigned a value but never read File: /home/alans/mister/MacQuadra800_MiSTer/scratch/fpu_normal_single_move_quartus_20260928_seed27/tree/rtl/ap68040/rtl/ap040_alu.v Line: 160
Warning (10036): Verilog HDL or VHDL warning at ap040_alu.v(161): object "ror_r" assigned a value but never read File: /home/alans/mister/MacQuadra800_MiSTer/scratch/fpu_normal_single_move_quartus_20260928_seed27/tree/rtl/ap68040/rtl/ap040_alu.v Line: 161
Warning (10036): Verilog HDL or VHDL warning at ap040_alu.v(162): object "roxl_r" assigned a value but never read File: /home/alans/mister/MacQuadra800_MiSTer/scratch/fpu_normal_single_move_quartus_20260928_seed27/tree/rtl/ap68040/rtl/ap040_alu.v Line: 162
Warning (10036): Verilog HDL or VHDL warning at ap040_alu.v(163): object "roxr_r" assigned a value but never read File: /home/alans/mister/MacQuadra800_MiSTer/scratch/fpu_normal_single_move_quartus_20260928_seed27/tree/rtl/ap68040/rtl/ap040_alu.v Line: 163
Warning (10036): Verilog HDL or VHDL warning at ap040_alu.v(304): object "ne" assigned a value but never read File: /home/alans/mister/MacQuadra800_MiSTer/scratch/fpu_normal_single_move_quartus_20260928_seed27/tree/rtl/ap68040/rtl/ap040_alu.v Line: 304
Warning (10230): Verilog HDL assignment warning at ap040_alu.v(68): truncated value with size 33 to match size of target (32) File: /home/alans/mister/MacQuadra800_MiSTer/scratch/fpu_normal_single_move_quartus_20260928_seed27/tree/rtl/ap68040/rtl/ap040_alu.v Line: 68
Info (10264): Verilog HDL Case Statement information at ap040_alu.v(318): all case item expressions in this case statement are onehot File: /home/alans/mister/MacQuadra800_MiSTer/scratch/fpu_normal_single_move_quartus_20260928_seed27/tree/rtl/ap68040/rtl/ap040_alu.v Line: 318
Info (12128): Elaborating entity "ap040_muldiv" for hierarchy "emu:emu|quadra800:machine|wombat_cpu:cpu|ap040_core:core|ap040_muldiv:muldiv" File: /home/alans/mister/MacQuadra800_MiSTer/scratch/fpu_normal_single_move_quartus_20260928_seed27/tree/rtl/ap68040/rtl/ap040_core.v Line: 641
Info (12128): Elaborating entity "ap040_fpu" for hierarchy "emu:emu|quadra800:machine|wombat_cpu:cpu|ap040_core:core|ap040_fpu:g_fpu.fpu" File: /home/alans/mister/MacQuadra800_MiSTer/scratch/fpu_normal_single_move_quartus_20260928_seed27/tree/rtl/ap68040/rtl/ap040_core.v Line: 1518
Warning (10036): Verilog HDL or VHDL warning at ap040_fpu.v(140): object "fr_s" assigned a value but never read File: /home/alans/mister/MacQuadra800_MiSTer/scratch/fpu_normal_single_move_quartus_20260928_seed27/tree/rtl/ap68040/rtl/ap040_fpu.v Line: 140
Warning (10036): Verilog HDL or VHDL warning at ap040_fpu.v(141): object "fr_e" assigned a value but never read File: /home/alans/mister/MacQuadra800_MiSTer/scratch/fpu_normal_single_move_quartus_20260928_seed27/tree/rtl/ap68040/rtl/ap040_fpu.v Line: 141
Warning (10036): Verilog HDL or VHDL warning at ap040_fpu.v(142): object "fr_m" assigned a value but never read File: /home/alans/mister/MacQuadra800_MiSTer/scratch/fpu_normal_single_move_quartus_20260928_seed27/tree/rtl/ap68040/rtl/ap040_fpu.v Line: 142
Warning (10036): Verilog HDL or VHDL warning at ap040_fpu.v(309): object "acc_lo" assigned a value but never read File: /home/alans/mister/MacQuadra800_MiSTer/scratch/fpu_normal_single_move_quartus_20260928_seed27/tree/rtl/ap68040/rtl/ap040_fpu.v Line: 309
Warning (10036): Verilog HDL or VHDL warning at ap040_fpu.v(2311): object "tiny" assigned a value but never read File: /home/alans/mister/MacQuadra800_MiSTer/scratch/fpu_normal_single_move_quartus_20260928_seed27/tree/rtl/ap68040/rtl/ap040_fpu.v Line: 2311
Info (10264): Verilog HDL Case Statement information at ap040_fpu.v(1560): all case item expressions in this case statement are onehot File: /home/alans/mister/MacQuadra800_MiSTer/scratch/fpu_normal_single_move_quartus_20260928_seed27/tree/rtl/ap68040/rtl/ap040_fpu.v Line: 1560
Info (10264): Verilog HDL Case Statement information at ap040_fpu.v(1934): all case item expressions in this case statement are onehot File: /home/alans/mister/MacQuadra800_MiSTer/scratch/fpu_normal_single_move_quartus_20260928_seed27/tree/rtl/ap68040/rtl/ap040_fpu.v Line: 1934
Info (10264): Verilog HDL Case Statement information at ap040_fpu.v(2223): all case item expressions in this case statement are onehot File: /home/alans/mister/MacQuadra800_MiSTer/scratch/fpu_normal_single_move_quartus_20260928_seed27/tree/rtl/ap68040/rtl/ap040_fpu.v Line: 2223
Info (12128): Elaborating entity "ap040_fp_regfile" for hierarchy "emu:emu|quadra800:machine|wombat_cpu:cpu|ap040_core:core|ap040_fpu:g_fpu.fpu|ap040_fp_regfile:fpregs" File: /home/alans/mister/MacQuadra800_MiSTer/scratch/fpu_normal_single_move_quartus_20260928_seed27/tree/rtl/ap68040/rtl/ap040_fpu.v Line: 505
Info (12128): Elaborating entity "ap040_mmu" for hierarchy "emu:emu|quadra800:machine|wombat_cpu:cpu|ap040_mmu:mmu" File: /home/alans/mister/MacQuadra800_MiSTer/scratch/fpu_normal_single_move_quartus_20260928_seed27/tree/rtl/wombat_cpu.sv Line: 371
Info (12128): Elaborating entity "dpram" for hierarchy "emu:emu|quadra800:machine|wombat_cpu:cpu|ap040_mmu:mmu|dpram:atc_ram" File: /home/alans/mister/MacQuadra800_MiSTer/scratch/fpu_normal_single_move_quartus_20260928_seed27/tree/rtl/ap68040/rtl/ap040_mmu.v Line: 377
Info (12128): Elaborating entity "altsyncram" for hierarchy "emu:emu|quadra800:machine|wombat_cpu:cpu|ap040_mmu:mmu|dpram:atc_ram|altsyncram:ram" File: /home/alans/mister/MacQuadra800_MiSTer/scratch/fpu_normal_single_move_quartus_20260928_seed27/tree/rtl/dpram.v Line: 90
Info (12130): Elaborated megafunction instantiation "emu:emu|quadra800:machine|wombat_cpu:cpu|ap040_mmu:mmu|dpram:atc_ram|altsyncram:ram" File: /home/alans/mister/MacQuadra800_MiSTer/scratch/fpu_normal_single_move_quartus_20260928_seed27/tree/rtl/dpram.v Line: 90
Info (12133): Instantiated megafunction "emu:emu|quadra800:machine|wombat_cpu:cpu|ap040_mmu:mmu|dpram:atc_ram|altsyncram:ram" with the following parameter: File: /home/alans/mister/MacQuadra800_MiSTer/scratch/fpu_normal_single_move_quartus_20260928_seed27/tree/rtl/dpram.v Line: 90
    Info (12134): Parameter "numwords_a" = "32"
    Info (12134): Parameter "widthad_a" = "5"
    Info (12134): Parameter "width_a" = "184"
    Info (12134): Parameter "numwords_b" = "32"
    Info (12134): Parameter "widthad_b" = "5"
    Info (12134): Parameter "width_b" = "184"
    Info (12134): Parameter "address_reg_b" = "CLOCK0"
    Info (12134): Parameter "clock_enable_input_a" = "BYPASS"
    Info (12134): Parameter "clock_enable_input_b" = "BYPASS"
    Info (12134): Parameter "clock_enable_output_a" = "BYPASS"
    Info (12134): Parameter "clock_enable_output_b" = "BYPASS"
    Info (12134): Parameter "indata_reg_b" = "CLOCK0"
    Info (12134): Parameter "intended_device_family" = "Cyclone V"
    Info (12134): Parameter "lpm_type" = "altsyncram"
    Info (12134): Parameter "operation_mode" = "BIDIR_DUAL_PORT"
    Info (12134): Parameter "outdata_aclr_a" = "NONE"
    Info (12134): Parameter "outdata_aclr_b" = "NONE"
    Info (12134): Parameter "outdata_reg_a" = "UNREGISTERED"
    Info (12134): Parameter "outdata_reg_b" = "UNREGISTERED"
    Info (12134): Parameter "power_up_uninitialized" = "FALSE"
    Info (12134): Parameter "ram_block_type" = "M10K"
    Info (12134): Parameter "read_during_write_mode_mixed_ports" = "DONT_CARE"
    Info (12134): Parameter "read_during_write_mode_port_a" = "NEW_DATA_NO_NBE_READ"
    Info (12134): Parameter "read_during_write_mode_port_b" = "NEW_DATA_NO_NBE_READ"
    Info (12134): Parameter "width_byteena_a" = "1"
    Info (12134): Parameter "width_byteena_b" = "1"
    Info (12134): Parameter "wrcontrol_wraddress_reg_b" = "CLOCK0"
Info (12021): Found 1 design units, including 1 entities, in source file db/altsyncram_fip2.tdf
    Info (12023): Found entity 1: altsyncram_fip2 File: /home/alans/mister/MacQuadra800_MiSTer/scratch/fpu_normal_single_move_quartus_20260928_seed27/tree/db/altsyncram_fip2.tdf Line: 28
Info (12128): Elaborating entity "altsyncram_fip2" for hierarchy "emu:emu|quadra800:machine|wombat_cpu:cpu|ap040_mmu:mmu|dpram:atc_ram|altsyncram:ram|altsyncram_fip2:auto_generated" File: /home/alans/intelFPGA_lite/quartus/libraries/megafunctions/altsyncram.tdf Line: 792
Info (12128): Elaborating entity "ap040_cache" for hierarchy "emu:emu|quadra800:machine|wombat_cpu:cpu|ap040_cache:g_cache.cache" File: /home/alans/mister/MacQuadra800_MiSTer/scratch/fpu_normal_single_move_quartus_20260928_seed27/tree/rtl/wombat_cpu.sv Line: 477
Warning (10036): Verilog HDL or VHDL warning at ap040_cache.v(210): object "c_ihint_addr_x" assigned a value but never read File: /home/alans/mister/MacQuadra800_MiSTer/scratch/fpu_normal_single_move_quartus_20260928_seed27/tree/rtl/ap68040/rtl/ap040_cache.v Line: 210
Warning (10036): Verilog HDL or VHDL warning at ap040_cache.v(242): object "inv_we" assigned a value but never read File: /home/alans/mister/MacQuadra800_MiSTer/scratch/fpu_normal_single_move_quartus_20260928_seed27/tree/rtl/ap68040/rtl/ap040_cache.v Line: 242
Warning (10036): Verilog HDL or VHDL warning at ap040_cache.v(449): object "r_word" assigned a value but never read File: /home/alans/mister/MacQuadra800_MiSTer/scratch/fpu_normal_single_move_quartus_20260928_seed27/tree/rtl/ap68040/rtl/ap040_cache.v Line: 449
Warning (10036): Verilog HDL or VHDL warning at ap040_cache.v(501): object "iline_stb" assigned a value but never read File: /home/alans/mister/MacQuadra800_MiSTer/scratch/fpu_normal_single_move_quartus_20260928_seed27/tree/rtl/ap68040/rtl/ap040_cache.v Line: 501
Warning (10036): Verilog HDL or VHDL warning at ap040_cache.v(951): object "store_merge_word" assigned a value but never read File: /home/alans/mister/MacQuadra800_MiSTer/scratch/fpu_normal_single_move_quartus_20260928_seed27/tree/rtl/ap68040/rtl/ap040_cache.v Line: 951
Warning (10036): Verilog HDL or VHDL warning at ap040_cache.v(1291): object "pair_new" assigned a value but never read File: /home/alans/mister/MacQuadra800_MiSTer/scratch/fpu_normal_single_move_quartus_20260928_seed27/tree/rtl/ap68040/rtl/ap040_cache.v Line: 1291
Warning (10036): Verilog HDL or VHDL warning at ap040_cache.v(1317): object "cross_first_merge" assigned a value but never read File: /home/alans/mister/MacQuadra800_MiSTer/scratch/fpu_normal_single_move_quartus_20260928_seed27/tree/rtl/ap68040/rtl/ap040_cache.v Line: 1317
Warning (10036): Verilog HDL or VHDL warning at ap040_cache.v(1318): object "cross_last_merge" assigned a value but never read File: /home/alans/mister/MacQuadra800_MiSTer/scratch/fpu_normal_single_move_quartus_20260928_seed27/tree/rtl/ap68040/rtl/ap040_cache.v Line: 1318
Info (12128): Elaborating entity "dpram" for hierarchy "emu:emu|quadra800:machine|wombat_cpu:cpu|ap040_cache:g_cache.cache|dpram:ctag_ram" File: /home/alans/mister/MacQuadra800_MiSTer/scratch/fpu_normal_single_move_quartus_20260928_seed27/tree/rtl/ap68040/rtl/ap040_cache.v Line: 265
Info (12128): Elaborating entity "altsyncram" for hierarchy "emu:emu|quadra800:machine|wombat_cpu:cpu|ap040_cache:g_cache.cache|dpram:ctag_ram|altsyncram:ram" File: /home/alans/mister/MacQuadra800_MiSTer/scratch/fpu_normal_single_move_quartus_20260928_seed27/tree/rtl/dpram.v Line: 90
Info (12130): Elaborated megafunction instantiation "emu:emu|quadra800:machine|wombat_cpu:cpu|ap040_cache:g_cache.cache|dpram:ctag_ram|altsyncram:ram" File: /home/alans/mister/MacQuadra800_MiSTer/scratch/fpu_normal_single_move_quartus_20260928_seed27/tree/rtl/dpram.v Line: 90
Info (12133): Instantiated megafunction "emu:emu|quadra800:machine|wombat_cpu:cpu|ap040_cache:g_cache.cache|dpram:ctag_ram|altsyncram:ram" with the following parameter: File: /home/alans/mister/MacQuadra800_MiSTer/scratch/fpu_normal_single_move_quartus_20260928_seed27/tree/rtl/dpram.v Line: 90
    Info (12134): Parameter "numwords_a" = "256"
    Info (12134): Parameter "widthad_a" = "8"
    Info (12134): Parameter "width_a" = "90"
    Info (12134): Parameter "numwords_b" = "256"
    Info (12134): Parameter "widthad_b" = "8"
    Info (12134): Parameter "width_b" = "90"
    Info (12134): Parameter "address_reg_b" = "CLOCK0"
    Info (12134): Parameter "clock_enable_input_a" = "BYPASS"
    Info (12134): Parameter "clock_enable_input_b" = "BYPASS"
    Info (12134): Parameter "clock_enable_output_a" = "BYPASS"
    Info (12134): Parameter "clock_enable_output_b" = "BYPASS"
    Info (12134): Parameter "indata_reg_b" = "CLOCK0"
    Info (12134): Parameter "intended_device_family" = "Cyclone V"
    Info (12134): Parameter "lpm_type" = "altsyncram"
    Info (12134): Parameter "operation_mode" = "BIDIR_DUAL_PORT"
    Info (12134): Parameter "outdata_aclr_a" = "NONE"
    Info (12134): Parameter "outdata_aclr_b" = "NONE"
    Info (12134): Parameter "outdata_reg_a" = "UNREGISTERED"
    Info (12134): Parameter "outdata_reg_b" = "UNREGISTERED"
    Info (12134): Parameter "power_up_uninitialized" = "FALSE"
    Info (12134): Parameter "ram_block_type" = "M10K"
    Info (12134): Parameter "read_during_write_mode_mixed_ports" = "DONT_CARE"
    Info (12134): Parameter "read_during_write_mode_port_a" = "NEW_DATA_NO_NBE_READ"
    Info (12134): Parameter "read_during_write_mode_port_b" = "NEW_DATA_NO_NBE_READ"
    Info (12134): Parameter "width_byteena_a" = "1"
    Info (12134): Parameter "width_byteena_b" = "1"
    Info (12134): Parameter "wrcontrol_wraddress_reg_b" = "CLOCK0"
Info (12021): Found 1 design units, including 1 entities, in source file db/altsyncram_tip2.tdf
    Info (12023): Found entity 1: altsyncram_tip2 File: /home/alans/mister/MacQuadra800_MiSTer/scratch/fpu_normal_single_move_quartus_20260928_seed27/tree/db/altsyncram_tip2.tdf Line: 28
Info (12128): Elaborating entity "altsyncram_tip2" for hierarchy "emu:emu|quadra800:machine|wombat_cpu:cpu|ap040_cache:g_cache.cache|dpram:ctag_ram|altsyncram:ram|altsyncram_tip2:auto_generated" File: /home/alans/intelFPGA_lite/quartus/libraries/megafunctions/altsyncram.tdf Line: 792
Info (12128): Elaborating entity "wombat_store_buffer" for hierarchy "emu:emu|quadra800:machine|wombat_cpu:cpu|wombat_store_buffer:store_buffer" File: /home/alans/mister/MacQuadra800_MiSTer/scratch/fpu_normal_single_move_quartus_20260928_seed27/tree/rtl/wombat_cpu.sv Line: 526
Info (12128): Elaborating entity "wombat_bus32" for hierarchy "emu:emu|quadra800:machine|wombat_bus32:bus32" File: /home/alans/mister/MacQuadra800_MiSTer/scratch/fpu_normal_single_move_quartus_20260928_seed27/tree/rtl/quadra800.sv Line: 367
Info (12128): Elaborating entity "iosb" for hierarchy "emu:emu|quadra800:machine|iosb:iosb" File: /home/alans/mister/MacQuadra800_MiSTer/scratch/fpu_normal_single_move_quartus_20260928_seed27/tree/rtl/quadra800.sv Line: 437
Warning (10036): Verilog HDL or VHDL warning at iosb.sv(447): object "vbl_d" assigned a value but never read File: /home/alans/mister/MacQuadra800_MiSTer/scratch/fpu_normal_single_move_quartus_20260928_seed27/tree/rtl/iosb.sv Line: 447
Warning (10036): Verilog HDL or VHDL warning at iosb.sv(447): object "slot_d" assigned a value but never read File: /home/alans/mister/MacQuadra800_MiSTer/scratch/fpu_normal_single_move_quartus_20260928_seed27/tree/rtl/iosb.sv Line: 447
Info (12128): Elaborating entity "rtc3430042" for hierarchy "emu:emu|quadra800:machine|iosb:iosb|rtc3430042:rtc" File: /home/alans/mister/MacQuadra800_MiSTer/scratch/fpu_normal_single_move_quartus_20260928_seed27/tree/rtl/iosb.sv Line: 179
Warning (10036): Verilog HDL or VHDL warning at rtc3430042.sv(61): object "regsel" assigned a value but never read File: /home/alans/mister/MacQuadra800_MiSTer/scratch/fpu_normal_single_move_quartus_20260928_seed27/tree/rtl/rtc3430042.sv Line: 61
Info (10264): Verilog HDL Case Statement information at rtc3430042.sv(169): all case item expressions in this case statement are onehot File: /home/alans/mister/MacQuadra800_MiSTer/scratch/fpu_normal_single_move_quartus_20260928_seed27/tree/rtl/rtc3430042.sv Line: 169
Warning (10776): Verilog HDL warning at rtc3430042.sv(165): variable r in static task or function exec_cmd may have unintended latch behavior File: /home/alans/mister/MacQuadra800_MiSTer/scratch/fpu_normal_single_move_quartus_20260928_seed27/tree/rtl/rtc3430042.sv Line: 165
Info (12128): Elaborating entity "via6522" for hierarchy "emu:emu|quadra800:machine|iosb:iosb|via6522:via1" File: /home/alans/mister/MacQuadra800_MiSTer/scratch/fpu_normal_single_move_quartus_20260928_seed27/tree/rtl/iosb.sv Line: 228
Warning (10036): Verilog HDL or VHDL warning at via6522.sv(114): object "ca2_event" assigned a value but never read File: /home/alans/mister/MacQuadra800_MiSTer/scratch/fpu_normal_single_move_quartus_20260928_seed27/tree/rtl/via6522.sv Line: 114
Warning (10036): Verilog HDL or VHDL warning at via6522.sv(119): object "cb2_event" assigned a value but never read File: /home/alans/mister/MacQuadra800_MiSTer/scratch/fpu_normal_single_move_quartus_20260928_seed27/tree/rtl/via6522.sv Line: 119
Warning (10036): Verilog HDL or VHDL warning at via6522.sv(125): object "ca2_flag" assigned a value but never read File: /home/alans/mister/MacQuadra800_MiSTer/scratch/fpu_normal_single_move_quartus_20260928_seed27/tree/rtl/via6522.sv Line: 125
Warning (10036): Verilog HDL or VHDL warning at via6522.sv(126): object "ca1_flag" assigned a value but never read File: /home/alans/mister/MacQuadra800_MiSTer/scratch/fpu_normal_single_move_quartus_20260928_seed27/tree/rtl/via6522.sv Line: 126
Warning (10036): Verilog HDL or VHDL warning at via6522.sv(127): object "serial_flag" assigned a value but never read File: /home/alans/mister/MacQuadra800_MiSTer/scratch/fpu_normal_single_move_quartus_20260928_seed27/tree/rtl/via6522.sv Line: 127
Warning (10036): Verilog HDL or VHDL warning at via6522.sv(128): object "cb2_flag" assigned a value but never read File: /home/alans/mister/MacQuadra800_MiSTer/scratch/fpu_normal_single_move_quartus_20260928_seed27/tree/rtl/via6522.sv Line: 128
Warning (10036): Verilog HDL or VHDL warning at via6522.sv(129): object "cb1_flag" assigned a value but never read File: /home/alans/mister/MacQuadra800_MiSTer/scratch/fpu_normal_single_move_quartus_20260928_seed27/tree/rtl/via6522.sv Line: 129
Warning (10036): Verilog HDL or VHDL warning at via6522.sv(130): object "timer_b_flag" assigned a value but never read File: /home/alans/mister/MacQuadra800_MiSTer/scratch/fpu_normal_single_move_quartus_20260928_seed27/tree/rtl/via6522.sv Line: 130
Warning (10036): Verilog HDL or VHDL warning at via6522.sv(131): object "timer_a_flag" assigned a value but never read File: /home/alans/mister/MacQuadra800_MiSTer/scratch/fpu_normal_single_move_quartus_20260928_seed27/tree/rtl/via6522.sv Line: 131
Info (12128): Elaborating entity "adb" for hierarchy "emu:emu|quadra800:machine|iosb:iosb|adb:adbx" File: /home/alans/mister/MacQuadra800_MiSTer/scratch/fpu_normal_single_move_quartus_20260928_seed27/tree/rtl/iosb.sv Line: 268
Warning (10036): Verilog HDL or VHDL warning at adb.sv(94): object "kbdReg0" assigned a value but never read File: /home/alans/mister/MacQuadra800_MiSTer/scratch/fpu_normal_single_move_quartus_20260928_seed27/tree/rtl/adb.sv Line: 94
Warning (10030): Net "response[2..7]" at adb.sv(68) has no driver or initial value, using a default initial value '0' File: /home/alans/mister/MacQuadra800_MiSTer/scratch/fpu_normal_single_move_quartus_20260928_seed27/tree/rtl/adb.sv Line: 68
Info (12128): Elaborating entity "ncr53c96" for hierarchy "emu:emu|quadra800:machine|iosb:iosb|ncr53c96:scsi" File: /home/alans/mister/MacQuadra800_MiSTer/scratch/fpu_normal_single_move_quartus_20260928_seed27/tree/rtl/iosb.sv Line: 580
Warning (10036): Verilog HDL or VHDL warning at ncr53c96.sv(149): object "timeout_r" assigned a value but never read File: /home/alans/mister/MacQuadra800_MiSTer/scratch/fpu_normal_single_move_quartus_20260928_seed27/tree/rtl/ncr53c96.sv Line: 149
Warning (10036): Verilog HDL or VHDL warning at ncr53c96.sv(149): object "syncp" assigned a value but never read File: /home/alans/mister/MacQuadra800_MiSTer/scratch/fpu_normal_single_move_quartus_20260928_seed27/tree/rtl/ncr53c96.sv Line: 149
Warning (10036): Verilog HDL or VHDL warning at ncr53c96.sv(149): object "synco" assigned a value but never read File: /home/alans/mister/MacQuadra800_MiSTer/scratch/fpu_normal_single_move_quartus_20260928_seed27/tree/rtl/ncr53c96.sv Line: 149
Warning (10036): Verilog HDL or VHDL warning at ncr53c96.sv(486): object "sense_r" assigned a value but never read File: /home/alans/mister/MacQuadra800_MiSTer/scratch/fpu_normal_single_move_quartus_20260928_seed27/tree/rtl/ncr53c96.sv Line: 486
Warning (10036): Verilog HDL or VHDL warning at ncr53c96.sv(487): object "asc_r" assigned a value but never read File: /home/alans/mister/MacQuadra800_MiSTer/scratch/fpu_normal_single_move_quartus_20260928_seed27/tree/rtl/ncr53c96.sv Line: 487
Warning (10036): Verilog HDL or VHDL warning at ncr53c96.sv(488): object "cap_r" assigned a value but never read File: /home/alans/mister/MacQuadra800_MiSTer/scratch/fpu_normal_single_move_quartus_20260928_seed27/tree/rtl/ncr53c96.sv Line: 488
Warning (10036): Verilog HDL or VHDL warning at ncr53c96.sv(489): object "cap_cd" assigned a value but never read File: /home/alans/mister/MacQuadra800_MiSTer/scratch/fpu_normal_single_move_quartus_20260928_seed27/tree/rtl/ncr53c96.sv Line: 489
Warning (10036): Verilog HDL or VHDL warning at ncr53c96.sv(490): object "hdr_lba" assigned a value but never read File: /home/alans/mister/MacQuadra800_MiSTer/scratch/fpu_normal_single_move_quartus_20260928_seed27/tree/rtl/ncr53c96.sv Line: 490
Info (10264): Verilog HDL Case Statement information at ncr53c96.sv(1049): all case item expressions in this case statement are onehot File: /home/alans/mister/MacQuadra800_MiSTer/scratch/fpu_normal_single_move_quartus_20260928_seed27/tree/rtl/ncr53c96.sv Line: 1049
Info (12128): Elaborating entity "ncr_sbuf" for hierarchy "emu:emu|quadra800:machine|iosb:iosb|ncr53c96:scsi|ncr_sbuf:sbuf" File: /home/alans/mister/MacQuadra800_MiSTer/scratch/fpu_normal_single_move_quartus_20260928_seed27/tree/rtl/ncr53c96.sv Line: 614
Info (12128): Elaborating entity "altsyncram" for hierarchy "emu:emu|quadra800:machine|iosb:iosb|ncr53c96:scsi|ncr_sbuf:sbuf|altsyncram:ram" File: /home/alans/mister/MacQuadra800_MiSTer/scratch/fpu_normal_single_move_quartus_20260928_seed27/tree/rtl/ncr53c96.sv Line: 1893
Info (12130): Elaborated megafunction instantiation "emu:emu|quadra800:machine|iosb:iosb|ncr53c96:scsi|ncr_sbuf:sbuf|altsyncram:ram" File: /home/alans/mister/MacQuadra800_MiSTer/scratch/fpu_normal_single_move_quartus_20260928_seed27/tree/rtl/ncr53c96.sv Line: 1893
Info (12133): Instantiated megafunction "emu:emu|quadra800:machine|iosb:iosb|ncr53c96:scsi|ncr_sbuf:sbuf|altsyncram:ram" with the following parameter: File: /home/alans/mister/MacQuadra800_MiSTer/scratch/fpu_normal_single_move_quartus_20260928_seed27/tree/rtl/ncr53c96.sv Line: 1893
    Info (12134): Parameter "numwords_a" = "256"
    Info (12134): Parameter "widthad_a" = "8"
    Info (12134): Parameter "width_a" = "16"
    Info (12134): Parameter "width_byteena_a" = "2"
    Info (12134): Parameter "numwords_b" = "256"
    Info (12134): Parameter "widthad_b" = "8"
    Info (12134): Parameter "width_b" = "16"
    Info (12134): Parameter "width_byteena_b" = "1"
    Info (12134): Parameter "address_reg_b" = "CLOCK0"
    Info (12134): Parameter "clock_enable_input_a" = "BYPASS"
    Info (12134): Parameter "clock_enable_input_b" = "BYPASS"
    Info (12134): Parameter "clock_enable_output_a" = "BYPASS"
    Info (12134): Parameter "clock_enable_output_b" = "BYPASS"
    Info (12134): Parameter "indata_reg_b" = "CLOCK0"
    Info (12134): Parameter "intended_device_family" = "Cyclone V"
    Info (12134): Parameter "lpm_type" = "altsyncram"
    Info (12134): Parameter "operation_mode" = "BIDIR_DUAL_PORT"
    Info (12134): Parameter "outdata_aclr_a" = "NONE"
    Info (12134): Parameter "outdata_aclr_b" = "NONE"
    Info (12134): Parameter "outdata_reg_a" = "UNREGISTERED"
    Info (12134): Parameter "outdata_reg_b" = "UNREGISTERED"
    Info (12134): Parameter "power_up_uninitialized" = "FALSE"
    Info (12134): Parameter "ram_block_type" = "M10K"
    Info (12134): Parameter "read_during_write_mode_mixed_ports" = "DONT_CARE"
    Info (12134): Parameter "read_during_write_mode_port_a" = "NEW_DATA_NO_NBE_READ"
    Info (12134): Parameter "read_during_write_mode_port_b" = "NEW_DATA_NO_NBE_READ"
    Info (12134): Parameter "wrcontrol_wraddress_reg_b" = "CLOCK0"
Info (12021): Found 1 design units, including 1 entities, in source file db/altsyncram_2hq2.tdf
    Info (12023): Found entity 1: altsyncram_2hq2 File: /home/alans/mister/MacQuadra800_MiSTer/scratch/fpu_normal_single_move_quartus_20260928_seed27/tree/db/altsyncram_2hq2.tdf Line: 28
Info (12128): Elaborating entity "altsyncram_2hq2" for hierarchy "emu:emu|quadra800:machine|iosb:iosb|ncr53c96:scsi|ncr_sbuf:sbuf|altsyncram:ram|altsyncram_2hq2:auto_generated" File: /home/alans/intelFPGA_lite/quartus/libraries/megafunctions/altsyncram.tdf Line: 792
Info (12128): Elaborating entity "cd_audio" for hierarchy "emu:emu|quadra800:machine|iosb:iosb|ncr53c96:scsi|cd_audio:g_cd_audio.cd_audio_i" File: /home/alans/mister/MacQuadra800_MiSTer/scratch/fpu_normal_single_move_quartus_20260928_seed27/tree/rtl/ncr53c96.sv Line: 1812
Warning (10230): Verilog HDL assignment warning at cd_audio.sv(101): truncated value with size 32 to match size of target (24) File: /home/alans/mister/MacQuadra800_MiSTer/scratch/fpu_normal_single_move_quartus_20260928_seed27/tree/rtl/cd_audio.sv Line: 101
Info (10264): Verilog HDL Case Statement information at cd_audio.sv(413): all case item expressions in this case statement are onehot File: /home/alans/mister/MacQuadra800_MiSTer/scratch/fpu_normal_single_move_quartus_20260928_seed27/tree/rtl/cd_audio.sv Line: 413
Info (12128): Elaborating entity "cd_sdp" for hierarchy "emu:emu|quadra800:machine|iosb:iosb|ncr53c96:scsi|cd_audio:g_cd_audio.cd_audio_i|cd_sdp:frame_ram" File: /home/alans/mister/MacQuadra800_MiSTer/scratch/fpu_normal_single_move_quartus_20260928_seed27/tree/rtl/cd_audio.sv Line: 133
Info (12128): Elaborating entity "easc" for hierarchy "emu:emu|quadra800:machine|iosb:iosb|easc:easc" File: /home/alans/mister/MacQuadra800_MiSTer/scratch/fpu_normal_single_move_quartus_20260928_seed27/tree/rtl/iosb.sv Line: 987
Warning (10036): Verilog HDL or VHDL warning at easc.sv(89): object "fifomode" assigned a value but never read File: /home/alans/mister/MacQuadra800_MiSTer/scratch/fpu_normal_single_move_quartus_20260928_seed27/tree/rtl/easc.sv Line: 89
Warning (10036): Verilog HDL or VHDL warning at easc.sv(89): object "volume" assigned a value but never read File: /home/alans/mister/MacQuadra800_MiSTer/scratch/fpu_normal_single_move_quartus_20260928_seed27/tree/rtl/easc.sv Line: 89
Warning (10036): Verilog HDL or VHDL warning at easc.sv(89): object "clockreg" assigned a value but never read File: /home/alans/mister/MacQuadra800_MiSTer/scratch/fpu_normal_single_move_quartus_20260928_seed27/tree/rtl/easc.sv Line: 89
Warning (10036): Verilog HDL or VHDL warning at easc.sv(120): object "fifo_stat" assigned a value but never read File: /home/alans/mister/MacQuadra800_MiSTer/scratch/fpu_normal_single_move_quartus_20260928_seed27/tree/rtl/easc.sv Line: 120
Info (10264): Verilog HDL Case Statement information at easc.sv(379): all case item expressions in this case statement are onehot File: /home/alans/mister/MacQuadra800_MiSTer/scratch/fpu_normal_single_move_quartus_20260928_seed27/tree/rtl/easc.sv Line: 379
Info (10264): Verilog HDL Case Statement information at easc.sv(384): all case item expressions in this case statement are onehot File: /home/alans/mister/MacQuadra800_MiSTer/scratch/fpu_normal_single_move_quartus_20260928_seed27/tree/rtl/easc.sv Line: 384
Info (12128): Elaborating entity "easc_bank" for hierarchy "emu:emu|quadra800:machine|iosb:iosb|easc:easc|easc_bank:banks[0].bank" File: /home/alans/mister/MacQuadra800_MiSTer/scratch/fpu_normal_single_move_quartus_20260928_seed27/tree/rtl/easc.sv Line: 171
Info (12128): Elaborating entity "altsyncram" for hierarchy "emu:emu|quadra800:machine|iosb:iosb|easc:easc|easc_bank:banks[0].bank|altsyncram:ram" File: /home/alans/mister/MacQuadra800_MiSTer/scratch/fpu_normal_single_move_quartus_20260928_seed27/tree/rtl/easc.sv Line: 497
Info (12130): Elaborated megafunction instantiation "emu:emu|quadra800:machine|iosb:iosb|easc:easc|easc_bank:banks[0].bank|altsyncram:ram" File: /home/alans/mister/MacQuadra800_MiSTer/scratch/fpu_normal_single_move_quartus_20260928_seed27/tree/rtl/easc.sv Line: 497
Info (12133): Instantiated megafunction "emu:emu|quadra800:machine|iosb:iosb|easc:easc|easc_bank:banks[0].bank|altsyncram:ram" with the following parameter: File: /home/alans/mister/MacQuadra800_MiSTer/scratch/fpu_normal_single_move_quartus_20260928_seed27/tree/rtl/easc.sv Line: 497
    Info (12134): Parameter "numwords_a" = "128"
    Info (12134): Parameter "widthad_a" = "7"
    Info (12134): Parameter "width_a" = "32"
    Info (12134): Parameter "width_byteena_a" = "4"
    Info (12134): Parameter "numwords_b" = "128"
    Info (12134): Parameter "widthad_b" = "7"
    Info (12134): Parameter "width_b" = "32"
    Info (12134): Parameter "width_byteena_b" = "1"
    Info (12134): Parameter "address_reg_b" = "CLOCK0"
    Info (12134): Parameter "clock_enable_input_a" = "BYPASS"
    Info (12134): Parameter "clock_enable_input_b" = "BYPASS"
    Info (12134): Parameter "clock_enable_output_a" = "BYPASS"
    Info (12134): Parameter "clock_enable_output_b" = "BYPASS"
    Info (12134): Parameter "indata_reg_b" = "CLOCK0"
    Info (12134): Parameter "intended_device_family" = "Cyclone V"
    Info (12134): Parameter "lpm_type" = "altsyncram"
    Info (12134): Parameter "operation_mode" = "BIDIR_DUAL_PORT"
    Info (12134): Parameter "outdata_aclr_a" = "NONE"
    Info (12134): Parameter "outdata_aclr_b" = "NONE"
    Info (12134): Parameter "outdata_reg_a" = "UNREGISTERED"
    Info (12134): Parameter "outdata_reg_b" = "UNREGISTERED"
    Info (12134): Parameter "power_up_uninitialized" = "FALSE"
    Info (12134): Parameter "ram_block_type" = "M10K"
    Info (12134): Parameter "read_during_write_mode_mixed_ports" = "DONT_CARE"
    Info (12134): Parameter "read_during_write_mode_port_a" = "NEW_DATA_NO_NBE_READ"
    Info (12134): Parameter "read_during_write_mode_port_b" = "NEW_DATA_NO_NBE_READ"
    Info (12134): Parameter "wrcontrol_wraddress_reg_b" = "CLOCK0"
Info (12021): Found 1 design units, including 1 entities, in source file db/altsyncram_trp2.tdf
    Info (12023): Found entity 1: altsyncram_trp2 File: /home/alans/mister/MacQuadra800_MiSTer/scratch/fpu_normal_single_move_quartus_20260928_seed27/tree/db/altsyncram_trp2.tdf Line: 28
Info (12128): Elaborating entity "altsyncram_trp2" for hierarchy "emu:emu|quadra800:machine|iosb:iosb|easc:easc|easc_bank:banks[0].bank|altsyncram:ram|altsyncram_trp2:auto_generated" File: /home/alans/intelFPGA_lite/quartus/libraries/megafunctions/altsyncram.tdf Line: 792
Info (12128): Elaborating entity "scc" for hierarchy "emu:emu|quadra800:machine|iosb:iosb|scc:scc_inst" File: /home/alans/mister/MacQuadra800_MiSTer/scratch/fpu_normal_single_move_quartus_20260928_seed27/tree/rtl/iosb.sv Line: 1056
Warning (10230): Verilog HDL assignment warning at scc.v(97): truncated value with size 32 to match size of target (16) File: /home/alans/mister/MacQuadra800_MiSTer/scratch/fpu_normal_single_move_quartus_20260928_seed27/tree/rtl/scc.v Line: 97
Warning (10230): Verilog HDL assignment warning at scc.v(105): truncated value with size 32 to match size of target (24) File: /home/alans/mister/MacQuadra800_MiSTer/scratch/fpu_normal_single_move_quartus_20260928_seed27/tree/rtl/scc.v Line: 105
Warning (10036): Verilog HDL or VHDL warning at scc.v(79): object "_unused_rtxc_en" assigned a value but never read File: /home/alans/mister/MacQuadra800_MiSTer/scratch/fpu_normal_single_move_quartus_20260928_seed27/tree/rtl/scc.v Line: 79
Warning (10036): Verilog HDL or VHDL warning at scc.v(189): object "wr8_a" assigned a value but never read File: /home/alans/mister/MacQuadra800_MiSTer/scratch/fpu_normal_single_move_quartus_20260928_seed27/tree/rtl/scc.v Line: 189
Warning (10036): Verilog HDL or VHDL warning at scc.v(190): object "wr8_b" assigned a value but never read File: /home/alans/mister/MacQuadra800_MiSTer/scratch/fpu_normal_single_move_quartus_20260928_seed27/tree/rtl/scc.v Line: 190
Warning (10036): Verilog HDL or VHDL warning at scc.v(241): object "wr8_wr_a" assigned a value but never read File: /home/alans/mister/MacQuadra800_MiSTer/scratch/fpu_normal_single_move_quartus_20260928_seed27/tree/rtl/scc.v Line: 241
Warning (10036): Verilog HDL or VHDL warning at scc.v(242): object "wr8_wr_b" assigned a value but never read File: /home/alans/mister/MacQuadra800_MiSTer/scratch/fpu_normal_single_move_quartus_20260928_seed27/tree/rtl/scc.v Line: 242
Warning (10036): Verilog HDL or VHDL warning at scc.v(962): object "post_loopback_a" assigned a value but never read File: /home/alans/mister/MacQuadra800_MiSTer/scratch/fpu_normal_single_move_quartus_20260928_seed27/tree/rtl/scc.v Line: 962
Warning (10036): Verilog HDL or VHDL warning at scc.v(963): object "post_loopback_b" assigned a value but never read File: /home/alans/mister/MacQuadra800_MiSTer/scratch/fpu_normal_single_move_quartus_20260928_seed27/tree/rtl/scc.v Line: 963
Warning (10036): Verilog HDL or VHDL warning at scc.v(1312): object "cts_interrupt" assigned a value but never read File: /home/alans/mister/MacQuadra800_MiSTer/scratch/fpu_normal_single_move_quartus_20260928_seed27/tree/rtl/scc.v Line: 1312
Warning (10036): Verilog HDL or VHDL warning at scc.v(1542): object "stop_bits_a" assigned a value but never read File: /home/alans/mister/MacQuadra800_MiSTer/scratch/fpu_normal_single_move_quartus_20260928_seed27/tree/rtl/scc.v Line: 1542
Warning (10036): Verilog HDL or VHDL warning at scc.v(1548): object "stop_bits_b" assigned a value but never read File: /home/alans/mister/MacQuadra800_MiSTer/scratch/fpu_normal_single_move_quartus_20260928_seed27/tree/rtl/scc.v Line: 1548
Warning (10036): Verilog HDL or VHDL warning at scc.v(1707): object "auto_echo_a" assigned a value but never read File: /home/alans/mister/MacQuadra800_MiSTer/scratch/fpu_normal_single_move_quartus_20260928_seed27/tree/rtl/scc.v Line: 1707
Warning (10036): Verilog HDL or VHDL warning at scc.v(1741): object "auto_echo_b" assigned a value but never read File: /home/alans/mister/MacQuadra800_MiSTer/scratch/fpu_normal_single_move_quartus_20260928_seed27/tree/rtl/scc.v Line: 1741
Warning (10036): Verilog HDL or VHDL warning at scc.v(1863): object "uart_tx_data_a" assigned a value but never read File: /home/alans/mister/MacQuadra800_MiSTer/scratch/fpu_normal_single_move_quartus_20260928_seed27/tree/rtl/scc.v Line: 1863
Warning (10036): Verilog HDL or VHDL warning at scc.v(1864): object "uart_tx_data_b" assigned a value but never read File: /home/alans/mister/MacQuadra800_MiSTer/scratch/fpu_normal_single_move_quartus_20260928_seed27/tree/rtl/scc.v Line: 1864
Warning (10230): Verilog HDL assignment warning at scc.v(311): truncated value with size 32 to match size of target (2) File: /home/alans/mister/MacQuadra800_MiSTer/scratch/fpu_normal_single_move_quartus_20260928_seed27/tree/rtl/scc.v Line: 311
Warning (10230): Verilog HDL assignment warning at scc.v(328): truncated value with size 32 to match size of target (2) File: /home/alans/mister/MacQuadra800_MiSTer/scratch/fpu_normal_single_move_quartus_20260928_seed27/tree/rtl/scc.v Line: 328
Warning (10230): Verilog HDL assignment warning at scc.v(404): truncated value with size 32 to match size of target (2) File: /home/alans/mister/MacQuadra800_MiSTer/scratch/fpu_normal_single_move_quartus_20260928_seed27/tree/rtl/scc.v Line: 404
Warning (10230): Verilog HDL assignment warning at scc.v(417): truncated value with size 32 to match size of target (2) File: /home/alans/mister/MacQuadra800_MiSTer/scratch/fpu_normal_single_move_quartus_20260928_seed27/tree/rtl/scc.v Line: 417
Info (12128): Elaborating entity "rxuart" for hierarchy "emu:emu|quadra800:machine|iosb:iosb|scc:scc_inst|rxuart:rxuart_a" File: /home/alans/mister/MacQuadra800_MiSTer/scratch/fpu_normal_single_move_quartus_20260928_seed27/tree/rtl/scc.v Line: 1945
Warning (10230): Verilog HDL assignment warning at rxuart.v(186): truncated value with size 32 to match size of target (28) File: /home/alans/mister/MacQuadra800_MiSTer/scratch/fpu_normal_single_move_quartus_20260928_seed27/tree/rtl/uart/rxuart.v Line: 186
Warning (10230): Verilog HDL assignment warning at rxuart.v(298): truncated value with size 32 to match size of target (4) File: /home/alans/mister/MacQuadra800_MiSTer/scratch/fpu_normal_single_move_quartus_20260928_seed27/tree/rtl/uart/rxuart.v Line: 298
Info (12128): Elaborating entity "txuart" for hierarchy "emu:emu|quadra800:machine|iosb:iosb|scc:scc_inst|txuart:txuart_a" File: /home/alans/mister/MacQuadra800_MiSTer/scratch/fpu_normal_single_move_quartus_20260928_seed27/tree/rtl/scc.v Line: 1968
Warning (10036): Verilog HDL or VHDL warning at txuart.v(405): object "unused" assigned a value but never read File: /home/alans/mister/MacQuadra800_MiSTer/scratch/fpu_normal_single_move_quartus_20260928_seed27/tree/rtl/uart/txuart.v Line: 405
Warning (10230): Verilog HDL assignment warning at txuart.v(220): truncated value with size 32 to match size of target (4) File: /home/alans/mister/MacQuadra800_MiSTer/scratch/fpu_normal_single_move_quartus_20260928_seed27/tree/rtl/uart/txuart.v Line: 220
Info (12128): Elaborating entity "dafb" for hierarchy "emu:emu|quadra800:machine|dafb:dafb" File: /home/alans/mister/MacQuadra800_MiSTer/scratch/fpu_normal_single_move_quartus_20260928_seed27/tree/rtl/quadra800.sv Line: 478
Warning (10036): Verilog HDL or VHDL warning at dafb.sv(83): object "swatch_mode" assigned a value but never read File: /home/alans/mister/MacQuadra800_MiSTer/scratch/fpu_normal_single_move_quartus_20260928_seed27/tree/rtl/dafb.sv Line: 83
Warning (10036): Verilog HDL or VHDL warning at dafb.sv(92): object "cursor_line" assigned a value but never read File: /home/alans/mister/MacQuadra800_MiSTer/scratch/fpu_normal_single_move_quartus_20260928_seed27/tree/rtl/dafb.sv Line: 92
Warning (10036): Verilog HDL or VHDL warning at dafb.sv(92): object "anim_line" assigned a value but never read File: /home/alans/mister/MacQuadra800_MiSTer/scratch/fpu_normal_single_move_quartus_20260928_seed27/tree/rtl/dafb.sv Line: 92
Info (12128): Elaborating entity "dafb_clut" for hierarchy "emu:emu|quadra800:machine|dafb:dafb|dafb_clut:clut_r_i" File: /home/alans/mister/MacQuadra800_MiSTer/scratch/fpu_normal_single_move_quartus_20260928_seed27/tree/rtl/dafb.sv Line: 114
Info (12128): Elaborating entity "sonic_mbx" for hierarchy "emu:emu|quadra800:machine|sonic_mbx:g_sonic.sonic" File: /home/alans/mister/MacQuadra800_MiSTer/scratch/fpu_normal_single_move_quartus_20260928_seed27/tree/rtl/quadra800.sv Line: 1088
Warning (10230): Verilog HDL assignment warning at sonic_mbx.sv(463): truncated value with size 17 to match size of target (13) File: /home/alans/mister/MacQuadra800_MiSTer/scratch/fpu_normal_single_move_quartus_20260928_seed27/tree/rtl/sonic_mbx.sv Line: 463
Info (12128): Elaborating entity "mt32pi" for hierarchy "emu:emu|mt32pi:mt32pi" File: /home/alans/mister/MacQuadra800_MiSTer/scratch/fpu_normal_single_move_quartus_20260928_seed27/tree/MacQuadra800.sv Line: 692
Info (12128): Elaborating entity "sdram_beat32" for hierarchy "emu:emu|sdram_beat32:sdr" File: /home/alans/mister/MacQuadra800_MiSTer/scratch/fpu_normal_single_move_quartus_20260928_seed27/tree/MacQuadra800.sv Line: 825
Info (12128): Elaborating entity "altdpram" for hierarchy "emu:emu|sdram_beat32:sdr|altdpram:wq_mem" File: /home/alans/mister/MacQuadra800_MiSTer/scratch/fpu_normal_single_move_quartus_20260928_seed27/tree/rtl/sdram_beat32.sv Line: 161
Info (12130): Elaborated megafunction instantiation "emu:emu|sdram_beat32:sdr|altdpram:wq_mem" File: /home/alans/mister/MacQuadra800_MiSTer/scratch/fpu_normal_single_move_quartus_20260928_seed27/tree/rtl/sdram_beat32.sv Line: 161
Info (12133): Instantiated megafunction "emu:emu|sdram_beat32:sdr|altdpram:wq_mem" with the following parameter: File: /home/alans/mister/MacQuadra800_MiSTer/scratch/fpu_normal_single_move_quartus_20260928_seed27/tree/rtl/sdram_beat32.sv Line: 161
    Info (12134): Parameter "width" = "61"
    Info (12134): Parameter "widthad" = "3"
    Info (12134): Parameter "numwords" = "8"
    Info (12134): Parameter "intended_device_family" = "Cyclone V"
    Info (12134): Parameter "ram_block_type" = "MLAB"
    Info (12134): Parameter "indata_aclr" = "OFF"
    Info (12134): Parameter "wraddress_aclr" = "OFF"
    Info (12134): Parameter "wrcontrol_aclr" = "OFF"
    Info (12134): Parameter "indata_reg" = "INCLOCK"
    Info (12134): Parameter "wraddress_reg" = "INCLOCK"
    Info (12134): Parameter "wrcontrol_reg" = "INCLOCK"
    Info (12134): Parameter "rdaddress_reg" = "UNREGISTERED"
    Info (12134): Parameter "rdcontrol_reg" = "UNREGISTERED"
    Info (12134): Parameter "outdata_reg" = "UNREGISTERED"
    Info (12134): Parameter "read_during_write_mode_mixed_ports" = "NEW_DATA"
Info (12021): Found 1 design units, including 1 entities, in source file db/dpram_9fq1.tdf
    Info (12023): Found entity 1: dpram_9fq1 File: /home/alans/mister/MacQuadra800_MiSTer/scratch/fpu_normal_single_move_quartus_20260928_seed27/tree/db/dpram_9fq1.tdf Line: 26
Info (12128): Elaborating entity "dpram_9fq1" for hierarchy "emu:emu|sdram_beat32:sdr|altdpram:wq_mem|dpram_9fq1:auto_generated" File: /home/alans/intelFPGA_lite/quartus/libraries/megafunctions/altdpram.tdf Line: 203
Info (12128): Elaborating entity "sdram" for hierarchy "emu:emu|sdram_beat32:sdr|sdram:sdram" File: /home/alans/mister/MacQuadra800_MiSTer/scratch/fpu_normal_single_move_quartus_20260928_seed27/tree/rtl/sdram_beat32.sv Line: 426
Warning (10230): Verilog HDL assignment warning at sdram.sv(460): truncated value with size 32 to match size of target (4) File: /home/alans/mister/MacQuadra800_MiSTer/scratch/fpu_normal_single_move_quartus_20260928_seed27/tree/rtl/sdram.sv Line: 460
Warning (14284): Synthesized away the following node(s):
    Warning (14285): Synthesized away the following LCELL buffer node(s):
        Warning (14320): Synthesized away node "emu:emu|pll_video:pllv|altera_pll:altera_pll_i|cntsel_temp[4]" File: /home/alans/intelFPGA_lite/quartus/libraries/megafunctions/altera_pll.v Line: 425
        Warning (14320): Synthesized away node "emu:emu|pll_video:pllv|altera_pll:altera_pll_i|cntsel_temp[3]" File: /home/alans/intelFPGA_lite/quartus/libraries/megafunctions/altera_pll.v Line: 425
        Warning (14320): Synthesized away node "emu:emu|pll_video:pllv|altera_pll:altera_pll_i|cntsel_temp[2]" File: /home/alans/intelFPGA_lite/quartus/libraries/megafunctions/altera_pll.v Line: 425
        Warning (14320): Synthesized away node "emu:emu|pll_video:pllv|altera_pll:altera_pll_i|cntsel_temp[1]" File: /home/alans/intelFPGA_lite/quartus/libraries/megafunctions/altera_pll.v Line: 425
        Warning (14320): Synthesized away node "emu:emu|pll_video:pllv|altera_pll:altera_pll_i|cntsel_temp[0]" File: /home/alans/intelFPGA_lite/quartus/libraries/megafunctions/altera_pll.v Line: 425
        Warning (14320): Synthesized away node "emu:emu|pll_video:pllv|altera_pll:altera_pll_i|gnd" File: /home/alans/intelFPGA_lite/quartus/libraries/megafunctions/altera_pll.v Line: 427
        Warning (14320): Synthesized away node "pll_hdmi:pll_hdmi|pll_hdmi_0002:pll_hdmi_inst|altera_pll:altera_pll_i|cntsel_temp[4]" File: /home/alans/intelFPGA_lite/quartus/libraries/megafunctions/altera_pll.v Line: 425
        Warning (14320): Synthesized away node "pll_hdmi:pll_hdmi|pll_hdmi_0002:pll_hdmi_inst|altera_pll:altera_pll_i|cntsel_temp[3]" File: /home/alans/intelFPGA_lite/quartus/libraries/megafunctions/altera_pll.v Line: 425
        Warning (14320): Synthesized away node "pll_hdmi:pll_hdmi|pll_hdmi_0002:pll_hdmi_inst|altera_pll:altera_pll_i|cntsel_temp[2]" File: /home/alans/intelFPGA_lite/quartus/libraries/megafunctions/altera_pll.v Line: 425
        Warning (14320): Synthesized away node "pll_hdmi:pll_hdmi|pll_hdmi_0002:pll_hdmi_inst|altera_pll:altera_pll_i|cntsel_temp[1]" File: /home/alans/intelFPGA_lite/quartus/libraries/megafunctions/altera_pll.v Line: 425
        Warning (14320): Synthesized away node "pll_hdmi:pll_hdmi|pll_hdmi_0002:pll_hdmi_inst|altera_pll:altera_pll_i|cntsel_temp[0]" File: /home/alans/intelFPGA_lite/quartus/libraries/megafunctions/altera_pll.v Line: 425
        Warning (14320): Synthesized away node "pll_hdmi:pll_hdmi|pll_hdmi_0002:pll_hdmi_inst|altera_pll:altera_pll_i|gnd" File: /home/alans/intelFPGA_lite/quartus/libraries/megafunctions/altera_pll.v Line: 427
    Warning (14285): Synthesized away the following RAM node(s):
        Warning (14320): Synthesized away node "emu:emu|quadra800:machine|wombat_cpu:cpu|ap040_cache:g_cache.cache|dpram:ctag_ram_i|altsyncram:ram|altsyncram_tip2:auto_generated|q_a[88]" File: /home/alans/mister/MacQuadra800_MiSTer/scratch/fpu_normal_single_move_quartus_20260928_seed27/tree/db/altsyncram_tip2.tdf Line: 2945
        Warning (14320): Synthesized away node "emu:emu|quadra800:machine|wombat_cpu:cpu|ap040_cache:g_cache.cache|dpram:ctag_ram_i|altsyncram:ram|altsyncram_tip2:auto_generated|q_a[89]" File: /home/alans/mister/MacQuadra800_MiSTer/scratch/fpu_normal_single_move_quartus_20260928_seed27/tree/db/altsyncram_tip2.tdf Line: 2978
Warning (14284): Synthesized away the following node(s):
    Warning (14285): Synthesized away the following RAM node(s):
        Warning (14320): Synthesized away node "emu:emu|quadra800:machine|wombat_cpu:cpu|ap040_mmu:mmu|dpram:atc_ram|altsyncram:ram|altsyncram_fip2:auto_generated|q_a[2]" File: /home/alans/mister/MacQuadra800_MiSTer/scratch/fpu_normal_single_move_quartus_20260928_seed27/tree/db/altsyncram_fip2.tdf Line: 107
        Warning (14320): Synthesized away node "emu:emu|quadra800:machine|wombat_cpu:cpu|ap040_mmu:mmu|dpram:atc_ram|altsyncram:ram|altsyncram_fip2:auto_generated|q_a[5]" File: /home/alans/mister/MacQuadra800_MiSTer/scratch/fpu_normal_single_move_quartus_20260928_seed27/tree/db/altsyncram_fip2.tdf Line: 206
        Warning (14320): Synthesized away node "emu:emu|quadra800:machine|wombat_cpu:cpu|ap040_mmu:mmu|dpram:atc_ram|altsyncram:ram|altsyncram_fip2:auto_generated|q_a[6]" File: /home/alans/mister/MacQuadra800_MiSTer/scratch/fpu_normal_single_move_quartus_20260928_seed27/tree/db/altsyncram_fip2.tdf Line: 239
        Warning (14320): Synthesized away node "emu:emu|quadra800:machine|wombat_cpu:cpu|ap040_mmu:mmu|dpram:atc_ram|altsyncram:ram|altsyncram_fip2:auto_generated|q_a[48]" File: /home/alans/mister/MacQuadra800_MiSTer/scratch/fpu_normal_single_move_quartus_20260928_seed27/tree/db/altsyncram_fip2.tdf Line: 1625
        Warning (14320): Synthesized away node "emu:emu|quadra800:machine|wombat_cpu:cpu|ap040_mmu:mmu|dpram:atc_ram|altsyncram:ram|altsyncram_fip2:auto_generated|q_a[51]" File: /home/alans/mister/MacQuadra800_MiSTer/scratch/fpu_normal_single_move_quartus_20260928_seed27/tree/db/altsyncram_fip2.tdf Line: 1724
        Warning (14320): Synthesized away node "emu:emu|quadra800:machine|wombat_cpu:cpu|ap040_mmu:mmu|dpram:atc_ram|altsyncram:ram|altsyncram_fip2:auto_generated|q_a[52]" File: /home/alans/mister/MacQuadra800_MiSTer/scratch/fpu_normal_single_move_quartus_20260928_seed27/tree/db/altsyncram_fip2.tdf Line: 1757
        Warning (14320): Synthesized away node "emu:emu|quadra800:machine|wombat_cpu:cpu|ap040_mmu:mmu|dpram:atc_ram|altsyncram:ram|altsyncram_fip2:auto_generated|q_a[94]" File: /home/alans/mister/MacQuadra800_MiSTer/scratch/fpu_normal_single_move_quartus_20260928_seed27/tree/db/altsyncram_fip2.tdf Line: 3143
        Warning (14320): Synthesized away node "emu:emu|quadra800:machine|wombat_cpu:cpu|ap040_mmu:mmu|dpram:atc_ram|altsyncram:ram|altsyncram_fip2:auto_generated|q_a[97]" File: /home/alans/mister/MacQuadra800_MiSTer/scratch/fpu_normal_single_move_quartus_20260928_seed27/tree/db/altsyncram_fip2.tdf Line: 3242
        Warning (14320): Synthesized away node "emu:emu|quadra800:machine|wombat_cpu:cpu|ap040_mmu:mmu|dpram:atc_ram|altsyncram:ram|altsyncram_fip2:auto_generated|q_a[98]" File: /home/alans/mister/MacQuadra800_MiSTer/scratch/fpu_normal_single_move_quartus_20260928_seed27/tree/db/altsyncram_fip2.tdf Line: 3275
        Warning (14320): Synthesized away node "emu:emu|quadra800:machine|wombat_cpu:cpu|ap040_mmu:mmu|dpram:atc_ram|altsyncram:ram|altsyncram_fip2:auto_generated|q_a[140]" File: /home/alans/mister/MacQuadra800_MiSTer/scratch/fpu_normal_single_move_quartus_20260928_seed27/tree/db/altsyncram_fip2.tdf Line: 4661
        Warning (14320): Synthesized away node "emu:emu|quadra800:machine|wombat_cpu:cpu|ap040_mmu:mmu|dpram:atc_ram|altsyncram:ram|altsyncram_fip2:auto_generated|q_a[143]" File: /home/alans/mister/MacQuadra800_MiSTer/scratch/fpu_normal_single_move_quartus_20260928_seed27/tree/db/altsyncram_fip2.tdf Line: 4760
        Warning (14320): Synthesized away node "emu:emu|quadra800:machine|wombat_cpu:cpu|ap040_mmu:mmu|dpram:atc_ram|altsyncram:ram|altsyncram_fip2:auto_generated|q_a[144]" File: /home/alans/mister/MacQuadra800_MiSTer/scratch/fpu_normal_single_move_quartus_20260928_seed27/tree/db/altsyncram_fip2.tdf Line: 4793
Info (286030): Timing-Driven Synthesis is running
Info (276014): Found 6 instances of uninferred RAM logic
    Info (276006): RAM logic "emu:emu|sdram_beat32:sdr|sdram:sdram|open_row" is uninferred due to "logic" being set as ramstyle synthesis attribute File: /home/alans/mister/MacQuadra800_MiSTer/scratch/fpu_normal_single_move_quartus_20260928_seed27/tree/rtl/sdram.sv Line: 167
    Info (276007): RAM logic "emu:emu|quadra800:machine|dafb:dafb|hparam" is uninferred due to asynchronous read logic File: /home/alans/mister/MacQuadra800_MiSTer/scratch/fpu_normal_single_move_quartus_20260928_seed27/tree/rtl/dafb.sv Line: 84
    Info (276007): RAM logic "emu:emu|quadra800:machine|dafb:dafb|vparam" is uninferred due to asynchronous read logic File: /home/alans/mister/MacQuadra800_MiSTer/scratch/fpu_normal_single_move_quartus_20260928_seed27/tree/rtl/dafb.sv Line: 85
    Info (276007): RAM logic "emu:emu|quadra800:machine|iosb:iosb|adb:adbx|kbdFifo" is uninferred due to asynchronous read logic File: /home/alans/mister/MacQuadra800_MiSTer/scratch/fpu_normal_single_move_quartus_20260928_seed27/tree/rtl/adb.sv Line: 96
    Info (276007): RAM logic "emu:emu|quadra800:machine|wombat_cpu:cpu|ap040_core:core|m16buf" is uninferred due to asynchronous read logic File: /home/alans/mister/MacQuadra800_MiSTer/scratch/fpu_normal_single_move_quartus_20260928_seed27/tree/rtl/ap68040/rtl/ap040_core.v Line: 1136
    Info (276007): RAM logic "emu:emu|quadra800:machine|wombat_cpu:cpu|ap040_core:core|ras" is uninferred due to asynchronous read logic File: /home/alans/mister/MacQuadra800_MiSTer/scratch/fpu_normal_single_move_quartus_20260928_seed27/tree/rtl/ap68040/rtl/ap040_core.v Line: 4038
Warning (13046): Tri-state node(s) do not directly drive top-level pin(s)
    Warning (13049): Converted tri-state buffer "emu:emu|SD_CS" feeding internal logic into a wire File: /home/alans/mister/MacQuadra800_MiSTer/scratch/fpu_normal_single_move_quartus_20260928_seed27/tree/sys/emu_ports.vh Line: 95
Info (19000): Inferred 84 megafunctions from design logic
    Info (276038): Inferred altdpram megafunction from the following logic: "emu:emu|quadra800:machine|iosb:iosb|iosb_regs_hi_rtl_0" 
        Info (286033): Parameter WIDTH set to 8
        Info (286033): Parameter WIDTHAD set to 5
        Info (286033): Parameter NUMWORDS set to 32
        Info (286033): Parameter WRADDRESS_REG set to INCLOCK
        Info (286033): Parameter WRADDRESS_ACLR set to OFF
        Info (286033): Parameter WRCONTROL_REG set to INCLOCK
        Info (286033): Parameter WRCONTROL_ACLR set to OFF
        Info (286033): Parameter RDADDRESS_REG set to OUTCLOCK
        Info (286033): Parameter RDADDRESS_ACLR set to OFF
        Info (286033): Parameter RDCONTROL_REG set to UNREGISTERED
        Info (286033): Parameter RDCONTROL_ACLR set to OFF
        Info (286033): Parameter INDATA_REG set to INCLOCK
        Info (286033): Parameter INDATA_ACLR set to OFF
        Info (286033): Parameter OUTDATA_REG set to UNREGISTERED
        Info (286033): Parameter OUTDATA_ACLR set to OFF
        Info (286033): Parameter LPM_FILE set to UNUSED
        Info (286033): Parameter RAM_BLOCK_TYPE set to LUTRAM
    Info (276038): Inferred altdpram megafunction from the following logic: "emu:emu|quadra800:machine|iosb:iosb|iosb_regs_lo_rtl_0" 
        Info (286033): Parameter WIDTH set to 8
        Info (286033): Parameter WIDTHAD set to 5
        Info (286033): Parameter NUMWORDS set to 32
        Info (286033): Parameter WRADDRESS_REG set to INCLOCK
        Info (286033): Parameter WRADDRESS_ACLR set to OFF
        Info (286033): Parameter WRCONTROL_REG set to INCLOCK
        Info (286033): Parameter WRCONTROL_ACLR set to OFF
        Info (286033): Parameter RDADDRESS_REG set to OUTCLOCK
        Info (286033): Parameter RDADDRESS_ACLR set to OFF
        Info (286033): Parameter RDCONTROL_REG set to UNREGISTERED
        Info (286033): Parameter RDCONTROL_ACLR set to OFF
        Info (286033): Parameter INDATA_REG set to INCLOCK
        Info (286033): Parameter INDATA_ACLR set to OFF
        Info (286033): Parameter OUTDATA_REG set to UNREGISTERED
        Info (286033): Parameter OUTDATA_ACLR set to OFF
        Info (286033): Parameter LPM_FILE set to UNUSED
        Info (286033): Parameter RAM_BLOCK_TYPE set to LUTRAM
    Info (276038): Inferred altdpram megafunction from the following logic: "emu:emu|quadra800:machine|iosb:iosb|djmemc_regs_rtl_0" 
        Info (286033): Parameter WIDTH set to 32
        Info (286033): Parameter WIDTHAD set to 4
        Info (286033): Parameter NUMWORDS set to 16
        Info (286033): Parameter WRADDRESS_REG set to INCLOCK
        Info (286033): Parameter WRADDRESS_ACLR set to OFF
        Info (286033): Parameter WRCONTROL_REG set to INCLOCK
        Info (286033): Parameter WRCONTROL_ACLR set to OFF
        Info (286033): Parameter RDADDRESS_REG set to OUTCLOCK
        Info (286033): Parameter RDADDRESS_ACLR set to OFF
        Info (286033): Parameter RDCONTROL_REG set to UNREGISTERED
        Info (286033): Parameter RDCONTROL_ACLR set to OFF
        Info (286033): Parameter INDATA_REG set to INCLOCK
        Info (286033): Parameter INDATA_ACLR set to OFF
        Info (286033): Parameter OUTDATA_REG set to UNREGISTERED
        Info (286033): Parameter OUTDATA_ACLR set to OFF
        Info (286033): Parameter LPM_FILE set to UNUSED
        Info (286033): Parameter RAM_BLOCK_TYPE set to LUTRAM
    Info (276038): Inferred altdpram megafunction from the following logic: "emu:emu|quadra800:machine|wombat_cpu:cpu|ap040_core:core|ap040_fpu:g_fpu.fpu|ap040_fp_regfile:fpregs|bank_a_rtl_0" 
        Info (286033): Parameter WIDTH set to 80
        Info (286033): Parameter WIDTHAD set to 3
        Info (286033): Parameter NUMWORDS set to 8
        Info (286033): Parameter WRADDRESS_REG set to INCLOCK
        Info (286033): Parameter WRADDRESS_ACLR set to OFF
        Info (286033): Parameter WRCONTROL_REG set to INCLOCK
        Info (286033): Parameter WRCONTROL_ACLR set to OFF
        Info (286033): Parameter RDADDRESS_REG set to OUTCLOCK
        Info (286033): Parameter RDADDRESS_ACLR set to OFF
        Info (286033): Parameter RDCONTROL_REG set to UNREGISTERED
        Info (286033): Parameter RDCONTROL_ACLR set to OFF
        Info (286033): Parameter INDATA_REG set to INCLOCK
        Info (286033): Parameter INDATA_ACLR set to OFF
        Info (286033): Parameter OUTDATA_REG set to UNREGISTERED
        Info (286033): Parameter OUTDATA_ACLR set to OFF
        Info (286033): Parameter LPM_FILE set to UNUSED
        Info (286033): Parameter RAM_BLOCK_TYPE set to LUTRAM
    Info (276038): Inferred altdpram megafunction from the following logic: "emu:emu|quadra800:machine|wombat_cpu:cpu|ap040_core:core|ap040_fpu:g_fpu.fpu|ap040_fp_regfile:fpregs|bank_b_rtl_0" 
        Info (286033): Parameter WIDTH set to 80
        Info (286033): Parameter WIDTHAD set to 3
        Info (286033): Parameter NUMWORDS set to 8
        Info (286033): Parameter WRADDRESS_REG set to INCLOCK
        Info (286033): Parameter WRADDRESS_ACLR set to OFF
        Info (286033): Parameter WRCONTROL_REG set to INCLOCK
        Info (286033): Parameter WRCONTROL_ACLR set to OFF
        Info (286033): Parameter RDADDRESS_REG set to OUTCLOCK
        Info (286033): Parameter RDADDRESS_ACLR set to OFF
        Info (286033): Parameter RDCONTROL_REG set to UNREGISTERED
        Info (286033): Parameter RDCONTROL_ACLR set to OFF
        Info (286033): Parameter INDATA_REG set to INCLOCK
        Info (286033): Parameter INDATA_ACLR set to OFF
        Info (286033): Parameter OUTDATA_REG set to UNREGISTERED
        Info (286033): Parameter OUTDATA_ACLR set to OFF
        Info (286033): Parameter LPM_FILE set to UNUSED
        Info (286033): Parameter RAM_BLOCK_TYPE set to LUTRAM
    Info (276038): Inferred altdpram megafunction from the following logic: "emu:emu|quadra800:machine|wombat_cpu:cpu|ap040_core:core|ap040_regfile:regfile|bank_a_rtl_0" 
        Info (286033): Parameter WIDTH set to 32
        Info (286033): Parameter WIDTHAD set to 4
        Info (286033): Parameter NUMWORDS set to 16
        Info (286033): Parameter WRADDRESS_REG set to INCLOCK
        Info (286033): Parameter WRADDRESS_ACLR set to OFF
        Info (286033): Parameter WRCONTROL_REG set to INCLOCK
        Info (286033): Parameter WRCONTROL_ACLR set to OFF
        Info (286033): Parameter RDADDRESS_REG set to OUTCLOCK
        Info (286033): Parameter RDADDRESS_ACLR set to OFF
        Info (286033): Parameter RDCONTROL_REG set to UNREGISTERED
        Info (286033): Parameter RDCONTROL_ACLR set to OFF
        Info (286033): Parameter INDATA_REG set to INCLOCK
        Info (286033): Parameter INDATA_ACLR set to OFF
        Info (286033): Parameter OUTDATA_REG set to UNREGISTERED
        Info (286033): Parameter OUTDATA_ACLR set to OFF
        Info (286033): Parameter LPM_FILE set to UNUSED
        Info (286033): Parameter RAM_BLOCK_TYPE set to LUTRAM
    Info (276038): Inferred altdpram megafunction from the following logic: "emu:emu|quadra800:machine|wombat_cpu:cpu|ap040_core:core|ap040_regfile:regfile|bank_b_rtl_0" 
        Info (286033): Parameter WIDTH set to 32
        Info (286033): Parameter WIDTHAD set to 4
        Info (286033): Parameter NUMWORDS set to 16
        Info (286033): Parameter WRADDRESS_REG set to INCLOCK
        Info (286033): Parameter WRADDRESS_ACLR set to OFF
        Info (286033): Parameter WRCONTROL_REG set to INCLOCK
        Info (286033): Parameter WRCONTROL_ACLR set to OFF
        Info (286033): Parameter RDADDRESS_REG set to OUTCLOCK
        Info (286033): Parameter RDADDRESS_ACLR set to OFF
        Info (286033): Parameter RDCONTROL_REG set to UNREGISTERED
        Info (286033): Parameter RDCONTROL_ACLR set to OFF
        Info (286033): Parameter INDATA_REG set to INCLOCK
        Info (286033): Parameter INDATA_ACLR set to OFF
        Info (286033): Parameter OUTDATA_REG set to UNREGISTERED
        Info (286033): Parameter OUTDATA_ACLR set to OFF
        Info (286033): Parameter LPM_FILE set to UNUSED
        Info (286033): Parameter RAM_BLOCK_TYPE set to LUTRAM
    Info (276038): Inferred altdpram megafunction from the following logic: "emu:emu|quadra800:machine|wombat_cpu:cpu|ap040_core:core|ap040_regfile:regfile|extra_reads.bank_c_rtl_0" 
        Info (286033): Parameter WIDTH set to 32
        Info (286033): Parameter WIDTHAD set to 4
        Info (286033): Parameter NUMWORDS set to 16
        Info (286033): Parameter WRADDRESS_REG set to INCLOCK
        Info (286033): Parameter WRADDRESS_ACLR set to OFF
        Info (286033): Parameter WRCONTROL_REG set to INCLOCK
        Info (286033): Parameter WRCONTROL_ACLR set to OFF
        Info (286033): Parameter RDADDRESS_REG set to OUTCLOCK
        Info (286033): Parameter RDADDRESS_ACLR set to OFF
        Info (286033): Parameter RDCONTROL_REG set to UNREGISTERED
        Info (286033): Parameter RDCONTROL_ACLR set to OFF
        Info (286033): Parameter INDATA_REG set to INCLOCK
        Info (286033): Parameter INDATA_ACLR set to OFF
        Info (286033): Parameter OUTDATA_REG set to UNREGISTERED
        Info (286033): Parameter OUTDATA_ACLR set to OFF
        Info (286033): Parameter LPM_FILE set to UNUSED
        Info (286033): Parameter RAM_BLOCK_TYPE set to LUTRAM
    Info (276038): Inferred altdpram megafunction from the following logic: "emu:emu|quadra800:machine|wombat_cpu:cpu|ap040_core:core|ap040_regfile:regfile|extra_reads.bank_d_rtl_0" 
        Info (286033): Parameter WIDTH set to 32
        Info (286033): Parameter WIDTHAD set to 4
        Info (286033): Parameter NUMWORDS set to 16
        Info (286033): Parameter WRADDRESS_REG set to INCLOCK
        Info (286033): Parameter WRADDRESS_ACLR set to OFF
        Info (286033): Parameter WRCONTROL_REG set to INCLOCK
        Info (286033): Parameter WRCONTROL_ACLR set to OFF
        Info (286033): Parameter RDADDRESS_REG set to OUTCLOCK
        Info (286033): Parameter RDADDRESS_ACLR set to OFF
        Info (286033): Parameter RDCONTROL_REG set to UNREGISTERED
        Info (286033): Parameter RDCONTROL_ACLR set to OFF
        Info (286033): Parameter INDATA_REG set to INCLOCK
        Info (286033): Parameter INDATA_ACLR set to OFF
        Info (286033): Parameter OUTDATA_REG set to UNREGISTERED
        Info (286033): Parameter OUTDATA_ACLR set to OFF
        Info (286033): Parameter LPM_FILE set to UNUSED
        Info (286033): Parameter RAM_BLOCK_TYPE set to LUTRAM
    Info (276038): Inferred altdpram megafunction from the following logic: "emu:emu|quadra800:machine|wombat_cpu:cpu|ap040_core:core|ap040_regfile:regfile|extra_reads.bank_e_rtl_0" 
        Info (286033): Parameter WIDTH set to 32
        Info (286033): Parameter WIDTHAD set to 4
        Info (286033): Parameter NUMWORDS set to 16
        Info (286033): Parameter WRADDRESS_REG set to INCLOCK
        Info (286033): Parameter WRADDRESS_ACLR set to OFF
        Info (286033): Parameter WRCONTROL_REG set to INCLOCK
        Info (286033): Parameter WRCONTROL_ACLR set to OFF
        Info (286033): Parameter RDADDRESS_REG set to OUTCLOCK
        Info (286033): Parameter RDADDRESS_ACLR set to OFF
        Info (286033): Parameter RDCONTROL_REG set to UNREGISTERED
        Info (286033): Parameter RDCONTROL_ACLR set to OFF
        Info (286033): Parameter INDATA_REG set to INCLOCK
        Info (286033): Parameter INDATA_ACLR set to OFF
        Info (286033): Parameter OUTDATA_REG set to UNREGISTERED
        Info (286033): Parameter OUTDATA_ACLR set to OFF
        Info (286033): Parameter LPM_FILE set to UNUSED
        Info (286033): Parameter RAM_BLOCK_TYPE set to LUTRAM
    Info (276038): Inferred altdpram megafunction from the following logic: "emu:emu|quadra800:machine|wombat_cpu:cpu|ap040_core:core|ap040_regfile:regfile|bank_f_rtl_0" 
        Info (286033): Parameter WIDTH set to 32
        Info (286033): Parameter WIDTHAD set to 4
        Info (286033): Parameter NUMWORDS set to 16
        Info (286033): Parameter WRADDRESS_REG set to INCLOCK
        Info (286033): Parameter WRADDRESS_ACLR set to OFF
        Info (286033): Parameter WRCONTROL_REG set to INCLOCK
        Info (286033): Parameter WRCONTROL_ACLR set to OFF
        Info (286033): Parameter RDADDRESS_REG set to UNREGISTERED
        Info (286033): Parameter RDADDRESS_ACLR set to OFF
        Info (286033): Parameter RDCONTROL_REG set to UNREGISTERED
        Info (286033): Parameter RDCONTROL_ACLR set to OFF
        Info (286033): Parameter INDATA_REG set to INCLOCK
        Info (286033): Parameter INDATA_ACLR set to OFF
        Info (286033): Parameter OUTDATA_REG set to UNREGISTERED
        Info (286033): Parameter OUTDATA_ACLR set to OFF
        Info (286033): Parameter LPM_FILE set to UNUSED
        Info (286033): Parameter RAM_BLOCK_TYPE set to LUTRAM
    Info (276029): Inferred altsyncram megafunction from the following design logic: "emu:emu|vram0_rtl_0" 
        Info (286033): Parameter OPERATION_MODE set to BIDIR_DUAL_PORT
        Info (286033): Parameter WIDTH_A set to 8
        Info (286033): Parameter WIDTH_B set to 8
        Info (286033): Parameter WIDTHAD_A set to 17
        Info (286033): Parameter WIDTHAD_B set to 17
        Info (286033): Parameter NUMWORDS_A set to 82016
        Info (286033): Parameter NUMWORDS_B set to 82016
        Info (286033): Parameter OUTDATA_REG_A set to UNREGISTERED
        Info (286033): Parameter OUTDATA_REG_B set to UNREGISTERED
        Info (286033): Parameter ADDRESS_REG_B set to CLOCK1
        Info (286033): Parameter INDATA_REG_B set to CLOCK1
        Info (286033): Parameter WRCONTROL_WRADDRESS_REG_B set to CLOCK1
        Info (286033): Parameter INDATA_ACLR_A set to NONE
        Info (286033): Parameter WRCONTROL_ACLR_A set to NONE
        Info (286033): Parameter ADDRESS_ACLR_A set to NONE
        Info (286033): Parameter ADDRESS_ACLR_B set to NONE
        Info (286033): Parameter OUTDATA_ACLR_B set to NONE
        Info (286033): Parameter RAM_BLOCK_TYPE set to M10K
    Info (276029): Inferred altsyncram megafunction from the following design logic: "emu:emu|vram1_rtl_0" 
        Info (286033): Parameter OPERATION_MODE set to BIDIR_DUAL_PORT
        Info (286033): Parameter WIDTH_A set to 8
        Info (286033): Parameter WIDTH_B set to 8
        Info (286033): Parameter WIDTHAD_A set to 17
        Info (286033): Parameter WIDTHAD_B set to 17
        Info (286033): Parameter NUMWORDS_A set to 82016
        Info (286033): Parameter NUMWORDS_B set to 82016
        Info (286033): Parameter OUTDATA_REG_A set to UNREGISTERED
        Info (286033): Parameter OUTDATA_REG_B set to UNREGISTERED
        Info (286033): Parameter ADDRESS_REG_B set to CLOCK1
        Info (286033): Parameter INDATA_REG_B set to CLOCK1
        Info (286033): Parameter WRCONTROL_WRADDRESS_REG_B set to CLOCK1
        Info (286033): Parameter INDATA_ACLR_A set to NONE
        Info (286033): Parameter WRCONTROL_ACLR_A set to NONE
        Info (286033): Parameter ADDRESS_ACLR_A set to NONE
        Info (286033): Parameter ADDRESS_ACLR_B set to NONE
        Info (286033): Parameter OUTDATA_ACLR_B set to NONE
        Info (286033): Parameter RAM_BLOCK_TYPE set to M10K
    Info (276029): Inferred altsyncram megafunction from the following design logic: "emu:emu|vram2_rtl_0" 
        Info (286033): Parameter OPERATION_MODE set to BIDIR_DUAL_PORT
        Info (286033): Parameter WIDTH_A set to 8
        Info (286033): Parameter WIDTH_B set to 8
        Info (286033): Parameter WIDTHAD_A set to 17
        Info (286033): Parameter WIDTHAD_B set to 17
        Info (286033): Parameter NUMWORDS_A set to 82016
        Info (286033): Parameter NUMWORDS_B set to 82016
        Info (286033): Parameter OUTDATA_REG_A set to UNREGISTERED
        Info (286033): Parameter OUTDATA_REG_B set to UNREGISTERED
        Info (286033): Parameter ADDRESS_REG_B set to CLOCK1
        Info (286033): Parameter INDATA_REG_B set to CLOCK1
        Info (286033): Parameter WRCONTROL_WRADDRESS_REG_B set to CLOCK1
        Info (286033): Parameter INDATA_ACLR_A set to NONE
        Info (286033): Parameter WRCONTROL_ACLR_A set to NONE
        Info (286033): Parameter ADDRESS_ACLR_A set to NONE
        Info (286033): Parameter ADDRESS_ACLR_B set to NONE
        Info (286033): Parameter OUTDATA_ACLR_B set to NONE
        Info (286033): Parameter RAM_BLOCK_TYPE set to M10K
    Info (276029): Inferred altsyncram megafunction from the following design logic: "emu:emu|vram3_rtl_0" 
        Info (286033): Parameter OPERATION_MODE set to BIDIR_DUAL_PORT
        Info (286033): Parameter WIDTH_A set to 8
        Info (286033): Parameter WIDTH_B set to 8
        Info (286033): Parameter WIDTHAD_A set to 17
        Info (286033): Parameter WIDTHAD_B set to 17
        Info (286033): Parameter NUMWORDS_A set to 82016
        Info (286033): Parameter NUMWORDS_B set to 82016
        Info (286033): Parameter OUTDATA_REG_A set to UNREGISTERED
        Info (286033): Parameter OUTDATA_REG_B set to UNREGISTERED
        Info (286033): Parameter ADDRESS_REG_B set to CLOCK1
        Info (286033): Parameter INDATA_REG_B set to CLOCK1
        Info (286033): Parameter WRCONTROL_WRADDRESS_REG_B set to CLOCK1
        Info (286033): Parameter INDATA_ACLR_A set to NONE
        Info (286033): Parameter WRCONTROL_ACLR_A set to NONE
        Info (286033): Parameter ADDRESS_ACLR_A set to NONE
        Info (286033): Parameter ADDRESS_ACLR_B set to NONE
        Info (286033): Parameter OUTDATA_ACLR_B set to NONE
        Info (286033): Parameter RAM_BLOCK_TYPE set to M10K
    Info (276029): Inferred altsyncram megafunction from the following design logic: "emu:emu|mt32pi:mt32pi|lcd_data_rtl_0" 
        Info (286033): Parameter OPERATION_MODE set to DUAL_PORT
        Info (286033): Parameter WIDTH_A set to 8
        Info (286033): Parameter WIDTHAD_A set to 10
        Info (286033): Parameter NUMWORDS_A set to 1024
        Info (286033): Parameter WIDTH_B set to 1
        Info (286033): Parameter WIDTHAD_B set to 13
        Info (286033): Parameter NUMWORDS_B set to 8192
        Info (286033): Parameter ADDRESS_ACLR_A set to NONE
        Info (286033): Parameter OUTDATA_REG_B set to UNREGISTERED
        Info (286033): Parameter ADDRESS_ACLR_B set to NONE
        Info (286033): Parameter OUTDATA_ACLR_B set to NONE
        Info (286033): Parameter ADDRESS_REG_B set to CLOCK1
        Info (286033): Parameter INDATA_ACLR_A set to NONE
        Info (286033): Parameter WRCONTROL_ACLR_A set to NONE
    Info (276029): Inferred altsyncram megafunction from the following design logic: "emu:emu|quadra800:machine|dafb:dafb|dafb_clut:clut_b_i|mem_rtl_0" 
        Info (286033): Parameter OPERATION_MODE set to BIDIR_DUAL_PORT
        Info (286033): Parameter WIDTH_A set to 8
        Info (286033): Parameter WIDTH_B set to 8
        Info (286033): Parameter WIDTHAD_A set to 8
        Info (286033): Parameter WIDTHAD_B set to 8
        Info (286033): Parameter NUMWORDS_A set to 256
        Info (286033): Parameter NUMWORDS_B set to 256
        Info (286033): Parameter OUTDATA_REG_A set to UNREGISTERED
        Info (286033): Parameter OUTDATA_REG_B set to UNREGISTERED
        Info (286033): Parameter ADDRESS_REG_B set to CLOCK1
        Info (286033): Parameter INDATA_REG_B set to CLOCK1
        Info (286033): Parameter WRCONTROL_WRADDRESS_REG_B set to CLOCK1
        Info (286033): Parameter INDATA_ACLR_A set to NONE
        Info (286033): Parameter WRCONTROL_ACLR_A set to NONE
        Info (286033): Parameter ADDRESS_ACLR_A set to NONE
        Info (286033): Parameter ADDRESS_ACLR_B set to NONE
        Info (286033): Parameter OUTDATA_ACLR_B set to NONE
        Info (286033): Parameter RAM_BLOCK_TYPE set to M10K
    Info (276029): Inferred altsyncram megafunction from the following design logic: "emu:emu|quadra800:machine|dafb:dafb|dafb_clut:clut_g_i|mem_rtl_0" 
        Info (286033): Parameter OPERATION_MODE set to BIDIR_DUAL_PORT
        Info (286033): Parameter WIDTH_A set to 8
        Info (286033): Parameter WIDTH_B set to 8
        Info (286033): Parameter WIDTHAD_A set to 8
        Info (286033): Parameter WIDTHAD_B set to 8
        Info (286033): Parameter NUMWORDS_A set to 256
        Info (286033): Parameter NUMWORDS_B set to 256
        Info (286033): Parameter OUTDATA_REG_A set to UNREGISTERED
        Info (286033): Parameter OUTDATA_REG_B set to UNREGISTERED
        Info (286033): Parameter ADDRESS_REG_B set to CLOCK1
        Info (286033): Parameter INDATA_REG_B set to CLOCK1
        Info (286033): Parameter WRCONTROL_WRADDRESS_REG_B set to CLOCK1
        Info (286033): Parameter INDATA_ACLR_A set to NONE
        Info (286033): Parameter WRCONTROL_ACLR_A set to NONE
        Info (286033): Parameter ADDRESS_ACLR_A set to NONE
        Info (286033): Parameter ADDRESS_ACLR_B set to NONE
        Info (286033): Parameter OUTDATA_ACLR_B set to NONE
        Info (286033): Parameter RAM_BLOCK_TYPE set to M10K
    Info (276029): Inferred altsyncram megafunction from the following design logic: "emu:emu|quadra800:machine|dafb:dafb|dafb_clut:clut_r_i|mem_rtl_0" 
        Info (286033): Parameter OPERATION_MODE set to BIDIR_DUAL_PORT
        Info (286033): Parameter WIDTH_A set to 8
        Info (286033): Parameter WIDTH_B set to 8
        Info (286033): Parameter WIDTHAD_A set to 8
        Info (286033): Parameter WIDTHAD_B set to 8
        Info (286033): Parameter NUMWORDS_A set to 256
        Info (286033): Parameter NUMWORDS_B set to 256
        Info (286033): Parameter OUTDATA_REG_A set to UNREGISTERED
        Info (286033): Parameter OUTDATA_REG_B set to UNREGISTERED
        Info (286033): Parameter ADDRESS_REG_B set to CLOCK1
        Info (286033): Parameter INDATA_REG_B set to CLOCK1
        Info (286033): Parameter WRCONTROL_WRADDRESS_REG_B set to CLOCK1
        Info (286033): Parameter INDATA_ACLR_A set to NONE
        Info (286033): Parameter WRCONTROL_ACLR_A set to NONE
        Info (286033): Parameter ADDRESS_ACLR_A set to NONE
        Info (286033): Parameter ADDRESS_ACLR_B set to NONE
        Info (286033): Parameter OUTDATA_ACLR_B set to NONE
        Info (286033): Parameter RAM_BLOCK_TYPE set to M10K
    Info (276029): Inferred altsyncram megafunction from the following design logic: "emu:emu|quadra800:machine|iosb:iosb|ncr53c96:scsi|cd_audio:g_cd_audio.cd_audio_i|cd_sdp:frame_ram|ram_rtl_0" 
        Info (286033): Parameter OPERATION_MODE set to DUAL_PORT
        Info (286033): Parameter WIDTH_A set to 16
        Info (286033): Parameter WIDTHAD_A set to 12
        Info (286033): Parameter NUMWORDS_A set to 4096
        Info (286033): Parameter WIDTH_B set to 16
        Info (286033): Parameter WIDTHAD_B set to 12
        Info (286033): Parameter NUMWORDS_B set to 4096
        Info (286033): Parameter ADDRESS_ACLR_A set to NONE
        Info (286033): Parameter OUTDATA_REG_B set to UNREGISTERED
        Info (286033): Parameter ADDRESS_ACLR_B set to NONE
        Info (286033): Parameter OUTDATA_ACLR_B set to NONE
        Info (286033): Parameter ADDRESS_REG_B set to CLOCK0
        Info (286033): Parameter INDATA_ACLR_A set to NONE
        Info (286033): Parameter WRCONTROL_ACLR_A set to NONE
        Info (286033): Parameter RAM_BLOCK_TYPE set to M10K
    Info (276029): Inferred altsyncram megafunction from the following design logic: "emu:emu|quadra800:machine|iosb:iosb|adb:adbx|kbdFifo_rtl_0" 
        Info (286033): Parameter OPERATION_MODE set to DUAL_PORT
        Info (286033): Parameter WIDTH_A set to 8
        Info (286033): Parameter WIDTHAD_A set to 3
        Info (286033): Parameter NUMWORDS_A set to 8
        Info (286033): Parameter WIDTH_B set to 8
        Info (286033): Parameter WIDTHAD_B set to 3
        Info (286033): Parameter NUMWORDS_B set to 8
        Info (286033): Parameter ADDRESS_ACLR_A set to NONE
        Info (286033): Parameter OUTDATA_REG_B set to UNREGISTERED
        Info (286033): Parameter ADDRESS_ACLR_B set to NONE
        Info (286033): Parameter OUTDATA_ACLR_B set to NONE
        Info (286033): Parameter ADDRESS_REG_B set to CLOCK0
        Info (286033): Parameter INDATA_ACLR_A set to NONE
        Info (286033): Parameter WRCONTROL_ACLR_A set to NONE
        Info (286033): Parameter READ_DURING_WRITE_MODE_MIXED_PORTS set to OLD_DATA
    Info (276029): Inferred altsyncram megafunction from the following design logic: "emu:emu|quadra800:machine|iosb:iosb|rtc3430042:rtc|pram_rtl_0" 
        Info (286033): Parameter OPERATION_MODE set to DUAL_PORT
        Info (286033): Parameter WIDTH_A set to 8
        Info (286033): Parameter WIDTHAD_A set to 8
        Info (286033): Parameter NUMWORDS_A set to 256
        Info (286033): Parameter WIDTH_B set to 8
        Info (286033): Parameter WIDTHAD_B set to 8
        Info (286033): Parameter NUMWORDS_B set to 256
        Info (286033): Parameter ADDRESS_ACLR_A set to NONE
        Info (286033): Parameter OUTDATA_REG_B set to UNREGISTERED
        Info (286033): Parameter ADDRESS_ACLR_B set to NONE
        Info (286033): Parameter OUTDATA_ACLR_B set to NONE
        Info (286033): Parameter ADDRESS_REG_B set to CLOCK0
        Info (286033): Parameter INDATA_ACLR_A set to NONE
        Info (286033): Parameter WRCONTROL_ACLR_A set to NONE
        Info (286033): Parameter RAM_BLOCK_TYPE set to M10K
    Info (276029): Inferred altsyncram megafunction from the following design logic: "emu:emu|quadra800:machine|wombat_cpu:cpu|ap040_cache:g_cache.cache|cdata0_b3_rtl_0" 
        Info (286033): Parameter OPERATION_MODE set to DUAL_PORT
        Info (286033): Parameter WIDTH_A set to 8
        Info (286033): Parameter WIDTHAD_A set to 10
        Info (286033): Parameter NUMWORDS_A set to 1024
        Info (286033): Parameter WIDTH_B set to 8
        Info (286033): Parameter WIDTHAD_B set to 10
        Info (286033): Parameter NUMWORDS_B set to 1024
        Info (286033): Parameter ADDRESS_ACLR_A set to NONE
        Info (286033): Parameter OUTDATA_REG_B set to UNREGISTERED
        Info (286033): Parameter ADDRESS_ACLR_B set to NONE
        Info (286033): Parameter OUTDATA_ACLR_B set to NONE
        Info (286033): Parameter ADDRESS_REG_B set to CLOCK0
        Info (286033): Parameter INDATA_ACLR_A set to NONE
        Info (286033): Parameter WRCONTROL_ACLR_A set to NONE
        Info (286033): Parameter RDCONTROL_REG_B set to CLOCK0
    Info (276029): Inferred altsyncram megafunction from the following design logic: "emu:emu|quadra800:machine|wombat_cpu:cpu|ap040_cache:g_cache.cache|cdata0_b2_rtl_0" 
        Info (286033): Parameter OPERATION_MODE set to DUAL_PORT
        Info (286033): Parameter WIDTH_A set to 8
        Info (286033): Parameter WIDTHAD_A set to 10
        Info (286033): Parameter NUMWORDS_A set to 1024
        Info (286033): Parameter WIDTH_B set to 8
        Info (286033): Parameter WIDTHAD_B set to 10
        Info (286033): Parameter NUMWORDS_B set to 1024
        Info (286033): Parameter ADDRESS_ACLR_A set to NONE
        Info (286033): Parameter OUTDATA_REG_B set to UNREGISTERED
        Info (286033): Parameter ADDRESS_ACLR_B set to NONE
        Info (286033): Parameter OUTDATA_ACLR_B set to NONE
        Info (286033): Parameter ADDRESS_REG_B set to CLOCK0
        Info (286033): Parameter INDATA_ACLR_A set to NONE
        Info (286033): Parameter WRCONTROL_ACLR_A set to NONE
        Info (286033): Parameter RDCONTROL_REG_B set to CLOCK0
    Info (276029): Inferred altsyncram megafunction from the following design logic: "emu:emu|quadra800:machine|wombat_cpu:cpu|ap040_cache:g_cache.cache|cdata0_b1_rtl_0" 
        Info (286033): Parameter OPERATION_MODE set to DUAL_PORT
        Info (286033): Parameter WIDTH_A set to 8
        Info (286033): Parameter WIDTHAD_A set to 10
        Info (286033): Parameter NUMWORDS_A set to 1024
        Info (286033): Parameter WIDTH_B set to 8
        Info (286033): Parameter WIDTHAD_B set to 10
        Info (286033): Parameter NUMWORDS_B set to 1024
        Info (286033): Parameter ADDRESS_ACLR_A set to NONE
        Info (286033): Parameter OUTDATA_REG_B set to UNREGISTERED
        Info (286033): Parameter ADDRESS_ACLR_B set to NONE
        Info (286033): Parameter OUTDATA_ACLR_B set to NONE
        Info (286033): Parameter ADDRESS_REG_B set to CLOCK0
        Info (286033): Parameter INDATA_ACLR_A set to NONE
        Info (286033): Parameter WRCONTROL_ACLR_A set to NONE
        Info (286033): Parameter RDCONTROL_REG_B set to CLOCK0
    Info (276029): Inferred altsyncram megafunction from the following design logic: "emu:emu|quadra800:machine|wombat_cpu:cpu|ap040_cache:g_cache.cache|cdata0_b0_rtl_0" 
        Info (286033): Parameter OPERATION_MODE set to DUAL_PORT
        Info (286033): Parameter WIDTH_A set to 8
        Info (286033): Parameter WIDTHAD_A set to 10
        Info (286033): Parameter NUMWORDS_A set to 1024
        Info (286033): Parameter WIDTH_B set to 8
        Info (286033): Parameter WIDTHAD_B set to 10
        Info (286033): Parameter NUMWORDS_B set to 1024
        Info (286033): Parameter ADDRESS_ACLR_A set to NONE
        Info (286033): Parameter OUTDATA_REG_B set to UNREGISTERED
        Info (286033): Parameter ADDRESS_ACLR_B set to NONE
        Info (286033): Parameter OUTDATA_ACLR_B set to NONE
        Info (286033): Parameter ADDRESS_REG_B set to CLOCK0
        Info (286033): Parameter INDATA_ACLR_A set to NONE
        Info (286033): Parameter WRCONTROL_ACLR_A set to NONE
        Info (286033): Parameter RDCONTROL_REG_B set to CLOCK0
    Info (276029): Inferred altsyncram megafunction from the following design logic: "emu:emu|quadra800:machine|wombat_cpu:cpu|ap040_cache:g_cache.cache|cdata1_b3_rtl_0" 
        Info (286033): Parameter OPERATION_MODE set to DUAL_PORT
        Info (286033): Parameter WIDTH_A set to 8
        Info (286033): Parameter WIDTHAD_A set to 10
        Info (286033): Parameter NUMWORDS_A set to 1024
        Info (286033): Parameter WIDTH_B set to 8
        Info (286033): Parameter WIDTHAD_B set to 10
        Info (286033): Parameter NUMWORDS_B set to 1024
        Info (286033): Parameter ADDRESS_ACLR_A set to NONE
        Info (286033): Parameter OUTDATA_REG_B set to UNREGISTERED
        Info (286033): Parameter ADDRESS_ACLR_B set to NONE
        Info (286033): Parameter OUTDATA_ACLR_B set to NONE
        Info (286033): Parameter ADDRESS_REG_B set to CLOCK0
        Info (286033): Parameter INDATA_ACLR_A set to NONE
        Info (286033): Parameter WRCONTROL_ACLR_A set to NONE
        Info (286033): Parameter RDCONTROL_REG_B set to CLOCK0
    Info (276029): Inferred altsyncram megafunction from the following design logic: "emu:emu|quadra800:machine|wombat_cpu:cpu|ap040_cache:g_cache.cache|cdata1_b2_rtl_0" 
        Info (286033): Parameter OPERATION_MODE set to DUAL_PORT
        Info (286033): Parameter WIDTH_A set to 8
        Info (286033): Parameter WIDTHAD_A set to 10
        Info (286033): Parameter NUMWORDS_A set to 1024
        Info (286033): Parameter WIDTH_B set to 8
        Info (286033): Parameter WIDTHAD_B set to 10
        Info (286033): Parameter NUMWORDS_B set to 1024
        Info (286033): Parameter ADDRESS_ACLR_A set to NONE
        Info (286033): Parameter OUTDATA_REG_B set to UNREGISTERED
        Info (286033): Parameter ADDRESS_ACLR_B set to NONE
        Info (286033): Parameter OUTDATA_ACLR_B set to NONE
        Info (286033): Parameter ADDRESS_REG_B set to CLOCK0
        Info (286033): Parameter INDATA_ACLR_A set to NONE
        Info (286033): Parameter WRCONTROL_ACLR_A set to NONE
        Info (286033): Parameter RDCONTROL_REG_B set to CLOCK0
    Info (276029): Inferred altsyncram megafunction from the following design logic: "emu:emu|quadra800:machine|wombat_cpu:cpu|ap040_cache:g_cache.cache|cdata1_b1_rtl_0" 
        Info (286033): Parameter OPERATION_MODE set to DUAL_PORT
        Info (286033): Parameter WIDTH_A set to 8
        Info (286033): Parameter WIDTHAD_A set to 10
        Info (286033): Parameter NUMWORDS_A set to 1024
        Info (286033): Parameter WIDTH_B set to 8
        Info (286033): Parameter WIDTHAD_B set to 10
        Info (286033): Parameter NUMWORDS_B set to 1024
        Info (286033): Parameter ADDRESS_ACLR_A set to NONE
        Info (286033): Parameter OUTDATA_REG_B set to UNREGISTERED
        Info (286033): Parameter ADDRESS_ACLR_B set to NONE
        Info (286033): Parameter OUTDATA_ACLR_B set to NONE
        Info (286033): Parameter ADDRESS_REG_B set to CLOCK0
        Info (286033): Parameter INDATA_ACLR_A set to NONE
        Info (286033): Parameter WRCONTROL_ACLR_A set to NONE
        Info (286033): Parameter RDCONTROL_REG_B set to CLOCK0
    Info (276029): Inferred altsyncram megafunction from the following design logic: "emu:emu|quadra800:machine|wombat_cpu:cpu|ap040_cache:g_cache.cache|cdata1_b0_rtl_0" 
        Info (286033): Parameter OPERATION_MODE set to DUAL_PORT
        Info (286033): Parameter WIDTH_A set to 8
        Info (286033): Parameter WIDTHAD_A set to 10
        Info (286033): Parameter NUMWORDS_A set to 1024
        Info (286033): Parameter WIDTH_B set to 8
        Info (286033): Parameter WIDTHAD_B set to 10
        Info (286033): Parameter NUMWORDS_B set to 1024
        Info (286033): Parameter ADDRESS_ACLR_A set to NONE
        Info (286033): Parameter OUTDATA_REG_B set to UNREGISTERED
        Info (286033): Parameter ADDRESS_ACLR_B set to NONE
        Info (286033): Parameter OUTDATA_ACLR_B set to NONE
        Info (286033): Parameter ADDRESS_REG_B set to CLOCK0
        Info (286033): Parameter INDATA_ACLR_A set to NONE
        Info (286033): Parameter WRCONTROL_ACLR_A set to NONE
        Info (286033): Parameter RDCONTROL_REG_B set to CLOCK0
    Info (276029): Inferred altsyncram megafunction from the following design logic: "emu:emu|quadra800:machine|wombat_cpu:cpu|ap040_cache:g_cache.cache|cdata2_b3_rtl_0" 
        Info (286033): Parameter OPERATION_MODE set to DUAL_PORT
        Info (286033): Parameter WIDTH_A set to 8
        Info (286033): Parameter WIDTHAD_A set to 10
        Info (286033): Parameter NUMWORDS_A set to 1024
        Info (286033): Parameter WIDTH_B set to 8
        Info (286033): Parameter WIDTHAD_B set to 10
        Info (286033): Parameter NUMWORDS_B set to 1024
        Info (286033): Parameter ADDRESS_ACLR_A set to NONE
        Info (286033): Parameter OUTDATA_REG_B set to UNREGISTERED
        Info (286033): Parameter ADDRESS_ACLR_B set to NONE
        Info (286033): Parameter OUTDATA_ACLR_B set to NONE
        Info (286033): Parameter ADDRESS_REG_B set to CLOCK0
        Info (286033): Parameter INDATA_ACLR_A set to NONE
        Info (286033): Parameter WRCONTROL_ACLR_A set to NONE
        Info (286033): Parameter RDCONTROL_REG_B set to CLOCK0
    Info (276029): Inferred altsyncram megafunction from the following design logic: "emu:emu|quadra800:machine|wombat_cpu:cpu|ap040_cache:g_cache.cache|cdata2_b2_rtl_0" 
        Info (286033): Parameter OPERATION_MODE set to DUAL_PORT
        Info (286033): Parameter WIDTH_A set to 8
        Info (286033): Parameter WIDTHAD_A set to 10
        Info (286033): Parameter NUMWORDS_A set to 1024
        Info (286033): Parameter WIDTH_B set to 8
        Info (286033): Parameter WIDTHAD_B set to 10
        Info (286033): Parameter NUMWORDS_B set to 1024
        Info (286033): Parameter ADDRESS_ACLR_A set to NONE
        Info (286033): Parameter OUTDATA_REG_B set to UNREGISTERED
        Info (286033): Parameter ADDRESS_ACLR_B set to NONE
        Info (286033): Parameter OUTDATA_ACLR_B set to NONE
        Info (286033): Parameter ADDRESS_REG_B set to CLOCK0
        Info (286033): Parameter INDATA_ACLR_A set to NONE
        Info (286033): Parameter WRCONTROL_ACLR_A set to NONE
        Info (286033): Parameter RDCONTROL_REG_B set to CLOCK0
    Info (276029): Inferred altsyncram megafunction from the following design logic: "emu:emu|quadra800:machine|wombat_cpu:cpu|ap040_cache:g_cache.cache|cdata2_b1_rtl_0" 
        Info (286033): Parameter OPERATION_MODE set to DUAL_PORT
        Info (286033): Parameter WIDTH_A set to 8
        Info (286033): Parameter WIDTHAD_A set to 10
        Info (286033): Parameter NUMWORDS_A set to 1024
        Info (286033): Parameter WIDTH_B set to 8
        Info (286033): Parameter WIDTHAD_B set to 10
        Info (286033): Parameter NUMWORDS_B set to 1024
        Info (286033): Parameter ADDRESS_ACLR_A set to NONE
        Info (286033): Parameter OUTDATA_REG_B set to UNREGISTERED
        Info (286033): Parameter ADDRESS_ACLR_B set to NONE
        Info (286033): Parameter OUTDATA_ACLR_B set to NONE
        Info (286033): Parameter ADDRESS_REG_B set to CLOCK0
        Info (286033): Parameter INDATA_ACLR_A set to NONE
        Info (286033): Parameter WRCONTROL_ACLR_A set to NONE
        Info (286033): Parameter RDCONTROL_REG_B set to CLOCK0
    Info (276029): Inferred altsyncram megafunction from the following design logic: "emu:emu|quadra800:machine|wombat_cpu:cpu|ap040_cache:g_cache.cache|cdata2_b0_rtl_0" 
        Info (286033): Parameter OPERATION_MODE set to DUAL_PORT
        Info (286033): Parameter WIDTH_A set to 8
        Info (286033): Parameter WIDTHAD_A set to 10
        Info (286033): Parameter NUMWORDS_A set to 1024
        Info (286033): Parameter WIDTH_B set to 8
        Info (286033): Parameter WIDTHAD_B set to 10
        Info (286033): Parameter NUMWORDS_B set to 1024
        Info (286033): Parameter ADDRESS_ACLR_A set to NONE
        Info (286033): Parameter OUTDATA_REG_B set to UNREGISTERED
        Info (286033): Parameter ADDRESS_ACLR_B set to NONE
        Info (286033): Parameter OUTDATA_ACLR_B set to NONE
        Info (286033): Parameter ADDRESS_REG_B set to CLOCK0
        Info (286033): Parameter INDATA_ACLR_A set to NONE
        Info (286033): Parameter WRCONTROL_ACLR_A set to NONE
        Info (286033): Parameter RDCONTROL_REG_B set to CLOCK0
    Info (276029): Inferred altsyncram megafunction from the following design logic: "emu:emu|quadra800:machine|wombat_cpu:cpu|ap040_cache:g_cache.cache|cdata3_b3_rtl_0" 
        Info (286033): Parameter OPERATION_MODE set to DUAL_PORT
        Info (286033): Parameter WIDTH_A set to 8
        Info (286033): Parameter WIDTHAD_A set to 10
        Info (286033): Parameter NUMWORDS_A set to 1024
        Info (286033): Parameter WIDTH_B set to 8
        Info (286033): Parameter WIDTHAD_B set to 10
        Info (286033): Parameter NUMWORDS_B set to 1024
        Info (286033): Parameter ADDRESS_ACLR_A set to NONE
        Info (286033): Parameter OUTDATA_REG_B set to UNREGISTERED
        Info (286033): Parameter ADDRESS_ACLR_B set to NONE
        Info (286033): Parameter OUTDATA_ACLR_B set to NONE
        Info (286033): Parameter ADDRESS_REG_B set to CLOCK0
        Info (286033): Parameter INDATA_ACLR_A set to NONE
        Info (286033): Parameter WRCONTROL_ACLR_A set to NONE
        Info (286033): Parameter RDCONTROL_REG_B set to CLOCK0
    Info (276029): Inferred altsyncram megafunction from the following design logic: "emu:emu|quadra800:machine|wombat_cpu:cpu|ap040_cache:g_cache.cache|cdata3_b2_rtl_0" 
        Info (286033): Parameter OPERATION_MODE set to DUAL_PORT
        Info (286033): Parameter WIDTH_A set to 8
        Info (286033): Parameter WIDTHAD_A set to 10
        Info (286033): Parameter NUMWORDS_A set to 1024
        Info (286033): Parameter WIDTH_B set to 8
        Info (286033): Parameter WIDTHAD_B set to 10
        Info (286033): Parameter NUMWORDS_B set to 1024
        Info (286033): Parameter ADDRESS_ACLR_A set to NONE
        Info (286033): Parameter OUTDATA_REG_B set to UNREGISTERED
        Info (286033): Parameter ADDRESS_ACLR_B set to NONE
        Info (286033): Parameter OUTDATA_ACLR_B set to NONE
        Info (286033): Parameter ADDRESS_REG_B set to CLOCK0
        Info (286033): Parameter INDATA_ACLR_A set to NONE
        Info (286033): Parameter WRCONTROL_ACLR_A set to NONE
        Info (286033): Parameter RDCONTROL_REG_B set to CLOCK0
    Info (276029): Inferred altsyncram megafunction from the following design logic: "emu:emu|quadra800:machine|wombat_cpu:cpu|ap040_cache:g_cache.cache|cdata3_b1_rtl_0" 
        Info (286033): Parameter OPERATION_MODE set to DUAL_PORT
        Info (286033): Parameter WIDTH_A set to 8
        Info (286033): Parameter WIDTHAD_A set to 10
        Info (286033): Parameter NUMWORDS_A set to 1024
        Info (286033): Parameter WIDTH_B set to 8
        Info (286033): Parameter WIDTHAD_B set to 10
        Info (286033): Parameter NUMWORDS_B set to 1024
        Info (286033): Parameter ADDRESS_ACLR_A set to NONE
        Info (286033): Parameter OUTDATA_REG_B set to UNREGISTERED
        Info (286033): Parameter ADDRESS_ACLR_B set to NONE
        Info (286033): Parameter OUTDATA_ACLR_B set to NONE
        Info (286033): Parameter ADDRESS_REG_B set to CLOCK0
        Info (286033): Parameter INDATA_ACLR_A set to NONE
        Info (286033): Parameter WRCONTROL_ACLR_A set to NONE
        Info (286033): Parameter RDCONTROL_REG_B set to CLOCK0
    Info (276029): Inferred altsyncram megafunction from the following design logic: "emu:emu|quadra800:machine|wombat_cpu:cpu|ap040_cache:g_cache.cache|cdata3_b0_rtl_0" 
        Info (286033): Parameter OPERATION_MODE set to DUAL_PORT
        Info (286033): Parameter WIDTH_A set to 8
        Info (286033): Parameter WIDTHAD_A set to 10
        Info (286033): Parameter NUMWORDS_A set to 1024
        Info (286033): Parameter WIDTH_B set to 8
        Info (286033): Parameter WIDTHAD_B set to 10
        Info (286033): Parameter NUMWORDS_B set to 1024
        Info (286033): Parameter ADDRESS_ACLR_A set to NONE
        Info (286033): Parameter OUTDATA_REG_B set to UNREGISTERED
        Info (286033): Parameter ADDRESS_ACLR_B set to NONE
        Info (286033): Parameter OUTDATA_ACLR_B set to NONE
        Info (286033): Parameter ADDRESS_REG_B set to CLOCK0
        Info (286033): Parameter INDATA_ACLR_A set to NONE
        Info (286033): Parameter WRCONTROL_ACLR_A set to NONE
        Info (286033): Parameter RDCONTROL_REG_B set to CLOCK0
    Info (276029): Inferred altsyncram megafunction from the following design logic: "emu:emu|quadra800:machine|wombat_cpu:cpu|ap040_cache:g_cache.cache|pairdata0_b3_rtl_0" 
        Info (286033): Parameter OPERATION_MODE set to DUAL_PORT
        Info (286033): Parameter WIDTH_A set to 8
        Info (286033): Parameter WIDTHAD_A set to 9
        Info (286033): Parameter NUMWORDS_A set to 512
        Info (286033): Parameter WIDTH_B set to 8
        Info (286033): Parameter WIDTHAD_B set to 9
        Info (286033): Parameter NUMWORDS_B set to 512
        Info (286033): Parameter ADDRESS_ACLR_A set to NONE
        Info (286033): Parameter OUTDATA_REG_B set to UNREGISTERED
        Info (286033): Parameter ADDRESS_ACLR_B set to NONE
        Info (286033): Parameter OUTDATA_ACLR_B set to NONE
        Info (286033): Parameter ADDRESS_REG_B set to CLOCK0
        Info (286033): Parameter INDATA_ACLR_A set to NONE
        Info (286033): Parameter WRCONTROL_ACLR_A set to NONE
        Info (286033): Parameter RDCONTROL_REG_B set to CLOCK0
    Info (276029): Inferred altsyncram megafunction from the following design logic: "emu:emu|quadra800:machine|wombat_cpu:cpu|ap040_cache:g_cache.cache|pairdata0_b2_rtl_0" 
        Info (286033): Parameter OPERATION_MODE set to DUAL_PORT
        Info (286033): Parameter WIDTH_A set to 8
        Info (286033): Parameter WIDTHAD_A set to 9
        Info (286033): Parameter NUMWORDS_A set to 512
        Info (286033): Parameter WIDTH_B set to 8
        Info (286033): Parameter WIDTHAD_B set to 9
        Info (286033): Parameter NUMWORDS_B set to 512
        Info (286033): Parameter ADDRESS_ACLR_A set to NONE
        Info (286033): Parameter OUTDATA_REG_B set to UNREGISTERED
        Info (286033): Parameter ADDRESS_ACLR_B set to NONE
        Info (286033): Parameter OUTDATA_ACLR_B set to NONE
        Info (286033): Parameter ADDRESS_REG_B set to CLOCK0
        Info (286033): Parameter INDATA_ACLR_A set to NONE
        Info (286033): Parameter WRCONTROL_ACLR_A set to NONE
        Info (286033): Parameter RDCONTROL_REG_B set to CLOCK0
    Info (276029): Inferred altsyncram megafunction from the following design logic: "emu:emu|quadra800:machine|wombat_cpu:cpu|ap040_cache:g_cache.cache|pairdata0_b1_rtl_0" 
        Info (286033): Parameter OPERATION_MODE set to DUAL_PORT
        Info (286033): Parameter WIDTH_A set to 8
        Info (286033): Parameter WIDTHAD_A set to 9
        Info (286033): Parameter NUMWORDS_A set to 512
        Info (286033): Parameter WIDTH_B set to 8
        Info (286033): Parameter WIDTHAD_B set to 9
        Info (286033): Parameter NUMWORDS_B set to 512
        Info (286033): Parameter ADDRESS_ACLR_A set to NONE
        Info (286033): Parameter OUTDATA_REG_B set to UNREGISTERED
        Info (286033): Parameter ADDRESS_ACLR_B set to NONE
        Info (286033): Parameter OUTDATA_ACLR_B set to NONE
        Info (286033): Parameter ADDRESS_REG_B set to CLOCK0
        Info (286033): Parameter INDATA_ACLR_A set to NONE
        Info (286033): Parameter WRCONTROL_ACLR_A set to NONE
        Info (286033): Parameter RDCONTROL_REG_B set to CLOCK0
    Info (276029): Inferred altsyncram megafunction from the following design logic: "emu:emu|quadra800:machine|wombat_cpu:cpu|ap040_cache:g_cache.cache|pairdata0_b0_rtl_0" 
        Info (286033): Parameter OPERATION_MODE set to DUAL_PORT
        Info (286033): Parameter WIDTH_A set to 8
        Info (286033): Parameter WIDTHAD_A set to 9
        Info (286033): Parameter NUMWORDS_A set to 512
        Info (286033): Parameter WIDTH_B set to 8
        Info (286033): Parameter WIDTHAD_B set to 9
        Info (286033): Parameter NUMWORDS_B set to 512
        Info (286033): Parameter ADDRESS_ACLR_A set to NONE
        Info (286033): Parameter OUTDATA_REG_B set to UNREGISTERED
        Info (286033): Parameter ADDRESS_ACLR_B set to NONE
        Info (286033): Parameter OUTDATA_ACLR_B set to NONE
        Info (286033): Parameter ADDRESS_REG_B set to CLOCK0
        Info (286033): Parameter INDATA_ACLR_A set to NONE
        Info (286033): Parameter WRCONTROL_ACLR_A set to NONE
        Info (286033): Parameter RDCONTROL_REG_B set to CLOCK0
    Info (276029): Inferred altsyncram megafunction from the following design logic: "emu:emu|quadra800:machine|wombat_cpu:cpu|ap040_cache:g_cache.cache|pairdata1_b3_rtl_0" 
        Info (286033): Parameter OPERATION_MODE set to DUAL_PORT
        Info (286033): Parameter WIDTH_A set to 8
        Info (286033): Parameter WIDTHAD_A set to 9
        Info (286033): Parameter NUMWORDS_A set to 512
        Info (286033): Parameter WIDTH_B set to 8
        Info (286033): Parameter WIDTHAD_B set to 9
        Info (286033): Parameter NUMWORDS_B set to 512
        Info (286033): Parameter ADDRESS_ACLR_A set to NONE
        Info (286033): Parameter OUTDATA_REG_B set to UNREGISTERED
        Info (286033): Parameter ADDRESS_ACLR_B set to NONE
        Info (286033): Parameter OUTDATA_ACLR_B set to NONE
        Info (286033): Parameter ADDRESS_REG_B set to CLOCK0
        Info (286033): Parameter INDATA_ACLR_A set to NONE
        Info (286033): Parameter WRCONTROL_ACLR_A set to NONE
        Info (286033): Parameter RDCONTROL_REG_B set to CLOCK0
    Info (276029): Inferred altsyncram megafunction from the following design logic: "emu:emu|quadra800:machine|wombat_cpu:cpu|ap040_cache:g_cache.cache|pairdata1_b2_rtl_0" 
        Info (286033): Parameter OPERATION_MODE set to DUAL_PORT
        Info (286033): Parameter WIDTH_A set to 8
        Info (286033): Parameter WIDTHAD_A set to 9
        Info (286033): Parameter NUMWORDS_A set to 512
        Info (286033): Parameter WIDTH_B set to 8
        Info (286033): Parameter WIDTHAD_B set to 9
        Info (286033): Parameter NUMWORDS_B set to 512
        Info (286033): Parameter ADDRESS_ACLR_A set to NONE
        Info (286033): Parameter OUTDATA_REG_B set to UNREGISTERED
        Info (286033): Parameter ADDRESS_ACLR_B set to NONE
        Info (286033): Parameter OUTDATA_ACLR_B set to NONE
        Info (286033): Parameter ADDRESS_REG_B set to CLOCK0
        Info (286033): Parameter INDATA_ACLR_A set to NONE
        Info (286033): Parameter WRCONTROL_ACLR_A set to NONE
        Info (286033): Parameter RDCONTROL_REG_B set to CLOCK0
    Info (276029): Inferred altsyncram megafunction from the following design logic: "emu:emu|quadra800:machine|wombat_cpu:cpu|ap040_cache:g_cache.cache|pairdata1_b1_rtl_0" 
        Info (286033): Parameter OPERATION_MODE set to DUAL_PORT
        Info (286033): Parameter WIDTH_A set to 8
        Info (286033): Parameter WIDTHAD_A set to 9
        Info (286033): Parameter NUMWORDS_A set to 512
        Info (286033): Parameter WIDTH_B set to 8
        Info (286033): Parameter WIDTHAD_B set to 9
        Info (286033): Parameter NUMWORDS_B set to 512
        Info (286033): Parameter ADDRESS_ACLR_A set to NONE
        Info (286033): Parameter OUTDATA_REG_B set to UNREGISTERED
        Info (286033): Parameter ADDRESS_ACLR_B set to NONE
        Info (286033): Parameter OUTDATA_ACLR_B set to NONE
        Info (286033): Parameter ADDRESS_REG_B set to CLOCK0
        Info (286033): Parameter INDATA_ACLR_A set to NONE
        Info (286033): Parameter WRCONTROL_ACLR_A set to NONE
        Info (286033): Parameter RDCONTROL_REG_B set to CLOCK0
    Info (276029): Inferred altsyncram megafunction from the following design logic: "emu:emu|quadra800:machine|wombat_cpu:cpu|ap040_cache:g_cache.cache|pairdata1_b0_rtl_0" 
        Info (286033): Parameter OPERATION_MODE set to DUAL_PORT
        Info (286033): Parameter WIDTH_A set to 8
        Info (286033): Parameter WIDTHAD_A set to 9
        Info (286033): Parameter NUMWORDS_A set to 512
        Info (286033): Parameter WIDTH_B set to 8
        Info (286033): Parameter WIDTHAD_B set to 9
        Info (286033): Parameter NUMWORDS_B set to 512
        Info (286033): Parameter ADDRESS_ACLR_A set to NONE
        Info (286033): Parameter OUTDATA_REG_B set to UNREGISTERED
        Info (286033): Parameter ADDRESS_ACLR_B set to NONE
        Info (286033): Parameter OUTDATA_ACLR_B set to NONE
        Info (286033): Parameter ADDRESS_REG_B set to CLOCK0
        Info (286033): Parameter INDATA_ACLR_A set to NONE
        Info (286033): Parameter WRCONTROL_ACLR_A set to NONE
        Info (286033): Parameter RDCONTROL_REG_B set to CLOCK0
    Info (276029): Inferred altsyncram megafunction from the following design logic: "emu:emu|quadra800:machine|wombat_cpu:cpu|ap040_cache:g_cache.cache|pairdata2_b3_rtl_0" 
        Info (286033): Parameter OPERATION_MODE set to DUAL_PORT
        Info (286033): Parameter WIDTH_A set to 8
        Info (286033): Parameter WIDTHAD_A set to 9
        Info (286033): Parameter NUMWORDS_A set to 512
        Info (286033): Parameter WIDTH_B set to 8
        Info (286033): Parameter WIDTHAD_B set to 9
        Info (286033): Parameter NUMWORDS_B set to 512
        Info (286033): Parameter ADDRESS_ACLR_A set to NONE
        Info (286033): Parameter OUTDATA_REG_B set to UNREGISTERED
        Info (286033): Parameter ADDRESS_ACLR_B set to NONE
        Info (286033): Parameter OUTDATA_ACLR_B set to NONE
        Info (286033): Parameter ADDRESS_REG_B set to CLOCK0
        Info (286033): Parameter INDATA_ACLR_A set to NONE
        Info (286033): Parameter WRCONTROL_ACLR_A set to NONE
        Info (286033): Parameter RDCONTROL_REG_B set to CLOCK0
    Info (276029): Inferred altsyncram megafunction from the following design logic: "emu:emu|quadra800:machine|wombat_cpu:cpu|ap040_cache:g_cache.cache|pairdata2_b2_rtl_0" 
        Info (286033): Parameter OPERATION_MODE set to DUAL_PORT
        Info (286033): Parameter WIDTH_A set to 8
        Info (286033): Parameter WIDTHAD_A set to 9
        Info (286033): Parameter NUMWORDS_A set to 512
        Info (286033): Parameter WIDTH_B set to 8
        Info (286033): Parameter WIDTHAD_B set to 9
        Info (286033): Parameter NUMWORDS_B set to 512
        Info (286033): Parameter ADDRESS_ACLR_A set to NONE
        Info (286033): Parameter OUTDATA_REG_B set to UNREGISTERED
        Info (286033): Parameter ADDRESS_ACLR_B set to NONE
        Info (286033): Parameter OUTDATA_ACLR_B set to NONE
        Info (286033): Parameter ADDRESS_REG_B set to CLOCK0
        Info (286033): Parameter INDATA_ACLR_A set to NONE
        Info (286033): Parameter WRCONTROL_ACLR_A set to NONE
        Info (286033): Parameter RDCONTROL_REG_B set to CLOCK0
    Info (276029): Inferred altsyncram megafunction from the following design logic: "emu:emu|quadra800:machine|wombat_cpu:cpu|ap040_cache:g_cache.cache|pairdata2_b1_rtl_0" 
        Info (286033): Parameter OPERATION_MODE set to DUAL_PORT
        Info (286033): Parameter WIDTH_A set to 8
        Info (286033): Parameter WIDTHAD_A set to 9
        Info (286033): Parameter NUMWORDS_A set to 512
        Info (286033): Parameter WIDTH_B set to 8
        Info (286033): Parameter WIDTHAD_B set to 9
        Info (286033): Parameter NUMWORDS_B set to 512
        Info (286033): Parameter ADDRESS_ACLR_A set to NONE
        Info (286033): Parameter OUTDATA_REG_B set to UNREGISTERED
        Info (286033): Parameter ADDRESS_ACLR_B set to NONE
        Info (286033): Parameter OUTDATA_ACLR_B set to NONE
        Info (286033): Parameter ADDRESS_REG_B set to CLOCK0
        Info (286033): Parameter INDATA_ACLR_A set to NONE
        Info (286033): Parameter WRCONTROL_ACLR_A set to NONE
        Info (286033): Parameter RDCONTROL_REG_B set to CLOCK0
    Info (276029): Inferred altsyncram megafunction from the following design logic: "emu:emu|quadra800:machine|wombat_cpu:cpu|ap040_cache:g_cache.cache|pairdata2_b0_rtl_0" 
        Info (286033): Parameter OPERATION_MODE set to DUAL_PORT
        Info (286033): Parameter WIDTH_A set to 8
        Info (286033): Parameter WIDTHAD_A set to 9
        Info (286033): Parameter NUMWORDS_A set to 512
        Info (286033): Parameter WIDTH_B set to 8
        Info (286033): Parameter WIDTHAD_B set to 9
        Info (286033): Parameter NUMWORDS_B set to 512
        Info (286033): Parameter ADDRESS_ACLR_A set to NONE
        Info (286033): Parameter OUTDATA_REG_B set to UNREGISTERED
        Info (286033): Parameter ADDRESS_ACLR_B set to NONE
        Info (286033): Parameter OUTDATA_ACLR_B set to NONE
        Info (286033): Parameter ADDRESS_REG_B set to CLOCK0
        Info (286033): Parameter INDATA_ACLR_A set to NONE
        Info (286033): Parameter WRCONTROL_ACLR_A set to NONE
        Info (286033): Parameter RDCONTROL_REG_B set to CLOCK0
    Info (276029): Inferred altsyncram megafunction from the following design logic: "emu:emu|quadra800:machine|wombat_cpu:cpu|ap040_cache:g_cache.cache|pairdata3_b3_rtl_0" 
        Info (286033): Parameter OPERATION_MODE set to DUAL_PORT
        Info (286033): Parameter WIDTH_A set to 8
        Info (286033): Parameter WIDTHAD_A set to 9
        Info (286033): Parameter NUMWORDS_A set to 512
        Info (286033): Parameter WIDTH_B set to 8
        Info (286033): Parameter WIDTHAD_B set to 9
        Info (286033): Parameter NUMWORDS_B set to 512
        Info (286033): Parameter ADDRESS_ACLR_A set to NONE
        Info (286033): Parameter OUTDATA_REG_B set to UNREGISTERED
        Info (286033): Parameter ADDRESS_ACLR_B set to NONE
        Info (286033): Parameter OUTDATA_ACLR_B set to NONE
        Info (286033): Parameter ADDRESS_REG_B set to CLOCK0
        Info (286033): Parameter INDATA_ACLR_A set to NONE
        Info (286033): Parameter WRCONTROL_ACLR_A set to NONE
        Info (286033): Parameter RDCONTROL_REG_B set to CLOCK0
    Info (276029): Inferred altsyncram megafunction from the following design logic: "emu:emu|quadra800:machine|wombat_cpu:cpu|ap040_cache:g_cache.cache|pairdata3_b2_rtl_0" 
        Info (286033): Parameter OPERATION_MODE set to DUAL_PORT
        Info (286033): Parameter WIDTH_A set to 8
        Info (286033): Parameter WIDTHAD_A set to 9
        Info (286033): Parameter NUMWORDS_A set to 512
        Info (286033): Parameter WIDTH_B set to 8
        Info (286033): Parameter WIDTHAD_B set to 9
        Info (286033): Parameter NUMWORDS_B set to 512
        Info (286033): Parameter ADDRESS_ACLR_A set to NONE
        Info (286033): Parameter OUTDATA_REG_B set to UNREGISTERED
        Info (286033): Parameter ADDRESS_ACLR_B set to NONE
        Info (286033): Parameter OUTDATA_ACLR_B set to NONE
        Info (286033): Parameter ADDRESS_REG_B set to CLOCK0
        Info (286033): Parameter INDATA_ACLR_A set to NONE
        Info (286033): Parameter WRCONTROL_ACLR_A set to NONE
        Info (286033): Parameter RDCONTROL_REG_B set to CLOCK0
    Info (276029): Inferred altsyncram megafunction from the following design logic: "emu:emu|quadra800:machine|wombat_cpu:cpu|ap040_cache:g_cache.cache|pairdata3_b1_rtl_0" 
        Info (286033): Parameter OPERATION_MODE set to DUAL_PORT
        Info (286033): Parameter WIDTH_A set to 8
        Info (286033): Parameter WIDTHAD_A set to 9
        Info (286033): Parameter NUMWORDS_A set to 512
        Info (286033): Parameter WIDTH_B set to 8
        Info (286033): Parameter WIDTHAD_B set to 9
        Info (286033): Parameter NUMWORDS_B set to 512
        Info (286033): Parameter ADDRESS_ACLR_A set to NONE
        Info (286033): Parameter OUTDATA_REG_B set to UNREGISTERED
        Info (286033): Parameter ADDRESS_ACLR_B set to NONE
        Info (286033): Parameter OUTDATA_ACLR_B set to NONE
        Info (286033): Parameter ADDRESS_REG_B set to CLOCK0
        Info (286033): Parameter INDATA_ACLR_A set to NONE
        Info (286033): Parameter WRCONTROL_ACLR_A set to NONE
        Info (286033): Parameter RDCONTROL_REG_B set to CLOCK0
    Info (276029): Inferred altsyncram megafunction from the following design logic: "emu:emu|quadra800:machine|wombat_cpu:cpu|ap040_cache:g_cache.cache|pairdata3_b0_rtl_0" 
        Info (286033): Parameter OPERATION_MODE set to DUAL_PORT
        Info (286033): Parameter WIDTH_A set to 8
        Info (286033): Parameter WIDTHAD_A set to 9
        Info (286033): Parameter NUMWORDS_A set to 512
        Info (286033): Parameter WIDTH_B set to 8
        Info (286033): Parameter WIDTHAD_B set to 9
        Info (286033): Parameter NUMWORDS_B set to 512
        Info (286033): Parameter ADDRESS_ACLR_A set to NONE
        Info (286033): Parameter OUTDATA_REG_B set to UNREGISTERED
        Info (286033): Parameter ADDRESS_ACLR_B set to NONE
        Info (286033): Parameter OUTDATA_ACLR_B set to NONE
        Info (286033): Parameter ADDRESS_REG_B set to CLOCK0
        Info (286033): Parameter INDATA_ACLR_A set to NONE
        Info (286033): Parameter WRCONTROL_ACLR_A set to NONE
        Info (286033): Parameter RDCONTROL_REG_B set to CLOCK0
    Info (276029): Inferred altsyncram megafunction from the following design logic: "emu:emu|quadra800:machine|wombat_cpu:cpu|ap040_cache:g_cache.cache|idata0_b3_rtl_0" 
        Info (286033): Parameter OPERATION_MODE set to DUAL_PORT
        Info (286033): Parameter WIDTH_A set to 8
        Info (286033): Parameter WIDTHAD_A set to 9
        Info (286033): Parameter NUMWORDS_A set to 512
        Info (286033): Parameter WIDTH_B set to 8
        Info (286033): Parameter WIDTHAD_B set to 9
        Info (286033): Parameter NUMWORDS_B set to 512
        Info (286033): Parameter ADDRESS_ACLR_A set to NONE
        Info (286033): Parameter OUTDATA_REG_B set to UNREGISTERED
        Info (286033): Parameter ADDRESS_ACLR_B set to NONE
        Info (286033): Parameter OUTDATA_ACLR_B set to NONE
        Info (286033): Parameter ADDRESS_REG_B set to CLOCK0
        Info (286033): Parameter INDATA_ACLR_A set to NONE
        Info (286033): Parameter WRCONTROL_ACLR_A set to NONE
    Info (276029): Inferred altsyncram megafunction from the following design logic: "emu:emu|quadra800:machine|wombat_cpu:cpu|ap040_cache:g_cache.cache|idata0_b2_rtl_0" 
        Info (286033): Parameter OPERATION_MODE set to DUAL_PORT
        Info (286033): Parameter WIDTH_A set to 8
        Info (286033): Parameter WIDTHAD_A set to 9
        Info (286033): Parameter NUMWORDS_A set to 512
        Info (286033): Parameter WIDTH_B set to 8
        Info (286033): Parameter WIDTHAD_B set to 9
        Info (286033): Parameter NUMWORDS_B set to 512
        Info (286033): Parameter ADDRESS_ACLR_A set to NONE
        Info (286033): Parameter OUTDATA_REG_B set to UNREGISTERED
        Info (286033): Parameter ADDRESS_ACLR_B set to NONE
        Info (286033): Parameter OUTDATA_ACLR_B set to NONE
        Info (286033): Parameter ADDRESS_REG_B set to CLOCK0
        Info (286033): Parameter INDATA_ACLR_A set to NONE
        Info (286033): Parameter WRCONTROL_ACLR_A set to NONE
    Info (276029): Inferred altsyncram megafunction from the following design logic: "emu:emu|quadra800:machine|wombat_cpu:cpu|ap040_cache:g_cache.cache|idata0_b1_rtl_0" 
        Info (286033): Parameter OPERATION_MODE set to DUAL_PORT
        Info (286033): Parameter WIDTH_A set to 8
        Info (286033): Parameter WIDTHAD_A set to 9
        Info (286033): Parameter NUMWORDS_A set to 512
        Info (286033): Parameter WIDTH_B set to 8
        Info (286033): Parameter WIDTHAD_B set to 9
        Info (286033): Parameter NUMWORDS_B set to 512
        Info (286033): Parameter ADDRESS_ACLR_A set to NONE
        Info (286033): Parameter OUTDATA_REG_B set to UNREGISTERED
        Info (286033): Parameter ADDRESS_ACLR_B set to NONE
        Info (286033): Parameter OUTDATA_ACLR_B set to NONE
        Info (286033): Parameter ADDRESS_REG_B set to CLOCK0
        Info (286033): Parameter INDATA_ACLR_A set to NONE
        Info (286033): Parameter WRCONTROL_ACLR_A set to NONE
    Info (276029): Inferred altsyncram megafunction from the following design logic: "emu:emu|quadra800:machine|wombat_cpu:cpu|ap040_cache:g_cache.cache|idata0_b0_rtl_0" 
        Info (286033): Parameter OPERATION_MODE set to DUAL_PORT
        Info (286033): Parameter WIDTH_A set to 8
        Info (286033): Parameter WIDTHAD_A set to 9
        Info (286033): Parameter NUMWORDS_A set to 512
        Info (286033): Parameter WIDTH_B set to 8
        Info (286033): Parameter WIDTHAD_B set to 9
        Info (286033): Parameter NUMWORDS_B set to 512
        Info (286033): Parameter ADDRESS_ACLR_A set to NONE
        Info (286033): Parameter OUTDATA_REG_B set to UNREGISTERED
        Info (286033): Parameter ADDRESS_ACLR_B set to NONE
        Info (286033): Parameter OUTDATA_ACLR_B set to NONE
        Info (286033): Parameter ADDRESS_REG_B set to CLOCK0
        Info (286033): Parameter INDATA_ACLR_A set to NONE
        Info (286033): Parameter WRCONTROL_ACLR_A set to NONE
    Info (276029): Inferred altsyncram megafunction from the following design logic: "emu:emu|quadra800:machine|wombat_cpu:cpu|ap040_cache:g_cache.cache|idata1_b3_rtl_0" 
        Info (286033): Parameter OPERATION_MODE set to DUAL_PORT
        Info (286033): Parameter WIDTH_A set to 8
        Info (286033): Parameter WIDTHAD_A set to 9
        Info (286033): Parameter NUMWORDS_A set to 512
        Info (286033): Parameter WIDTH_B set to 8
        Info (286033): Parameter WIDTHAD_B set to 9
        Info (286033): Parameter NUMWORDS_B set to 512
        Info (286033): Parameter ADDRESS_ACLR_A set to NONE
        Info (286033): Parameter OUTDATA_REG_B set to UNREGISTERED
        Info (286033): Parameter ADDRESS_ACLR_B set to NONE
        Info (286033): Parameter OUTDATA_ACLR_B set to NONE
        Info (286033): Parameter ADDRESS_REG_B set to CLOCK0
        Info (286033): Parameter INDATA_ACLR_A set to NONE
        Info (286033): Parameter WRCONTROL_ACLR_A set to NONE
    Info (276029): Inferred altsyncram megafunction from the following design logic: "emu:emu|quadra800:machine|wombat_cpu:cpu|ap040_cache:g_cache.cache|idata1_b2_rtl_0" 
        Info (286033): Parameter OPERATION_MODE set to DUAL_PORT
        Info (286033): Parameter WIDTH_A set to 8
        Info (286033): Parameter WIDTHAD_A set to 9
        Info (286033): Parameter NUMWORDS_A set to 512
        Info (286033): Parameter WIDTH_B set to 8
        Info (286033): Parameter WIDTHAD_B set to 9
        Info (286033): Parameter NUMWORDS_B set to 512
        Info (286033): Parameter ADDRESS_ACLR_A set to NONE
        Info (286033): Parameter OUTDATA_REG_B set to UNREGISTERED
        Info (286033): Parameter ADDRESS_ACLR_B set to NONE
        Info (286033): Parameter OUTDATA_ACLR_B set to NONE
        Info (286033): Parameter ADDRESS_REG_B set to CLOCK0
        Info (286033): Parameter INDATA_ACLR_A set to NONE
        Info (286033): Parameter WRCONTROL_ACLR_A set to NONE
    Info (276029): Inferred altsyncram megafunction from the following design logic: "emu:emu|quadra800:machine|wombat_cpu:cpu|ap040_cache:g_cache.cache|idata1_b1_rtl_0" 
        Info (286033): Parameter OPERATION_MODE set to DUAL_PORT
        Info (286033): Parameter WIDTH_A set to 8
        Info (286033): Parameter WIDTHAD_A set to 9
        Info (286033): Parameter NUMWORDS_A set to 512
        Info (286033): Parameter WIDTH_B set to 8
        Info (286033): Parameter WIDTHAD_B set to 9
        Info (286033): Parameter NUMWORDS_B set to 512
        Info (286033): Parameter ADDRESS_ACLR_A set to NONE
        Info (286033): Parameter OUTDATA_REG_B set to UNREGISTERED
        Info (286033): Parameter ADDRESS_ACLR_B set to NONE
        Info (286033): Parameter OUTDATA_ACLR_B set to NONE
        Info (286033): Parameter ADDRESS_REG_B set to CLOCK0
        Info (286033): Parameter INDATA_ACLR_A set to NONE
        Info (286033): Parameter WRCONTROL_ACLR_A set to NONE
    Info (276029): Inferred altsyncram megafunction from the following design logic: "emu:emu|quadra800:machine|wombat_cpu:cpu|ap040_cache:g_cache.cache|idata1_b0_rtl_0" 
        Info (286033): Parameter OPERATION_MODE set to DUAL_PORT
        Info (286033): Parameter WIDTH_A set to 8
        Info (286033): Parameter WIDTHAD_A set to 9
        Info (286033): Parameter NUMWORDS_A set to 512
        Info (286033): Parameter WIDTH_B set to 8
        Info (286033): Parameter WIDTHAD_B set to 9
        Info (286033): Parameter NUMWORDS_B set to 512
        Info (286033): Parameter ADDRESS_ACLR_A set to NONE
        Info (286033): Parameter OUTDATA_REG_B set to UNREGISTERED
        Info (286033): Parameter ADDRESS_ACLR_B set to NONE
        Info (286033): Parameter OUTDATA_ACLR_B set to NONE
        Info (286033): Parameter ADDRESS_REG_B set to CLOCK0
        Info (286033): Parameter INDATA_ACLR_A set to NONE
        Info (286033): Parameter WRCONTROL_ACLR_A set to NONE
    Info (276029): Inferred altsyncram megafunction from the following design logic: "emu:emu|quadra800:machine|wombat_cpu:cpu|ap040_cache:g_cache.cache|idata2_b3_rtl_0" 
        Info (286033): Parameter OPERATION_MODE set to DUAL_PORT
        Info (286033): Parameter WIDTH_A set to 8
        Info (286033): Parameter WIDTHAD_A set to 9
        Info (286033): Parameter NUMWORDS_A set to 512
        Info (286033): Parameter WIDTH_B set to 8
        Info (286033): Parameter WIDTHAD_B set to 9
        Info (286033): Parameter NUMWORDS_B set to 512
        Info (286033): Parameter ADDRESS_ACLR_A set to NONE
        Info (286033): Parameter OUTDATA_REG_B set to UNREGISTERED
        Info (286033): Parameter ADDRESS_ACLR_B set to NONE
        Info (286033): Parameter OUTDATA_ACLR_B set to NONE
        Info (286033): Parameter ADDRESS_REG_B set to CLOCK0
        Info (286033): Parameter INDATA_ACLR_A set to NONE
        Info (286033): Parameter WRCONTROL_ACLR_A set to NONE
    Info (276029): Inferred altsyncram megafunction from the following design logic: "emu:emu|quadra800:machine|wombat_cpu:cpu|ap040_cache:g_cache.cache|idata2_b2_rtl_0" 
        Info (286033): Parameter OPERATION_MODE set to DUAL_PORT
        Info (286033): Parameter WIDTH_A set to 8
        Info (286033): Parameter WIDTHAD_A set to 9
        Info (286033): Parameter NUMWORDS_A set to 512
        Info (286033): Parameter WIDTH_B set to 8
        Info (286033): Parameter WIDTHAD_B set to 9
        Info (286033): Parameter NUMWORDS_B set to 512
        Info (286033): Parameter ADDRESS_ACLR_A set to NONE
        Info (286033): Parameter OUTDATA_REG_B set to UNREGISTERED
        Info (286033): Parameter ADDRESS_ACLR_B set to NONE
        Info (286033): Parameter OUTDATA_ACLR_B set to NONE
        Info (286033): Parameter ADDRESS_REG_B set to CLOCK0
        Info (286033): Parameter INDATA_ACLR_A set to NONE
        Info (286033): Parameter WRCONTROL_ACLR_A set to NONE
    Info (276029): Inferred altsyncram megafunction from the following design logic: "emu:emu|quadra800:machine|wombat_cpu:cpu|ap040_cache:g_cache.cache|idata2_b1_rtl_0" 
        Info (286033): Parameter OPERATION_MODE set to DUAL_PORT
        Info (286033): Parameter WIDTH_A set to 8
        Info (286033): Parameter WIDTHAD_A set to 9
        Info (286033): Parameter NUMWORDS_A set to 512
        Info (286033): Parameter WIDTH_B set to 8
        Info (286033): Parameter WIDTHAD_B set to 9
        Info (286033): Parameter NUMWORDS_B set to 512
        Info (286033): Parameter ADDRESS_ACLR_A set to NONE
        Info (286033): Parameter OUTDATA_REG_B set to UNREGISTERED
        Info (286033): Parameter ADDRESS_ACLR_B set to NONE
        Info (286033): Parameter OUTDATA_ACLR_B set to NONE
        Info (286033): Parameter ADDRESS_REG_B set to CLOCK0
        Info (286033): Parameter INDATA_ACLR_A set to NONE
        Info (286033): Parameter WRCONTROL_ACLR_A set to NONE
    Info (276029): Inferred altsyncram megafunction from the following design logic: "emu:emu|quadra800:machine|wombat_cpu:cpu|ap040_cache:g_cache.cache|idata2_b0_rtl_0" 
        Info (286033): Parameter OPERATION_MODE set to DUAL_PORT
        Info (286033): Parameter WIDTH_A set to 8
        Info (286033): Parameter WIDTHAD_A set to 9
        Info (286033): Parameter NUMWORDS_A set to 512
        Info (286033): Parameter WIDTH_B set to 8
        Info (286033): Parameter WIDTHAD_B set to 9
        Info (286033): Parameter NUMWORDS_B set to 512
        Info (286033): Parameter ADDRESS_ACLR_A set to NONE
        Info (286033): Parameter OUTDATA_REG_B set to UNREGISTERED
        Info (286033): Parameter ADDRESS_ACLR_B set to NONE
        Info (286033): Parameter OUTDATA_ACLR_B set to NONE
        Info (286033): Parameter ADDRESS_REG_B set to CLOCK0
        Info (286033): Parameter INDATA_ACLR_A set to NONE
        Info (286033): Parameter WRCONTROL_ACLR_A set to NONE
    Info (276029): Inferred altsyncram megafunction from the following design logic: "emu:emu|quadra800:machine|wombat_cpu:cpu|ap040_cache:g_cache.cache|idata3_b3_rtl_0" 
        Info (286033): Parameter OPERATION_MODE set to DUAL_PORT
        Info (286033): Parameter WIDTH_A set to 8
        Info (286033): Parameter WIDTHAD_A set to 9
        Info (286033): Parameter NUMWORDS_A set to 512
        Info (286033): Parameter WIDTH_B set to 8
        Info (286033): Parameter WIDTHAD_B set to 9
        Info (286033): Parameter NUMWORDS_B set to 512
        Info (286033): Parameter ADDRESS_ACLR_A set to NONE
        Info (286033): Parameter OUTDATA_REG_B set to UNREGISTERED
        Info (286033): Parameter ADDRESS_ACLR_B set to NONE
        Info (286033): Parameter OUTDATA_ACLR_B set to NONE
        Info (286033): Parameter ADDRESS_REG_B set to CLOCK0
        Info (286033): Parameter INDATA_ACLR_A set to NONE
        Info (286033): Parameter WRCONTROL_ACLR_A set to NONE
    Info (276029): Inferred altsyncram megafunction from the following design logic: "emu:emu|quadra800:machine|wombat_cpu:cpu|ap040_cache:g_cache.cache|idata3_b2_rtl_0" 
        Info (286033): Parameter OPERATION_MODE set to DUAL_PORT
        Info (286033): Parameter WIDTH_A set to 8
        Info (286033): Parameter WIDTHAD_A set to 9
        Info (286033): Parameter NUMWORDS_A set to 512
        Info (286033): Parameter WIDTH_B set to 8
        Info (286033): Parameter WIDTHAD_B set to 9
        Info (286033): Parameter NUMWORDS_B set to 512
        Info (286033): Parameter ADDRESS_ACLR_A set to NONE
        Info (286033): Parameter OUTDATA_REG_B set to UNREGISTERED
        Info (286033): Parameter ADDRESS_ACLR_B set to NONE
        Info (286033): Parameter OUTDATA_ACLR_B set to NONE
        Info (286033): Parameter ADDRESS_REG_B set to CLOCK0
        Info (286033): Parameter INDATA_ACLR_A set to NONE
        Info (286033): Parameter WRCONTROL_ACLR_A set to NONE
    Info (276029): Inferred altsyncram megafunction from the following design logic: "emu:emu|quadra800:machine|wombat_cpu:cpu|ap040_cache:g_cache.cache|idata3_b1_rtl_0" 
        Info (286033): Parameter OPERATION_MODE set to DUAL_PORT
        Info (286033): Parameter WIDTH_A set to 8
        Info (286033): Parameter WIDTHAD_A set to 9
        Info (286033): Parameter NUMWORDS_A set to 512
        Info (286033): Parameter WIDTH_B set to 8
        Info (286033): Parameter WIDTHAD_B set to 9
        Info (286033): Parameter NUMWORDS_B set to 512
        Info (286033): Parameter ADDRESS_ACLR_A set to NONE
        Info (286033): Parameter OUTDATA_REG_B set to UNREGISTERED
        Info (286033): Parameter ADDRESS_ACLR_B set to NONE
        Info (286033): Parameter OUTDATA_ACLR_B set to NONE
        Info (286033): Parameter ADDRESS_REG_B set to CLOCK0
        Info (286033): Parameter INDATA_ACLR_A set to NONE
        Info (286033): Parameter WRCONTROL_ACLR_A set to NONE
    Info (276029): Inferred altsyncram megafunction from the following design logic: "emu:emu|quadra800:machine|wombat_cpu:cpu|ap040_cache:g_cache.cache|idata3_b0_rtl_0" 
        Info (286033): Parameter OPERATION_MODE set to DUAL_PORT
        Info (286033): Parameter WIDTH_A set to 8
        Info (286033): Parameter WIDTHAD_A set to 9
        Info (286033): Parameter NUMWORDS_A set to 512
        Info (286033): Parameter WIDTH_B set to 8
        Info (286033): Parameter WIDTHAD_B set to 9
        Info (286033): Parameter NUMWORDS_B set to 512
        Info (286033): Parameter ADDRESS_ACLR_A set to NONE
        Info (286033): Parameter OUTDATA_REG_B set to UNREGISTERED
        Info (286033): Parameter ADDRESS_ACLR_B set to NONE
        Info (286033): Parameter OUTDATA_ACLR_B set to NONE
        Info (286033): Parameter ADDRESS_REG_B set to CLOCK0
        Info (286033): Parameter INDATA_ACLR_A set to NONE
        Info (286033): Parameter WRCONTROL_ACLR_A set to NONE
    Info (276029): Inferred altsyncram megafunction from the following design logic: "osd:vga_osd|osd_buffer_rtl_0" 
        Info (286033): Parameter OPERATION_MODE set to DUAL_PORT
        Info (286033): Parameter WIDTH_A set to 8
        Info (286033): Parameter WIDTHAD_A set to 12
        Info (286033): Parameter NUMWORDS_A set to 4096
        Info (286033): Parameter WIDTH_B set to 8
        Info (286033): Parameter WIDTHAD_B set to 12
        Info (286033): Parameter NUMWORDS_B set to 4096
        Info (286033): Parameter ADDRESS_ACLR_A set to NONE
        Info (286033): Parameter OUTDATA_REG_B set to UNREGISTERED
        Info (286033): Parameter ADDRESS_ACLR_B set to NONE
        Info (286033): Parameter OUTDATA_ACLR_B set to NONE
        Info (286033): Parameter ADDRESS_REG_B set to CLOCK1
        Info (286033): Parameter INDATA_ACLR_A set to NONE
        Info (286033): Parameter WRCONTROL_ACLR_A set to NONE
    Info (276029): Inferred altsyncram megafunction from the following design logic: "osd:hdmi_osd|osd_buffer_rtl_0" 
        Info (286033): Parameter OPERATION_MODE set to DUAL_PORT
        Info (286033): Parameter WIDTH_A set to 8
        Info (286033): Parameter WIDTHAD_A set to 12
        Info (286033): Parameter NUMWORDS_A set to 4096
        Info (286033): Parameter WIDTH_B set to 8
        Info (286033): Parameter WIDTHAD_B set to 12
        Info (286033): Parameter NUMWORDS_B set to 4096
        Info (286033): Parameter ADDRESS_ACLR_A set to NONE
        Info (286033): Parameter OUTDATA_REG_B set to UNREGISTERED
        Info (286033): Parameter ADDRESS_ACLR_B set to NONE
        Info (286033): Parameter OUTDATA_ACLR_B set to NONE
        Info (286033): Parameter ADDRESS_REG_B set to CLOCK1
        Info (286033): Parameter INDATA_ACLR_A set to NONE
        Info (286033): Parameter WRCONTROL_ACLR_A set to NONE
    Info (276029): Inferred altsyncram megafunction from the following design logic: "ascal:ascal|i_dpram_rtl_0" 
        Info (286033): Parameter OPERATION_MODE set to DUAL_PORT
        Info (286033): Parameter WIDTH_A set to 128
        Info (286033): Parameter WIDTHAD_A set to 5
        Info (286033): Parameter NUMWORDS_A set to 32
        Info (286033): Parameter WIDTH_B set to 128
        Info (286033): Parameter WIDTHAD_B set to 5
        Info (286033): Parameter NUMWORDS_B set to 32
        Info (286033): Parameter ADDRESS_ACLR_A set to NONE
        Info (286033): Parameter OUTDATA_REG_B set to UNREGISTERED
        Info (286033): Parameter ADDRESS_ACLR_B set to NONE
        Info (286033): Parameter OUTDATA_ACLR_B set to NONE
        Info (286033): Parameter ADDRESS_REG_B set to CLOCK1
        Info (286033): Parameter INDATA_ACLR_A set to NONE
        Info (286033): Parameter WRCONTROL_ACLR_A set to NONE
    Info (276029): Inferred altsyncram megafunction from the following design logic: "ascal:ascal|o_dpram_rtl_0" 
        Info (286033): Parameter OPERATION_MODE set to DUAL_PORT
        Info (286033): Parameter WIDTH_A set to 128
        Info (286033): Parameter WIDTHAD_A set to 5
        Info (286033): Parameter NUMWORDS_A set to 32
        Info (286033): Parameter WIDTH_B set to 128
        Info (286033): Parameter WIDTHAD_B set to 5
        Info (286033): Parameter NUMWORDS_B set to 32
        Info (286033): Parameter ADDRESS_ACLR_A set to NONE
        Info (286033): Parameter OUTDATA_REG_B set to CLOCK1
        Info (286033): Parameter ADDRESS_ACLR_B set to NONE
        Info (286033): Parameter OUTDATA_ACLR_B set to NONE
        Info (286033): Parameter ADDRESS_REG_B set to CLOCK1
        Info (286033): Parameter INDATA_ACLR_A set to NONE
        Info (286033): Parameter WRCONTROL_ACLR_A set to NONE
    Info (276029): Inferred altsyncram megafunction from the following design logic: "ascal:ascal|o_h_poly_mem_rtl_0" 
        Info (286033): Parameter OPERATION_MODE set to DUAL_PORT
        Info (286033): Parameter WIDTH_A set to 40
        Info (286033): Parameter WIDTHAD_A set to 8
        Info (286033): Parameter NUMWORDS_A set to 256
        Info (286033): Parameter WIDTH_B set to 40
        Info (286033): Parameter WIDTHAD_B set to 8
        Info (286033): Parameter NUMWORDS_B set to 256
        Info (286033): Parameter ADDRESS_ACLR_A set to NONE
        Info (286033): Parameter OUTDATA_REG_B set to UNREGISTERED
        Info (286033): Parameter ADDRESS_ACLR_B set to NONE
        Info (286033): Parameter OUTDATA_ACLR_B set to NONE
        Info (286033): Parameter ADDRESS_REG_B set to CLOCK1
        Info (286033): Parameter INDATA_ACLR_A set to NONE
        Info (286033): Parameter WRCONTROL_ACLR_A set to NONE
    Info (276029): Inferred altsyncram megafunction from the following design logic: "ascal:ascal|o_v_poly_mem_rtl_0" 
        Info (286033): Parameter OPERATION_MODE set to DUAL_PORT
        Info (286033): Parameter WIDTH_A set to 40
        Info (286033): Parameter WIDTHAD_A set to 8
        Info (286033): Parameter NUMWORDS_A set to 256
        Info (286033): Parameter WIDTH_B set to 40
        Info (286033): Parameter WIDTHAD_B set to 8
        Info (286033): Parameter NUMWORDS_B set to 256
        Info (286033): Parameter ADDRESS_ACLR_A set to NONE
        Info (286033): Parameter OUTDATA_REG_B set to UNREGISTERED
        Info (286033): Parameter ADDRESS_ACLR_B set to NONE
        Info (286033): Parameter OUTDATA_ACLR_B set to NONE
        Info (286033): Parameter ADDRESS_REG_B set to CLOCK1
        Info (286033): Parameter INDATA_ACLR_A set to NONE
        Info (286033): Parameter WRCONTROL_ACLR_A set to NONE
    Info (276034): Inferred altshift_taps megafunction from the following design logic: "mask_bypass_rtl_0"
        Info (286033): Parameter NUMBER_OF_TAPS set to 1
        Info (286033): Parameter TAP_DISTANCE set to 6
        Info (286033): Parameter WIDTH set to 24
        Info (286033): Parameter POWER_UP_STATE set to DONT_CARE
    Info (276034): Inferred altshift_taps megafunction from the following design logic: "yc_out:yc_out|luma_d0_rtl_0"
        Info (286033): Parameter NUMBER_OF_TAPS set to 1
        Info (286033): Parameter TAP_DISTANCE set to 5
        Info (286033): Parameter WIDTH set to 9
        Info (286033): Parameter POWER_UP_STATE set to DONT_CARE
    Info (276034): Inferred altshift_taps megafunction from the following design logic: "ascal:ascal|i_ppix.r_rtl_0"
        Info (286033): Parameter NUMBER_OF_TAPS set to 1
        Info (286033): Parameter TAP_DISTANCE set to 5
        Info (286033): Parameter WIDTH set to 24
        Info (286033): Parameter POWER_UP_STATE set to DONT_CARE
    Info (276034): Inferred altshift_taps megafunction from the following design logic: "mask_bypass_rtl_1"
        Info (286033): Parameter NUMBER_OF_TAPS set to 1
        Info (286033): Parameter TAP_DISTANCE set to 4
        Info (286033): Parameter WIDTH set to 81
        Info (286033): Parameter POWER_UP_STATE set to DONT_CARE
    Info (276034): Inferred altshift_taps megafunction from the following design logic: "ascal:ascal|o_vpix_inner[2].r_rtl_0"
        Info (286033): Parameter NUMBER_OF_TAPS set to 1
        Info (286033): Parameter TAP_DISTANCE set to 4
        Info (286033): Parameter WIDTH set to 24
        Info (286033): Parameter POWER_UP_STATE set to DONT_CARE
    Info (276034): Inferred altshift_taps megafunction from the following design logic: "dv_de1_rtl_0"
        Info (286033): Parameter NUMBER_OF_TAPS set to 1
        Info (286033): Parameter TAP_DISTANCE set to 3
        Info (286033): Parameter WIDTH set to 47
        Info (286033): Parameter POWER_UP_STATE set to DONT_CARE
    Info (276034): Inferred altshift_taps megafunction from the following design logic: "audio_out:audio_out|aud_mix_top:audmix_r|a1_rtl_0"
        Info (286033): Parameter NUMBER_OF_TAPS set to 1
        Info (286033): Parameter TAP_DISTANCE set to 3
        Info (286033): Parameter WIDTH set to 32
        Info (286033): Parameter POWER_UP_STATE set to DONT_CARE
    Info (276034): Inferred altshift_taps megafunction from the following design logic: "vga_out:vga_scaler_out|din1_rtl_0"
        Info (286033): Parameter NUMBER_OF_TAPS set to 1
        Info (286033): Parameter TAP_DISTANCE set to 3
        Info (286033): Parameter WIDTH set to 31
        Info (286033): Parameter POWER_UP_STATE set to DONT_CARE
Info (12130): Elaborated megafunction instantiation "emu:emu|quadra800:machine|wombat_cpu:cpu|ap040_core:core|ap040_regfile:regfile|altdpram:bank_a_rtl_0"
Info (12133): Instantiated megafunction "emu:emu|quadra800:machine|wombat_cpu:cpu|ap040_core:core|ap040_regfile:regfile|altdpram:bank_a_rtl_0" with the following parameter:
    Info (12134): Parameter "WIDTH" = "32"
    Info (12134): Parameter "WIDTHAD" = "4"
    Info (12134): Parameter "NUMWORDS" = "16"
    Info (12134): Parameter "WRADDRESS_REG" = "INCLOCK"
    Info (12134): Parameter "WRADDRESS_ACLR" = "OFF"
    Info (12134): Parameter "WRCONTROL_REG" = "INCLOCK"
    Info (12134): Parameter "WRCONTROL_ACLR" = "OFF"
    Info (12134): Parameter "RDADDRESS_REG" = "OUTCLOCK"
    Info (12134): Parameter "RDADDRESS_ACLR" = "OFF"
    Info (12134): Parameter "RDCONTROL_REG" = "UNREGISTERED"
    Info (12134): Parameter "RDCONTROL_ACLR" = "OFF"
    Info (12134): Parameter "INDATA_REG" = "INCLOCK"
    Info (12134): Parameter "INDATA_ACLR" = "OFF"
    Info (12134): Parameter "OUTDATA_REG" = "UNREGISTERED"
    Info (12134): Parameter "OUTDATA_ACLR" = "OFF"
    Info (12134): Parameter "LPM_FILE" = "UNUSED"
    Info (12134): Parameter "RAM_BLOCK_TYPE" = "LUTRAM"
Info (12021): Found 1 design units, including 1 entities, in source file db/dpram_8no1.tdf
    Info (12023): Found entity 1: dpram_8no1 File: /home/alans/mister/MacQuadra800_MiSTer/scratch/fpu_normal_single_move_quartus_20260928_seed27/tree/db/dpram_8no1.tdf Line: 28
Info (12130): Elaborated megafunction instantiation "emu:emu|quadra800:machine|iosb:iosb|rtc3430042:rtc|altsyncram:pram_rtl_0"
Info (12133): Instantiated megafunction "emu:emu|quadra800:machine|iosb:iosb|rtc3430042:rtc|altsyncram:pram_rtl_0" with the following parameter:
    Info (12134): Parameter "OPERATION_MODE" = "DUAL_PORT"
    Info (12134): Parameter "WIDTH_A" = "8"
    Info (12134): Parameter "WIDTHAD_A" = "8"
    Info (12134): Parameter "NUMWORDS_A" = "256"
    Info (12134): Parameter "WIDTH_B" = "8"
    Info (12134): Parameter "WIDTHAD_B" = "8"
    Info (12134): Parameter "NUMWORDS_B" = "256"
    Info (12134): Parameter "ADDRESS_ACLR_A" = "NONE"
    Info (12134): Parameter "OUTDATA_REG_B" = "UNREGISTERED"
    Info (12134): Parameter "ADDRESS_ACLR_B" = "NONE"
    Info (12134): Parameter "OUTDATA_ACLR_B" = "NONE"
    Info (12134): Parameter "ADDRESS_REG_B" = "CLOCK0"
    Info (12134): Parameter "INDATA_ACLR_A" = "NONE"
    Info (12134): Parameter "WRCONTROL_ACLR_A" = "NONE"
    Info (12134): Parameter "RAM_BLOCK_TYPE" = "M10K"
Info (12021): Found 1 design units, including 1 entities, in source file db/altsyncram_7hk1.tdf
    Info (12023): Found entity 1: altsyncram_7hk1 File: /home/alans/mister/MacQuadra800_MiSTer/scratch/fpu_normal_single_move_quartus_20260928_seed27/tree/db/altsyncram_7hk1.tdf Line: 28
Info (12130): Elaborated megafunction instantiation "emu:emu|quadra800:machine|wombat_cpu:cpu|ap040_cache:g_cache.cache|altsyncram:cdata0_b3_rtl_0"
Info (12133): Instantiated megafunction "emu:emu|quadra800:machine|wombat_cpu:cpu|ap040_cache:g_cache.cache|altsyncram:cdata0_b3_rtl_0" with the following parameter:
    Info (12134): Parameter "OPERATION_MODE" = "DUAL_PORT"
    Info (12134): Parameter "WIDTH_A" = "8"
    Info (12134): Parameter "WIDTHAD_A" = "10"
    Info (12134): Parameter "NUMWORDS_A" = "1024"
    Info (12134): Parameter "WIDTH_B" = "8"
    Info (12134): Parameter "WIDTHAD_B" = "10"
    Info (12134): Parameter "NUMWORDS_B" = "1024"
    Info (12134): Parameter "ADDRESS_ACLR_A" = "NONE"
    Info (12134): Parameter "OUTDATA_REG_B" = "UNREGISTERED"
    Info (12134): Parameter "ADDRESS_ACLR_B" = "NONE"
    Info (12134): Parameter "OUTDATA_ACLR_B" = "NONE"
    Info (12134): Parameter "ADDRESS_REG_B" = "CLOCK0"
    Info (12134): Parameter "INDATA_ACLR_A" = "NONE"
    Info (12134): Parameter "WRCONTROL_ACLR_A" = "NONE"
    Info (12134): Parameter "RDCONTROL_REG_B" = "CLOCK0"
Info (12021): Found 1 design units, including 1 entities, in source file db/altsyncram_4ml1.tdf
    Info (12023): Found entity 1: altsyncram_4ml1 File: /home/alans/mister/MacQuadra800_MiSTer/scratch/fpu_normal_single_move_quartus_20260928_seed27/tree/db/altsyncram_4ml1.tdf Line: 28
Info (12130): Elaborated megafunction instantiation "emu:emu|quadra800:machine|wombat_cpu:cpu|ap040_cache:g_cache.cache|altsyncram:pairdata0_b3_rtl_0"
Info (12133): Instantiated megafunction "emu:emu|quadra800:machine|wombat_cpu:cpu|ap040_cache:g_cache.cache|altsyncram:pairdata0_b3_rtl_0" with the following parameter:
    Info (12134): Parameter "OPERATION_MODE" = "DUAL_PORT"
    Info (12134): Parameter "WIDTH_A" = "8"
    Info (12134): Parameter "WIDTHAD_A" = "9"
    Info (12134): Parameter "NUMWORDS_A" = "512"
    Info (12134): Parameter "WIDTH_B" = "8"
    Info (12134): Parameter "WIDTHAD_B" = "9"
    Info (12134): Parameter "NUMWORDS_B" = "512"
    Info (12134): Parameter "ADDRESS_ACLR_A" = "NONE"
    Info (12134): Parameter "OUTDATA_REG_B" = "UNREGISTERED"
    Info (12134): Parameter "ADDRESS_ACLR_B" = "NONE"
    Info (12134): Parameter "OUTDATA_ACLR_B" = "NONE"
    Info (12134): Parameter "ADDRESS_REG_B" = "CLOCK0"
    Info (12134): Parameter "INDATA_ACLR_A" = "NONE"
    Info (12134): Parameter "WRCONTROL_ACLR_A" = "NONE"
    Info (12134): Parameter "RDCONTROL_REG_B" = "CLOCK0"
Info (12021): Found 1 design units, including 1 entities, in source file db/altsyncram_mgl1.tdf
    Info (12023): Found entity 1: altsyncram_mgl1 File: /home/alans/mister/MacQuadra800_MiSTer/scratch/fpu_normal_single_move_quartus_20260928_seed27/tree/db/altsyncram_mgl1.tdf Line: 28
Info (12130): Elaborated megafunction instantiation "emu:emu|quadra800:machine|wombat_cpu:cpu|ap040_cache:g_cache.cache|altsyncram:pairdata0_b0_rtl_0"
Info (12133): Instantiated megafunction "emu:emu|quadra800:machine|wombat_cpu:cpu|ap040_cache:g_cache.cache|altsyncram:pairdata0_b0_rtl_0" with the following parameter:
    Info (12134): Parameter "OPERATION_MODE" = "DUAL_PORT"
    Info (12134): Parameter "WIDTH_A" = "8"
    Info (12134): Parameter "WIDTHAD_A" = "9"
    Info (12134): Parameter "NUMWORDS_A" = "512"
    Info (12134): Parameter "WIDTH_B" = "8"
    Info (12134): Parameter "WIDTHAD_B" = "9"
    Info (12134): Parameter "NUMWORDS_B" = "512"
    Info (12134): Parameter "ADDRESS_ACLR_A" = "NONE"
    Info (12134): Parameter "OUTDATA_REG_B" = "UNREGISTERED"
    Info (12134): Parameter "ADDRESS_ACLR_B" = "NONE"
    Info (12134): Parameter "OUTDATA_ACLR_B" = "NONE"
    Info (12134): Parameter "ADDRESS_REG_B" = "CLOCK0"
    Info (12134): Parameter "INDATA_ACLR_A" = "NONE"
    Info (12134): Parameter "WRCONTROL_ACLR_A" = "NONE"
    Info (12134): Parameter "RDCONTROL_REG_B" = "CLOCK0"
Info (12021): Found 1 design units, including 1 entities, in source file db/altsyncram_46l1.tdf
    Info (12023): Found entity 1: altsyncram_46l1 File: /home/alans/mister/MacQuadra800_MiSTer/scratch/fpu_normal_single_move_quartus_20260928_seed27/tree/db/altsyncram_46l1.tdf Line: 28
Info (12130): Elaborated megafunction instantiation "emu:emu|quadra800:machine|wombat_cpu:cpu|ap040_cache:g_cache.cache|altsyncram:idata0_b3_rtl_0"
Info (12133): Instantiated megafunction "emu:emu|quadra800:machine|wombat_cpu:cpu|ap040_cache:g_cache.cache|altsyncram:idata0_b3_rtl_0" with the following parameter:
    Info (12134): Parameter "OPERATION_MODE" = "DUAL_PORT"
    Info (12134): Parameter "WIDTH_A" = "8"
    Info (12134): Parameter "WIDTHAD_A" = "9"
    Info (12134): Parameter "NUMWORDS_A" = "512"
    Info (12134): Parameter "WIDTH_B" = "8"
    Info (12134): Parameter "WIDTHAD_B" = "9"
    Info (12134): Parameter "NUMWORDS_B" = "512"
    Info (12134): Parameter "ADDRESS_ACLR_A" = "NONE"
    Info (12134): Parameter "OUTDATA_REG_B" = "UNREGISTERED"
    Info (12134): Parameter "ADDRESS_ACLR_B" = "NONE"
    Info (12134): Parameter "OUTDATA_ACLR_B" = "NONE"
    Info (12134): Parameter "ADDRESS_REG_B" = "CLOCK0"
    Info (12134): Parameter "INDATA_ACLR_A" = "NONE"
    Info (12134): Parameter "WRCONTROL_ACLR_A" = "NONE"
Info (12021): Found 1 design units, including 1 entities, in source file db/altsyncram_qji1.tdf
    Info (12023): Found entity 1: altsyncram_qji1 File: /home/alans/mister/MacQuadra800_MiSTer/scratch/fpu_normal_single_move_quartus_20260928_seed27/tree/db/altsyncram_qji1.tdf Line: 28
Info (12130): Elaborated megafunction instantiation "yc_out:yc_out|altshift_taps:luma_d0_rtl_0"
Info (12133): Instantiated megafunction "yc_out:yc_out|altshift_taps:luma_d0_rtl_0" with the following parameter:
    Info (12134): Parameter "NUMBER_OF_TAPS" = "1"
    Info (12134): Parameter "TAP_DISTANCE" = "5"
    Info (12134): Parameter "WIDTH" = "9"
    Info (12134): Parameter "POWER_UP_STATE" = "DONT_CARE"
Info (12021): Found 1 design units, including 1 entities, in source file db/shift_taps_htu.tdf
    Info (12023): Found entity 1: shift_taps_htu File: /home/alans/mister/MacQuadra800_MiSTer/scratch/fpu_normal_single_move_quartus_20260928_seed27/tree/db/shift_taps_htu.tdf Line: 27
Info (12021): Found 1 design units, including 1 entities, in source file db/altsyncram_to91.tdf
    Info (12023): Found entity 1: altsyncram_to91 File: /home/alans/mister/MacQuadra800_MiSTer/scratch/fpu_normal_single_move_quartus_20260928_seed27/tree/db/altsyncram_to91.tdf Line: 28
Info (12021): Found 1 design units, including 1 entities, in source file db/cntr_rhf.tdf
    Info (12023): Found entity 1: cntr_rhf File: /home/alans/mister/MacQuadra800_MiSTer/scratch/fpu_normal_single_move_quartus_20260928_seed27/tree/db/cntr_rhf.tdf Line: 28
Info (12021): Found 1 design units, including 1 entities, in source file db/cmpr_b9c.tdf
    Info (12023): Found entity 1: cmpr_b9c File: /home/alans/mister/MacQuadra800_MiSTer/scratch/fpu_normal_single_move_quartus_20260928_seed27/tree/db/cmpr_b9c.tdf Line: 23
Info (12130): Elaborated megafunction instantiation "altshift_taps:dv_de1_rtl_0"
Info (12133): Instantiated megafunction "altshift_taps:dv_de1_rtl_0" with the following parameter:
    Info (12134): Parameter "NUMBER_OF_TAPS" = "1"
    Info (12134): Parameter "TAP_DISTANCE" = "3"
    Info (12134): Parameter "WIDTH" = "47"
    Info (12134): Parameter "POWER_UP_STATE" = "DONT_CARE"
Info (12021): Found 1 design units, including 1 entities, in source file db/shift_taps_1vu.tdf
    Info (12023): Found entity 1: shift_taps_1vu File: /home/alans/mister/MacQuadra800_MiSTer/scratch/fpu_normal_single_move_quartus_20260928_seed27/tree/db/shift_taps_1vu.tdf Line: 27
Info (12021): Found 1 design units, including 1 entities, in source file db/altsyncram_rr91.tdf
    Info (12023): Found entity 1: altsyncram_rr91 File: /home/alans/mister/MacQuadra800_MiSTer/scratch/fpu_normal_single_move_quartus_20260928_seed27/tree/db/altsyncram_rr91.tdf Line: 28
Info (12021): Found 1 design units, including 1 entities, in source file db/cntr_ohf.tdf
    Info (12023): Found entity 1: cntr_ohf File: /home/alans/mister/MacQuadra800_MiSTer/scratch/fpu_normal_single_move_quartus_20260928_seed27/tree/db/cntr_ohf.tdf Line: 28
Info (12021): Found 1 design units, including 1 entities, in source file db/cmpr_a9c.tdf
    Info (12023): Found entity 1: cmpr_a9c File: /home/alans/mister/MacQuadra800_MiSTer/scratch/fpu_normal_single_move_quartus_20260928_seed27/tree/db/cmpr_a9c.tdf Line: 23
Info (12130): Elaborated megafunction instantiation "emu:emu|quadra800:machine|wombat_cpu:cpu|ap040_core:core|ap040_fpu:g_fpu.fpu|ap040_fp_regfile:fpregs|altdpram:bank_a_rtl_0"
Info (12133): Instantiated megafunction "emu:emu|quadra800:machine|wombat_cpu:cpu|ap040_core:core|ap040_fpu:g_fpu.fpu|ap040_fp_regfile:fpregs|altdpram:bank_a_rtl_0" with the following parameter:
    Info (12134): Parameter "WIDTH" = "80"
    Info (12134): Parameter "WIDTHAD" = "3"
    Info (12134): Parameter "NUMWORDS" = "8"
    Info (12134): Parameter "WRADDRESS_REG" = "INCLOCK"
    Info (12134): Parameter "WRADDRESS_ACLR" = "OFF"
    Info (12134): Parameter "WRCONTROL_REG" = "INCLOCK"
    Info (12134): Parameter "WRCONTROL_ACLR" = "OFF"
    Info (12134): Parameter "RDADDRESS_REG" = "OUTCLOCK"
    Info (12134): Parameter "RDADDRESS_ACLR" = "OFF"
    Info (12134): Parameter "RDCONTROL_REG" = "UNREGISTERED"
    Info (12134): Parameter "RDCONTROL_ACLR" = "OFF"
    Info (12134): Parameter "INDATA_REG" = "INCLOCK"
    Info (12134): Parameter "INDATA_ACLR" = "OFF"
    Info (12134): Parameter "OUTDATA_REG" = "UNREGISTERED"
    Info (12134): Parameter "OUTDATA_ACLR" = "OFF"
    Info (12134): Parameter "LPM_FILE" = "UNUSED"
    Info (12134): Parameter "RAM_BLOCK_TYPE" = "LUTRAM"
Info (12021): Found 1 design units, including 1 entities, in source file db/dpram_rlo1.tdf
    Info (12023): Found entity 1: dpram_rlo1 File: /home/alans/mister/MacQuadra800_MiSTer/scratch/fpu_normal_single_move_quartus_20260928_seed27/tree/db/dpram_rlo1.tdf Line: 28
Info (12130): Elaborated megafunction instantiation "emu:emu|altsyncram:vram0_rtl_0"
Info (12133): Instantiated megafunction "emu:emu|altsyncram:vram0_rtl_0" with the following parameter:
    Info (12134): Parameter "OPERATION_MODE" = "BIDIR_DUAL_PORT"
    Info (12134): Parameter "WIDTH_A" = "8"
    Info (12134): Parameter "WIDTH_B" = "8"
    Info (12134): Parameter "WIDTHAD_A" = "17"
    Info (12134): Parameter "WIDTHAD_B" = "17"
    Info (12134): Parameter "NUMWORDS_A" = "82016"
    Info (12134): Parameter "NUMWORDS_B" = "82016"
    Info (12134): Parameter "OUTDATA_REG_A" = "UNREGISTERED"
    Info (12134): Parameter "OUTDATA_REG_B" = "UNREGISTERED"
    Info (12134): Parameter "ADDRESS_REG_B" = "CLOCK1"
    Info (12134): Parameter "INDATA_REG_B" = "CLOCK1"
    Info (12134): Parameter "WRCONTROL_WRADDRESS_REG_B" = "CLOCK1"
    Info (12134): Parameter "INDATA_ACLR_A" = "NONE"
    Info (12134): Parameter "WRCONTROL_ACLR_A" = "NONE"
    Info (12134): Parameter "ADDRESS_ACLR_A" = "NONE"
    Info (12134): Parameter "ADDRESS_ACLR_B" = "NONE"
    Info (12134): Parameter "OUTDATA_ACLR_B" = "NONE"
    Info (12134): Parameter "RAM_BLOCK_TYPE" = "M10K"
Info (12021): Found 1 design units, including 1 entities, in source file db/altsyncram_4vu1.tdf
    Info (12023): Found entity 1: altsyncram_4vu1 File: /home/alans/mister/MacQuadra800_MiSTer/scratch/fpu_normal_single_move_quartus_20260928_seed27/tree/db/altsyncram_4vu1.tdf Line: 34
Info (12021): Found 1 design units, including 1 entities, in source file db/decode_oma.tdf
    Info (12023): Found entity 1: decode_oma File: /home/alans/mister/MacQuadra800_MiSTer/scratch/fpu_normal_single_move_quartus_20260928_seed27/tree/db/decode_oma.tdf Line: 23
Info (12021): Found 1 design units, including 1 entities, in source file db/decode_h2a.tdf
    Info (12023): Found entity 1: decode_h2a File: /home/alans/mister/MacQuadra800_MiSTer/scratch/fpu_normal_single_move_quartus_20260928_seed27/tree/db/decode_h2a.tdf Line: 23
Info (12021): Found 1 design units, including 1 entities, in source file db/mux_8hb.tdf
    Info (12023): Found entity 1: mux_8hb File: /home/alans/mister/MacQuadra800_MiSTer/scratch/fpu_normal_single_move_quartus_20260928_seed27/tree/db/mux_8hb.tdf Line: 23
Info (12130): Elaborated megafunction instantiation "emu:emu|mt32pi:mt32pi|altsyncram:lcd_data_rtl_0"
Info (12133): Instantiated megafunction "emu:emu|mt32pi:mt32pi|altsyncram:lcd_data_rtl_0" with the following parameter:
    Info (12134): Parameter "OPERATION_MODE" = "DUAL_PORT"
    Info (12134): Parameter "WIDTH_A" = "8"
    Info (12134): Parameter "WIDTHAD_A" = "10"
    Info (12134): Parameter "NUMWORDS_A" = "1024"
    Info (12134): Parameter "WIDTH_B" = "1"
    Info (12134): Parameter "WIDTHAD_B" = "13"
    Info (12134): Parameter "NUMWORDS_B" = "8192"
    Info (12134): Parameter "ADDRESS_ACLR_A" = "NONE"
    Info (12134): Parameter "OUTDATA_REG_B" = "UNREGISTERED"
    Info (12134): Parameter "ADDRESS_ACLR_B" = "NONE"
    Info (12134): Parameter "OUTDATA_ACLR_B" = "NONE"
    Info (12134): Parameter "ADDRESS_REG_B" = "CLOCK1"
    Info (12134): Parameter "INDATA_ACLR_A" = "NONE"
    Info (12134): Parameter "WRCONTROL_ACLR_A" = "NONE"
Info (12021): Found 1 design units, including 1 entities, in source file db/altsyncram_fcj1.tdf
    Info (12023): Found entity 1: altsyncram_fcj1 File: /home/alans/mister/MacQuadra800_MiSTer/scratch/fpu_normal_single_move_quartus_20260928_seed27/tree/db/altsyncram_fcj1.tdf Line: 28
Info (12130): Elaborated megafunction instantiation "emu:emu|quadra800:machine|dafb:dafb|dafb_clut:clut_b_i|altsyncram:mem_rtl_0"
Info (12133): Instantiated megafunction "emu:emu|quadra800:machine|dafb:dafb|dafb_clut:clut_b_i|altsyncram:mem_rtl_0" with the following parameter:
    Info (12134): Parameter "OPERATION_MODE" = "BIDIR_DUAL_PORT"
    Info (12134): Parameter "WIDTH_A" = "8"
    Info (12134): Parameter "WIDTH_B" = "8"
    Info (12134): Parameter "WIDTHAD_A" = "8"
    Info (12134): Parameter "WIDTHAD_B" = "8"
    Info (12134): Parameter "NUMWORDS_A" = "256"
    Info (12134): Parameter "NUMWORDS_B" = "256"
    Info (12134): Parameter "OUTDATA_REG_A" = "UNREGISTERED"
    Info (12134): Parameter "OUTDATA_REG_B" = "UNREGISTERED"
    Info (12134): Parameter "ADDRESS_REG_B" = "CLOCK1"
    Info (12134): Parameter "INDATA_REG_B" = "CLOCK1"
    Info (12134): Parameter "WRCONTROL_WRADDRESS_REG_B" = "CLOCK1"
    Info (12134): Parameter "INDATA_ACLR_A" = "NONE"
    Info (12134): Parameter "WRCONTROL_ACLR_A" = "NONE"
    Info (12134): Parameter "ADDRESS_ACLR_A" = "NONE"
    Info (12134): Parameter "ADDRESS_ACLR_B" = "NONE"
    Info (12134): Parameter "OUTDATA_ACLR_B" = "NONE"
    Info (12134): Parameter "RAM_BLOCK_TYPE" = "M10K"
Info (12021): Found 1 design units, including 1 entities, in source file db/altsyncram_slu1.tdf
    Info (12023): Found entity 1: altsyncram_slu1 File: /home/alans/mister/MacQuadra800_MiSTer/scratch/fpu_normal_single_move_quartus_20260928_seed27/tree/db/altsyncram_slu1.tdf Line: 28
Info (12130): Elaborated megafunction instantiation "ascal:ascal|altsyncram:i_dpram_rtl_0"
Info (12133): Instantiated megafunction "ascal:ascal|altsyncram:i_dpram_rtl_0" with the following parameter:
    Info (12134): Parameter "OPERATION_MODE" = "DUAL_PORT"
    Info (12134): Parameter "WIDTH_A" = "128"
    Info (12134): Parameter "WIDTHAD_A" = "5"
    Info (12134): Parameter "NUMWORDS_A" = "32"
    Info (12134): Parameter "WIDTH_B" = "128"
    Info (12134): Parameter "WIDTHAD_B" = "5"
    Info (12134): Parameter "NUMWORDS_B" = "32"
    Info (12134): Parameter "ADDRESS_ACLR_A" = "NONE"
    Info (12134): Parameter "OUTDATA_REG_B" = "UNREGISTERED"
    Info (12134): Parameter "ADDRESS_ACLR_B" = "NONE"
    Info (12134): Parameter "OUTDATA_ACLR_B" = "NONE"
    Info (12134): Parameter "ADDRESS_REG_B" = "CLOCK1"
    Info (12134): Parameter "INDATA_ACLR_A" = "NONE"
    Info (12134): Parameter "WRCONTROL_ACLR_A" = "NONE"
Info (12021): Found 1 design units, including 1 entities, in source file db/altsyncram_g9j1.tdf
    Info (12023): Found entity 1: altsyncram_g9j1 File: /home/alans/mister/MacQuadra800_MiSTer/scratch/fpu_normal_single_move_quartus_20260928_seed27/tree/db/altsyncram_g9j1.tdf Line: 28
Info (12130): Elaborated megafunction instantiation "ascal:ascal|altsyncram:o_dpram_rtl_0"
Info (12133): Instantiated megafunction "ascal:ascal|altsyncram:o_dpram_rtl_0" with the following parameter:
    Info (12134): Parameter "OPERATION_MODE" = "DUAL_PORT"
    Info (12134): Parameter "WIDTH_A" = "128"
    Info (12134): Parameter "WIDTHAD_A" = "5"
    Info (12134): Parameter "NUMWORDS_A" = "32"
    Info (12134): Parameter "WIDTH_B" = "128"
    Info (12134): Parameter "WIDTHAD_B" = "5"
    Info (12134): Parameter "NUMWORDS_B" = "32"
    Info (12134): Parameter "ADDRESS_ACLR_A" = "NONE"
    Info (12134): Parameter "OUTDATA_REG_B" = "CLOCK1"
    Info (12134): Parameter "ADDRESS_ACLR_B" = "NONE"
    Info (12134): Parameter "OUTDATA_ACLR_B" = "NONE"
    Info (12134): Parameter "ADDRESS_REG_B" = "CLOCK1"
    Info (12134): Parameter "INDATA_ACLR_A" = "NONE"
    Info (12134): Parameter "WRCONTROL_ACLR_A" = "NONE"
Info (12021): Found 1 design units, including 1 entities, in source file db/altsyncram_32k1.tdf
    Info (12023): Found entity 1: altsyncram_32k1 File: /home/alans/mister/MacQuadra800_MiSTer/scratch/fpu_normal_single_move_quartus_20260928_seed27/tree/db/altsyncram_32k1.tdf Line: 28
Info (12130): Elaborated megafunction instantiation "ascal:ascal|altshift_taps:i_ppix.r_rtl_0"
Info (12133): Instantiated megafunction "ascal:ascal|altshift_taps:i_ppix.r_rtl_0" with the following parameter:
    Info (12134): Parameter "NUMBER_OF_TAPS" = "1"
    Info (12134): Parameter "TAP_DISTANCE" = "5"
    Info (12134): Parameter "WIDTH" = "24"
    Info (12134): Parameter "POWER_UP_STATE" = "DONT_CARE"
Info (12021): Found 1 design units, including 1 entities, in source file db/shift_taps_bgv.tdf
    Info (12023): Found entity 1: shift_taps_bgv File: /home/alans/mister/MacQuadra800_MiSTer/scratch/fpu_normal_single_move_quartus_20260928_seed27/tree/db/shift_taps_bgv.tdf Line: 27
Info (12021): Found 1 design units, including 1 entities, in source file db/altsyncram_nr91.tdf
    Info (12023): Found entity 1: altsyncram_nr91 File: /home/alans/mister/MacQuadra800_MiSTer/scratch/fpu_normal_single_move_quartus_20260928_seed27/tree/db/altsyncram_nr91.tdf Line: 28
Info (12130): Elaborated megafunction instantiation "emu:emu|quadra800:machine|wombat_cpu:cpu|ap040_core:core|ap040_regfile:regfile|altdpram:bank_f_rtl_0"
Info (12133): Instantiated megafunction "emu:emu|quadra800:machine|wombat_cpu:cpu|ap040_core:core|ap040_regfile:regfile|altdpram:bank_f_rtl_0" with the following parameter:
    Info (12134): Parameter "WIDTH" = "32"
    Info (12134): Parameter "WIDTHAD" = "4"
    Info (12134): Parameter "NUMWORDS" = "16"
    Info (12134): Parameter "WRADDRESS_REG" = "INCLOCK"
    Info (12134): Parameter "WRADDRESS_ACLR" = "OFF"
    Info (12134): Parameter "WRCONTROL_REG" = "INCLOCK"
    Info (12134): Parameter "WRCONTROL_ACLR" = "OFF"
    Info (12134): Parameter "RDADDRESS_REG" = "UNREGISTERED"
    Info (12134): Parameter "RDADDRESS_ACLR" = "OFF"
    Info (12134): Parameter "RDCONTROL_REG" = "UNREGISTERED"
    Info (12134): Parameter "RDCONTROL_ACLR" = "OFF"
    Info (12134): Parameter "INDATA_REG" = "INCLOCK"
    Info (12134): Parameter "INDATA_ACLR" = "OFF"
    Info (12134): Parameter "OUTDATA_REG" = "UNREGISTERED"
    Info (12134): Parameter "OUTDATA_ACLR" = "OFF"
    Info (12134): Parameter "LPM_FILE" = "UNUSED"
    Info (12134): Parameter "RAM_BLOCK_TYPE" = "LUTRAM"
Info (12021): Found 1 design units, including 1 entities, in source file db/dpram_h8o1.tdf
    Info (12023): Found entity 1: dpram_h8o1 File: /home/alans/mister/MacQuadra800_MiSTer/scratch/fpu_normal_single_move_quartus_20260928_seed27/tree/db/dpram_h8o1.tdf Line: 26
Info (12130): Elaborated megafunction instantiation "altshift_taps:mask_bypass_rtl_1"
Info (12133): Instantiated megafunction "altshift_taps:mask_bypass_rtl_1" with the following parameter:
    Info (12134): Parameter "NUMBER_OF_TAPS" = "1"
    Info (12134): Parameter "TAP_DISTANCE" = "4"
    Info (12134): Parameter "WIDTH" = "81"
    Info (12134): Parameter "POWER_UP_STATE" = "DONT_CARE"
Info (12021): Found 1 design units, including 1 entities, in source file db/shift_taps_0vu.tdf
    Info (12023): Found entity 1: shift_taps_0vu File: /home/alans/mister/MacQuadra800_MiSTer/scratch/fpu_normal_single_move_quartus_20260928_seed27/tree/db/shift_taps_0vu.tdf Line: 27
Info (12021): Found 1 design units, including 1 entities, in source file db/altsyncram_pr91.tdf
    Info (12023): Found entity 1: altsyncram_pr91 File: /home/alans/mister/MacQuadra800_MiSTer/scratch/fpu_normal_single_move_quartus_20260928_seed27/tree/db/altsyncram_pr91.tdf Line: 28
Info (12021): Found 1 design units, including 1 entities, in source file db/cntr_phf.tdf
    Info (12023): Found entity 1: cntr_phf File: /home/alans/mister/MacQuadra800_MiSTer/scratch/fpu_normal_single_move_quartus_20260928_seed27/tree/db/cntr_phf.tdf Line: 26
Info (12130): Elaborated megafunction instantiation "osd:hdmi_osd|altsyncram:osd_buffer_rtl_0"
Info (12133): Instantiated megafunction "osd:hdmi_osd|altsyncram:osd_buffer_rtl_0" with the following parameter:
    Info (12134): Parameter "OPERATION_MODE" = "DUAL_PORT"
    Info (12134): Parameter "WIDTH_A" = "8"
    Info (12134): Parameter "WIDTHAD_A" = "12"
    Info (12134): Parameter "NUMWORDS_A" = "4096"
    Info (12134): Parameter "WIDTH_B" = "8"
    Info (12134): Parameter "WIDTHAD_B" = "12"
    Info (12134): Parameter "NUMWORDS_B" = "4096"
    Info (12134): Parameter "ADDRESS_ACLR_A" = "NONE"
    Info (12134): Parameter "OUTDATA_REG_B" = "UNREGISTERED"
    Info (12134): Parameter "ADDRESS_ACLR_B" = "NONE"
    Info (12134): Parameter "OUTDATA_ACLR_B" = "NONE"
    Info (12134): Parameter "ADDRESS_REG_B" = "CLOCK1"
    Info (12134): Parameter "INDATA_ACLR_A" = "NONE"
    Info (12134): Parameter "WRCONTROL_ACLR_A" = "NONE"
Info (12021): Found 1 design units, including 1 entities, in source file db/altsyncram_i6k1.tdf
    Info (12023): Found entity 1: altsyncram_i6k1 File: /home/alans/mister/MacQuadra800_MiSTer/scratch/fpu_normal_single_move_quartus_20260928_seed27/tree/db/altsyncram_i6k1.tdf Line: 28
Info (12130): Elaborated megafunction instantiation "ascal:ascal|altsyncram:o_h_poly_mem_rtl_0"
Info (12133): Instantiated megafunction "ascal:ascal|altsyncram:o_h_poly_mem_rtl_0" with the following parameter:
    Info (12134): Parameter "OPERATION_MODE" = "DUAL_PORT"
    Info (12134): Parameter "WIDTH_A" = "40"
    Info (12134): Parameter "WIDTHAD_A" = "8"
    Info (12134): Parameter "NUMWORDS_A" = "256"
    Info (12134): Parameter "WIDTH_B" = "40"
    Info (12134): Parameter "WIDTHAD_B" = "8"
    Info (12134): Parameter "NUMWORDS_B" = "256"
    Info (12134): Parameter "ADDRESS_ACLR_A" = "NONE"
    Info (12134): Parameter "OUTDATA_REG_B" = "UNREGISTERED"
    Info (12134): Parameter "ADDRESS_ACLR_B" = "NONE"
    Info (12134): Parameter "OUTDATA_ACLR_B" = "NONE"
    Info (12134): Parameter "ADDRESS_REG_B" = "CLOCK1"
    Info (12134): Parameter "INDATA_ACLR_A" = "NONE"
    Info (12134): Parameter "WRCONTROL_ACLR_A" = "NONE"
Info (12021): Found 1 design units, including 1 entities, in source file db/altsyncram_o9j1.tdf
    Info (12023): Found entity 1: altsyncram_o9j1 File: /home/alans/mister/MacQuadra800_MiSTer/scratch/fpu_normal_single_move_quartus_20260928_seed27/tree/db/altsyncram_o9j1.tdf Line: 28
Info (12130): Elaborated megafunction instantiation "altshift_taps:mask_bypass_rtl_0"
Info (12133): Instantiated megafunction "altshift_taps:mask_bypass_rtl_0" with the following parameter:
    Info (12134): Parameter "NUMBER_OF_TAPS" = "1"
    Info (12134): Parameter "TAP_DISTANCE" = "6"
    Info (12134): Parameter "WIDTH" = "24"
    Info (12134): Parameter "POWER_UP_STATE" = "DONT_CARE"
Info (12021): Found 1 design units, including 1 entities, in source file db/shift_taps_vuu.tdf
    Info (12023): Found entity 1: shift_taps_vuu File: /home/alans/mister/MacQuadra800_MiSTer/scratch/fpu_normal_single_move_quartus_20260928_seed27/tree/db/shift_taps_vuu.tdf Line: 27
Info (12021): Found 1 design units, including 1 entities, in source file db/altsyncram_qr91.tdf
    Info (12023): Found entity 1: altsyncram_qr91 File: /home/alans/mister/MacQuadra800_MiSTer/scratch/fpu_normal_single_move_quartus_20260928_seed27/tree/db/altsyncram_qr91.tdf Line: 28
Info (12021): Found 1 design units, including 1 entities, in source file db/cntr_shf.tdf
    Info (12023): Found entity 1: cntr_shf File: /home/alans/mister/MacQuadra800_MiSTer/scratch/fpu_normal_single_move_quartus_20260928_seed27/tree/db/cntr_shf.tdf Line: 28
Info (12130): Elaborated megafunction instantiation "audio_out:audio_out|aud_mix_top:audmix_r|altshift_taps:a1_rtl_0"
Info (12133): Instantiated megafunction "audio_out:audio_out|aud_mix_top:audmix_r|altshift_taps:a1_rtl_0" with the following parameter:
    Info (12134): Parameter "NUMBER_OF_TAPS" = "1"
    Info (12134): Parameter "TAP_DISTANCE" = "3"
    Info (12134): Parameter "WIDTH" = "32"
    Info (12134): Parameter "POWER_UP_STATE" = "DONT_CARE"
Info (12021): Found 1 design units, including 1 entities, in source file db/shift_taps_8gv.tdf
    Info (12023): Found entity 1: shift_taps_8gv File: /home/alans/mister/MacQuadra800_MiSTer/scratch/fpu_normal_single_move_quartus_20260928_seed27/tree/db/shift_taps_8gv.tdf Line: 27
Info (12021): Found 1 design units, including 1 entities, in source file db/altsyncram_fr91.tdf
    Info (12023): Found entity 1: altsyncram_fr91 File: /home/alans/mister/MacQuadra800_MiSTer/scratch/fpu_normal_single_move_quartus_20260928_seed27/tree/db/altsyncram_fr91.tdf Line: 28
Info (12130): Elaborated megafunction instantiation "vga_out:vga_scaler_out|altshift_taps:din1_rtl_0"
Info (12133): Instantiated megafunction "vga_out:vga_scaler_out|altshift_taps:din1_rtl_0" with the following parameter:
    Info (12134): Parameter "NUMBER_OF_TAPS" = "1"
    Info (12134): Parameter "TAP_DISTANCE" = "3"
    Info (12134): Parameter "WIDTH" = "31"
    Info (12134): Parameter "POWER_UP_STATE" = "DONT_CARE"
Info (12021): Found 1 design units, including 1 entities, in source file db/shift_taps_quu.tdf
    Info (12023): Found entity 1: shift_taps_quu File: /home/alans/mister/MacQuadra800_MiSTer/scratch/fpu_normal_single_move_quartus_20260928_seed27/tree/db/shift_taps_quu.tdf Line: 27
Info (12021): Found 1 design units, including 1 entities, in source file db/altsyncram_dr91.tdf
    Info (12023): Found entity 1: altsyncram_dr91 File: /home/alans/mister/MacQuadra800_MiSTer/scratch/fpu_normal_single_move_quartus_20260928_seed27/tree/db/altsyncram_dr91.tdf Line: 28
Info (12130): Elaborated megafunction instantiation "ascal:ascal|altshift_taps:o_vpix_inner[2].r_rtl_0"
Info (12133): Instantiated megafunction "ascal:ascal|altshift_taps:o_vpix_inner[2].r_rtl_0" with the following parameter:
    Info (12134): Parameter "NUMBER_OF_TAPS" = "1"
    Info (12134): Parameter "TAP_DISTANCE" = "4"
    Info (12134): Parameter "WIDTH" = "24"
    Info (12134): Parameter "POWER_UP_STATE" = "DONT_CARE"
Info (12021): Found 1 design units, including 1 entities, in source file db/shift_taps_agv.tdf
    Info (12023): Found entity 1: shift_taps_agv File: /home/alans/mister/MacQuadra800_MiSTer/scratch/fpu_normal_single_move_quartus_20260928_seed27/tree/db/shift_taps_agv.tdf Line: 27
Info (12021): Found 1 design units, including 1 entities, in source file db/altsyncram_jr91.tdf
    Info (12023): Found entity 1: altsyncram_jr91 File: /home/alans/mister/MacQuadra800_MiSTer/scratch/fpu_normal_single_move_quartus_20260928_seed27/tree/db/altsyncram_jr91.tdf Line: 28
Info (12130): Elaborated megafunction instantiation "emu:emu|quadra800:machine|iosb:iosb|altdpram:iosb_regs_hi_rtl_0"
Info (12133): Instantiated megafunction "emu:emu|quadra800:machine|iosb:iosb|altdpram:iosb_regs_hi_rtl_0" with the following parameter:
    Info (12134): Parameter "WIDTH" = "8"
    Info (12134): Parameter "WIDTHAD" = "5"
    Info (12134): Parameter "NUMWORDS" = "32"
    Info (12134): Parameter "WRADDRESS_REG" = "INCLOCK"
    Info (12134): Parameter "WRADDRESS_ACLR" = "OFF"
    Info (12134): Parameter "WRCONTROL_REG" = "INCLOCK"
    Info (12134): Parameter "WRCONTROL_ACLR" = "OFF"
    Info (12134): Parameter "RDADDRESS_REG" = "OUTCLOCK"
    Info (12134): Parameter "RDADDRESS_ACLR" = "OFF"
    Info (12134): Parameter "RDCONTROL_REG" = "UNREGISTERED"
    Info (12134): Parameter "RDCONTROL_ACLR" = "OFF"
    Info (12134): Parameter "INDATA_REG" = "INCLOCK"
    Info (12134): Parameter "INDATA_ACLR" = "OFF"
    Info (12134): Parameter "OUTDATA_REG" = "UNREGISTERED"
    Info (12134): Parameter "OUTDATA_ACLR" = "OFF"
    Info (12134): Parameter "LPM_FILE" = "UNUSED"
    Info (12134): Parameter "RAM_BLOCK_TYPE" = "LUTRAM"
Info (12021): Found 1 design units, including 1 entities, in source file db/dpram_qlo1.tdf
    Info (12023): Found entity 1: dpram_qlo1 File: /home/alans/mister/MacQuadra800_MiSTer/scratch/fpu_normal_single_move_quartus_20260928_seed27/tree/db/dpram_qlo1.tdf Line: 28
Info (12130): Elaborated megafunction instantiation "emu:emu|quadra800:machine|iosb:iosb|ncr53c96:scsi|cd_audio:g_cd_audio.cd_audio_i|cd_sdp:frame_ram|altsyncram:ram_rtl_0"
Info (12133): Instantiated megafunction "emu:emu|quadra800:machine|iosb:iosb|ncr53c96:scsi|cd_audio:g_cd_audio.cd_audio_i|cd_sdp:frame_ram|altsyncram:ram_rtl_0" with the following parameter:
    Info (12134): Parameter "OPERATION_MODE" = "DUAL_PORT"
    Info (12134): Parameter "WIDTH_A" = "16"
    Info (12134): Parameter "WIDTHAD_A" = "12"
    Info (12134): Parameter "NUMWORDS_A" = "4096"
    Info (12134): Parameter "WIDTH_B" = "16"
    Info (12134): Parameter "WIDTHAD_B" = "12"
    Info (12134): Parameter "NUMWORDS_B" = "4096"
    Info (12134): Parameter "ADDRESS_ACLR_A" = "NONE"
    Info (12134): Parameter "OUTDATA_REG_B" = "UNREGISTERED"
    Info (12134): Parameter "ADDRESS_ACLR_B" = "NONE"
    Info (12134): Parameter "OUTDATA_ACLR_B" = "NONE"
    Info (12134): Parameter "ADDRESS_REG_B" = "CLOCK0"
    Info (12134): Parameter "INDATA_ACLR_A" = "NONE"
    Info (12134): Parameter "WRCONTROL_ACLR_A" = "NONE"
    Info (12134): Parameter "RAM_BLOCK_TYPE" = "M10K"
Info (12021): Found 1 design units, including 1 entities, in source file db/altsyncram_7qk1.tdf
    Info (12023): Found entity 1: altsyncram_7qk1 File: /home/alans/mister/MacQuadra800_MiSTer/scratch/fpu_normal_single_move_quartus_20260928_seed27/tree/db/altsyncram_7qk1.tdf Line: 28
Info (12130): Elaborated megafunction instantiation "emu:emu|quadra800:machine|iosb:iosb|adb:adbx|altsyncram:kbdFifo_rtl_0"
Info (12133): Instantiated megafunction "emu:emu|quadra800:machine|iosb:iosb|adb:adbx|altsyncram:kbdFifo_rtl_0" with the following parameter:
    Info (12134): Parameter "OPERATION_MODE" = "DUAL_PORT"
    Info (12134): Parameter "WIDTH_A" = "8"
    Info (12134): Parameter "WIDTHAD_A" = "3"
    Info (12134): Parameter "NUMWORDS_A" = "8"
    Info (12134): Parameter "WIDTH_B" = "8"
    Info (12134): Parameter "WIDTHAD_B" = "3"
    Info (12134): Parameter "NUMWORDS_B" = "8"
    Info (12134): Parameter "ADDRESS_ACLR_A" = "NONE"
    Info (12134): Parameter "OUTDATA_REG_B" = "UNREGISTERED"
    Info (12134): Parameter "ADDRESS_ACLR_B" = "NONE"
    Info (12134): Parameter "OUTDATA_ACLR_B" = "NONE"
    Info (12134): Parameter "ADDRESS_REG_B" = "CLOCK0"
    Info (12134): Parameter "INDATA_ACLR_A" = "NONE"
    Info (12134): Parameter "WRCONTROL_ACLR_A" = "NONE"
    Info (12134): Parameter "READ_DURING_WRITE_MODE_MIXED_PORTS" = "OLD_DATA"
Info (12021): Found 1 design units, including 1 entities, in source file db/altsyncram_6tm1.tdf
    Info (12023): Found entity 1: altsyncram_6tm1 File: /home/alans/mister/MacQuadra800_MiSTer/scratch/fpu_normal_single_move_quartus_20260928_seed27/tree/db/altsyncram_6tm1.tdf Line: 28
Warning (12241): 16 hierarchies have connectivity warnings - see the Connectivity Checks report folder
Warning (14284): Synthesized away the following node(s):
    Warning (14285): Synthesized away the following RAM node(s):
        Warning (14320): Synthesized away node "emu:emu|quadra800:machine|wombat_cpu:cpu|ap040_cache:g_cache.cache|altsyncram:pairdata3_b0_rtl_0|altsyncram_46l1:auto_generated|ram_block1a0" File: /home/alans/mister/MacQuadra800_MiSTer/scratch/fpu_normal_single_move_quartus_20260928_seed27/tree/db/altsyncram_46l1.tdf Line: 39
        Warning (14320): Synthesized away node "emu:emu|quadra800:machine|wombat_cpu:cpu|ap040_cache:g_cache.cache|altsyncram:pairdata3_b0_rtl_0|altsyncram_46l1:auto_generated|ram_block1a1" File: /home/alans/mister/MacQuadra800_MiSTer/scratch/fpu_normal_single_move_quartus_20260928_seed27/tree/db/altsyncram_46l1.tdf Line: 69
        Warning (14320): Synthesized away node "emu:emu|quadra800:machine|wombat_cpu:cpu|ap040_cache:g_cache.cache|altsyncram:pairdata3_b0_rtl_0|altsyncram_46l1:auto_generated|ram_block1a2" File: /home/alans/mister/MacQuadra800_MiSTer/scratch/fpu_normal_single_move_quartus_20260928_seed27/tree/db/altsyncram_46l1.tdf Line: 99
        Warning (14320): Synthesized away node "emu:emu|quadra800:machine|wombat_cpu:cpu|ap040_cache:g_cache.cache|altsyncram:pairdata3_b0_rtl_0|altsyncram_46l1:auto_generated|ram_block1a3" File: /home/alans/mister/MacQuadra800_MiSTer/scratch/fpu_normal_single_move_quartus_20260928_seed27/tree/db/altsyncram_46l1.tdf Line: 129
        Warning (14320): Synthesized away node "emu:emu|quadra800:machine|wombat_cpu:cpu|ap040_cache:g_cache.cache|altsyncram:pairdata3_b0_rtl_0|altsyncram_46l1:auto_generated|ram_block1a4" File: /home/alans/mister/MacQuadra800_MiSTer/scratch/fpu_normal_single_move_quartus_20260928_seed27/tree/db/altsyncram_46l1.tdf Line: 159
        Warning (14320): Synthesized away node "emu:emu|quadra800:machine|wombat_cpu:cpu|ap040_cache:g_cache.cache|altsyncram:pairdata3_b0_rtl_0|altsyncram_46l1:auto_generated|ram_block1a5" File: /home/alans/mister/MacQuadra800_MiSTer/scratch/fpu_normal_single_move_quartus_20260928_seed27/tree/db/altsyncram_46l1.tdf Line: 189
        Warning (14320): Synthesized away node "emu:emu|quadra800:machine|wombat_cpu:cpu|ap040_cache:g_cache.cache|altsyncram:pairdata3_b0_rtl_0|altsyncram_46l1:auto_generated|ram_block1a6" File: /home/alans/mister/MacQuadra800_MiSTer/scratch/fpu_normal_single_move_quartus_20260928_seed27/tree/db/altsyncram_46l1.tdf Line: 219
        Warning (14320): Synthesized away node "emu:emu|quadra800:machine|wombat_cpu:cpu|ap040_cache:g_cache.cache|altsyncram:pairdata3_b0_rtl_0|altsyncram_46l1:auto_generated|ram_block1a7" File: /home/alans/mister/MacQuadra800_MiSTer/scratch/fpu_normal_single_move_quartus_20260928_seed27/tree/db/altsyncram_46l1.tdf Line: 249
        Warning (14320): Synthesized away node "emu:emu|quadra800:machine|wombat_cpu:cpu|ap040_cache:g_cache.cache|altsyncram:pairdata2_b0_rtl_0|altsyncram_46l1:auto_generated|ram_block1a0" File: /home/alans/mister/MacQuadra800_MiSTer/scratch/fpu_normal_single_move_quartus_20260928_seed27/tree/db/altsyncram_46l1.tdf Line: 39
        Warning (14320): Synthesized away node "emu:emu|quadra800:machine|wombat_cpu:cpu|ap040_cache:g_cache.cache|altsyncram:pairdata2_b0_rtl_0|altsyncram_46l1:auto_generated|ram_block1a1" File: /home/alans/mister/MacQuadra800_MiSTer/scratch/fpu_normal_single_move_quartus_20260928_seed27/tree/db/altsyncram_46l1.tdf Line: 69
        Warning (14320): Synthesized away node "emu:emu|quadra800:machine|wombat_cpu:cpu|ap040_cache:g_cache.cache|altsyncram:pairdata2_b0_rtl_0|altsyncram_46l1:auto_generated|ram_block1a2" File: /home/alans/mister/MacQuadra800_MiSTer/scratch/fpu_normal_single_move_quartus_20260928_seed27/tree/db/altsyncram_46l1.tdf Line: 99
        Warning (14320): Synthesized away node "emu:emu|quadra800:machine|wombat_cpu:cpu|ap040_cache:g_cache.cache|altsyncram:pairdata2_b0_rtl_0|altsyncram_46l1:auto_generated|ram_block1a3" File: /home/alans/mister/MacQuadra800_MiSTer/scratch/fpu_normal_single_move_quartus_20260928_seed27/tree/db/altsyncram_46l1.tdf Line: 129
        Warning (14320): Synthesized away node "emu:emu|quadra800:machine|wombat_cpu:cpu|ap040_cache:g_cache.cache|altsyncram:pairdata2_b0_rtl_0|altsyncram_46l1:auto_generated|ram_block1a4" File: /home/alans/mister/MacQuadra800_MiSTer/scratch/fpu_normal_single_move_quartus_20260928_seed27/tree/db/altsyncram_46l1.tdf Line: 159
        Warning (14320): Synthesized away node "emu:emu|quadra800:machine|wombat_cpu:cpu|ap040_cache:g_cache.cache|altsyncram:pairdata2_b0_rtl_0|altsyncram_46l1:auto_generated|ram_block1a5" File: /home/alans/mister/MacQuadra800_MiSTer/scratch/fpu_normal_single_move_quartus_20260928_seed27/tree/db/altsyncram_46l1.tdf Line: 189
        Warning (14320): Synthesized away node "emu:emu|quadra800:machine|wombat_cpu:cpu|ap040_cache:g_cache.cache|altsyncram:pairdata2_b0_rtl_0|altsyncram_46l1:auto_generated|ram_block1a6" File: /home/alans/mister/MacQuadra800_MiSTer/scratch/fpu_normal_single_move_quartus_20260928_seed27/tree/db/altsyncram_46l1.tdf Line: 219
        Warning (14320): Synthesized away node "emu:emu|quadra800:machine|wombat_cpu:cpu|ap040_cache:g_cache.cache|altsyncram:pairdata2_b0_rtl_0|altsyncram_46l1:auto_generated|ram_block1a7" File: /home/alans/mister/MacQuadra800_MiSTer/scratch/fpu_normal_single_move_quartus_20260928_seed27/tree/db/altsyncram_46l1.tdf Line: 249
        Warning (14320): Synthesized away node "emu:emu|quadra800:machine|wombat_cpu:cpu|ap040_cache:g_cache.cache|altsyncram:pairdata1_b0_rtl_0|altsyncram_46l1:auto_generated|ram_block1a0" File: /home/alans/mister/MacQuadra800_MiSTer/scratch/fpu_normal_single_move_quartus_20260928_seed27/tree/db/altsyncram_46l1.tdf Line: 39
        Warning (14320): Synthesized away node "emu:emu|quadra800:machine|wombat_cpu:cpu|ap040_cache:g_cache.cache|altsyncram:pairdata1_b0_rtl_0|altsyncram_46l1:auto_generated|ram_block1a1" File: /home/alans/mister/MacQuadra800_MiSTer/scratch/fpu_normal_single_move_quartus_20260928_seed27/tree/db/altsyncram_46l1.tdf Line: 69
        Warning (14320): Synthesized away node "emu:emu|quadra800:machine|wombat_cpu:cpu|ap040_cache:g_cache.cache|altsyncram:pairdata1_b0_rtl_0|altsyncram_46l1:auto_generated|ram_block1a2" File: /home/alans/mister/MacQuadra800_MiSTer/scratch/fpu_normal_single_move_quartus_20260928_seed27/tree/db/altsyncram_46l1.tdf Line: 99
        Warning (14320): Synthesized away node "emu:emu|quadra800:machine|wombat_cpu:cpu|ap040_cache:g_cache.cache|altsyncram:pairdata1_b0_rtl_0|altsyncram_46l1:auto_generated|ram_block1a3" File: /home/alans/mister/MacQuadra800_MiSTer/scratch/fpu_normal_single_move_quartus_20260928_seed27/tree/db/altsyncram_46l1.tdf Line: 129
        Warning (14320): Synthesized away node "emu:emu|quadra800:machine|wombat_cpu:cpu|ap040_cache:g_cache.cache|altsyncram:pairdata1_b0_rtl_0|altsyncram_46l1:auto_generated|ram_block1a4" File: /home/alans/mister/MacQuadra800_MiSTer/scratch/fpu_normal_single_move_quartus_20260928_seed27/tree/db/altsyncram_46l1.tdf Line: 159
        Warning (14320): Synthesized away node "emu:emu|quadra800:machine|wombat_cpu:cpu|ap040_cache:g_cache.cache|altsyncram:pairdata1_b0_rtl_0|altsyncram_46l1:auto_generated|ram_block1a5" File: /home/alans/mister/MacQuadra800_MiSTer/scratch/fpu_normal_single_move_quartus_20260928_seed27/tree/db/altsyncram_46l1.tdf Line: 189
        Warning (14320): Synthesized away node "emu:emu|quadra800:machine|wombat_cpu:cpu|ap040_cache:g_cache.cache|altsyncram:pairdata1_b0_rtl_0|altsyncram_46l1:auto_generated|ram_block1a6" File: /home/alans/mister/MacQuadra800_MiSTer/scratch/fpu_normal_single_move_quartus_20260928_seed27/tree/db/altsyncram_46l1.tdf Line: 219
        Warning (14320): Synthesized away node "emu:emu|quadra800:machine|wombat_cpu:cpu|ap040_cache:g_cache.cache|altsyncram:pairdata1_b0_rtl_0|altsyncram_46l1:auto_generated|ram_block1a7" File: /home/alans/mister/MacQuadra800_MiSTer/scratch/fpu_normal_single_move_quartus_20260928_seed27/tree/db/altsyncram_46l1.tdf Line: 249
        Warning (14320): Synthesized away node "emu:emu|quadra800:machine|wombat_cpu:cpu|ap040_cache:g_cache.cache|altsyncram:pairdata0_b0_rtl_0|altsyncram_46l1:auto_generated|ram_block1a0" File: /home/alans/mister/MacQuadra800_MiSTer/scratch/fpu_normal_single_move_quartus_20260928_seed27/tree/db/altsyncram_46l1.tdf Line: 39
        Warning (14320): Synthesized away node "emu:emu|quadra800:machine|wombat_cpu:cpu|ap040_cache:g_cache.cache|altsyncram:pairdata0_b0_rtl_0|altsyncram_46l1:auto_generated|ram_block1a1" File: /home/alans/mister/MacQuadra800_MiSTer/scratch/fpu_normal_single_move_quartus_20260928_seed27/tree/db/altsyncram_46l1.tdf Line: 69
        Warning (14320): Synthesized away node "emu:emu|quadra800:machine|wombat_cpu:cpu|ap040_cache:g_cache.cache|altsyncram:pairdata0_b0_rtl_0|altsyncram_46l1:auto_generated|ram_block1a2" File: /home/alans/mister/MacQuadra800_MiSTer/scratch/fpu_normal_single_move_quartus_20260928_seed27/tree/db/altsyncram_46l1.tdf Line: 99
        Warning (14320): Synthesized away node "emu:emu|quadra800:machine|wombat_cpu:cpu|ap040_cache:g_cache.cache|altsyncram:pairdata0_b0_rtl_0|altsyncram_46l1:auto_generated|ram_block1a3" File: /home/alans/mister/MacQuadra800_MiSTer/scratch/fpu_normal_single_move_quartus_20260928_seed27/tree/db/altsyncram_46l1.tdf Line: 129
        Warning (14320): Synthesized away node "emu:emu|quadra800:machine|wombat_cpu:cpu|ap040_cache:g_cache.cache|altsyncram:pairdata0_b0_rtl_0|altsyncram_46l1:auto_generated|ram_block1a4" File: /home/alans/mister/MacQuadra800_MiSTer/scratch/fpu_normal_single_move_quartus_20260928_seed27/tree/db/altsyncram_46l1.tdf Line: 159
        Warning (14320): Synthesized away node "emu:emu|quadra800:machine|wombat_cpu:cpu|ap040_cache:g_cache.cache|altsyncram:pairdata0_b0_rtl_0|altsyncram_46l1:auto_generated|ram_block1a5" File: /home/alans/mister/MacQuadra800_MiSTer/scratch/fpu_normal_single_move_quartus_20260928_seed27/tree/db/altsyncram_46l1.tdf Line: 189
        Warning (14320): Synthesized away node "emu:emu|quadra800:machine|wombat_cpu:cpu|ap040_cache:g_cache.cache|altsyncram:pairdata0_b0_rtl_0|altsyncram_46l1:auto_generated|ram_block1a6" File: /home/alans/mister/MacQuadra800_MiSTer/scratch/fpu_normal_single_move_quartus_20260928_seed27/tree/db/altsyncram_46l1.tdf Line: 219
        Warning (14320): Synthesized away node "emu:emu|quadra800:machine|wombat_cpu:cpu|ap040_cache:g_cache.cache|altsyncram:pairdata0_b0_rtl_0|altsyncram_46l1:auto_generated|ram_block1a7" File: /home/alans/mister/MacQuadra800_MiSTer/scratch/fpu_normal_single_move_quartus_20260928_seed27/tree/db/altsyncram_46l1.tdf Line: 249
Info (17026): Resynthesizing 0 WYSIWYG logic cells and I/Os using "balanced" technology mapper which leaves 7 WYSIWYG logic cells and I/Os untouched
Warning (13050): Open-drain buffer(s) that do not directly drive top-level pin(s) are removed
    Warning (13051): Converted the fanout from the open-drain buffer "emu:emu|SD_SCK" to the node "emu:emu|SD_SCK" into a wire File: /home/alans/mister/MacQuadra800_MiSTer/scratch/fpu_normal_single_move_quartus_20260928_seed27/tree/sys/emu_ports.vh Line: 92
    Warning (13051): Converted the fanout from the open-drain buffer "emu:emu|SD_MOSI" to the node "emu:emu|SD_MOSI" into a wire File: /home/alans/mister/MacQuadra800_MiSTer/scratch/fpu_normal_single_move_quartus_20260928_seed27/tree/sys/emu_ports.vh Line: 93
Warning (14284): Synthesized away the following node(s):
    Warning (14285): Synthesized away the following LCELL buffer node(s):
        Warning (14320): Synthesized away node "pll_cfg_hdmi:pll_cfg_hdmi|phase_done" File: /home/alans/mister/MacQuadra800_MiSTer/scratch/fpu_normal_single_move_quartus_20260928_seed27/tree/sys/pll_cfg/pll_cfg_hdmi.v Line: 165
Warning (13050): Open-drain buffer(s) that do not directly drive top-level pin(s) are removed
    Warning (13051): Converted the fanout from the open-drain buffer "HDMI_I2C_SCL" to the node "hdmi_scl_en" into a wire File: /home/alans/mister/MacQuadra800_MiSTer/scratch/fpu_normal_single_move_quartus_20260928_seed27/tree/sys/sys_top.v Line: 30
Warning (13024): Output pins are stuck at VCC or GND
    Warning (13410): Pin "SDRAM_CKE" is stuck at VCC File: /home/alans/mister/MacQuadra800_MiSTer/scratch/fpu_normal_single_move_quartus_20260928_seed27/tree/sys/sys_top.v Line: 57
Info (17049): 1207 registers lost all their fanouts during netlist optimizations.
Info (17016): Found the following redundant logic cells in design
    Info (17048): Logic cell "pll_cfg_hdmi:pll_cfg_hdmi|generic_lcell_comb:lcell_dprio_read|combout" File: /home/alans/mister/MacQuadra800_MiSTer/scratch/fpu_normal_single_move_quartus_20260928_seed27/tree/sys/pll_cfg/altera_pll_reconfig_core.v Line: 2179
    Info (17048): Logic cell "pll_cfg_hdmi:pll_cfg_hdmi|dyn_phase_shift:dyn_phase_shift_inst|generic_lcell_comb:lcell_cnt_sel_0|combout" File: /home/alans/mister/MacQuadra800_MiSTer/scratch/fpu_normal_single_move_quartus_20260928_seed27/tree/sys/pll_cfg/altera_pll_reconfig_core.v Line: 2179
    Info (17048): Logic cell "pll_cfg_hdmi:pll_cfg_hdmi|dyn_phase_shift:dyn_phase_shift_inst|generic_lcell_comb:lcell_cnt_sel_1|combout" File: /home/alans/mister/MacQuadra800_MiSTer/scratch/fpu_normal_single_move_quartus_20260928_seed27/tree/sys/pll_cfg/altera_pll_reconfig_core.v Line: 2179
    Info (17048): Logic cell "pll_cfg_hdmi:pll_cfg_hdmi|dyn_phase_shift:dyn_phase_shift_inst|generic_lcell_comb:lcell_cnt_sel_2|combout" File: /home/alans/mister/MacQuadra800_MiSTer/scratch/fpu_normal_single_move_quartus_20260928_seed27/tree/sys/pll_cfg/altera_pll_reconfig_core.v Line: 2179
    Info (17048): Logic cell "pll_cfg_hdmi:pll_cfg_hdmi|dyn_phase_shift:dyn_phase_shift_inst|generic_lcell_comb:lcell_cnt_sel_3|combout" File: /home/alans/mister/MacQuadra800_MiSTer/scratch/fpu_normal_single_move_quartus_20260928_seed27/tree/sys/pll_cfg/altera_pll_reconfig_core.v Line: 2179
    Info (17048): Logic cell "pll_cfg_hdmi:pll_cfg_hdmi|dyn_phase_shift:dyn_phase_shift_inst|generic_lcell_comb:lcell_cnt_sel_4|combout" File: /home/alans/mister/MacQuadra800_MiSTer/scratch/fpu_normal_single_move_quartus_20260928_seed27/tree/sys/pll_cfg/altera_pll_reconfig_core.v Line: 2179
    Info (17048): Logic cell "pll_cfg_hdmi:pll_cfg_hdmi|generic_lcell_comb:lcell_fpll_0_1|combout" File: /home/alans/mister/MacQuadra800_MiSTer/scratch/fpu_normal_single_move_quartus_20260928_seed27/tree/sys/pll_cfg/altera_pll_reconfig_core.v Line: 2179
    Info (17048): Logic cell "pll_cfg_hdmi:pll_cfg_hdmi|up_dn" File: /home/alans/mister/MacQuadra800_MiSTer/scratch/fpu_normal_single_move_quartus_20260928_seed27/tree/sys/pll_cfg/pll_cfg_hdmi.v Line: 167
    Info (17048): Logic cell "pll_cfg_hdmi:pll_cfg_hdmi|phase_en" File: /home/alans/mister/MacQuadra800_MiSTer/scratch/fpu_normal_single_move_quartus_20260928_seed27/tree/sys/pll_cfg/pll_cfg_hdmi.v Line: 166
    Info (17048): Logic cell "pll_cfg_hdmi:pll_cfg_hdmi|dprio_ser_shift_load" File: /home/alans/mister/MacQuadra800_MiSTer/scratch/fpu_normal_single_move_quartus_20260928_seed27/tree/sys/pll_cfg/pll_cfg_hdmi.v Line: 159
    Info (17048): Logic cell "pll_cfg_hdmi:pll_cfg_hdmi|dyn_phase_shift:dyn_phase_shift_inst|gnd" File: /home/alans/mister/MacQuadra800_MiSTer/scratch/fpu_normal_single_move_quartus_20260928_seed27/tree/sys/pll_cfg/altera_pll_reconfig_core.v Line: 1919
Info (144001): Generated suppressed messages file /home/alans/mister/MacQuadra800_MiSTer/scratch/fpu_normal_single_move_quartus_20260928_seed27/tree/output_files/MacQuadra800.map.smsg
Info (16010): Generating hard_block partition "hard_block:auto_generated_inst"
    Info (16011): Adding 46 node(s), including 3 DDIO, 3 PLL, 0 transceiver and 0 LCELL
Info (21057): Implemented 75029 device resources after synthesis - the final resource count might be different
    Info (21058): Implemented 16 input pins
    Info (21059): Implemented 97 output pins
    Info (21060): Implemented 32 bidirectional pins
    Info (21061): Implemented 72265 logic cells
    Info (21064): Implemented 2556 RAM segments
    Info (21065): Implemented 3 PLLs
    Info (21062): Implemented 36 DSP elements
Info: Quartus Prime Analysis & Synthesis was successful. 0 errors, 179 warnings
    Info: Peak virtual memory: 2959 megabytes
    Info: Processing ended: Sun Sep 27 23:14:20 2026
    Info: Elapsed time: 00:05:15
    Info: Total CPU time (on all processors): 00:05:52
Info: *******************************************************************
Info: Running Quartus Prime Fitter
    Info: Version 17.0.2 Build 602 07/19/2017 SJ Lite Edition
    Info: Processing started: Sun Sep 27 23:14:21 2026
Info: Command: quartus_fit --read_settings_files=off --write_settings_files=off MacQuadra800 -c MacQuadra800
Info: qfit2_default_script.tcl version: #1
Info: Project  = MacQuadra800
Info: Revision = MacQuadra800
Info (20030): Parallel compilation is enabled and will use 8 of the 8 processors detected
Info (119006): Selected device 5CSEBA6U23I7 for design "MacQuadra800"
Info (21077): Low junction temperature is -40 degrees C
Info (21077): High junction temperature is 100 degrees C
Info (171004): Fitter is performing a Standard Fit compilation using maximum Fitter effort to optimize design performance
Warning (292013): Feature LogicLock is only available with a valid subscription license. You can purchase a software subscription to gain full access to this feature.
Info (176045): Design uses memory blocks. Violating setup or hold times of memory block address registers for either read or write operations could cause memory contents to be corrupted. Make sure that all memory block address registers meet the setup and hold time requirements.
Info (184020): Starting Fitter periphery placement operations
Warning (177007): PLL(s) placed in location FRACTIONALPLL_X89_Y1_N0 do not have a PLL clock to compensate specified - the Fitter will attempt to compensate all PLL clocks
Info (11178): Promoted 9 clocks (9 global)
    Info (11162): sysmem_lite:sysmem|sysmem_HPS_fpga_interfaces:fpga_interfaces|h2f_rst_n[0]~CLKENA0 with 18 fanout uses global clock CLKCTRL_G14
    Info (11162): sysmem_lite:sysmem|sysmem_HPS_fpga_interfaces:fpga_interfaces|h2f_user0_clk[0]~CLKENA0 with 672 fanout uses global clock CLKCTRL_G9
    Info (11162): hdmi_tx_clk~CLKENA0 with 84 fanout uses global clock CLKCTRL_G5
    Info (11162): vga_tx_clk~CLKENA0 with 3 fanout uses global clock CLKCTRL_G7
    Info (11162): emu:emu|pll:pll|pll_0002:pll_inst|altera_pll:altera_pll_i|outclk_wire[0]~CLKENA0 with 17742 fanout uses global clock CLKCTRL_G0
    Info (11162): emu:emu|pll:pll|pll_0002:pll_inst|altera_pll:altera_pll_i|outclk_wire[1]~CLKENA0 with 706 fanout uses global clock CLKCTRL_G1
    Info (11162): pll_audio:pll_audio|pll_audio_0002:pll_audio_inst|altera_pll:altera_pll_i|outclk_wire[0]~CLKENA0 with 918 fanout uses global clock CLKCTRL_G15
Info (11191): Automatically promoted 2 clocks (2 global)
    Info (11162): FPGA_CLK1_50~inputCLKENA0 with 705 fanout uses global clock CLKCTRL_G2
    Info (11162): FPGA_CLK2_50~inputCLKENA0 with 189 fanout uses global clock CLKCTRL_G3
Info (184021): Fitter periphery placement operations ending: elapsed time is 00:00:00
Info (332164): Evaluating HDL-embedded SDC commands
    Info (332165): Entity altera_std_synchronizer
        Info (332166): set_false_path -to [get_keepers {*altera_std_synchronizer:*|din_s1}]
Info (332104): Reading SDC File: 'sys/sys_top.sdc'
Warning (332174): Ignored filter at sys_top.sdc(6): spi|sclk_out could not be matched with a pin File: /home/alans/mister/MacQuadra800_MiSTer/scratch/fpu_normal_single_move_quartus_20260928_seed27/tree/sys/sys_top.sdc Line: 6
Warning (332049): Ignored create_clock at sys_top.sdc(6): Argument <targets> is an empty collection File: /home/alans/mister/MacQuadra800_MiSTer/scratch/fpu_normal_single_move_quartus_20260928_seed27/tree/sys/sys_top.sdc Line: 6
    Info (332050): create_clock -period "100.0 MHz" [get_pins -compatibility_mode spi|sclk_out] -name spi_sck File: /home/alans/mister/MacQuadra800_MiSTer/scratch/fpu_normal_single_move_quartus_20260928_seed27/tree/sys/sys_top.sdc Line: 6
Info (332110): Deriving PLL clocks
    Info (332110): create_generated_clock -source {emu|pll|pll_inst|altera_pll_i|general[0].gpll~FRACTIONAL_PLL|refclkin} -divide_by 5 -multiply_by 99 -duty_cycle 50.00 -name {emu|pll|pll_inst|altera_pll_i|general[0].gpll~FRACTIONAL_PLL|vcoph[0]} {emu|pll|pll_inst|altera_pll_i|general[0].gpll~FRACTIONAL_PLL|vcoph[0]}
    Info (332110): create_generated_clock -source {emu|pll|pll_inst|altera_pll_i|general[0].gpll~PLL_OUTPUT_COUNTER|vco0ph[0]} -divide_by 30 -duty_cycle 50.00 -name {emu|pll|pll_inst|altera_pll_i|general[0].gpll~PLL_OUTPUT_COUNTER|divclk} {emu|pll|pll_inst|altera_pll_i|general[0].gpll~PLL_OUTPUT_COUNTER|divclk}
    Info (332110): create_generated_clock -source {emu|pll|pll_inst|altera_pll_i|general[1].gpll~PLL_OUTPUT_COUNTER|vco0ph[0]} -divide_by 10 -duty_cycle 50.00 -name {emu|pll|pll_inst|altera_pll_i|general[1].gpll~PLL_OUTPUT_COUNTER|divclk} {emu|pll|pll_inst|altera_pll_i|general[1].gpll~PLL_OUTPUT_COUNTER|divclk}
    Info (332110): create_generated_clock -source {pll_audio|pll_audio_inst|altera_pll_i|general[0].gpll~FRACTIONAL_PLL|refclkin} -divide_by 512 -multiply_by 4279 -duty_cycle 50.00 -name {pll_audio|pll_audio_inst|altera_pll_i|general[0].gpll~FRACTIONAL_PLL|vcoph[0]} {pll_audio|pll_audio_inst|altera_pll_i|general[0].gpll~FRACTIONAL_PLL|vcoph[0]}
    Info (332110): create_generated_clock -source {pll_audio|pll_audio_inst|altera_pll_i|general[0].gpll~PLL_OUTPUT_COUNTER|vco0ph[0]} -divide_by 17 -duty_cycle 50.00 -name {pll_audio|pll_audio_inst|altera_pll_i|general[0].gpll~PLL_OUTPUT_COUNTER|divclk} {pll_audio|pll_audio_inst|altera_pll_i|general[0].gpll~PLL_OUTPUT_COUNTER|divclk}
Info (332151): Clock uncertainty is not calculated until you update the timing netlist.
Warning (332174): Ignored filter at sys_top.sdc(17): spi_sck could not be matched with a clock File: /home/alans/mister/MacQuadra800_MiSTer/scratch/fpu_normal_single_move_quartus_20260928_seed27/tree/sys/sys_top.sdc Line: 17
Warning (332054): Assignment set_clock_groups is accepted but has some problems at sys_top.sdc(13): Argument -group with value [get_clocks { spi_sck}] contains zero elements File: /home/alans/mister/MacQuadra800_MiSTer/scratch/fpu_normal_single_move_quartus_20260928_seed27/tree/sys/sys_top.sdc Line: 13
    Info (332050): set_clock_groups -exclusive \
   -group [get_clocks { *|pll|pll_inst|altera_pll_i|*[*].*|divclk}] \
   -group [get_clocks { pll_hdmi|pll_hdmi_inst|altera_pll_i|*[0].*|divclk}] \
   -group [get_clocks { pll_audio|pll_audio_inst|altera_pll_i|*[0].*|divclk}] \
   -group [get_clocks { spi_sck}] \
   -group [get_clocks { hdmi_sck}] \
   -group [get_clocks { *|h2f_user0_clk}] \
   -group [get_clocks { FPGA_CLK1_50 }] \
   -group [get_clocks { FPGA_CLK2_50 }] \
   -group [get_clocks { FPGA_CLK3_50 }] File: /home/alans/mister/MacQuadra800_MiSTer/scratch/fpu_normal_single_move_quartus_20260928_seed27/tree/sys/sys_top.sdc Line: 13
Warning (332174): Ignored filter at sys_top.sdc(60): acx* could not be matched with a clock or keeper File: /home/alans/mister/MacQuadra800_MiSTer/scratch/fpu_normal_single_move_quartus_20260928_seed27/tree/sys/sys_top.sdc Line: 60
Warning (332174): Ignored filter at sys_top.sdc(60): acy* could not be matched with a clock or keeper File: /home/alans/mister/MacQuadra800_MiSTer/scratch/fpu_normal_single_move_quartus_20260928_seed27/tree/sys/sys_top.sdc Line: 60
Warning (332174): Ignored filter at sys_top.sdc(60): aflt_* could not be matched with a clock or keeper File: /home/alans/mister/MacQuadra800_MiSTer/scratch/fpu_normal_single_move_quartus_20260928_seed27/tree/sys/sys_top.sdc Line: 60
Info (332104): Reading SDC File: 'MacQuadra800.sdc'
Info (332151): Clock uncertainty is not calculated until you update the timing netlist.
Warning (332174): Ignored filter at MacQuadra800.sdc(30): *mon_meta* could not be matched with a keeper File: /home/alans/mister/MacQuadra800_MiSTer/scratch/fpu_normal_single_move_quartus_20260928_seed27/tree/MacQuadra800.sdc Line: 30
Info (332097): The following timing edges are non-unate.  TimeQuest will assume pos-unate behavior for these edges in the clock network.
    Info (332098): Cell: emu|pll|pll_inst|altera_pll_i|general[0].gpll~FRACTIONAL_PLL  from: refclkin  to: fbclk
    Info (332098): Cell: emu|pll|pll_inst|altera_pll_i|general[0].gpll~PLL_OUTPUT_COUNTER  from: vco0ph[0]  to: divclk
    Info (332098): Cell: emu|pll|pll_inst|altera_pll_i|general[0].gpll~PLL_REFCLK_SELECT  from: clkin[2]  to: clkout
    Info (332098): Cell: emu|pll|pll_inst|altera_pll_i|general[1].gpll~PLL_OUTPUT_COUNTER  from: vco0ph[0]  to: divclk
    Info (332098): Cell: pll_audio|pll_audio_inst|altera_pll_i|general[0].gpll~FRACTIONAL_PLL  from: refclkin  to: fbclk
    Info (332098): Cell: pll_audio|pll_audio_inst|altera_pll_i|general[0].gpll~PLL_OUTPUT_COUNTER  from: vco0ph[0]  to: divclk
    Info (332098): Cell: pll_audio|pll_audio_inst|altera_pll_i|general[0].gpll~PLL_REFCLK_SELECT  from: clkin[0]  to: clkout
    Info (332098): From: sysmem|fpga_interfaces|f2sdram|cmd_port_clk_0  to: sysmem_lite:sysmem|sysmem_HPS_fpga_interfaces:fpga_interfaces|f2sdram~FF_762
    Info (332098): From: sysmem|fpga_interfaces|f2sdram|cmd_port_clk_1  to: sysmem_lite:sysmem|sysmem_HPS_fpga_interfaces:fpga_interfaces|f2sdram~FF_827
    Info (332098): From: sysmem|fpga_interfaces|f2sdram|cmd_port_clk_2  to: sysmem_lite:sysmem|sysmem_HPS_fpga_interfaces:fpga_interfaces|f2sdram~FF_920
    Info (332098): From: sysmem|fpga_interfaces|f2sdram|rd_clk_0  to: sysmem_lite:sysmem|sysmem_HPS_fpga_interfaces:fpga_interfaces|f2sdram~FF_7
    Info (332098): From: sysmem|fpga_interfaces|f2sdram|rd_clk_1  to: sysmem_lite:sysmem|sysmem_HPS_fpga_interfaces:fpga_interfaces|f2sdram~FF_6
    Info (332098): From: sysmem|fpga_interfaces|f2sdram|rd_clk_2  to: sysmem_lite:sysmem|sysmem_HPS_fpga_interfaces:fpga_interfaces|f2sdram~FF_5
    Info (332098): From: sysmem|fpga_interfaces|f2sdram|rd_clk_3  to: sysmem_lite:sysmem|sysmem_HPS_fpga_interfaces:fpga_interfaces|f2sdram~FF_4
    Info (332098): From: sysmem|fpga_interfaces|f2sdram|wr_clk_0  to: sysmem_lite:sysmem|sysmem_HPS_fpga_interfaces:fpga_interfaces|f2sdram~FF_3
    Info (332098): From: sysmem|fpga_interfaces|f2sdram|wr_clk_1  to: sysmem_lite:sysmem|sysmem_HPS_fpga_interfaces:fpga_interfaces|f2sdram~FF_2
    Info (332098): From: sysmem|fpga_interfaces|f2sdram|wr_clk_2  to: sysmem_lite:sysmem|sysmem_HPS_fpga_interfaces:fpga_interfaces|f2sdram~FF_1
    Info (332098): From: sysmem|fpga_interfaces|f2sdram|wr_clk_3  to: sysmem_lite:sysmem|sysmem_HPS_fpga_interfaces:fpga_interfaces|f2sdram~FF_0
Info (332123): Deriving Clock Uncertainty. Please refer to report_sdc in TimeQuest to see clock uncertainties.
Info (332129): Detected timing requirements -- optimizing circuit to achieve only the specified requirements
Info (332111): Found 14 clocks
    Info (332111):   Period   Clock Name
    Info (332111): ======== ============
    Info (332111):    1.010 emu|pll|pll_inst|altera_pll_i|general[0].gpll~FRACTIONAL_PLL|vcoph[0]
    Info (332111):   30.303 emu|pll|pll_inst|altera_pll_i|general[0].gpll~PLL_OUTPUT_COUNTER|divclk
    Info (332111):   10.101 emu|pll|pll_inst|altera_pll_i|general[1].gpll~PLL_OUTPUT_COUNTER|divclk
    Info (332111):   20.000 FPGA_CLK1_50
    Info (332111):   20.000 FPGA_CLK2_50
    Info (332111):   20.000 FPGA_CLK3_50
    Info (332111):  100.000     hdmi_sck
    Info (332111):    2.393 pll_audio|pll_audio_inst|altera_pll_i|general[0].gpll~FRACTIONAL_PLL|vcoph[0]
    Info (332111):   40.682 pll_audio|pll_audio_inst|altera_pll_i|general[0].gpll~PLL_OUTPUT_COUNTER|divclk
    Info (332111):   10.000 sysmem|fpga_interfaces|clocks_resets|h2f_user0_clk
Info (176233): Starting register packing
Warning (176250): Ignoring invalid fast I/O register assignments. See the Ignored Assignments panel in the Fitter Compilation Report for more information.
Warning (176251): Ignoring some wildcard destinations of fast I/O register assignments
    Info (176252): Wildcard assignment "Fast Output Register=ON" to "SDRAM_*" matches multiple destination nodes -- some destinations are not valid targets for this assignment
Info (176235): Finished register packing
    Extra Info (176218): Packed 1 registers into blocks of type Block RAM
    Extra Info (176218): Packed 949 registers into blocks of type DSP block
    Extra Info (176218): Packed 16 registers into blocks of type I/O input buffer
    Extra Info (176218): Packed 80 registers into blocks of type I/O output buffer
    Extra Info (176220): Created 389 register duplicates
Info (128000): Starting physical synthesis optimizations for speed
Info (128002): Starting physical synthesis algorithm register retiming
Info (128003): Physical synthesis algorithm register retiming complete: estimated slack improvement of 0 ps
Info (128002): Starting physical synthesis algorithm combinational resynthesis using boolean division
Info (128003): Physical synthesis algorithm combinational resynthesis using boolean division complete: estimated slack improvement of 0 ps
Info (128002): Starting physical synthesis algorithm register retiming
Info (128003): Physical synthesis algorithm register retiming complete: estimated slack improvement of 0 ps
Info (128002): Starting physical synthesis algorithm combinational resynthesis using boolean division
Info (128003): Physical synthesis algorithm combinational resynthesis using boolean division complete: estimated slack improvement of 0 ps
Info (128001): Physical synthesis optimizations for speed complete: elapsed time is 00:00:52
Info (176233): Starting register packing
Info (176235): Finished register packing
    Extra Info (176219): No registers were packed into other blocks
Info (11798): Fitter preparation operations ending: elapsed time is 00:01:21
Info (170189): Fitter placement preparation operations beginning
Info (14951): The Fitter is using Advanced Physical Optimization.
Info (170190): Fitter placement preparation operations ending: elapsed time is 00:01:14
Info (170191): Fitter placement operations beginning
Info (170137): Fitter placement was successful
Info (170192): Fitter placement operations ending: elapsed time is 00:01:33
Info (170193): Fitter routing operations beginning
Info (170195): Router estimated average interconnect usage is 45% of the available device resources
    Info (170196): Router estimated peak interconnect usage is 70% of the available device resources in the region that extends from location X56_Y11 to location X66_Y22
Info (170194): Fitter routing operations ending: elapsed time is 00:02:51
Info (11888): Total time spent on timing analysis during the Fitter is 90.74 seconds.
Info (334003): Started post-fitting delay annotation
Info (334004): Delay annotation completed successfully
Info (334003): Started post-fitting delay annotation
Info (334004): Delay annotation completed successfully
Info (11801): Fitter post-fit operations ending: elapsed time is 00:01:07
Warning (171167): Found invalid Fitter assignments. See the Ignored Assignments panel in the Fitter Compilation Report for more information.
Warning (169064): Following 2 pins have no output enable or a GND or VCC output enable - later changes to this connectivity may change fitting results
    Info (169065): Pin USER_IO[3] has a permanently disabled output enable File: /home/alans/mister/MacQuadra800_MiSTer/scratch/fpu_normal_single_move_quartus_20260928_seed27/tree/sys/sys_top.v Line: 125
    Info (169065): Pin USER_IO[6] has a permanently disabled output enable File: /home/alans/mister/MacQuadra800_MiSTer/scratch/fpu_normal_single_move_quartus_20260928_seed27/tree/sys/sys_top.v Line: 125
Info (144001): Generated suppressed messages file /home/alans/mister/MacQuadra800_MiSTer/scratch/fpu_normal_single_move_quartus_20260928_seed27/tree/output_files/MacQuadra800.fit.smsg
Info: Quartus Prime Fitter was successful. 0 errors, 14 warnings
    Info: Peak virtual memory: 5438 megabytes
    Info: Processing ended: Sun Sep 27 23:24:28 2026
    Info: Elapsed time: 00:10:07
    Info: Total CPU time (on all processors): 00:36:37
Info: *******************************************************************
Info: Running Quartus Prime Assembler
    Info: Version 17.0.2 Build 602 07/19/2017 SJ Lite Edition
    Info: Processing started: Sun Sep 27 23:24:30 2026
Info: Command: quartus_asm --read_settings_files=off --write_settings_files=off MacQuadra800 -c MacQuadra800
Info (115030): Assembler is generating device programming files
Info: Quartus Prime Assembler was successful. 0 errors, 0 warnings
    Info: Peak virtual memory: 1496 megabytes
    Info: Processing ended: Sun Sep 27 23:24:43 2026
    Info: Elapsed time: 00:00:13
    Info: Total CPU time (on all processors): 00:00:13
Info (293026): Skipped module PowerPlay Power Analyzer due to the assignment FLOW_ENABLE_POWER_ANALYZER
Info: *******************************************************************
Info: Running Quartus Prime TimeQuest Timing Analyzer
    Info: Version 17.0.2 Build 602 07/19/2017 SJ Lite Edition
    Info: Processing started: Sun Sep 27 23:24:44 2026
Info: Command: quartus_sta MacQuadra800 -c MacQuadra800
Info: qsta_default_script.tcl version: #1
Info (20030): Parallel compilation is enabled and will use 8 of the 8 processors detected
Info (21077): Low junction temperature is -40 degrees C
Info (21077): High junction temperature is 100 degrees C
Info (332164): Evaluating HDL-embedded SDC commands
    Info (332165): Entity altera_std_synchronizer
        Info (332166): set_false_path -to [get_keepers {*altera_std_synchronizer:*|din_s1}]
Info (332104): Reading SDC File: 'sys/sys_top.sdc'
Warning (332174): Ignored filter at sys_top.sdc(6): spi|sclk_out could not be matched with a pin File: /home/alans/mister/MacQuadra800_MiSTer/scratch/fpu_normal_single_move_quartus_20260928_seed27/tree/sys/sys_top.sdc Line: 6
Warning (332049): Ignored create_clock at sys_top.sdc(6): Argument <targets> is an empty collection File: /home/alans/mister/MacQuadra800_MiSTer/scratch/fpu_normal_single_move_quartus_20260928_seed27/tree/sys/sys_top.sdc Line: 6
    Info (332050): create_clock -period "100.0 MHz" [get_pins -compatibility_mode spi|sclk_out] -name spi_sck File: /home/alans/mister/MacQuadra800_MiSTer/scratch/fpu_normal_single_move_quartus_20260928_seed27/tree/sys/sys_top.sdc Line: 6
Info (332110): Deriving PLL clocks
    Info (332110): create_generated_clock -source {emu|pll|pll_inst|altera_pll_i|general[0].gpll~FRACTIONAL_PLL|refclkin} -divide_by 5 -multiply_by 99 -duty_cycle 50.00 -name {emu|pll|pll_inst|altera_pll_i|general[0].gpll~FRACTIONAL_PLL|vcoph[0]} {emu|pll|pll_inst|altera_pll_i|general[0].gpll~FRACTIONAL_PLL|vcoph[0]}
    Info (332110): create_generated_clock -source {emu|pll|pll_inst|altera_pll_i|general[0].gpll~PLL_OUTPUT_COUNTER|vco0ph[0]} -divide_by 30 -duty_cycle 50.00 -name {emu|pll|pll_inst|altera_pll_i|general[0].gpll~PLL_OUTPUT_COUNTER|divclk} {emu|pll|pll_inst|altera_pll_i|general[0].gpll~PLL_OUTPUT_COUNTER|divclk}
    Info (332110): create_generated_clock -source {emu|pll|pll_inst|altera_pll_i|general[1].gpll~PLL_OUTPUT_COUNTER|vco0ph[0]} -divide_by 10 -duty_cycle 50.00 -name {emu|pll|pll_inst|altera_pll_i|general[1].gpll~PLL_OUTPUT_COUNTER|divclk} {emu|pll|pll_inst|altera_pll_i|general[1].gpll~PLL_OUTPUT_COUNTER|divclk}
    Info (332110): create_generated_clock -source {pll_audio|pll_audio_inst|altera_pll_i|general[0].gpll~FRACTIONAL_PLL|refclkin} -divide_by 512 -multiply_by 4279 -duty_cycle 50.00 -name {pll_audio|pll_audio_inst|altera_pll_i|general[0].gpll~FRACTIONAL_PLL|vcoph[0]} {pll_audio|pll_audio_inst|altera_pll_i|general[0].gpll~FRACTIONAL_PLL|vcoph[0]}
    Info (332110): create_generated_clock -source {pll_audio|pll_audio_inst|altera_pll_i|general[0].gpll~PLL_OUTPUT_COUNTER|vco0ph[0]} -divide_by 17 -duty_cycle 50.00 -name {pll_audio|pll_audio_inst|altera_pll_i|general[0].gpll~PLL_OUTPUT_COUNTER|divclk} {pll_audio|pll_audio_inst|altera_pll_i|general[0].gpll~PLL_OUTPUT_COUNTER|divclk}
Info (332151): Clock uncertainty is not calculated until you update the timing netlist.
Warning (332174): Ignored filter at sys_top.sdc(17): spi_sck could not be matched with a clock File: /home/alans/mister/MacQuadra800_MiSTer/scratch/fpu_normal_single_move_quartus_20260928_seed27/tree/sys/sys_top.sdc Line: 17
Warning (332054): Assignment set_clock_groups is accepted but has some problems at sys_top.sdc(13): Argument -group with value [get_clocks { spi_sck}] contains zero elements File: /home/alans/mister/MacQuadra800_MiSTer/scratch/fpu_normal_single_move_quartus_20260928_seed27/tree/sys/sys_top.sdc Line: 13
    Info (332050): set_clock_groups -exclusive \
   -group [get_clocks { *|pll|pll_inst|altera_pll_i|*[*].*|divclk}] \
   -group [get_clocks { pll_hdmi|pll_hdmi_inst|altera_pll_i|*[0].*|divclk}] \
   -group [get_clocks { pll_audio|pll_audio_inst|altera_pll_i|*[0].*|divclk}] \
   -group [get_clocks { spi_sck}] \
   -group [get_clocks { hdmi_sck}] \
   -group [get_clocks { *|h2f_user0_clk}] \
   -group [get_clocks { FPGA_CLK1_50 }] \
   -group [get_clocks { FPGA_CLK2_50 }] \
   -group [get_clocks { FPGA_CLK3_50 }] File: /home/alans/mister/MacQuadra800_MiSTer/scratch/fpu_normal_single_move_quartus_20260928_seed27/tree/sys/sys_top.sdc Line: 13
Warning (332174): Ignored filter at sys_top.sdc(60): acx* could not be matched with a clock or keeper File: /home/alans/mister/MacQuadra800_MiSTer/scratch/fpu_normal_single_move_quartus_20260928_seed27/tree/sys/sys_top.sdc Line: 60
Warning (332174): Ignored filter at sys_top.sdc(60): acy* could not be matched with a clock or keeper File: /home/alans/mister/MacQuadra800_MiSTer/scratch/fpu_normal_single_move_quartus_20260928_seed27/tree/sys/sys_top.sdc Line: 60
Warning (332174): Ignored filter at sys_top.sdc(60): aflt_* could not be matched with a clock or keeper File: /home/alans/mister/MacQuadra800_MiSTer/scratch/fpu_normal_single_move_quartus_20260928_seed27/tree/sys/sys_top.sdc Line: 60
Info (332104): Reading SDC File: 'MacQuadra800.sdc'
Info (332151): Clock uncertainty is not calculated until you update the timing netlist.
Warning (332174): Ignored filter at MacQuadra800.sdc(30): *mon_meta* could not be matched with a keeper File: /home/alans/mister/MacQuadra800_MiSTer/scratch/fpu_normal_single_move_quartus_20260928_seed27/tree/MacQuadra800.sdc Line: 30
Info (332097): The following timing edges are non-unate.  TimeQuest will assume pos-unate behavior for these edges in the clock network.
    Info (332098): From: emu:emu|quadra800:machine|iosb:iosb|altdpram:djmemc_regs_rtl_0|dpram_8no1:auto_generated|lutrama0~CLKMUX_0  to: emu:emu|quadra800:machine|iosb:iosb|altdpram:djmemc_regs_rtl_0|dpram_8no1:auto_generated|lutrama0~MEMORYREGOUT
    Info (332098): From: emu:emu|quadra800:machine|iosb:iosb|altdpram:djmemc_regs_rtl_0|dpram_8no1:auto_generated|lutrama10~CLKMUX_0  to: emu:emu|quadra800:machine|iosb:iosb|altdpram:djmemc_regs_rtl_0|dpram_8no1:auto_generated|lutrama10~MEMORYREGOUT
    Info (332098): From: emu:emu|quadra800:machine|iosb:iosb|altdpram:djmemc_regs_rtl_0|dpram_8no1:auto_generated|lutrama11~CLKMUX_0  to: emu:emu|quadra800:machine|iosb:iosb|altdpram:djmemc_regs_rtl_0|dpram_8no1:auto_generated|lutrama11~MEMORYREGOUT
    Info (332098): From: emu:emu|quadra800:machine|iosb:iosb|altdpram:djmemc_regs_rtl_0|dpram_8no1:auto_generated|lutrama12~CLKMUX_0  to: emu:emu|quadra800:machine|iosb:iosb|altdpram:djmemc_regs_rtl_0|dpram_8no1:auto_generated|lutrama12~MEMORYREGOUT
    Info (332098): From: emu:emu|quadra800:machine|iosb:iosb|altdpram:djmemc_regs_rtl_0|dpram_8no1:auto_generated|lutrama13~CLKMUX_0  to: emu:emu|quadra800:machine|iosb:iosb|altdpram:djmemc_regs_rtl_0|dpram_8no1:auto_generated|lutrama13~MEMORYREGOUT
    Info (332098): From: emu:emu|quadra800:machine|iosb:iosb|altdpram:djmemc_regs_rtl_0|dpram_8no1:auto_generated|lutrama14~CLKMUX_0  to: emu:emu|quadra800:machine|iosb:iosb|altdpram:djmemc_regs_rtl_0|dpram_8no1:auto_generated|lutrama14~MEMORYREGOUT
    Info (332098): From: emu:emu|quadra800:machine|iosb:iosb|altdpram:djmemc_regs_rtl_0|dpram_8no1:auto_generated|lutrama15~CLKMUX_0  to: emu:emu|quadra800:machine|iosb:iosb|altdpram:djmemc_regs_rtl_0|dpram_8no1:auto_generated|lutrama15~MEMORYREGOUT
    Info (332098): From: emu:emu|quadra800:machine|iosb:iosb|altdpram:djmemc_regs_rtl_0|dpram_8no1:auto_generated|lutrama16~CLKMUX_0  to: emu:emu|quadra800:machine|iosb:iosb|altdpram:djmemc_regs_rtl_0|dpram_8no1:auto_generated|lutrama16~MEMORYREGOUT
    Info (332098): From: emu:emu|quadra800:machine|iosb:iosb|altdpram:djmemc_regs_rtl_0|dpram_8no1:auto_generated|lutrama17~CLKMUX_0  to: emu:emu|quadra800:machine|iosb:iosb|altdpram:djmemc_regs_rtl_0|dpram_8no1:auto_generated|lutrama17~MEMORYREGOUT
    Info (332098): From: emu:emu|quadra800:machine|iosb:iosb|altdpram:djmemc_regs_rtl_0|dpram_8no1:auto_generated|lutrama18~CLKMUX_0  to: emu:emu|quadra800:machine|iosb:iosb|altdpram:djmemc_regs_rtl_0|dpram_8no1:auto_generated|lutrama18~MEMORYREGOUT
    Info (332098): From: emu:emu|quadra800:machine|iosb:iosb|altdpram:djmemc_regs_rtl_0|dpram_8no1:auto_generated|lutrama19~CLKMUX_0  to: emu:emu|quadra800:machine|iosb:iosb|altdpram:djmemc_regs_rtl_0|dpram_8no1:auto_generated|lutrama19~MEMORYREGOUT
    Info (332098): From: emu:emu|quadra800:machine|iosb:iosb|altdpram:djmemc_regs_rtl_0|dpram_8no1:auto_generated|lutrama1~CLKMUX_0  to: emu:emu|quadra800:machine|iosb:iosb|altdpram:djmemc_regs_rtl_0|dpram_8no1:auto_generated|lutrama1~MEMORYREGOUT
    Info (332098): From: emu:emu|quadra800:machine|iosb:iosb|altdpram:djmemc_regs_rtl_0|dpram_8no1:auto_generated|lutrama20~CLKMUX_0  to: emu:emu|quadra800:machine|iosb:iosb|altdpram:djmemc_regs_rtl_0|dpram_8no1:auto_generated|lutrama20~MEMORYREGOUT
    Info (332098): From: emu:emu|quadra800:machine|iosb:iosb|altdpram:djmemc_regs_rtl_0|dpram_8no1:auto_generated|lutrama21~CLKMUX_0  to: emu:emu|quadra800:machine|iosb:iosb|altdpram:djmemc_regs_rtl_0|dpram_8no1:auto_generated|lutrama21~MEMORYREGOUT
    Info (332098): From: emu:emu|quadra800:machine|iosb:iosb|altdpram:djmemc_regs_rtl_0|dpram_8no1:auto_generated|lutrama22~CLKMUX_0  to: emu:emu|quadra800:machine|iosb:iosb|altdpram:djmemc_regs_rtl_0|dpram_8no1:auto_generated|lutrama22~MEMORYREGOUT
    Info (332098): From: emu:emu|quadra800:machine|iosb:iosb|altdpram:djmemc_regs_rtl_0|dpram_8no1:auto_generated|lutrama23~CLKMUX_0  to: emu:emu|quadra800:machine|iosb:iosb|altdpram:djmemc_regs_rtl_0|dpram_8no1:auto_generated|lutrama23~MEMORYREGOUT
    Info (332098): From: emu:emu|quadra800:machine|iosb:iosb|altdpram:djmemc_regs_rtl_0|dpram_8no1:auto_generated|lutrama24~CLKMUX_0  to: emu:emu|quadra800:machine|iosb:iosb|altdpram:djmemc_regs_rtl_0|dpram_8no1:auto_generated|lutrama24~MEMORYREGOUT
    Info (332098): From: emu:emu|quadra800:machine|iosb:iosb|altdpram:djmemc_regs_rtl_0|dpram_8no1:auto_generated|lutrama25~CLKMUX_0  to: emu:emu|quadra800:machine|iosb:iosb|altdpram:djmemc_regs_rtl_0|dpram_8no1:auto_generated|lutrama25~MEMORYREGOUT
    Info (332098): From: emu:emu|quadra800:machine|iosb:iosb|altdpram:djmemc_regs_rtl_0|dpram_8no1:auto_generated|lutrama26~CLKMUX_0  to: emu:emu|quadra800:machine|iosb:iosb|altdpram:djmemc_regs_rtl_0|dpram_8no1:auto_generated|lutrama26~MEMORYREGOUT
    Info (332098): From: emu:emu|quadra800:machine|iosb:iosb|altdpram:djmemc_regs_rtl_0|dpram_8no1:auto_generated|lutrama27~CLKMUX_0  to: emu:emu|quadra800:machine|iosb:iosb|altdpram:djmemc_regs_rtl_0|dpram_8no1:auto_generated|lutrama27~MEMORYREGOUT
    Info (332098): From: emu:emu|quadra800:machine|iosb:iosb|altdpram:djmemc_regs_rtl_0|dpram_8no1:auto_generated|lutrama28~CLKMUX_0  to: emu:emu|quadra800:machine|iosb:iosb|altdpram:djmemc_regs_rtl_0|dpram_8no1:auto_generated|lutrama28~MEMORYREGOUT
    Info (332098): From: emu:emu|quadra800:machine|iosb:iosb|altdpram:djmemc_regs_rtl_0|dpram_8no1:auto_generated|lutrama29~CLKMUX_0  to: emu:emu|quadra800:machine|iosb:iosb|altdpram:djmemc_regs_rtl_0|dpram_8no1:auto_generated|lutrama29~MEMORYREGOUT
    Info (332098): From: emu:emu|quadra800:machine|iosb:iosb|altdpram:djmemc_regs_rtl_0|dpram_8no1:auto_generated|lutrama2~CLKMUX_0  to: emu:emu|quadra800:machine|iosb:iosb|altdpram:djmemc_regs_rtl_0|dpram_8no1:auto_generated|lutrama2~MEMORYREGOUT
    Info (332098): From: emu:emu|quadra800:machine|iosb:iosb|altdpram:djmemc_regs_rtl_0|dpram_8no1:auto_generated|lutrama30~CLKMUX_0  to: emu:emu|quadra800:machine|iosb:iosb|altdpram:djmemc_regs_rtl_0|dpram_8no1:auto_generated|lutrama30~MEMORYREGOUT
    Info (332098): From: emu:emu|quadra800:machine|iosb:iosb|altdpram:djmemc_regs_rtl_0|dpram_8no1:auto_generated|lutrama31~CLKMUX_0  to: emu:emu|quadra800:machine|iosb:iosb|altdpram:djmemc_regs_rtl_0|dpram_8no1:auto_generated|lutrama31~MEMORYREGOUT
    Info (332098): From: emu:emu|quadra800:machine|iosb:iosb|altdpram:djmemc_regs_rtl_0|dpram_8no1:auto_generated|lutrama3~CLKMUX_0  to: emu:emu|quadra800:machine|iosb:iosb|altdpram:djmemc_regs_rtl_0|dpram_8no1:auto_generated|lutrama3~MEMORYREGOUT
    Info (332098): From: emu:emu|quadra800:machine|iosb:iosb|altdpram:djmemc_regs_rtl_0|dpram_8no1:auto_generated|lutrama4~CLKMUX_0  to: emu:emu|quadra800:machine|iosb:iosb|altdpram:djmemc_regs_rtl_0|dpram_8no1:auto_generated|lutrama4~MEMORYREGOUT
    Info (332098): From: emu:emu|quadra800:machine|iosb:iosb|altdpram:djmemc_regs_rtl_0|dpram_8no1:auto_generated|lutrama5~CLKMUX_0  to: emu:emu|quadra800:machine|iosb:iosb|altdpram:djmemc_regs_rtl_0|dpram_8no1:auto_generated|lutrama5~MEMORYREGOUT
    Info (332098): From: emu:emu|quadra800:machine|iosb:iosb|altdpram:djmemc_regs_rtl_0|dpram_8no1:auto_generated|lutrama6~CLKMUX_0  to: emu:emu|quadra800:machine|iosb:iosb|altdpram:djmemc_regs_rtl_0|dpram_8no1:auto_generated|lutrama6~MEMORYREGOUT
    Info (332098): From: emu:emu|quadra800:machine|iosb:iosb|altdpram:djmemc_regs_rtl_0|dpram_8no1:auto_generated|lutrama7~CLKMUX_0  to: emu:emu|quadra800:machine|iosb:iosb|altdpram:djmemc_regs_rtl_0|dpram_8no1:auto_generated|lutrama7~MEMORYREGOUT
    Info (332098): From: emu:emu|quadra800:machine|iosb:iosb|altdpram:djmemc_regs_rtl_0|dpram_8no1:auto_generated|lutrama8~CLKMUX_0  to: emu:emu|quadra800:machine|iosb:iosb|altdpram:djmemc_regs_rtl_0|dpram_8no1:auto_generated|lutrama8~MEMORYREGOUT
    Info (332098): From: emu:emu|quadra800:machine|iosb:iosb|altdpram:djmemc_regs_rtl_0|dpram_8no1:auto_generated|lutrama9~CLKMUX_0  to: emu:emu|quadra800:machine|iosb:iosb|altdpram:djmemc_regs_rtl_0|dpram_8no1:auto_generated|lutrama9~MEMORYREGOUT
    Info (332098): From: emu:emu|quadra800:machine|iosb:iosb|altdpram:iosb_regs_hi_rtl_0|dpram_qlo1:auto_generated|lutrama0~CLKMUX_0  to: emu:emu|quadra800:machine|iosb:iosb|altdpram:iosb_regs_hi_rtl_0|dpram_qlo1:auto_generated|lutrama0~MEMORYREGOUT
    Info (332098): From: emu:emu|quadra800:machine|iosb:iosb|altdpram:iosb_regs_hi_rtl_0|dpram_qlo1:auto_generated|lutrama1~CLKMUX_0  to: emu:emu|quadra800:machine|iosb:iosb|altdpram:iosb_regs_hi_rtl_0|dpram_qlo1:auto_generated|lutrama1~MEMORYREGOUT
    Info (332098): From: emu:emu|quadra800:machine|iosb:iosb|altdpram:iosb_regs_hi_rtl_0|dpram_qlo1:auto_generated|lutrama2~CLKMUX_0  to: emu:emu|quadra800:machine|iosb:iosb|altdpram:iosb_regs_hi_rtl_0|dpram_qlo1:auto_generated|lutrama2~MEMORYREGOUT
    Info (332098): From: emu:emu|quadra800:machine|iosb:iosb|altdpram:iosb_regs_hi_rtl_0|dpram_qlo1:auto_generated|lutrama3~CLKMUX_0  to: emu:emu|quadra800:machine|iosb:iosb|altdpram:iosb_regs_hi_rtl_0|dpram_qlo1:auto_generated|lutrama3~MEMORYREGOUT
    Info (332098): From: emu:emu|quadra800:machine|iosb:iosb|altdpram:iosb_regs_hi_rtl_0|dpram_qlo1:auto_generated|lutrama4~CLKMUX_0  to: emu:emu|quadra800:machine|iosb:iosb|altdpram:iosb_regs_hi_rtl_0|dpram_qlo1:auto_generated|lutrama4~MEMORYREGOUT
    Info (332098): From: emu:emu|quadra800:machine|iosb:iosb|altdpram:iosb_regs_hi_rtl_0|dpram_qlo1:auto_generated|lutrama5~CLKMUX_0  to: emu:emu|quadra800:machine|iosb:iosb|altdpram:iosb_regs_hi_rtl_0|dpram_qlo1:auto_generated|lutrama5~MEMORYREGOUT
    Info (332098): From: emu:emu|quadra800:machine|iosb:iosb|altdpram:iosb_regs_hi_rtl_0|dpram_qlo1:auto_generated|lutrama6~CLKMUX_0  to: emu:emu|quadra800:machine|iosb:iosb|altdpram:iosb_regs_hi_rtl_0|dpram_qlo1:auto_generated|lutrama6~MEMORYREGOUT
    Info (332098): From: emu:emu|quadra800:machine|iosb:iosb|altdpram:iosb_regs_hi_rtl_0|dpram_qlo1:auto_generated|lutrama7~CLKMUX_0  to: emu:emu|quadra800:machine|iosb:iosb|altdpram:iosb_regs_hi_rtl_0|dpram_qlo1:auto_generated|lutrama7~MEMORYREGOUT
    Info (332098): From: emu:emu|quadra800:machine|iosb:iosb|altdpram:iosb_regs_lo_rtl_0|dpram_qlo1:auto_generated|lutrama0~CLKMUX_0  to: emu:emu|quadra800:machine|iosb:iosb|altdpram:iosb_regs_lo_rtl_0|dpram_qlo1:auto_generated|lutrama0~MEMORYREGOUT
    Info (332098): From: emu:emu|quadra800:machine|iosb:iosb|altdpram:iosb_regs_lo_rtl_0|dpram_qlo1:auto_generated|lutrama1~CLKMUX_0  to: emu:emu|quadra800:machine|iosb:iosb|altdpram:iosb_regs_lo_rtl_0|dpram_qlo1:auto_generated|lutrama1~MEMORYREGOUT
    Info (332098): From: emu:emu|quadra800:machine|iosb:iosb|altdpram:iosb_regs_lo_rtl_0|dpram_qlo1:auto_generated|lutrama2~CLKMUX_0  to: emu:emu|quadra800:machine|iosb:iosb|altdpram:iosb_regs_lo_rtl_0|dpram_qlo1:auto_generated|lutrama2~MEMORYREGOUT
    Info (332098): From: emu:emu|quadra800:machine|iosb:iosb|altdpram:iosb_regs_lo_rtl_0|dpram_qlo1:auto_generated|lutrama3~CLKMUX_0  to: emu:emu|quadra800:machine|iosb:iosb|altdpram:iosb_regs_lo_rtl_0|dpram_qlo1:auto_generated|lutrama3~MEMORYREGOUT
    Info (332098): From: emu:emu|quadra800:machine|iosb:iosb|altdpram:iosb_regs_lo_rtl_0|dpram_qlo1:auto_generated|lutrama4~CLKMUX_0  to: emu:emu|quadra800:machine|iosb:iosb|altdpram:iosb_regs_lo_rtl_0|dpram_qlo1:auto_generated|lutrama4~MEMORYREGOUT
    Info (332098): From: emu:emu|quadra800:machine|iosb:iosb|altdpram:iosb_regs_lo_rtl_0|dpram_qlo1:auto_generated|lutrama5~CLKMUX_0  to: emu:emu|quadra800:machine|iosb:iosb|altdpram:iosb_regs_lo_rtl_0|dpram_qlo1:auto_generated|lutrama5~MEMORYREGOUT
    Info (332098): From: emu:emu|quadra800:machine|iosb:iosb|altdpram:iosb_regs_lo_rtl_0|dpram_qlo1:auto_generated|lutrama6~CLKMUX_0  to: emu:emu|quadra800:machine|iosb:iosb|altdpram:iosb_regs_lo_rtl_0|dpram_qlo1:auto_generated|lutrama6~MEMORYREGOUT
    Info (332098): From: emu:emu|quadra800:machine|iosb:iosb|altdpram:iosb_regs_lo_rtl_0|dpram_qlo1:auto_generated|lutrama7~CLKMUX_0  to: emu:emu|quadra800:machine|iosb:iosb|altdpram:iosb_regs_lo_rtl_0|dpram_qlo1:auto_generated|lutrama7~MEMORYREGOUT
    Info (332098): From: emu:emu|quadra800:machine|wombat_cpu:cpu|ap040_core:core|ap040_fpu:g_fpu.fpu|ap040_fp_regfile:fpregs|altdpram:bank_a_rtl_0|dpram_rlo1:auto_generated|lutrama0~CLKMUX_0  to: emu:emu|quadra800:machine|wombat_cpu:cpu|ap040_core:core|ap040_fpu:g_fpu.fpu|ap040_fp_regfile:fpregs|altdpram:bank_a_rtl_0|dpram_rlo1:auto_generated|lutrama0~MEMORYREGOUT
    Info (332098): From: emu:emu|quadra800:machine|wombat_cpu:cpu|ap040_core:core|ap040_fpu:g_fpu.fpu|ap040_fp_regfile:fpregs|altdpram:bank_a_rtl_0|dpram_rlo1:auto_generated|lutrama10~CLKMUX_0  to: emu:emu|quadra800:machine|wombat_cpu:cpu|ap040_core:core|ap040_fpu:g_fpu.fpu|ap040_fp_regfile:fpregs|altdpram:bank_a_rtl_0|dpram_rlo1:auto_generated|lutrama10~MEMORYREGOUT
    Info (332098): From: emu:emu|quadra800:machine|wombat_cpu:cpu|ap040_core:core|ap040_fpu:g_fpu.fpu|ap040_fp_regfile:fpregs|altdpram:bank_a_rtl_0|dpram_rlo1:auto_generated|lutrama11~CLKMUX_0  to: emu:emu|quadra800:machine|wombat_cpu:cpu|ap040_core:core|ap040_fpu:g_fpu.fpu|ap040_fp_regfile:fpregs|altdpram:bank_a_rtl_0|dpram_rlo1:auto_generated|lutrama11~MEMORYREGOUT
    Info (332098): From: emu:emu|quadra800:machine|wombat_cpu:cpu|ap040_core:core|ap040_fpu:g_fpu.fpu|ap040_fp_regfile:fpregs|altdpram:bank_a_rtl_0|dpram_rlo1:auto_generated|lutrama12~CLKMUX_0  to: emu:emu|quadra800:machine|wombat_cpu:cpu|ap040_core:core|ap040_fpu:g_fpu.fpu|ap040_fp_regfile:fpregs|altdpram:bank_a_rtl_0|dpram_rlo1:auto_generated|lutrama12~MEMORYREGOUT
    Info (332098): From: emu:emu|quadra800:machine|wombat_cpu:cpu|ap040_core:core|ap040_fpu:g_fpu.fpu|ap040_fp_regfile:fpregs|altdpram:bank_a_rtl_0|dpram_rlo1:auto_generated|lutrama13~CLKMUX_0  to: emu:emu|quadra800:machine|wombat_cpu:cpu|ap040_core:core|ap040_fpu:g_fpu.fpu|ap040_fp_regfile:fpregs|altdpram:bank_a_rtl_0|dpram_rlo1:auto_generated|lutrama13~MEMORYREGOUT
    Info (332098): From: emu:emu|quadra800:machine|wombat_cpu:cpu|ap040_core:core|ap040_fpu:g_fpu.fpu|ap040_fp_regfile:fpregs|altdpram:bank_a_rtl_0|dpram_rlo1:auto_generated|lutrama14~CLKMUX_0  to: emu:emu|quadra800:machine|wombat_cpu:cpu|ap040_core:core|ap040_fpu:g_fpu.fpu|ap040_fp_regfile:fpregs|altdpram:bank_a_rtl_0|dpram_rlo1:auto_generated|lutrama14~MEMORYREGOUT
    Info (332098): From: emu:emu|quadra800:machine|wombat_cpu:cpu|ap040_core:core|ap040_fpu:g_fpu.fpu|ap040_fp_regfile:fpregs|altdpram:bank_a_rtl_0|dpram_rlo1:auto_generated|lutrama15~CLKMUX_0  to: emu:emu|quadra800:machine|wombat_cpu:cpu|ap040_core:core|ap040_fpu:g_fpu.fpu|ap040_fp_regfile:fpregs|altdpram:bank_a_rtl_0|dpram_rlo1:auto_generated|lutrama15~MEMORYREGOUT
    Info (332098): From: emu:emu|quadra800:machine|wombat_cpu:cpu|ap040_core:core|ap040_fpu:g_fpu.fpu|ap040_fp_regfile:fpregs|altdpram:bank_a_rtl_0|dpram_rlo1:auto_generated|lutrama16~CLKMUX_0  to: emu:emu|quadra800:machine|wombat_cpu:cpu|ap040_core:core|ap040_fpu:g_fpu.fpu|ap040_fp_regfile:fpregs|altdpram:bank_a_rtl_0|dpram_rlo1:auto_generated|lutrama16~MEMORYREGOUT
    Info (332098): From: emu:emu|quadra800:machine|wombat_cpu:cpu|ap040_core:core|ap040_fpu:g_fpu.fpu|ap040_fp_regfile:fpregs|altdpram:bank_a_rtl_0|dpram_rlo1:auto_generated|lutrama17~CLKMUX_0  to: emu:emu|quadra800:machine|wombat_cpu:cpu|ap040_core:core|ap040_fpu:g_fpu.fpu|ap040_fp_regfile:fpregs|altdpram:bank_a_rtl_0|dpram_rlo1:auto_generated|lutrama17~MEMORYREGOUT
    Info (332098): From: emu:emu|quadra800:machine|wombat_cpu:cpu|ap040_core:core|ap040_fpu:g_fpu.fpu|ap040_fp_regfile:fpregs|altdpram:bank_a_rtl_0|dpram_rlo1:auto_generated|lutrama18~CLKMUX_0  to: emu:emu|quadra800:machine|wombat_cpu:cpu|ap040_core:core|ap040_fpu:g_fpu.fpu|ap040_fp_regfile:fpregs|altdpram:bank_a_rtl_0|dpram_rlo1:auto_generated|lutrama18~MEMORYREGOUT
    Info (332098): From: emu:emu|quadra800:machine|wombat_cpu:cpu|ap040_core:core|ap040_fpu:g_fpu.fpu|ap040_fp_regfile:fpregs|altdpram:bank_a_rtl_0|dpram_rlo1:auto_generated|lutrama19~CLKMUX_0  to: emu:emu|quadra800:machine|wombat_cpu:cpu|ap040_core:core|ap040_fpu:g_fpu.fpu|ap040_fp_regfile:fpregs|altdpram:bank_a_rtl_0|dpram_rlo1:auto_generated|lutrama19~MEMORYREGOUT
    Info (332098): From: emu:emu|quadra800:machine|wombat_cpu:cpu|ap040_core:core|ap040_fpu:g_fpu.fpu|ap040_fp_regfile:fpregs|altdpram:bank_a_rtl_0|dpram_rlo1:auto_generated|lutrama1~CLKMUX_0  to: emu:emu|quadra800:machine|wombat_cpu:cpu|ap040_core:core|ap040_fpu:g_fpu.fpu|ap040_fp_regfile:fpregs|altdpram:bank_a_rtl_0|dpram_rlo1:auto_generated|lutrama1~MEMORYREGOUT
    Info (332098): From: emu:emu|quadra800:machine|wombat_cpu:cpu|ap040_core:core|ap040_fpu:g_fpu.fpu|ap040_fp_regfile:fpregs|altdpram:bank_a_rtl_0|dpram_rlo1:auto_generated|lutrama20~CLKMUX_0  to: emu:emu|quadra800:machine|wombat_cpu:cpu|ap040_core:core|ap040_fpu:g_fpu.fpu|ap040_fp_regfile:fpregs|altdpram:bank_a_rtl_0|dpram_rlo1:auto_generated|lutrama20~MEMORYREGOUT
    Info (332098): From: emu:emu|quadra800:machine|wombat_cpu:cpu|ap040_core:core|ap040_fpu:g_fpu.fpu|ap040_fp_regfile:fpregs|altdpram:bank_a_rtl_0|dpram_rlo1:auto_generated|lutrama21~CLKMUX_0  to: emu:emu|quadra800:machine|wombat_cpu:cpu|ap040_core:core|ap040_fpu:g_fpu.fpu|ap040_fp_regfile:fpregs|altdpram:bank_a_rtl_0|dpram_rlo1:auto_generated|lutrama21~MEMORYREGOUT
    Info (332098): From: emu:emu|quadra800:machine|wombat_cpu:cpu|ap040_core:core|ap040_fpu:g_fpu.fpu|ap040_fp_regfile:fpregs|altdpram:bank_a_rtl_0|dpram_rlo1:auto_generated|lutrama22~CLKMUX_0  to: emu:emu|quadra800:machine|wombat_cpu:cpu|ap040_core:core|ap040_fpu:g_fpu.fpu|ap040_fp_regfile:fpregs|altdpram:bank_a_rtl_0|dpram_rlo1:auto_generated|lutrama22~MEMORYREGOUT
    Info (332098): From: emu:emu|quadra800:machine|wombat_cpu:cpu|ap040_core:core|ap040_fpu:g_fpu.fpu|ap040_fp_regfile:fpregs|altdpram:bank_a_rtl_0|dpram_rlo1:auto_generated|lutrama23~CLKMUX_0  to: emu:emu|quadra800:machine|wombat_cpu:cpu|ap040_core:core|ap040_fpu:g_fpu.fpu|ap040_fp_regfile:fpregs|altdpram:bank_a_rtl_0|dpram_rlo1:auto_generated|lutrama23~MEMORYREGOUT
    Info (332098): From: emu:emu|quadra800:machine|wombat_cpu:cpu|ap040_core:core|ap040_fpu:g_fpu.fpu|ap040_fp_regfile:fpregs|altdpram:bank_a_rtl_0|dpram_rlo1:auto_generated|lutrama24~CLKMUX_0  to: emu:emu|quadra800:machine|wombat_cpu:cpu|ap040_core:core|ap040_fpu:g_fpu.fpu|ap040_fp_regfile:fpregs|altdpram:bank_a_rtl_0|dpram_rlo1:auto_generated|lutrama24~MEMORYREGOUT
    Info (332098): From: emu:emu|quadra800:machine|wombat_cpu:cpu|ap040_core:core|ap040_fpu:g_fpu.fpu|ap040_fp_regfile:fpregs|altdpram:bank_a_rtl_0|dpram_rlo1:auto_generated|lutrama25~CLKMUX_0  to: emu:emu|quadra800:machine|wombat_cpu:cpu|ap040_core:core|ap040_fpu:g_fpu.fpu|ap040_fp_regfile:fpregs|altdpram:bank_a_rtl_0|dpram_rlo1:auto_generated|lutrama25~MEMORYREGOUT
    Info (332098): From: emu:emu|quadra800:machine|wombat_cpu:cpu|ap040_core:core|ap040_fpu:g_fpu.fpu|ap040_fp_regfile:fpregs|altdpram:bank_a_rtl_0|dpram_rlo1:auto_generated|lutrama26~CLKMUX_0  to: emu:emu|quadra800:machine|wombat_cpu:cpu|ap040_core:core|ap040_fpu:g_fpu.fpu|ap040_fp_regfile:fpregs|altdpram:bank_a_rtl_0|dpram_rlo1:auto_generated|lutrama26~MEMORYREGOUT
    Info (332098): From: emu:emu|quadra800:machine|wombat_cpu:cpu|ap040_core:core|ap040_fpu:g_fpu.fpu|ap040_fp_regfile:fpregs|altdpram:bank_a_rtl_0|dpram_rlo1:auto_generated|lutrama27~CLKMUX_0  to: emu:emu|quadra800:machine|wombat_cpu:cpu|ap040_core:core|ap040_fpu:g_fpu.fpu|ap040_fp_regfile:fpregs|altdpram:bank_a_rtl_0|dpram_rlo1:auto_generated|lutrama27~MEMORYREGOUT
    Info (332098): From: emu:emu|quadra800:machine|wombat_cpu:cpu|ap040_core:core|ap040_fpu:g_fpu.fpu|ap040_fp_regfile:fpregs|altdpram:bank_a_rtl_0|dpram_rlo1:auto_generated|lutrama28~CLKMUX_0  to: emu:emu|quadra800:machine|wombat_cpu:cpu|ap040_core:core|ap040_fpu:g_fpu.fpu|ap040_fp_regfile:fpregs|altdpram:bank_a_rtl_0|dpram_rlo1:auto_generated|lutrama28~MEMORYREGOUT
    Info (332098): From: emu:emu|quadra800:machine|wombat_cpu:cpu|ap040_core:core|ap040_fpu:g_fpu.fpu|ap040_fp_regfile:fpregs|altdpram:bank_a_rtl_0|dpram_rlo1:auto_generated|lutrama29~CLKMUX_0  to: emu:emu|quadra800:machine|wombat_cpu:cpu|ap040_core:core|ap040_fpu:g_fpu.fpu|ap040_fp_regfile:fpregs|altdpram:bank_a_rtl_0|dpram_rlo1:auto_generated|lutrama29~MEMORYREGOUT
    Info (332098): From: emu:emu|quadra800:machine|wombat_cpu:cpu|ap040_core:core|ap040_fpu:g_fpu.fpu|ap040_fp_regfile:fpregs|altdpram:bank_a_rtl_0|dpram_rlo1:auto_generated|lutrama2~CLKMUX_0  to: emu:emu|quadra800:machine|wombat_cpu:cpu|ap040_core:core|ap040_fpu:g_fpu.fpu|ap040_fp_regfile:fpregs|altdpram:bank_a_rtl_0|dpram_rlo1:auto_generated|lutrama2~MEMORYREGOUT
    Info (332098): From: emu:emu|quadra800:machine|wombat_cpu:cpu|ap040_core:core|ap040_fpu:g_fpu.fpu|ap040_fp_regfile:fpregs|altdpram:bank_a_rtl_0|dpram_rlo1:auto_generated|lutrama30~CLKMUX_0  to: emu:emu|quadra800:machine|wombat_cpu:cpu|ap040_core:core|ap040_fpu:g_fpu.fpu|ap040_fp_regfile:fpregs|altdpram:bank_a_rtl_0|dpram_rlo1:auto_generated|lutrama30~MEMORYREGOUT
    Info (332098): From: emu:emu|quadra800:machine|wombat_cpu:cpu|ap040_core:core|ap040_fpu:g_fpu.fpu|ap040_fp_regfile:fpregs|altdpram:bank_a_rtl_0|dpram_rlo1:auto_generated|lutrama31~CLKMUX_0  to: emu:emu|quadra800:machine|wombat_cpu:cpu|ap040_core:core|ap040_fpu:g_fpu.fpu|ap040_fp_regfile:fpregs|altdpram:bank_a_rtl_0|dpram_rlo1:auto_generated|lutrama31~MEMORYREGOUT
    Info (332098): From: emu:emu|quadra800:machine|wombat_cpu:cpu|ap040_core:core|ap040_fpu:g_fpu.fpu|ap040_fp_regfile:fpregs|altdpram:bank_a_rtl_0|dpram_rlo1:auto_generated|lutrama32~CLKMUX_0  to: emu:emu|quadra800:machine|wombat_cpu:cpu|ap040_core:core|ap040_fpu:g_fpu.fpu|ap040_fp_regfile:fpregs|altdpram:bank_a_rtl_0|dpram_rlo1:auto_generated|lutrama32~MEMORYREGOUT
    Info (332098): From: emu:emu|quadra800:machine|wombat_cpu:cpu|ap040_core:core|ap040_fpu:g_fpu.fpu|ap040_fp_regfile:fpregs|altdpram:bank_a_rtl_0|dpram_rlo1:auto_generated|lutrama33~CLKMUX_0  to: emu:emu|quadra800:machine|wombat_cpu:cpu|ap040_core:core|ap040_fpu:g_fpu.fpu|ap040_fp_regfile:fpregs|altdpram:bank_a_rtl_0|dpram_rlo1:auto_generated|lutrama33~MEMORYREGOUT
    Info (332098): From: emu:emu|quadra800:machine|wombat_cpu:cpu|ap040_core:core|ap040_fpu:g_fpu.fpu|ap040_fp_regfile:fpregs|altdpram:bank_a_rtl_0|dpram_rlo1:auto_generated|lutrama34~CLKMUX_0  to: emu:emu|quadra800:machine|wombat_cpu:cpu|ap040_core:core|ap040_fpu:g_fpu.fpu|ap040_fp_regfile:fpregs|altdpram:bank_a_rtl_0|dpram_rlo1:auto_generated|lutrama34~MEMORYREGOUT
    Info (332098): From: emu:emu|quadra800:machine|wombat_cpu:cpu|ap040_core:core|ap040_fpu:g_fpu.fpu|ap040_fp_regfile:fpregs|altdpram:bank_a_rtl_0|dpram_rlo1:auto_generated|lutrama35~CLKMUX_0  to: emu:emu|quadra800:machine|wombat_cpu:cpu|ap040_core:core|ap040_fpu:g_fpu.fpu|ap040_fp_regfile:fpregs|altdpram:bank_a_rtl_0|dpram_rlo1:auto_generated|lutrama35~MEMORYREGOUT
    Info (332098): From: emu:emu|quadra800:machine|wombat_cpu:cpu|ap040_core:core|ap040_fpu:g_fpu.fpu|ap040_fp_regfile:fpregs|altdpram:bank_a_rtl_0|dpram_rlo1:auto_generated|lutrama36~CLKMUX_0  to: emu:emu|quadra800:machine|wombat_cpu:cpu|ap040_core:core|ap040_fpu:g_fpu.fpu|ap040_fp_regfile:fpregs|altdpram:bank_a_rtl_0|dpram_rlo1:auto_generated|lutrama36~MEMORYREGOUT
    Info (332098): From: emu:emu|quadra800:machine|wombat_cpu:cpu|ap040_core:core|ap040_fpu:g_fpu.fpu|ap040_fp_regfile:fpregs|altdpram:bank_a_rtl_0|dpram_rlo1:auto_generated|lutrama37~CLKMUX_0  to: emu:emu|quadra800:machine|wombat_cpu:cpu|ap040_core:core|ap040_fpu:g_fpu.fpu|ap040_fp_regfile:fpregs|altdpram:bank_a_rtl_0|dpram_rlo1:auto_generated|lutrama37~MEMORYREGOUT
    Info (332098): From: emu:emu|quadra800:machine|wombat_cpu:cpu|ap040_core:core|ap040_fpu:g_fpu.fpu|ap040_fp_regfile:fpregs|altdpram:bank_a_rtl_0|dpram_rlo1:auto_generated|lutrama38~CLKMUX_0  to: emu:emu|quadra800:machine|wombat_cpu:cpu|ap040_core:core|ap040_fpu:g_fpu.fpu|ap040_fp_regfile:fpregs|altdpram:bank_a_rtl_0|dpram_rlo1:auto_generated|lutrama38~MEMORYREGOUT
    Info (332098): From: emu:emu|quadra800:machine|wombat_cpu:cpu|ap040_core:core|ap040_fpu:g_fpu.fpu|ap040_fp_regfile:fpregs|altdpram:bank_a_rtl_0|dpram_rlo1:auto_generated|lutrama39~CLKMUX_0  to: emu:emu|quadra800:machine|wombat_cpu:cpu|ap040_core:core|ap040_fpu:g_fpu.fpu|ap040_fp_regfile:fpregs|altdpram:bank_a_rtl_0|dpram_rlo1:auto_generated|lutrama39~MEMORYREGOUT
    Info (332098): From: emu:emu|quadra800:machine|wombat_cpu:cpu|ap040_core:core|ap040_fpu:g_fpu.fpu|ap040_fp_regfile:fpregs|altdpram:bank_a_rtl_0|dpram_rlo1:auto_generated|lutrama3~CLKMUX_0  to: emu:emu|quadra800:machine|wombat_cpu:cpu|ap040_core:core|ap040_fpu:g_fpu.fpu|ap040_fp_regfile:fpregs|altdpram:bank_a_rtl_0|dpram_rlo1:auto_generated|lutrama3~MEMORYREGOUT
    Info (332098): From: emu:emu|quadra800:machine|wombat_cpu:cpu|ap040_core:core|ap040_fpu:g_fpu.fpu|ap040_fp_regfile:fpregs|altdpram:bank_a_rtl_0|dpram_rlo1:auto_generated|lutrama40~CLKMUX_0  to: emu:emu|quadra800:machine|wombat_cpu:cpu|ap040_core:core|ap040_fpu:g_fpu.fpu|ap040_fp_regfile:fpregs|altdpram:bank_a_rtl_0|dpram_rlo1:auto_generated|lutrama40~MEMORYREGOUT
    Info (332098): From: emu:emu|quadra800:machine|wombat_cpu:cpu|ap040_core:core|ap040_fpu:g_fpu.fpu|ap040_fp_regfile:fpregs|altdpram:bank_a_rtl_0|dpram_rlo1:auto_generated|lutrama41~CLKMUX_0  to: emu:emu|quadra800:machine|wombat_cpu:cpu|ap040_core:core|ap040_fpu:g_fpu.fpu|ap040_fp_regfile:fpregs|altdpram:bank_a_rtl_0|dpram_rlo1:auto_generated|lutrama41~MEMORYREGOUT
    Info (332098): From: emu:emu|quadra800:machine|wombat_cpu:cpu|ap040_core:core|ap040_fpu:g_fpu.fpu|ap040_fp_regfile:fpregs|altdpram:bank_a_rtl_0|dpram_rlo1:auto_generated|lutrama42~CLKMUX_0  to: emu:emu|quadra800:machine|wombat_cpu:cpu|ap040_core:core|ap040_fpu:g_fpu.fpu|ap040_fp_regfile:fpregs|altdpram:bank_a_rtl_0|dpram_rlo1:auto_generated|lutrama42~MEMORYREGOUT
    Info (332098): From: emu:emu|quadra800:machine|wombat_cpu:cpu|ap040_core:core|ap040_fpu:g_fpu.fpu|ap040_fp_regfile:fpregs|altdpram:bank_a_rtl_0|dpram_rlo1:auto_generated|lutrama43~CLKMUX_0  to: emu:emu|quadra800:machine|wombat_cpu:cpu|ap040_core:core|ap040_fpu:g_fpu.fpu|ap040_fp_regfile:fpregs|altdpram:bank_a_rtl_0|dpram_rlo1:auto_generated|lutrama43~MEMORYREGOUT
    Info (332098): From: emu:emu|quadra800:machine|wombat_cpu:cpu|ap040_core:core|ap040_fpu:g_fpu.fpu|ap040_fp_regfile:fpregs|altdpram:bank_a_rtl_0|dpram_rlo1:auto_generated|lutrama44~CLKMUX_0  to: emu:emu|quadra800:machine|wombat_cpu:cpu|ap040_core:core|ap040_fpu:g_fpu.fpu|ap040_fp_regfile:fpregs|altdpram:bank_a_rtl_0|dpram_rlo1:auto_generated|lutrama44~MEMORYREGOUT
    Info (332098): From: emu:emu|quadra800:machine|wombat_cpu:cpu|ap040_core:core|ap040_fpu:g_fpu.fpu|ap040_fp_regfile:fpregs|altdpram:bank_a_rtl_0|dpram_rlo1:auto_generated|lutrama45~CLKMUX_0  to: emu:emu|quadra800:machine|wombat_cpu:cpu|ap040_core:core|ap040_fpu:g_fpu.fpu|ap040_fp_regfile:fpregs|altdpram:bank_a_rtl_0|dpram_rlo1:auto_generated|lutrama45~MEMORYREGOUT
    Info (332098): From: emu:emu|quadra800:machine|wombat_cpu:cpu|ap040_core:core|ap040_fpu:g_fpu.fpu|ap040_fp_regfile:fpregs|altdpram:bank_a_rtl_0|dpram_rlo1:auto_generated|lutrama46~CLKMUX_0  to: emu:emu|quadra800:machine|wombat_cpu:cpu|ap040_core:core|ap040_fpu:g_fpu.fpu|ap040_fp_regfile:fpregs|altdpram:bank_a_rtl_0|dpram_rlo1:auto_generated|lutrama46~MEMORYREGOUT
    Info (332098): From: emu:emu|quadra800:machine|wombat_cpu:cpu|ap040_core:core|ap040_fpu:g_fpu.fpu|ap040_fp_regfile:fpregs|altdpram:bank_a_rtl_0|dpram_rlo1:auto_generated|lutrama47~CLKMUX_0  to: emu:emu|quadra800:machine|wombat_cpu:cpu|ap040_core:core|ap040_fpu:g_fpu.fpu|ap040_fp_regfile:fpregs|altdpram:bank_a_rtl_0|dpram_rlo1:auto_generated|lutrama47~MEMORYREGOUT
    Info (332098): From: emu:emu|quadra800:machine|wombat_cpu:cpu|ap040_core:core|ap040_fpu:g_fpu.fpu|ap040_fp_regfile:fpregs|altdpram:bank_a_rtl_0|dpram_rlo1:auto_generated|lutrama48~CLKMUX_0  to: emu:emu|quadra800:machine|wombat_cpu:cpu|ap040_core:core|ap040_fpu:g_fpu.fpu|ap040_fp_regfile:fpregs|altdpram:bank_a_rtl_0|dpram_rlo1:auto_generated|lutrama48~MEMORYREGOUT
    Info (332098): From: emu:emu|quadra800:machine|wombat_cpu:cpu|ap040_core:core|ap040_fpu:g_fpu.fpu|ap040_fp_regfile:fpregs|altdpram:bank_a_rtl_0|dpram_rlo1:auto_generated|lutrama49~CLKMUX_0  to: emu:emu|quadra800:machine|wombat_cpu:cpu|ap040_core:core|ap040_fpu:g_fpu.fpu|ap040_fp_regfile:fpregs|altdpram:bank_a_rtl_0|dpram_rlo1:auto_generated|lutrama49~MEMORYREGOUT
    Info (332098): From: emu:emu|quadra800:machine|wombat_cpu:cpu|ap040_core:core|ap040_fpu:g_fpu.fpu|ap040_fp_regfile:fpregs|altdpram:bank_a_rtl_0|dpram_rlo1:auto_generated|lutrama4~CLKMUX_0  to: emu:emu|quadra800:machine|wombat_cpu:cpu|ap040_core:core|ap040_fpu:g_fpu.fpu|ap040_fp_regfile:fpregs|altdpram:bank_a_rtl_0|dpram_rlo1:auto_generated|lutrama4~MEMORYREGOUT
    Info (332098): From: emu:emu|quadra800:machine|wombat_cpu:cpu|ap040_core:core|ap040_fpu:g_fpu.fpu|ap040_fp_regfile:fpregs|altdpram:bank_a_rtl_0|dpram_rlo1:auto_generated|lutrama50~CLKMUX_0  to: emu:emu|quadra800:machine|wombat_cpu:cpu|ap040_core:core|ap040_fpu:g_fpu.fpu|ap040_fp_regfile:fpregs|altdpram:bank_a_rtl_0|dpram_rlo1:auto_generated|lutrama50~MEMORYREGOUT
    Info (332098): From: emu:emu|quadra800:machine|wombat_cpu:cpu|ap040_core:core|ap040_fpu:g_fpu.fpu|ap040_fp_regfile:fpregs|altdpram:bank_a_rtl_0|dpram_rlo1:auto_generated|lutrama51~CLKMUX_0  to: emu:emu|quadra800:machine|wombat_cpu:cpu|ap040_core:core|ap040_fpu:g_fpu.fpu|ap040_fp_regfile:fpregs|altdpram:bank_a_rtl_0|dpram_rlo1:auto_generated|lutrama51~MEMORYREGOUT
    Info (332098): From: emu:emu|quadra800:machine|wombat_cpu:cpu|ap040_core:core|ap040_fpu:g_fpu.fpu|ap040_fp_regfile:fpregs|altdpram:bank_a_rtl_0|dpram_rlo1:auto_generated|lutrama52~CLKMUX_0  to: emu:emu|quadra800:machine|wombat_cpu:cpu|ap040_core:core|ap040_fpu:g_fpu.fpu|ap040_fp_regfile:fpregs|altdpram:bank_a_rtl_0|dpram_rlo1:auto_generated|lutrama52~MEMORYREGOUT
    Info (332098): From: emu:emu|quadra800:machine|wombat_cpu:cpu|ap040_core:core|ap040_fpu:g_fpu.fpu|ap040_fp_regfile:fpregs|altdpram:bank_a_rtl_0|dpram_rlo1:auto_generated|lutrama53~CLKMUX_0  to: emu:emu|quadra800:machine|wombat_cpu:cpu|ap040_core:core|ap040_fpu:g_fpu.fpu|ap040_fp_regfile:fpregs|altdpram:bank_a_rtl_0|dpram_rlo1:auto_generated|lutrama53~MEMORYREGOUT
    Info (332098): From: emu:emu|quadra800:machine|wombat_cpu:cpu|ap040_core:core|ap040_fpu:g_fpu.fpu|ap040_fp_regfile:fpregs|altdpram:bank_a_rtl_0|dpram_rlo1:auto_generated|lutrama54~CLKMUX_0  to: emu:emu|quadra800:machine|wombat_cpu:cpu|ap040_core:core|ap040_fpu:g_fpu.fpu|ap040_fp_regfile:fpregs|altdpram:bank_a_rtl_0|dpram_rlo1:auto_generated|lutrama54~MEMORYREGOUT
    Info (332098): From: emu:emu|quadra800:machine|wombat_cpu:cpu|ap040_core:core|ap040_fpu:g_fpu.fpu|ap040_fp_regfile:fpregs|altdpram:bank_a_rtl_0|dpram_rlo1:auto_generated|lutrama55~CLKMUX_0  to: emu:emu|quadra800:machine|wombat_cpu:cpu|ap040_core:core|ap040_fpu:g_fpu.fpu|ap040_fp_regfile:fpregs|altdpram:bank_a_rtl_0|dpram_rlo1:auto_generated|lutrama55~MEMORYREGOUT
    Info (332098): From: emu:emu|quadra800:machine|wombat_cpu:cpu|ap040_core:core|ap040_fpu:g_fpu.fpu|ap040_fp_regfile:fpregs|altdpram:bank_a_rtl_0|dpram_rlo1:auto_generated|lutrama56~CLKMUX_0  to: emu:emu|quadra800:machine|wombat_cpu:cpu|ap040_core:core|ap040_fpu:g_fpu.fpu|ap040_fp_regfile:fpregs|altdpram:bank_a_rtl_0|dpram_rlo1:auto_generated|lutrama56~MEMORYREGOUT
    Info (332098): From: emu:emu|quadra800:machine|wombat_cpu:cpu|ap040_core:core|ap040_fpu:g_fpu.fpu|ap040_fp_regfile:fpregs|altdpram:bank_a_rtl_0|dpram_rlo1:auto_generated|lutrama57~CLKMUX_0  to: emu:emu|quadra800:machine|wombat_cpu:cpu|ap040_core:core|ap040_fpu:g_fpu.fpu|ap040_fp_regfile:fpregs|altdpram:bank_a_rtl_0|dpram_rlo1:auto_generated|lutrama57~MEMORYREGOUT
    Info (332098): From: emu:emu|quadra800:machine|wombat_cpu:cpu|ap040_core:core|ap040_fpu:g_fpu.fpu|ap040_fp_regfile:fpregs|altdpram:bank_a_rtl_0|dpram_rlo1:auto_generated|lutrama58~CLKMUX_0  to: emu:emu|quadra800:machine|wombat_cpu:cpu|ap040_core:core|ap040_fpu:g_fpu.fpu|ap040_fp_regfile:fpregs|altdpram:bank_a_rtl_0|dpram_rlo1:auto_generated|lutrama58~MEMORYREGOUT
    Info (332098): From: emu:emu|quadra800:machine|wombat_cpu:cpu|ap040_core:core|ap040_fpu:g_fpu.fpu|ap040_fp_regfile:fpregs|altdpram:bank_a_rtl_0|dpram_rlo1:auto_generated|lutrama59~CLKMUX_0  to: emu:emu|quadra800:machine|wombat_cpu:cpu|ap040_core:core|ap040_fpu:g_fpu.fpu|ap040_fp_regfile:fpregs|altdpram:bank_a_rtl_0|dpram_rlo1:auto_generated|lutrama59~MEMORYREGOUT
    Info (332098): From: emu:emu|quadra800:machine|wombat_cpu:cpu|ap040_core:core|ap040_fpu:g_fpu.fpu|ap040_fp_regfile:fpregs|altdpram:bank_a_rtl_0|dpram_rlo1:auto_generated|lutrama5~CLKMUX_0  to: emu:emu|quadra800:machine|wombat_cpu:cpu|ap040_core:core|ap040_fpu:g_fpu.fpu|ap040_fp_regfile:fpregs|altdpram:bank_a_rtl_0|dpram_rlo1:auto_generated|lutrama5~MEMORYREGOUT
    Info (332098): From: emu:emu|quadra800:machine|wombat_cpu:cpu|ap040_core:core|ap040_fpu:g_fpu.fpu|ap040_fp_regfile:fpregs|altdpram:bank_a_rtl_0|dpram_rlo1:auto_generated|lutrama60~CLKMUX_0  to: emu:emu|quadra800:machine|wombat_cpu:cpu|ap040_core:core|ap040_fpu:g_fpu.fpu|ap040_fp_regfile:fpregs|altdpram:bank_a_rtl_0|dpram_rlo1:auto_generated|lutrama60~MEMORYREGOUT
    Info (332098): From: emu:emu|quadra800:machine|wombat_cpu:cpu|ap040_core:core|ap040_fpu:g_fpu.fpu|ap040_fp_regfile:fpregs|altdpram:bank_a_rtl_0|dpram_rlo1:auto_generated|lutrama61~CLKMUX_0  to: emu:emu|quadra800:machine|wombat_cpu:cpu|ap040_core:core|ap040_fpu:g_fpu.fpu|ap040_fp_regfile:fpregs|altdpram:bank_a_rtl_0|dpram_rlo1:auto_generated|lutrama61~MEMORYREGOUT
    Info (332098): From: emu:emu|quadra800:machine|wombat_cpu:cpu|ap040_core:core|ap040_fpu:g_fpu.fpu|ap040_fp_regfile:fpregs|altdpram:bank_a_rtl_0|dpram_rlo1:auto_generated|lutrama62~CLKMUX_0  to: emu:emu|quadra800:machine|wombat_cpu:cpu|ap040_core:core|ap040_fpu:g_fpu.fpu|ap040_fp_regfile:fpregs|altdpram:bank_a_rtl_0|dpram_rlo1:auto_generated|lutrama62~MEMORYREGOUT
    Info (332098): From: emu:emu|quadra800:machine|wombat_cpu:cpu|ap040_core:core|ap040_fpu:g_fpu.fpu|ap040_fp_regfile:fpregs|altdpram:bank_a_rtl_0|dpram_rlo1:auto_generated|lutrama63~CLKMUX_0  to: emu:emu|quadra800:machine|wombat_cpu:cpu|ap040_core:core|ap040_fpu:g_fpu.fpu|ap040_fp_regfile:fpregs|altdpram:bank_a_rtl_0|dpram_rlo1:auto_generated|lutrama63~MEMORYREGOUT
    Info (332098): From: emu:emu|quadra800:machine|wombat_cpu:cpu|ap040_core:core|ap040_fpu:g_fpu.fpu|ap040_fp_regfile:fpregs|altdpram:bank_a_rtl_0|dpram_rlo1:auto_generated|lutrama64~CLKMUX_0  to: emu:emu|quadra800:machine|wombat_cpu:cpu|ap040_core:core|ap040_fpu:g_fpu.fpu|ap040_fp_regfile:fpregs|altdpram:bank_a_rtl_0|dpram_rlo1:auto_generated|lutrama64~MEMORYREGOUT
    Info (332098): From: emu:emu|quadra800:machine|wombat_cpu:cpu|ap040_core:core|ap040_fpu:g_fpu.fpu|ap040_fp_regfile:fpregs|altdpram:bank_a_rtl_0|dpram_rlo1:auto_generated|lutrama65~CLKMUX_0  to: emu:emu|quadra800:machine|wombat_cpu:cpu|ap040_core:core|ap040_fpu:g_fpu.fpu|ap040_fp_regfile:fpregs|altdpram:bank_a_rtl_0|dpram_rlo1:auto_generated|lutrama65~MEMORYREGOUT
    Info (332098): From: emu:emu|quadra800:machine|wombat_cpu:cpu|ap040_core:core|ap040_fpu:g_fpu.fpu|ap040_fp_regfile:fpregs|altdpram:bank_a_rtl_0|dpram_rlo1:auto_generated|lutrama66~CLKMUX_0  to: emu:emu|quadra800:machine|wombat_cpu:cpu|ap040_core:core|ap040_fpu:g_fpu.fpu|ap040_fp_regfile:fpregs|altdpram:bank_a_rtl_0|dpram_rlo1:auto_generated|lutrama66~MEMORYREGOUT
    Info (332098): From: emu:emu|quadra800:machine|wombat_cpu:cpu|ap040_core:core|ap040_fpu:g_fpu.fpu|ap040_fp_regfile:fpregs|altdpram:bank_a_rtl_0|dpram_rlo1:auto_generated|lutrama67~CLKMUX_0  to: emu:emu|quadra800:machine|wombat_cpu:cpu|ap040_core:core|ap040_fpu:g_fpu.fpu|ap040_fp_regfile:fpregs|altdpram:bank_a_rtl_0|dpram_rlo1:auto_generated|lutrama67~MEMORYREGOUT
    Info (332098): From: emu:emu|quadra800:machine|wombat_cpu:cpu|ap040_core:core|ap040_fpu:g_fpu.fpu|ap040_fp_regfile:fpregs|altdpram:bank_a_rtl_0|dpram_rlo1:auto_generated|lutrama68~CLKMUX_0  to: emu:emu|quadra800:machine|wombat_cpu:cpu|ap040_core:core|ap040_fpu:g_fpu.fpu|ap040_fp_regfile:fpregs|altdpram:bank_a_rtl_0|dpram_rlo1:auto_generated|lutrama68~MEMORYREGOUT
    Info (332098): From: emu:emu|quadra800:machine|wombat_cpu:cpu|ap040_core:core|ap040_fpu:g_fpu.fpu|ap040_fp_regfile:fpregs|altdpram:bank_a_rtl_0|dpram_rlo1:auto_generated|lutrama69~CLKMUX_0  to: emu:emu|quadra800:machine|wombat_cpu:cpu|ap040_core:core|ap040_fpu:g_fpu.fpu|ap040_fp_regfile:fpregs|altdpram:bank_a_rtl_0|dpram_rlo1:auto_generated|lutrama69~MEMORYREGOUT
    Info (332098): From: emu:emu|quadra800:machine|wombat_cpu:cpu|ap040_core:core|ap040_fpu:g_fpu.fpu|ap040_fp_regfile:fpregs|altdpram:bank_a_rtl_0|dpram_rlo1:auto_generated|lutrama6~CLKMUX_0  to: emu:emu|quadra800:machine|wombat_cpu:cpu|ap040_core:core|ap040_fpu:g_fpu.fpu|ap040_fp_regfile:fpregs|altdpram:bank_a_rtl_0|dpram_rlo1:auto_generated|lutrama6~MEMORYREGOUT
    Info (332098): From: emu:emu|quadra800:machine|wombat_cpu:cpu|ap040_core:core|ap040_fpu:g_fpu.fpu|ap040_fp_regfile:fpregs|altdpram:bank_a_rtl_0|dpram_rlo1:auto_generated|lutrama70~CLKMUX_0  to: emu:emu|quadra800:machine|wombat_cpu:cpu|ap040_core:core|ap040_fpu:g_fpu.fpu|ap040_fp_regfile:fpregs|altdpram:bank_a_rtl_0|dpram_rlo1:auto_generated|lutrama70~MEMORYREGOUT
    Info (332098): From: emu:emu|quadra800:machine|wombat_cpu:cpu|ap040_core:core|ap040_fpu:g_fpu.fpu|ap040_fp_regfile:fpregs|altdpram:bank_a_rtl_0|dpram_rlo1:auto_generated|lutrama71~CLKMUX_0  to: emu:emu|quadra800:machine|wombat_cpu:cpu|ap040_core:core|ap040_fpu:g_fpu.fpu|ap040_fp_regfile:fpregs|altdpram:bank_a_rtl_0|dpram_rlo1:auto_generated|lutrama71~MEMORYREGOUT
    Info (332098): From: emu:emu|quadra800:machine|wombat_cpu:cpu|ap040_core:core|ap040_fpu:g_fpu.fpu|ap040_fp_regfile:fpregs|altdpram:bank_a_rtl_0|dpram_rlo1:auto_generated|lutrama72~CLKMUX_0  to: emu:emu|quadra800:machine|wombat_cpu:cpu|ap040_core:core|ap040_fpu:g_fpu.fpu|ap040_fp_regfile:fpregs|altdpram:bank_a_rtl_0|dpram_rlo1:auto_generated|lutrama72~MEMORYREGOUT
    Info (332098): From: emu:emu|quadra800:machine|wombat_cpu:cpu|ap040_core:core|ap040_fpu:g_fpu.fpu|ap040_fp_regfile:fpregs|altdpram:bank_a_rtl_0|dpram_rlo1:auto_generated|lutrama73~CLKMUX_0  to: emu:emu|quadra800:machine|wombat_cpu:cpu|ap040_core:core|ap040_fpu:g_fpu.fpu|ap040_fp_regfile:fpregs|altdpram:bank_a_rtl_0|dpram_rlo1:auto_generated|lutrama73~MEMORYREGOUT
    Info (332098): From: emu:emu|quadra800:machine|wombat_cpu:cpu|ap040_core:core|ap040_fpu:g_fpu.fpu|ap040_fp_regfile:fpregs|altdpram:bank_a_rtl_0|dpram_rlo1:auto_generated|lutrama74~CLKMUX_0  to: emu:emu|quadra800:machine|wombat_cpu:cpu|ap040_core:core|ap040_fpu:g_fpu.fpu|ap040_fp_regfile:fpregs|altdpram:bank_a_rtl_0|dpram_rlo1:auto_generated|lutrama74~MEMORYREGOUT
    Info (332098): From: emu:emu|quadra800:machine|wombat_cpu:cpu|ap040_core:core|ap040_fpu:g_fpu.fpu|ap040_fp_regfile:fpregs|altdpram:bank_a_rtl_0|dpram_rlo1:auto_generated|lutrama75~CLKMUX_0  to: emu:emu|quadra800:machine|wombat_cpu:cpu|ap040_core:core|ap040_fpu:g_fpu.fpu|ap040_fp_regfile:fpregs|altdpram:bank_a_rtl_0|dpram_rlo1:auto_generated|lutrama75~MEMORYREGOUT
    Info (332098): From: emu:emu|quadra800:machine|wombat_cpu:cpu|ap040_core:core|ap040_fpu:g_fpu.fpu|ap040_fp_regfile:fpregs|altdpram:bank_a_rtl_0|dpram_rlo1:auto_generated|lutrama76~CLKMUX_0  to: emu:emu|quadra800:machine|wombat_cpu:cpu|ap040_core:core|ap040_fpu:g_fpu.fpu|ap040_fp_regfile:fpregs|altdpram:bank_a_rtl_0|dpram_rlo1:auto_generated|lutrama76~MEMORYREGOUT
    Info (332098): From: emu:emu|quadra800:machine|wombat_cpu:cpu|ap040_core:core|ap040_fpu:g_fpu.fpu|ap040_fp_regfile:fpregs|altdpram:bank_a_rtl_0|dpram_rlo1:auto_generated|lutrama77~CLKMUX_0  to: emu:emu|quadra800:machine|wombat_cpu:cpu|ap040_core:core|ap040_fpu:g_fpu.fpu|ap040_fp_regfile:fpregs|altdpram:bank_a_rtl_0|dpram_rlo1:auto_generated|lutrama77~MEMORYREGOUT
    Info (332098): From: emu:emu|quadra800:machine|wombat_cpu:cpu|ap040_core:core|ap040_fpu:g_fpu.fpu|ap040_fp_regfile:fpregs|altdpram:bank_a_rtl_0|dpram_rlo1:auto_generated|lutrama78~CLKMUX_0  to: emu:emu|quadra800:machine|wombat_cpu:cpu|ap040_core:core|ap040_fpu:g_fpu.fpu|ap040_fp_regfile:fpregs|altdpram:bank_a_rtl_0|dpram_rlo1:auto_generated|lutrama78~MEMORYREGOUT
    Info (332098): From: emu:emu|quadra800:machine|wombat_cpu:cpu|ap040_core:core|ap040_fpu:g_fpu.fpu|ap040_fp_regfile:fpregs|altdpram:bank_a_rtl_0|dpram_rlo1:auto_generated|lutrama79~CLKMUX_0  to: emu:emu|quadra800:machine|wombat_cpu:cpu|ap040_core:core|ap040_fpu:g_fpu.fpu|ap040_fp_regfile:fpregs|altdpram:bank_a_rtl_0|dpram_rlo1:auto_generated|lutrama79~MEMORYREGOUT
    Info (332098): From: emu:emu|quadra800:machine|wombat_cpu:cpu|ap040_core:core|ap040_fpu:g_fpu.fpu|ap040_fp_regfile:fpregs|altdpram:bank_a_rtl_0|dpram_rlo1:auto_generated|lutrama7~CLKMUX_0  to: emu:emu|quadra800:machine|wombat_cpu:cpu|ap040_core:core|ap040_fpu:g_fpu.fpu|ap040_fp_regfile:fpregs|altdpram:bank_a_rtl_0|dpram_rlo1:auto_generated|lutrama7~MEMORYREGOUT
    Info (332098): From: emu:emu|quadra800:machine|wombat_cpu:cpu|ap040_core:core|ap040_fpu:g_fpu.fpu|ap040_fp_regfile:fpregs|altdpram:bank_a_rtl_0|dpram_rlo1:auto_generated|lutrama8~CLKMUX_0  to: emu:emu|quadra800:machine|wombat_cpu:cpu|ap040_core:core|ap040_fpu:g_fpu.fpu|ap040_fp_regfile:fpregs|altdpram:bank_a_rtl_0|dpram_rlo1:auto_generated|lutrama8~MEMORYREGOUT
    Info (332098): From: emu:emu|quadra800:machine|wombat_cpu:cpu|ap040_core:core|ap040_fpu:g_fpu.fpu|ap040_fp_regfile:fpregs|altdpram:bank_a_rtl_0|dpram_rlo1:auto_generated|lutrama9~CLKMUX_0  to: emu:emu|quadra800:machine|wombat_cpu:cpu|ap040_core:core|ap040_fpu:g_fpu.fpu|ap040_fp_regfile:fpregs|altdpram:bank_a_rtl_0|dpram_rlo1:auto_generated|lutrama9~MEMORYREGOUT
    Info (332098): From: emu:emu|quadra800:machine|wombat_cpu:cpu|ap040_core:core|ap040_fpu:g_fpu.fpu|ap040_fp_regfile:fpregs|altdpram:bank_b_rtl_0|dpram_rlo1:auto_generated|lutrama0~CLKMUX_0  to: emu:emu|quadra800:machine|wombat_cpu:cpu|ap040_core:core|ap040_fpu:g_fpu.fpu|ap040_fp_regfile:fpregs|altdpram:bank_b_rtl_0|dpram_rlo1:auto_generated|lutrama0~MEMORYREGOUT
    Info (332098): From: emu:emu|quadra800:machine|wombat_cpu:cpu|ap040_core:core|ap040_fpu:g_fpu.fpu|ap040_fp_regfile:fpregs|altdpram:bank_b_rtl_0|dpram_rlo1:auto_generated|lutrama10~CLKMUX_0  to: emu:emu|quadra800:machine|wombat_cpu:cpu|ap040_core:core|ap040_fpu:g_fpu.fpu|ap040_fp_regfile:fpregs|altdpram:bank_b_rtl_0|dpram_rlo1:auto_generated|lutrama10~MEMORYREGOUT
    Info (332098): From: emu:emu|quadra800:machine|wombat_cpu:cpu|ap040_core:core|ap040_fpu:g_fpu.fpu|ap040_fp_regfile:fpregs|altdpram:bank_b_rtl_0|dpram_rlo1:auto_generated|lutrama11~CLKMUX_0  to: emu:emu|quadra800:machine|wombat_cpu:cpu|ap040_core:core|ap040_fpu:g_fpu.fpu|ap040_fp_regfile:fpregs|altdpram:bank_b_rtl_0|dpram_rlo1:auto_generated|lutrama11~MEMORYREGOUT
    Info (332098): From: emu:emu|quadra800:machine|wombat_cpu:cpu|ap040_core:core|ap040_fpu:g_fpu.fpu|ap040_fp_regfile:fpregs|altdpram:bank_b_rtl_0|dpram_rlo1:auto_generated|lutrama12~CLKMUX_0  to: emu:emu|quadra800:machine|wombat_cpu:cpu|ap040_core:core|ap040_fpu:g_fpu.fpu|ap040_fp_regfile:fpregs|altdpram:bank_b_rtl_0|dpram_rlo1:auto_generated|lutrama12~MEMORYREGOUT
    Info (332098): From: emu:emu|quadra800:machine|wombat_cpu:cpu|ap040_core:core|ap040_fpu:g_fpu.fpu|ap040_fp_regfile:fpregs|altdpram:bank_b_rtl_0|dpram_rlo1:auto_generated|lutrama13~CLKMUX_0  to: emu:emu|quadra800:machine|wombat_cpu:cpu|ap040_core:core|ap040_fpu:g_fpu.fpu|ap040_fp_regfile:fpregs|altdpram:bank_b_rtl_0|dpram_rlo1:auto_generated|lutrama13~MEMORYREGOUT
    Info (332098): From: emu:emu|quadra800:machine|wombat_cpu:cpu|ap040_core:core|ap040_fpu:g_fpu.fpu|ap040_fp_regfile:fpregs|altdpram:bank_b_rtl_0|dpram_rlo1:auto_generated|lutrama14~CLKMUX_0  to: emu:emu|quadra800:machine|wombat_cpu:cpu|ap040_core:core|ap040_fpu:g_fpu.fpu|ap040_fp_regfile:fpregs|altdpram:bank_b_rtl_0|dpram_rlo1:auto_generated|lutrama14~MEMORYREGOUT
    Info (332098): From: emu:emu|quadra800:machine|wombat_cpu:cpu|ap040_core:core|ap040_fpu:g_fpu.fpu|ap040_fp_regfile:fpregs|altdpram:bank_b_rtl_0|dpram_rlo1:auto_generated|lutrama15~CLKMUX_0  to: emu:emu|quadra800:machine|wombat_cpu:cpu|ap040_core:core|ap040_fpu:g_fpu.fpu|ap040_fp_regfile:fpregs|altdpram:bank_b_rtl_0|dpram_rlo1:auto_generated|lutrama15~MEMORYREGOUT
    Info (332098): From: emu:emu|quadra800:machine|wombat_cpu:cpu|ap040_core:core|ap040_fpu:g_fpu.fpu|ap040_fp_regfile:fpregs|altdpram:bank_b_rtl_0|dpram_rlo1:auto_generated|lutrama16~CLKMUX_0  to: emu:emu|quadra800:machine|wombat_cpu:cpu|ap040_core:core|ap040_fpu:g_fpu.fpu|ap040_fp_regfile:fpregs|altdpram:bank_b_rtl_0|dpram_rlo1:auto_generated|lutrama16~MEMORYREGOUT
    Info (332098): From: emu:emu|quadra800:machine|wombat_cpu:cpu|ap040_core:core|ap040_fpu:g_fpu.fpu|ap040_fp_regfile:fpregs|altdpram:bank_b_rtl_0|dpram_rlo1:auto_generated|lutrama17~CLKMUX_0  to: emu:emu|quadra800:machine|wombat_cpu:cpu|ap040_core:core|ap040_fpu:g_fpu.fpu|ap040_fp_regfile:fpregs|altdpram:bank_b_rtl_0|dpram_rlo1:auto_generated|lutrama17~MEMORYREGOUT
    Info (332098): From: emu:emu|quadra800:machine|wombat_cpu:cpu|ap040_core:core|ap040_fpu:g_fpu.fpu|ap040_fp_regfile:fpregs|altdpram:bank_b_rtl_0|dpram_rlo1:auto_generated|lutrama18~CLKMUX_0  to: emu:emu|quadra800:machine|wombat_cpu:cpu|ap040_core:core|ap040_fpu:g_fpu.fpu|ap040_fp_regfile:fpregs|altdpram:bank_b_rtl_0|dpram_rlo1:auto_generated|lutrama18~MEMORYREGOUT
    Info (332098): From: emu:emu|quadra800:machine|wombat_cpu:cpu|ap040_core:core|ap040_fpu:g_fpu.fpu|ap040_fp_regfile:fpregs|altdpram:bank_b_rtl_0|dpram_rlo1:auto_generated|lutrama19~CLKMUX_0  to: emu:emu|quadra800:machine|wombat_cpu:cpu|ap040_core:core|ap040_fpu:g_fpu.fpu|ap040_fp_regfile:fpregs|altdpram:bank_b_rtl_0|dpram_rlo1:auto_generated|lutrama19~MEMORYREGOUT
    Info (332098): From: emu:emu|quadra800:machine|wombat_cpu:cpu|ap040_core:core|ap040_fpu:g_fpu.fpu|ap040_fp_regfile:fpregs|altdpram:bank_b_rtl_0|dpram_rlo1:auto_generated|lutrama1~CLKMUX_0  to: emu:emu|quadra800:machine|wombat_cpu:cpu|ap040_core:core|ap040_fpu:g_fpu.fpu|ap040_fp_regfile:fpregs|altdpram:bank_b_rtl_0|dpram_rlo1:auto_generated|lutrama1~MEMORYREGOUT
    Info (332098): From: emu:emu|quadra800:machine|wombat_cpu:cpu|ap040_core:core|ap040_fpu:g_fpu.fpu|ap040_fp_regfile:fpregs|altdpram:bank_b_rtl_0|dpram_rlo1:auto_generated|lutrama20~CLKMUX_0  to: emu:emu|quadra800:machine|wombat_cpu:cpu|ap040_core:core|ap040_fpu:g_fpu.fpu|ap040_fp_regfile:fpregs|altdpram:bank_b_rtl_0|dpram_rlo1:auto_generated|lutrama20~MEMORYREGOUT
    Info (332098): From: emu:emu|quadra800:machine|wombat_cpu:cpu|ap040_core:core|ap040_fpu:g_fpu.fpu|ap040_fp_regfile:fpregs|altdpram:bank_b_rtl_0|dpram_rlo1:auto_generated|lutrama21~CLKMUX_0  to: emu:emu|quadra800:machine|wombat_cpu:cpu|ap040_core:core|ap040_fpu:g_fpu.fpu|ap040_fp_regfile:fpregs|altdpram:bank_b_rtl_0|dpram_rlo1:auto_generated|lutrama21~MEMORYREGOUT
    Info (332098): From: emu:emu|quadra800:machine|wombat_cpu:cpu|ap040_core:core|ap040_fpu:g_fpu.fpu|ap040_fp_regfile:fpregs|altdpram:bank_b_rtl_0|dpram_rlo1:auto_generated|lutrama22~CLKMUX_0  to: emu:emu|quadra800:machine|wombat_cpu:cpu|ap040_core:core|ap040_fpu:g_fpu.fpu|ap040_fp_regfile:fpregs|altdpram:bank_b_rtl_0|dpram_rlo1:auto_generated|lutrama22~MEMORYREGOUT
    Info (332098): From: emu:emu|quadra800:machine|wombat_cpu:cpu|ap040_core:core|ap040_fpu:g_fpu.fpu|ap040_fp_regfile:fpregs|altdpram:bank_b_rtl_0|dpram_rlo1:auto_generated|lutrama23~CLKMUX_0  to: emu:emu|quadra800:machine|wombat_cpu:cpu|ap040_core:core|ap040_fpu:g_fpu.fpu|ap040_fp_regfile:fpregs|altdpram:bank_b_rtl_0|dpram_rlo1:auto_generated|lutrama23~MEMORYREGOUT
    Info (332098): From: emu:emu|quadra800:machine|wombat_cpu:cpu|ap040_core:core|ap040_fpu:g_fpu.fpu|ap040_fp_regfile:fpregs|altdpram:bank_b_rtl_0|dpram_rlo1:auto_generated|lutrama24~CLKMUX_0  to: emu:emu|quadra800:machine|wombat_cpu:cpu|ap040_core:core|ap040_fpu:g_fpu.fpu|ap040_fp_regfile:fpregs|altdpram:bank_b_rtl_0|dpram_rlo1:auto_generated|lutrama24~MEMORYREGOUT
    Info (332098): From: emu:emu|quadra800:machine|wombat_cpu:cpu|ap040_core:core|ap040_fpu:g_fpu.fpu|ap040_fp_regfile:fpregs|altdpram:bank_b_rtl_0|dpram_rlo1:auto_generated|lutrama25~CLKMUX_0  to: emu:emu|quadra800:machine|wombat_cpu:cpu|ap040_core:core|ap040_fpu:g_fpu.fpu|ap040_fp_regfile:fpregs|altdpram:bank_b_rtl_0|dpram_rlo1:auto_generated|lutrama25~MEMORYREGOUT
    Info (332098): From: emu:emu|quadra800:machine|wombat_cpu:cpu|ap040_core:core|ap040_fpu:g_fpu.fpu|ap040_fp_regfile:fpregs|altdpram:bank_b_rtl_0|dpram_rlo1:auto_generated|lutrama26~CLKMUX_0  to: emu:emu|quadra800:machine|wombat_cpu:cpu|ap040_core:core|ap040_fpu:g_fpu.fpu|ap040_fp_regfile:fpregs|altdpram:bank_b_rtl_0|dpram_rlo1:auto_generated|lutrama26~MEMORYREGOUT
    Info (332098): From: emu:emu|quadra800:machine|wombat_cpu:cpu|ap040_core:core|ap040_fpu:g_fpu.fpu|ap040_fp_regfile:fpregs|altdpram:bank_b_rtl_0|dpram_rlo1:auto_generated|lutrama27~CLKMUX_0  to: emu:emu|quadra800:machine|wombat_cpu:cpu|ap040_core:core|ap040_fpu:g_fpu.fpu|ap040_fp_regfile:fpregs|altdpram:bank_b_rtl_0|dpram_rlo1:auto_generated|lutrama27~MEMORYREGOUT
    Info (332098): From: emu:emu|quadra800:machine|wombat_cpu:cpu|ap040_core:core|ap040_fpu:g_fpu.fpu|ap040_fp_regfile:fpregs|altdpram:bank_b_rtl_0|dpram_rlo1:auto_generated|lutrama28~CLKMUX_0  to: emu:emu|quadra800:machine|wombat_cpu:cpu|ap040_core:core|ap040_fpu:g_fpu.fpu|ap040_fp_regfile:fpregs|altdpram:bank_b_rtl_0|dpram_rlo1:auto_generated|lutrama28~MEMORYREGOUT
    Info (332098): From: emu:emu|quadra800:machine|wombat_cpu:cpu|ap040_core:core|ap040_fpu:g_fpu.fpu|ap040_fp_regfile:fpregs|altdpram:bank_b_rtl_0|dpram_rlo1:auto_generated|lutrama29~CLKMUX_0  to: emu:emu|quadra800:machine|wombat_cpu:cpu|ap040_core:core|ap040_fpu:g_fpu.fpu|ap040_fp_regfile:fpregs|altdpram:bank_b_rtl_0|dpram_rlo1:auto_generated|lutrama29~MEMORYREGOUT
    Info (332098): From: emu:emu|quadra800:machine|wombat_cpu:cpu|ap040_core:core|ap040_fpu:g_fpu.fpu|ap040_fp_regfile:fpregs|altdpram:bank_b_rtl_0|dpram_rlo1:auto_generated|lutrama2~CLKMUX_0  to: emu:emu|quadra800:machine|wombat_cpu:cpu|ap040_core:core|ap040_fpu:g_fpu.fpu|ap040_fp_regfile:fpregs|altdpram:bank_b_rtl_0|dpram_rlo1:auto_generated|lutrama2~MEMORYREGOUT
    Info (332098): From: emu:emu|quadra800:machine|wombat_cpu:cpu|ap040_core:core|ap040_fpu:g_fpu.fpu|ap040_fp_regfile:fpregs|altdpram:bank_b_rtl_0|dpram_rlo1:auto_generated|lutrama30~CLKMUX_0  to: emu:emu|quadra800:machine|wombat_cpu:cpu|ap040_core:core|ap040_fpu:g_fpu.fpu|ap040_fp_regfile:fpregs|altdpram:bank_b_rtl_0|dpram_rlo1:auto_generated|lutrama30~MEMORYREGOUT
    Info (332098): From: emu:emu|quadra800:machine|wombat_cpu:cpu|ap040_core:core|ap040_fpu:g_fpu.fpu|ap040_fp_regfile:fpregs|altdpram:bank_b_rtl_0|dpram_rlo1:auto_generated|lutrama31~CLKMUX_0  to: emu:emu|quadra800:machine|wombat_cpu:cpu|ap040_core:core|ap040_fpu:g_fpu.fpu|ap040_fp_regfile:fpregs|altdpram:bank_b_rtl_0|dpram_rlo1:auto_generated|lutrama31~MEMORYREGOUT
    Info (332098): From: emu:emu|quadra800:machine|wombat_cpu:cpu|ap040_core:core|ap040_fpu:g_fpu.fpu|ap040_fp_regfile:fpregs|altdpram:bank_b_rtl_0|dpram_rlo1:auto_generated|lutrama32~CLKMUX_0  to: emu:emu|quadra800:machine|wombat_cpu:cpu|ap040_core:core|ap040_fpu:g_fpu.fpu|ap040_fp_regfile:fpregs|altdpram:bank_b_rtl_0|dpram_rlo1:auto_generated|lutrama32~MEMORYREGOUT
    Info (332098): From: emu:emu|quadra800:machine|wombat_cpu:cpu|ap040_core:core|ap040_fpu:g_fpu.fpu|ap040_fp_regfile:fpregs|altdpram:bank_b_rtl_0|dpram_rlo1:auto_generated|lutrama33~CLKMUX_0  to: emu:emu|quadra800:machine|wombat_cpu:cpu|ap040_core:core|ap040_fpu:g_fpu.fpu|ap040_fp_regfile:fpregs|altdpram:bank_b_rtl_0|dpram_rlo1:auto_generated|lutrama33~MEMORYREGOUT
    Info (332098): From: emu:emu|quadra800:machine|wombat_cpu:cpu|ap040_core:core|ap040_fpu:g_fpu.fpu|ap040_fp_regfile:fpregs|altdpram:bank_b_rtl_0|dpram_rlo1:auto_generated|lutrama34~CLKMUX_0  to: emu:emu|quadra800:machine|wombat_cpu:cpu|ap040_core:core|ap040_fpu:g_fpu.fpu|ap040_fp_regfile:fpregs|altdpram:bank_b_rtl_0|dpram_rlo1:auto_generated|lutrama34~MEMORYREGOUT
    Info (332098): From: emu:emu|quadra800:machine|wombat_cpu:cpu|ap040_core:core|ap040_fpu:g_fpu.fpu|ap040_fp_regfile:fpregs|altdpram:bank_b_rtl_0|dpram_rlo1:auto_generated|lutrama35~CLKMUX_0  to: emu:emu|quadra800:machine|wombat_cpu:cpu|ap040_core:core|ap040_fpu:g_fpu.fpu|ap040_fp_regfile:fpregs|altdpram:bank_b_rtl_0|dpram_rlo1:auto_generated|lutrama35~MEMORYREGOUT
    Info (332098): From: emu:emu|quadra800:machine|wombat_cpu:cpu|ap040_core:core|ap040_fpu:g_fpu.fpu|ap040_fp_regfile:fpregs|altdpram:bank_b_rtl_0|dpram_rlo1:auto_generated|lutrama36~CLKMUX_0  to: emu:emu|quadra800:machine|wombat_cpu:cpu|ap040_core:core|ap040_fpu:g_fpu.fpu|ap040_fp_regfile:fpregs|altdpram:bank_b_rtl_0|dpram_rlo1:auto_generated|lutrama36~MEMORYREGOUT
    Info (332098): From: emu:emu|quadra800:machine|wombat_cpu:cpu|ap040_core:core|ap040_fpu:g_fpu.fpu|ap040_fp_regfile:fpregs|altdpram:bank_b_rtl_0|dpram_rlo1:auto_generated|lutrama37~CLKMUX_0  to: emu:emu|quadra800:machine|wombat_cpu:cpu|ap040_core:core|ap040_fpu:g_fpu.fpu|ap040_fp_regfile:fpregs|altdpram:bank_b_rtl_0|dpram_rlo1:auto_generated|lutrama37~MEMORYREGOUT
    Info (332098): From: emu:emu|quadra800:machine|wombat_cpu:cpu|ap040_core:core|ap040_fpu:g_fpu.fpu|ap040_fp_regfile:fpregs|altdpram:bank_b_rtl_0|dpram_rlo1:auto_generated|lutrama38~CLKMUX_0  to: emu:emu|quadra800:machine|wombat_cpu:cpu|ap040_core:core|ap040_fpu:g_fpu.fpu|ap040_fp_regfile:fpregs|altdpram:bank_b_rtl_0|dpram_rlo1:auto_generated|lutrama38~MEMORYREGOUT
    Info (332098): From: emu:emu|quadra800:machine|wombat_cpu:cpu|ap040_core:core|ap040_fpu:g_fpu.fpu|ap040_fp_regfile:fpregs|altdpram:bank_b_rtl_0|dpram_rlo1:auto_generated|lutrama39~CLKMUX_0  to: emu:emu|quadra800:machine|wombat_cpu:cpu|ap040_core:core|ap040_fpu:g_fpu.fpu|ap040_fp_regfile:fpregs|altdpram:bank_b_rtl_0|dpram_rlo1:auto_generated|lutrama39~MEMORYREGOUT
    Info (332098): From: emu:emu|quadra800:machine|wombat_cpu:cpu|ap040_core:core|ap040_fpu:g_fpu.fpu|ap040_fp_regfile:fpregs|altdpram:bank_b_rtl_0|dpram_rlo1:auto_generated|lutrama3~CLKMUX_0  to: emu:emu|quadra800:machine|wombat_cpu:cpu|ap040_core:core|ap040_fpu:g_fpu.fpu|ap040_fp_regfile:fpregs|altdpram:bank_b_rtl_0|dpram_rlo1:auto_generated|lutrama3~MEMORYREGOUT
    Info (332098): From: emu:emu|quadra800:machine|wombat_cpu:cpu|ap040_core:core|ap040_fpu:g_fpu.fpu|ap040_fp_regfile:fpregs|altdpram:bank_b_rtl_0|dpram_rlo1:auto_generated|lutrama40~CLKMUX_0  to: emu:emu|quadra800:machine|wombat_cpu:cpu|ap040_core:core|ap040_fpu:g_fpu.fpu|ap040_fp_regfile:fpregs|altdpram:bank_b_rtl_0|dpram_rlo1:auto_generated|lutrama40~MEMORYREGOUT
    Info (332098): From: emu:emu|quadra800:machine|wombat_cpu:cpu|ap040_core:core|ap040_fpu:g_fpu.fpu|ap040_fp_regfile:fpregs|altdpram:bank_b_rtl_0|dpram_rlo1:auto_generated|lutrama41~CLKMUX_0  to: emu:emu|quadra800:machine|wombat_cpu:cpu|ap040_core:core|ap040_fpu:g_fpu.fpu|ap040_fp_regfile:fpregs|altdpram:bank_b_rtl_0|dpram_rlo1:auto_generated|lutrama41~MEMORYREGOUT
    Info (332098): From: emu:emu|quadra800:machine|wombat_cpu:cpu|ap040_core:core|ap040_fpu:g_fpu.fpu|ap040_fp_regfile:fpregs|altdpram:bank_b_rtl_0|dpram_rlo1:auto_generated|lutrama42~CLKMUX_0  to: emu:emu|quadra800:machine|wombat_cpu:cpu|ap040_core:core|ap040_fpu:g_fpu.fpu|ap040_fp_regfile:fpregs|altdpram:bank_b_rtl_0|dpram_rlo1:auto_generated|lutrama42~MEMORYREGOUT
    Info (332098): From: emu:emu|quadra800:machine|wombat_cpu:cpu|ap040_core:core|ap040_fpu:g_fpu.fpu|ap040_fp_regfile:fpregs|altdpram:bank_b_rtl_0|dpram_rlo1:auto_generated|lutrama43~CLKMUX_0  to: emu:emu|quadra800:machine|wombat_cpu:cpu|ap040_core:core|ap040_fpu:g_fpu.fpu|ap040_fp_regfile:fpregs|altdpram:bank_b_rtl_0|dpram_rlo1:auto_generated|lutrama43~MEMORYREGOUT
    Info (332098): From: emu:emu|quadra800:machine|wombat_cpu:cpu|ap040_core:core|ap040_fpu:g_fpu.fpu|ap040_fp_regfile:fpregs|altdpram:bank_b_rtl_0|dpram_rlo1:auto_generated|lutrama44~CLKMUX_0  to: emu:emu|quadra800:machine|wombat_cpu:cpu|ap040_core:core|ap040_fpu:g_fpu.fpu|ap040_fp_regfile:fpregs|altdpram:bank_b_rtl_0|dpram_rlo1:auto_generated|lutrama44~MEMORYREGOUT
    Info (332098): From: emu:emu|quadra800:machine|wombat_cpu:cpu|ap040_core:core|ap040_fpu:g_fpu.fpu|ap040_fp_regfile:fpregs|altdpram:bank_b_rtl_0|dpram_rlo1:auto_generated|lutrama45~CLKMUX_0  to: emu:emu|quadra800:machine|wombat_cpu:cpu|ap040_core:core|ap040_fpu:g_fpu.fpu|ap040_fp_regfile:fpregs|altdpram:bank_b_rtl_0|dpram_rlo1:auto_generated|lutrama45~MEMORYREGOUT
    Info (332098): From: emu:emu|quadra800:machine|wombat_cpu:cpu|ap040_core:core|ap040_fpu:g_fpu.fpu|ap040_fp_regfile:fpregs|altdpram:bank_b_rtl_0|dpram_rlo1:auto_generated|lutrama46~CLKMUX_0  to: emu:emu|quadra800:machine|wombat_cpu:cpu|ap040_core:core|ap040_fpu:g_fpu.fpu|ap040_fp_regfile:fpregs|altdpram:bank_b_rtl_0|dpram_rlo1:auto_generated|lutrama46~MEMORYREGOUT
    Info (332098): From: emu:emu|quadra800:machine|wombat_cpu:cpu|ap040_core:core|ap040_fpu:g_fpu.fpu|ap040_fp_regfile:fpregs|altdpram:bank_b_rtl_0|dpram_rlo1:auto_generated|lutrama47~CLKMUX_0  to: emu:emu|quadra800:machine|wombat_cpu:cpu|ap040_core:core|ap040_fpu:g_fpu.fpu|ap040_fp_regfile:fpregs|altdpram:bank_b_rtl_0|dpram_rlo1:auto_generated|lutrama47~MEMORYREGOUT
    Info (332098): From: emu:emu|quadra800:machine|wombat_cpu:cpu|ap040_core:core|ap040_fpu:g_fpu.fpu|ap040_fp_regfile:fpregs|altdpram:bank_b_rtl_0|dpram_rlo1:auto_generated|lutrama48~CLKMUX_0  to: emu:emu|quadra800:machine|wombat_cpu:cpu|ap040_core:core|ap040_fpu:g_fpu.fpu|ap040_fp_regfile:fpregs|altdpram:bank_b_rtl_0|dpram_rlo1:auto_generated|lutrama48~MEMORYREGOUT
    Info (332098): From: emu:emu|quadra800:machine|wombat_cpu:cpu|ap040_core:core|ap040_fpu:g_fpu.fpu|ap040_fp_regfile:fpregs|altdpram:bank_b_rtl_0|dpram_rlo1:auto_generated|lutrama49~CLKMUX_0  to: emu:emu|quadra800:machine|wombat_cpu:cpu|ap040_core:core|ap040_fpu:g_fpu.fpu|ap040_fp_regfile:fpregs|altdpram:bank_b_rtl_0|dpram_rlo1:auto_generated|lutrama49~MEMORYREGOUT
    Info (332098): From: emu:emu|quadra800:machine|wombat_cpu:cpu|ap040_core:core|ap040_fpu:g_fpu.fpu|ap040_fp_regfile:fpregs|altdpram:bank_b_rtl_0|dpram_rlo1:auto_generated|lutrama4~CLKMUX_0  to: emu:emu|quadra800:machine|wombat_cpu:cpu|ap040_core:core|ap040_fpu:g_fpu.fpu|ap040_fp_regfile:fpregs|altdpram:bank_b_rtl_0|dpram_rlo1:auto_generated|lutrama4~MEMORYREGOUT
    Info (332098): From: emu:emu|quadra800:machine|wombat_cpu:cpu|ap040_core:core|ap040_fpu:g_fpu.fpu|ap040_fp_regfile:fpregs|altdpram:bank_b_rtl_0|dpram_rlo1:auto_generated|lutrama50~CLKMUX_0  to: emu:emu|quadra800:machine|wombat_cpu:cpu|ap040_core:core|ap040_fpu:g_fpu.fpu|ap040_fp_regfile:fpregs|altdpram:bank_b_rtl_0|dpram_rlo1:auto_generated|lutrama50~MEMORYREGOUT
    Info (332098): From: emu:emu|quadra800:machine|wombat_cpu:cpu|ap040_core:core|ap040_fpu:g_fpu.fpu|ap040_fp_regfile:fpregs|altdpram:bank_b_rtl_0|dpram_rlo1:auto_generated|lutrama51~CLKMUX_0  to: emu:emu|quadra800:machine|wombat_cpu:cpu|ap040_core:core|ap040_fpu:g_fpu.fpu|ap040_fp_regfile:fpregs|altdpram:bank_b_rtl_0|dpram_rlo1:auto_generated|lutrama51~MEMORYREGOUT
    Info (332098): From: emu:emu|quadra800:machine|wombat_cpu:cpu|ap040_core:core|ap040_fpu:g_fpu.fpu|ap040_fp_regfile:fpregs|altdpram:bank_b_rtl_0|dpram_rlo1:auto_generated|lutrama52~CLKMUX_0  to: emu:emu|quadra800:machine|wombat_cpu:cpu|ap040_core:core|ap040_fpu:g_fpu.fpu|ap040_fp_regfile:fpregs|altdpram:bank_b_rtl_0|dpram_rlo1:auto_generated|lutrama52~MEMORYREGOUT
    Info (332098): From: emu:emu|quadra800:machine|wombat_cpu:cpu|ap040_core:core|ap040_fpu:g_fpu.fpu|ap040_fp_regfile:fpregs|altdpram:bank_b_rtl_0|dpram_rlo1:auto_generated|lutrama53~CLKMUX_0  to: emu:emu|quadra800:machine|wombat_cpu:cpu|ap040_core:core|ap040_fpu:g_fpu.fpu|ap040_fp_regfile:fpregs|altdpram:bank_b_rtl_0|dpram_rlo1:auto_generated|lutrama53~MEMORYREGOUT
    Info (332098): From: emu:emu|quadra800:machine|wombat_cpu:cpu|ap040_core:core|ap040_fpu:g_fpu.fpu|ap040_fp_regfile:fpregs|altdpram:bank_b_rtl_0|dpram_rlo1:auto_generated|lutrama54~CLKMUX_0  to: emu:emu|quadra800:machine|wombat_cpu:cpu|ap040_core:core|ap040_fpu:g_fpu.fpu|ap040_fp_regfile:fpregs|altdpram:bank_b_rtl_0|dpram_rlo1:auto_generated|lutrama54~MEMORYREGOUT
    Info (332098): From: emu:emu|quadra800:machine|wombat_cpu:cpu|ap040_core:core|ap040_fpu:g_fpu.fpu|ap040_fp_regfile:fpregs|altdpram:bank_b_rtl_0|dpram_rlo1:auto_generated|lutrama55~CLKMUX_0  to: emu:emu|quadra800:machine|wombat_cpu:cpu|ap040_core:core|ap040_fpu:g_fpu.fpu|ap040_fp_regfile:fpregs|altdpram:bank_b_rtl_0|dpram_rlo1:auto_generated|lutrama55~MEMORYREGOUT
    Info (332098): From: emu:emu|quadra800:machine|wombat_cpu:cpu|ap040_core:core|ap040_fpu:g_fpu.fpu|ap040_fp_regfile:fpregs|altdpram:bank_b_rtl_0|dpram_rlo1:auto_generated|lutrama56~CLKMUX_0  to: emu:emu|quadra800:machine|wombat_cpu:cpu|ap040_core:core|ap040_fpu:g_fpu.fpu|ap040_fp_regfile:fpregs|altdpram:bank_b_rtl_0|dpram_rlo1:auto_generated|lutrama56~MEMORYREGOUT
    Info (332098): From: emu:emu|quadra800:machine|wombat_cpu:cpu|ap040_core:core|ap040_fpu:g_fpu.fpu|ap040_fp_regfile:fpregs|altdpram:bank_b_rtl_0|dpram_rlo1:auto_generated|lutrama57~CLKMUX_0  to: emu:emu|quadra800:machine|wombat_cpu:cpu|ap040_core:core|ap040_fpu:g_fpu.fpu|ap040_fp_regfile:fpregs|altdpram:bank_b_rtl_0|dpram_rlo1:auto_generated|lutrama57~MEMORYREGOUT
    Info (332098): From: emu:emu|quadra800:machine|wombat_cpu:cpu|ap040_core:core|ap040_fpu:g_fpu.fpu|ap040_fp_regfile:fpregs|altdpram:bank_b_rtl_0|dpram_rlo1:auto_generated|lutrama58~CLKMUX_0  to: emu:emu|quadra800:machine|wombat_cpu:cpu|ap040_core:core|ap040_fpu:g_fpu.fpu|ap040_fp_regfile:fpregs|altdpram:bank_b_rtl_0|dpram_rlo1:auto_generated|lutrama58~MEMORYREGOUT
    Info (332098): From: emu:emu|quadra800:machine|wombat_cpu:cpu|ap040_core:core|ap040_fpu:g_fpu.fpu|ap040_fp_regfile:fpregs|altdpram:bank_b_rtl_0|dpram_rlo1:auto_generated|lutrama59~CLKMUX_0  to: emu:emu|quadra800:machine|wombat_cpu:cpu|ap040_core:core|ap040_fpu:g_fpu.fpu|ap040_fp_regfile:fpregs|altdpram:bank_b_rtl_0|dpram_rlo1:auto_generated|lutrama59~MEMORYREGOUT
    Info (332098): From: emu:emu|quadra800:machine|wombat_cpu:cpu|ap040_core:core|ap040_fpu:g_fpu.fpu|ap040_fp_regfile:fpregs|altdpram:bank_b_rtl_0|dpram_rlo1:auto_generated|lutrama5~CLKMUX_0  to: emu:emu|quadra800:machine|wombat_cpu:cpu|ap040_core:core|ap040_fpu:g_fpu.fpu|ap040_fp_regfile:fpregs|altdpram:bank_b_rtl_0|dpram_rlo1:auto_generated|lutrama5~MEMORYREGOUT
    Info (332098): From: emu:emu|quadra800:machine|wombat_cpu:cpu|ap040_core:core|ap040_fpu:g_fpu.fpu|ap040_fp_regfile:fpregs|altdpram:bank_b_rtl_0|dpram_rlo1:auto_generated|lutrama60~CLKMUX_0  to: emu:emu|quadra800:machine|wombat_cpu:cpu|ap040_core:core|ap040_fpu:g_fpu.fpu|ap040_fp_regfile:fpregs|altdpram:bank_b_rtl_0|dpram_rlo1:auto_generated|lutrama60~MEMORYREGOUT
    Info (332098): From: emu:emu|quadra800:machine|wombat_cpu:cpu|ap040_core:core|ap040_fpu:g_fpu.fpu|ap040_fp_regfile:fpregs|altdpram:bank_b_rtl_0|dpram_rlo1:auto_generated|lutrama61~CLKMUX_0  to: emu:emu|quadra800:machine|wombat_cpu:cpu|ap040_core:core|ap040_fpu:g_fpu.fpu|ap040_fp_regfile:fpregs|altdpram:bank_b_rtl_0|dpram_rlo1:auto_generated|lutrama61~MEMORYREGOUT
    Info (332098): From: emu:emu|quadra800:machine|wombat_cpu:cpu|ap040_core:core|ap040_fpu:g_fpu.fpu|ap040_fp_regfile:fpregs|altdpram:bank_b_rtl_0|dpram_rlo1:auto_generated|lutrama62~CLKMUX_0  to: emu:emu|quadra800:machine|wombat_cpu:cpu|ap040_core:core|ap040_fpu:g_fpu.fpu|ap040_fp_regfile:fpregs|altdpram:bank_b_rtl_0|dpram_rlo1:auto_generated|lutrama62~MEMORYREGOUT
    Info (332098): From: emu:emu|quadra800:machine|wombat_cpu:cpu|ap040_core:core|ap040_fpu:g_fpu.fpu|ap040_fp_regfile:fpregs|altdpram:bank_b_rtl_0|dpram_rlo1:auto_generated|lutrama63~CLKMUX_0  to: emu:emu|quadra800:machine|wombat_cpu:cpu|ap040_core:core|ap040_fpu:g_fpu.fpu|ap040_fp_regfile:fpregs|altdpram:bank_b_rtl_0|dpram_rlo1:auto_generated|lutrama63~MEMORYREGOUT
    Info (332098): From: emu:emu|quadra800:machine|wombat_cpu:cpu|ap040_core:core|ap040_fpu:g_fpu.fpu|ap040_fp_regfile:fpregs|altdpram:bank_b_rtl_0|dpram_rlo1:auto_generated|lutrama64~CLKMUX_0  to: emu:emu|quadra800:machine|wombat_cpu:cpu|ap040_core:core|ap040_fpu:g_fpu.fpu|ap040_fp_regfile:fpregs|altdpram:bank_b_rtl_0|dpram_rlo1:auto_generated|lutrama64~MEMORYREGOUT
    Info (332098): From: emu:emu|quadra800:machine|wombat_cpu:cpu|ap040_core:core|ap040_fpu:g_fpu.fpu|ap040_fp_regfile:fpregs|altdpram:bank_b_rtl_0|dpram_rlo1:auto_generated|lutrama65~CLKMUX_0  to: emu:emu|quadra800:machine|wombat_cpu:cpu|ap040_core:core|ap040_fpu:g_fpu.fpu|ap040_fp_regfile:fpregs|altdpram:bank_b_rtl_0|dpram_rlo1:auto_generated|lutrama65~MEMORYREGOUT
    Info (332098): From: emu:emu|quadra800:machine|wombat_cpu:cpu|ap040_core:core|ap040_fpu:g_fpu.fpu|ap040_fp_regfile:fpregs|altdpram:bank_b_rtl_0|dpram_rlo1:auto_generated|lutrama66~CLKMUX_0  to: emu:emu|quadra800:machine|wombat_cpu:cpu|ap040_core:core|ap040_fpu:g_fpu.fpu|ap040_fp_regfile:fpregs|altdpram:bank_b_rtl_0|dpram_rlo1:auto_generated|lutrama66~MEMORYREGOUT
    Info (332098): From: emu:emu|quadra800:machine|wombat_cpu:cpu|ap040_core:core|ap040_fpu:g_fpu.fpu|ap040_fp_regfile:fpregs|altdpram:bank_b_rtl_0|dpram_rlo1:auto_generated|lutrama67~CLKMUX_0  to: emu:emu|quadra800:machine|wombat_cpu:cpu|ap040_core:core|ap040_fpu:g_fpu.fpu|ap040_fp_regfile:fpregs|altdpram:bank_b_rtl_0|dpram_rlo1:auto_generated|lutrama67~MEMORYREGOUT
    Info (332098): From: emu:emu|quadra800:machine|wombat_cpu:cpu|ap040_core:core|ap040_fpu:g_fpu.fpu|ap040_fp_regfile:fpregs|altdpram:bank_b_rtl_0|dpram_rlo1:auto_generated|lutrama68~CLKMUX_0  to: emu:emu|quadra800:machine|wombat_cpu:cpu|ap040_core:core|ap040_fpu:g_fpu.fpu|ap040_fp_regfile:fpregs|altdpram:bank_b_rtl_0|dpram_rlo1:auto_generated|lutrama68~MEMORYREGOUT
    Info (332098): From: emu:emu|quadra800:machine|wombat_cpu:cpu|ap040_core:core|ap040_fpu:g_fpu.fpu|ap040_fp_regfile:fpregs|altdpram:bank_b_rtl_0|dpram_rlo1:auto_generated|lutrama69~CLKMUX_0  to: emu:emu|quadra800:machine|wombat_cpu:cpu|ap040_core:core|ap040_fpu:g_fpu.fpu|ap040_fp_regfile:fpregs|altdpram:bank_b_rtl_0|dpram_rlo1:auto_generated|lutrama69~MEMORYREGOUT
    Info (332098): From: emu:emu|quadra800:machine|wombat_cpu:cpu|ap040_core:core|ap040_fpu:g_fpu.fpu|ap040_fp_regfile:fpregs|altdpram:bank_b_rtl_0|dpram_rlo1:auto_generated|lutrama6~CLKMUX_0  to: emu:emu|quadra800:machine|wombat_cpu:cpu|ap040_core:core|ap040_fpu:g_fpu.fpu|ap040_fp_regfile:fpregs|altdpram:bank_b_rtl_0|dpram_rlo1:auto_generated|lutrama6~MEMORYREGOUT
    Info (332098): From: emu:emu|quadra800:machine|wombat_cpu:cpu|ap040_core:core|ap040_fpu:g_fpu.fpu|ap040_fp_regfile:fpregs|altdpram:bank_b_rtl_0|dpram_rlo1:auto_generated|lutrama70~CLKMUX_0  to: emu:emu|quadra800:machine|wombat_cpu:cpu|ap040_core:core|ap040_fpu:g_fpu.fpu|ap040_fp_regfile:fpregs|altdpram:bank_b_rtl_0|dpram_rlo1:auto_generated|lutrama70~MEMORYREGOUT
    Info (332098): From: emu:emu|quadra800:machine|wombat_cpu:cpu|ap040_core:core|ap040_fpu:g_fpu.fpu|ap040_fp_regfile:fpregs|altdpram:bank_b_rtl_0|dpram_rlo1:auto_generated|lutrama71~CLKMUX_0  to: emu:emu|quadra800:machine|wombat_cpu:cpu|ap040_core:core|ap040_fpu:g_fpu.fpu|ap040_fp_regfile:fpregs|altdpram:bank_b_rtl_0|dpram_rlo1:auto_generated|lutrama71~MEMORYREGOUT
    Info (332098): From: emu:emu|quadra800:machine|wombat_cpu:cpu|ap040_core:core|ap040_fpu:g_fpu.fpu|ap040_fp_regfile:fpregs|altdpram:bank_b_rtl_0|dpram_rlo1:auto_generated|lutrama72~CLKMUX_0  to: emu:emu|quadra800:machine|wombat_cpu:cpu|ap040_core:core|ap040_fpu:g_fpu.fpu|ap040_fp_regfile:fpregs|altdpram:bank_b_rtl_0|dpram_rlo1:auto_generated|lutrama72~MEMORYREGOUT
    Info (332098): From: emu:emu|quadra800:machine|wombat_cpu:cpu|ap040_core:core|ap040_fpu:g_fpu.fpu|ap040_fp_regfile:fpregs|altdpram:bank_b_rtl_0|dpram_rlo1:auto_generated|lutrama73~CLKMUX_0  to: emu:emu|quadra800:machine|wombat_cpu:cpu|ap040_core:core|ap040_fpu:g_fpu.fpu|ap040_fp_regfile:fpregs|altdpram:bank_b_rtl_0|dpram_rlo1:auto_generated|lutrama73~MEMORYREGOUT
    Info (332098): From: emu:emu|quadra800:machine|wombat_cpu:cpu|ap040_core:core|ap040_fpu:g_fpu.fpu|ap040_fp_regfile:fpregs|altdpram:bank_b_rtl_0|dpram_rlo1:auto_generated|lutrama74~CLKMUX_0  to: emu:emu|quadra800:machine|wombat_cpu:cpu|ap040_core:core|ap040_fpu:g_fpu.fpu|ap040_fp_regfile:fpregs|altdpram:bank_b_rtl_0|dpram_rlo1:auto_generated|lutrama74~MEMORYREGOUT
    Info (332098): From: emu:emu|quadra800:machine|wombat_cpu:cpu|ap040_core:core|ap040_fpu:g_fpu.fpu|ap040_fp_regfile:fpregs|altdpram:bank_b_rtl_0|dpram_rlo1:auto_generated|lutrama75~CLKMUX_0  to: emu:emu|quadra800:machine|wombat_cpu:cpu|ap040_core:core|ap040_fpu:g_fpu.fpu|ap040_fp_regfile:fpregs|altdpram:bank_b_rtl_0|dpram_rlo1:auto_generated|lutrama75~MEMORYREGOUT
    Info (332098): From: emu:emu|quadra800:machine|wombat_cpu:cpu|ap040_core:core|ap040_fpu:g_fpu.fpu|ap040_fp_regfile:fpregs|altdpram:bank_b_rtl_0|dpram_rlo1:auto_generated|lutrama76~CLKMUX_0  to: emu:emu|quadra800:machine|wombat_cpu:cpu|ap040_core:core|ap040_fpu:g_fpu.fpu|ap040_fp_regfile:fpregs|altdpram:bank_b_rtl_0|dpram_rlo1:auto_generated|lutrama76~MEMORYREGOUT
    Info (332098): From: emu:emu|quadra800:machine|wombat_cpu:cpu|ap040_core:core|ap040_fpu:g_fpu.fpu|ap040_fp_regfile:fpregs|altdpram:bank_b_rtl_0|dpram_rlo1:auto_generated|lutrama77~CLKMUX_0  to: emu:emu|quadra800:machine|wombat_cpu:cpu|ap040_core:core|ap040_fpu:g_fpu.fpu|ap040_fp_regfile:fpregs|altdpram:bank_b_rtl_0|dpram_rlo1:auto_generated|lutrama77~MEMORYREGOUT
    Info (332098): From: emu:emu|quadra800:machine|wombat_cpu:cpu|ap040_core:core|ap040_fpu:g_fpu.fpu|ap040_fp_regfile:fpregs|altdpram:bank_b_rtl_0|dpram_rlo1:auto_generated|lutrama78~CLKMUX_0  to: emu:emu|quadra800:machine|wombat_cpu:cpu|ap040_core:core|ap040_fpu:g_fpu.fpu|ap040_fp_regfile:fpregs|altdpram:bank_b_rtl_0|dpram_rlo1:auto_generated|lutrama78~MEMORYREGOUT
    Info (332098): From: emu:emu|quadra800:machine|wombat_cpu:cpu|ap040_core:core|ap040_fpu:g_fpu.fpu|ap040_fp_regfile:fpregs|altdpram:bank_b_rtl_0|dpram_rlo1:auto_generated|lutrama79~CLKMUX_0  to: emu:emu|quadra800:machine|wombat_cpu:cpu|ap040_core:core|ap040_fpu:g_fpu.fpu|ap040_fp_regfile:fpregs|altdpram:bank_b_rtl_0|dpram_rlo1:auto_generated|lutrama79~MEMORYREGOUT
    Info (332098): From: emu:emu|quadra800:machine|wombat_cpu:cpu|ap040_core:core|ap040_fpu:g_fpu.fpu|ap040_fp_regfile:fpregs|altdpram:bank_b_rtl_0|dpram_rlo1:auto_generated|lutrama7~CLKMUX_0  to: emu:emu|quadra800:machine|wombat_cpu:cpu|ap040_core:core|ap040_fpu:g_fpu.fpu|ap040_fp_regfile:fpregs|altdpram:bank_b_rtl_0|dpram_rlo1:auto_generated|lutrama7~MEMORYREGOUT
    Info (332098): From: emu:emu|quadra800:machine|wombat_cpu:cpu|ap040_core:core|ap040_fpu:g_fpu.fpu|ap040_fp_regfile:fpregs|altdpram:bank_b_rtl_0|dpram_rlo1:auto_generated|lutrama8~CLKMUX_0  to: emu:emu|quadra800:machine|wombat_cpu:cpu|ap040_core:core|ap040_fpu:g_fpu.fpu|ap040_fp_regfile:fpregs|altdpram:bank_b_rtl_0|dpram_rlo1:auto_generated|lutrama8~MEMORYREGOUT
    Info (332098): From: emu:emu|quadra800:machine|wombat_cpu:cpu|ap040_core:core|ap040_fpu:g_fpu.fpu|ap040_fp_regfile:fpregs|altdpram:bank_b_rtl_0|dpram_rlo1:auto_generated|lutrama9~CLKMUX_0  to: emu:emu|quadra800:machine|wombat_cpu:cpu|ap040_core:core|ap040_fpu:g_fpu.fpu|ap040_fp_regfile:fpregs|altdpram:bank_b_rtl_0|dpram_rlo1:auto_generated|lutrama9~MEMORYREGOUT
    Info (332098): From: emu:emu|quadra800:machine|wombat_cpu:cpu|ap040_core:core|ap040_regfile:regfile|altdpram:bank_a_rtl_0|dpram_8no1:auto_generated|lutrama0~CLKMUX_0  to: emu:emu|quadra800:machine|wombat_cpu:cpu|ap040_core:core|ap040_regfile:regfile|altdpram:bank_a_rtl_0|dpram_8no1:auto_generated|lutrama0~MEMORYREGOUT
    Info (332098): From: emu:emu|quadra800:machine|wombat_cpu:cpu|ap040_core:core|ap040_regfile:regfile|altdpram:bank_a_rtl_0|dpram_8no1:auto_generated|lutrama10~CLKMUX_0  to: emu:emu|quadra800:machine|wombat_cpu:cpu|ap040_core:core|ap040_regfile:regfile|altdpram:bank_a_rtl_0|dpram_8no1:auto_generated|lutrama10~MEMORYREGOUT
    Info (332098): From: emu:emu|quadra800:machine|wombat_cpu:cpu|ap040_core:core|ap040_regfile:regfile|altdpram:bank_a_rtl_0|dpram_8no1:auto_generated|lutrama11~CLKMUX_0  to: emu:emu|quadra800:machine|wombat_cpu:cpu|ap040_core:core|ap040_regfile:regfile|altdpram:bank_a_rtl_0|dpram_8no1:auto_generated|lutrama11~MEMORYREGOUT
    Info (332098): From: emu:emu|quadra800:machine|wombat_cpu:cpu|ap040_core:core|ap040_regfile:regfile|altdpram:bank_a_rtl_0|dpram_8no1:auto_generated|lutrama12~CLKMUX_0  to: emu:emu|quadra800:machine|wombat_cpu:cpu|ap040_core:core|ap040_regfile:regfile|altdpram:bank_a_rtl_0|dpram_8no1:auto_generated|lutrama12~MEMORYREGOUT
    Info (332098): From: emu:emu|quadra800:machine|wombat_cpu:cpu|ap040_core:core|ap040_regfile:regfile|altdpram:bank_a_rtl_0|dpram_8no1:auto_generated|lutrama13~CLKMUX_0  to: emu:emu|quadra800:machine|wombat_cpu:cpu|ap040_core:core|ap040_regfile:regfile|altdpram:bank_a_rtl_0|dpram_8no1:auto_generated|lutrama13~MEMORYREGOUT
    Info (332098): From: emu:emu|quadra800:machine|wombat_cpu:cpu|ap040_core:core|ap040_regfile:regfile|altdpram:bank_a_rtl_0|dpram_8no1:auto_generated|lutrama14~CLKMUX_0  to: emu:emu|quadra800:machine|wombat_cpu:cpu|ap040_core:core|ap040_regfile:regfile|altdpram:bank_a_rtl_0|dpram_8no1:auto_generated|lutrama14~MEMORYREGOUT
    Info (332098): From: emu:emu|quadra800:machine|wombat_cpu:cpu|ap040_core:core|ap040_regfile:regfile|altdpram:bank_a_rtl_0|dpram_8no1:auto_generated|lutrama15~CLKMUX_0  to: emu:emu|quadra800:machine|wombat_cpu:cpu|ap040_core:core|ap040_regfile:regfile|altdpram:bank_a_rtl_0|dpram_8no1:auto_generated|lutrama15~MEMORYREGOUT
    Info (332098): From: emu:emu|quadra800:machine|wombat_cpu:cpu|ap040_core:core|ap040_regfile:regfile|altdpram:bank_a_rtl_0|dpram_8no1:auto_generated|lutrama16~CLKMUX_0  to: emu:emu|quadra800:machine|wombat_cpu:cpu|ap040_core:core|ap040_regfile:regfile|altdpram:bank_a_rtl_0|dpram_8no1:auto_generated|lutrama16~MEMORYREGOUT
    Info (332098): From: emu:emu|quadra800:machine|wombat_cpu:cpu|ap040_core:core|ap040_regfile:regfile|altdpram:bank_a_rtl_0|dpram_8no1:auto_generated|lutrama17~CLKMUX_0  to: emu:emu|quadra800:machine|wombat_cpu:cpu|ap040_core:core|ap040_regfile:regfile|altdpram:bank_a_rtl_0|dpram_8no1:auto_generated|lutrama17~MEMORYREGOUT
    Info (332098): From: emu:emu|quadra800:machine|wombat_cpu:cpu|ap040_core:core|ap040_regfile:regfile|altdpram:bank_a_rtl_0|dpram_8no1:auto_generated|lutrama18~CLKMUX_0  to: emu:emu|quadra800:machine|wombat_cpu:cpu|ap040_core:core|ap040_regfile:regfile|altdpram:bank_a_rtl_0|dpram_8no1:auto_generated|lutrama18~MEMORYREGOUT
    Info (332098): From: emu:emu|quadra800:machine|wombat_cpu:cpu|ap040_core:core|ap040_regfile:regfile|altdpram:bank_a_rtl_0|dpram_8no1:auto_generated|lutrama19~CLKMUX_0  to: emu:emu|quadra800:machine|wombat_cpu:cpu|ap040_core:core|ap040_regfile:regfile|altdpram:bank_a_rtl_0|dpram_8no1:auto_generated|lutrama19~MEMORYREGOUT
    Info (332098): From: emu:emu|quadra800:machine|wombat_cpu:cpu|ap040_core:core|ap040_regfile:regfile|altdpram:bank_a_rtl_0|dpram_8no1:auto_generated|lutrama1~CLKMUX_0  to: emu:emu|quadra800:machine|wombat_cpu:cpu|ap040_core:core|ap040_regfile:regfile|altdpram:bank_a_rtl_0|dpram_8no1:auto_generated|lutrama1~MEMORYREGOUT
    Info (332098): From: emu:emu|quadra800:machine|wombat_cpu:cpu|ap040_core:core|ap040_regfile:regfile|altdpram:bank_a_rtl_0|dpram_8no1:auto_generated|lutrama20~CLKMUX_0  to: emu:emu|quadra800:machine|wombat_cpu:cpu|ap040_core:core|ap040_regfile:regfile|altdpram:bank_a_rtl_0|dpram_8no1:auto_generated|lutrama20~MEMORYREGOUT
    Info (332098): From: emu:emu|quadra800:machine|wombat_cpu:cpu|ap040_core:core|ap040_regfile:regfile|altdpram:bank_a_rtl_0|dpram_8no1:auto_generated|lutrama21~CLKMUX_0  to: emu:emu|quadra800:machine|wombat_cpu:cpu|ap040_core:core|ap040_regfile:regfile|altdpram:bank_a_rtl_0|dpram_8no1:auto_generated|lutrama21~MEMORYREGOUT
    Info (332098): From: emu:emu|quadra800:machine|wombat_cpu:cpu|ap040_core:core|ap040_regfile:regfile|altdpram:bank_a_rtl_0|dpram_8no1:auto_generated|lutrama22~CLKMUX_0  to: emu:emu|quadra800:machine|wombat_cpu:cpu|ap040_core:core|ap040_regfile:regfile|altdpram:bank_a_rtl_0|dpram_8no1:auto_generated|lutrama22~MEMORYREGOUT
    Info (332098): From: emu:emu|quadra800:machine|wombat_cpu:cpu|ap040_core:core|ap040_regfile:regfile|altdpram:bank_a_rtl_0|dpram_8no1:auto_generated|lutrama23~CLKMUX_0  to: emu:emu|quadra800:machine|wombat_cpu:cpu|ap040_core:core|ap040_regfile:regfile|altdpram:bank_a_rtl_0|dpram_8no1:auto_generated|lutrama23~MEMORYREGOUT
    Info (332098): From: emu:emu|quadra800:machine|wombat_cpu:cpu|ap040_core:core|ap040_regfile:regfile|altdpram:bank_a_rtl_0|dpram_8no1:auto_generated|lutrama24~CLKMUX_0  to: emu:emu|quadra800:machine|wombat_cpu:cpu|ap040_core:core|ap040_regfile:regfile|altdpram:bank_a_rtl_0|dpram_8no1:auto_generated|lutrama24~MEMORYREGOUT
    Info (332098): From: emu:emu|quadra800:machine|wombat_cpu:cpu|ap040_core:core|ap040_regfile:regfile|altdpram:bank_a_rtl_0|dpram_8no1:auto_generated|lutrama25~CLKMUX_0  to: emu:emu|quadra800:machine|wombat_cpu:cpu|ap040_core:core|ap040_regfile:regfile|altdpram:bank_a_rtl_0|dpram_8no1:auto_generated|lutrama25~MEMORYREGOUT
    Info (332098): From: emu:emu|quadra800:machine|wombat_cpu:cpu|ap040_core:core|ap040_regfile:regfile|altdpram:bank_a_rtl_0|dpram_8no1:auto_generated|lutrama26~CLKMUX_0  to: emu:emu|quadra800:machine|wombat_cpu:cpu|ap040_core:core|ap040_regfile:regfile|altdpram:bank_a_rtl_0|dpram_8no1:auto_generated|lutrama26~MEMORYREGOUT
    Info (332098): From: emu:emu|quadra800:machine|wombat_cpu:cpu|ap040_core:core|ap040_regfile:regfile|altdpram:bank_a_rtl_0|dpram_8no1:auto_generated|lutrama27~CLKMUX_0  to: emu:emu|quadra800:machine|wombat_cpu:cpu|ap040_core:core|ap040_regfile:regfile|altdpram:bank_a_rtl_0|dpram_8no1:auto_generated|lutrama27~MEMORYREGOUT
    Info (332098): From: emu:emu|quadra800:machine|wombat_cpu:cpu|ap040_core:core|ap040_regfile:regfile|altdpram:bank_a_rtl_0|dpram_8no1:auto_generated|lutrama28~CLKMUX_0  to: emu:emu|quadra800:machine|wombat_cpu:cpu|ap040_core:core|ap040_regfile:regfile|altdpram:bank_a_rtl_0|dpram_8no1:auto_generated|lutrama28~MEMORYREGOUT
    Info (332098): From: emu:emu|quadra800:machine|wombat_cpu:cpu|ap040_core:core|ap040_regfile:regfile|altdpram:bank_a_rtl_0|dpram_8no1:auto_generated|lutrama29~CLKMUX_0  to: emu:emu|quadra800:machine|wombat_cpu:cpu|ap040_core:core|ap040_regfile:regfile|altdpram:bank_a_rtl_0|dpram_8no1:auto_generated|lutrama29~MEMORYREGOUT
    Info (332098): From: emu:emu|quadra800:machine|wombat_cpu:cpu|ap040_core:core|ap040_regfile:regfile|altdpram:bank_a_rtl_0|dpram_8no1:auto_generated|lutrama2~CLKMUX_0  to: emu:emu|quadra800:machine|wombat_cpu:cpu|ap040_core:core|ap040_regfile:regfile|altdpram:bank_a_rtl_0|dpram_8no1:auto_generated|lutrama2~MEMORYREGOUT
    Info (332098): From: emu:emu|quadra800:machine|wombat_cpu:cpu|ap040_core:core|ap040_regfile:regfile|altdpram:bank_a_rtl_0|dpram_8no1:auto_generated|lutrama30~CLKMUX_0  to: emu:emu|quadra800:machine|wombat_cpu:cpu|ap040_core:core|ap040_regfile:regfile|altdpram:bank_a_rtl_0|dpram_8no1:auto_generated|lutrama30~MEMORYREGOUT
    Info (332098): From: emu:emu|quadra800:machine|wombat_cpu:cpu|ap040_core:core|ap040_regfile:regfile|altdpram:bank_a_rtl_0|dpram_8no1:auto_generated|lutrama31~CLKMUX_0  to: emu:emu|quadra800:machine|wombat_cpu:cpu|ap040_core:core|ap040_regfile:regfile|altdpram:bank_a_rtl_0|dpram_8no1:auto_generated|lutrama31~MEMORYREGOUT
    Info (332098): From: emu:emu|quadra800:machine|wombat_cpu:cpu|ap040_core:core|ap040_regfile:regfile|altdpram:bank_a_rtl_0|dpram_8no1:auto_generated|lutrama3~CLKMUX_0  to: emu:emu|quadra800:machine|wombat_cpu:cpu|ap040_core:core|ap040_regfile:regfile|altdpram:bank_a_rtl_0|dpram_8no1:auto_generated|lutrama3~MEMORYREGOUT
    Info (332098): From: emu:emu|quadra800:machine|wombat_cpu:cpu|ap040_core:core|ap040_regfile:regfile|altdpram:bank_a_rtl_0|dpram_8no1:auto_generated|lutrama4~CLKMUX_0  to: emu:emu|quadra800:machine|wombat_cpu:cpu|ap040_core:core|ap040_regfile:regfile|altdpram:bank_a_rtl_0|dpram_8no1:auto_generated|lutrama4~MEMORYREGOUT
    Info (332098): From: emu:emu|quadra800:machine|wombat_cpu:cpu|ap040_core:core|ap040_regfile:regfile|altdpram:bank_a_rtl_0|dpram_8no1:auto_generated|lutrama5~CLKMUX_0  to: emu:emu|quadra800:machine|wombat_cpu:cpu|ap040_core:core|ap040_regfile:regfile|altdpram:bank_a_rtl_0|dpram_8no1:auto_generated|lutrama5~MEMORYREGOUT
    Info (332098): From: emu:emu|quadra800:machine|wombat_cpu:cpu|ap040_core:core|ap040_regfile:regfile|altdpram:bank_a_rtl_0|dpram_8no1:auto_generated|lutrama6~CLKMUX_0  to: emu:emu|quadra800:machine|wombat_cpu:cpu|ap040_core:core|ap040_regfile:regfile|altdpram:bank_a_rtl_0|dpram_8no1:auto_generated|lutrama6~MEMORYREGOUT
    Info (332098): From: emu:emu|quadra800:machine|wombat_cpu:cpu|ap040_core:core|ap040_regfile:regfile|altdpram:bank_a_rtl_0|dpram_8no1:auto_generated|lutrama7~CLKMUX_0  to: emu:emu|quadra800:machine|wombat_cpu:cpu|ap040_core:core|ap040_regfile:regfile|altdpram:bank_a_rtl_0|dpram_8no1:auto_generated|lutrama7~MEMORYREGOUT
    Info (332098): From: emu:emu|quadra800:machine|wombat_cpu:cpu|ap040_core:core|ap040_regfile:regfile|altdpram:bank_a_rtl_0|dpram_8no1:auto_generated|lutrama8~CLKMUX_0  to: emu:emu|quadra800:machine|wombat_cpu:cpu|ap040_core:core|ap040_regfile:regfile|altdpram:bank_a_rtl_0|dpram_8no1:auto_generated|lutrama8~MEMORYREGOUT
    Info (332098): From: emu:emu|quadra800:machine|wombat_cpu:cpu|ap040_core:core|ap040_regfile:regfile|altdpram:bank_a_rtl_0|dpram_8no1:auto_generated|lutrama9~CLKMUX_0  to: emu:emu|quadra800:machine|wombat_cpu:cpu|ap040_core:core|ap040_regfile:regfile|altdpram:bank_a_rtl_0|dpram_8no1:auto_generated|lutrama9~MEMORYREGOUT
    Info (332098): From: emu:emu|quadra800:machine|wombat_cpu:cpu|ap040_core:core|ap040_regfile:regfile|altdpram:bank_b_rtl_0|dpram_8no1:auto_generated|lutrama0~CLKMUX_0  to: emu:emu|quadra800:machine|wombat_cpu:cpu|ap040_core:core|ap040_regfile:regfile|altdpram:bank_b_rtl_0|dpram_8no1:auto_generated|lutrama0~MEMORYREGOUT
    Info (332098): From: emu:emu|quadra800:machine|wombat_cpu:cpu|ap040_core:core|ap040_regfile:regfile|altdpram:bank_b_rtl_0|dpram_8no1:auto_generated|lutrama10~CLKMUX_0  to: emu:emu|quadra800:machine|wombat_cpu:cpu|ap040_core:core|ap040_regfile:regfile|altdpram:bank_b_rtl_0|dpram_8no1:auto_generated|lutrama10~MEMORYREGOUT
    Info (332098): From: emu:emu|quadra800:machine|wombat_cpu:cpu|ap040_core:core|ap040_regfile:regfile|altdpram:bank_b_rtl_0|dpram_8no1:auto_generated|lutrama11~CLKMUX_0  to: emu:emu|quadra800:machine|wombat_cpu:cpu|ap040_core:core|ap040_regfile:regfile|altdpram:bank_b_rtl_0|dpram_8no1:auto_generated|lutrama11~MEMORYREGOUT
    Info (332098): From: emu:emu|quadra800:machine|wombat_cpu:cpu|ap040_core:core|ap040_regfile:regfile|altdpram:bank_b_rtl_0|dpram_8no1:auto_generated|lutrama12~CLKMUX_0  to: emu:emu|quadra800:machine|wombat_cpu:cpu|ap040_core:core|ap040_regfile:regfile|altdpram:bank_b_rtl_0|dpram_8no1:auto_generated|lutrama12~MEMORYREGOUT
    Info (332098): From: emu:emu|quadra800:machine|wombat_cpu:cpu|ap040_core:core|ap040_regfile:regfile|altdpram:bank_b_rtl_0|dpram_8no1:auto_generated|lutrama13~CLKMUX_0  to: emu:emu|quadra800:machine|wombat_cpu:cpu|ap040_core:core|ap040_regfile:regfile|altdpram:bank_b_rtl_0|dpram_8no1:auto_generated|lutrama13~MEMORYREGOUT
    Info (332098): From: emu:emu|quadra800:machine|wombat_cpu:cpu|ap040_core:core|ap040_regfile:regfile|altdpram:bank_b_rtl_0|dpram_8no1:auto_generated|lutrama14~CLKMUX_0  to: emu:emu|quadra800:machine|wombat_cpu:cpu|ap040_core:core|ap040_regfile:regfile|altdpram:bank_b_rtl_0|dpram_8no1:auto_generated|lutrama14~MEMORYREGOUT
    Info (332098): From: emu:emu|quadra800:machine|wombat_cpu:cpu|ap040_core:core|ap040_regfile:regfile|altdpram:bank_b_rtl_0|dpram_8no1:auto_generated|lutrama15~CLKMUX_0  to: emu:emu|quadra800:machine|wombat_cpu:cpu|ap040_core:core|ap040_regfile:regfile|altdpram:bank_b_rtl_0|dpram_8no1:auto_generated|lutrama15~MEMORYREGOUT
    Info (332098): From: emu:emu|quadra800:machine|wombat_cpu:cpu|ap040_core:core|ap040_regfile:regfile|altdpram:bank_b_rtl_0|dpram_8no1:auto_generated|lutrama16~CLKMUX_0  to: emu:emu|quadra800:machine|wombat_cpu:cpu|ap040_core:core|ap040_regfile:regfile|altdpram:bank_b_rtl_0|dpram_8no1:auto_generated|lutrama16~MEMORYREGOUT
    Info (332098): From: emu:emu|quadra800:machine|wombat_cpu:cpu|ap040_core:core|ap040_regfile:regfile|altdpram:bank_b_rtl_0|dpram_8no1:auto_generated|lutrama17~CLKMUX_0  to: emu:emu|quadra800:machine|wombat_cpu:cpu|ap040_core:core|ap040_regfile:regfile|altdpram:bank_b_rtl_0|dpram_8no1:auto_generated|lutrama17~MEMORYREGOUT
    Info (332098): From: emu:emu|quadra800:machine|wombat_cpu:cpu|ap040_core:core|ap040_regfile:regfile|altdpram:bank_b_rtl_0|dpram_8no1:auto_generated|lutrama18~CLKMUX_0  to: emu:emu|quadra800:machine|wombat_cpu:cpu|ap040_core:core|ap040_regfile:regfile|altdpram:bank_b_rtl_0|dpram_8no1:auto_generated|lutrama18~MEMORYREGOUT
    Info (332098): From: emu:emu|quadra800:machine|wombat_cpu:cpu|ap040_core:core|ap040_regfile:regfile|altdpram:bank_b_rtl_0|dpram_8no1:auto_generated|lutrama19~CLKMUX_0  to: emu:emu|quadra800:machine|wombat_cpu:cpu|ap040_core:core|ap040_regfile:regfile|altdpram:bank_b_rtl_0|dpram_8no1:auto_generated|lutrama19~MEMORYREGOUT
    Info (332098): From: emu:emu|quadra800:machine|wombat_cpu:cpu|ap040_core:core|ap040_regfile:regfile|altdpram:bank_b_rtl_0|dpram_8no1:auto_generated|lutrama1~CLKMUX_0  to: emu:emu|quadra800:machine|wombat_cpu:cpu|ap040_core:core|ap040_regfile:regfile|altdpram:bank_b_rtl_0|dpram_8no1:auto_generated|lutrama1~MEMORYREGOUT
    Info (332098): From: emu:emu|quadra800:machine|wombat_cpu:cpu|ap040_core:core|ap040_regfile:regfile|altdpram:bank_b_rtl_0|dpram_8no1:auto_generated|lutrama20~CLKMUX_0  to: emu:emu|quadra800:machine|wombat_cpu:cpu|ap040_core:core|ap040_regfile:regfile|altdpram:bank_b_rtl_0|dpram_8no1:auto_generated|lutrama20~MEMORYREGOUT
    Info (332098): From: emu:emu|quadra800:machine|wombat_cpu:cpu|ap040_core:core|ap040_regfile:regfile|altdpram:bank_b_rtl_0|dpram_8no1:auto_generated|lutrama21~CLKMUX_0  to: emu:emu|quadra800:machine|wombat_cpu:cpu|ap040_core:core|ap040_regfile:regfile|altdpram:bank_b_rtl_0|dpram_8no1:auto_generated|lutrama21~MEMORYREGOUT
    Info (332098): From: emu:emu|quadra800:machine|wombat_cpu:cpu|ap040_core:core|ap040_regfile:regfile|altdpram:bank_b_rtl_0|dpram_8no1:auto_generated|lutrama22~CLKMUX_0  to: emu:emu|quadra800:machine|wombat_cpu:cpu|ap040_core:core|ap040_regfile:regfile|altdpram:bank_b_rtl_0|dpram_8no1:auto_generated|lutrama22~MEMORYREGOUT
    Info (332098): From: emu:emu|quadra800:machine|wombat_cpu:cpu|ap040_core:core|ap040_regfile:regfile|altdpram:bank_b_rtl_0|dpram_8no1:auto_generated|lutrama23~CLKMUX_0  to: emu:emu|quadra800:machine|wombat_cpu:cpu|ap040_core:core|ap040_regfile:regfile|altdpram:bank_b_rtl_0|dpram_8no1:auto_generated|lutrama23~MEMORYREGOUT
    Info (332098): From: emu:emu|quadra800:machine|wombat_cpu:cpu|ap040_core:core|ap040_regfile:regfile|altdpram:bank_b_rtl_0|dpram_8no1:auto_generated|lutrama24~CLKMUX_0  to: emu:emu|quadra800:machine|wombat_cpu:cpu|ap040_core:core|ap040_regfile:regfile|altdpram:bank_b_rtl_0|dpram_8no1:auto_generated|lutrama24~MEMORYREGOUT
    Info (332098): From: emu:emu|quadra800:machine|wombat_cpu:cpu|ap040_core:core|ap040_regfile:regfile|altdpram:bank_b_rtl_0|dpram_8no1:auto_generated|lutrama25~CLKMUX_0  to: emu:emu|quadra800:machine|wombat_cpu:cpu|ap040_core:core|ap040_regfile:regfile|altdpram:bank_b_rtl_0|dpram_8no1:auto_generated|lutrama25~MEMORYREGOUT
    Info (332098): From: emu:emu|quadra800:machine|wombat_cpu:cpu|ap040_core:core|ap040_regfile:regfile|altdpram:bank_b_rtl_0|dpram_8no1:auto_generated|lutrama26~CLKMUX_0  to: emu:emu|quadra800:machine|wombat_cpu:cpu|ap040_core:core|ap040_regfile:regfile|altdpram:bank_b_rtl_0|dpram_8no1:auto_generated|lutrama26~MEMORYREGOUT
    Info (332098): From: emu:emu|quadra800:machine|wombat_cpu:cpu|ap040_core:core|ap040_regfile:regfile|altdpram:bank_b_rtl_0|dpram_8no1:auto_generated|lutrama27~CLKMUX_0  to: emu:emu|quadra800:machine|wombat_cpu:cpu|ap040_core:core|ap040_regfile:regfile|altdpram:bank_b_rtl_0|dpram_8no1:auto_generated|lutrama27~MEMORYREGOUT
    Info (332098): From: emu:emu|quadra800:machine|wombat_cpu:cpu|ap040_core:core|ap040_regfile:regfile|altdpram:bank_b_rtl_0|dpram_8no1:auto_generated|lutrama28~CLKMUX_0  to: emu:emu|quadra800:machine|wombat_cpu:cpu|ap040_core:core|ap040_regfile:regfile|altdpram:bank_b_rtl_0|dpram_8no1:auto_generated|lutrama28~MEMORYREGOUT
    Info (332098): From: emu:emu|quadra800:machine|wombat_cpu:cpu|ap040_core:core|ap040_regfile:regfile|altdpram:bank_b_rtl_0|dpram_8no1:auto_generated|lutrama29~CLKMUX_0  to: emu:emu|quadra800:machine|wombat_cpu:cpu|ap040_core:core|ap040_regfile:regfile|altdpram:bank_b_rtl_0|dpram_8no1:auto_generated|lutrama29~MEMORYREGOUT
    Info (332098): From: emu:emu|quadra800:machine|wombat_cpu:cpu|ap040_core:core|ap040_regfile:regfile|altdpram:bank_b_rtl_0|dpram_8no1:auto_generated|lutrama2~CLKMUX_0  to: emu:emu|quadra800:machine|wombat_cpu:cpu|ap040_core:core|ap040_regfile:regfile|altdpram:bank_b_rtl_0|dpram_8no1:auto_generated|lutrama2~MEMORYREGOUT
    Info (332098): From: emu:emu|quadra800:machine|wombat_cpu:cpu|ap040_core:core|ap040_regfile:regfile|altdpram:bank_b_rtl_0|dpram_8no1:auto_generated|lutrama30~CLKMUX_0  to: emu:emu|quadra800:machine|wombat_cpu:cpu|ap040_core:core|ap040_regfile:regfile|altdpram:bank_b_rtl_0|dpram_8no1:auto_generated|lutrama30~MEMORYREGOUT
    Info (332098): From: emu:emu|quadra800:machine|wombat_cpu:cpu|ap040_core:core|ap040_regfile:regfile|altdpram:bank_b_rtl_0|dpram_8no1:auto_generated|lutrama31~CLKMUX_0  to: emu:emu|quadra800:machine|wombat_cpu:cpu|ap040_core:core|ap040_regfile:regfile|altdpram:bank_b_rtl_0|dpram_8no1:auto_generated|lutrama31~MEMORYREGOUT
    Info (332098): From: emu:emu|quadra800:machine|wombat_cpu:cpu|ap040_core:core|ap040_regfile:regfile|altdpram:bank_b_rtl_0|dpram_8no1:auto_generated|lutrama3~CLKMUX_0  to: emu:emu|quadra800:machine|wombat_cpu:cpu|ap040_core:core|ap040_regfile:regfile|altdpram:bank_b_rtl_0|dpram_8no1:auto_generated|lutrama3~MEMORYREGOUT
    Info (332098): From: emu:emu|quadra800:machine|wombat_cpu:cpu|ap040_core:core|ap040_regfile:regfile|altdpram:bank_b_rtl_0|dpram_8no1:auto_generated|lutrama4~CLKMUX_0  to: emu:emu|quadra800:machine|wombat_cpu:cpu|ap040_core:core|ap040_regfile:regfile|altdpram:bank_b_rtl_0|dpram_8no1:auto_generated|lutrama4~MEMORYREGOUT
    Info (332098): From: emu:emu|quadra800:machine|wombat_cpu:cpu|ap040_core:core|ap040_regfile:regfile|altdpram:bank_b_rtl_0|dpram_8no1:auto_generated|lutrama5~CLKMUX_0  to: emu:emu|quadra800:machine|wombat_cpu:cpu|ap040_core:core|ap040_regfile:regfile|altdpram:bank_b_rtl_0|dpram_8no1:auto_generated|lutrama5~MEMORYREGOUT
    Info (332098): From: emu:emu|quadra800:machine|wombat_cpu:cpu|ap040_core:core|ap040_regfile:regfile|altdpram:bank_b_rtl_0|dpram_8no1:auto_generated|lutrama6~CLKMUX_0  to: emu:emu|quadra800:machine|wombat_cpu:cpu|ap040_core:core|ap040_regfile:regfile|altdpram:bank_b_rtl_0|dpram_8no1:auto_generated|lutrama6~MEMORYREGOUT
    Info (332098): From: emu:emu|quadra800:machine|wombat_cpu:cpu|ap040_core:core|ap040_regfile:regfile|altdpram:bank_b_rtl_0|dpram_8no1:auto_generated|lutrama7~CLKMUX_0  to: emu:emu|quadra800:machine|wombat_cpu:cpu|ap040_core:core|ap040_regfile:regfile|altdpram:bank_b_rtl_0|dpram_8no1:auto_generated|lutrama7~MEMORYREGOUT
    Info (332098): From: emu:emu|quadra800:machine|wombat_cpu:cpu|ap040_core:core|ap040_regfile:regfile|altdpram:bank_b_rtl_0|dpram_8no1:auto_generated|lutrama8~CLKMUX_0  to: emu:emu|quadra800:machine|wombat_cpu:cpu|ap040_core:core|ap040_regfile:regfile|altdpram:bank_b_rtl_0|dpram_8no1:auto_generated|lutrama8~MEMORYREGOUT
    Info (332098): From: emu:emu|quadra800:machine|wombat_cpu:cpu|ap040_core:core|ap040_regfile:regfile|altdpram:bank_b_rtl_0|dpram_8no1:auto_generated|lutrama9~CLKMUX_0  to: emu:emu|quadra800:machine|wombat_cpu:cpu|ap040_core:core|ap040_regfile:regfile|altdpram:bank_b_rtl_0|dpram_8no1:auto_generated|lutrama9~MEMORYREGOUT
    Info (332098): From: emu:emu|quadra800:machine|wombat_cpu:cpu|ap040_core:core|ap040_regfile:regfile|altdpram:bank_f_rtl_0|dpram_h8o1:auto_generated|lutrama0~CLKMUX_0  to: emu:emu|quadra800:machine|wombat_cpu:cpu|ap040_core:core|ap040_regfile:regfile|altdpram:bank_f_rtl_0|dpram_h8o1:auto_generated|lutrama0~MEMORYREGOUT
    Info (332098): From: emu:emu|quadra800:machine|wombat_cpu:cpu|ap040_core:core|ap040_regfile:regfile|altdpram:bank_f_rtl_0|dpram_h8o1:auto_generated|lutrama10~CLKMUX_0  to: emu:emu|quadra800:machine|wombat_cpu:cpu|ap040_core:core|ap040_regfile:regfile|altdpram:bank_f_rtl_0|dpram_h8o1:auto_generated|lutrama10~MEMORYREGOUT
    Info (332098): From: emu:emu|quadra800:machine|wombat_cpu:cpu|ap040_core:core|ap040_regfile:regfile|altdpram:bank_f_rtl_0|dpram_h8o1:auto_generated|lutrama11~CLKMUX_0  to: emu:emu|quadra800:machine|wombat_cpu:cpu|ap040_core:core|ap040_regfile:regfile|altdpram:bank_f_rtl_0|dpram_h8o1:auto_generated|lutrama11~MEMORYREGOUT
    Info (332098): From: emu:emu|quadra800:machine|wombat_cpu:cpu|ap040_core:core|ap040_regfile:regfile|altdpram:bank_f_rtl_0|dpram_h8o1:auto_generated|lutrama12~CLKMUX_0  to: emu:emu|quadra800:machine|wombat_cpu:cpu|ap040_core:core|ap040_regfile:regfile|altdpram:bank_f_rtl_0|dpram_h8o1:auto_generated|lutrama12~MEMORYREGOUT
    Info (332098): From: emu:emu|quadra800:machine|wombat_cpu:cpu|ap040_core:core|ap040_regfile:regfile|altdpram:bank_f_rtl_0|dpram_h8o1:auto_generated|lutrama13~CLKMUX_0  to: emu:emu|quadra800:machine|wombat_cpu:cpu|ap040_core:core|ap040_regfile:regfile|altdpram:bank_f_rtl_0|dpram_h8o1:auto_generated|lutrama13~MEMORYREGOUT
    Info (332098): From: emu:emu|quadra800:machine|wombat_cpu:cpu|ap040_core:core|ap040_regfile:regfile|altdpram:bank_f_rtl_0|dpram_h8o1:auto_generated|lutrama14~CLKMUX_0  to: emu:emu|quadra800:machine|wombat_cpu:cpu|ap040_core:core|ap040_regfile:regfile|altdpram:bank_f_rtl_0|dpram_h8o1:auto_generated|lutrama14~MEMORYREGOUT
    Info (332098): From: emu:emu|quadra800:machine|wombat_cpu:cpu|ap040_core:core|ap040_regfile:regfile|altdpram:bank_f_rtl_0|dpram_h8o1:auto_generated|lutrama15~CLKMUX_0  to: emu:emu|quadra800:machine|wombat_cpu:cpu|ap040_core:core|ap040_regfile:regfile|altdpram:bank_f_rtl_0|dpram_h8o1:auto_generated|lutrama15~MEMORYREGOUT
    Info (332098): From: emu:emu|quadra800:machine|wombat_cpu:cpu|ap040_core:core|ap040_regfile:regfile|altdpram:bank_f_rtl_0|dpram_h8o1:auto_generated|lutrama16~CLKMUX_0  to: emu:emu|quadra800:machine|wombat_cpu:cpu|ap040_core:core|ap040_regfile:regfile|altdpram:bank_f_rtl_0|dpram_h8o1:auto_generated|lutrama16~MEMORYREGOUT
    Info (332098): From: emu:emu|quadra800:machine|wombat_cpu:cpu|ap040_core:core|ap040_regfile:regfile|altdpram:bank_f_rtl_0|dpram_h8o1:auto_generated|lutrama17~CLKMUX_0  to: emu:emu|quadra800:machine|wombat_cpu:cpu|ap040_core:core|ap040_regfile:regfile|altdpram:bank_f_rtl_0|dpram_h8o1:auto_generated|lutrama17~MEMORYREGOUT
    Info (332098): From: emu:emu|quadra800:machine|wombat_cpu:cpu|ap040_core:core|ap040_regfile:regfile|altdpram:bank_f_rtl_0|dpram_h8o1:auto_generated|lutrama18~CLKMUX_0  to: emu:emu|quadra800:machine|wombat_cpu:cpu|ap040_core:core|ap040_regfile:regfile|altdpram:bank_f_rtl_0|dpram_h8o1:auto_generated|lutrama18~MEMORYREGOUT
    Info (332098): From: emu:emu|quadra800:machine|wombat_cpu:cpu|ap040_core:core|ap040_regfile:regfile|altdpram:bank_f_rtl_0|dpram_h8o1:auto_generated|lutrama19~CLKMUX_0  to: emu:emu|quadra800:machine|wombat_cpu:cpu|ap040_core:core|ap040_regfile:regfile|altdpram:bank_f_rtl_0|dpram_h8o1:auto_generated|lutrama19~MEMORYREGOUT
    Info (332098): From: emu:emu|quadra800:machine|wombat_cpu:cpu|ap040_core:core|ap040_regfile:regfile|altdpram:bank_f_rtl_0|dpram_h8o1:auto_generated|lutrama1~CLKMUX_0  to: emu:emu|quadra800:machine|wombat_cpu:cpu|ap040_core:core|ap040_regfile:regfile|altdpram:bank_f_rtl_0|dpram_h8o1:auto_generated|lutrama1~MEMORYREGOUT
    Info (332098): From: emu:emu|quadra800:machine|wombat_cpu:cpu|ap040_core:core|ap040_regfile:regfile|altdpram:bank_f_rtl_0|dpram_h8o1:auto_generated|lutrama20~CLKMUX_0  to: emu:emu|quadra800:machine|wombat_cpu:cpu|ap040_core:core|ap040_regfile:regfile|altdpram:bank_f_rtl_0|dpram_h8o1:auto_generated|lutrama20~MEMORYREGOUT
    Info (332098): From: emu:emu|quadra800:machine|wombat_cpu:cpu|ap040_core:core|ap040_regfile:regfile|altdpram:bank_f_rtl_0|dpram_h8o1:auto_generated|lutrama21~CLKMUX_0  to: emu:emu|quadra800:machine|wombat_cpu:cpu|ap040_core:core|ap040_regfile:regfile|altdpram:bank_f_rtl_0|dpram_h8o1:auto_generated|lutrama21~MEMORYREGOUT
    Info (332098): From: emu:emu|quadra800:machine|wombat_cpu:cpu|ap040_core:core|ap040_regfile:regfile|altdpram:bank_f_rtl_0|dpram_h8o1:auto_generated|lutrama22~CLKMUX_0  to: emu:emu|quadra800:machine|wombat_cpu:cpu|ap040_core:core|ap040_regfile:regfile|altdpram:bank_f_rtl_0|dpram_h8o1:auto_generated|lutrama22~MEMORYREGOUT
    Info (332098): From: emu:emu|quadra800:machine|wombat_cpu:cpu|ap040_core:core|ap040_regfile:regfile|altdpram:bank_f_rtl_0|dpram_h8o1:auto_generated|lutrama23~CLKMUX_0  to: emu:emu|quadra800:machine|wombat_cpu:cpu|ap040_core:core|ap040_regfile:regfile|altdpram:bank_f_rtl_0|dpram_h8o1:auto_generated|lutrama23~MEMORYREGOUT
    Info (332098): From: emu:emu|quadra800:machine|wombat_cpu:cpu|ap040_core:core|ap040_regfile:regfile|altdpram:bank_f_rtl_0|dpram_h8o1:auto_generated|lutrama24~CLKMUX_0  to: emu:emu|quadra800:machine|wombat_cpu:cpu|ap040_core:core|ap040_regfile:regfile|altdpram:bank_f_rtl_0|dpram_h8o1:auto_generated|lutrama24~MEMORYREGOUT
    Info (332098): From: emu:emu|quadra800:machine|wombat_cpu:cpu|ap040_core:core|ap040_regfile:regfile|altdpram:bank_f_rtl_0|dpram_h8o1:auto_generated|lutrama25~CLKMUX_0  to: emu:emu|quadra800:machine|wombat_cpu:cpu|ap040_core:core|ap040_regfile:regfile|altdpram:bank_f_rtl_0|dpram_h8o1:auto_generated|lutrama25~MEMORYREGOUT
    Info (332098): From: emu:emu|quadra800:machine|wombat_cpu:cpu|ap040_core:core|ap040_regfile:regfile|altdpram:bank_f_rtl_0|dpram_h8o1:auto_generated|lutrama26~CLKMUX_0  to: emu:emu|quadra800:machine|wombat_cpu:cpu|ap040_core:core|ap040_regfile:regfile|altdpram:bank_f_rtl_0|dpram_h8o1:auto_generated|lutrama26~MEMORYREGOUT
    Info (332098): From: emu:emu|quadra800:machine|wombat_cpu:cpu|ap040_core:core|ap040_regfile:regfile|altdpram:bank_f_rtl_0|dpram_h8o1:auto_generated|lutrama27~CLKMUX_0  to: emu:emu|quadra800:machine|wombat_cpu:cpu|ap040_core:core|ap040_regfile:regfile|altdpram:bank_f_rtl_0|dpram_h8o1:auto_generated|lutrama27~MEMORYREGOUT
    Info (332098): From: emu:emu|quadra800:machine|wombat_cpu:cpu|ap040_core:core|ap040_regfile:regfile|altdpram:bank_f_rtl_0|dpram_h8o1:auto_generated|lutrama28~CLKMUX_0  to: emu:emu|quadra800:machine|wombat_cpu:cpu|ap040_core:core|ap040_regfile:regfile|altdpram:bank_f_rtl_0|dpram_h8o1:auto_generated|lutrama28~MEMORYREGOUT
    Info (332098): From: emu:emu|quadra800:machine|wombat_cpu:cpu|ap040_core:core|ap040_regfile:regfile|altdpram:bank_f_rtl_0|dpram_h8o1:auto_generated|lutrama29~CLKMUX_0  to: emu:emu|quadra800:machine|wombat_cpu:cpu|ap040_core:core|ap040_regfile:regfile|altdpram:bank_f_rtl_0|dpram_h8o1:auto_generated|lutrama29~MEMORYREGOUT
    Info (332098): From: emu:emu|quadra800:machine|wombat_cpu:cpu|ap040_core:core|ap040_regfile:regfile|altdpram:bank_f_rtl_0|dpram_h8o1:auto_generated|lutrama2~CLKMUX_0  to: emu:emu|quadra800:machine|wombat_cpu:cpu|ap040_core:core|ap040_regfile:regfile|altdpram:bank_f_rtl_0|dpram_h8o1:auto_generated|lutrama2~MEMORYREGOUT
    Info (332098): From: emu:emu|quadra800:machine|wombat_cpu:cpu|ap040_core:core|ap040_regfile:regfile|altdpram:bank_f_rtl_0|dpram_h8o1:auto_generated|lutrama30~CLKMUX_0  to: emu:emu|quadra800:machine|wombat_cpu:cpu|ap040_core:core|ap040_regfile:regfile|altdpram:bank_f_rtl_0|dpram_h8o1:auto_generated|lutrama30~MEMORYREGOUT
    Info (332098): From: emu:emu|quadra800:machine|wombat_cpu:cpu|ap040_core:core|ap040_regfile:regfile|altdpram:bank_f_rtl_0|dpram_h8o1:auto_generated|lutrama31~CLKMUX_0  to: emu:emu|quadra800:machine|wombat_cpu:cpu|ap040_core:core|ap040_regfile:regfile|altdpram:bank_f_rtl_0|dpram_h8o1:auto_generated|lutrama31~MEMORYREGOUT
    Info (332098): From: emu:emu|quadra800:machine|wombat_cpu:cpu|ap040_core:core|ap040_regfile:regfile|altdpram:bank_f_rtl_0|dpram_h8o1:auto_generated|lutrama3~CLKMUX_0  to: emu:emu|quadra800:machine|wombat_cpu:cpu|ap040_core:core|ap040_regfile:regfile|altdpram:bank_f_rtl_0|dpram_h8o1:auto_generated|lutrama3~MEMORYREGOUT
    Info (332098): From: emu:emu|quadra800:machine|wombat_cpu:cpu|ap040_core:core|ap040_regfile:regfile|altdpram:bank_f_rtl_0|dpram_h8o1:auto_generated|lutrama4~CLKMUX_0  to: emu:emu|quadra800:machine|wombat_cpu:cpu|ap040_core:core|ap040_regfile:regfile|altdpram:bank_f_rtl_0|dpram_h8o1:auto_generated|lutrama4~MEMORYREGOUT
    Info (332098): From: emu:emu|quadra800:machine|wombat_cpu:cpu|ap040_core:core|ap040_regfile:regfile|altdpram:bank_f_rtl_0|dpram_h8o1:auto_generated|lutrama5~CLKMUX_0  to: emu:emu|quadra800:machine|wombat_cpu:cpu|ap040_core:core|ap040_regfile:regfile|altdpram:bank_f_rtl_0|dpram_h8o1:auto_generated|lutrama5~MEMORYREGOUT
    Info (332098): From: emu:emu|quadra800:machine|wombat_cpu:cpu|ap040_core:core|ap040_regfile:regfile|altdpram:bank_f_rtl_0|dpram_h8o1:auto_generated|lutrama6~CLKMUX_0  to: emu:emu|quadra800:machine|wombat_cpu:cpu|ap040_core:core|ap040_regfile:regfile|altdpram:bank_f_rtl_0|dpram_h8o1:auto_generated|lutrama6~MEMORYREGOUT
    Info (332098): From: emu:emu|quadra800:machine|wombat_cpu:cpu|ap040_core:core|ap040_regfile:regfile|altdpram:bank_f_rtl_0|dpram_h8o1:auto_generated|lutrama7~CLKMUX_0  to: emu:emu|quadra800:machine|wombat_cpu:cpu|ap040_core:core|ap040_regfile:regfile|altdpram:bank_f_rtl_0|dpram_h8o1:auto_generated|lutrama7~MEMORYREGOUT
    Info (332098): From: emu:emu|quadra800:machine|wombat_cpu:cpu|ap040_core:core|ap040_regfile:regfile|altdpram:bank_f_rtl_0|dpram_h8o1:auto_generated|lutrama8~CLKMUX_0  to: emu:emu|quadra800:machine|wombat_cpu:cpu|ap040_core:core|ap040_regfile:regfile|altdpram:bank_f_rtl_0|dpram_h8o1:auto_generated|lutrama8~MEMORYREGOUT
    Info (332098): From: emu:emu|quadra800:machine|wombat_cpu:cpu|ap040_core:core|ap040_regfile:regfile|altdpram:bank_f_rtl_0|dpram_h8o1:auto_generated|lutrama9~CLKMUX_0  to: emu:emu|quadra800:machine|wombat_cpu:cpu|ap040_core:core|ap040_regfile:regfile|altdpram:bank_f_rtl_0|dpram_h8o1:auto_generated|lutrama9~MEMORYREGOUT
    Info (332098): From: emu:emu|quadra800:machine|wombat_cpu:cpu|ap040_core:core|ap040_regfile:regfile|altdpram:extra_reads.bank_c_rtl_0|dpram_8no1:auto_generated|lutrama0~CLKMUX_0  to: emu:emu|quadra800:machine|wombat_cpu:cpu|ap040_core:core|ap040_regfile:regfile|altdpram:extra_reads.bank_c_rtl_0|dpram_8no1:auto_generated|lutrama0~MEMORYREGOUT
    Info (332098): From: emu:emu|quadra800:machine|wombat_cpu:cpu|ap040_core:core|ap040_regfile:regfile|altdpram:extra_reads.bank_c_rtl_0|dpram_8no1:auto_generated|lutrama10~CLKMUX_0  to: emu:emu|quadra800:machine|wombat_cpu:cpu|ap040_core:core|ap040_regfile:regfile|altdpram:extra_reads.bank_c_rtl_0|dpram_8no1:auto_generated|lutrama10~MEMORYREGOUT
    Info (332098): From: emu:emu|quadra800:machine|wombat_cpu:cpu|ap040_core:core|ap040_regfile:regfile|altdpram:extra_reads.bank_c_rtl_0|dpram_8no1:auto_generated|lutrama11~CLKMUX_0  to: emu:emu|quadra800:machine|wombat_cpu:cpu|ap040_core:core|ap040_regfile:regfile|altdpram:extra_reads.bank_c_rtl_0|dpram_8no1:auto_generated|lutrama11~MEMORYREGOUT
    Info (332098): From: emu:emu|quadra800:machine|wombat_cpu:cpu|ap040_core:core|ap040_regfile:regfile|altdpram:extra_reads.bank_c_rtl_0|dpram_8no1:auto_generated|lutrama12~CLKMUX_0  to: emu:emu|quadra800:machine|wombat_cpu:cpu|ap040_core:core|ap040_regfile:regfile|altdpram:extra_reads.bank_c_rtl_0|dpram_8no1:auto_generated|lutrama12~MEMORYREGOUT
    Info (332098): From: emu:emu|quadra800:machine|wombat_cpu:cpu|ap040_core:core|ap040_regfile:regfile|altdpram:extra_reads.bank_c_rtl_0|dpram_8no1:auto_generated|lutrama13~CLKMUX_0  to: emu:emu|quadra800:machine|wombat_cpu:cpu|ap040_core:core|ap040_regfile:regfile|altdpram:extra_reads.bank_c_rtl_0|dpram_8no1:auto_generated|lutrama13~MEMORYREGOUT
    Info (332098): From: emu:emu|quadra800:machine|wombat_cpu:cpu|ap040_core:core|ap040_regfile:regfile|altdpram:extra_reads.bank_c_rtl_0|dpram_8no1:auto_generated|lutrama14~CLKMUX_0  to: emu:emu|quadra800:machine|wombat_cpu:cpu|ap040_core:core|ap040_regfile:regfile|altdpram:extra_reads.bank_c_rtl_0|dpram_8no1:auto_generated|lutrama14~MEMORYREGOUT
    Info (332098): From: emu:emu|quadra800:machine|wombat_cpu:cpu|ap040_core:core|ap040_regfile:regfile|altdpram:extra_reads.bank_c_rtl_0|dpram_8no1:auto_generated|lutrama15~CLKMUX_0  to: emu:emu|quadra800:machine|wombat_cpu:cpu|ap040_core:core|ap040_regfile:regfile|altdpram:extra_reads.bank_c_rtl_0|dpram_8no1:auto_generated|lutrama15~MEMORYREGOUT
    Info (332098): From: emu:emu|quadra800:machine|wombat_cpu:cpu|ap040_core:core|ap040_regfile:regfile|altdpram:extra_reads.bank_c_rtl_0|dpram_8no1:auto_generated|lutrama16~CLKMUX_0  to: emu:emu|quadra800:machine|wombat_cpu:cpu|ap040_core:core|ap040_regfile:regfile|altdpram:extra_reads.bank_c_rtl_0|dpram_8no1:auto_generated|lutrama16~MEMORYREGOUT
    Info (332098): From: emu:emu|quadra800:machine|wombat_cpu:cpu|ap040_core:core|ap040_regfile:regfile|altdpram:extra_reads.bank_c_rtl_0|dpram_8no1:auto_generated|lutrama17~CLKMUX_0  to: emu:emu|quadra800:machine|wombat_cpu:cpu|ap040_core:core|ap040_regfile:regfile|altdpram:extra_reads.bank_c_rtl_0|dpram_8no1:auto_generated|lutrama17~MEMORYREGOUT
    Info (332098): From: emu:emu|quadra800:machine|wombat_cpu:cpu|ap040_core:core|ap040_regfile:regfile|altdpram:extra_reads.bank_c_rtl_0|dpram_8no1:auto_generated|lutrama18~CLKMUX_0  to: emu:emu|quadra800:machine|wombat_cpu:cpu|ap040_core:core|ap040_regfile:regfile|altdpram:extra_reads.bank_c_rtl_0|dpram_8no1:auto_generated|lutrama18~MEMORYREGOUT
    Info (332098): From: emu:emu|quadra800:machine|wombat_cpu:cpu|ap040_core:core|ap040_regfile:regfile|altdpram:extra_reads.bank_c_rtl_0|dpram_8no1:auto_generated|lutrama19~CLKMUX_0  to: emu:emu|quadra800:machine|wombat_cpu:cpu|ap040_core:core|ap040_regfile:regfile|altdpram:extra_reads.bank_c_rtl_0|dpram_8no1:auto_generated|lutrama19~MEMORYREGOUT
    Info (332098): From: emu:emu|quadra800:machine|wombat_cpu:cpu|ap040_core:core|ap040_regfile:regfile|altdpram:extra_reads.bank_c_rtl_0|dpram_8no1:auto_generated|lutrama1~CLKMUX_0  to: emu:emu|quadra800:machine|wombat_cpu:cpu|ap040_core:core|ap040_regfile:regfile|altdpram:extra_reads.bank_c_rtl_0|dpram_8no1:auto_generated|lutrama1~MEMORYREGOUT
    Info (332098): From: emu:emu|quadra800:machine|wombat_cpu:cpu|ap040_core:core|ap040_regfile:regfile|altdpram:extra_reads.bank_c_rtl_0|dpram_8no1:auto_generated|lutrama20~CLKMUX_0  to: emu:emu|quadra800:machine|wombat_cpu:cpu|ap040_core:core|ap040_regfile:regfile|altdpram:extra_reads.bank_c_rtl_0|dpram_8no1:auto_generated|lutrama20~MEMORYREGOUT
    Info (332098): From: emu:emu|quadra800:machine|wombat_cpu:cpu|ap040_core:core|ap040_regfile:regfile|altdpram:extra_reads.bank_c_rtl_0|dpram_8no1:auto_generated|lutrama21~CLKMUX_0  to: emu:emu|quadra800:machine|wombat_cpu:cpu|ap040_core:core|ap040_regfile:regfile|altdpram:extra_reads.bank_c_rtl_0|dpram_8no1:auto_generated|lutrama21~MEMORYREGOUT
    Info (332098): From: emu:emu|quadra800:machine|wombat_cpu:cpu|ap040_core:core|ap040_regfile:regfile|altdpram:extra_reads.bank_c_rtl_0|dpram_8no1:auto_generated|lutrama22~CLKMUX_0  to: emu:emu|quadra800:machine|wombat_cpu:cpu|ap040_core:core|ap040_regfile:regfile|altdpram:extra_reads.bank_c_rtl_0|dpram_8no1:auto_generated|lutrama22~MEMORYREGOUT
    Info (332098): From: emu:emu|quadra800:machine|wombat_cpu:cpu|ap040_core:core|ap040_regfile:regfile|altdpram:extra_reads.bank_c_rtl_0|dpram_8no1:auto_generated|lutrama23~CLKMUX_0  to: emu:emu|quadra800:machine|wombat_cpu:cpu|ap040_core:core|ap040_regfile:regfile|altdpram:extra_reads.bank_c_rtl_0|dpram_8no1:auto_generated|lutrama23~MEMORYREGOUT
    Info (332098): From: emu:emu|quadra800:machine|wombat_cpu:cpu|ap040_core:core|ap040_regfile:regfile|altdpram:extra_reads.bank_c_rtl_0|dpram_8no1:auto_generated|lutrama24~CLKMUX_0  to: emu:emu|quadra800:machine|wombat_cpu:cpu|ap040_core:core|ap040_regfile:regfile|altdpram:extra_reads.bank_c_rtl_0|dpram_8no1:auto_generated|lutrama24~MEMORYREGOUT
    Info (332098): From: emu:emu|quadra800:machine|wombat_cpu:cpu|ap040_core:core|ap040_regfile:regfile|altdpram:extra_reads.bank_c_rtl_0|dpram_8no1:auto_generated|lutrama25~CLKMUX_0  to: emu:emu|quadra800:machine|wombat_cpu:cpu|ap040_core:core|ap040_regfile:regfile|altdpram:extra_reads.bank_c_rtl_0|dpram_8no1:auto_generated|lutrama25~MEMORYREGOUT
    Info (332098): From: emu:emu|quadra800:machine|wombat_cpu:cpu|ap040_core:core|ap040_regfile:regfile|altdpram:extra_reads.bank_c_rtl_0|dpram_8no1:auto_generated|lutrama26~CLKMUX_0  to: emu:emu|quadra800:machine|wombat_cpu:cpu|ap040_core:core|ap040_regfile:regfile|altdpram:extra_reads.bank_c_rtl_0|dpram_8no1:auto_generated|lutrama26~MEMORYREGOUT
    Info (332098): From: emu:emu|quadra800:machine|wombat_cpu:cpu|ap040_core:core|ap040_regfile:regfile|altdpram:extra_reads.bank_c_rtl_0|dpram_8no1:auto_generated|lutrama27~CLKMUX_0  to: emu:emu|quadra800:machine|wombat_cpu:cpu|ap040_core:core|ap040_regfile:regfile|altdpram:extra_reads.bank_c_rtl_0|dpram_8no1:auto_generated|lutrama27~MEMORYREGOUT
    Info (332098): From: emu:emu|quadra800:machine|wombat_cpu:cpu|ap040_core:core|ap040_regfile:regfile|altdpram:extra_reads.bank_c_rtl_0|dpram_8no1:auto_generated|lutrama28~CLKMUX_0  to: emu:emu|quadra800:machine|wombat_cpu:cpu|ap040_core:core|ap040_regfile:regfile|altdpram:extra_reads.bank_c_rtl_0|dpram_8no1:auto_generated|lutrama28~MEMORYREGOUT
    Info (332098): From: emu:emu|quadra800:machine|wombat_cpu:cpu|ap040_core:core|ap040_regfile:regfile|altdpram:extra_reads.bank_c_rtl_0|dpram_8no1:auto_generated|lutrama29~CLKMUX_0  to: emu:emu|quadra800:machine|wombat_cpu:cpu|ap040_core:core|ap040_regfile:regfile|altdpram:extra_reads.bank_c_rtl_0|dpram_8no1:auto_generated|lutrama29~MEMORYREGOUT
    Info (332098): From: emu:emu|quadra800:machine|wombat_cpu:cpu|ap040_core:core|ap040_regfile:regfile|altdpram:extra_reads.bank_c_rtl_0|dpram_8no1:auto_generated|lutrama2~CLKMUX_0  to: emu:emu|quadra800:machine|wombat_cpu:cpu|ap040_core:core|ap040_regfile:regfile|altdpram:extra_reads.bank_c_rtl_0|dpram_8no1:auto_generated|lutrama2~MEMORYREGOUT
    Info (332098): From: emu:emu|quadra800:machine|wombat_cpu:cpu|ap040_core:core|ap040_regfile:regfile|altdpram:extra_reads.bank_c_rtl_0|dpram_8no1:auto_generated|lutrama30~CLKMUX_0  to: emu:emu|quadra800:machine|wombat_cpu:cpu|ap040_core:core|ap040_regfile:regfile|altdpram:extra_reads.bank_c_rtl_0|dpram_8no1:auto_generated|lutrama30~MEMORYREGOUT
    Info (332098): From: emu:emu|quadra800:machine|wombat_cpu:cpu|ap040_core:core|ap040_regfile:regfile|altdpram:extra_reads.bank_c_rtl_0|dpram_8no1:auto_generated|lutrama31~CLKMUX_0  to: emu:emu|quadra800:machine|wombat_cpu:cpu|ap040_core:core|ap040_regfile:regfile|altdpram:extra_reads.bank_c_rtl_0|dpram_8no1:auto_generated|lutrama31~MEMORYREGOUT
    Info (332098): From: emu:emu|quadra800:machine|wombat_cpu:cpu|ap040_core:core|ap040_regfile:regfile|altdpram:extra_reads.bank_c_rtl_0|dpram_8no1:auto_generated|lutrama3~CLKMUX_0  to: emu:emu|quadra800:machine|wombat_cpu:cpu|ap040_core:core|ap040_regfile:regfile|altdpram:extra_reads.bank_c_rtl_0|dpram_8no1:auto_generated|lutrama3~MEMORYREGOUT
    Info (332098): From: emu:emu|quadra800:machine|wombat_cpu:cpu|ap040_core:core|ap040_regfile:regfile|altdpram:extra_reads.bank_c_rtl_0|dpram_8no1:auto_generated|lutrama4~CLKMUX_0  to: emu:emu|quadra800:machine|wombat_cpu:cpu|ap040_core:core|ap040_regfile:regfile|altdpram:extra_reads.bank_c_rtl_0|dpram_8no1:auto_generated|lutrama4~MEMORYREGOUT
    Info (332098): From: emu:emu|quadra800:machine|wombat_cpu:cpu|ap040_core:core|ap040_regfile:regfile|altdpram:extra_reads.bank_c_rtl_0|dpram_8no1:auto_generated|lutrama5~CLKMUX_0  to: emu:emu|quadra800:machine|wombat_cpu:cpu|ap040_core:core|ap040_regfile:regfile|altdpram:extra_reads.bank_c_rtl_0|dpram_8no1:auto_generated|lutrama5~MEMORYREGOUT
    Info (332098): From: emu:emu|quadra800:machine|wombat_cpu:cpu|ap040_core:core|ap040_regfile:regfile|altdpram:extra_reads.bank_c_rtl_0|dpram_8no1:auto_generated|lutrama6~CLKMUX_0  to: emu:emu|quadra800:machine|wombat_cpu:cpu|ap040_core:core|ap040_regfile:regfile|altdpram:extra_reads.bank_c_rtl_0|dpram_8no1:auto_generated|lutrama6~MEMORYREGOUT
    Info (332098): From: emu:emu|quadra800:machine|wombat_cpu:cpu|ap040_core:core|ap040_regfile:regfile|altdpram:extra_reads.bank_c_rtl_0|dpram_8no1:auto_generated|lutrama7~CLKMUX_0  to: emu:emu|quadra800:machine|wombat_cpu:cpu|ap040_core:core|ap040_regfile:regfile|altdpram:extra_reads.bank_c_rtl_0|dpram_8no1:auto_generated|lutrama7~MEMORYREGOUT
    Info (332098): From: emu:emu|quadra800:machine|wombat_cpu:cpu|ap040_core:core|ap040_regfile:regfile|altdpram:extra_reads.bank_c_rtl_0|dpram_8no1:auto_generated|lutrama8~CLKMUX_0  to: emu:emu|quadra800:machine|wombat_cpu:cpu|ap040_core:core|ap040_regfile:regfile|altdpram:extra_reads.bank_c_rtl_0|dpram_8no1:auto_generated|lutrama8~MEMORYREGOUT
    Info (332098): From: emu:emu|quadra800:machine|wombat_cpu:cpu|ap040_core:core|ap040_regfile:regfile|altdpram:extra_reads.bank_c_rtl_0|dpram_8no1:auto_generated|lutrama9~CLKMUX_0  to: emu:emu|quadra800:machine|wombat_cpu:cpu|ap040_core:core|ap040_regfile:regfile|altdpram:extra_reads.bank_c_rtl_0|dpram_8no1:auto_generated|lutrama9~MEMORYREGOUT
    Info (332098): From: emu:emu|quadra800:machine|wombat_cpu:cpu|ap040_core:core|ap040_regfile:regfile|altdpram:extra_reads.bank_d_rtl_0|dpram_8no1:auto_generated|lutrama0~CLKMUX_0  to: emu:emu|quadra800:machine|wombat_cpu:cpu|ap040_core:core|ap040_regfile:regfile|altdpram:extra_reads.bank_d_rtl_0|dpram_8no1:auto_generated|lutrama0~MEMORYREGOUT
    Info (332098): From: emu:emu|quadra800:machine|wombat_cpu:cpu|ap040_core:core|ap040_regfile:regfile|altdpram:extra_reads.bank_d_rtl_0|dpram_8no1:auto_generated|lutrama10~CLKMUX_0  to: emu:emu|quadra800:machine|wombat_cpu:cpu|ap040_core:core|ap040_regfile:regfile|altdpram:extra_reads.bank_d_rtl_0|dpram_8no1:auto_generated|lutrama10~MEMORYREGOUT
    Info (332098): From: emu:emu|quadra800:machine|wombat_cpu:cpu|ap040_core:core|ap040_regfile:regfile|altdpram:extra_reads.bank_d_rtl_0|dpram_8no1:auto_generated|lutrama11~CLKMUX_0  to: emu:emu|quadra800:machine|wombat_cpu:cpu|ap040_core:core|ap040_regfile:regfile|altdpram:extra_reads.bank_d_rtl_0|dpram_8no1:auto_generated|lutrama11~MEMORYREGOUT
    Info (332098): From: emu:emu|quadra800:machine|wombat_cpu:cpu|ap040_core:core|ap040_regfile:regfile|altdpram:extra_reads.bank_d_rtl_0|dpram_8no1:auto_generated|lutrama12~CLKMUX_0  to: emu:emu|quadra800:machine|wombat_cpu:cpu|ap040_core:core|ap040_regfile:regfile|altdpram:extra_reads.bank_d_rtl_0|dpram_8no1:auto_generated|lutrama12~MEMORYREGOUT
    Info (332098): From: emu:emu|quadra800:machine|wombat_cpu:cpu|ap040_core:core|ap040_regfile:regfile|altdpram:extra_reads.bank_d_rtl_0|dpram_8no1:auto_generated|lutrama13~CLKMUX_0  to: emu:emu|quadra800:machine|wombat_cpu:cpu|ap040_core:core|ap040_regfile:regfile|altdpram:extra_reads.bank_d_rtl_0|dpram_8no1:auto_generated|lutrama13~MEMORYREGOUT
    Info (332098): From: emu:emu|quadra800:machine|wombat_cpu:cpu|ap040_core:core|ap040_regfile:regfile|altdpram:extra_reads.bank_d_rtl_0|dpram_8no1:auto_generated|lutrama14~CLKMUX_0  to: emu:emu|quadra800:machine|wombat_cpu:cpu|ap040_core:core|ap040_regfile:regfile|altdpram:extra_reads.bank_d_rtl_0|dpram_8no1:auto_generated|lutrama14~MEMORYREGOUT
    Info (332098): From: emu:emu|quadra800:machine|wombat_cpu:cpu|ap040_core:core|ap040_regfile:regfile|altdpram:extra_reads.bank_d_rtl_0|dpram_8no1:auto_generated|lutrama15~CLKMUX_0  to: emu:emu|quadra800:machine|wombat_cpu:cpu|ap040_core:core|ap040_regfile:regfile|altdpram:extra_reads.bank_d_rtl_0|dpram_8no1:auto_generated|lutrama15~MEMORYREGOUT
    Info (332098): From: emu:emu|quadra800:machine|wombat_cpu:cpu|ap040_core:core|ap040_regfile:regfile|altdpram:extra_reads.bank_d_rtl_0|dpram_8no1:auto_generated|lutrama16~CLKMUX_0  to: emu:emu|quadra800:machine|wombat_cpu:cpu|ap040_core:core|ap040_regfile:regfile|altdpram:extra_reads.bank_d_rtl_0|dpram_8no1:auto_generated|lutrama16~MEMORYREGOUT
    Info (332098): From: emu:emu|quadra800:machine|wombat_cpu:cpu|ap040_core:core|ap040_regfile:regfile|altdpram:extra_reads.bank_d_rtl_0|dpram_8no1:auto_generated|lutrama17~CLKMUX_0  to: emu:emu|quadra800:machine|wombat_cpu:cpu|ap040_core:core|ap040_regfile:regfile|altdpram:extra_reads.bank_d_rtl_0|dpram_8no1:auto_generated|lutrama17~MEMORYREGOUT
    Info (332098): From: emu:emu|quadra800:machine|wombat_cpu:cpu|ap040_core:core|ap040_regfile:regfile|altdpram:extra_reads.bank_d_rtl_0|dpram_8no1:auto_generated|lutrama18~CLKMUX_0  to: emu:emu|quadra800:machine|wombat_cpu:cpu|ap040_core:core|ap040_regfile:regfile|altdpram:extra_reads.bank_d_rtl_0|dpram_8no1:auto_generated|lutrama18~MEMORYREGOUT
    Info (332098): From: emu:emu|quadra800:machine|wombat_cpu:cpu|ap040_core:core|ap040_regfile:regfile|altdpram:extra_reads.bank_d_rtl_0|dpram_8no1:auto_generated|lutrama19~CLKMUX_0  to: emu:emu|quadra800:machine|wombat_cpu:cpu|ap040_core:core|ap040_regfile:regfile|altdpram:extra_reads.bank_d_rtl_0|dpram_8no1:auto_generated|lutrama19~MEMORYREGOUT
    Info (332098): From: emu:emu|quadra800:machine|wombat_cpu:cpu|ap040_core:core|ap040_regfile:regfile|altdpram:extra_reads.bank_d_rtl_0|dpram_8no1:auto_generated|lutrama1~CLKMUX_0  to: emu:emu|quadra800:machine|wombat_cpu:cpu|ap040_core:core|ap040_regfile:regfile|altdpram:extra_reads.bank_d_rtl_0|dpram_8no1:auto_generated|lutrama1~MEMORYREGOUT
    Info (332098): From: emu:emu|quadra800:machine|wombat_cpu:cpu|ap040_core:core|ap040_regfile:regfile|altdpram:extra_reads.bank_d_rtl_0|dpram_8no1:auto_generated|lutrama20~CLKMUX_0  to: emu:emu|quadra800:machine|wombat_cpu:cpu|ap040_core:core|ap040_regfile:regfile|altdpram:extra_reads.bank_d_rtl_0|dpram_8no1:auto_generated|lutrama20~MEMORYREGOUT
    Info (332098): From: emu:emu|quadra800:machine|wombat_cpu:cpu|ap040_core:core|ap040_regfile:regfile|altdpram:extra_reads.bank_d_rtl_0|dpram_8no1:auto_generated|lutrama21~CLKMUX_0  to: emu:emu|quadra800:machine|wombat_cpu:cpu|ap040_core:core|ap040_regfile:regfile|altdpram:extra_reads.bank_d_rtl_0|dpram_8no1:auto_generated|lutrama21~MEMORYREGOUT
    Info (332098): From: emu:emu|quadra800:machine|wombat_cpu:cpu|ap040_core:core|ap040_regfile:regfile|altdpram:extra_reads.bank_d_rtl_0|dpram_8no1:auto_generated|lutrama22~CLKMUX_0  to: emu:emu|quadra800:machine|wombat_cpu:cpu|ap040_core:core|ap040_regfile:regfile|altdpram:extra_reads.bank_d_rtl_0|dpram_8no1:auto_generated|lutrama22~MEMORYREGOUT
    Info (332098): From: emu:emu|quadra800:machine|wombat_cpu:cpu|ap040_core:core|ap040_regfile:regfile|altdpram:extra_reads.bank_d_rtl_0|dpram_8no1:auto_generated|lutrama23~CLKMUX_0  to: emu:emu|quadra800:machine|wombat_cpu:cpu|ap040_core:core|ap040_regfile:regfile|altdpram:extra_reads.bank_d_rtl_0|dpram_8no1:auto_generated|lutrama23~MEMORYREGOUT
    Info (332098): From: emu:emu|quadra800:machine|wombat_cpu:cpu|ap040_core:core|ap040_regfile:regfile|altdpram:extra_reads.bank_d_rtl_0|dpram_8no1:auto_generated|lutrama24~CLKMUX_0  to: emu:emu|quadra800:machine|wombat_cpu:cpu|ap040_core:core|ap040_regfile:regfile|altdpram:extra_reads.bank_d_rtl_0|dpram_8no1:auto_generated|lutrama24~MEMORYREGOUT
    Info (332098): From: emu:emu|quadra800:machine|wombat_cpu:cpu|ap040_core:core|ap040_regfile:regfile|altdpram:extra_reads.bank_d_rtl_0|dpram_8no1:auto_generated|lutrama25~CLKMUX_0  to: emu:emu|quadra800:machine|wombat_cpu:cpu|ap040_core:core|ap040_regfile:regfile|altdpram:extra_reads.bank_d_rtl_0|dpram_8no1:auto_generated|lutrama25~MEMORYREGOUT
    Info (332098): From: emu:emu|quadra800:machine|wombat_cpu:cpu|ap040_core:core|ap040_regfile:regfile|altdpram:extra_reads.bank_d_rtl_0|dpram_8no1:auto_generated|lutrama26~CLKMUX_0  to: emu:emu|quadra800:machine|wombat_cpu:cpu|ap040_core:core|ap040_regfile:regfile|altdpram:extra_reads.bank_d_rtl_0|dpram_8no1:auto_generated|lutrama26~MEMORYREGOUT
    Info (332098): From: emu:emu|quadra800:machine|wombat_cpu:cpu|ap040_core:core|ap040_regfile:regfile|altdpram:extra_reads.bank_d_rtl_0|dpram_8no1:auto_generated|lutrama27~CLKMUX_0  to: emu:emu|quadra800:machine|wombat_cpu:cpu|ap040_core:core|ap040_regfile:regfile|altdpram:extra_reads.bank_d_rtl_0|dpram_8no1:auto_generated|lutrama27~MEMORYREGOUT
    Info (332098): From: emu:emu|quadra800:machine|wombat_cpu:cpu|ap040_core:core|ap040_regfile:regfile|altdpram:extra_reads.bank_d_rtl_0|dpram_8no1:auto_generated|lutrama28~CLKMUX_0  to: emu:emu|quadra800:machine|wombat_cpu:cpu|ap040_core:core|ap040_regfile:regfile|altdpram:extra_reads.bank_d_rtl_0|dpram_8no1:auto_generated|lutrama28~MEMORYREGOUT
    Info (332098): From: emu:emu|quadra800:machine|wombat_cpu:cpu|ap040_core:core|ap040_regfile:regfile|altdpram:extra_reads.bank_d_rtl_0|dpram_8no1:auto_generated|lutrama29~CLKMUX_0  to: emu:emu|quadra800:machine|wombat_cpu:cpu|ap040_core:core|ap040_regfile:regfile|altdpram:extra_reads.bank_d_rtl_0|dpram_8no1:auto_generated|lutrama29~MEMORYREGOUT
    Info (332098): From: emu:emu|quadra800:machine|wombat_cpu:cpu|ap040_core:core|ap040_regfile:regfile|altdpram:extra_reads.bank_d_rtl_0|dpram_8no1:auto_generated|lutrama2~CLKMUX_0  to: emu:emu|quadra800:machine|wombat_cpu:cpu|ap040_core:core|ap040_regfile:regfile|altdpram:extra_reads.bank_d_rtl_0|dpram_8no1:auto_generated|lutrama2~MEMORYREGOUT
    Info (332098): From: emu:emu|quadra800:machine|wombat_cpu:cpu|ap040_core:core|ap040_regfile:regfile|altdpram:extra_reads.bank_d_rtl_0|dpram_8no1:auto_generated|lutrama30~CLKMUX_0  to: emu:emu|quadra800:machine|wombat_cpu:cpu|ap040_core:core|ap040_regfile:regfile|altdpram:extra_reads.bank_d_rtl_0|dpram_8no1:auto_generated|lutrama30~MEMORYREGOUT
    Info (332098): From: emu:emu|quadra800:machine|wombat_cpu:cpu|ap040_core:core|ap040_regfile:regfile|altdpram:extra_reads.bank_d_rtl_0|dpram_8no1:auto_generated|lutrama31~CLKMUX_0  to: emu:emu|quadra800:machine|wombat_cpu:cpu|ap040_core:core|ap040_regfile:regfile|altdpram:extra_reads.bank_d_rtl_0|dpram_8no1:auto_generated|lutrama31~MEMORYREGOUT
    Info (332098): From: emu:emu|quadra800:machine|wombat_cpu:cpu|ap040_core:core|ap040_regfile:regfile|altdpram:extra_reads.bank_d_rtl_0|dpram_8no1:auto_generated|lutrama3~CLKMUX_0  to: emu:emu|quadra800:machine|wombat_cpu:cpu|ap040_core:core|ap040_regfile:regfile|altdpram:extra_reads.bank_d_rtl_0|dpram_8no1:auto_generated|lutrama3~MEMORYREGOUT
    Info (332098): From: emu:emu|quadra800:machine|wombat_cpu:cpu|ap040_core:core|ap040_regfile:regfile|altdpram:extra_reads.bank_d_rtl_0|dpram_8no1:auto_generated|lutrama4~CLKMUX_0  to: emu:emu|quadra800:machine|wombat_cpu:cpu|ap040_core:core|ap040_regfile:regfile|altdpram:extra_reads.bank_d_rtl_0|dpram_8no1:auto_generated|lutrama4~MEMORYREGOUT
    Info (332098): From: emu:emu|quadra800:machine|wombat_cpu:cpu|ap040_core:core|ap040_regfile:regfile|altdpram:extra_reads.bank_d_rtl_0|dpram_8no1:auto_generated|lutrama5~CLKMUX_0  to: emu:emu|quadra800:machine|wombat_cpu:cpu|ap040_core:core|ap040_regfile:regfile|altdpram:extra_reads.bank_d_rtl_0|dpram_8no1:auto_generated|lutrama5~MEMORYREGOUT
    Info (332098): From: emu:emu|quadra800:machine|wombat_cpu:cpu|ap040_core:core|ap040_regfile:regfile|altdpram:extra_reads.bank_d_rtl_0|dpram_8no1:auto_generated|lutrama6~CLKMUX_0  to: emu:emu|quadra800:machine|wombat_cpu:cpu|ap040_core:core|ap040_regfile:regfile|altdpram:extra_reads.bank_d_rtl_0|dpram_8no1:auto_generated|lutrama6~MEMORYREGOUT
    Info (332098): From: emu:emu|quadra800:machine|wombat_cpu:cpu|ap040_core:core|ap040_regfile:regfile|altdpram:extra_reads.bank_d_rtl_0|dpram_8no1:auto_generated|lutrama7~CLKMUX_0  to: emu:emu|quadra800:machine|wombat_cpu:cpu|ap040_core:core|ap040_regfile:regfile|altdpram:extra_reads.bank_d_rtl_0|dpram_8no1:auto_generated|lutrama7~MEMORYREGOUT
    Info (332098): From: emu:emu|quadra800:machine|wombat_cpu:cpu|ap040_core:core|ap040_regfile:regfile|altdpram:extra_reads.bank_d_rtl_0|dpram_8no1:auto_generated|lutrama8~CLKMUX_0  to: emu:emu|quadra800:machine|wombat_cpu:cpu|ap040_core:core|ap040_regfile:regfile|altdpram:extra_reads.bank_d_rtl_0|dpram_8no1:auto_generated|lutrama8~MEMORYREGOUT
    Info (332098): From: emu:emu|quadra800:machine|wombat_cpu:cpu|ap040_core:core|ap040_regfile:regfile|altdpram:extra_reads.bank_d_rtl_0|dpram_8no1:auto_generated|lutrama9~CLKMUX_0  to: emu:emu|quadra800:machine|wombat_cpu:cpu|ap040_core:core|ap040_regfile:regfile|altdpram:extra_reads.bank_d_rtl_0|dpram_8no1:auto_generated|lutrama9~MEMORYREGOUT
    Info (332098): From: emu:emu|quadra800:machine|wombat_cpu:cpu|ap040_core:core|ap040_regfile:regfile|altdpram:extra_reads.bank_e_rtl_0|dpram_8no1:auto_generated|lutrama0~CLKMUX_0  to: emu:emu|quadra800:machine|wombat_cpu:cpu|ap040_core:core|ap040_regfile:regfile|altdpram:extra_reads.bank_e_rtl_0|dpram_8no1:auto_generated|lutrama0~MEMORYREGOUT
    Info (332098): From: emu:emu|quadra800:machine|wombat_cpu:cpu|ap040_core:core|ap040_regfile:regfile|altdpram:extra_reads.bank_e_rtl_0|dpram_8no1:auto_generated|lutrama10~CLKMUX_0  to: emu:emu|quadra800:machine|wombat_cpu:cpu|ap040_core:core|ap040_regfile:regfile|altdpram:extra_reads.bank_e_rtl_0|dpram_8no1:auto_generated|lutrama10~MEMORYREGOUT
    Info (332098): From: emu:emu|quadra800:machine|wombat_cpu:cpu|ap040_core:core|ap040_regfile:regfile|altdpram:extra_reads.bank_e_rtl_0|dpram_8no1:auto_generated|lutrama11~CLKMUX_0  to: emu:emu|quadra800:machine|wombat_cpu:cpu|ap040_core:core|ap040_regfile:regfile|altdpram:extra_reads.bank_e_rtl_0|dpram_8no1:auto_generated|lutrama11~MEMORYREGOUT
    Info (332098): From: emu:emu|quadra800:machine|wombat_cpu:cpu|ap040_core:core|ap040_regfile:regfile|altdpram:extra_reads.bank_e_rtl_0|dpram_8no1:auto_generated|lutrama12~CLKMUX_0  to: emu:emu|quadra800:machine|wombat_cpu:cpu|ap040_core:core|ap040_regfile:regfile|altdpram:extra_reads.bank_e_rtl_0|dpram_8no1:auto_generated|lutrama12~MEMORYREGOUT
    Info (332098): From: emu:emu|quadra800:machine|wombat_cpu:cpu|ap040_core:core|ap040_regfile:regfile|altdpram:extra_reads.bank_e_rtl_0|dpram_8no1:auto_generated|lutrama13~CLKMUX_0  to: emu:emu|quadra800:machine|wombat_cpu:cpu|ap040_core:core|ap040_regfile:regfile|altdpram:extra_reads.bank_e_rtl_0|dpram_8no1:auto_generated|lutrama13~MEMORYREGOUT
    Info (332098): From: emu:emu|quadra800:machine|wombat_cpu:cpu|ap040_core:core|ap040_regfile:regfile|altdpram:extra_reads.bank_e_rtl_0|dpram_8no1:auto_generated|lutrama14~CLKMUX_0  to: emu:emu|quadra800:machine|wombat_cpu:cpu|ap040_core:core|ap040_regfile:regfile|altdpram:extra_reads.bank_e_rtl_0|dpram_8no1:auto_generated|lutrama14~MEMORYREGOUT
    Info (332098): From: emu:emu|quadra800:machine|wombat_cpu:cpu|ap040_core:core|ap040_regfile:regfile|altdpram:extra_reads.bank_e_rtl_0|dpram_8no1:auto_generated|lutrama15~CLKMUX_0  to: emu:emu|quadra800:machine|wombat_cpu:cpu|ap040_core:core|ap040_regfile:regfile|altdpram:extra_reads.bank_e_rtl_0|dpram_8no1:auto_generated|lutrama15~MEMORYREGOUT
    Info (332098): From: emu:emu|quadra800:machine|wombat_cpu:cpu|ap040_core:core|ap040_regfile:regfile|altdpram:extra_reads.bank_e_rtl_0|dpram_8no1:auto_generated|lutrama16~CLKMUX_0  to: emu:emu|quadra800:machine|wombat_cpu:cpu|ap040_core:core|ap040_regfile:regfile|altdpram:extra_reads.bank_e_rtl_0|dpram_8no1:auto_generated|lutrama16~MEMORYREGOUT
    Info (332098): From: emu:emu|quadra800:machine|wombat_cpu:cpu|ap040_core:core|ap040_regfile:regfile|altdpram:extra_reads.bank_e_rtl_0|dpram_8no1:auto_generated|lutrama17~CLKMUX_0  to: emu:emu|quadra800:machine|wombat_cpu:cpu|ap040_core:core|ap040_regfile:regfile|altdpram:extra_reads.bank_e_rtl_0|dpram_8no1:auto_generated|lutrama17~MEMORYREGOUT
    Info (332098): From: emu:emu|quadra800:machine|wombat_cpu:cpu|ap040_core:core|ap040_regfile:regfile|altdpram:extra_reads.bank_e_rtl_0|dpram_8no1:auto_generated|lutrama18~CLKMUX_0  to: emu:emu|quadra800:machine|wombat_cpu:cpu|ap040_core:core|ap040_regfile:regfile|altdpram:extra_reads.bank_e_rtl_0|dpram_8no1:auto_generated|lutrama18~MEMORYREGOUT
    Info (332098): From: emu:emu|quadra800:machine|wombat_cpu:cpu|ap040_core:core|ap040_regfile:regfile|altdpram:extra_reads.bank_e_rtl_0|dpram_8no1:auto_generated|lutrama19~CLKMUX_0  to: emu:emu|quadra800:machine|wombat_cpu:cpu|ap040_core:core|ap040_regfile:regfile|altdpram:extra_reads.bank_e_rtl_0|dpram_8no1:auto_generated|lutrama19~MEMORYREGOUT
    Info (332098): From: emu:emu|quadra800:machine|wombat_cpu:cpu|ap040_core:core|ap040_regfile:regfile|altdpram:extra_reads.bank_e_rtl_0|dpram_8no1:auto_generated|lutrama1~CLKMUX_0  to: emu:emu|quadra800:machine|wombat_cpu:cpu|ap040_core:core|ap040_regfile:regfile|altdpram:extra_reads.bank_e_rtl_0|dpram_8no1:auto_generated|lutrama1~MEMORYREGOUT
    Info (332098): From: emu:emu|quadra800:machine|wombat_cpu:cpu|ap040_core:core|ap040_regfile:regfile|altdpram:extra_reads.bank_e_rtl_0|dpram_8no1:auto_generated|lutrama20~CLKMUX_0  to: emu:emu|quadra800:machine|wombat_cpu:cpu|ap040_core:core|ap040_regfile:regfile|altdpram:extra_reads.bank_e_rtl_0|dpram_8no1:auto_generated|lutrama20~MEMORYREGOUT
    Info (332098): From: emu:emu|quadra800:machine|wombat_cpu:cpu|ap040_core:core|ap040_regfile:regfile|altdpram:extra_reads.bank_e_rtl_0|dpram_8no1:auto_generated|lutrama21~CLKMUX_0  to: emu:emu|quadra800:machine|wombat_cpu:cpu|ap040_core:core|ap040_regfile:regfile|altdpram:extra_reads.bank_e_rtl_0|dpram_8no1:auto_generated|lutrama21~MEMORYREGOUT
    Info (332098): From: emu:emu|quadra800:machine|wombat_cpu:cpu|ap040_core:core|ap040_regfile:regfile|altdpram:extra_reads.bank_e_rtl_0|dpram_8no1:auto_generated|lutrama22~CLKMUX_0  to: emu:emu|quadra800:machine|wombat_cpu:cpu|ap040_core:core|ap040_regfile:regfile|altdpram:extra_reads.bank_e_rtl_0|dpram_8no1:auto_generated|lutrama22~MEMORYREGOUT
    Info (332098): From: emu:emu|quadra800:machine|wombat_cpu:cpu|ap040_core:core|ap040_regfile:regfile|altdpram:extra_reads.bank_e_rtl_0|dpram_8no1:auto_generated|lutrama23~CLKMUX_0  to: emu:emu|quadra800:machine|wombat_cpu:cpu|ap040_core:core|ap040_regfile:regfile|altdpram:extra_reads.bank_e_rtl_0|dpram_8no1:auto_generated|lutrama23~MEMORYREGOUT
    Info (332098): From: emu:emu|quadra800:machine|wombat_cpu:cpu|ap040_core:core|ap040_regfile:regfile|altdpram:extra_reads.bank_e_rtl_0|dpram_8no1:auto_generated|lutrama24~CLKMUX_0  to: emu:emu|quadra800:machine|wombat_cpu:cpu|ap040_core:core|ap040_regfile:regfile|altdpram:extra_reads.bank_e_rtl_0|dpram_8no1:auto_generated|lutrama24~MEMORYREGOUT
    Info (332098): From: emu:emu|quadra800:machine|wombat_cpu:cpu|ap040_core:core|ap040_regfile:regfile|altdpram:extra_reads.bank_e_rtl_0|dpram_8no1:auto_generated|lutrama25~CLKMUX_0  to: emu:emu|quadra800:machine|wombat_cpu:cpu|ap040_core:core|ap040_regfile:regfile|altdpram:extra_reads.bank_e_rtl_0|dpram_8no1:auto_generated|lutrama25~MEMORYREGOUT
    Info (332098): From: emu:emu|quadra800:machine|wombat_cpu:cpu|ap040_core:core|ap040_regfile:regfile|altdpram:extra_reads.bank_e_rtl_0|dpram_8no1:auto_generated|lutrama26~CLKMUX_0  to: emu:emu|quadra800:machine|wombat_cpu:cpu|ap040_core:core|ap040_regfile:regfile|altdpram:extra_reads.bank_e_rtl_0|dpram_8no1:auto_generated|lutrama26~MEMORYREGOUT
    Info (332098): From: emu:emu|quadra800:machine|wombat_cpu:cpu|ap040_core:core|ap040_regfile:regfile|altdpram:extra_reads.bank_e_rtl_0|dpram_8no1:auto_generated|lutrama27~CLKMUX_0  to: emu:emu|quadra800:machine|wombat_cpu:cpu|ap040_core:core|ap040_regfile:regfile|altdpram:extra_reads.bank_e_rtl_0|dpram_8no1:auto_generated|lutrama27~MEMORYREGOUT
    Info (332098): From: emu:emu|quadra800:machine|wombat_cpu:cpu|ap040_core:core|ap040_regfile:regfile|altdpram:extra_reads.bank_e_rtl_0|dpram_8no1:auto_generated|lutrama28~CLKMUX_0  to: emu:emu|quadra800:machine|wombat_cpu:cpu|ap040_core:core|ap040_regfile:regfile|altdpram:extra_reads.bank_e_rtl_0|dpram_8no1:auto_generated|lutrama28~MEMORYREGOUT
    Info (332098): From: emu:emu|quadra800:machine|wombat_cpu:cpu|ap040_core:core|ap040_regfile:regfile|altdpram:extra_reads.bank_e_rtl_0|dpram_8no1:auto_generated|lutrama29~CLKMUX_0  to: emu:emu|quadra800:machine|wombat_cpu:cpu|ap040_core:core|ap040_regfile:regfile|altdpram:extra_reads.bank_e_rtl_0|dpram_8no1:auto_generated|lutrama29~MEMORYREGOUT
    Info (332098): From: emu:emu|quadra800:machine|wombat_cpu:cpu|ap040_core:core|ap040_regfile:regfile|altdpram:extra_reads.bank_e_rtl_0|dpram_8no1:auto_generated|lutrama2~CLKMUX_0  to: emu:emu|quadra800:machine|wombat_cpu:cpu|ap040_core:core|ap040_regfile:regfile|altdpram:extra_reads.bank_e_rtl_0|dpram_8no1:auto_generated|lutrama2~MEMORYREGOUT
    Info (332098): From: emu:emu|quadra800:machine|wombat_cpu:cpu|ap040_core:core|ap040_regfile:regfile|altdpram:extra_reads.bank_e_rtl_0|dpram_8no1:auto_generated|lutrama30~CLKMUX_0  to: emu:emu|quadra800:machine|wombat_cpu:cpu|ap040_core:core|ap040_regfile:regfile|altdpram:extra_reads.bank_e_rtl_0|dpram_8no1:auto_generated|lutrama30~MEMORYREGOUT
    Info (332098): From: emu:emu|quadra800:machine|wombat_cpu:cpu|ap040_core:core|ap040_regfile:regfile|altdpram:extra_reads.bank_e_rtl_0|dpram_8no1:auto_generated|lutrama31~CLKMUX_0  to: emu:emu|quadra800:machine|wombat_cpu:cpu|ap040_core:core|ap040_regfile:regfile|altdpram:extra_reads.bank_e_rtl_0|dpram_8no1:auto_generated|lutrama31~MEMORYREGOUT
    Info (332098): From: emu:emu|quadra800:machine|wombat_cpu:cpu|ap040_core:core|ap040_regfile:regfile|altdpram:extra_reads.bank_e_rtl_0|dpram_8no1:auto_generated|lutrama3~CLKMUX_0  to: emu:emu|quadra800:machine|wombat_cpu:cpu|ap040_core:core|ap040_regfile:regfile|altdpram:extra_reads.bank_e_rtl_0|dpram_8no1:auto_generated|lutrama3~MEMORYREGOUT
    Info (332098): From: emu:emu|quadra800:machine|wombat_cpu:cpu|ap040_core:core|ap040_regfile:regfile|altdpram:extra_reads.bank_e_rtl_0|dpram_8no1:auto_generated|lutrama4~CLKMUX_0  to: emu:emu|quadra800:machine|wombat_cpu:cpu|ap040_core:core|ap040_regfile:regfile|altdpram:extra_reads.bank_e_rtl_0|dpram_8no1:auto_generated|lutrama4~MEMORYREGOUT
    Info (332098): From: emu:emu|quadra800:machine|wombat_cpu:cpu|ap040_core:core|ap040_regfile:regfile|altdpram:extra_reads.bank_e_rtl_0|dpram_8no1:auto_generated|lutrama5~CLKMUX_0  to: emu:emu|quadra800:machine|wombat_cpu:cpu|ap040_core:core|ap040_regfile:regfile|altdpram:extra_reads.bank_e_rtl_0|dpram_8no1:auto_generated|lutrama5~MEMORYREGOUT
    Info (332098): From: emu:emu|quadra800:machine|wombat_cpu:cpu|ap040_core:core|ap040_regfile:regfile|altdpram:extra_reads.bank_e_rtl_0|dpram_8no1:auto_generated|lutrama6~CLKMUX_0  to: emu:emu|quadra800:machine|wombat_cpu:cpu|ap040_core:core|ap040_regfile:regfile|altdpram:extra_reads.bank_e_rtl_0|dpram_8no1:auto_generated|lutrama6~MEMORYREGOUT
    Info (332098): From: emu:emu|quadra800:machine|wombat_cpu:cpu|ap040_core:core|ap040_regfile:regfile|altdpram:extra_reads.bank_e_rtl_0|dpram_8no1:auto_generated|lutrama7~CLKMUX_0  to: emu:emu|quadra800:machine|wombat_cpu:cpu|ap040_core:core|ap040_regfile:regfile|altdpram:extra_reads.bank_e_rtl_0|dpram_8no1:auto_generated|lutrama7~MEMORYREGOUT
    Info (332098): From: emu:emu|quadra800:machine|wombat_cpu:cpu|ap040_core:core|ap040_regfile:regfile|altdpram:extra_reads.bank_e_rtl_0|dpram_8no1:auto_generated|lutrama8~CLKMUX_0  to: emu:emu|quadra800:machine|wombat_cpu:cpu|ap040_core:core|ap040_regfile:regfile|altdpram:extra_reads.bank_e_rtl_0|dpram_8no1:auto_generated|lutrama8~MEMORYREGOUT
    Info (332098): From: emu:emu|quadra800:machine|wombat_cpu:cpu|ap040_core:core|ap040_regfile:regfile|altdpram:extra_reads.bank_e_rtl_0|dpram_8no1:auto_generated|lutrama9~CLKMUX_0  to: emu:emu|quadra800:machine|wombat_cpu:cpu|ap040_core:core|ap040_regfile:regfile|altdpram:extra_reads.bank_e_rtl_0|dpram_8no1:auto_generated|lutrama9~MEMORYREGOUT
    Info (332098): From: emu:emu|sdram_beat32:sdr|altdpram:wq_mem|dpram_9fq1:auto_generated|lutrama0~CLKMUX_0  to: emu:emu|sdram_beat32:sdr|altdpram:wq_mem|dpram_9fq1:auto_generated|lutrama0~MEMORYREGOUT
    Info (332098): From: emu:emu|sdram_beat32:sdr|altdpram:wq_mem|dpram_9fq1:auto_generated|lutrama10~CLKMUX_0  to: emu:emu|sdram_beat32:sdr|altdpram:wq_mem|dpram_9fq1:auto_generated|lutrama10~MEMORYREGOUT
    Info (332098): From: emu:emu|sdram_beat32:sdr|altdpram:wq_mem|dpram_9fq1:auto_generated|lutrama11~CLKMUX_0  to: emu:emu|sdram_beat32:sdr|altdpram:wq_mem|dpram_9fq1:auto_generated|lutrama11~MEMORYREGOUT
    Info (332098): From: emu:emu|sdram_beat32:sdr|altdpram:wq_mem|dpram_9fq1:auto_generated|lutrama12~CLKMUX_0  to: emu:emu|sdram_beat32:sdr|altdpram:wq_mem|dpram_9fq1:auto_generated|lutrama12~MEMORYREGOUT
    Info (332098): From: emu:emu|sdram_beat32:sdr|altdpram:wq_mem|dpram_9fq1:auto_generated|lutrama13~CLKMUX_0  to: emu:emu|sdram_beat32:sdr|altdpram:wq_mem|dpram_9fq1:auto_generated|lutrama13~MEMORYREGOUT
    Info (332098): From: emu:emu|sdram_beat32:sdr|altdpram:wq_mem|dpram_9fq1:auto_generated|lutrama14~CLKMUX_0  to: emu:emu|sdram_beat32:sdr|altdpram:wq_mem|dpram_9fq1:auto_generated|lutrama14~MEMORYREGOUT
    Info (332098): From: emu:emu|sdram_beat32:sdr|altdpram:wq_mem|dpram_9fq1:auto_generated|lutrama15~CLKMUX_0  to: emu:emu|sdram_beat32:sdr|altdpram:wq_mem|dpram_9fq1:auto_generated|lutrama15~MEMORYREGOUT
    Info (332098): From: emu:emu|sdram_beat32:sdr|altdpram:wq_mem|dpram_9fq1:auto_generated|lutrama16~CLKMUX_0  to: emu:emu|sdram_beat32:sdr|altdpram:wq_mem|dpram_9fq1:auto_generated|lutrama16~MEMORYREGOUT
    Info (332098): From: emu:emu|sdram_beat32:sdr|altdpram:wq_mem|dpram_9fq1:auto_generated|lutrama17~CLKMUX_0  to: emu:emu|sdram_beat32:sdr|altdpram:wq_mem|dpram_9fq1:auto_generated|lutrama17~MEMORYREGOUT
    Info (332098): From: emu:emu|sdram_beat32:sdr|altdpram:wq_mem|dpram_9fq1:auto_generated|lutrama18~CLKMUX_0  to: emu:emu|sdram_beat32:sdr|altdpram:wq_mem|dpram_9fq1:auto_generated|lutrama18~MEMORYREGOUT
    Info (332098): From: emu:emu|sdram_beat32:sdr|altdpram:wq_mem|dpram_9fq1:auto_generated|lutrama19~CLKMUX_0  to: emu:emu|sdram_beat32:sdr|altdpram:wq_mem|dpram_9fq1:auto_generated|lutrama19~MEMORYREGOUT
    Info (332098): From: emu:emu|sdram_beat32:sdr|altdpram:wq_mem|dpram_9fq1:auto_generated|lutrama1~CLKMUX_0  to: emu:emu|sdram_beat32:sdr|altdpram:wq_mem|dpram_9fq1:auto_generated|lutrama1~MEMORYREGOUT
    Info (332098): From: emu:emu|sdram_beat32:sdr|altdpram:wq_mem|dpram_9fq1:auto_generated|lutrama20~CLKMUX_0  to: emu:emu|sdram_beat32:sdr|altdpram:wq_mem|dpram_9fq1:auto_generated|lutrama20~MEMORYREGOUT
    Info (332098): From: emu:emu|sdram_beat32:sdr|altdpram:wq_mem|dpram_9fq1:auto_generated|lutrama21~CLKMUX_0  to: emu:emu|sdram_beat32:sdr|altdpram:wq_mem|dpram_9fq1:auto_generated|lutrama21~MEMORYREGOUT
    Info (332098): From: emu:emu|sdram_beat32:sdr|altdpram:wq_mem|dpram_9fq1:auto_generated|lutrama22~CLKMUX_0  to: emu:emu|sdram_beat32:sdr|altdpram:wq_mem|dpram_9fq1:auto_generated|lutrama22~MEMORYREGOUT
    Info (332098): From: emu:emu|sdram_beat32:sdr|altdpram:wq_mem|dpram_9fq1:auto_generated|lutrama23~CLKMUX_0  to: emu:emu|sdram_beat32:sdr|altdpram:wq_mem|dpram_9fq1:auto_generated|lutrama23~MEMORYREGOUT
    Info (332098): From: emu:emu|sdram_beat32:sdr|altdpram:wq_mem|dpram_9fq1:auto_generated|lutrama24~CLKMUX_0  to: emu:emu|sdram_beat32:sdr|altdpram:wq_mem|dpram_9fq1:auto_generated|lutrama24~MEMORYREGOUT
    Info (332098): From: emu:emu|sdram_beat32:sdr|altdpram:wq_mem|dpram_9fq1:auto_generated|lutrama25~CLKMUX_0  to: emu:emu|sdram_beat32:sdr|altdpram:wq_mem|dpram_9fq1:auto_generated|lutrama25~MEMORYREGOUT
    Info (332098): From: emu:emu|sdram_beat32:sdr|altdpram:wq_mem|dpram_9fq1:auto_generated|lutrama26~CLKMUX_0  to: emu:emu|sdram_beat32:sdr|altdpram:wq_mem|dpram_9fq1:auto_generated|lutrama26~MEMORYREGOUT
    Info (332098): From: emu:emu|sdram_beat32:sdr|altdpram:wq_mem|dpram_9fq1:auto_generated|lutrama27~CLKMUX_0  to: emu:emu|sdram_beat32:sdr|altdpram:wq_mem|dpram_9fq1:auto_generated|lutrama27~MEMORYREGOUT
    Info (332098): From: emu:emu|sdram_beat32:sdr|altdpram:wq_mem|dpram_9fq1:auto_generated|lutrama28~CLKMUX_0  to: emu:emu|sdram_beat32:sdr|altdpram:wq_mem|dpram_9fq1:auto_generated|lutrama28~MEMORYREGOUT
    Info (332098): From: emu:emu|sdram_beat32:sdr|altdpram:wq_mem|dpram_9fq1:auto_generated|lutrama29~CLKMUX_0  to: emu:emu|sdram_beat32:sdr|altdpram:wq_mem|dpram_9fq1:auto_generated|lutrama29~MEMORYREGOUT
    Info (332098): From: emu:emu|sdram_beat32:sdr|altdpram:wq_mem|dpram_9fq1:auto_generated|lutrama2~CLKMUX_0  to: emu:emu|sdram_beat32:sdr|altdpram:wq_mem|dpram_9fq1:auto_generated|lutrama2~MEMORYREGOUT
    Info (332098): From: emu:emu|sdram_beat32:sdr|altdpram:wq_mem|dpram_9fq1:auto_generated|lutrama30~CLKMUX_0  to: emu:emu|sdram_beat32:sdr|altdpram:wq_mem|dpram_9fq1:auto_generated|lutrama30~MEMORYREGOUT
    Info (332098): From: emu:emu|sdram_beat32:sdr|altdpram:wq_mem|dpram_9fq1:auto_generated|lutrama31~CLKMUX_0  to: emu:emu|sdram_beat32:sdr|altdpram:wq_mem|dpram_9fq1:auto_generated|lutrama31~MEMORYREGOUT
    Info (332098): From: emu:emu|sdram_beat32:sdr|altdpram:wq_mem|dpram_9fq1:auto_generated|lutrama32~CLKMUX_0  to: emu:emu|sdram_beat32:sdr|altdpram:wq_mem|dpram_9fq1:auto_generated|lutrama32~MEMORYREGOUT
    Info (332098): From: emu:emu|sdram_beat32:sdr|altdpram:wq_mem|dpram_9fq1:auto_generated|lutrama33~CLKMUX_0  to: emu:emu|sdram_beat32:sdr|altdpram:wq_mem|dpram_9fq1:auto_generated|lutrama33~MEMORYREGOUT
    Info (332098): From: emu:emu|sdram_beat32:sdr|altdpram:wq_mem|dpram_9fq1:auto_generated|lutrama34~CLKMUX_0  to: emu:emu|sdram_beat32:sdr|altdpram:wq_mem|dpram_9fq1:auto_generated|lutrama34~MEMORYREGOUT
    Info (332098): From: emu:emu|sdram_beat32:sdr|altdpram:wq_mem|dpram_9fq1:auto_generated|lutrama35~CLKMUX_0  to: emu:emu|sdram_beat32:sdr|altdpram:wq_mem|dpram_9fq1:auto_generated|lutrama35~MEMORYREGOUT
    Info (332098): From: emu:emu|sdram_beat32:sdr|altdpram:wq_mem|dpram_9fq1:auto_generated|lutrama36~CLKMUX_0  to: emu:emu|sdram_beat32:sdr|altdpram:wq_mem|dpram_9fq1:auto_generated|lutrama36~MEMORYREGOUT
    Info (332098): From: emu:emu|sdram_beat32:sdr|altdpram:wq_mem|dpram_9fq1:auto_generated|lutrama37~CLKMUX_0  to: emu:emu|sdram_beat32:sdr|altdpram:wq_mem|dpram_9fq1:auto_generated|lutrama37~MEMORYREGOUT
    Info (332098): From: emu:emu|sdram_beat32:sdr|altdpram:wq_mem|dpram_9fq1:auto_generated|lutrama38~CLKMUX_0  to: emu:emu|sdram_beat32:sdr|altdpram:wq_mem|dpram_9fq1:auto_generated|lutrama38~MEMORYREGOUT
    Info (332098): From: emu:emu|sdram_beat32:sdr|altdpram:wq_mem|dpram_9fq1:auto_generated|lutrama39~CLKMUX_0  to: emu:emu|sdram_beat32:sdr|altdpram:wq_mem|dpram_9fq1:auto_generated|lutrama39~MEMORYREGOUT
    Info (332098): From: emu:emu|sdram_beat32:sdr|altdpram:wq_mem|dpram_9fq1:auto_generated|lutrama3~CLKMUX_0  to: emu:emu|sdram_beat32:sdr|altdpram:wq_mem|dpram_9fq1:auto_generated|lutrama3~MEMORYREGOUT
    Info (332098): From: emu:emu|sdram_beat32:sdr|altdpram:wq_mem|dpram_9fq1:auto_generated|lutrama40~CLKMUX_0  to: emu:emu|sdram_beat32:sdr|altdpram:wq_mem|dpram_9fq1:auto_generated|lutrama40~MEMORYREGOUT
    Info (332098): From: emu:emu|sdram_beat32:sdr|altdpram:wq_mem|dpram_9fq1:auto_generated|lutrama41~CLKMUX_0  to: emu:emu|sdram_beat32:sdr|altdpram:wq_mem|dpram_9fq1:auto_generated|lutrama41~MEMORYREGOUT
    Info (332098): From: emu:emu|sdram_beat32:sdr|altdpram:wq_mem|dpram_9fq1:auto_generated|lutrama42~CLKMUX_0  to: emu:emu|sdram_beat32:sdr|altdpram:wq_mem|dpram_9fq1:auto_generated|lutrama42~MEMORYREGOUT
    Info (332098): From: emu:emu|sdram_beat32:sdr|altdpram:wq_mem|dpram_9fq1:auto_generated|lutrama43~CLKMUX_0  to: emu:emu|sdram_beat32:sdr|altdpram:wq_mem|dpram_9fq1:auto_generated|lutrama43~MEMORYREGOUT
    Info (332098): From: emu:emu|sdram_beat32:sdr|altdpram:wq_mem|dpram_9fq1:auto_generated|lutrama44~CLKMUX_0  to: emu:emu|sdram_beat32:sdr|altdpram:wq_mem|dpram_9fq1:auto_generated|lutrama44~MEMORYREGOUT
    Info (332098): From: emu:emu|sdram_beat32:sdr|altdpram:wq_mem|dpram_9fq1:auto_generated|lutrama45~CLKMUX_0  to: emu:emu|sdram_beat32:sdr|altdpram:wq_mem|dpram_9fq1:auto_generated|lutrama45~MEMORYREGOUT
    Info (332098): From: emu:emu|sdram_beat32:sdr|altdpram:wq_mem|dpram_9fq1:auto_generated|lutrama46~CLKMUX_0  to: emu:emu|sdram_beat32:sdr|altdpram:wq_mem|dpram_9fq1:auto_generated|lutrama46~MEMORYREGOUT
    Info (332098): From: emu:emu|sdram_beat32:sdr|altdpram:wq_mem|dpram_9fq1:auto_generated|lutrama47~CLKMUX_0  to: emu:emu|sdram_beat32:sdr|altdpram:wq_mem|dpram_9fq1:auto_generated|lutrama47~MEMORYREGOUT
    Info (332098): From: emu:emu|sdram_beat32:sdr|altdpram:wq_mem|dpram_9fq1:auto_generated|lutrama48~CLKMUX_0  to: emu:emu|sdram_beat32:sdr|altdpram:wq_mem|dpram_9fq1:auto_generated|lutrama48~MEMORYREGOUT
    Info (332098): From: emu:emu|sdram_beat32:sdr|altdpram:wq_mem|dpram_9fq1:auto_generated|lutrama49~CLKMUX_0  to: emu:emu|sdram_beat32:sdr|altdpram:wq_mem|dpram_9fq1:auto_generated|lutrama49~MEMORYREGOUT
    Info (332098): From: emu:emu|sdram_beat32:sdr|altdpram:wq_mem|dpram_9fq1:auto_generated|lutrama4~CLKMUX_0  to: emu:emu|sdram_beat32:sdr|altdpram:wq_mem|dpram_9fq1:auto_generated|lutrama4~MEMORYREGOUT
    Info (332098): From: emu:emu|sdram_beat32:sdr|altdpram:wq_mem|dpram_9fq1:auto_generated|lutrama50~CLKMUX_0  to: emu:emu|sdram_beat32:sdr|altdpram:wq_mem|dpram_9fq1:auto_generated|lutrama50~MEMORYREGOUT
    Info (332098): From: emu:emu|sdram_beat32:sdr|altdpram:wq_mem|dpram_9fq1:auto_generated|lutrama51~CLKMUX_0  to: emu:emu|sdram_beat32:sdr|altdpram:wq_mem|dpram_9fq1:auto_generated|lutrama51~MEMORYREGOUT
    Info (332098): From: emu:emu|sdram_beat32:sdr|altdpram:wq_mem|dpram_9fq1:auto_generated|lutrama52~CLKMUX_0  to: emu:emu|sdram_beat32:sdr|altdpram:wq_mem|dpram_9fq1:auto_generated|lutrama52~MEMORYREGOUT
    Info (332098): From: emu:emu|sdram_beat32:sdr|altdpram:wq_mem|dpram_9fq1:auto_generated|lutrama53~CLKMUX_0  to: emu:emu|sdram_beat32:sdr|altdpram:wq_mem|dpram_9fq1:auto_generated|lutrama53~MEMORYREGOUT
    Info (332098): From: emu:emu|sdram_beat32:sdr|altdpram:wq_mem|dpram_9fq1:auto_generated|lutrama54~CLKMUX_0  to: emu:emu|sdram_beat32:sdr|altdpram:wq_mem|dpram_9fq1:auto_generated|lutrama54~MEMORYREGOUT
    Info (332098): From: emu:emu|sdram_beat32:sdr|altdpram:wq_mem|dpram_9fq1:auto_generated|lutrama55~CLKMUX_0  to: emu:emu|sdram_beat32:sdr|altdpram:wq_mem|dpram_9fq1:auto_generated|lutrama55~MEMORYREGOUT
    Info (332098): From: emu:emu|sdram_beat32:sdr|altdpram:wq_mem|dpram_9fq1:auto_generated|lutrama56~CLKMUX_0  to: emu:emu|sdram_beat32:sdr|altdpram:wq_mem|dpram_9fq1:auto_generated|lutrama56~MEMORYREGOUT
    Info (332098): From: emu:emu|sdram_beat32:sdr|altdpram:wq_mem|dpram_9fq1:auto_generated|lutrama57~CLKMUX_0  to: emu:emu|sdram_beat32:sdr|altdpram:wq_mem|dpram_9fq1:auto_generated|lutrama57~MEMORYREGOUT
    Info (332098): From: emu:emu|sdram_beat32:sdr|altdpram:wq_mem|dpram_9fq1:auto_generated|lutrama58~CLKMUX_0  to: emu:emu|sdram_beat32:sdr|altdpram:wq_mem|dpram_9fq1:auto_generated|lutrama58~MEMORYREGOUT
    Info (332098): From: emu:emu|sdram_beat32:sdr|altdpram:wq_mem|dpram_9fq1:auto_generated|lutrama59~CLKMUX_0  to: emu:emu|sdram_beat32:sdr|altdpram:wq_mem|dpram_9fq1:auto_generated|lutrama59~MEMORYREGOUT
    Info (332098): From: emu:emu|sdram_beat32:sdr|altdpram:wq_mem|dpram_9fq1:auto_generated|lutrama5~CLKMUX_0  to: emu:emu|sdram_beat32:sdr|altdpram:wq_mem|dpram_9fq1:auto_generated|lutrama5~MEMORYREGOUT
    Info (332098): From: emu:emu|sdram_beat32:sdr|altdpram:wq_mem|dpram_9fq1:auto_generated|lutrama60~CLKMUX_0  to: emu:emu|sdram_beat32:sdr|altdpram:wq_mem|dpram_9fq1:auto_generated|lutrama60~MEMORYREGOUT
    Info (332098): From: emu:emu|sdram_beat32:sdr|altdpram:wq_mem|dpram_9fq1:auto_generated|lutrama6~CLKMUX_0  to: emu:emu|sdram_beat32:sdr|altdpram:wq_mem|dpram_9fq1:auto_generated|lutrama6~MEMORYREGOUT
    Info (332098): From: emu:emu|sdram_beat32:sdr|altdpram:wq_mem|dpram_9fq1:auto_generated|lutrama7~CLKMUX_0  to: emu:emu|sdram_beat32:sdr|altdpram:wq_mem|dpram_9fq1:auto_generated|lutrama7~MEMORYREGOUT
    Info (332098): From: emu:emu|sdram_beat32:sdr|altdpram:wq_mem|dpram_9fq1:auto_generated|lutrama8~CLKMUX_0  to: emu:emu|sdram_beat32:sdr|altdpram:wq_mem|dpram_9fq1:auto_generated|lutrama8~MEMORYREGOUT
    Info (332098): From: emu:emu|sdram_beat32:sdr|altdpram:wq_mem|dpram_9fq1:auto_generated|lutrama9~CLKMUX_0  to: emu:emu|sdram_beat32:sdr|altdpram:wq_mem|dpram_9fq1:auto_generated|lutrama9~MEMORYREGOUT
    Info (332098): Cell: emu|pll|pll_inst|altera_pll_i|general[0].gpll~FRACTIONAL_PLL  from: refclkin  to: fbclk
    Info (332098): Cell: emu|pll|pll_inst|altera_pll_i|general[0].gpll~PLL_OUTPUT_COUNTER  from: vco0ph[0]  to: divclk
    Info (332098): Cell: emu|pll|pll_inst|altera_pll_i|general[0].gpll~PLL_REFCLK_SELECT  from: clkin[2]  to: clkout
    Info (332098): Cell: emu|pll|pll_inst|altera_pll_i|general[1].gpll~PLL_OUTPUT_COUNTER  from: vco0ph[0]  to: divclk
    Info (332098): Cell: pll_audio|pll_audio_inst|altera_pll_i|general[0].gpll~FRACTIONAL_PLL  from: refclkin  to: fbclk
    Info (332098): Cell: pll_audio|pll_audio_inst|altera_pll_i|general[0].gpll~PLL_OUTPUT_COUNTER  from: vco0ph[0]  to: divclk
    Info (332098): Cell: pll_audio|pll_audio_inst|altera_pll_i|general[0].gpll~PLL_REFCLK_SELECT  from: clkin[0]  to: clkout
    Info (332098): From: sysmem|fpga_interfaces|f2sdram|cmd_port_clk_0  to: sysmem_lite:sysmem|sysmem_HPS_fpga_interfaces:fpga_interfaces|f2sdram~FF_762
    Info (332098): From: sysmem|fpga_interfaces|f2sdram|cmd_port_clk_1  to: sysmem_lite:sysmem|sysmem_HPS_fpga_interfaces:fpga_interfaces|f2sdram~FF_827
    Info (332098): From: sysmem|fpga_interfaces|f2sdram|cmd_port_clk_2  to: sysmem_lite:sysmem|sysmem_HPS_fpga_interfaces:fpga_interfaces|f2sdram~FF_920
    Info (332098): From: sysmem|fpga_interfaces|f2sdram|rd_clk_0  to: sysmem_lite:sysmem|sysmem_HPS_fpga_interfaces:fpga_interfaces|f2sdram~FF_7
    Info (332098): From: sysmem|fpga_interfaces|f2sdram|rd_clk_1  to: sysmem_lite:sysmem|sysmem_HPS_fpga_interfaces:fpga_interfaces|f2sdram~FF_6
    Info (332098): From: sysmem|fpga_interfaces|f2sdram|rd_clk_2  to: sysmem_lite:sysmem|sysmem_HPS_fpga_interfaces:fpga_interfaces|f2sdram~FF_5
    Info (332098): From: sysmem|fpga_interfaces|f2sdram|rd_clk_3  to: sysmem_lite:sysmem|sysmem_HPS_fpga_interfaces:fpga_interfaces|f2sdram~FF_4
    Info (332098): From: sysmem|fpga_interfaces|f2sdram|wr_clk_0  to: sysmem_lite:sysmem|sysmem_HPS_fpga_interfaces:fpga_interfaces|f2sdram~FF_3
    Info (332098): From: sysmem|fpga_interfaces|f2sdram|wr_clk_1  to: sysmem_lite:sysmem|sysmem_HPS_fpga_interfaces:fpga_interfaces|f2sdram~FF_2
    Info (332098): From: sysmem|fpga_interfaces|f2sdram|wr_clk_2  to: sysmem_lite:sysmem|sysmem_HPS_fpga_interfaces:fpga_interfaces|f2sdram~FF_1
    Info (332098): From: sysmem|fpga_interfaces|f2sdram|wr_clk_3  to: sysmem_lite:sysmem|sysmem_HPS_fpga_interfaces:fpga_interfaces|f2sdram~FF_0
Info (332123): Deriving Clock Uncertainty. Please refer to report_sdc in TimeQuest to see clock uncertainties.
Info: Found TIMEQUEST_REPORT_SCRIPT_INCLUDE_DEFAULT_ANALYSIS = ON
Info (332146): Worst-case setup slack is 0.269
    Info (332119):     Slack       End Point TNS Clock 
    Info (332119): ========= =================== =====================
    Info (332119):     0.576               0.000 emu|pll|pll_inst|altera_pll_i|general[1].gpll~PLL_OUTPUT_COUNTER|divclk 
    Info (332119):     0.743               0.000 emu|pll|pll_inst|altera_pll_i|general[0].gpll~PLL_OUTPUT_COUNTER|divclk 
    Info (332119):     2.447               0.000 sysmem|fpga_interfaces|clocks_resets|h2f_user0_clk 
    Info (332119):     6.345               0.000 FPGA_CLK1_50 
    Info (332119):     9.957               0.000 FPGA_CLK2_50 
    Info (332119):    22.841               0.000 pll_audio|pll_audio_inst|altera_pll_i|general[0].gpll~PLL_OUTPUT_COUNTER|divclk 
Info (332146): Worst-case hold slack is 0.212
    Info (332119):     Slack       End Point TNS Clock 
    Info (332119): ========= =================== =====================
    Info (332119):     0.256               0.000 emu|pll|pll_inst|altera_pll_i|general[0].gpll~PLL_OUTPUT_COUNTER|divclk 
    Info (332119):     0.268               0.000 pll_audio|pll_audio_inst|altera_pll_i|general[0].gpll~PLL_OUTPUT_COUNTER|divclk 
    Info (332119):     0.289               0.000 FPGA_CLK1_50 
    Info (332119):     0.354               0.000 sysmem|fpga_interfaces|clocks_resets|h2f_user0_clk 
    Info (332119):     0.421               0.000 FPGA_CLK2_50 
    Info (332119):     0.448               0.000 emu|pll|pll_inst|altera_pll_i|general[1].gpll~PLL_OUTPUT_COUNTER|divclk 
Info (332146): Worst-case recovery slack is 3.213
    Info (332119):     Slack       End Point TNS Clock 
    Info (332119): ========= =================== =====================
    Info (332119):     7.056               0.000 sysmem|fpga_interfaces|clocks_resets|h2f_user0_clk 
    Info (332119):    15.640               0.000 FPGA_CLK1_50 
    Info (332119):    16.336               0.000 emu|pll|pll_inst|altera_pll_i|general[0].gpll~PLL_OUTPUT_COUNTER|divclk 
Info (332146): Worst-case removal slack is 0.948
    Info (332119):     Slack       End Point TNS Clock 
    Info (332119): ========= =================== =====================
    Info (332119):     0.999               0.000 sysmem|fpga_interfaces|clocks_resets|h2f_user0_clk 
    Info (332119):     1.289               0.000 FPGA_CLK1_50 
    Info (332119):     2.814               0.000 emu|pll|pll_inst|altera_pll_i|general[0].gpll~PLL_OUTPUT_COUNTER|divclk 
Info (332146): Worst-case minimum pulse width slack is 0.505
    Info (332119):     Slack       End Point TNS Clock 
    Info (332119): ========= =================== =====================
    Info (332119):     0.505               0.000 emu|pll|pll_inst|altera_pll_i|general[0].gpll~FRACTIONAL_PLL|vcoph[0] 
    Info (332119):     1.196               0.000 pll_audio|pll_audio_inst|altera_pll_i|general[0].gpll~FRACTIONAL_PLL|vcoph[0] 
    Info (332119):     3.589               0.000 sysmem|fpga_interfaces|clocks_resets|h2f_user0_clk 
    Info (332119):     4.064               0.000 emu|pll|pll_inst|altera_pll_i|general[1].gpll~PLL_OUTPUT_COUNTER|divclk 
    Info (332119):     9.211               0.000 FPGA_CLK1_50 
    Info (332119):     9.218               0.000 FPGA_CLK2_50 
    Info (332119):     9.730               0.000 FPGA_CLK3_50 
    Info (332119):    13.704               0.000 emu|pll|pll_inst|altera_pll_i|general[0].gpll~PLL_OUTPUT_COUNTER|divclk 
    Info (332119):    18.939               0.000 pll_audio|pll_audio_inst|altera_pll_i|general[0].gpll~PLL_OUTPUT_COUNTER|divclk 
Info (332114): Report Metastability: Found 355 synchronizer chains.
    Info (332114): Worst-Case MTBF of Design is 1e+09 years or 3.15e+16 seconds.
    Info (332114): Typical MTBF of Design is 1e+09 years or 3.15e+16 seconds.

    Info (332114): Number of Synchronizer Chains Found: 355
    Info (332114): Shortest Synchronizer Chain: 1 Registers
    Info (332114): Fraction of Chains for which MTBFs Could Not be Calculated: 0.977
    Info (332114): Worst Case Available Settling Time: 0.614 ns
    Info (332114): Worst-Case MTBF values are calculated based on the worst-case silicon characteristics, with worst-case operating conditions.
    Info (332114):   - Under worst-case conditions, an increase of 100ps in available settling time will increase MTBF values by a factor of 8.0
    Info (332114): Typical MTBF values are calculated based on the nominal silicon characteristics, at nominal operating conditions.
    Info (332114):   - Under typical conditions, an increase of 100ps in available settling time will increase MTBF values by a factor of 17.8
Info (332102): Design is not fully constrained for setup requirements
Info (332102): Design is not fully constrained for hold requirements
Info: Quartus Prime TimeQuest Timing Analyzer was successful. 0 errors, 8 warnings
    Info: Peak virtual memory: 2154 megabytes
    Info: Processing ended: Sun Sep 27 23:24:57 2026
    Info: Elapsed time: 00:00:13
    Info: Total CPU time (on all processors): 00:00:27
Info (293000): Quartus Prime Full Compilation was successful. 0 errors, 201 warnings
Info (23030): Evaluation of Tcl script /home/alans/intelFPGA_lite/quartus/common/tcl/internal/qsh_flow.tcl was successful
Info: Quartus Prime Shell was successful. 0 errors, 201 warnings
    Info: Peak virtual memory: 781 megabytes
    Info: Processing ended: Sun Sep 27 23:24:57 2026
    Info: Elapsed time: 00:15:54
    Info: Total CPU time (on all processors): 00:43:11

------------------------------------------------------------
BUILD STATUS  (MacQuadra800, 15m54s)
------------------------------------------------------------
  Analysis & Synthesis   Analysis & Synthesis Status : Successful - Sun Sep 27 23:14:19 2026
  Fitter                 Fitter Status : Successful - Sun Sep 27 23:24:19 2026
  Timing (STA)           met — worst slack +0.212 ns
  Artifact               output_files/MacQuadra800.rbf  (4457856 bytes, 2026-09-27 23:24:43)
  Quartus flow           exit=0
  Full log               output_files/build_20260927_230903.log
------------------------------------------------------------
