CONFIG_END	pc	cacr	tc
CONFIG_END	000B2D26	80008000	0000C000
ENABLED_CYCLES	ic	dc	mmu
ENABLED_CYCLES	1304100000	1304100000	1304100000
SUMMARY	cycles	dispatches	clocks_per_dispatch	rd_accept_samples	look_hit_cycles	ipred_hit_cycles
SUMMARY	1304100000	394360235	3.306875	260150488	379519691	10144597
STATE	id	cycles	entries	percent
STATE	3	145995537	52259391	11.195118
STATE	4	159784296	139417734	12.252457
STATE	5	310036	310036	0.023774
STATE	8	44007514	28458468	3.374551
STATE	9	317283278	117482619	24.329674
STATE	10	125561238	74733608	9.628191
STATE	11	6940203	6940203	0.532183
STATE	13	14782677	14766650	1.133554
STATE	15	13402388	13402388	1.027712
STATE	16	938120	938120	0.071936
STATE	17	284772	284772	0.021837
STATE	18	4507	4507	0.000346
STATE	19	6770052	6770052	0.519136
STATE	20	102040410	102040410	7.824585
STATE	21	1643389	1643389	0.126017
STATE	22	5196178	5196178	0.398449
STATE	23	1654069	1654069	0.126836
STATE	24	3299774	3299774	0.253031
STATE	26	15508521	15508521	1.189213
STATE	27	2793380	2793380	0.214200
STATE	28	13668966	13668966	1.048153
STATE	29	3098	3098	0.000238
STATE	30	8335739	1251626	0.639195
STATE	31	1954	1954	0.000150
STATE	32	931	931	0.000071
STATE	34	1539884	863313	0.118080
STATE	35	867071	867071	0.066488
STATE	36	867071	867071	0.066488
STATE	37	867071	867071	0.066488
STATE	38	3758	3758	0.000288
STATE	39	867071	867071	0.066488
STATE	41	867071	867071	0.066488
STATE	42	867071	867071	0.066488
STATE	43	41717	41717	0.003199
STATE	44	41717	41717	0.003199
STATE	45	41717	41717	0.003199
STATE	46	41717	41717	0.003199
STATE	47	41717	41717	0.003199
STATE	48	108654	108654	0.008332
STATE	49	298	298	0.000023
STATE	51	5147208	5146715	0.394694
STATE	52	848830	848830	0.065089
STATE	53	2762447	2762108	0.211828
STATE	55	1589495	1589495	0.121884
STATE	56	5777664	5777664	0.443038
STATE	57	716681	716681	0.054956
STATE	58	422038	422038	0.032362
STATE	59	28997	28997	0.002224
STATE	62	5319792	5319792	0.407928
STATE	65	5319791	5319791	0.407928
STATE	68	5861916	5861916	0.449499
STATE	69	5301736	5301736	0.406544
STATE	70	20569534	20569534	1.577297
STATE	78	5506	5506	0.000422
STATE	79	5506	5506	0.000422
STATE	81	106819	106819	0.008191
STATE	82	101045	76360	0.007748
STATE	87	15371	15371	0.001179
STATE	89	148537	148537	0.011390
STATE	90	148537	148537	0.011390
STATE	91	148537	148537	0.011390
STATE	92	148537	148537	0.011390
STATE	96	148537	148537	0.011390
STATE	97	148537	148537	0.011390
STATE	98	109070	109070	0.008364
STATE	99	3098	3098	0.000238
STATE	102	560180	560180	0.042955
STATE	103	8808	8808	0.000675
STATE	104	8808	8808	0.000675
STATE	106	30636	10212	0.002349
STATE	107	1102169	15371	0.084516
STATE	112	356874	356874	0.027366
STATE	113	356874	356874	0.027366
STATE	114	30153	30153	0.002312
STATE	115	8052	8052	0.000617
STATE	116	30153	30153	0.002312
STATE	117	326721	326721	0.025053
STATE	118	326721	326721	0.025053
STATE	119	14966	14966	0.001148
STATE	120	326721	326721	0.025053
STATE	121	69244	69244	0.005310
STATE	122	26	26	0.000002
STATE	129	8166	8166	0.000626
STATE	130	356874	356874	0.027366
STATE	131	356874	356874	0.027366
STATE	132	69244	69244	0.005310
STATE	133	6052911	45878	0.464145
STATE	151	7534	7534	0.000578
STATE	152	18	18	0.000001
STATE	153	1134872	524333	0.087023
STATE	154	16610	16610	0.001274
STATE	155	40999	40999	0.003144
STATE	156	930	930	0.000071
STATE	157	23582	23582	0.001808
STATE	158	146788	146788	0.011256
STATE	160	1054957	334088	0.080895
STATE	161	251097	251097	0.019254
STATE	162	126382	77219	0.009691
STATE	163	49380	49380	0.003787
STATE	164	141515	141515	0.010852
STATE	165	250271	250271	0.019191
STATE	167	13207	6714	0.001013
STATE	171	18	18	0.000001
STATE	173	43306	43306	0.003321
STATE	175	3558	93	0.000273
STATE	176	740	20	0.000057
STATE	177	11442	11442	0.000877
STATE	178	15939848	6934936	1.222287
STATE	179	6068069	6068069	0.465307
STATE	180	866867	866867	0.066472
STATE	181	37419	37419	0.002869
STATE	182	48854	48854	0.003746
STATE	183	48854	48854	0.003746
STATE	190	144584750	78384276	11.086937
STATE	191	3758	3758	0.000288
STATE	250	64604802	41134149	4.953976
MEM	name	value
MEM	mrd_cycles_cst0	184033969
MEM	mrd_cycles_cst1	28259693
MEM	mrd_cycles_cst4	79893633
MEM	mrd_cycles_cst5	5633087
MEM	mrd_cycles_cst6	19462896
MEM	mwr_cycles_cst0	89638165
MEM	mwr_cycles_cst1	4212376
MEM	mwr_cycles_cst4	20826141
MEM	mwr_cycles_cst5	4067231
MEM	mwr_cycles_cst6	6817325
MEM	mrd_cycles_sb_pending	37894381
MEM	mwr_cycles_sb_pending	39541132
MEM	data_tagwrite_entries	5864791
MEM	instr_tagwrite_entries	12135766
MEM	sb_push_signal_samples	75094330
MEM	sb_full_request_samples	26
MEM	read_with_store_pending_samples	3053630
MEM	pass_cycles_write	77530105
MEM	pass_cycles_read	16078440
REFILL_META	clock_sample	post_eval_rising_edge
REFILL_META	duration	C_FILL_through_C_TAGW_complete_bracket_spans_only
REFILL_META	mrd_overlap	core_state_9_and_C_FILL_same_sample
REFILL_META	states	issued_is_registered_state_local_match_is_combinational_setup_is_neither
REFILL_PARTIAL	start	1
REFILL_PARTIAL	end	0
REFILL_PARTIAL	aborted	0
REFILL_REGION	bank	region	fill_entries	fill_samples	tagwrite_samples	issued_state_samples	local_match_samples	setup_state_samples	mrd_overlap_samples	completed
REFILL_REGION	data	ram	5592283	55821116	5592283	33451984	16832722	5536410	46039926	5592283
REFILL_REGION	data	rom	272508	2523919	272508	1433887	0	1090032	1219101	272508
REFILL_REGION	instruction	ram	8158855	83192622	8158856	50557201	24475507	8159914	20785879	8158855
REFILL_REGION	instruction	rom	3976910	40644855	3976910	24737215	0	15907640	11848727	3976910
REFILL_SAMPLE	bank	region	fill_cnt	r_issued	fill_acked	clocks
REFILL_SAMPLE	data	ram	0	0	0	5592283
REFILL_SAMPLE	data	ram	0	1	0	33451045
REFILL_SAMPLE	data	ram	1	0	0	686065
REFILL_SAMPLE	data	ram	1	0	1	4906218
REFILL_SAMPLE	data	ram	1	1	0	65
REFILL_SAMPLE	data	ram	1	1	1	248
REFILL_SAMPLE	data	ram	2	0	1	5592283
REFILL_SAMPLE	data	ram	2	1	1	313
REFILL_SAMPLE	data	ram	3	0	1	5592283
REFILL_SAMPLE	data	ram	3	1	1	313
REFILL_SAMPLE	data	rom	0	0	0	272508
REFILL_SAMPLE	data	rom	0	1	0	616363
REFILL_SAMPLE	data	rom	1	0	0	131
REFILL_SAMPLE	data	rom	1	0	1	272377
REFILL_SAMPLE	data	rom	1	1	0	131
REFILL_SAMPLE	data	rom	1	1	1	272377
REFILL_SAMPLE	data	rom	2	0	1	272508
REFILL_SAMPLE	data	rom	2	1	1	272508
REFILL_SAMPLE	data	rom	3	0	1	272508
REFILL_SAMPLE	data	rom	3	1	1	272508
REFILL_SAMPLE	instruction	ram	0	0	0	8158855
REFILL_SAMPLE	instruction	ram	0	1	0	50556010
REFILL_SAMPLE	instruction	ram	1	0	1	8158855
REFILL_SAMPLE	instruction	ram	1	1	1	397
REFILL_SAMPLE	instruction	ram	2	0	1	8158855
REFILL_SAMPLE	instruction	ram	2	1	1	397
REFILL_SAMPLE	instruction	ram	3	0	1	8158856
REFILL_SAMPLE	instruction	ram	3	1	1	397
REFILL_SAMPLE	instruction	rom	0	0	0	3976910
REFILL_SAMPLE	instruction	rom	0	1	0	12806485
REFILL_SAMPLE	instruction	rom	1	0	1	3976910
REFILL_SAMPLE	instruction	rom	1	1	1	3976910
REFILL_SAMPLE	instruction	rom	2	0	1	3976910
REFILL_SAMPLE	instruction	rom	2	1	1	3976910
REFILL_SAMPLE	instruction	rom	3	0	1	3976910
REFILL_SAMPLE	instruction	rom	3	1	1	3976910
REFILL_DURATION	bank	region	clocks	complete_fills
REFILL_DURATION	data	ram	5	56812
REFILL_DURATION	instruction	ram	5	132
REFILL_DURATION	data	rom	9	100646
REFILL_DURATION	instruction	rom	9	14251
REFILL_DURATION	data	ram	11	5368720
REFILL_DURATION	data	rom	11	171731
REFILL_DURATION	instruction	ram	11	7121307
REFILL_DURATION	instruction	rom	11	3422487
REFILL_DURATION	data	ram	12	109751
REFILL_DURATION	data	rom	12	131
REFILL_DURATION	instruction	ram	12	585552
REFILL_DURATION	instruction	rom	12	325611
REFILL_DURATION	data	ram	13	42050
REFILL_DURATION	instruction	ram	13	365380
REFILL_DURATION	instruction	rom	13	152689
REFILL_DURATION	data	ram	14	14628
REFILL_DURATION	instruction	ram	14	72045
REFILL_DURATION	instruction	rom	14	32563
REFILL_DURATION	data	ram	15	233
REFILL_DURATION	instruction	ram	15	211
REFILL_DURATION	data	ram	16	65
REFILL_DURATION	instruction	ram	16	14015
REFILL_DURATION	instruction	rom	16	14185
REFILL_DURATION	data	ram	17	9
REFILL_DURATION	instruction	ram	17	97
REFILL_DURATION	instruction	rom	17	1214
REFILL_DURATION	data	ram	18	8
REFILL_DURATION	instruction	ram	18	38
REFILL_DURATION	instruction	rom	18	13910
REFILL_DURATION	data	ram	19	7
REFILL_DURATION	instruction	ram	19	53
REFILL_DURATION	instruction	ram	20	25
CACHE_STATE	id	cycles	percent
CACHE_STATE	0	946941636	72.612655
CACHE_STATE	1	57494366	4.408739
CACHE_STATE	4	182182512	13.969980
CACHE_STATE	5	18000557	1.380305
CACHE_STATE	6	93608545	7.178019
CACHE_STATE	7	5872384	0.450302
TRANSITION	from	to	count
TRANSITION	3	4	52259055
TRANSITION	3	34	336
TRANSITION	4	3	13908063
TRANSITION	4	8	8817259
TRANSITION	4	9	4104141
TRANSITION	4	10	306869
TRANSITION	4	11	3816028
TRANSITION	4	13	1658384
TRANSITION	4	20	30953702
TRANSITION	4	34	825354
TRANSITION	4	43	41717
TRANSITION	4	48	101000
TRANSITION	4	51	312923
TRANSITION	4	53	1800480
TRANSITION	4	62	2900791
TRANSITION	4	65	2170836
TRANSITION	4	68	4775412
TRANSITION	4	78	5506
TRANSITION	4	81	56156
TRANSITION	4	87	15371
TRANSITION	4	89	141566
TRANSITION	4	98	78625
TRANSITION	4	104	8793
TRANSITION	4	106	10212
TRANSITION	4	112	346908
TRANSITION	4	133	45878
TRANSITION	4	153	62006
TRANSITION	4	167	5775
TRANSITION	4	181	839
TRANSITION	4	190	38563395
TRANSITION	4	250	23583745
TRANSITION	5	3	107002
TRANSITION	5	4	101471
TRANSITION	5	20	100983
TRANSITION	5	51	9
TRANSITION	5	53	4
TRANSITION	5	56	60
TRANSITION	5	181	287
TRANSITION	5	190	220
TRANSITION	8	13	10218327
TRANSITION	8	15	2454235
TRANSITION	8	16	929549
TRANSITION	8	18	4507
TRANSITION	8	19	6770052
TRANSITION	8	20	3875901
TRANSITION	8	48	7654
TRANSITION	8	51	522603
TRANSITION	8	53	52120
TRANSITION	8	62	2390175
TRANSITION	8	68	1086504
TRANSITION	8	81	50663
TRANSITION	8	89	6971
TRANSITION	8	98	30445
TRANSITION	8	104	15
TRANSITION	8	112	9966
TRANSITION	8	153	24609
TRANSITION	8	157	11791
TRANSITION	8	167	939
TRANSITION	8	177	11442
TRANSITION	9	3	10787373
TRANSITION	9	4	31276317
TRANSITION	9	8	81764
TRANSITION	9	10	12713816
TRANSITION	9	11	508405
TRANSITION	9	13	314859
TRANSITION	9	15	2527354
TRANSITION	9	17	284772
TRANSITION	9	20	19756314
TRANSITION	9	23	1653990
TRANSITION	9	27	2793380
TRANSITION	9	28	151735
TRANSITION	9	42	867071
TRANSITION	9	44	41717
TRANSITION	9	45	41717
TRANSITION	9	46	41717
TRANSITION	9	49	298
TRANSITION	9	51	2054501
TRANSITION	9	53	23517
TRANSITION	9	55	1159
TRANSITION	9	56	31020
TRANSITION	9	62	14165
TRANSITION	9	65	1248709
TRANSITION	9	70	2932758
TRANSITION	9	118	326707
TRANSITION	9	119	14966
TRANSITION	9	153	22064
TRANSITION	9	160	146788
TRANSITION	9	162	26767
TRANSITION	9	165	105263
TRANSITION	9	171	18
TRANSITION	9	175	93
TRANSITION	9	181	3678
TRANSITION	9	190	13557202
TRANSITION	9	250	13130645
TRANSITION	10	3	6678233
TRANSITION	10	4	7015802
TRANSITION	10	9	3735159
TRANSITION	10	13	1241514
TRANSITION	10	20	13921994
TRANSITION	10	36	867071
TRANSITION	10	37	867071
TRANSITION	10	38	3758
TRANSITION	10	39	867071
TRANSITION	10	51	301510
TRANSITION	10	52	848830
TRANSITION	10	53	602210
TRANSITION	10	55	71327
TRANSITION	10	56	3319141
TRANSITION	10	57	716681
TRANSITION	10	62	14652
TRANSITION	10	65	1330780
TRANSITION	10	70	11774860
TRANSITION	10	96	148537
TRANSITION	10	122	26
TRANSITION	10	153	100129
TRANSITION	10	161	251097
TRANSITION	10	162	22396
TRANSITION	10	165	108756
TRANSITION	10	176	20
TRANSITION	10	181	4403
TRANSITION	10	183	48854
TRANSITION	10	190	15451967
TRANSITION	10	250	4419759
TRANSITION	11	8	3825247
TRANSITION	11	26	2050834
TRANSITION	11	55	623616
TRANSITION	11	56	133078
TRANSITION	11	58	118
TRANSITION	11	59	402
TRANSITION	11	102	1758
TRANSITION	11	117	297450
TRANSITION	11	151	7534
TRANSITION	11	152	18
TRANSITION	11	155	148
TRANSITION	13	3	282355
TRANSITION	13	4	3271292
TRANSITION	13	9	5449079
TRANSITION	13	10	1221934
TRANSITION	13	20	1092426
TRANSITION	13	22	329808
TRANSITION	13	26	1792009
TRANSITION	13	51	10704
TRANSITION	13	53	75
TRANSITION	13	55	58418
TRANSITION	13	56	635389
TRANSITION	13	62	2
TRANSITION	13	102	558220
TRANSITION	13	117	29271
TRANSITION	13	155	35398
TRANSITION	13	181	158
TRANSITION	13	190	112
TRANSITION	15	8	929549
TRANSITION	15	9	1849321
TRANSITION	15	16	8571
TRANSITION	15	22	1861
TRANSITION	15	26	10326862
TRANSITION	15	55	102099
TRANSITION	15	56	14220
TRANSITION	15	58	169905
TRANSITION	16	9	284772
TRANSITION	16	22	652026
TRANSITION	16	55	946
TRANSITION	16	58	376
TRANSITION	17	8	4507
TRANSITION	17	22	17860
TRANSITION	17	26	1562
TRANSITION	17	55	13784
TRANSITION	17	56	241212
TRANSITION	17	58	394
TRANSITION	17	155	5453
TRANSITION	18	22	1290
TRANSITION	18	26	112
TRANSITION	18	58	3105
TRANSITION	19	22	4193333
TRANSITION	19	26	1337142
TRANSITION	19	55	690010
TRANSITION	19	56	272629
TRANSITION	19	58	248140
TRANSITION	19	59	28595
TRANSITION	19	102	202
TRANSITION	20	8	14776908
TRANSITION	20	9	51814837
TRANSITION	20	10	10427106
TRANSITION	20	11	1513133
TRANSITION	20	15	8420799
TRANSITION	20	21	1643389
TRANSITION	20	24	2389
TRANSITION	20	28	4653922
TRANSITION	20	190	8787927
TRANSITION	21	24	1643389
TRANSITION	22	9	5196178
TRANSITION	23	3	4
TRANSITION	23	20	2
TRANSITION	23	24	1653996
TRANSITION	23	53	10
TRANSITION	23	190	57
TRANSITION	24	11	174737
TRANSITION	24	28	3125037
TRANSITION	26	9	1805560
TRANSITION	26	10	12008562
TRANSITION	26	28	1694399
TRANSITION	27	28	2793380
TRANSITION	28	3	120499
TRANSITION	28	4	4712480
TRANSITION	28	5	95408
TRANSITION	28	10	6955461
TRANSITION	28	13	53273
TRANSITION	28	20	25813
TRANSITION	28	29	3098
TRANSITION	28	30	1242818
TRANSITION	28	51	169910
TRANSITION	28	53	14849
TRANSITION	28	65	1082
TRANSITION	28	103	8808
TRANSITION	28	181	763
TRANSITION	28	190	264704
TRANSITION	29	99	3098
TRANSITION	30	3	184
TRANSITION	30	4	966906
TRANSITION	30	13	41158
TRANSITION	30	20	236627
TRANSITION	30	31	1954
TRANSITION	30	55	1
TRANSITION	30	65	5
TRANSITION	30	181	182
TRANSITION	30	190	4609
TRANSITION	31	4	1872
TRANSITION	31	20	76
TRANSITION	31	181	6
TRANSITION	32	30	931
TRANSITION	34	35	863313
TRANSITION	35	10	867071
TRANSITION	36	10	867071
TRANSITION	37	10	867071
TRANSITION	38	10	3758
TRANSITION	39	41	867071
TRANSITION	41	9	867071
TRANSITION	42	34	204
TRANSITION	42	178	866867
TRANSITION	43	9	41717
TRANSITION	44	9	41717
TRANSITION	45	9	41717
TRANSITION	46	47	41717
TRANSITION	47	3	22364
TRANSITION	47	181	19353
TRANSITION	48	9	108654
TRANSITION	49	181	298
TRANSITION	51	3	3116845
TRANSITION	51	4	1206532
TRANSITION	51	10	669668
TRANSITION	51	13	15201
TRANSITION	51	20	117853
TRANSITION	51	56	13636
TRANSITION	51	62	7
TRANSITION	51	153	930
TRANSITION	51	181	105
TRANSITION	51	190	5938
TRANSITION	52	3	848728
TRANSITION	52	181	102
TRANSITION	53	3	92815
TRANSITION	53	4	2080890
TRANSITION	53	13	15
TRANSITION	53	20	549680
TRANSITION	53	51	21042
TRANSITION	53	65	151
TRANSITION	53	181	81
TRANSITION	53	190	17434
TRANSITION	55	3	1562897
TRANSITION	55	4	26461
TRANSITION	55	181	137
TRANSITION	56	10	5777664
TRANSITION	57	3	716562
TRANSITION	57	181	119
TRANSITION	58	3	44337
TRANSITION	58	4	200449
TRANSITION	58	13	13677
TRANSITION	58	20	163487
TRANSITION	58	56	52
TRANSITION	58	181	36
TRANSITION	59	10	28997
TRANSITION	62	10	5319792
TRANSITION	65	9	5319791
TRANSITION	68	11	560180
TRANSITION	68	69	5301736
TRANSITION	69	70	5301736
TRANSITION	70	3	28631
TRANSITION	70	4	2732928
TRANSITION	70	9	2932758
TRANSITION	70	10	11774860
TRANSITION	70	13	3779
TRANSITION	70	20	2468827
TRANSITION	70	51	14687
TRANSITION	70	53	40
TRANSITION	70	55	14047
TRANSITION	70	56	28824
TRANSITION	70	65	536516
TRANSITION	70	153	18113
TRANSITION	70	181	1282
TRANSITION	70	190	14242
TRANSITION	78	79	5506
TRANSITION	79	3	86
TRANSITION	79	4	2366
TRANSITION	79	20	3053
TRANSITION	79	181	1
TRANSITION	81	5	30459
TRANSITION	81	82	76360
TRANSITION	82	5	76360
TRANSITION	87	107	15371
TRANSITION	89	90	148537
TRANSITION	90	91	148537
TRANSITION	91	92	148537
TRANSITION	92	9	148537
TRANSITION	96	97	148537
TRANSITION	97	4	148112
TRANSITION	97	51	204
TRANSITION	97	53	150
TRANSITION	97	181	71
TRANSITION	98	3	164
TRANSITION	98	4	35
TRANSITION	98	5	107789
TRANSITION	98	20	1082
TRANSITION	99	3	47
TRANSITION	99	4	2388
TRANSITION	99	20	327
TRANSITION	99	190	336
TRANSITION	102	70	560180
TRANSITION	103	30	7877
TRANSITION	103	32	931
TRANSITION	104	20	8808
TRANSITION	106	3	10212
TRANSITION	107	3	15371
TRANSITION	112	113	356874
TRANSITION	113	11	326721
TRANSITION	113	114	30153
TRANSITION	114	115	8052
TRANSITION	114	116	22101
TRANSITION	115	116	8052
TRANSITION	116	130	30153
TRANSITION	117	9	326721
TRANSITION	118	9	14966
TRANSITION	118	120	311755
TRANSITION	119	120	14966
TRANSITION	120	130	326721
TRANSITION	121	10	69244
TRANSITION	122	10	26
TRANSITION	129	4	5040
TRANSITION	129	20	2244
TRANSITION	129	153	882
TRANSITION	130	131	356874
TRANSITION	131	3	5896
TRANSITION	131	4	244474
TRANSITION	131	20	28915
TRANSITION	131	129	8166
TRANSITION	131	132	69244
TRANSITION	131	181	51
TRANSITION	131	190	128
TRANSITION	132	121	69244
TRANSITION	133	3	45855
TRANSITION	133	181	23
TRANSITION	151	10	3776
TRANSITION	151	182	3758
TRANSITION	152	9	18
TRANSITION	153	8	11442
TRANSITION	153	11	40999
TRANSITION	153	154	16610
TRANSITION	153	156	930
TRANSITION	153	157	11791
TRANSITION	153	158	128657
TRANSITION	153	160	174579
TRANSITION	153	164	96019
TRANSITION	153	173	43306
TRANSITION	154	162	16610
TRANSITION	155	158	18131
TRANSITION	155	162	11446
TRANSITION	155	164	11422
TRANSITION	156	160	930
TRANSITION	157	8	11791
TRANSITION	157	160	11791
TRANSITION	158	9	146788
TRANSITION	160	3	694
TRANSITION	160	4	29612
TRANSITION	160	10	84113
TRANSITION	160	20	12133
TRANSITION	160	53	31629
TRANSITION	160	153	166420
TRANSITION	160	181	31
TRANSITION	160	190	5698
TRANSITION	160	191	3758
TRANSITION	161	4	435
TRANSITION	161	10	166984
TRANSITION	161	20	83391
TRANSITION	161	153	269
TRANSITION	161	181	18
TRANSITION	162	4	5938
TRANSITION	162	9	26767
TRANSITION	162	20	13119
TRANSITION	162	65	3758
TRANSITION	162	153	5237
TRANSITION	162	163	22396
TRANSITION	162	181	4
TRANSITION	163	3	1239
TRANSITION	163	4	16715
TRANSITION	163	10	22396
TRANSITION	163	20	9029
TRANSITION	163	181	1
TRANSITION	164	9	105263
TRANSITION	164	165	36252
TRANSITION	165	4	9754
TRANSITION	165	10	108756
TRANSITION	165	20	5226
TRANSITION	165	51	640
TRANSITION	165	153	91802
TRANSITION	165	164	34074
TRANSITION	165	181	19
TRANSITION	167	3	1923
TRANSITION	167	4	640
TRANSITION	167	20	435
TRANSITION	167	51	930
TRANSITION	167	153	1855
TRANSITION	167	181	1
TRANSITION	167	190	930
TRANSITION	171	4	18
TRANSITION	173	4	4835
TRANSITION	173	20	5060
TRANSITION	173	153	6426
TRANSITION	173	163	26984
TRANSITION	173	181	1
TRANSITION	175	23	79
TRANSITION	175	118	14
TRANSITION	176	5	20
TRANSITION	177	3	300
TRANSITION	177	4	3458
TRANSITION	177	20	3758
TRANSITION	177	153	3926
TRANSITION	178	179	6068069
TRANSITION	178	180	866867
TRANSITION	179	178	6068069
TRANSITION	180	3	866867
TRANSITION	181	34	37419
TRANSITION	182	10	48854
TRANSITION	183	4	3755
TRANSITION	183	181	3
TRANSITION	183	182	45096
TRANSITION	190	3	12598845
TRANSITION	190	4	32458894
TRANSITION	190	9	379560
TRANSITION	190	13	1205171
TRANSITION	190	20	28160132
TRANSITION	190	28	1250493
TRANSITION	190	51	1737052
TRANSITION	190	53	236506
TRANSITION	190	55	14088
TRANSITION	190	56	292581
TRANSITION	190	65	27954
TRANSITION	190	153	19665
TRANSITION	190	181	3335
TRANSITION	191	35	3758
TRANSITION	250	3	395000
TRANSITION	250	4	628810
TRANSITION	250	9	32741527
TRANSITION	250	10	4419759
TRANSITION	250	13	1292
TRANSITION	250	20	440013
TRANSITION	250	53	518
TRANSITION	250	56	795822
TRANSITION	250	181	2031
TRANSITION	250	190	1709377
F4SITE	F4E9	0009AD6E	30371
F4SITE	F4E9	40887126	111
F4SITE	F4E9	408E9B18	440
F4SITE	F4F1	0009AD6A	366
F4SITE	F4F1	40887122	3
F4SITE	F4F8	0009AD20	18
F4SITE	F4F8	40885032	14569
F4CALL	0009AD6E	00000000	310
F4CALL	0009AD6E	00000030	158
F4CALL	0009AD6E	00000A60	143
F4CALL	0009AD6E	00000C90	123
F4CALL	0009AD6E	6214FFFF	27418
F4CALL	0009AD6E	94F80000	100
F4CALL	0009AD6E	E2E60000	126
F4CALL	40885032	40804088	103
F4CALL	40885032	40887824	14115
F4CALL	40885032	50300003	125
OPCODE	opcode	dispatches	percent
OPCODE	2270	12123054	3.074107
OPCODE	206E	11083225	2.810432
OPCODE	3A30	11072847	2.807800
OPCODE	5243	9995405	2.534587
OPCODE	0C43	9239007	2.342784
OPCODE	4E75	8492087	2.153383
OPCODE	204A	7697552	1.951909
OPCODE	D0C3	6702935	1.699699
OPCODE	0C44	6004673	1.522637
OPCODE	4E5E	5319455	1.348882
OPCODE	4E56	5319455	1.348882
OPCODE	E588	5247311	1.330588
OPCODE	2008	5168713	1.310658
OPCODE	3431	4799763	1.217101
OPCODE	3800	4660008	1.181663
OPCODE	3003	4582573	1.162027
OPCODE	3005	4505021	1.142362
OPCODE	D044	4502437	1.141707
OPCODE	4232	4499700	1.141013
OPCODE	5240	4330847	1.098196
OPCODE	302E	3965688	1.005600
OPCODE	306E	3266706	0.828356
OPCODE	D0C4	3114931	0.789869
OPCODE	4870	3026441	0.767431
OPCODE	4EBA	2917450	0.739793
OPCODE	48E7	2916884	0.739650
OPCODE	41ED	2813312	0.713386
OPCODE	6F18	2741040	0.695060
OPCODE	B66D	2505000	0.635206
OPCODE	6DCA	2504980	0.635201
OPCODE	4EB9	2467037	0.625580
OPCODE	671E	2464953	0.625051
OPCODE	15BC	2457300	0.623110
OPCODE	4A32	2457300	0.623110
OPCODE	4CDF	2379536	0.603391
OPCODE	D0C0	2377568	0.602892
OPCODE	5241	2304708	0.584417
OPCODE	B270	2298032	0.582724
OPCODE	48C0	2248596	0.570188
OPCODE	6700	2154174	0.546245
OPCODE	D080	2131903	0.540598
OPCODE	3270	1966352	0.498618
OPCODE	3043	1947173	0.493755
OPCODE	2F0A	1896775	0.480975
OPCODE	6608	1788705	0.453571
OPCODE	4A70	1785712	0.452812
OPCODE	51C9	1768458	0.448437
OPCODE	B083	1763489	0.447177
OPCODE	D482	1760026	0.446299
OPCODE	D180	1760022	0.446298
OPCODE	2208	1710727	0.433798
OPCODE	4A52	1679392	0.425852
OPCODE	BE70	1672580	0.424125
OPCODE	D2C0	1650526	0.418533
OPCODE	6716	1645920	0.417365
OPCODE	6600	1626063	0.412329
OPCODE	6FC0	1622721	0.411482
OPCODE	204C	1607804	0.407699
OPCODE	E589	1600779	0.405918
OPCODE	6FC6	1600007	0.405722
OPCODE	C5F1	1599963	0.405711
OPCODE	D452	1599953	0.405709
OPCODE	12D0	1550062	0.393057
OPCODE	52AE	1550062	0.393057
OPCODE	4252	1523565	0.386338
OPCODE	3183	1492280	0.378405
OPCODE	5344	1449849	0.367646
OPCODE	6604	1430197	0.362663
OPCODE	3004	1402060	0.355528
OPCODE	5343	1352867	0.343054
OPCODE	672E	1339130	0.339570
OPCODE	201B	1337037	0.339040
OPCODE	6ECA	1336311	0.338855
OPCODE	3F00	1313354	0.333034
OPCODE	D7C0	1275260	0.323374
OPCODE	246E	1254428	0.318092
OPCODE	264A	1252756	0.317668
OPCODE	3C05	1249841	0.316929
OPCODE	3686	1249840	0.316929
OPCODE	3193	1249840	0.316929
OPCODE	D0C1	1202601	0.304950
OPCODE	7000	1070622	0.271483
OPCODE	1012	1050317	0.266334
OPCODE	B013	1050000	0.266254
OPCODE	D1C0	1041077	0.263991
OPCODE	3181	1039948	0.263705
OPCODE	B0B8	1025530	0.260049
OPCODE	286E	1013592	0.257022
OPCODE	67EE	1000379	0.253671
OPCODE	5340	996343	0.252648
OPCODE	4FEF	992578	0.251693
OPCODE	3080	957319	0.242752
OPCODE	4A12	954857	0.242128
OPCODE	528B	950006	0.240898
OPCODE	528A	950002	0.240897
OPCODE	4A50	926505	0.234939
OPCODE	362E	898808	0.227915
OPCODE	245F	893598	0.226594
OPCODE	6EFA	893284	0.226515
OPCODE	241F	882085	0.223675
OPCODE	2F02	881812	0.223606
OPCODE	6EF4	843622	0.213922
OPCODE	3803	841384	0.213354
OPCODE	0C42	841232	0.213316
OPCODE	6DF4	828962	0.210204
OPCODE	246F	825547	0.209338
OPCODE	341A	825354	0.209289
OPCODE	2F4A	825354	0.209289
OPCODE	226E	817409	0.207275
OPCODE	22D8	808457	0.205005
OPCODE	2009	791959	0.200821
OPCODE	204B	791565	0.200721
OPCODE	486E	790841	0.200538
OPCODE	D0C2	790211	0.200378
OPCODE	4EF9	789954	0.200313
OPCODE	2F0C	775538	0.196657
OPCODE	205F	769925	0.195234
OPCODE	3011	756194	0.191752
OPCODE	3290	755871	0.191670
OPCODE	3182	737207	0.186937
OPCODE	3F2E	705477	0.178892
OPCODE	B644	679621	0.172335
OPCODE	2046	675433	0.171273
OPCODE	266E	672571	0.170547
OPCODE	302D	670152	0.169934
OPCODE	382E	664457	0.168490
OPCODE	3042	663255	0.168185
OPCODE	D043	662156	0.167906
OPCODE	2045	661504	0.167741
OPCODE	33B0	656355	0.166435
OPCODE	52AD	649500	0.164697
OPCODE	2F70	647882	0.164287
OPCODE	0442	647359	0.164154
OPCODE	51C8	625226	0.158542
OPCODE	6002	621229	0.157528
OPCODE	200C	608058	0.154188
OPCODE	3C2E	602757	0.152844
OPCODE	584F	602291	0.152726
OPCODE	7600	595222	0.150934
OPCODE	5247	572708	0.145225
OPCODE	3A03	570178	0.144583
OPCODE	DA43	569711	0.144465
OPCODE	D845	569708	0.144464
OPCODE	5645	569707	0.144464
OPCODE	31BC	566664	0.143692
OPCODE	670E	559372	0.141843
OPCODE	4CEE	547260	0.138772
OPCODE	5E40	540000	0.136931
OPCODE	2E9F	539582	0.136825
OPCODE	4ED0	537307	0.136248
OPCODE	2040	533597	0.135307
OPCODE	2047	531383	0.134746
OPCODE	6006	520383	0.131956
OPCODE	9043	517574	0.131244
OPCODE	4E71	511979	0.129825
OPCODE	6706	509739	0.129257
OPCODE	6100	507079	0.128583
OPCODE	2F38	505094	0.128079
OPCODE	2C08	504211	0.127855
OPCODE	3F04	503485	0.127671
OPCODE	3B70	492020	0.124764
OPCODE	3430	491536	0.124641
OPCODE	D041	484281	0.122802
OPCODE	2F05	477929	0.121191
OPCODE	3F03	474766	0.120389
OPCODE	6704	474684	0.120368
OPCODE	6710	456835	0.115842
OPCODE	322E	451993	0.114614
OPCODE	3B40	451869	0.114583
OPCODE	225F	450337	0.114194
OPCODE	4842	444697	0.112764
OPCODE	0C97	437874	0.111034
OPCODE	0C40	435438	0.110416
OPCODE	2E08	432709	0.109724
OPCODE	2F2E	430542	0.109175
OPCODE	2F08	423533	0.107397
OPCODE	558F	421102	0.106781
OPCODE	3006	394283	0.099980
OPCODE	661C	385844	0.097840
OPCODE	6000	385812	0.097832
OPCODE	4250	380807	0.096563
OPCODE	2F0B	380208	0.096411
OPCODE	6758	379999	0.096358
OPCODE	6CBE	377937	0.095835
OPCODE	C0B8	377864	0.095817
OPCODE	0240	377218	0.095653
OPCODE	4A80	375308	0.095169
OPCODE	0838	374931	0.095073
OPCODE	C1FC	374202	0.094888
OPCODE	676E	363173	0.092092
OPCODE	224A	362070	0.091812
OPCODE	31AE	360410	0.091391
OPCODE	3E30	356314	0.090352
OPCODE	206D	354822	0.089974
OPCODE	598F	354070	0.089783
OPCODE	2052	352084	0.089280
OPCODE	504F	346277	0.087807
OPCODE	7A00	342130	0.086756
OPCODE	6FCE	339297	0.086037
OPCODE	4A11	336383	0.085298
OPCODE	6FCC	335934	0.085185
OPCODE	1A2B	334724	0.084878
OPCODE	6AF8	333346	0.084528
OPCODE	3F05	331520	0.084065
OPCODE	2F10	327532	0.083054
OPCODE	3045	322133	0.081685
OPCODE	4A40	317740	0.080571
OPCODE	3D70	317236	0.080443
OPCODE	2F09	316938	0.080368
OPCODE	5C4F	314392	0.079722
OPCODE	544F	312319	0.079196
OPCODE	3029	310736	0.078795
OPCODE	D2C3	310456	0.078724
OPCODE	41FA	296686	0.075232
OPCODE	4A43	291348	0.073879
OPCODE	4A6D	287430	0.072885
OPCODE	603C	286395	0.072623
OPCODE	66F2	281694	0.071431
OPCODE	2055	280751	0.071192
OPCODE	6634	273854	0.069443
OPCODE	3D6D	268418	0.068064
OPCODE	2250	266152	0.067490
OPCODE	3044	260205	0.065982
OPCODE	43ED	259514	0.065806
OPCODE	7601	255368	0.064755
OPCODE	660E	249186	0.063187
OPCODE	0C46	247805	0.062837
OPCODE	3243	246609	0.062534
OPCODE	3600	246214	0.062434
OPCODE	306D	245958	0.062369
OPCODE	2A1F	245767	0.062320
OPCODE	6F5E	245745	0.062315
OPCODE	31AD	245745	0.062315
OPCODE	6602	244263	0.061939
OPCODE	102E	244005	0.061874
OPCODE	6D02	242610	0.061520
OPCODE	BC70	242130	0.061398
OPCODE	2601	241780	0.061309
OPCODE	4EB0	240084	0.060879
OPCODE	3030	233713	0.059264
OPCODE	2F01	228785	0.058014
OPCODE	B3D6	225310	0.057133
OPCODE	6426	224900	0.057029
OPCODE	2A78	224698	0.056978
OPCODE	6C04	224593	0.056951
OPCODE	0C6C	224035	0.056810
OPCODE	670C	223233	0.056606
OPCODE	2211	222474	0.056414
OPCODE	4A10	222269	0.056362
OPCODE	4242	222061	0.056309
OPCODE	223C	221233	0.056099
OPCODE	C282	219962	0.055777
OPCODE	D3C1	219954	0.055775
OPCODE	221F	214475	0.054386
OPCODE	6708	211185	0.053551
OPCODE	6004	209646	0.053161
OPCODE	3001	208421	0.052850
OPCODE	3F3C	208244	0.052806
OPCODE	2078	207645	0.052654
OPCODE	0280	206473	0.052356
OPCODE	2400	206219	0.052292
OPCODE	4270	204930	0.051965
OPCODE	548F	204700	0.051907
OPCODE	671A	203150	0.051514
OPCODE	7400	202475	0.051343
OPCODE	2002	201092	0.050992
OPCODE	47FA	198931	0.050444
OPCODE	6E26	198581	0.050355
OPCODE	2978	197112	0.049983
OPCODE	4880	194873	0.049415
OPCODE	0C38	194091	0.049217
OPCODE	4A00	194050	0.049206
OPCODE	6606	193322	0.049022
OPCODE	0640	191890	0.048659
OPCODE	662E	182880	0.046374
OPCODE	2A2E	182871	0.046372
OPCODE	7002	182302	0.046227
OPCODE	317C	181950	0.046138
OPCODE	3202	181805	0.046101
OPCODE	3200	180611	0.045798
OPCODE	0242	178819	0.045344
OPCODE	6530	178036	0.045146
OPCODE	1401	178033	0.045145
OPCODE	41EE	176271	0.044698
OPCODE	200B	173728	0.044053
OPCODE	2070	173674	0.044039
OPCODE	0C50	172427	0.043723
OPCODE	4A1F	171654	0.043527
OPCODE	81FC	169422	0.042961
OPCODE	4868	168431	0.042710
OPCODE	6D20	168378	0.042696
OPCODE	4881	168377	0.042696
OPCODE	B228	168377	0.042696
OPCODE	9228	168374	0.042695
OPCODE	E541	168371	0.042695
OPCODE	102C	168240	0.042662
OPCODE	A829	167830	0.042558
OPCODE	2A40	167705	0.042526
OPCODE	1200	165771	0.042035
OPCODE	660C	165502	0.041967
OPCODE	7001	165166	0.041882
OPCODE	2F20	163735	0.041519
OPCODE	6504	163474	0.041453
OPCODE	2478	163348	0.041421
OPCODE	61FF	162589	0.041229
OPCODE	21CA	161151	0.040864
OPCODE	21CB	160859	0.040790
OPCODE	47FB	160845	0.040786
OPCODE	47F9	160814	0.040778
OPCODE	486D	160648	0.040736
OPCODE	5C48	158634	0.040226
OPCODE	5548	158575	0.040211
OPCODE	4840	156325	0.039640
OPCODE	F217	156206	0.039610
OPCODE	2290	155908	0.039534
OPCODE	6FD6	153468	0.038916
OPCODE	0C80	152015	0.038547
OPCODE	C1C1	151160	0.038330
OPCODE	5441	150164	0.038078
OPCODE	B22E	150000	0.038036
OPCODE	BA2D	150000	0.038036
OPCODE	7066	150000	0.038036
OPCODE	0800	148297	0.037604
OPCODE	51CA	144568	0.036659
OPCODE	670A	144181	0.036561
OPCODE	B0AC	140345	0.035588
OPCODE	285F	140265	0.035568
OPCODE	200D	139992	0.035499
OPCODE	2F3A	139857	0.035464
OPCODE	2F00	139739	0.035434
OPCODE	2D6E	136111	0.034514
OPCODE	70FF	136057	0.034501
OPCODE	4240	133416	0.033831
OPCODE	202E	133014	0.033729
OPCODE	4A2C	132881	0.033695
OPCODE	1F05	127892	0.032430
OPCODE	224B	127804	0.032408
OPCODE	426E	127435	0.032314
OPCODE	720F	126435	0.032061
OPCODE	2050	126010	0.031953
OPCODE	E9D4	124839	0.031656
OPCODE	6032	123064	0.031206
OPCODE	0C6F	123005	0.031191
OPCODE	9A44	122890	0.031162
OPCODE	9A43	122871	0.031157
OPCODE	7A06	122865	0.031156
OPCODE	4258	121243	0.030744
OPCODE	5380	120888	0.030654
OPCODE	57C0	120354	0.030519
OPCODE	0C00	119178	0.030221
OPCODE	3D40	118550	0.030061
OPCODE	D443	116864	0.029634
OPCODE	5242	116576	0.029561
OPCODE	4400	114528	0.029041
OPCODE	2D40	114326	0.028990
OPCODE	301F	114243	0.028969
OPCODE	1D43	114064	0.028924
OPCODE	4A81	113876	0.028876
OPCODE	4843	113650	0.028819
OPCODE	3400	113374	0.028749
OPCODE	4480	112943	0.028640
OPCODE	2007	112885	0.028625
OPCODE	9280	112448	0.028514
OPCODE	2D6C	112002	0.028401
OPCODE	60F4	111983	0.028396
OPCODE	2401	111878	0.028369
OPCODE	4A28	111420	0.028253
OPCODE	C0C1	111105	0.028173
OPCODE	6C0C	110486	0.028017
OPCODE	6F0C	110384	0.027991
OPCODE	D082	110258	0.027959
OPCODE	C4C1	110022	0.027899
OPCODE	C6C0	110010	0.027896
OPCODE	6394	110000	0.027893
OPCODE	0681	110000	0.027893
OPCODE	B06D	110000	0.027893
OPCODE	BA6D	109680	0.027812
OPCODE	600C	109118	0.027670
OPCODE	2E00	108756	0.027578
OPCODE	F200	108728	0.027571
OPCODE	4E74	108654	0.027552
OPCODE	5088	107635	0.027294
OPCODE	2F3C	107057	0.027147
OPCODE	6724	106356	0.026969
OPCODE	2F2D	106200	0.026930
OPCODE	4267	106031	0.026887
OPCODE	2278	105514	0.026756
OPCODE	2D7C	104946	0.026612
OPCODE	262E	104368	0.026465
OPCODE	6702	104250	0.026435
OPCODE	F623	104173	0.026416
OPCODE	226F	103039	0.026128
OPCODE	4EFB	102999	0.026118
OPCODE	0C2D	101220	0.025667
OPCODE	C1EE	100446	0.025471
OPCODE	9044	100174	0.025402
OPCODE	2252	100077	0.025377
OPCODE	1B7C	100059	0.025372
OPCODE	B02E	100031	0.025365
OPCODE	B86E	100016	0.025362
OPCODE	1F3C	100007	0.025359
OPCODE	6ED8	100000	0.025358
OPCODE	5205	100000	0.025358
OPCODE	7200	99660	0.025271
OPCODE	2878	99365	0.025197
OPCODE	F21F	98877	0.025073
OPCODE	2D4C	98651	0.025015
OPCODE	A873	97934	0.024834
OPCODE	20AF	97934	0.024834
OPCODE	6E0C	97007	0.024599
OPCODE	6C0E	96232	0.024402
OPCODE	6720	94246	0.023898
OPCODE	1003	93361	0.023674
OPCODE	661A	93071	0.023601
OPCODE	007C	92915	0.023561
OPCODE	662A	92610	0.023484
OPCODE	2840	92595	0.023480
OPCODE	4278	92226	0.023386
OPCODE	5188	92103	0.023355
OPCODE	4AAD	91957	0.023318
OPCODE	3805	91439	0.023187
OPCODE	D045	91432	0.023185
OPCODE	08F8	89851	0.022784
OPCODE	3606	89699	0.022745
OPCODE	3A2E	89609	0.022723
OPCODE	B645	89371	0.022662
OPCODE	6740	89165	0.022610
OPCODE	BC44	89088	0.022591
OPCODE	4A38	88676	0.022486
OPCODE	1F38	88542	0.022452
OPCODE	11DF	88531	0.022449
OPCODE	209F	88471	0.022434
OPCODE	30DF	88469	0.022434
OPCODE	20DF	88469	0.022434
OPCODE	2F14	88444	0.022427
OPCODE	2C40	88406	0.022418
OPCODE	2849	88350	0.022403
OPCODE	908E	88275	0.022384
OPCODE	D9C3	88275	0.022384
OPCODE	2C78	88270	0.022383
OPCODE	200E	88214	0.022369
OPCODE	594F	88064	0.022331
OPCODE	662C	87155	0.022100
OPCODE	206B	86810	0.022013
OPCODE	602A	86368	0.021901
OPCODE	4AB8	85874	0.021776
OPCODE	E748	85429	0.021663
OPCODE	2068	85313	0.021633
OPCODE	2010	85188	0.021602
OPCODE	B0AB	85134	0.021588
OPCODE	0C5F	85098	0.021579
OPCODE	3EB8	84981	0.021549
OPCODE	660A	84929	0.021536
OPCODE	2EB8	84576	0.021446
OPCODE	295F	84540	0.021437
OPCODE	2D5F	84106	0.021327
OPCODE	B9F8	83921	0.021280
OPCODE	2F30	83912	0.021278
OPCODE	66D2	83858	0.021264
OPCODE	296B	83855	0.021264
OPCODE	6674	83839	0.021259
OPCODE	A88F	83837	0.021259
OPCODE	220D	83837	0.021259
OPCODE	2A41	83837	0.021259
OPCODE	65F2	83759	0.021239
OPCODE	A924	83752	0.021237
OPCODE	08B8	83564	0.021190
OPCODE	C2B8	83282	0.021118
OPCODE	9240	83019	0.021052
OPCODE	286D	82828	0.021003
OPCODE	3A00	82718	0.020975
OPCODE	6712	82509	0.020922
OPCODE	3205	82124	0.020825
OPCODE	43EE	81845	0.020754
OPCODE	0641	81087	0.020562
OPCODE	674C	80335	0.020371
OPCODE	2448	79667	0.020202
OPCODE	3F06	78927	0.020014
OPCODE	6B3A	78627	0.019938
OPCODE	200A	78517	0.019910
OPCODE	2244	78444	0.019891
OPCODE	E9D0	78416	0.019884
OPCODE	2240	78127	0.019811
OPCODE	6762	77855	0.019742
OPCODE	6384	77752	0.019716
OPCODE	6B00	77437	0.019636
OPCODE	286B	76747	0.019461
OPCODE	203A	76467	0.019390
OPCODE	4E7B	76360	0.019363
OPCODE	6B0C	76224	0.019329
OPCODE	3028	76167	0.019314
OPCODE	C029	75918	0.019251
OPCODE	6C18	75898	0.019246
OPCODE	6D0C	75559	0.019160
OPCODE	2038	75377	0.019114
OPCODE	B1CB	75320	0.019099
OPCODE	3038	75141	0.019054
OPCODE	51CF	74856	0.018982
OPCODE	202C	74801	0.018968
OPCODE	4E90	74658	0.018931
OPCODE	0C41	74577	0.018911
OPCODE	2051	74538	0.018901
OPCODE	4ED1	73787	0.018711
OPCODE	3D6E	73727	0.018695
OPCODE	6130	73087	0.018533
OPCODE	2D6D	72871	0.018478
OPCODE	2C49	72570	0.018402
OPCODE	9DE8	72458	0.018374
OPCODE	6030	72257	0.018323
OPCODE	224C	72085	0.018279
OPCODE	4A6C	71316	0.018084
OPCODE	4A68	71184	0.018051
OPCODE	D3C0	70942	0.017989
OPCODE	6106	70900	0.017978
OPCODE	3D47	70589	0.017900
OPCODE	4A47	70172	0.017794
OPCODE	3014	69802	0.017700
OPCODE	0C52	69748	0.017686
OPCODE	D1C1	69727	0.017681
OPCODE	3612	69642	0.017659
OPCODE	62EA	69625	0.017655
OPCODE	C084	69486	0.017620
OPCODE	D685	69423	0.017604
OPCODE	5382	69415	0.017602
OPCODE	EFD1	69066	0.017513
OPCODE	2210	68829	0.017453
OPCODE	DC84	68696	0.017420
OPCODE	2037	68688	0.017418
OPCODE	6008	66763	0.016929
OPCODE	8195	66650	0.016901
OPCODE	6622	66634	0.016897
OPCODE	2F03	66407	0.016839
OPCODE	261F	66140	0.016771
OPCODE	D040	65304	0.016559
OPCODE	303B	65011	0.016485
OPCODE	265F	64695	0.016405
OPCODE	7009	64638	0.016391
OPCODE	66E8	64421	0.016336
OPCODE	6618	64250	0.016292
OPCODE	422D	64171	0.016272
OPCODE	701E	63964	0.016220
OPCODE	2678	63802	0.016179
OPCODE	66F0	62881	0.015945
OPCODE	584C	62293	0.015796
OPCODE	41EB	61456	0.015584
OPCODE	6A44	61272	0.015537
OPCODE	65A6	61129	0.015501
OPCODE	0C68	61123	0.015499
OPCODE	6734	60744	0.015403
OPCODE	6D00	60550	0.015354
OPCODE	201F	60058	0.015229
OPCODE	4A2E	59794	0.015162
OPCODE	2668	59754	0.015152
OPCODE	2269	59021	0.014966
OPCODE	3F07	58933	0.014944
OPCODE	6C10	58247	0.014770
OPCODE	819D	58189	0.014755
OPCODE	082A	58138	0.014742
OPCODE	51CB	58072	0.014726
OPCODE	2178	58039	0.014717
OPCODE	554F	58012	0.014710
OPCODE	6730	57790	0.014654
OPCODE	4EFA	57634	0.014615
OPCODE	1432	57458	0.014570
OPCODE	4A02	56887	0.014425
OPCODE	4247	56734	0.014386
OPCODE	40E7	56246	0.014263
OPCODE	46DF	56220	0.014256
OPCODE	321A	56116	0.014230
OPCODE	60EA	56098	0.014225
OPCODE	220B	55995	0.014199
OPCODE	A874	55900	0.014175
OPCODE	B243	55896	0.014174
OPCODE	2453	55861	0.014165
OPCODE	6014	55797	0.014149
OPCODE	6F1C	55780	0.014144
OPCODE	266D	55615	0.014103
OPCODE	4207	55552	0.014087
OPCODE	B440	54519	0.013825
OPCODE	6D04	54113	0.013722
OPCODE	5341	53788	0.013639
OPCODE	7803	53454	0.013555
OPCODE	3018	53292	0.013514
OPCODE	906E	53230	0.013498
OPCODE	357C	53144	0.013476
OPCODE	3D7C	53066	0.013456
OPCODE	D9CA	52865	0.013405
OPCODE	DBCB	52865	0.013405
OPCODE	2054	52755	0.013377
OPCODE	6022	52387	0.013284
OPCODE	D2C1	52099	0.013211
OPCODE	5A41	52038	0.013196
OPCODE	1D7C	52013	0.013189
OPCODE	1B40	51914	0.013164
OPCODE	7014	51333	0.013017
OPCODE	601A	51226	0.012990
OPCODE	66F4	51155	0.012972
OPCODE	6732	50487	0.012802
OPCODE	526E	50432	0.012788
OPCODE	3F28	50426	0.012787
OPCODE	906D	50350	0.012768
OPCODE	3B7C	50286	0.012751
OPCODE	B7CC	50224	0.012736
OPCODE	6FE0	50221	0.012735
OPCODE	6024	50220	0.012735
OPCODE	316A	50210	0.012732
OPCODE	2808	50206	0.012731
OPCODE	0C04	50181	0.012725
OPCODE	7005	50155	0.012718
OPCODE	720A	50086	0.012701
OPCODE	3F2D	50084	0.012700
OPCODE	40C0	50082	0.012700
OPCODE	B280	50079	0.012699
OPCODE	6DF2	50058	0.012693
OPCODE	2F12	50016	0.012683
OPCODE	1004	50013	0.012682
OPCODE	6FE8	50006	0.012680
OPCODE	162E	50004	0.012680
OPCODE	1F03	50003	0.012680
OPCODE	D250	50000	0.012679
OPCODE	7841	50000	0.012679
OPCODE	5270	50000	0.012679
OPCODE	2092	50000	0.012679
OPCODE	862D	50000	0.012679
OPCODE	89EE	50000	0.012679
OPCODE	1F2A	50000	0.012679
OPCODE	1F32	50000	0.012679
OPCODE	7A41	50000	0.012679
OPCODE	1F33	50000	0.012679
OPCODE	1483	50000	0.012679
OPCODE	1600	50000	0.012679
OPCODE	14BC	50000	0.012679
OPCODE	2028	49295	0.012500
OPCODE	43E9	48978	0.012420
OPCODE	6026	48964	0.012416
OPCODE	24C6	48946	0.012411
OPCODE	0801	48847	0.012386
OPCODE	3408	48618	0.012328
OPCODE	3272	47904	0.012147
OPCODE	2006	47383	0.012015
OPCODE	663A	47125	0.011950
OPCODE	43F8	46902	0.011893
OPCODE	6620	46902	0.011893
OPCODE	6500	46685	0.011838
OPCODE	6F04	46128	0.011697
OPCODE	203C	45727	0.011595
OPCODE	672A	45297	0.011486
OPCODE	0829	44747	0.011347
OPCODE	2640	44648	0.011322
OPCODE	41EA	44547	0.011296
OPCODE	6614	44423	0.011265
OPCODE	F620	43914	0.011136
OPCODE	42AE	43858	0.011121
OPCODE	6722	43501	0.011031
OPCODE	6718	43445	0.011017
OPCODE	2F07	42952	0.010892
OPCODE	2014	42919	0.010883
OPCODE	3E1F	42883	0.010874
OPCODE	0811	42861	0.010868
OPCODE	0C45	42744	0.010839
OPCODE	1080	42669	0.010820
OPCODE	45FA	42550	0.010790
OPCODE	08D1	42471	0.010770
OPCODE	4AAE	42425	0.010758
OPCODE	486B	42399	0.010751
OPCODE	5540	42333	0.010735
OPCODE	B093	42232	0.010709
OPCODE	266C	42136	0.010685
OPCODE	4A53	42073	0.010669
OPCODE	2251	42018	0.010655
OPCODE	7004	42002	0.010651
OPCODE	6C12	41977	0.010644
OPCODE	67F2	41908	0.010627
OPCODE	2F0F	41828	0.010607
OPCODE	D4C7	41824	0.010606
OPCODE	F218	41752	0.010587
OPCODE	4E73	41717	0.010578
OPCODE	B0AD	41630	0.010556
OPCODE	1D47	41426	0.010505
OPCODE	302F	41255	0.010461
OPCODE	9082	40996	0.010396
OPCODE	0281	40854	0.010360
OPCODE	5245	40764	0.010337
OPCODE	244B	40596	0.010294
OPCODE	6034	40077	0.010163
OPCODE	6FD0	40000	0.010143
OPCODE	700A	39338	0.009975
OPCODE	2215	39307	0.009967
OPCODE	41F8	38841	0.009849
OPCODE	4E93	38777	0.009833
OPCODE	707F	37965	0.009627
OPCODE	24D1	37882	0.009606
OPCODE	422E	37219	0.009438
OPCODE	6404	36256	0.009194
OPCODE	46C0	36038	0.009138
OPCODE	222E	36028	0.009136
OPCODE	76FF	35767	0.009070
OPCODE	6646	35560	0.009017
OPCODE	3228	35271	0.008944
OPCODE	307B	34836	0.008834
OPCODE	7217	34836	0.008834
OPCODE	2228	34688	0.008796
OPCODE	2AC6	34517	0.008753
OPCODE	6E0A	34277	0.008692
OPCODE	4680	34070	0.008639
OPCODE	42A8	33814	0.008574
OPCODE	600A	33401	0.008470
OPCODE	264F	33273	0.008437
OPCODE	B058	32895	0.008341
OPCODE	2229	32554	0.008255
OPCODE	1018	32380	0.008211
OPCODE	4A05	32324	0.008197
OPCODE	275F	32042	0.008125
OPCODE	60FF	31796	0.008063
OPCODE	0241	31770	0.008056
OPCODE	2209	31515	0.007991
OPCODE	B1D6	31301	0.007937
OPCODE	24D9	31176	0.007905
OPCODE	F4E9	30922	0.007841
OPCODE	2469	30886	0.007832
OPCODE	2F2F	30538	0.007744
OPCODE	4E7A	30459	0.007724
OPCODE	3010	30442	0.007719
OPCODE	7201	30393	0.007707
OPCODE	20D9	30323	0.007689
OPCODE	3238	30247	0.007670
OPCODE	6626	30234	0.007667
OPCODE	0CAF	30143	0.007644
OPCODE	2E2E	30052	0.007620
OPCODE	4AAB	29987	0.007604
OPCODE	0247	29819	0.007561
OPCODE	4A07	29747	0.007543
OPCODE	6FBA	29492	0.007478
OPCODE	504A	29384	0.007451
OPCODE	2253	29126	0.007386
OPCODE	6016	29055	0.007368
OPCODE	3013	28991	0.007351
OPCODE	3D5F	28991	0.007351
OPCODE	2940	28854	0.007317
OPCODE	57C3	28790	0.007300
OPCODE	41E8	28781	0.007298
OPCODE	2F28	28682	0.007273
OPCODE	6752	28600	0.007252
OPCODE	6638	28596	0.007251
OPCODE	4878	28592	0.007250
OPCODE	4869	28560	0.007242
OPCODE	4A5F	28553	0.007240
OPCODE	B06C	28487	0.007224
OPCODE	600E	28471	0.007220
OPCODE	B7FC	28419	0.007206
OPCODE	4403	28371	0.007194
OPCODE	508F	28357	0.007191
OPCODE	2C00	28320	0.007181
OPCODE	3232	28305	0.007177
OPCODE	7006	28289	0.007173
OPCODE	3218	28285	0.007172
OPCODE	0647	28250	0.007164
OPCODE	DFC0	28214	0.007154
OPCODE	663C	28141	0.007136
OPCODE	6632	28132	0.007134
OPCODE	C078	28123	0.007131
OPCODE	A049	28111	0.007128
OPCODE	7010	28052	0.007113
OPCODE	2238	28046	0.007112
OPCODE	207A	28027	0.007107
OPCODE	6B12	28025	0.007106
OPCODE	6746	28010	0.007103
OPCODE	08AA	28002	0.007101
OPCODE	6636	27994	0.007099
OPCODE	2450	27955	0.007089
OPCODE	62EC	27950	0.007087
OPCODE	D8FC	27913	0.007078
OPCODE	676A	27912	0.007078
OPCODE	2A81	27911	0.007078
OPCODE	4254	27902	0.007075
OPCODE	1141	27902	0.007075
OPCODE	1178	27896	0.007074
OPCODE	3F7A	27896	0.007074
OPCODE	4A54	27890	0.007072
OPCODE	E359	27884	0.007071
OPCODE	7012	27879	0.007069
OPCODE	1D5F	27878	0.007069
OPCODE	260C	27876	0.007069
OPCODE	675A	27865	0.007066
OPCODE	103A	27863	0.007065
OPCODE	677E	27863	0.007065
OPCODE	5D43	27856	0.007064
OPCODE	303A	27853	0.007063
OPCODE	D0A9	27844	0.007061
OPCODE	5543	27841	0.007060
OPCODE	F227	27840	0.007060
OPCODE	70FC	27832	0.007058
OPCODE	6C08	27717	0.007028
OPCODE	1EBC	27629	0.007006
OPCODE	B054	27616	0.007003
OPCODE	D1C4	27548	0.006985
OPCODE	B051	27544	0.006984
OPCODE	2810	27435	0.006957
OPCODE	38BC	27375	0.006942
OPCODE	F22E	27338	0.006932
OPCODE	C8B8	27304	0.006924
OPCODE	C0A9	27092	0.006870
OPCODE	6FB8	27009	0.006849
OPCODE	6E10	27005	0.006848
OPCODE	C081	26925	0.006828
OPCODE	08A9	26762	0.006786
OPCODE	C100	26020	0.006598
OPCODE	5244	25662	0.006507
OPCODE	082B	25587	0.006488
OPCODE	6714	25442	0.006451
OPCODE	6FCA	24395	0.006186
OPCODE	B380	24376	0.006181
OPCODE	2D41	23568	0.005976
OPCODE	1033	23416	0.005938
OPCODE	F23C	23233	0.005891
OPCODE	6A04	23152	0.005871
OPCODE	6E00	22893	0.005805
OPCODE	2049	22852	0.005795
OPCODE	6748	22828	0.005789
OPCODE	6CF4	22679	0.005751
OPCODE	2248	22414	0.005684
OPCODE	B66E	22398	0.005680
OPCODE	6A02	22047	0.005591
OPCODE	E9EE	22010	0.005581
OPCODE	43FA	21913	0.005557
OPCODE	32D8	21617	0.005482
OPCODE	5342	21545	0.005463
OPCODE	342E	21447	0.005438
OPCODE	0C01	21371	0.005419
OPCODE	3428	21209	0.005378
OPCODE	42A7	21185	0.005372
OPCODE	6616	21051	0.005338
OPCODE	D3CE	20948	0.005312
OPCODE	671C	20922	0.005305
OPCODE	5368	20855	0.005288
OPCODE	1010	20850	0.005287
OPCODE	E098	20816	0.005278
OPCODE	2449	20771	0.005267
OPCODE	3230	20584	0.005220
OPCODE	6028	20409	0.005175
OPCODE	6D06	20348	0.005160
OPCODE	206F	20245	0.005134
OPCODE	4A6E	20106	0.005098
OPCODE	0891	20084	0.005093
OPCODE	C284	20048	0.005084
OPCODE	4271	19968	0.005063
OPCODE	6900	19937	0.005056
OPCODE	4AA8	19778	0.005015
OPCODE	4A78	19658	0.004985
OPCODE	2011	19646	0.004982
OPCODE	202D	19592	0.004968
OPCODE	43E8	19397	0.004919
OPCODE	3012	19394	0.004918
OPCODE	72FF	19336	0.004903
OPCODE	B041	19173	0.004862
OPCODE	F201	18996	0.004817
OPCODE	2440	18918	0.004797
OPCODE	6728	18913	0.004796
OPCODE	2F04	18875	0.004786
OPCODE	6104	18788	0.004764
OPCODE	D081	18716	0.004746
OPCODE	4A94	18386	0.004662
OPCODE	22FB	18320	0.004645
OPCODE	4238	17960	0.004554
OPCODE	C085	17775	0.004507
OPCODE	7E00	17737	0.004498
OPCODE	4E91	17706	0.004490
OPCODE	4A13	17679	0.004483
OPCODE	4A42	17517	0.004442
OPCODE	4A2A	17515	0.004441
OPCODE	1F00	17479	0.004432
OPCODE	422C	17469	0.004430
OPCODE	95CA	17450	0.004425
OPCODE	6E04	17398	0.004412
OPCODE	6B16	17278	0.004381
OPCODE	BF80	17216	0.004366
OPCODE	675C	17178	0.004356
OPCODE	6736	17133	0.004345
OPCODE	3E10	17062	0.004327
OPCODE	51CC	17046	0.004322
OPCODE	2212	17006	0.004312
OPCODE	101F	16988	0.004308
OPCODE	4841	16942	0.004296
OPCODE	E149	16928	0.004293
OPCODE	2043	16891	0.004283
OPCODE	56C8	16831	0.004268
OPCODE	4A2D	16771	0.004253
OPCODE	4A41	16723	0.004241
OPCODE	57CC	16718	0.004239
OPCODE	6B04	16712	0.004238
OPCODE	6A0C	16557	0.004198
OPCODE	B050	16521	0.004189
OPCODE	C1C5	16520	0.004189
OPCODE	9081	16499	0.004184
OPCODE	5448	16486	0.004180
OPCODE	536E	16444	0.004170
OPCODE	5180	16397	0.004158
OPCODE	C210	16374	0.004152
OPCODE	6726	16346	0.004145
OPCODE	3628	16313	0.004137
OPCODE	2029	16187	0.004105
OPCODE	D480	16167	0.004100
OPCODE	6744	16145	0.004094
OPCODE	303C	16038	0.004067
OPCODE	226D	15955	0.004046
OPCODE	4A29	15920	0.004037
OPCODE	2242	15892	0.004030
OPCODE	A055	15872	0.004025
OPCODE	74F4	15828	0.004014
OPCODE	6664	15805	0.004008
OPCODE	226B	15633	0.003964
OPCODE	B3DA	15609	0.003958
OPCODE	672C	15569	0.003948
OPCODE	2013	15531	0.003938
OPCODE	4642	15520	0.003935
OPCODE	4A2B	15498	0.003930
OPCODE	0C28	15496	0.003929
OPCODE	7420	15482	0.003926
OPCODE	2F17	15482	0.003926
OPCODE	B5CB	15464	0.003921
OPCODE	0C51	15464	0.003921
OPCODE	43EB	15460	0.003920
OPCODE	8481	15444	0.003916
OPCODE	74FC	15442	0.003916
OPCODE	9288	15442	0.003916
OPCODE	6B06	15372	0.003898
OPCODE	3409	15371	0.003898
OPCODE	F569	15371	0.003898
OPCODE	6010	15350	0.003892
OPCODE	2848	15313	0.003883
OPCODE	6506	15258	0.003869
OPCODE	E44A	15250	0.003867
OPCODE	9242	15212	0.003857
OPCODE	3A04	15123	0.003835
OPCODE	6EC6	15121	0.003834
OPCODE	6D0E	15099	0.003829
OPCODE	4A6A	15060	0.003819
OPCODE	0C81	15016	0.003808
OPCODE	0C47	14979	0.003798
OPCODE	2412	14962	0.003794
OPCODE	2243	14933	0.003787
OPCODE	8642	14931	0.003786
OPCODE	C644	14931	0.003786
OPCODE	BB42	14931	0.003786
OPCODE	C445	14931	0.003786
OPCODE	E842	14931	0.003786
OPCODE	6088	14925	0.003785
OPCODE	602C	14913	0.003782
OPCODE	383C	14910	0.003781
OPCODE	4AAC	14886	0.003775
OPCODE	D441	14878	0.003773
OPCODE	027C	14874	0.003772
OPCODE	4645	14868	0.003770
OPCODE	B544	14868	0.003770
OPCODE	7405	14868	0.003770
OPCODE	6F8A	14849	0.003765
OPCODE	4A93	14793	0.003751
OPCODE	6628	14776	0.003747
OPCODE	2D4B	14743	0.003738
OPCODE	661E	14720	0.003733
OPCODE	2442	14703	0.003728
OPCODE	61DA	14694	0.003726
OPCODE	6112	14664	0.003718
OPCODE	2D78	14613	0.003705
OPCODE	F4F8	14587	0.003699
OPCODE	D5C1	14587	0.003699
OPCODE	6F16	14580	0.003697
OPCODE	B9CB	14566	0.003694
OPCODE	2600	14541	0.003687
OPCODE	7202	14526	0.003683
OPCODE	0807	14525	0.003683
OPCODE	673C	14502	0.003677
OPCODE	C083	14420	0.003657
OPCODE	C1C6	14420	0.003657
OPCODE	2A08	14385	0.003648
OPCODE	A025	14383	0.003647
OPCODE	3141	14370	0.003644
OPCODE	6630	14355	0.003640
OPCODE	7802	14350	0.003639
OPCODE	268C	14347	0.003638
OPCODE	2C10	14346	0.003638
OPCODE	43EC	14339	0.003636
OPCODE	6054	14323	0.003632
OPCODE	30C0	14323	0.003632
OPCODE	486C	14320	0.003631
OPCODE	49EE	14308	0.003628
OPCODE	294B	14301	0.003626
OPCODE	2431	14280	0.003621
OPCODE	48C7	14280	0.003621
OPCODE	60E2	14267	0.003618
OPCODE	422F	14259	0.003616
OPCODE	6640	14251	0.003614
OPCODE	2D48	14243	0.003612
OPCODE	B478	14226	0.003607
OPCODE	7008	14221	0.003606
OPCODE	A029	14219	0.003606
OPCODE	A02E	14213	0.003604
OPCODE	6B1E	14201	0.003601
OPCODE	382A	14187	0.003597
OPCODE	51CE	14185	0.003597
OPCODE	720C	14185	0.003597
OPCODE	208B	14182	0.003596
OPCODE	6624	14182	0.003596
OPCODE	3C1F	14181	0.003596
OPCODE	1E03	14179	0.003595
OPCODE	7003	14178	0.003595
OPCODE	70E4	14172	0.003594
OPCODE	0929	14172	0.003594
OPCODE	4EB2	14172	0.003594
OPCODE	E542	14172	0.003594
OPCODE	1940	14170	0.003593
OPCODE	A02A	14153	0.003589
OPCODE	6200	14153	0.003589
OPCODE	2B40	14151	0.003588
OPCODE	D094	14142	0.003586
OPCODE	3E00	14138	0.003585
OPCODE	9090	14138	0.003585
OPCODE	E048	14133	0.003584
OPCODE	7041	14127	0.003582
OPCODE	70EF	14127	0.003582
OPCODE	B252	14127	0.003582
OPCODE	A204	14122	0.003581
OPCODE	30E9	14122	0.003581
OPCODE	700C	14121	0.003581
OPCODE	B094	14116	0.003579
OPCODE	2E80	14110	0.003578
OPCODE	21EE	14110	0.003578
OPCODE	5C53	14102	0.003576
OPCODE	2E38	14102	0.003576
OPCODE	67F8	14093	0.003574
OPCODE	6E5A	14089	0.003573
OPCODE	3017	14088	0.003572
OPCODE	6300	14086	0.003572
OPCODE	4205	14081	0.003571
OPCODE	5740	14081	0.003571
OPCODE	7204	14072	0.003568
OPCODE	610A	14069	0.003568
OPCODE	6038	14066	0.003567
OPCODE	4246	14055	0.003564
OPCODE	D159	14053	0.003563
OPCODE	D359	14053	0.003563
OPCODE	5D4F	14046	0.003562
OPCODE	2468	14046	0.003562
OPCODE	61BC	14037	0.003559
OPCODE	61EE	14035	0.003559
OPCODE	4A04	14034	0.003559
OPCODE	22B8	14031	0.003558
OPCODE	2D6B	14023	0.003556
OPCODE	6A12	14022	0.003556
OPCODE	3E2A	14014	0.003554
OPCODE	3F40	14013	0.003553
OPCODE	2D70	14006	0.003552
OPCODE	630A	14004	0.003551
OPCODE	1C2E	13999	0.003550
OPCODE	3D46	13993	0.003548
OPCODE	2F6C	13990	0.003548
OPCODE	D7CC	13989	0.003547
OPCODE	6754	13987	0.003547
OPCODE	66A8	13987	0.003547
OPCODE	526C	13986	0.003547
OPCODE	A01C	13986	0.003547
OPCODE	6F3E	13986	0.003547
OPCODE	70FE	13982	0.003545
OPCODE	703C	13981	0.003545
OPCODE	61E2	13981	0.003545
OPCODE	2D54	13980	0.003545
OPCODE	6650	13977	0.003544
OPCODE	247A	13976	0.003544
OPCODE	21EB	13972	0.003543
OPCODE	296A	13972	0.003543
OPCODE	9091	13972	0.003543
OPCODE	676C	13971	0.003543
OPCODE	426F	13971	0.003543
OPCODE	A871	13967	0.003542
OPCODE	E940	13961	0.003540
OPCODE	7240	13960	0.003540
OPCODE	2F7A	13959	0.003540
OPCODE	5C8F	13957	0.003539
OPCODE	E358	13955	0.003539
OPCODE	3146	13953	0.003538
OPCODE	1A2E	13953	0.003538
OPCODE	1978	13953	0.003538
OPCODE	4204	13953	0.003538
OPCODE	A970	13953	0.003538
OPCODE	6678	13953	0.003538
OPCODE	522E	13953	0.003538
OPCODE	276E	13952	0.003538
OPCODE	0254	13952	0.003538
OPCODE	3A38	13952	0.003538
OPCODE	1969	13952	0.003538
OPCODE	287A	13952	0.003538
OPCODE	B9DF	13948	0.003537
OPCODE	BE46	13948	0.003537
OPCODE	E540	13948	0.003537
OPCODE	A030	13945	0.003536
OPCODE	4A97	13943	0.003536
OPCODE	9CAA	13943	0.003536
OPCODE	633C	13942	0.003535
OPCODE	2851	13941	0.003535
OPCODE	C038	13941	0.003535
OPCODE	143A	13941	0.003535
OPCODE	0C59	13941	0.003535
OPCODE	A8AE	13941	0.003535
OPCODE	A031	13939	0.003535
OPCODE	665A	13939	0.003535
OPCODE	536C	13939	0.003535
OPCODE	60FA	13938	0.003534
OPCODE	362C	13937	0.003534
OPCODE	721A	13937	0.003534
OPCODE	1A07	13935	0.003534
OPCODE	A972	13935	0.003534
OPCODE	6E3A	13935	0.003534
OPCODE	227B	13930	0.003532
OPCODE	A9B4	13930	0.003532
OPCODE	ABF7	13930	0.003532
OPCODE	A97F	13930	0.003532
OPCODE	A0DD	13930	0.003532
OPCODE	6D16	13926	0.003531
OPCODE	2638	13924	0.003531
OPCODE	60B6	13922	0.003530
OPCODE	3412	13922	0.003530
OPCODE	3638	13922	0.003530
OPCODE	50D0	13922	0.003530
OPCODE	51D0	13922	0.003530
OPCODE	6F48	13920	0.003530
OPCODE	A911	13918	0.003529
OPCODE	3083	13918	0.003529
OPCODE	4293	13917	0.003529
OPCODE	A980	13917	0.003529
OPCODE	67B2	13916	0.003529
OPCODE	6518	13911	0.003527
OPCODE	8041	13851	0.003512
OPCODE	4EF0	13812	0.003502
OPCODE	D8C8	13785	0.003496
OPCODE	DAC8	13785	0.003496
OPCODE	322F	13751	0.003487
OPCODE	B9ED	13736	0.003483
OPCODE	102D	13719	0.003479
OPCODE	A8E2	13699	0.003474
OPCODE	EA46	13666	0.003465
OPCODE	3D42	13665	0.003465
OPCODE	6212	13636	0.003458
OPCODE	B7C9	13586	0.003445
OPCODE	66D6	13576	0.003443
OPCODE	B189	13567	0.003440
OPCODE	66D0	13563	0.003439
OPCODE	2B49	13554	0.003437
OPCODE	2268	13421	0.003403
OPCODE	E9D3	13351	0.003385
OPCODE	082E	13343	0.003383
OPCODE	B181	13335	0.003381
OPCODE	E548	13281	0.003368
OPCODE	202B	13053	0.003310
OPCODE	4A83	12979	0.003291
OPCODE	2AC0	12962	0.003287
OPCODE	422B	12935	0.003280
OPCODE	65CA	12890	0.003269
OPCODE	6B14	12813	0.003249
OPCODE	B7CA	12805	0.003247
OPCODE	D010	12792	0.003244
OPCODE	4A14	12777	0.003240
OPCODE	08EB	12776	0.003240
OPCODE	B311	12774	0.003239
OPCODE	0A11	12774	0.003239
OPCODE	7230	12774	0.003239
OPCODE	11A9	12774	0.003239
OPCODE	3806	12763	0.003236
OPCODE	284A	12729	0.003228
OPCODE	C195	12645	0.003206
OPCODE	6A1E	12623	0.003201
OPCODE	66FF	12597	0.003194
OPCODE	0880	12519	0.003175
OPCODE	3219	12335	0.003128
OPCODE	C1C4	12320	0.003124
OPCODE	B3CA	12236	0.003103
OPCODE	B388	12160	0.003083
OPCODE	D0AC	12148	0.003080
OPCODE	6D12	12074	0.003062
OPCODE	3480	12029	0.003050
OPCODE	D4C2	12024	0.003049
OPCODE	0286	11979	0.003038
OPCODE	2D6A	11760	0.002982
OPCODE	C086	11737	0.002976
OPCODE	BE8B	11723	0.002973
OPCODE	C082	11612	0.002945
OPCODE	7040	11095	0.002813
OPCODE	78FF	10936	0.002773
OPCODE	4681	10889	0.002761
OPCODE	2ADC	10690	0.002711
OPCODE	C200	10549	0.002675
OPCODE	4A46	10520	0.002668
OPCODE	1038	10489	0.002660
OPCODE	0C6D	10479	0.002657
OPCODE	3206	10463	0.002653
OPCODE	216E	10339	0.002622
OPCODE	20AE	10235	0.002595
OPCODE	316E	10232	0.002595
OPCODE	3D6A	10222	0.002592
OPCODE	11C1	10212	0.002590
OPCODE	F518	10212	0.002590
OPCODE	2005	10162	0.002577
OPCODE	D2B1	10160	0.002576
OPCODE	5345	10127	0.002568
OPCODE	D4C0	10034	0.002544
OPCODE	6EB4	10000	0.002536
OPCODE	E9D2	9920	0.002515
OPCODE	2815	9920	0.002515
OPCODE	CE81	9920	0.002515
OPCODE	28C4	9920	0.002515
OPCODE	0686	9920	0.002515
OPCODE	2AC1	9920	0.002515
OPCODE	8287	9920	0.002515
OPCODE	D2AE	9795	0.002484
OPCODE	B641	9782	0.002480
OPCODE	0881	9688	0.002457
OPCODE	E449	9648	0.002446
OPCODE	7800	9535	0.002418
OPCODE	103B	9447	0.002396
OPCODE	226C	9440	0.002394
OPCODE	2214	9341	0.002369
OPCODE	C087	9304	0.002359
OPCODE	7801	9257	0.002347
OPCODE	1CD4	9216	0.002337
OPCODE	DE84	9216	0.002337
OPCODE	16F4	9216	0.002337
OPCODE	50EE	9190	0.002330
OPCODE	137C	9068	0.002299
OPCODE	2200	9000	0.002282
OPCODE	4A84	8975	0.002276
OPCODE	D1EB	8881	0.002252
OPCODE	51CD	8833	0.002240
OPCODE	57CD	8551	0.002168
OPCODE	B692	8551	0.002168
OPCODE	122B	8465	0.002147
OPCODE	B084	8407	0.002132
OPCODE	3D41	8364	0.002121
OPCODE	6B26	8360	0.002120
OPCODE	0284	8342	0.002115
OPCODE	65AA	8223	0.002085
OPCODE	2C14	8211	0.002082
OPCODE	D9C6	8201	0.002080
OPCODE	E88C	8200	0.002079
OPCODE	B9D0	8199	0.002079
OPCODE	1814	8192	0.002077
OPCODE	C440	8084	0.002050
OPCODE	F23A	8060	0.002044
OPCODE	6738	8036	0.002038
OPCODE	2069	8005	0.002030
OPCODE	6F00	7959	0.002018
OPCODE	E16B	7915	0.002007
OPCODE	6F12	7849	0.001990
OPCODE	D9C1	7784	0.001974
OPCODE	E5A8	7750	0.001965
OPCODE	701F	7743	0.001963
OPCODE	4A01	7711	0.001955
OPCODE	486A	7705	0.001954
OPCODE	2059	7700	0.001953
OPCODE	D243	7650	0.001940
OPCODE	D2F1	7599	0.001927
OPCODE	B842	7574	0.001921
OPCODE	F327	7534	0.001910
OPCODE	0817	7516	0.001906
OPCODE	0C2F	7516	0.001906
OPCODE	282E	7407	0.001878
OPCODE	7220	7406	0.001878
OPCODE	588F	7366	0.001868
OPCODE	6126	7318	0.001856
OPCODE	2018	7276	0.001845
OPCODE	102B	7258	0.001840
OPCODE	601C	7229	0.001833
OPCODE	0C05	7222	0.001831
OPCODE	1A19	7204	0.001827
OPCODE	22C5	7196	0.001825
OPCODE	1CEC	7168	0.001818
OPCODE	3099	7151	0.001813
OPCODE	366E	7136	0.001810
OPCODE	3E3C	7128	0.001807
OPCODE	2D49	7044	0.001786
OPCODE	2A01	7037	0.001784
OPCODE	9A6E	7018	0.001780
OPCODE	3E2E	7017	0.001779
OPCODE	1418	7013	0.001778
OPCODE	0287	7013	0.001778
OPCODE	E088	6997	0.001774
OPCODE	DBC4	6983	0.001771
OPCODE	F207	6978	0.001769
OPCODE	12C0	6971	0.001768
OPCODE	6A18	6967	0.001767
OPCODE	487A	6961	0.001765
OPCODE	48AE	6954	0.001763
OPCODE	280A	6954	0.001763
OPCODE	D002	6912	0.001753
OPCODE	DC83	6912	0.001753
OPCODE	2428	6907	0.001751
OPCODE	3C02	6904	0.001751
OPCODE	BA6E	6902	0.001750
OPCODE	201A	6890	0.001747
OPCODE	4C00	6887	0.001746
OPCODE	D8AE	6887	0.001746
OPCODE	9C44	6874	0.001743
OPCODE	3630	6864	0.001741
OPCODE	1017	6863	0.001740
OPCODE	DACB	6861	0.001740
OPCODE	E04B	6854	0.001738
OPCODE	2830	6854	0.001738
OPCODE	D9AE	6854	0.001738
OPCODE	62B4	6854	0.001738
OPCODE	D66E	6854	0.001738
OPCODE	6168	6847	0.001736
OPCODE	1D6E	6841	0.001735
OPCODE	E169	6835	0.001733
OPCODE	3C03	6834	0.001733
OPCODE	E54E	6833	0.001733
OPCODE	380B	6833	0.001733
OPCODE	D9C4	6833	0.001733
OPCODE	DE2E	6833	0.001733
OPCODE	E29C	6833	0.001733
OPCODE	DAC6	6833	0.001733
OPCODE	E4A4	6833	0.001733
OPCODE	E16A	6833	0.001733
OPCODE	E384	6833	0.001733
OPCODE	C8C0	6833	0.001733
OPCODE	429A	6816	0.001728
OPCODE	42AA	6788	0.001721
OPCODE	256E	6729	0.001706
OPCODE	6A06	6638	0.001683
OPCODE	6A10	6592	0.001672
OPCODE	BBCB	6553	0.001662
OPCODE	6F0A	6530	0.001656
OPCODE	022B	6491	0.001646
OPCODE	0201	6451	0.001636
OPCODE	D442	6450	0.001636
OPCODE	002B	6440	0.001633
OPCODE	6170	6411	0.001626
OPCODE	1743	6399	0.001623
OPCODE	4845	6396	0.001622
OPCODE	6794	6395	0.001622
OPCODE	162B	6393	0.001621
OPCODE	08AB	6391	0.001621
OPCODE	C12B	6387	0.001620
OPCODE	E809	6387	0.001620
OPCODE	6A4E	6387	0.001620
OPCODE	0003	6387	0.001620
OPCODE	0211	6387	0.001620
OPCODE	1601	6387	0.001620
OPCODE	E90B	6387	0.001620
OPCODE	1741	6387	0.001620
OPCODE	1343	6387	0.001620
OPCODE	4483	6387	0.001620
OPCODE	617A	6387	0.001620
OPCODE	C600	6387	0.001620
OPCODE	7640	6387	0.001620
OPCODE	176B	6387	0.001620
OPCODE	C211	6387	0.001620
OPCODE	0029	6387	0.001620
OPCODE	244C	6380	0.001618
OPCODE	E8C1	6350	0.001610
OPCODE	2A00	6340	0.001608
OPCODE	7020	6315	0.001601
OPCODE	6F14	6313	0.001601
OPCODE	663E	6246	0.001584
OPCODE	2619	6223	0.001578
OPCODE	323C	6221	0.001577
OPCODE	396C	6221	0.001577
OPCODE	8029	6210	0.001575
OPCODE	7080	6210	0.001575
OPCODE	3C00	6196	0.001571
OPCODE	D282	6185	0.001568
OPCODE	2C05	6176	0.001566
OPCODE	3406	6170	0.001565
OPCODE	B46E	6162	0.001563
OPCODE	6FAA	6161	0.001562
OPCODE	B06E	6146	0.001558
OPCODE	5346	6145	0.001558
OPCODE	6610	6071	0.001539
OPCODE	6A16	6059	0.001536
OPCODE	4A85	6034	0.001530
OPCODE	63EA	6025	0.001528
OPCODE	6076	6023	0.001527
OPCODE	41E9	6019	0.001526
OPCODE	2445	6015	0.001525
OPCODE	8081	5995	0.001520
OPCODE	3403	5960	0.001511
OPCODE	4443	5950	0.001509
OPCODE	9C80	5930	0.001504
OPCODE	94C4	5930	0.001504
OPCODE	7820	5930	0.001504
OPCODE	C640	5930	0.001504
OPCODE	E54C	5930	0.001504
OPCODE	DC43	5930	0.001504
OPCODE	96C4	5930	0.001504
OPCODE	3046	5930	0.001504
OPCODE	9284	5930	0.001504
OPCODE	2003	5917	0.001500
OPCODE	6D34	5916	0.001500
OPCODE	0200	5909	0.001498
OPCODE	22C0	5884	0.001492
OPCODE	D481	5858	0.001485
OPCODE	60C8	5858	0.001485
OPCODE	4ED2	5838	0.001480
OPCODE	4ED4	5803	0.001471
OPCODE	B458	5711	0.001448
OPCODE	DACC	5698	0.001445
OPCODE	302B	5664	0.001436
OPCODE	67F6	5642	0.001431
OPCODE	B085	5633	0.001428
OPCODE	2415	5625	0.001426
OPCODE	0285	5605	0.001421
OPCODE	B258	5604	0.001421
OPCODE	1A14	5602	0.001421
OPCODE	E88D	5602	0.001421
OPCODE	1013	5584	0.001416
OPCODE	60B0	5576	0.001414
OPCODE	B658	5553	0.001408
OPCODE	B858	5552	0.001408
OPCODE	3D43	5524	0.001401
OPCODE	1232	5520	0.001400
OPCODE	1169	5466	0.001386
OPCODE	28C5	5454	0.001383
OPCODE	F236	5453	0.001383
OPCODE	B300	5448	0.001381
OPCODE	323B	5409	0.001372
OPCODE	C703	5408	0.001371
OPCODE	C502	5408	0.001371
OPCODE	C904	5408	0.001371
OPCODE	C301	5408	0.001371
OPCODE	CB05	5408	0.001371
OPCODE	2480	5407	0.001371
OPCODE	6B10	5374	0.001363
OPCODE	45EA	5364	0.001360
OPCODE	56CB	5346	0.001356
OPCODE	C004	5317	0.001348
OPCODE	49FA	5276	0.001338
OPCODE	34FC	5257	0.001333
OPCODE	48C1	5250	0.001331
OPCODE	D281	5240	0.001329
OPCODE	2E03	5204	0.001320
OPCODE	2022	5204	0.001320
OPCODE	56EE	5126	0.001300
OPCODE	2452	5109	0.001296
OPCODE	5C88	5104	0.001294
OPCODE	8001	5085	0.001289
OPCODE	43F0	5070	0.001286
OPCODE	122F	5062	0.001284
OPCODE	A9EC	5060	0.001283
OPCODE	45EE	5060	0.001283
OPCODE	5588	5060	0.001283
OPCODE	812F	5060	0.001283
OPCODE	EB88	5060	0.001283
OPCODE	302A	5049	0.001280
OPCODE	2080	5037	0.001277
OPCODE	4A6B	4903	0.001243
OPCODE	B091	4899	0.001242
OPCODE	93C9	4871	0.001235
OPCODE	B480	4842	0.001228
OPCODE	2411	4829	0.001225
OPCODE	2004	4819	0.001222
OPCODE	E288	4809	0.001219
OPCODE	D881	4794	0.001216
OPCODE	67D0	4780	0.001212
OPCODE	740F	4770	0.001210
OPCODE	8480	4761	0.001207
OPCODE	C485	4755	0.001206
OPCODE	2A82	4755	0.001206
OPCODE	B1CA	4732	0.001200
OPCODE	2D42	4731	0.001200
OPCODE	65D4	4726	0.001198
OPCODE	4EAD	4667	0.001183
OPCODE	34C0	4641	0.001177
OPCODE	11FC	4616	0.001171
OPCODE	1029	4611	0.001169
OPCODE	6538	4521	0.001146
OPCODE	EFC2	4488	0.001138
OPCODE	6B50	4480	0.001136
OPCODE	9041	4472	0.001134
OPCODE	2C33	4467	0.001133
OPCODE	2854	4445	0.001127
OPCODE	3019	4443	0.001127
OPCODE	D280	4403	0.001116
OPCODE	22D0	4386	0.001112
OPCODE	4846	4384	0.001112
OPCODE	2800	4382	0.001111
OPCODE	2855	4379	0.001110
OPCODE	6E22	4370	0.001108
OPCODE	2D44	4247	0.001077
OPCODE	C3C0	4224	0.001071
OPCODE	9244	4214	0.001069
OPCODE	B3F8	4210	0.001068
OPCODE	74FF	4203	0.001066
OPCODE	6E08	4166	0.001056
OPCODE	24C0	4117	0.001044
OPCODE	6402	4056	0.001029
OPCODE	0828	4036	0.001023
OPCODE	2D45	4031	0.001022
OPCODE	9051	3998	0.001014
OPCODE	6BDC	3973	0.001007
OPCODE	4A90	3965	0.001005
OPCODE	2654	3936	0.000998
OPCODE	6D18	3928	0.000996
OPCODE	674A	3891	0.000987
OPCODE	0C6E	3882	0.000984
OPCODE	6B02	3868	0.000981
OPCODE	D1AE	3867	0.000981
OPCODE	2D43	3847	0.000976
OPCODE	D0F0	3846	0.000975
OPCODE	E509	3829	0.000971
OPCODE	E9E8	3825	0.000970
OPCODE	2A0E	3812	0.000967
OPCODE	48EE	3786	0.000960
OPCODE	6B0E	3784	0.000960
OPCODE	802E	3766	0.000955
OPCODE	266B	3765	0.000955
OPCODE	E788	3760	0.000953
OPCODE	0401	3758	0.000953
OPCODE	C02E	3758	0.000953
OPCODE	EDC0	3758	0.000953
OPCODE	81AE	3758	0.000953
OPCODE	4210	3714	0.000942
OPCODE	6D1C	3695	0.000937
OPCODE	2081	3695	0.000937
OPCODE	2089	3688	0.000935
OPCODE	2A09	3648	0.000925
OPCODE	20A9	3646	0.000925
OPCODE	2828	3646	0.000925
OPCODE	32E8	3644	0.000924
OPCODE	6114	3621	0.000918
OPCODE	2A28	3618	0.000917
OPCODE	47EB	3592	0.000911
OPCODE	2001	3567	0.000905
OPCODE	601E	3556	0.000902
OPCODE	67F4	3541	0.000898
OPCODE	9083	3536	0.000897
OPCODE	2447	3519	0.000892
OPCODE	4643	3514	0.000891
OPCODE	B646	3506	0.000889
OPCODE	8200	3505	0.000889
OPCODE	3C28	3501	0.000888
OPCODE	B2A9	3497	0.000887
OPCODE	BF46	3489	0.000885
OPCODE	E08E	3489	0.000885
OPCODE	5383	3489	0.000885
OPCODE	584B	3489	0.000885
OPCODE	8C87	3489	0.000885
OPCODE	8E86	3489	0.000885
OPCODE	2E09	3489	0.000885
OPCODE	61C6	3450	0.000875
OPCODE	2D4F	3436	0.000871
OPCODE	60BC	3433	0.000871
OPCODE	6446	3419	0.000867
OPCODE	673E	3408	0.000864
OPCODE	B081	3400	0.000862
OPCODE	21F8	3399	0.000862
OPCODE	6A08	3382	0.000858
OPCODE	C4B8	3374	0.000856
OPCODE	E9C1	3366	0.000854
OPCODE	4C98	3362	0.000853
OPCODE	356E	3360	0.000852
OPCODE	2204	3356	0.000851
OPCODE	6A0A	3355	0.000851
OPCODE	2819	3325	0.000843
OPCODE	6756	3306	0.000838
OPCODE	D3C2	3294	0.000835
OPCODE	67E0	3278	0.000831
OPCODE	6012	3272	0.000830
OPCODE	6B2A	3268	0.000829
OPCODE	67E8	3225	0.000818
OPCODE	2255	3223	0.000817
OPCODE	227A	3203	0.000812
OPCODE	6648	3192	0.000809
OPCODE	D0FB	3143	0.000797
OPCODE	1E80	3142	0.000797
OPCODE	6A34	3140	0.000796
OPCODE	D7CE	3139	0.000796
OPCODE	282A	3132	0.000794
OPCODE	4844	3126	0.000793
OPCODE	286A	3114	0.000790
OPCODE	E808	3107	0.000788
OPCODE	262A	3105	0.000787
OPCODE	0197	3105	0.000787
OPCODE	52A9	3105	0.000787
OPCODE	B681	3102	0.000787
OPCODE	5542	3102	0.000787
OPCODE	E9E9	3100	0.000786
OPCODE	2470	3100	0.000786
OPCODE	0680	3096	0.000785
OPCODE	6416	3067	0.000778
OPCODE	2241	3022	0.000766
OPCODE	1229	3014	0.000764
OPCODE	E9C0	2983	0.000756
OPCODE	4227	2959	0.000750
OPCODE	0642	2956	0.000750
OPCODE	4684	2954	0.000749
OPCODE	B042	2945	0.000747
OPCODE	D5CE	2922	0.000741
OPCODE	E980	2916	0.000739
OPCODE	D0A8	2904	0.000736
OPCODE	E881	2895	0.000734
OPCODE	21DF	2894	0.000734
OPCODE	2A06	2885	0.000732
OPCODE	24C5	2884	0.000731
OPCODE	C892	2884	0.000731
OPCODE	CA84	2884	0.000731
OPCODE	8A84	2884	0.000731
OPCODE	4218	2846	0.000722
OPCODE	0812	2832	0.000718
OPCODE	2245	2826	0.000717
OPCODE	4A69	2812	0.000713
OPCODE	B3C8	2796	0.000709
OPCODE	1014	2787	0.000707
OPCODE	E888	2766	0.000701
OPCODE	322A	2759	0.000700
OPCODE	91AE	2706	0.000686
OPCODE	1D42	2704	0.000686
OPCODE	E208	2703	0.000685
OPCODE	9440	2692	0.000683
OPCODE	4241	2686	0.000681
OPCODE	21EF	2673	0.000678
OPCODE	5289	2620	0.000664
OPCODE	60CC	2613	0.000663
OPCODE	6070	2608	0.000661
OPCODE	2053	2607	0.000661
OPCODE	D4C3	2600	0.000659
OPCODE	D083	2598	0.000659
OPCODE	6C06	2593	0.000658
OPCODE	4440	2591	0.000657
OPCODE	2F48	2581	0.000654
OPCODE	66A0	2554	0.000648
OPCODE	6102	2543	0.000645
OPCODE	654E	2538	0.000644
OPCODE	2341	2518	0.000639
OPCODE	D245	2508	0.000636
OPCODE	9481	2494	0.000632
OPCODE	7007	2490	0.000631
OPCODE	28C0	2488	0.000631
OPCODE	B070	2484	0.000630
OPCODE	21C8	2476	0.000628
OPCODE	2608	2455	0.000623
OPCODE	C2FC	2431	0.000616
OPCODE	C094	2418	0.000613
OPCODE	52B8	2417	0.000613
OPCODE	1429	2393	0.000607
OPCODE	5246	2393	0.000607
OPCODE	B202	2393	0.000607
OPCODE	2817	2386	0.000605
OPCODE	6ED4	2386	0.000605
OPCODE	D5C9	2384	0.000605
OPCODE	DBC8	2384	0.000605
OPCODE	2C2F	2384	0.000605
OPCODE	C882	2384	0.000605
OPCODE	D4C4	2384	0.000605
OPCODE	D7C9	2384	0.000605
OPCODE	0883	2381	0.000604
OPCODE	46FC	2377	0.000603
OPCODE	BFC0	2362	0.000599
OPCODE	BFD1	2362	0.000599
OPCODE	E899	2358	0.000598
OPCODE	2A19	2358	0.000598
OPCODE	A193	2358	0.000598
OPCODE	D981	2358	0.000598
OPCODE	9681	2358	0.000598
OPCODE	3819	2358	0.000598
OPCODE	9381	2358	0.000598
OPCODE	E999	2358	0.000598
OPCODE	4401	2358	0.000598
OPCODE	3C01	2340	0.000593
OPCODE	9087	2325	0.000590
OPCODE	3140	2319	0.000588
OPCODE	6018	2315	0.000587
OPCODE	2A6E	2297	0.000582
OPCODE	C283	2294	0.000582
OPCODE	24D8	2286	0.000580
OPCODE	65E6	2286	0.000580
OPCODE	7620	2272	0.000576
OPCODE	664A	2263	0.000574
OPCODE	2034	2249	0.000570
OPCODE	2483	2238	0.000568
OPCODE	221A	2238	0.000568
OPCODE	936E	2234	0.000566
OPCODE	3801	2209	0.000560
OPCODE	202F	2186	0.000554
OPCODE	4290	2180	0.000553
OPCODE	B5C8	2177	0.000552
OPCODE	20FB	2176	0.000552
OPCODE	34C1	2174	0.000551
OPCODE	B647	2168	0.000550
OPCODE	B5CC	2166	0.000549
OPCODE	3236	2164	0.000549
OPCODE	2D76	2164	0.000549
OPCODE	2036	2164	0.000549
OPCODE	4876	2164	0.000549
OPCODE	3F01	2146	0.000544
OPCODE	5848	2143	0.000543
OPCODE	286C	2142	0.000543
OPCODE	6F02	2134	0.000541
OPCODE	5141	2131	0.000540
OPCODE	6660	2124	0.000539
OPCODE	6C00	2105	0.000534
OPCODE	9045	2104	0.000534
OPCODE	7401	2102	0.000533
OPCODE	6612	2101	0.000533
OPCODE	D046	2101	0.000533
OPCODE	C3C4	2100	0.000533
OPCODE	9245	2100	0.000533
OPCODE	C3C5	2100	0.000533
OPCODE	5280	2098	0.000532
OPCODE	1212	2097	0.000532
OPCODE	B0A8	2089	0.000530
OPCODE	5C40	2085	0.000529
OPCODE	30C2	2079	0.000527
OPCODE	2438	2077	0.000527
OPCODE	486F	2069	0.000525
OPCODE	0210	2065	0.000524
OPCODE	8310	2065	0.000524
OPCODE	5181	2065	0.000524
OPCODE	62D8	2061	0.000523
OPCODE	6658	2057	0.000522
OPCODE	DEC0	2052	0.000520
OPCODE	30C1	2045	0.000519
OPCODE	D680	2029	0.000515
OPCODE	302C	2017	0.000511
OPCODE	2488	2017	0.000511
OPCODE	6F3A	2013	0.000510
OPCODE	56C0	2012	0.000510
OPCODE	30C3	2010	0.000510
OPCODE	6D14	2010	0.000510
OPCODE	30C4	2002	0.000508
OPCODE	B090	1990	0.000505
OPCODE	0802	1990	0.000505
OPCODE	3203	1988	0.000504
OPCODE	12E8	1987	0.000504
OPCODE	21D0	1959	0.000497
OPCODE	3818	1940	0.000492
OPCODE	2145	1919	0.000487
OPCODE	2F5F	1915	0.000486
OPCODE	673A	1908	0.000484
OPCODE	6420	1908	0.000484
OPCODE	2941	1902	0.000482
OPCODE	0440	1890	0.000479
OPCODE	202A	1889	0.000479
OPCODE	2E6E	1886	0.000478
OPCODE	50F8	1881	0.000477
OPCODE	B4B8	1877	0.000476
OPCODE	B078	1864	0.000473
OPCODE	44FB	1861	0.000472
OPCODE	0080	1860	0.000472
OPCODE	F281	1860	0.000472
OPCODE	6162	1853	0.000470
OPCODE	6048	1848	0.000469
OPCODE	41F0	1831	0.000464
OPCODE	D444	1829	0.000464
OPCODE	61EA	1825	0.000463
OPCODE	E499	1823	0.000462
OPCODE	92AE	1822	0.000462
OPCODE	A901	1822	0.000462
OPCODE	3151	1822	0.000462
OPCODE	32D0	1822	0.000462
OPCODE	2949	1822	0.000462
OPCODE	50D9	1822	0.000462
OPCODE	5238	1821	0.000462
OPCODE	606A	1816	0.000460
OPCODE	2246	1815	0.000460
OPCODE	2618	1808	0.000458
OPCODE	E959	1805	0.000458
OPCODE	E859	1805	0.000458
OPCODE	B278	1804	0.000457
OPCODE	3007	1804	0.000457
OPCODE	9251	1802	0.000457
OPCODE	C447	1800	0.000456
OPCODE	E9C5	1800	0.000456
OPCODE	EFC6	1800	0.000456
OPCODE	2378	1799	0.000456
OPCODE	2D68	1792	0.000454
OPCODE	222C	1791	0.000454
OPCODE	34D8	1789	0.000454
OPCODE	66EA	1780	0.000451
OPCODE	08C0	1775	0.000450
OPCODE	D1C2	1770	0.000449
OPCODE	6B5E	1767	0.000448
OPCODE	5538	1767	0.000448
OPCODE	B7D6	1767	0.000448
OPCODE	EFC1	1764	0.000447
OPCODE	E9C2	1764	0.000447
OPCODE	2075	1762	0.000447
OPCODE	D16E	1762	0.000447
OPCODE	C285	1755	0.000445
OPCODE	2044	1753	0.000445
OPCODE	B580	1740	0.000441
OPCODE	CF46	1738	0.000441
OPCODE	BE6E	1737	0.000440
OPCODE	6EAE	1728	0.000438
OPCODE	C247	1714	0.000435
OPCODE	E448	1711	0.000434
OPCODE	B2B0	1710	0.000434
OPCODE	0685	1700	0.000431
OPCODE	6E28	1695	0.000430
OPCODE	6408	1693	0.000429
OPCODE	321F	1689	0.000428
OPCODE	20C0	1684	0.000427
OPCODE	D8EE	1680	0.000426
OPCODE	4481	1679	0.000426
OPCODE	E1A9	1678	0.000425
OPCODE	1230	1678	0.000425
OPCODE	4A45	1669	0.000423
OPCODE	60C0	1662	0.000421
OPCODE	1019	1660	0.000421
OPCODE	C240	1657	0.000420
OPCODE	2032	1655	0.000420
OPCODE	6124	1620	0.000411
OPCODE	5149	1609	0.000408
OPCODE	2D4D	1608	0.000408
OPCODE	22DF	1607	0.000407
OPCODE	2F11	1604	0.000407
OPCODE	6042	1603	0.000406
OPCODE	2254	1603	0.000406
OPCODE	22E8	1602	0.000406
OPCODE	3180	1602	0.000406
OPCODE	3250	1596	0.000405
OPCODE	B3FA	1595	0.000404
OPCODE	D0C9	1595	0.000404
OPCODE	12DC	1594	0.000404
OPCODE	4441	1591	0.000403
OPCODE	D06E	1589	0.000403
OPCODE	E9D1	1579	0.000400
OPCODE	28C1	1578	0.000400
OPCODE	261A	1578	0.000400
OPCODE	6A2E	1576	0.000400
OPCODE	6772	1570	0.000398
OPCODE	6C14	1567	0.000397
OPCODE	18D8	1566	0.000397
OPCODE	91C8	1562	0.000396
OPCODE	2230	1556	0.000395
OPCODE	244D	1553	0.000394
OPCODE	2272	1550	0.000393
OPCODE	60A2	1550	0.000393
OPCODE	B231	1550	0.000393
OPCODE	B0AE	1547	0.000392
OPCODE	41F1	1542	0.000391
OPCODE	B1EE	1541	0.000391
OPCODE	4E92	1540	0.000391
OPCODE	34BC	1532	0.000388
OPCODE	2F29	1525	0.000387
OPCODE	2041	1525	0.000387
OPCODE	6C4A	1511	0.000383
OPCODE	0882	1507	0.000382
OPCODE	6FF4	1506	0.000382
OPCODE	76F9	1500	0.000380
OPCODE	60DE	1484	0.000376
OPCODE	0243	1482	0.000376
OPCODE	1D40	1470	0.000373
OPCODE	4EED	1462	0.000371
OPCODE	BBFC	1462	0.000371
OPCODE	4243	1458	0.000370
OPCODE	2C56	1456	0.000369
OPCODE	67E2	1455	0.000369
OPCODE	65E2	1454	0.000369
OPCODE	E1AC	1451	0.000368
OPCODE	E28A	1448	0.000367
OPCODE	9069	1445	0.000366
OPCODE	66E0	1438	0.000365
OPCODE	0803	1437	0.000364
OPCODE	3828	1434	0.000364
OPCODE	22DC	1432	0.000363
OPCODE	43EF	1431	0.000363
OPCODE	08AE	1430	0.000363
OPCODE	B9EE	1429	0.000362
OPCODE	8886	1428	0.000362
OPCODE	8A87	1428	0.000362
OPCODE	E1AD	1428	0.000362
OPCODE	2648	1404	0.000356
OPCODE	2C2E	1400	0.000355
OPCODE	240A	1397	0.000354
OPCODE	61CE	1392	0.000353
OPCODE	3F02	1387	0.000352
OPCODE	504B	1384	0.000351
OPCODE	D853	1384	0.000351
OPCODE	60DA	1382	0.000350
OPCODE	7050	1371	0.000348
OPCODE	22C1	1368	0.000347
OPCODE	56C3	1361	0.000345
OPCODE	D240	1360	0.000345
OPCODE	6D26	1356	0.000344
OPCODE	3619	1354	0.000343
OPCODE	5378	1354	0.000343
OPCODE	5278	1354	0.000343
OPCODE	E819	1352	0.000343
OPCODE	B21A	1352	0.000343
OPCODE	246C	1346	0.000341
OPCODE	6A32	1345	0.000341
OPCODE	2C5F	1344	0.000341
OPCODE	2F0E	1344	0.000341
OPCODE	206C	1334	0.000338
OPCODE	603A	1333	0.000338
OPCODE	177C	1332	0.000338
OPCODE	D9C0	1328	0.000337
OPCODE	E84A	1328	0.000337
OPCODE	C02B	1327	0.000336
OPCODE	6F1A	1326	0.000336
OPCODE	9459	1325	0.000336
OPCODE	9651	1325	0.000336
OPCODE	C480	1315	0.000333
OPCODE	337C	1313	0.000333
OPCODE	0001	1304	0.000331
OPCODE	1411	1303	0.000330
OPCODE	D0FC	1297	0.000329
OPCODE	2388	1297	0.000329
OPCODE	3D5C	1294	0.000328
OPCODE	B452	1288	0.000327
OPCODE	1481	1281	0.000325
OPCODE	4A1B	1280	0.000325
OPCODE	6150	1279	0.000324
OPCODE	F294	1279	0.000324
OPCODE	9201	1279	0.000324
OPCODE	10D9	1278	0.000324
OPCODE	42B8	1272	0.000323
OPCODE	6B3C	1271	0.000322
OPCODE	1480	1264	0.000321
OPCODE	51EE	1264	0.000321
OPCODE	023C	1252	0.000317
OPCODE	B451	1239	0.000314
OPCODE	6406	1218	0.000309
OPCODE	7A01	1216	0.000308
OPCODE	43EA	1215	0.000308
OPCODE	7C00	1214	0.000308
OPCODE	3740	1210	0.000307
OPCODE	9EC0	1201	0.000305
OPCODE	12D8	1196	0.000303
OPCODE	5589	1195	0.000303
OPCODE	946E	1194	0.000303
OPCODE	60B4	1193	0.000303
OPCODE	2F50	1190	0.000302
OPCODE	301B	1188	0.000301
OPCODE	3633	1186	0.000301
OPCODE	B005	1183	0.000300
OPCODE	235F	1179	0.000299
OPCODE	2F57	1177	0.000298
OPCODE	A893	1174	0.000298
OPCODE	56C9	1172	0.000297
OPCODE	90B8	1172	0.000297
OPCODE	5286	1171	0.000297
OPCODE	D08F	1156	0.000293
OPCODE	1006	1156	0.000293
OPCODE	2202	1155	0.000293
OPCODE	2288	1151	0.000292
OPCODE	1D68	1146	0.000291
OPCODE	B898	1140	0.000289
OPCODE	26C6	1140	0.000289
OPCODE	D086	1136	0.000288
OPCODE	6A00	1129	0.000286
OPCODE	41EC	1127	0.000286
OPCODE	2012	1125	0.000285
OPCODE	3082	1122	0.000285
OPCODE	342B	1119	0.000284
OPCODE	10FC	1116	0.000283
OPCODE	C280	1114	0.000282
OPCODE	1281	1110	0.000281
OPCODE	56CA	1107	0.000281
OPCODE	6D0A	1106	0.000280
OPCODE	301A	1104	0.000280
OPCODE	5385	1101	0.000279
OPCODE	57EE	1100	0.000279
OPCODE	6444	1098	0.000278
OPCODE	242B	1097	0.000278
OPCODE	6448	1094	0.000277
OPCODE	D46E	1094	0.000277
OPCODE	02AE	1094	0.000277
OPCODE	E348	1093	0.000277
OPCODE	6F0E	1092	0.000277
OPCODE	E198	1092	0.000277
OPCODE	E440	1092	0.000277
OPCODE	6FD4	1092	0.000277
OPCODE	B481	1091	0.000277
OPCODE	363C	1089	0.000276
OPCODE	CF45	1088	0.000276
OPCODE	1400	1088	0.000276
OPCODE	55C0	1087	0.000276
OPCODE	2076	1086	0.000275
OPCODE	6A28	1082	0.000274
OPCODE	C12E	1082	0.000274
OPCODE	9D6E	1082	0.000274
OPCODE	D141	1082	0.000274
OPCODE	C602	1082	0.000274
OPCODE	5FE7	1082	0.000274
OPCODE	200F	1082	0.000274
OPCODE	56C2	1082	0.000274
OPCODE	862E	1082	0.000274
OPCODE	D368	1082	0.000274
OPCODE	A884	1078	0.000273
OPCODE	D36B	1077	0.000273
OPCODE	E6A8	1077	0.000273
OPCODE	92AA	1074	0.000272
OPCODE	5640	1069	0.000271
OPCODE	43F2	1069	0.000271
OPCODE	21EC	1066	0.000270
OPCODE	640A	1065	0.000270
OPCODE	342A	1065	0.000270
OPCODE	916E	1052	0.000267
OPCODE	49EC	1046	0.000265
OPCODE	47EE	1045	0.000265
OPCODE	0810	1043	0.000264
OPCODE	D1C9	1035	0.000262
OPCODE	306C	1035	0.000262
OPCODE	12C6	1024	0.000260
OPCODE	6B0A	1024	0.000260
OPCODE	60E8	1023	0.000259
OPCODE	2203	1022	0.000259
OPCODE	B087	1011	0.000256
OPCODE	2F40	1010	0.000256
OPCODE	67F0	1010	0.000256
OPCODE	65E4	1007	0.000255
OPCODE	1F7C	1004	0.000255
OPCODE	2C09	1002	0.000254
OPCODE	6FC4	1000	0.000254
OPCODE	4A06	1000	0.000254
OPCODE	14EB	994	0.000252
OPCODE	E84B	987	0.000250
OPCODE	322B	980	0.000249
OPCODE	6C16	979	0.000248
OPCODE	5140	976	0.000247
OPCODE	2F2C	975	0.000247
OPCODE	C481	969	0.000246
OPCODE	226A	968	0.000245
OPCODE	243C	964	0.000244
OPCODE	612A	963	0.000244
OPCODE	48E6	960	0.000243
OPCODE	0877	960	0.000243
OPCODE	121A	960	0.000243
OPCODE	2E01	959	0.000243
OPCODE	5080	957	0.000243
OPCODE	E290	953	0.000242
OPCODE	6F58	951	0.000241
OPCODE	2D1F	950	0.000241
OPCODE	2F1E	950	0.000241
OPCODE	4A92	948	0.000240
OPCODE	D241	948	0.000240
OPCODE	5357	944	0.000239
OPCODE	60AA	942	0.000239
OPCODE	2418	940	0.000238
OPCODE	E368	938	0.000238
OPCODE	780F	935	0.000237
OPCODE	C843	935	0.000237
OPCODE	4444	935	0.000237
OPCODE	0CAE	935	0.000237
OPCODE	6B1A	934	0.000237
OPCODE	21C9	933	0.000237
OPCODE	9287	931	0.000236
OPCODE	4C05	931	0.000236
OPCODE	9786	931	0.000236
OPCODE	4C44	931	0.000236
OPCODE	E9C6	931	0.000236
OPCODE	691A	931	0.000236
OPCODE	F285	930	0.000236
OPCODE	4CD7	930	0.000236
OPCODE	3EBC	930	0.000236
OPCODE	3E81	930	0.000236
OPCODE	B2BA	930	0.000236
OPCODE	F283	930	0.000236
OPCODE	6568	930	0.000236
OPCODE	6A3E	926	0.000235
OPCODE	8198	919	0.000233
OPCODE	D0AE	917	0.000233
OPCODE	6F10	913	0.000232
OPCODE	AB1D	913	0.000232
OPCODE	0805	910	0.000231
OPCODE	E248	909	0.000230
OPCODE	B26E	908	0.000230
OPCODE	E280	905	0.000229
OPCODE	2650	905	0.000229
OPCODE	B069	904	0.000229
OPCODE	D641	903	0.000229
OPCODE	E96B	903	0.000229
OPCODE	A855	899	0.000228
OPCODE	A853	899	0.000228
OPCODE	3D5B	899	0.000228
OPCODE	2E28	887	0.000225
OPCODE	2A10	882	0.000224
OPCODE	3342	878	0.000223
OPCODE	1005	876	0.000222
OPCODE	3204	873	0.000221
OPCODE	F210	872	0.000221
OPCODE	2802	870	0.000221
OPCODE	201C	870	0.000221
OPCODE	3429	867	0.000220
OPCODE	61E8	866	0.000220
OPCODE	58AC	856	0.000217
OPCODE	60F2	849	0.000215
OPCODE	7224	843	0.000214
OPCODE	3F11	842	0.000214
OPCODE	31A9	841	0.000213
OPCODE	2191	841	0.000213
OPCODE	B251	836	0.000212
OPCODE	BA47	835	0.000212
OPCODE	3002	821	0.000208
OPCODE	C06E	821	0.000208
OPCODE	0643	820	0.000208
OPCODE	B044	818	0.000207
OPCODE	C6B8	818	0.000207
OPCODE	4CDE	811	0.000206
OPCODE	5888	802	0.000203
OPCODE	9053	801	0.000203
OPCODE	BC5B	794	0.000201
OPCODE	D0BC	792	0.000201
OPCODE	5040	792	0.000201
OPCODE	284E	788	0.000200
OPCODE	2348	780	0.000198
OPCODE	C14D	778	0.000197
OPCODE	2F2B	774	0.000196
OPCODE	EA81	774	0.000196
OPCODE	9088	762	0.000193
OPCODE	B4AC	756	0.000192
OPCODE	70F0	749	0.000190
OPCODE	20EE	748	0.000190
OPCODE	7208	748	0.000190
OPCODE	6310	745	0.000189
OPCODE	32C1	743	0.000188
OPCODE	5189	742	0.000188
OPCODE	74F0	742	0.000188
OPCODE	8510	740	0.000188
OPCODE	B110	740	0.000188
OPCODE	5889	740	0.000188
OPCODE	B511	740	0.000188
OPCODE	20CE	740	0.000188
OPCODE	2489	740	0.000188
OPCODE	8111	740	0.000188
OPCODE	C010	740	0.000188
OPCODE	C411	740	0.000188
OPCODE	664E	739	0.000187
OPCODE	1001	738	0.000187
OPCODE	D278	732	0.000186
OPCODE	EA48	731	0.000185
OPCODE	614E	729	0.000185
OPCODE	32FC	729	0.000185
OPCODE	BDF8	728	0.000185
OPCODE	1684	726	0.000184
OPCODE	536F	722	0.000183
OPCODE	61A6	721	0.000183
OPCODE	B099	720	0.000183
OPCODE	A9EE	720	0.000183
OPCODE	E14D	716	0.000182
OPCODE	3410	715	0.000181
OPCODE	4EB5	714	0.000181
OPCODE	5049	712	0.000181
OPCODE	4206	711	0.000180
OPCODE	2D4A	710	0.000180
OPCODE	2656	709	0.000180
OPCODE	48C2	706	0.000179
OPCODE	9FAC	699	0.000177
OPCODE	2F6F	698	0.000177
OPCODE	D269	696	0.000176
OPCODE	65BC	693	0.000176
OPCODE	C947	693	0.000176
OPCODE	2C68	690	0.000175
OPCODE	9282	689	0.000175
OPCODE	B9E8	688	0.000174
OPCODE	A01F	687	0.000174
OPCODE	B297	687	0.000174
OPCODE	D0EE	686	0.000174
OPCODE	A88C	681	0.000173
OPCODE	2A6D	681	0.000173
OPCODE	A31E	679	0.000172
OPCODE	322C	678	0.000172
OPCODE	5201	672	0.000170
OPCODE	32C0	669	0.000170
OPCODE	664C	668	0.000169
OPCODE	426C	663	0.000168
OPCODE	B282	659	0.000167
OPCODE	1419	658	0.000167
OPCODE	66DE	652	0.000165
OPCODE	1011	651	0.000165
OPCODE	6E0E	650	0.000165
OPCODE	665C	650	0.000165
OPCODE	5300	648	0.000164
OPCODE	6508	647	0.000164
OPCODE	B284	643	0.000163
OPCODE	640E	642	0.000163
OPCODE	7203	642	0.000163
OPCODE	1D78	641	0.000163
OPCODE	0092	641	0.000163
OPCODE	22AE	641	0.000163
OPCODE	254E	641	0.000163
OPCODE	2868	640	0.000162
OPCODE	5501	640	0.000162
OPCODE	F295	640	0.000162
OPCODE	F292	640	0.000162
OPCODE	D440	639	0.000162
OPCODE	20C1	639	0.000162
OPCODE	0480	635	0.000161
OPCODE	2F06	632	0.000160
OPCODE	0282	631	0.000160
OPCODE	7EFF	630	0.000160
OPCODE	4A87	630	0.000160
OPCODE	41F9	627	0.000159
OPCODE	41FB	624	0.000158
OPCODE	5882	624	0.000158
OPCODE	E508	624	0.000158
OPCODE	E158	624	0.000158
OPCODE	EBC0	624	0.000158
OPCODE	3604	623	0.000158
OPCODE	7052	615	0.000156
OPCODE	66E6	614	0.000156
OPCODE	6B28	613	0.000155
OPCODE	08E8	612	0.000155
OPCODE	2A5F	610	0.000155
OPCODE	2F0D	610	0.000155
OPCODE	1140	606	0.000154
OPCODE	06A1	604	0.000153
OPCODE	5261	604	0.000153
OPCODE	4269	604	0.000153
OPCODE	0651	604	0.000153
OPCODE	61B0	603	0.000153
OPCODE	2A04	603	0.000153
OPCODE	1BAD	602	0.000153
OPCODE	B887	601	0.000152
OPCODE	1219	598	0.000152
OPCODE	21F0	596	0.000151
OPCODE	66F8	595	0.000151
OPCODE	6118	595	0.000151
OPCODE	B673	593	0.000150
OPCODE	30D9	592	0.000150
OPCODE	45E8	592	0.000150
OPCODE	B4B1	592	0.000150
OPCODE	0C6B	590	0.000150
OPCODE	65F0	588	0.000149
OPCODE	2602	587	0.000149
OPCODE	2649	585	0.000148
OPCODE	E04A	583	0.000148
OPCODE	B7EE	582	0.000148
OPCODE	E9A9	582	0.000148
OPCODE	3941	578	0.000147
OPCODE	3802	577	0.000146
OPCODE	6308	572	0.000145
OPCODE	6A14	571	0.000145
OPCODE	6D42	569	0.000144
OPCODE	619A	566	0.000144
OPCODE	1282	565	0.000143
OPCODE	B443	565	0.000143
OPCODE	2031	563	0.000143
OPCODE	66EE	561	0.000142
OPCODE	3287	561	0.000142
OPCODE	220F	560	0.000142
OPCODE	67DA	558	0.000141
OPCODE	B082	557	0.000141
OPCODE	3419	556	0.000141
OPCODE	2C2A	556	0.000141
OPCODE	5BC8	552	0.000140
OPCODE	D7CD	550	0.000139
OPCODE	224D	548	0.000139
OPCODE	9443	547	0.000139
OPCODE	6A22	547	0.000139
OPCODE	234C	545	0.000138
OPCODE	2542	545	0.000138
OPCODE	D7D3	544	0.000138
OPCODE	2A55	541	0.000137
OPCODE	2E41	540	0.000137
OPCODE	3601	539	0.000137
OPCODE	2281	539	0.000137
OPCODE	D290	539	0.000137
OPCODE	284B	537	0.000136
OPCODE	9611	537	0.000136
OPCODE	1541	537	0.000136
OPCODE	D2A9	537	0.000136
OPCODE	D62A	537	0.000136
OPCODE	E94A	537	0.000136
OPCODE	93AA	537	0.000136
OPCODE	40C3	537	0.000136
OPCODE	C601	537	0.000136
OPCODE	9411	537	0.000136
OPCODE	C229	537	0.000136
OPCODE	1482	537	0.000136
OPCODE	D5AA	537	0.000136
OPCODE	45E9	537	0.000136
OPCODE	1F02	537	0.000136
OPCODE	46C3	537	0.000136
OPCODE	6060	537	0.000136
OPCODE	A065	534	0.000135
OPCODE	B2AA	533	0.000135
OPCODE	48C5	532	0.000135
OPCODE	1F11	531	0.000135
OPCODE	129F	531	0.000135
OPCODE	610C	530	0.000134
OPCODE	A024	528	0.000134
OPCODE	3A01	527	0.000134
OPCODE	C042	526	0.000133
OPCODE	2948	526	0.000133
OPCODE	6B34	526	0.000133
OPCODE	60F0	525	0.000133
OPCODE	2435	524	0.000133
OPCODE	A862	522	0.000132
OPCODE	2F80	518	0.000131
OPCODE	3F70	516	0.000131
OPCODE	9042	516	0.000131
OPCODE	60AE	516	0.000131
OPCODE	C443	511	0.000130
OPCODE	3009	510	0.000129
OPCODE	B841	510	0.000129
OPCODE	9048	509	0.000129
OPCODE	6A0E	508	0.000129
OPCODE	48C6	506	0.000128
OPCODE	225A	504	0.000128
OPCODE	205A	504	0.000128
OPCODE	0245	502	0.000127
OPCODE	5048	500	0.000127
OPCODE	B05B	499	0.000127
OPCODE	614A	499	0.000127
OPCODE	0446	499	0.000127
OPCODE	22C6	498	0.000126
OPCODE	906B	498	0.000126
OPCODE	341B	498	0.000126
OPCODE	BC45	498	0.000126
OPCODE	7A0F	498	0.000126
OPCODE	55C7	498	0.000126
OPCODE	43FB	497	0.000126
OPCODE	2655	496	0.000126
OPCODE	1759	496	0.000126
OPCODE	2149	493	0.000125
OPCODE	30EE	492	0.000125
OPCODE	43F9	490	0.000124
OPCODE	2A07	489	0.000124
OPCODE	2806	488	0.000124
OPCODE	8685	486	0.000123
OPCODE	C694	486	0.000123
OPCODE	2883	486	0.000123
OPCODE	2E2A	485	0.000123
OPCODE	2B41	484	0.000123
OPCODE	242E	483	0.000122
OPCODE	082D	482	0.000122
OPCODE	1B6B	482	0.000122
OPCODE	4298	482	0.000122
OPCODE	D2C5	482	0.000122
OPCODE	1082	482	0.000122
OPCODE	C02D	482	0.000122
OPCODE	50ED	482	0.000122
OPCODE	6E14	481	0.000122
OPCODE	1F40	481	0.000122
OPCODE	BA40	480	0.000122
OPCODE	E678	480	0.000122
OPCODE	45F3	480	0.000122
OPCODE	E34A	480	0.000122
OPCODE	2455	480	0.000122
OPCODE	4ED3	477	0.000121
OPCODE	C2C2	477	0.000121
OPCODE	D259	477	0.000121
OPCODE	5BEE	476	0.000121
OPCODE	2019	476	0.000121
OPCODE	4A44	476	0.000121
OPCODE	BC6E	476	0.000121
OPCODE	B741	476	0.000121
OPCODE	3404	476	0.000121
OPCODE	8641	476	0.000121
OPCODE	DAC7	475	0.000120
OPCODE	D8C6	475	0.000120
OPCODE	21CC	472	0.000120
OPCODE	2140	472	0.000120
OPCODE	C243	471	0.000119
OPCODE	3D44	470	0.000119
OPCODE	3C2B	469	0.000119
OPCODE	1238	468	0.000119
OPCODE	61D8	467	0.000118
OPCODE	61E0	465	0.000118
OPCODE	0C82	464	0.000118
OPCODE	E0AC	464	0.000118
OPCODE	2471	463	0.000117
OPCODE	6D7A	463	0.000117
OPCODE	236E	462	0.000117
OPCODE	6E6E	462	0.000117
OPCODE	4251	461	0.000117
OPCODE	3D50	459	0.000116
OPCODE	558C	459	0.000116
OPCODE	0C11	459	0.000116
OPCODE	66EC	458	0.000116
OPCODE	2042	457	0.000116
OPCODE	0804	456	0.000116
OPCODE	6F08	455	0.000115
OPCODE	6A76	451	0.000114
OPCODE	F624	450	0.000114
OPCODE	0441	450	0.000114
OPCODE	B894	450	0.000114
OPCODE	6116	449	0.000114
OPCODE	397C	449	0.000114
OPCODE	504C	448	0.000114
OPCODE	D2C8	447	0.000113
OPCODE	4244	446	0.000113
OPCODE	6F22	444	0.000113
OPCODE	E058	443	0.000112
OPCODE	816E	442	0.000112
OPCODE	2818	441	0.000112
OPCODE	D644	441	0.000112
OPCODE	0657	441	0.000112
OPCODE	0000	441	0.000112
OPCODE	5248	441	0.000112
OPCODE	74B0	441	0.000112
OPCODE	8242	440	0.000112
OPCODE	F280	435	0.000110
OPCODE	92C8	434	0.000110
OPCODE	B0AA	434	0.000110
OPCODE	B047	430	0.000109
OPCODE	49E9	428	0.000109
OPCODE	1813	428	0.000109
OPCODE	57CA	427	0.000108
OPCODE	604C	427	0.000108
OPCODE	DE47	426	0.000108
OPCODE	C4C4	426	0.000108
OPCODE	A023	425	0.000108
OPCODE	B242	424	0.000108
OPCODE	208C	423	0.000107
OPCODE	6328	421	0.000107
OPCODE	BEAD	421	0.000107
OPCODE	611E	419	0.000106
OPCODE	9FC2	418	0.000106
OPCODE	D8C7	416	0.000105
OPCODE	D6EB	415	0.000105
OPCODE	3A1A	415	0.000105
OPCODE	4EB6	414	0.000105
OPCODE	6208	413	0.000105
OPCODE	6230	413	0.000105
OPCODE	B001	413	0.000105
OPCODE	D844	412	0.000104
OPCODE	1830	412	0.000104
OPCODE	1630	412	0.000104
OPCODE	1C3C	411	0.000104
OPCODE	DA87	407	0.000103
OPCODE	D986	407	0.000103
OPCODE	D3CA	407	0.000103
OPCODE	91CA	407	0.000103
OPCODE	D584	407	0.000103
OPCODE	D091	406	0.000103
OPCODE	D3D1	406	0.000103
OPCODE	2D47	405	0.000103
OPCODE	5445	404	0.000102
OPCODE	67DC	402	0.000102
OPCODE	0228	401	0.000102
OPCODE	42A9	399	0.000101
OPCODE	B1F8	399	0.000101
OPCODE	2C02	398	0.000101
OPCODE	E0A9	398	0.000101
OPCODE	60DC	398	0.000101
OPCODE	4E94	397	0.000101
OPCODE	3401	396	0.000100
OPCODE	6792	396	0.000100
OPCODE	6196	395	0.000100
OPCODE	7E02	395	0.000100
OPCODE	9A8E	395	0.000100
OPCODE	B26B	394	0.000100
OPCODE	41F6	394	0.000100
OPCODE	B46B	394	0.000100
OPCODE	262D	393	0.000100
OPCODE	6C02	392	0.000099
OPCODE	2D51	389	0.000099
OPCODE	D093	387	0.000098
OPCODE	6E20	386	0.000098
OPCODE	2C1C	385	0.000098
OPCODE	6B30	383	0.000097
OPCODE	D085	382	0.000097
OPCODE	4A51	381	0.000097
OPCODE	B1C9	381	0.000097
OPCODE	6D10	380	0.000096
OPCODE	BEAC	379	0.000096
OPCODE	7AFF	378	0.000096
OPCODE	31E8	376	0.000095
OPCODE	A822	376	0.000095
OPCODE	2889	375	0.000095
OPCODE	6C32	375	0.000095
OPCODE	6438	374	0.000095
OPCODE	926D	371	0.000094
OPCODE	0C70	370	0.000094
OPCODE	650C	369	0.000094
OPCODE	F4F1	369	0.000094
OPCODE	56CC	369	0.000094
OPCODE	B38B	369	0.000094
OPCODE	D06A	368	0.000093
OPCODE	2271	368	0.000093
OPCODE	2169	366	0.000093
OPCODE	B308	365	0.000093
OPCODE	4ED5	364	0.000092
OPCODE	D158	364	0.000092
OPCODE	CC85	362	0.000092
OPCODE	C095	362	0.000092
OPCODE	8086	362	0.000092
OPCODE	5347	361	0.000092
OPCODE	322D	359	0.000091
OPCODE	6D5C	358	0.000091
OPCODE	5381	358	0.000091
OPCODE	620C	358	0.000091
OPCODE	E741	357	0.000091
OPCODE	3413	354	0.000090
OPCODE	4BEE	353	0.000090
OPCODE	C94D	352	0.000089
OPCODE	B244	351	0.000089
OPCODE	D3AE	350	0.000089
OPCODE	6FF2	350	0.000089
OPCODE	E580	350	0.000089
OPCODE	56C7	348	0.000088
OPCODE	49C7	348	0.000088
OPCODE	4A76	348	0.000088
OPCODE	E858	348	0.000088
OPCODE	D684	347	0.000088
OPCODE	2A02	346	0.000088
OPCODE	2405	345	0.000087
OPCODE	3D68	343	0.000087
OPCODE	610E	341	0.000086
OPCODE	2653	341	0.000086
OPCODE	8328	340	0.000086
OPCODE	5488	340	0.000086
OPCODE	C099	340	0.000086
OPCODE	B9D3	340	0.000086
OPCODE	EA80	338	0.000086
OPCODE	E480	338	0.000086
OPCODE	DE86	337	0.000085
OPCODE	4E5C	336	0.000085
OPCODE	4E54	336	0.000085
OPCODE	1A00	335	0.000085
OPCODE	E1AA	334	0.000085
OPCODE	EA82	334	0.000085
OPCODE	E2AB	334	0.000085
OPCODE	3808	334	0.000085
OPCODE	C295	334	0.000085
OPCODE	3810	334	0.000085
OPCODE	C291	334	0.000085
OPCODE	4245	333	0.000084
OPCODE	1007	331	0.000084
OPCODE	49F3	330	0.000084
OPCODE	E282	330	0.000084
OPCODE	31C0	329	0.000083
OPCODE	3602	329	0.000083
OPCODE	22C2	328	0.000083
OPCODE	2275	328	0.000083
OPCODE	142C	328	0.000083
OPCODE	B6AC	326	0.000083
OPCODE	C06B	324	0.000082
OPCODE	A04A	323	0.000082
OPCODE	650A	323	0.000082
OPCODE	34D9	322	0.000082
OPCODE	08D2	322	0.000082
OPCODE	0892	322	0.000082
OPCODE	377C	321	0.000081
OPCODE	6CF6	321	0.000081
OPCODE	7054	320	0.000081
OPCODE	3B45	320	0.000081
OPCODE	08C1	320	0.000081
OPCODE	BC85	319	0.000081
OPCODE	4A86	319	0.000081
OPCODE	1028	318	0.000081
OPCODE	EFA9	318	0.000081
OPCODE	2D58	318	0.000081
OPCODE	6516	317	0.000080
OPCODE	926B	316	0.000080
OPCODE	906C	315	0.000080
OPCODE	ED49	314	0.000080
OPCODE	7205	313	0.000079
OPCODE	4685	310	0.000079
OPCODE	65CE	310	0.000079
OPCODE	2410	309	0.000078
OPCODE	3C10	309	0.000078
OPCODE	28AE	309	0.000078
OPCODE	E189	309	0.000078
OPCODE	60D8	309	0.000078
OPCODE	C149	308	0.000078
OPCODE	6306	308	0.000078
OPCODE	D052	307	0.000078
OPCODE	2950	307	0.000078
OPCODE	741F	305	0.000077
OPCODE	EBA9	305	0.000077
OPCODE	A82A	304	0.000077
OPCODE	D301	304	0.000077
OPCODE	6644	304	0.000077
OPCODE	5880	303	0.000077
OPCODE	DBC0	303	0.000077
OPCODE	DBC1	303	0.000077
OPCODE	96C0	303	0.000077
OPCODE	5268	300	0.000076
OPCODE	9078	300	0.000076
OPCODE	3838	300	0.000076
OPCODE	6DB4	300	0.000076
OPCODE	9478	300	0.000076
OPCODE	2E88	299	0.000076
OPCODE	1744	298	0.000076
OPCODE	2C0A	298	0.000076
OPCODE	84FC	298	0.000076
OPCODE	9682	298	0.000076
OPCODE	E08C	298	0.000076
OPCODE	E29A	298	0.000076
OPCODE	E298	298	0.000076
OPCODE	EE8C	298	0.000076
OPCODE	220A	296	0.000075
OPCODE	7C1F	296	0.000075
OPCODE	611C	294	0.000075
OPCODE	2850	292	0.000074
OPCODE	70F8	292	0.000074
OPCODE	80FC	291	0.000074
OPCODE	45F8	290	0.000074
OPCODE	5489	290	0.000074
OPCODE	22C4	290	0.000074
OPCODE	2C04	288	0.000073
OPCODE	6020	288	0.000073
OPCODE	722A	287	0.000073
OPCODE	EA89	285	0.000072
OPCODE	0244	285	0.000072
OPCODE	D358	283	0.000072
OPCODE	94C0	283	0.000072
OPCODE	7603	282	0.000072
OPCODE	3812	280	0.000071
OPCODE	6D3C	280	0.000071
OPCODE	2803	280	0.000071
OPCODE	80C1	280	0.000071
OPCODE	6B08	279	0.000071
OPCODE	2141	278	0.000070
OPCODE	E24C	275	0.000070
OPCODE	6E02	274	0.000069
OPCODE	D087	274	0.000069
OPCODE	4268	272	0.000069
OPCODE	0447	271	0.000069
OPCODE	246A	271	0.000069
OPCODE	2845	271	0.000069
OPCODE	BA70	270	0.000068
OPCODE	6220	269	0.000068
OPCODE	00AE	269	0.000068
OPCODE	6CEC	269	0.000068
OPCODE	082F	269	0.000068
OPCODE	D843	269	0.000068
OPCODE	1E00	268	0.000068
OPCODE	66D4	268	0.000068
OPCODE	B5FC	267	0.000068
OPCODE	584E	266	0.000067
OPCODE	604A	266	0.000067
OPCODE	6D52	266	0.000067
OPCODE	C041	266	0.000067
OPCODE	E9D6	266	0.000067
OPCODE	6642	265	0.000067
OPCODE	C0C3	264	0.000067
OPCODE	643C	263	0.000067
OPCODE	6148	263	0.000067
OPCODE	2968	263	0.000067
OPCODE	2441	263	0.000067
OPCODE	E4AD	262	0.000066
OPCODE	3A3C	262	0.000066
OPCODE	3F38	262	0.000066
OPCODE	4291	260	0.000066
OPCODE	12C1	259	0.000066
OPCODE	6CBC	258	0.000065
OPCODE	4A5A	258	0.000065
OPCODE	0040	258	0.000065
OPCODE	6510	258	0.000065
OPCODE	C052	258	0.000065
OPCODE	5449	257	0.000065
OPCODE	08EC	257	0.000065
OPCODE	1485	257	0.000065
OPCODE	1A12	257	0.000065
OPCODE	204E	257	0.000065
OPCODE	536D	256	0.000065
OPCODE	5287	256	0.000065
OPCODE	526D	256	0.000065
OPCODE	3C18	256	0.000065
OPCODE	9685	255	0.000065
OPCODE	9A87	255	0.000065
OPCODE	D4C5	254	0.000064
OPCODE	2274	254	0.000064
OPCODE	EF6D	254	0.000064
OPCODE	D7F3	254	0.000064
OPCODE	62B8	252	0.000064
OPCODE	4857	252	0.000064
OPCODE	4AB1	252	0.000064
OPCODE	D885	251	0.000064
OPCODE	518A	251	0.000064
OPCODE	B682	251	0.000064
OPCODE	B05A	250	0.000063
OPCODE	34A9	250	0.000063
OPCODE	67EA	250	0.000063
OPCODE	D6FC	250	0.000063
OPCODE	34E9	250	0.000063
OPCODE	6136	249	0.000063
OPCODE	319F	249	0.000063
OPCODE	1345	249	0.000063
OPCODE	08AC	249	0.000063
OPCODE	3229	249	0.000063
OPCODE	C0AC	248	0.000063
OPCODE	BC6B	248	0.000063
OPCODE	93CA	246	0.000062
OPCODE	B7D4	246	0.000062
OPCODE	9986	246	0.000062
OPCODE	9584	246	0.000062
OPCODE	D1CA	246	0.000062
OPCODE	204F	245	0.000062
OPCODE	B483	245	0.000062
OPCODE	4A99	244	0.000062
OPCODE	E84C	244	0.000062
OPCODE	5549	244	0.000062
OPCODE	B485	243	0.000062
OPCODE	2458	243	0.000062
OPCODE	3A06	242	0.000061
OPCODE	5D40	242	0.000061
OPCODE	70C6	242	0.000061
OPCODE	206A	241	0.000061
OPCODE	6122	241	0.000061
OPCODE	3210	241	0.000061
OPCODE	5841	241	0.000061
OPCODE	D880	241	0.000061
OPCODE	2E1F	241	0.000061
OPCODE	92C4	240	0.000061
OPCODE	2682	240	0.000061
OPCODE	CBC0	240	0.000061
OPCODE	4469	240	0.000061
OPCODE	E05A	240	0.000061
OPCODE	DA44	240	0.000061
OPCODE	6198	240	0.000061
OPCODE	DC47	240	0.000061
OPCODE	0204	240	0.000061
OPCODE	BA29	240	0.000061
OPCODE	E946	240	0.000061
OPCODE	3618	240	0.000061
OPCODE	E342	240	0.000061
OPCODE	6D2A	240	0.000061
OPCODE	C840	240	0.000061
OPCODE	6C46	240	0.000061
OPCODE	3345	240	0.000061
OPCODE	61B2	240	0.000061
OPCODE	2702	240	0.000061
OPCODE	4263	240	0.000061
OPCODE	E668	240	0.000061
OPCODE	E445	240	0.000061
OPCODE	C4C5	240	0.000061
OPCODE	DE46	240	0.000061
OPCODE	D593	240	0.000061
OPCODE	9EC4	240	0.000061
OPCODE	C4C6	240	0.000061
OPCODE	0887	240	0.000061
OPCODE	C05A	240	0.000061
OPCODE	1A10	240	0.000061
OPCODE	3A18	240	0.000061
OPCODE	9969	240	0.000061
OPCODE	D78C	240	0.000061
OPCODE	6B32	240	0.000061
OPCODE	C8C1	240	0.000061
OPCODE	926A	240	0.000061
OPCODE	0644	240	0.000061
OPCODE	66B6	240	0.000061
OPCODE	3E18	240	0.000061
OPCODE	3332	240	0.000061
OPCODE	6120	240	0.000061
OPCODE	1210	238	0.000060
OPCODE	2641	238	0.000060
OPCODE	31B2	238	0.000060
OPCODE	DAFC	238	0.000060
OPCODE	B06B	237	0.000060
OPCODE	D5CB	236	0.000060
OPCODE	2A18	236	0.000060
OPCODE	197C	236	0.000060
OPCODE	43F1	234	0.000059
OPCODE	8280	233	0.000059
OPCODE	6EC8	233	0.000059
OPCODE	1211	233	0.000059
OPCODE	0C87	233	0.000059
OPCODE	2308	233	0.000059
OPCODE	1180	232	0.000059
OPCODE	5210	232	0.000059
OPCODE	2207	232	0.000059
OPCODE	343C	231	0.000059
OPCODE	42AC	230	0.000058
OPCODE	2419	230	0.000058
OPCODE	45F1	230	0.000058
OPCODE	0054	230	0.000058
OPCODE	99CC	229	0.000058
OPCODE	6778	228	0.000058
OPCODE	2E48	227	0.000058
OPCODE	0057	226	0.000057
OPCODE	65D8	225	0.000057
OPCODE	E16F	225	0.000057
OPCODE	C091	224	0.000057
OPCODE	518F	224	0.000057
OPCODE	8083	224	0.000057
OPCODE	8992	224	0.000057
OPCODE	BF84	224	0.000057
OPCODE	0C6A	223	0.000057
OPCODE	C0FC	222	0.000056
OPCODE	4A82	222	0.000056
OPCODE	6C38	222	0.000056
OPCODE	50E7	222	0.000056
OPCODE	60EC	220	0.000056
OPCODE	4BFA	220	0.000056
OPCODE	2142	220	0.000056
OPCODE	B543	220	0.000056
OPCODE	A322	220	0.000056
OPCODE	6D54	220	0.000056
OPCODE	A9EB	220	0.000056
OPCODE	5545	220	0.000056
OPCODE	3E1A	219	0.000056
OPCODE	101C	219	0.000056
OPCODE	3C12	219	0.000056
OPCODE	6B4A	219	0.000056
OPCODE	911C	219	0.000056
OPCODE	9C47	219	0.000056
OPCODE	224F	218	0.000055
OPCODE	6F06	217	0.000055
OPCODE	6D08	217	0.000055
OPCODE	264C	217	0.000055
OPCODE	3A2C	216	0.000055
OPCODE	61C4	216	0.000055
OPCODE	6C0A	216	0.000055
OPCODE	2652	215	0.000055
OPCODE	7030	215	0.000055
OPCODE	8CAE	215	0.000055
OPCODE	603E	214	0.000054
OPCODE	6052	214	0.000054
OPCODE	4CAE	212	0.000054
OPCODE	6804	212	0.000054
OPCODE	3207	212	0.000054
OPCODE	2A4F	211	0.000054
OPCODE	E38E	211	0.000054
OPCODE	545B	210	0.000053
OPCODE	4CD3	210	0.000053
OPCODE	B9FC	210	0.000053
OPCODE	6DF0	210	0.000053
OPCODE	48D3	210	0.000053
OPCODE	A8E4	210	0.000053
OPCODE	6D9A	210	0.000053
OPCODE	DF6B	210	0.000053
OPCODE	3609	209	0.000053
OPCODE	93CC	209	0.000053
OPCODE	554B	209	0.000053
OPCODE	341F	209	0.000053
OPCODE	3A11	209	0.000053
OPCODE	284F	209	0.000053
OPCODE	4CD0	209	0.000053
OPCODE	6742	209	0.000053
OPCODE	7E0A	208	0.000053
OPCODE	30C7	208	0.000053
OPCODE	620A	208	0.000053
OPCODE	E968	207	0.000052
OPCODE	1202	207	0.000052
OPCODE	286F	207	0.000052
OPCODE	026E	206	0.000052
OPCODE	D851	206	0.000052
OPCODE	6DC8	205	0.000052
OPCODE	207C	204	0.000052
OPCODE	60D2	204	0.000052
OPCODE	B843	203	0.000051
OPCODE	66E4	203	0.000051
OPCODE	61CA	201	0.000051
OPCODE	0831	201	0.000051
OPCODE	61B6	201	0.000051
OPCODE	61BA	201	0.000051
OPCODE	61D2	201	0.000051
OPCODE	5387	201	0.000051
OPCODE	1340	201	0.000051
OPCODE	2368	201	0.000051
OPCODE	AA14	200	0.000051
OPCODE	2F19	199	0.000050
OPCODE	D7D4	199	0.000050
OPCODE	6672	198	0.000050
OPCODE	3482	198	0.000050
OPCODE	B680	197	0.000050
OPCODE	E538	197	0.000050
OPCODE	3F14	197	0.000050
OPCODE	BF00	197	0.000050
OPCODE	223B	197	0.000050
OPCODE	9250	197	0.000050
OPCODE	1C00	196	0.000050
OPCODE	0C84	195	0.000049
OPCODE	0C07	194	0.000049
OPCODE	C684	194	0.000049
OPCODE	6D24	194	0.000049
OPCODE	B1E9	194	0.000049
OPCODE	56C6	193	0.000049
OPCODE	BC2C	193	0.000049
OPCODE	B5EC	193	0.000049
OPCODE	2E10	192	0.000049
OPCODE	47EC	192	0.000049
OPCODE	20C7	190	0.000048
OPCODE	B068	190	0.000048
OPCODE	425B	188	0.000048
OPCODE	C0E9	187	0.000047
OPCODE	E848	187	0.000047
OPCODE	C0AB	187	0.000047
OPCODE	0C78	186	0.000047
OPCODE	B240	185	0.000047
OPCODE	1205	185	0.000047
OPCODE	9883	185	0.000047
OPCODE	E16E	184	0.000047
OPCODE	B81C	184	0.000047
OPCODE	3035	184	0.000047
OPCODE	7810	184	0.000047
OPCODE	1944	184	0.000047
OPCODE	E56C	184	0.000047
OPCODE	528C	184	0.000047
OPCODE	B814	184	0.000047
OPCODE	9C41	184	0.000047
OPCODE	61CC	184	0.000047
OPCODE	DE41	184	0.000047
OPCODE	3407	184	0.000047
OPCODE	1884	184	0.000047
OPCODE	1228	183	0.000046
OPCODE	BE90	183	0.000046
OPCODE	5480	183	0.000046
OPCODE	5989	183	0.000046
OPCODE	162C	183	0.000046
OPCODE	21ED	182	0.000046
OPCODE	0202	182	0.000046
OPCODE	48D0	182	0.000046
OPCODE	2157	182	0.000046
OPCODE	4486	182	0.000046
OPCODE	D8C0	182	0.000046
OPCODE	2151	182	0.000046
OPCODE	8401	181	0.000046
OPCODE	2490	181	0.000046
OPCODE	1834	181	0.000046
OPCODE	611A	181	0.000046
OPCODE	0C98	180	0.000046
OPCODE	9252	179	0.000045
OPCODE	B490	179	0.000045
OPCODE	254A	179	0.000045
OPCODE	CEB0	179	0.000045
OPCODE	4A71	178	0.000045
OPCODE	6D1A	178	0.000045
OPCODE	6FF0	178	0.000045
OPCODE	4A30	176	0.000045
OPCODE	6134	175	0.000044
OPCODE	9642	174	0.000044
OPCODE	B1C1	173	0.000044
OPCODE	5741	173	0.000044
OPCODE	6080	172	0.000044
OPCODE	6F44	172	0.000044
OPCODE	B0A9	172	0.000044
OPCODE	1E01	171	0.000043
OPCODE	2030	171	0.000043
OPCODE	1203	171	0.000043
OPCODE	4257	171	0.000043
OPCODE	7E01	171	0.000043
OPCODE	9BCD	170	0.000043
OPCODE	6E82	170	0.000043
OPCODE	2082	170	0.000043
OPCODE	21FC	170	0.000043
OPCODE	7C07	169	0.000043
OPCODE	0890	169	0.000043
OPCODE	D5F2	169	0.000043
OPCODE	1E2E	169	0.000043
OPCODE	C446	169	0.000043
OPCODE	5282	169	0.000043
OPCODE	1204	169	0.000043
OPCODE	EDC1	169	0.000043
OPCODE	D46B	169	0.000043
OPCODE	56E8	168	0.000043
OPCODE	7E0F	168	0.000043
OPCODE	B642	168	0.000043
OPCODE	EDE8	168	0.000043
OPCODE	3F29	168	0.000043
OPCODE	102F	168	0.000043
OPCODE	9047	168	0.000043
OPCODE	61C2	168	0.000043
OPCODE	ECE8	168	0.000043
OPCODE	50C1	168	0.000043
OPCODE	6E76	168	0.000043
OPCODE	4CD8	167	0.000042
OPCODE	2E6C	167	0.000042
OPCODE	2C36	167	0.000042
OPCODE	294F	167	0.000042
OPCODE	294D	167	0.000042
OPCODE	DC93	167	0.000042
OPCODE	6774	166	0.000042
OPCODE	2A2C	166	0.000042
OPCODE	61BE	166	0.000042
OPCODE	E549	166	0.000042
OPCODE	66FA	166	0.000042
OPCODE	64F0	165	0.000042
OPCODE	2A54	165	0.000042
OPCODE	60E6	165	0.000042
OPCODE	0683	164	0.000042
OPCODE	D681	164	0.000042
OPCODE	6400	164	0.000042
OPCODE	CAEE	164	0.000042
OPCODE	E58B	164	0.000042
OPCODE	3435	164	0.000042
OPCODE	EA4D	164	0.000042
OPCODE	C6C1	164	0.000042
OPCODE	EFA8	163	0.000041
OPCODE	D1F0	163	0.000041
OPCODE	2F2A	163	0.000041
OPCODE	3F3A	162	0.000041
OPCODE	B2FC	162	0.000041
OPCODE	1280	161	0.000041
OPCODE	D100	160	0.000041
OPCODE	CE53	160	0.000041
OPCODE	E218	160	0.000041
OPCODE	20B8	160	0.000041
OPCODE	67D8	160	0.000041
OPCODE	E219	160	0.000041
OPCODE	6142	159	0.000040
OPCODE	C4FC	159	0.000040
OPCODE	3438	159	0.000040
OPCODE	9C81	159	0.000040
OPCODE	48C3	158	0.000040
OPCODE	2F21	158	0.000040
OPCODE	ED59	158	0.000040
OPCODE	08A8	158	0.000040
OPCODE	3E06	158	0.000040
OPCODE	1C03	158	0.000040
OPCODE	266F	157	0.000040
OPCODE	2880	157	0.000040
OPCODE	BEAE	157	0.000040
OPCODE	A069	157	0.000040
OPCODE	66D8	156	0.000040
OPCODE	220C	155	0.000039
OPCODE	652A	154	0.000039
OPCODE	2D50	154	0.000039
OPCODE	721F	153	0.000039
OPCODE	B5C0	152	0.000039
OPCODE	46EF	152	0.000039
OPCODE	621C	152	0.000039
OPCODE	6E48	152	0.000039
OPCODE	4299	152	0.000039
OPCODE	2801	151	0.000038
OPCODE	B269	151	0.000038
OPCODE	0C54	151	0.000038
OPCODE	926C	151	0.000038
OPCODE	D1C3	150	0.000038
OPCODE	22E0	150	0.000038
OPCODE	7A10	150	0.000038
OPCODE	EF6E	150	0.000038
OPCODE	2420	150	0.000038
OPCODE	5887	150	0.000038
OPCODE	E78A	150	0.000038
OPCODE	EA8D	150	0.000038
OPCODE	3078	150	0.000038
OPCODE	D645	150	0.000038
OPCODE	9A84	150	0.000038
OPCODE	9C40	150	0.000038
OPCODE	2870	150	0.000038
OPCODE	C8C2	150	0.000038
OPCODE	DBC5	150	0.000038
OPCODE	D551	150	0.000038
OPCODE	32C5	150	0.000038
OPCODE	E685	150	0.000038
OPCODE	1E30	150	0.000038
OPCODE	246D	150	0.000038
OPCODE	B245	150	0.000038
OPCODE	3285	150	0.000038
OPCODE	EEAD	150	0.000038
OPCODE	32C2	150	0.000038
OPCODE	32C3	150	0.000038
OPCODE	EEAA	150	0.000038
OPCODE	91C2	150	0.000038
OPCODE	E58A	150	0.000038
OPCODE	2C45	149	0.000038
OPCODE	A06A	149	0.000038
OPCODE	3256	149	0.000038
OPCODE	4DEC	149	0.000038
OPCODE	6B4E	149	0.000038
OPCODE	360B	148	0.000038
OPCODE	65E8	148	0.000038
OPCODE	4847	148	0.000038
OPCODE	E44B	147	0.000037
OPCODE	3F5F	147	0.000037
OPCODE	B095	147	0.000037
OPCODE	E9AE	147	0.000037
OPCODE	9C6D	147	0.000037
OPCODE	CC80	147	0.000037
OPCODE	8043	146	0.000037
OPCODE	666E	146	0.000037
OPCODE	AA15	145	0.000037
OPCODE	2C1F	145	0.000037
OPCODE	65F6	144	0.000037
OPCODE	0246	144	0.000037
OPCODE	BE92	144	0.000037
OPCODE	0042	144	0.000037
OPCODE	E250	144	0.000037
OPCODE	421C	144	0.000037
OPCODE	D640	144	0.000037
OPCODE	9286	143	0.000036
OPCODE	B4A8	143	0.000036
OPCODE	67AE	142	0.000036
OPCODE	30FC	141	0.000036
OPCODE	31DF	140	0.000036
OPCODE	4683	140	0.000036
OPCODE	6304	140	0.000036
OPCODE	6110	140	0.000036
OPCODE	7210	139	0.000035
OPCODE	61DE	138	0.000035
OPCODE	222A	138	0.000035
OPCODE	2482	138	0.000035
OPCODE	D244	138	0.000035
OPCODE	E749	138	0.000035
OPCODE	61A4	138	0.000035
OPCODE	6768	138	0.000035
OPCODE	3947	138	0.000035
OPCODE	2A03	137	0.000035
OPCODE	B652	136	0.000034
OPCODE	618E	136	0.000034
OPCODE	A851	136	0.000034
OPCODE	0C34	136	0.000034
OPCODE	3142	136	0.000034
OPCODE	469B	135	0.000034
OPCODE	9641	135	0.000034
OPCODE	619C	135	0.000034
OPCODE	215F	135	0.000034
OPCODE	30BC	135	0.000034
OPCODE	2D46	135	0.000034
OPCODE	4442	134	0.000034
OPCODE	294C	134	0.000034
OPCODE	4646	134	0.000034
OPCODE	6788	134	0.000034
OPCODE	288C	134	0.000034
OPCODE	A050	134	0.000034
OPCODE	605C	133	0.000034
OPCODE	666C	133	0.000034
OPCODE	4886	133	0.000034
OPCODE	B9C9	133	0.000034
OPCODE	2385	132	0.000033
OPCODE	1030	132	0.000033
OPCODE	A122	131	0.000033
OPCODE	4698	131	0.000033
OPCODE	18C5	130	0.000033
OPCODE	DC44	130	0.000033
OPCODE	1705	130	0.000033
OPCODE	E400	130	0.000033
OPCODE	4259	130	0.000033
OPCODE	4850	130	0.000033
OPCODE	B446	129	0.000033
OPCODE	1C38	129	0.000033
OPCODE	11C0	129	0.000033
OPCODE	2E11	129	0.000033
OPCODE	21C7	129	0.000033
OPCODE	9E91	129	0.000033
OPCODE	D7C4	128	0.000032
OPCODE	9A82	128	0.000032
OPCODE	9A86	128	0.000032
OPCODE	802B	128	0.000032
OPCODE	4A2F	128	0.000032
OPCODE	6182	128	0.000032
OPCODE	E140	128	0.000032
OPCODE	7410	128	0.000032
OPCODE	EDC6	128	0.000032
OPCODE	7402	128	0.000032
OPCODE	700F	128	0.000032
OPCODE	6B3E	128	0.000032
OPCODE	2035	128	0.000032
OPCODE	0190	128	0.000032
OPCODE	3280	128	0.000032
OPCODE	24C8	127	0.000032
OPCODE	2404	127	0.000032
OPCODE	208A	126	0.000032
OPCODE	A96F	126	0.000032
OPCODE	361A	126	0.000032
OPCODE	57C5	126	0.000032
OPCODE	8050	126	0.000032
OPCODE	8058	126	0.000032
OPCODE	08EA	125	0.000032
OPCODE	56F8	125	0.000032
OPCODE	B250	125	0.000032
OPCODE	7A03	125	0.000032
OPCODE	49F4	125	0.000032
OPCODE	24E9	125	0.000032
OPCODE	216C	125	0.000032
OPCODE	2403	125	0.000032
OPCODE	3040	125	0.000032
OPCODE	66E2	125	0.000032
OPCODE	4201	124	0.000031
OPCODE	0C2A	124	0.000031
OPCODE	B1C0	124	0.000031
OPCODE	283C	124	0.000031
OPCODE	296E	123	0.000031
OPCODE	AA33	123	0.000031
OPCODE	4A91	123	0.000031
OPCODE	2063	122	0.000031
OPCODE	B1FC	122	0.000031
OPCODE	22B0	121	0.000031
OPCODE	3370	121	0.000031
OPCODE	D5C2	121	0.000031
OPCODE	2484	120	0.000030
OPCODE	2680	120	0.000030
OPCODE	2548	120	0.000030
OPCODE	93C8	120	0.000030
OPCODE	6058	119	0.000030
OPCODE	604E	119	0.000030
OPCODE	612C	119	0.000030
OPCODE	3940	119	0.000030
OPCODE	D882	119	0.000030
OPCODE	BE86	119	0.000030
OPCODE	2747	118	0.000030
OPCODE	6DFA	118	0.000030
OPCODE	142B	118	0.000030
OPCODE	6FEE	118	0.000030
OPCODE	3E2B	118	0.000030
OPCODE	7A04	118	0.000030
OPCODE	522A	118	0.000030
OPCODE	B880	117	0.000030
OPCODE	7C7F	117	0.000030
OPCODE	61D4	117	0.000030
OPCODE	3D78	117	0.000030
OPCODE	57C8	117	0.000030
OPCODE	7CFF	116	0.000029
OPCODE	DA46	116	0.000029
OPCODE	97D4	116	0.000029
OPCODE	E54D	116	0.000029
OPCODE	3E09	116	0.000029
OPCODE	D2C7	116	0.000029
OPCODE	2946	116	0.000029
OPCODE	5043	116	0.000029
OPCODE	082C	116	0.000029
OPCODE	2C2B	115	0.000029
OPCODE	2408	115	0.000029
OPCODE	DEFC	115	0.000029
OPCODE	2C07	115	0.000029
OPCODE	D86D	114	0.000029
OPCODE	2A4B	114	0.000029
OPCODE	594A	114	0.000029
OPCODE	2417	114	0.000029
OPCODE	D66D	114	0.000029
OPCODE	6D2E	114	0.000029
OPCODE	B444	114	0.000029
OPCODE	2E2F	114	0.000029
OPCODE	D152	114	0.000029
OPCODE	EAC0	114	0.000029
OPCODE	E8C0	114	0.000029
OPCODE	7048	113	0.000029
OPCODE	2340	113	0.000029
OPCODE	C0A8	113	0.000029
OPCODE	228E	112	0.000028
OPCODE	1142	112	0.000028
OPCODE	66F6	112	0.000028
OPCODE	E281	112	0.000028
OPCODE	01D0	112	0.000028
OPCODE	928F	112	0.000028
OPCODE	2E6D	112	0.000028
OPCODE	08B0	112	0.000028
OPCODE	50E9	112	0.000028
OPCODE	2E49	112	0.000028
OPCODE	6E06	111	0.000028
OPCODE	C07C	110	0.000028
OPCODE	3C38	110	0.000028
OPCODE	70F2	110	0.000028
OPCODE	E7A8	110	0.000028
OPCODE	4A17	109	0.000028
OPCODE	362A	109	0.000028
OPCODE	60B2	108	0.000027
OPCODE	42AB	107	0.000027
OPCODE	A8E6	107	0.000027
OPCODE	4A03	107	0.000027
OPCODE	47F1	107	0.000027
OPCODE	242A	107	0.000027
OPCODE	6750	107	0.000027
OPCODE	426D	107	0.000027
OPCODE	A889	106	0.000027
OPCODE	2669	106	0.000027
OPCODE	B02C	106	0.000027
OPCODE	623E	105	0.000027
OPCODE	D488	105	0.000027
OPCODE	225E	105	0.000027
OPCODE	2D09	105	0.000027
OPCODE	B291	105	0.000027
OPCODE	5C8A	105	0.000027
OPCODE	5200	105	0.000027
OPCODE	9489	105	0.000027
OPCODE	6354	105	0.000027
OPCODE	635A	105	0.000027
OPCODE	2073	105	0.000027
OPCODE	80EC	105	0.000027
OPCODE	70DA	105	0.000027
OPCODE	C589	104	0.000026
OPCODE	B08C	102	0.000026
OPCODE	3418	102	0.000026
OPCODE	31F8	102	0.000026
OPCODE	B5C9	102	0.000026
OPCODE	C043	102	0.000026
OPCODE	A891	102	0.000026
OPCODE	BC6C	102	0.000026
OPCODE	BE53	101	0.000026
OPCODE	49E8	101	0.000026
OPCODE	2F13	101	0.000026
OPCODE	3368	100	0.000025
OPCODE	38DB	100	0.000025
OPCODE	3742	100	0.000025
OPCODE	2683	100	0.000025
OPCODE	12FC	100	0.000025
OPCODE	C685	100	0.000025
OPCODE	34D1	99	0.000025
OPCODE	6098	99	0.000025
OPCODE	B086	99	0.000025
OPCODE	6046	99	0.000025
OPCODE	66DA	99	0.000025
OPCODE	5D42	98	0.000025
OPCODE	E388	98	0.000025
OPCODE	E180	98	0.000025
OPCODE	70CD	98	0.000025
OPCODE	2180	98	0.000025
OPCODE	11D9	98	0.000025
OPCODE	3199	98	0.000025
OPCODE	B844	97	0.000025
OPCODE	3978	97	0.000025
OPCODE	6C44	97	0.000025
OPCODE	2C28	96	0.000024
OPCODE	0041	96	0.000024
OPCODE	C899	96	0.000024
OPCODE	66CC	96	0.000024
OPCODE	222F	96	0.000024
OPCODE	61F6	96	0.000024
OPCODE	31EC	95	0.000024
OPCODE	D7E8	95	0.000024
OPCODE	4DEE	95	0.000024
OPCODE	9CFC	95	0.000024
OPCODE	102A	94	0.000024
OPCODE	677A	94	0.000024
OPCODE	5845	94	0.000024
OPCODE	6B38	94	0.000024
OPCODE	2740	92	0.000023
OPCODE	6D78	92	0.000023
OPCODE	A825	92	0.000023
OPCODE	6CD6	92	0.000023
OPCODE	97CB	92	0.000023
OPCODE	0894	92	0.000023
OPCODE	0C53	91	0.000023
OPCODE	E988	91	0.000023
OPCODE	47EA	91	0.000023
OPCODE	B859	91	0.000023
OPCODE	6418	90	0.000023
OPCODE	6666	90	0.000023
OPCODE	216B	90	0.000023
OPCODE	5945	90	0.000023
OPCODE	4AAA	90	0.000023
OPCODE	3E05	90	0.000023
OPCODE	A975	90	0.000023
OPCODE	2A69	90	0.000023
OPCODE	7C01	90	0.000023
OPCODE	B098	90	0.000023
OPCODE	602E	89	0.000023
OPCODE	665E	89	0.000023
OPCODE	2071	89	0.000023
OPCODE	B5E9	89	0.000023
OPCODE	2A31	88	0.000022
OPCODE	396D	88	0.000022
OPCODE	2942	88	0.000022
OPCODE	6066	88	0.000022
OPCODE	48F8	88	0.000022
OPCODE	606C	87	0.000022
OPCODE	4214	87	0.000022
OPCODE	5544	87	0.000022
OPCODE	2E57	87	0.000022
OPCODE	1E2B	86	0.000022
OPCODE	6204	86	0.000022
OPCODE	9C85	86	0.000022
OPCODE	2280	86	0.000022
OPCODE	7E1F	86	0.000022
OPCODE	A8D9	86	0.000022
OPCODE	2097	85	0.000022
OPCODE	B229	85	0.000022
OPCODE	67BC	85	0.000022
OPCODE	AA19	85	0.000022
OPCODE	3320	85	0.000022
OPCODE	41F7	85	0.000022
OPCODE	6318	85	0.000022
OPCODE	2D9F	85	0.000022
OPCODE	22C8	84	0.000021
OPCODE	3982	84	0.000021
OPCODE	E410	84	0.000021
OPCODE	E188	84	0.000021
OPCODE	66C0	84	0.000021
OPCODE	A8D8	84	0.000021
OPCODE	47F8	84	0.000021
OPCODE	D5C0	84	0.000021
OPCODE	A002	84	0.000021
OPCODE	84F8	84	0.000021
OPCODE	7626	84	0.000021
OPCODE	48B8	83	0.000021
OPCODE	E0AE	83	0.000021
OPCODE	97C0	83	0.000021
OPCODE	C18C	83	0.000021
OPCODE	60D6	83	0.000021
OPCODE	6B5C	83	0.000021
OPCODE	3F2C	83	0.000021
OPCODE	4686	83	0.000021
OPCODE	95C0	83	0.000021
OPCODE	2409	82	0.000021
OPCODE	442E	82	0.000021
OPCODE	A9A0	82	0.000021
OPCODE	2853	82	0.000021
OPCODE	2E2B	81	0.000021
OPCODE	31FC	81	0.000021
OPCODE	20C2	81	0.000021
OPCODE	9441	81	0.000021
OPCODE	B7E8	81	0.000021
OPCODE	EA8A	81	0.000021
OPCODE	28A8	80	0.000020
OPCODE	3F6F	80	0.000020
OPCODE	80F8	80	0.000020
OPCODE	6668	80	0.000020
OPCODE	2205	80	0.000020
OPCODE	6072	80	0.000020
OPCODE	72FE	79	0.000020
OPCODE	3169	79	0.000020
OPCODE	122C	79	0.000020
OPCODE	6766	79	0.000020
OPCODE	3340	79	0.000020
OPCODE	6044	79	0.000020
OPCODE	D08C	79	0.000020
OPCODE	82FC	78	0.000020
OPCODE	AA1A	78	0.000020
OPCODE	B290	78	0.000020
OPCODE	B670	78	0.000020
OPCODE	C1C7	78	0.000020
OPCODE	122A	78	0.000020
OPCODE	0CAD	78	0.000020
OPCODE	90FC	77	0.000020
OPCODE	A03C	77	0.000020
OPCODE	651C	77	0.000020
OPCODE	11F8	77	0.000020
OPCODE	B2B8	77	0.000020
OPCODE	60EE	77	0.000020
OPCODE	A830	76	0.000019
OPCODE	2B78	76	0.000019
OPCODE	D5D4	76	0.000019
OPCODE	5281	76	0.000019
OPCODE	2807	76	0.000019
OPCODE	47E8	75	0.000019
OPCODE	60F8	75	0.000019
OPCODE	2F49	75	0.000019
OPCODE	BC84	75	0.000019
OPCODE	2F68	75	0.000019
OPCODE	62F4	75	0.000019
OPCODE	2611	75	0.000019
OPCODE	214A	74	0.000019
OPCODE	60C4	74	0.000019
OPCODE	E38F	74	0.000019
OPCODE	5285	74	0.000019
OPCODE	B089	74	0.000019
OPCODE	3341	74	0.000019
OPCODE	A887	74	0.000019
OPCODE	6C5A	74	0.000019
OPCODE	67D4	74	0.000019
OPCODE	A8E5	74	0.000019
OPCODE	7044	74	0.000019
OPCODE	7403	74	0.000019
OPCODE	6EF8	73	0.000019
OPCODE	6C90	73	0.000019
OPCODE	300D	73	0.000019
OPCODE	6050	73	0.000019
OPCODE	667C	73	0.000019
OPCODE	6FDC	72	0.000018
OPCODE	4A73	72	0.000018
OPCODE	9269	72	0.000018
OPCODE	3411	72	0.000018
OPCODE	C0E8	72	0.000018
OPCODE	00AC	72	0.000018
OPCODE	7C02	72	0.000018
OPCODE	49F8	71	0.000018
OPCODE	E781	71	0.000018
OPCODE	45F2	71	0.000018
OPCODE	2605	71	0.000018
OPCODE	D04D	71	0.000018
OPCODE	300F	71	0.000018
OPCODE	CCEA	71	0.000018
OPCODE	277C	71	0.000018
OPCODE	384B	71	0.000018
OPCODE	DEC7	71	0.000018
OPCODE	8CFC	71	0.000018
OPCODE	D687	71	0.000018
OPCODE	88EA	71	0.000018
OPCODE	C4EA	71	0.000018
OPCODE	86EA	71	0.000018
OPCODE	3031	71	0.000018
OPCODE	C544	71	0.000018
OPCODE	2A13	71	0.000018
OPCODE	84EA	71	0.000018
OPCODE	2C13	71	0.000018
OPCODE	381A	71	0.000018
OPCODE	C6C6	71	0.000018
OPCODE	D651	71	0.000018
OPCODE	C286	70	0.000018
OPCODE	CC94	70	0.000018
OPCODE	28C6	70	0.000018
OPCODE	DF53	70	0.000018
OPCODE	49F0	70	0.000018
OPCODE	CC84	70	0.000018
OPCODE	246B	70	0.000018
OPCODE	B897	70	0.000018
OPCODE	CA83	70	0.000018
OPCODE	6414	70	0.000018
OPCODE	6128	70	0.000018
OPCODE	0C83	70	0.000018
OPCODE	A8E0	70	0.000018
OPCODE	E7AA	70	0.000018
OPCODE	2612	70	0.000018
OPCODE	8C81	70	0.000018
OPCODE	6074	70	0.000018
OPCODE	E0AB	70	0.000018
OPCODE	9E86	69	0.000017
OPCODE	EA88	69	0.000017
OPCODE	307C	69	0.000017
OPCODE	704A	69	0.000017
OPCODE	DDA8	69	0.000017
OPCODE	A88A	69	0.000017
OPCODE	DA86	69	0.000017
OPCODE	5288	69	0.000017
OPCODE	6FD8	69	0.000017
OPCODE	4883	69	0.000017
OPCODE	C068	68	0.000017
OPCODE	C188	68	0.000017
OPCODE	426B	68	0.000017
OPCODE	642A	68	0.000017
OPCODE	4292	68	0.000017
OPCODE	9843	68	0.000017
OPCODE	3A1F	67	0.000017
OPCODE	4BED	67	0.000017
OPCODE	632A	67	0.000017
OPCODE	909B	66	0.000017
OPCODE	66C8	66	0.000017
OPCODE	6348	66	0.000017
OPCODE	BBCC	66	0.000017
OPCODE	6B18	66	0.000017
OPCODE	A22E	66	0.000017
OPCODE	E0AD	65	0.000016
OPCODE	4AA9	65	0.000016
OPCODE	2A48	65	0.000016
OPCODE	90AB	65	0.000016
OPCODE	4229	65	0.000016
OPCODE	2F41	65	0.000016
OPCODE	42AF	64	0.000016
OPCODE	6036	64	0.000016
OPCODE	2217	64	0.000016
OPCODE	67E6	64	0.000016
OPCODE	956E	64	0.000016
OPCODE	BE40	64	0.000016
OPCODE	3F7C	64	0.000016
OPCODE	BC87	64	0.000016
OPCODE	D7C2	64	0.000016
OPCODE	6EF2	64	0.000016
OPCODE	31C6	64	0.000016
OPCODE	6D44	64	0.000016
OPCODE	289F	64	0.000016
OPCODE	2A75	63	0.000016
OPCODE	335A	63	0.000016
OPCODE	2E3C	63	0.000016
OPCODE	2A6C	63	0.000016
OPCODE	B846	63	0.000016
OPCODE	6F40	63	0.000016
OPCODE	C34D	63	0.000016
OPCODE	D0E8	62	0.000016
OPCODE	926E	62	0.000016
OPCODE	24F4	62	0.000016
OPCODE	5849	62	0.000016
OPCODE	5349	62	0.000016
OPCODE	95D4	62	0.000016
OPCODE	20CC	62	0.000016
OPCODE	C22B	62	0.000016
OPCODE	B268	61	0.000015
OPCODE	609E	61	0.000015
OPCODE	6DC0	61	0.000015
OPCODE	7091	61	0.000015
OPCODE	234A	61	0.000015
OPCODE	C1C2	61	0.000015
OPCODE	E54F	61	0.000015
OPCODE	0878	61	0.000015
OPCODE	4213	61	0.000015
OPCODE	C641	60	0.000015
OPCODE	DBEE	60	0.000015
OPCODE	B26A	60	0.000015
OPCODE	3233	60	0.000015
OPCODE	D7EE	60	0.000015
OPCODE	D042	60	0.000015
OPCODE	2D59	60	0.000015
OPCODE	5D8F	60	0.000015
OPCODE	60C2	60	0.000015
OPCODE	2E2C	60	0.000015
OPCODE	690E	60	0.000015
OPCODE	E780	60	0.000015
OPCODE	B060	60	0.000015
OPCODE	DA85	59	0.000015
OPCODE	D28C	59	0.000015
OPCODE	536B	59	0.000015
OPCODE	2350	59	0.000015
OPCODE	526B	59	0.000015
OPCODE	2D0B	59	0.000015
OPCODE	5541	59	0.000015
OPCODE	A998	59	0.000015
OPCODE	E18D	59	0.000015
OPCODE	425C	59	0.000015
OPCODE	196B	59	0.000015
OPCODE	265E	59	0.000015
OPCODE	2943	59	0.000015
OPCODE	805F	58	0.000015
OPCODE	6316	58	0.000015
OPCODE	216A	58	0.000015
OPCODE	5BC1	58	0.000015
OPCODE	A8A3	58	0.000015
OPCODE	532D	58	0.000015
OPCODE	7602	58	0.000015
OPCODE	2352	58	0.000015
OPCODE	6C3C	58	0.000015
OPCODE	E0AF	58	0.000015
OPCODE	D804	58	0.000015
OPCODE	D06C	58	0.000015
OPCODE	BA59	58	0.000015
OPCODE	08E9	58	0.000015
OPCODE	522D	58	0.000015
OPCODE	C047	58	0.000015
OPCODE	7207	57	0.000014
OPCODE	514F	57	0.000014
OPCODE	E08A	57	0.000014
OPCODE	E18E	57	0.000014
OPCODE	5001	57	0.000014
OPCODE	9C42	57	0.000014
OPCODE	6698	57	0.000014
OPCODE	D2C2	57	0.000014
OPCODE	7280	56	0.000014
OPCODE	1768	56	0.000014
OPCODE	6C22	56	0.000014
OPCODE	B1CC	56	0.000014
OPCODE	2B4F	56	0.000014
OPCODE	B028	56	0.000014
OPCODE	2A50	56	0.000014
OPCODE	262B	56	0.000014
OPCODE	B046	56	0.000014
OPCODE	2D73	56	0.000014
OPCODE	A089	56	0.000014
OPCODE	49EB	56	0.000014
OPCODE	C22D	56	0.000014
OPCODE	D001	56	0.000014
OPCODE	11EB	55	0.000014
OPCODE	C044	55	0.000014
OPCODE	9869	55	0.000014
OPCODE	B393	55	0.000014
OPCODE	9669	55	0.000014
OPCODE	AA42	55	0.000014
OPCODE	2881	55	0.000014
OPCODE	12A8	55	0.000014
OPCODE	0C14	55	0.000014
OPCODE	EA4C	55	0.000014
OPCODE	E2AD	55	0.000014
OPCODE	D6C0	55	0.000014
OPCODE	B847	55	0.000014
OPCODE	EA4B	55	0.000014
OPCODE	241A	54	0.000014
OPCODE	3A10	54	0.000014
OPCODE	4217	54	0.000014
OPCODE	67C8	54	0.000014
OPCODE	7AFC	54	0.000014
OPCODE	2852	54	0.000014
OPCODE	BEA8	54	0.000014
OPCODE	724E	54	0.000014
OPCODE	51C6	54	0.000014
OPCODE	51C4	54	0.000014
OPCODE	43D2	53	0.000013
OPCODE	3E29	53	0.000013
OPCODE	0BC3	53	0.000013
OPCODE	217C	53	0.000013
OPCODE	3352	53	0.000013
OPCODE	A05A	52	0.000013
OPCODE	0C69	52	0.000013
OPCODE	6694	52	0.000013
OPCODE	D0AA	52	0.000013
OPCODE	3629	52	0.000013
OPCODE	D740	52	0.000013
OPCODE	C2AE	52	0.000013
OPCODE	30C6	52	0.000013
OPCODE	6B76	52	0.000013
OPCODE	3C29	51	0.000013
OPCODE	6FBE	51	0.000013
OPCODE	6FC8	51	0.000013
OPCODE	6C26	51	0.000013
OPCODE	266A	51	0.000013
OPCODE	2171	51	0.000013
OPCODE	9452	51	0.000013
OPCODE	B06A	50	0.000013
OPCODE	A1AD	50	0.000013
OPCODE	6F30	50	0.000013
OPCODE	2F6D	50	0.000013
OPCODE	7610	50	0.000013
OPCODE	ED40	50	0.000013
OPCODE	E240	50	0.000013
OPCODE	5987	50	0.000013
OPCODE	40C1	50	0.000013
OPCODE	A879	50	0.000013
OPCODE	46C1	50	0.000013
OPCODE	A260	49	0.000012
OPCODE	A8DD	49	0.000012
OPCODE	92F8	49	0.000012
OPCODE	50C6	49	0.000012
OPCODE	92A8	49	0.000012
OPCODE	3945	49	0.000012
OPCODE	A89E	49	0.000012
OPCODE	2A2B	49	0.000012
OPCODE	B7C0	49	0.000012
OPCODE	5840	49	0.000012
OPCODE	3768	49	0.000012
OPCODE	7023	49	0.000012
OPCODE	2D53	49	0.000012
OPCODE	3405	49	0.000012
OPCODE	60C6	49	0.000012
OPCODE	2A1B	48	0.000012
OPCODE	2540	48	0.000012
OPCODE	4EB4	48	0.000012
OPCODE	D5A8	48	0.000012
OPCODE	36C5	48	0.000012
OPCODE	261B	48	0.000012
OPCODE	36C6	48	0.000012
OPCODE	A0A5	48	0.000012
OPCODE	D169	48	0.000012
OPCODE	A88B	48	0.000012
OPCODE	2C1B	48	0.000012
OPCODE	117C	48	0.000012
OPCODE	281B	48	0.000012
OPCODE	740E	48	0.000012
OPCODE	6D40	48	0.000012
OPCODE	58AE	48	0.000012
OPCODE	B101	48	0.000012
OPCODE	45F4	48	0.000012
OPCODE	95A8	48	0.000012
OPCODE	30D2	48	0.000012
OPCODE	22C3	48	0.000012
OPCODE	61DC	47	0.000012
OPCODE	30B1	47	0.000012
OPCODE	61A8	47	0.000012
OPCODE	D4F2	47	0.000012
OPCODE	2A49	47	0.000012
OPCODE	D090	46	0.000012
OPCODE	2B4B	46	0.000012
OPCODE	4482	46	0.000012
OPCODE	BA6B	46	0.000012
OPCODE	281F	46	0.000012
OPCODE	2842	46	0.000012
OPCODE	3946	46	0.000012
OPCODE	AAA2	46	0.000012
OPCODE	A90B	46	0.000012
OPCODE	66DC	46	0.000012
OPCODE	A8E9	45	0.000011
OPCODE	D092	45	0.000011
OPCODE	7614	45	0.000011
OPCODE	720E	45	0.000011
OPCODE	60E0	45	0.000011
OPCODE	6B54	45	0.000011
OPCODE	6DE6	45	0.000011
OPCODE	6EE4	45	0.000011
OPCODE	446F	45	0.000011
OPCODE	C348	45	0.000011
OPCODE	A9EF	45	0.000011
OPCODE	CA47	45	0.000011
OPCODE	3F78	44	0.000011
OPCODE	9484	44	0.000011
OPCODE	B3CB	44	0.000011
OPCODE	5307	44	0.000011
OPCODE	82C0	44	0.000011
OPCODE	70CE	44	0.000011
OPCODE	BE82	44	0.000011
OPCODE	262F	44	0.000011
OPCODE	6572	44	0.000011
OPCODE	61A2	44	0.000011
OPCODE	C0D4	44	0.000011
OPCODE	E54B	44	0.000011
OPCODE	D6E8	44	0.000011
OPCODE	8042	43	0.000011
OPCODE	6F42	43	0.000011
OPCODE	263C	43	0.000011
OPCODE	60E4	43	0.000011
OPCODE	E488	43	0.000011
OPCODE	906A	43	0.000011
OPCODE	47F7	43	0.000011
OPCODE	700D	43	0.000011
OPCODE	9068	43	0.000011
OPCODE	B5D9	43	0.000011
OPCODE	641A	43	0.000011
OPCODE	204D	43	0.000011
OPCODE	4BEB	43	0.000011
OPCODE	D26D	43	0.000011
OPCODE	08C3	43	0.000011
OPCODE	7206	42	0.000011
OPCODE	B5F1	42	0.000011
OPCODE	3F33	42	0.000011
OPCODE	5384	42	0.000011
OPCODE	B474	42	0.000011
OPCODE	21CE	42	0.000011
OPCODE	D1A9	42	0.000011
OPCODE	6056	42	0.000011
OPCODE	D168	42	0.000011
OPCODE	B0B4	42	0.000011
OPCODE	2057	42	0.000011
OPCODE	A869	42	0.000011
OPCODE	740C	42	0.000011
OPCODE	60F6	41	0.000010
OPCODE	B200	41	0.000010
OPCODE	9582	41	0.000010
OPCODE	8082	41	0.000010
OPCODE	296C	41	0.000010
OPCODE	C0AE	41	0.000010
OPCODE	2282	41	0.000010
OPCODE	B08A	41	0.000010
OPCODE	66C2	41	0.000010
OPCODE	2B45	40	0.000010
OPCODE	176C	40	0.000010
OPCODE	21C0	40	0.000010
OPCODE	4DFA	40	0.000010
OPCODE	214D	40	0.000010
OPCODE	D485	40	0.000010
OPCODE	0CA2	40	0.000010
OPCODE	70ED	40	0.000010
OPCODE	361F	40	0.000010
OPCODE	2B6B	40	0.000010
OPCODE	AA64	40	0.000010
OPCODE	747E	40	0.000010
OPCODE	D1A8	40	0.000010
OPCODE	6E1E	40	0.000010
OPCODE	3F30	40	0.000010
OPCODE	3F57	40	0.000010
OPCODE	296D	40	0.000010
OPCODE	A8DC	40	0.000010
OPCODE	D284	40	0.000010
OPCODE	6654	40	0.000010
OPCODE	11D0	40	0.000010
OPCODE	4ED6	40	0.000010
OPCODE	6524	40	0.000010
OPCODE	D8C5	40	0.000010
OPCODE	7025	40	0.000010
OPCODE	ED98	40	0.000010
OPCODE	6DA8	40	0.000010
OPCODE	6EAC	40	0.000010
OPCODE	2B44	40	0.000010
OPCODE	9159	39	0.000010
OPCODE	70F9	39	0.000010
OPCODE	A9ED	39	0.000010
OPCODE	B687	39	0.000010
OPCODE	B7ED	39	0.000010
OPCODE	9359	39	0.000010
OPCODE	E7A9	39	0.000010
OPCODE	E9A8	39	0.000010
OPCODE	E840	38	0.000010
OPCODE	74FE	38	0.000010
OPCODE	2454	38	0.000010
OPCODE	0CAC	38	0.000010
OPCODE	08C7	38	0.000010
OPCODE	BAAC	38	0.000010
OPCODE	653A	38	0.000010
OPCODE	2E05	38	0.000010
OPCODE	022A	38	0.000010
OPCODE	A868	37	0.000009
OPCODE	EA49	37	0.000009
OPCODE	9285	37	0.000009
OPCODE	A994	37	0.000009
OPCODE	5C44	37	0.000009
OPCODE	C34A	37	0.000009
OPCODE	234F	37	0.000009
OPCODE	218C	37	0.000009
OPCODE	22D2	36	0.000009
OPCODE	91A8	36	0.000009
OPCODE	2320	36	0.000009
OPCODE	2964	36	0.000009
OPCODE	0C32	36	0.000009
OPCODE	D490	36	0.000009
OPCODE	9190	36	0.000009
OPCODE	A87A	36	0.000009
OPCODE	8441	36	0.000009
OPCODE	CA81	36	0.000009
OPCODE	53EE	36	0.000009
OPCODE	518B	36	0.000009
OPCODE	3380	36	0.000009
OPCODE	7A1F	36	0.000009
OPCODE	E681	36	0.000009
OPCODE	2C01	35	0.000009
OPCODE	54C0	35	0.000009
OPCODE	B9EB	35	0.000009
OPCODE	2017	35	0.000009
OPCODE	0181	35	0.000009
OPCODE	A93A	35	0.000009
OPCODE	9868	35	0.000009
OPCODE	6676	35	0.000009
OPCODE	9050	35	0.000009
OPCODE	422A	35	0.000009
OPCODE	2873	34	0.000009
OPCODE	6D3E	34	0.000009
OPCODE	B3CC	34	0.000009
OPCODE	46C2	34	0.000009
OPCODE	6D82	34	0.000009
OPCODE	3543	34	0.000009
OPCODE	6E18	34	0.000009
OPCODE	40C2	34	0.000009
OPCODE	6C1E	34	0.000009
OPCODE	D9D0	34	0.000009
OPCODE	0302	34	0.000009
OPCODE	524B	34	0.000009
OPCODE	6146	34	0.000009
OPCODE	327C	34	0.000009
OPCODE	E48E	33	0.000008
OPCODE	3D45	33	0.000008
OPCODE	3E2C	33	0.000008
OPCODE	B659	33	0.000008
OPCODE	12BC	33	0.000008
OPCODE	214B	33	0.000008
OPCODE	2283	33	0.000008
OPCODE	B259	33	0.000008
OPCODE	A80A	33	0.000008
OPCODE	5940	33	0.000008
OPCODE	A87B	33	0.000008
OPCODE	0214	33	0.000008
OPCODE	B459	33	0.000008
OPCODE	A8A9	33	0.000008
OPCODE	31E1	32	0.000008
OPCODE	A08F	32	0.000008
OPCODE	CE03	32	0.000008
OPCODE	0682	32	0.000008
OPCODE	6410	32	0.000008
OPCODE	3E2D	32	0.000008
OPCODE	16DC	32	0.000008
OPCODE	DFAC	32	0.000008
OPCODE	342C	32	0.000008
OPCODE	3F2F	32	0.000008
OPCODE	E8A1	32	0.000008
OPCODE	4682	32	0.000008
OPCODE	2328	32	0.000008
OPCODE	B0FC	32	0.000008
OPCODE	C5EC	32	0.000008
OPCODE	6C48	32	0.000008
OPCODE	3942	32	0.000008
OPCODE	6062	32	0.000008
OPCODE	0257	32	0.000008
OPCODE	EF8E	31	0.000008
OPCODE	2085	31	0.000008
OPCODE	CC40	31	0.000008
OPCODE	BE80	31	0.000008
OPCODE	D647	31	0.000008
OPCODE	0CA9	31	0.000008
OPCODE	C2C4	31	0.000008
OPCODE	E84E	31	0.000008
OPCODE	8047	31	0.000008
OPCODE	9EFC	31	0.000008
OPCODE	E641	31	0.000008
OPCODE	D8C1	31	0.000008
OPCODE	BC47	31	0.000008
OPCODE	5284	31	0.000008
OPCODE	8640	31	0.000008
OPCODE	300C	31	0.000008
OPCODE	8046	31	0.000008
OPCODE	588A	31	0.000008
OPCODE	5148	31	0.000008
OPCODE	382C	31	0.000008
OPCODE	7C0F	31	0.000008
OPCODE	631E	31	0.000008
OPCODE	2607	31	0.000008
OPCODE	6652	31	0.000008
OPCODE	6D28	31	0.000008
OPCODE	36BC	31	0.000008
OPCODE	6760	31	0.000008
OPCODE	360D	31	0.000008
OPCODE	48C4	31	0.000008
OPCODE	3E0B	31	0.000008
OPCODE	2486	30	0.000008
OPCODE	4A9F	30	0.000008
OPCODE	C06C	30	0.000008
OPCODE	9168	30	0.000008
OPCODE	A8A1	30	0.000008
OPCODE	613C	30	0.000008
OPCODE	6E12	30	0.000008
OPCODE	6C34	30	0.000008
OPCODE	1091	30	0.000008
OPCODE	605E	30	0.000008
OPCODE	6590	30	0.000008
OPCODE	E2AA	30	0.000008
OPCODE	B7EC	30	0.000008
OPCODE	3747	30	0.000008
OPCODE	962A	29	0.000007
OPCODE	D483	29	0.000007
OPCODE	61B8	29	0.000007
OPCODE	965F	29	0.000007
OPCODE	43D4	29	0.000007
OPCODE	57E7	29	0.000007
OPCODE	56E7	29	0.000007
OPCODE	AA17	29	0.000007
OPCODE	CAC1	29	0.000007
OPCODE	E399	29	0.000007
OPCODE	301E	29	0.000007
OPCODE	9DC0	29	0.000007
OPCODE	E582	29	0.000007
OPCODE	3607	29	0.000007
OPCODE	E291	29	0.000007
OPCODE	294E	29	0.000007
OPCODE	763B	29	0.000007
OPCODE	2144	29	0.000007
OPCODE	9A68	29	0.000007
OPCODE	9A59	29	0.000007
OPCODE	BB86	29	0.000007
OPCODE	7404	29	0.000007
OPCODE	A9C6	29	0.000007
OPCODE	4A56	29	0.000007
OPCODE	7647	29	0.000007
OPCODE	9859	29	0.000007
OPCODE	1828	29	0.000007
OPCODE	5A40	29	0.000007
OPCODE	B128	29	0.000007
OPCODE	968D	29	0.000007
OPCODE	B292	29	0.000007
OPCODE	3D00	29	0.000007
OPCODE	A809	29	0.000007
OPCODE	50E8	29	0.000007
OPCODE	DDC0	29	0.000007
OPCODE	0A80	29	0.000007
OPCODE	3E12	29	0.000007
OPCODE	3186	29	0.000007
OPCODE	41D4	29	0.000007
OPCODE	0C10	29	0.000007
OPCODE	6312	29	0.000007
OPCODE	6F2A	29	0.000007
OPCODE	216F	29	0.000007
OPCODE	006B	29	0.000007
OPCODE	2550	29	0.000007
OPCODE	EF8A	29	0.000007
OPCODE	2874	29	0.000007
OPCODE	EE4A	29	0.000007
OPCODE	0A3C	29	0.000007
OPCODE	BB9B	28	0.000007
OPCODE	A803	28	0.000007
OPCODE	B854	28	0.000007
OPCODE	3C2D	28	0.000007
OPCODE	6064	28	0.000007
OPCODE	6D1E	28	0.000007
OPCODE	43F4	28	0.000007
OPCODE	E24D	28	0.000007
OPCODE	D06F	28	0.000007
OPCODE	3829	28	0.000007
OPCODE	62F2	28	0.000007
OPCODE	E249	28	0.000007
OPCODE	D06B	28	0.000007
OPCODE	8E00	28	0.000007
OPCODE	9E80	28	0.000007
OPCODE	AA44	28	0.000007
OPCODE	65EA	28	0.000007
OPCODE	0C2C	28	0.000007
OPCODE	2150	28	0.000007
OPCODE	2481	28	0.000007
OPCODE	A863	28	0.000007
OPCODE	41F4	28	0.000007
OPCODE	6E58	28	0.000007
OPCODE	B053	27	0.000007
OPCODE	615A	27	0.000007
OPCODE	508C	27	0.000007
OPCODE	2E0B	27	0.000007
OPCODE	90AE	27	0.000007
OPCODE	A8DF	27	0.000007
OPCODE	B043	27	0.000007
OPCODE	60A0	27	0.000007
OPCODE	BEAB	26	0.000007
OPCODE	4640	26	0.000007
OPCODE	4228	26	0.000007
OPCODE	A126	26	0.000007
OPCODE	3A2A	26	0.000007
OPCODE	5A80	26	0.000007
OPCODE	A722	26	0.000007
OPCODE	E658	26	0.000007
OPCODE	7278	26	0.000007
OPCODE	182E	26	0.000007
OPCODE	A01B	25	0.000006
OPCODE	A939	25	0.000006
OPCODE	674E	25	0.000006
OPCODE	98FC	25	0.000006
OPCODE	3E80	25	0.000006
OPCODE	D095	25	0.000006
OPCODE	262C	25	0.000006
OPCODE	3C3C	25	0.000006
OPCODE	70FD	25	0.000006
OPCODE	4A59	25	0.000006
OPCODE	CC81	25	0.000006
OPCODE	01C1	25	0.000006
OPCODE	7078	25	0.000006
OPCODE	6DA2	25	0.000006
OPCODE	3944	25	0.000006
OPCODE	60D4	25	0.000006
OPCODE	E8A0	25	0.000006
OPCODE	2958	25	0.000006
OPCODE	45EB	25	0.000006
OPCODE	229F	25	0.000006
OPCODE	62F0	25	0.000006
OPCODE	DE87	24	0.000006
OPCODE	32E9	24	0.000006
OPCODE	6E1A	24	0.000006
OPCODE	2451	24	0.000006
OPCODE	D111	24	0.000006
OPCODE	AA27	24	0.000006
OPCODE	36AD	24	0.000006
OPCODE	3631	24	0.000006
OPCODE	5262	24	0.000006
OPCODE	0C06	24	0.000006
OPCODE	36A8	24	0.000006
OPCODE	D642	24	0.000006
OPCODE	3C2C	24	0.000006
OPCODE	1434	24	0.000006
OPCODE	D16F	24	0.000006
OPCODE	2147	24	0.000006
OPCODE	A949	24	0.000006
OPCODE	C543	24	0.000006
OPCODE	0294	24	0.000006
OPCODE	BA43	24	0.000006
OPCODE	1EB8	24	0.000006
OPCODE	376D	24	0.000006
OPCODE	5C42	24	0.000006
OPCODE	6C76	24	0.000006
OPCODE	21C1	24	0.000006
OPCODE	6DF8	24	0.000006
OPCODE	6FEA	24	0.000006
OPCODE	254B	24	0.000006
OPCODE	297C	24	0.000006
OPCODE	A899	23	0.000006
OPCODE	E1AB	23	0.000006
OPCODE	DBE8	23	0.000006
OPCODE	A898	23	0.000006
OPCODE	723C	23	0.000006
OPCODE	3298	23	0.000006
OPCODE	E319	23	0.000006
OPCODE	5C49	23	0.000006
OPCODE	B26C	23	0.000006
OPCODE	6AC0	23	0.000006
OPCODE	E411	23	0.000006
OPCODE	D157	23	0.000006
OPCODE	966E	23	0.000006
OPCODE	0259	23	0.000006
OPCODE	2407	23	0.000006
OPCODE	2A68	23	0.000006
OPCODE	986E	23	0.000006
OPCODE	E709	23	0.000006
OPCODE	2206	22	0.000006
OPCODE	4C2F	22	0.000006
OPCODE	2A6F	22	0.000006
OPCODE	30EA	22	0.000006
OPCODE	60B8	22	0.000006
OPCODE	20EA	22	0.000006
OPCODE	70F3	22	0.000006
OPCODE	A8DE	22	0.000006
OPCODE	45EC	22	0.000006
OPCODE	3F19	22	0.000006
OPCODE	5258	22	0.000006
OPCODE	20C5	22	0.000006
OPCODE	0701	22	0.000006
OPCODE	9086	22	0.000006
OPCODE	51E8	22	0.000006
OPCODE	30AA	22	0.000006
OPCODE	D150	22	0.000006
OPCODE	1618	22	0.000006
OPCODE	0450	22	0.000006
OPCODE	6302	22	0.000006
OPCODE	0A00	22	0.000006
OPCODE	5358	22	0.000006
OPCODE	50EB	22	0.000006
OPCODE	3D69	22	0.000006
OPCODE	7021	22	0.000006
OPCODE	7013	21	0.000005
OPCODE	A89B	21	0.000005
OPCODE	2898	21	0.000005
OPCODE	6F50	21	0.000005
OPCODE	66CE	21	0.000005
OPCODE	4C46	21	0.000005
OPCODE	224E	21	0.000005
OPCODE	5743	21	0.000005
OPCODE	223A	21	0.000005
OPCODE	91A9	21	0.000005
OPCODE	3C04	21	0.000005
OPCODE	2C38	21	0.000005
OPCODE	9444	21	0.000005
OPCODE	DE80	21	0.000005
OPCODE	544C	21	0.000005
OPCODE	9259	21	0.000005
OPCODE	336E	21	0.000005
OPCODE	7642	21	0.000005
OPCODE	2EB1	21	0.000005
OPCODE	E4A1	21	0.000005
OPCODE	7615	21	0.000005
OPCODE	780D	21	0.000005
OPCODE	276C	21	0.000005
OPCODE	E2A0	21	0.000005
OPCODE	64EC	21	0.000005
OPCODE	90A8	21	0.000005
OPCODE	6B6A	21	0.000005
OPCODE	D2BC	21	0.000005
OPCODE	60CA	21	0.000005
OPCODE	740A	21	0.000005
OPCODE	B5F8	20	0.000005
OPCODE	0128	20	0.000005
OPCODE	6E32	20	0.000005
OPCODE	6DE2	20	0.000005
OPCODE	2857	20	0.000005
OPCODE	6D9C	20	0.000005
OPCODE	4851	20	0.000005
OPCODE	6068	20	0.000005
OPCODE	47ED	20	0.000005
OPCODE	92FC	20	0.000005
OPCODE	D088	20	0.000005
OPCODE	2A12	20	0.000005
OPCODE	6A2A	20	0.000005
OPCODE	2A0B	20	0.000005
OPCODE	A8B5	20	0.000005
OPCODE	D1AD	20	0.000005
OPCODE	6F82	20	0.000005
OPCODE	4A88	20	0.000005
OPCODE	BFC4	20	0.000005
OPCODE	D068	20	0.000005
OPCODE	0CB8	20	0.000005
OPCODE	3211	20	0.000005
OPCODE	2D57	20	0.000005
OPCODE	0C18	19	0.000005
OPCODE	3354	19	0.000005
OPCODE	3F2A	19	0.000005
OPCODE	675E	19	0.000005
OPCODE	70D5	19	0.000005
OPCODE	2886	19	0.000005
OPCODE	2887	19	0.000005
OPCODE	6D22	19	0.000005
OPCODE	6214	19	0.000005
OPCODE	006C	19	0.000005
OPCODE	3F2B	19	0.000005
OPCODE	8128	19	0.000005
OPCODE	D02C	19	0.000005
OPCODE	B62C	19	0.000005
OPCODE	026B	19	0.000005
OPCODE	C343	19	0.000005
OPCODE	C0EA	19	0.000005
OPCODE	2953	19	0.000005
OPCODE	7604	19	0.000005
OPCODE	5440	19	0.000005
OPCODE	7228	19	0.000005
OPCODE	B66C	19	0.000005
OPCODE	6D38	19	0.000005
OPCODE	2C2C	19	0.000005
OPCODE	D084	19	0.000005
OPCODE	141C	19	0.000005
OPCODE	902C	19	0.000005
OPCODE	9040	19	0.000005
OPCODE	2B4C	18	0.000005
OPCODE	6512	18	0.000005
OPCODE	52AC	18	0.000005
OPCODE	0C2E	18	0.000005
OPCODE	2E42	18	0.000005
OPCODE	1F07	18	0.000005
OPCODE	5C43	18	0.000005
OPCODE	60BE	18	0.000005
OPCODE	D059	18	0.000005
OPCODE	D057	18	0.000005
OPCODE	615C	18	0.000005
OPCODE	AA34	18	0.000005
OPCODE	70DD	18	0.000005
OPCODE	208F	18	0.000005
OPCODE	A8D4	18	0.000005
OPCODE	A8A8	18	0.000005
OPCODE	240F	18	0.000005
OPCODE	652C	18	0.000005
OPCODE	6FDE	18	0.000005
OPCODE	C001	18	0.000005
OPCODE	908F	18	0.000005
OPCODE	6CEA	18	0.000005
OPCODE	BE6B	18	0.000005
OPCODE	8194	18	0.000005
OPCODE	2628	18	0.000005
OPCODE	9283	18	0.000005
OPCODE	9058	18	0.000005
OPCODE	966A	18	0.000005
OPCODE	3D6B	18	0.000005
OPCODE	9258	18	0.000005
OPCODE	A198	18	0.000005
OPCODE	DC87	18	0.000005
OPCODE	E880	18	0.000005
OPCODE	21E8	18	0.000005
OPCODE	B653	18	0.000005
OPCODE	6CD8	18	0.000005
OPCODE	D957	18	0.000005
OPCODE	3F10	18	0.000005
OPCODE	2642	18	0.000005
OPCODE	E782	18	0.000005
OPCODE	3744	18	0.000005
OPCODE	522C	18	0.000005
OPCODE	F35F	18	0.000005
OPCODE	A98D	17	0.000004
OPCODE	52AB	17	0.000004
OPCODE	B08E	17	0.000004
OPCODE	5CC0	17	0.000004
OPCODE	341C	17	0.000004
OPCODE	64CA	17	0.000004
OPCODE	4CF8	17	0.000004
OPCODE	A89D	17	0.000004
OPCODE	196E	17	0.000004
OPCODE	DC82	17	0.000004
OPCODE	7213	17	0.000004
OPCODE	C028	17	0.000004
OPCODE	7808	17	0.000004
OPCODE	3484	16	0.000004
OPCODE	294A	16	0.000004
OPCODE	3381	16	0.000004
OPCODE	3544	16	0.000004
OPCODE	BE41	16	0.000004
OPCODE	5C41	16	0.000004
OPCODE	6684	16	0.000004
OPCODE	3A2B	16	0.000004
OPCODE	5905	16	0.000004
OPCODE	183B	16	0.000004
OPCODE	2A4C	16	0.000004
OPCODE	2748	16	0.000004
OPCODE	A04C	16	0.000004
OPCODE	3338	16	0.000004
OPCODE	E450	16	0.000004
OPCODE	1F2F	16	0.000004
OPCODE	9A6B	16	0.000004
OPCODE	D06D	16	0.000004
OPCODE	181B	16	0.000004
OPCODE	10C1	16	0.000004
OPCODE	1803	16	0.000004
OPCODE	1A31	16	0.000004
OPCODE	182A	16	0.000004
OPCODE	B0AF	16	0.000004
OPCODE	2647	16	0.000004
OPCODE	802D	16	0.000004
OPCODE	806E	16	0.000004
OPCODE	80BC	16	0.000004
OPCODE	42AD	16	0.000004
OPCODE	4297	16	0.000004
OPCODE	426A	16	0.000004
OPCODE	D26A	16	0.000004
OPCODE	16BC	16	0.000004
OPCODE	3214	16	0.000004
OPCODE	21E1	16	0.000004
OPCODE	6536	16	0.000004
OPCODE	6ED6	16	0.000004
OPCODE	B83A	16	0.000004
OPCODE	A8A7	16	0.000004
OPCODE	21CD	16	0.000004
OPCODE	536A	16	0.000004
OPCODE	DE6E	16	0.000004
OPCODE	2658	16	0.000004
OPCODE	2746	16	0.000004
OPCODE	6D32	16	0.000004
OPCODE	3081	16	0.000004
OPCODE	C441	16	0.000004
OPCODE	DB45	16	0.000004
OPCODE	0044	16	0.000004
OPCODE	DA45	16	0.000004
OPCODE	2338	16	0.000004
OPCODE	A87C	16	0.000004
OPCODE	650E	16	0.000004
OPCODE	1740	16	0.000004
OPCODE	1941	16	0.000004
OPCODE	4C41	16	0.000004
OPCODE	E14C	16	0.000004
OPCODE	E144	16	0.000004
OPCODE	5847	16	0.000004
OPCODE	E0A1	16	0.000004
OPCODE	26DC	16	0.000004
OPCODE	5580	16	0.000004
OPCODE	ABC9	16	0.000004
OPCODE	ABCA	16	0.000004
OPCODE	8800	16	0.000004
OPCODE	E04C	16	0.000004
OPCODE	3D01	15	0.000004
OPCODE	6172	15	0.000004
OPCODE	3807	15	0.000004
OPCODE	613E	15	0.000004
OPCODE	B8A9	15	0.000004
OPCODE	6FE6	15	0.000004
OPCODE	70FB	15	0.000004
OPCODE	3F1E	15	0.000004
OPCODE	6152	15	0.000004
OPCODE	242C	15	0.000004
OPCODE	6782	15	0.000004
OPCODE	B891	15	0.000004
OPCODE	240C	15	0.000004
OPCODE	1A30	15	0.000004
OPCODE	CD40	15	0.000004
OPCODE	67A6	15	0.000004
OPCODE	E349	15	0.000004
OPCODE	DDC1	15	0.000004
OPCODE	9DC1	15	0.000004
OPCODE	6DA4	15	0.000004
OPCODE	6DD0	15	0.000004
OPCODE	0C85	15	0.000004
OPCODE	6C2C	15	0.000004
OPCODE	32BC	15	0.000004
OPCODE	6656	15	0.000004
OPCODE	9EAB	15	0.000004
OPCODE	605A	15	0.000004
OPCODE	C046	15	0.000004
OPCODE	DE85	15	0.000004
OPCODE	7416	15	0.000004
OPCODE	B450	15	0.000004
OPCODE	B468	15	0.000004
OPCODE	2631	15	0.000004
OPCODE	7088	15	0.000004
OPCODE	280B	15	0.000004
OPCODE	2213	14	0.000004
OPCODE	651E	14	0.000004
OPCODE	651A	14	0.000004
OPCODE	222D	14	0.000004
OPCODE	2088	14	0.000004
OPCODE	616E	14	0.000004
OPCODE	31EE	14	0.000004
OPCODE	9268	14	0.000004
OPCODE	4CB8	14	0.000004
OPCODE	A81E	14	0.000004
OPCODE	D6C1	14	0.000004
OPCODE	66B0	14	0.000004
OPCODE	E049	14	0.000004
OPCODE	BE68	14	0.000004
OPCODE	2023	14	0.000004
OPCODE	3034	14	0.000004
OPCODE	A207	14	0.000004
OPCODE	B3EE	14	0.000004
OPCODE	282B	14	0.000004
OPCODE	B3EA	14	0.000004
OPCODE	B092	14	0.000004
OPCODE	3084	14	0.000004
OPCODE	52A8	14	0.000004
OPCODE	6082	14	0.000004
OPCODE	E64A	14	0.000004
OPCODE	6502	14	0.000004
OPCODE	7A02	14	0.000004
OPCODE	6BF0	14	0.000004
OPCODE	2688	14	0.000004
OPCODE	2774	14	0.000004
OPCODE	24C3	14	0.000004
OPCODE	45FB	14	0.000004
OPCODE	3178	14	0.000004
OPCODE	36AE	14	0.000004
OPCODE	6E42	14	0.000004
OPCODE	7024	14	0.000004
OPCODE	A823	14	0.000004
OPCODE	B46A	14	0.000004
OPCODE	2A7A	14	0.000004
OPCODE	4274	14	0.000004
OPCODE	9E81	14	0.000004
OPCODE	966B	14	0.000004
OPCODE	640C	14	0.000004
OPCODE	2805	14	0.000004
OPCODE	6E4E	14	0.000004
OPCODE	268A	14	0.000004
OPCODE	607E	13	0.000003
OPCODE	90AD	13	0.000003
OPCODE	316B	13	0.000003
OPCODE	282F	13	0.000003
OPCODE	7218	13	0.000003
OPCODE	B052	13	0.000003
OPCODE	532C	13	0.000003
OPCODE	3F42	13	0.000003
OPCODE	B287	13	0.000003
OPCODE	BB98	13	0.000003
OPCODE	E688	13	0.000003
OPCODE	11B3	13	0.000003
OPCODE	376C	13	0.000003
OPCODE	A9DA	13	0.000003
OPCODE	2E30	13	0.000003
OPCODE	2D69	13	0.000003
OPCODE	D1AB	13	0.000003
OPCODE	9FC1	13	0.000003
OPCODE	B640	13	0.000003
OPCODE	A950	13	0.000003
OPCODE	BD90	13	0.000003
OPCODE	3C07	13	0.000003
OPCODE	EA83	13	0.000003
OPCODE	EA84	13	0.000003
OPCODE	4C90	13	0.000003
OPCODE	50C5	13	0.000003
OPCODE	329F	13	0.000003
OPCODE	2C3C	13	0.000003
OPCODE	A162	13	0.000003
OPCODE	6CC2	12	0.000003
OPCODE	0014	12	0.000003
OPCODE	2633	12	0.000003
OPCODE	66BC	12	0.000003
OPCODE	2692	12	0.000003
OPCODE	6B1C	12	0.000003
OPCODE	278A	12	0.000003
OPCODE	66A2	12	0.000003
OPCODE	261E	12	0.000003
OPCODE	A522	12	0.000003
OPCODE	44FC	12	0.000003
OPCODE	E740	12	0.000003
OPCODE	2D03	12	0.000003
OPCODE	E68A	12	0.000003
OPCODE	7018	12	0.000003
OPCODE	2146	12	0.000003
OPCODE	9A80	12	0.000003
OPCODE	2260	12	0.000003
OPCODE	4873	12	0.000003
OPCODE	116F	12	0.000003
OPCODE	49EA	12	0.000003
OPCODE	49F9	12	0.000003
OPCODE	5DEE	12	0.000003
OPCODE	DEC1	12	0.000003
OPCODE	C2C0	12	0.000003
OPCODE	A955	12	0.000003
OPCODE	A800	12	0.000003
OPCODE	22DB	12	0.000003
OPCODE	A927	12	0.000003
OPCODE	5251	12	0.000003
OPCODE	5302	12	0.000003
OPCODE	A892	12	0.000003
OPCODE	5350	12	0.000003
OPCODE	544A	12	0.000003
OPCODE	0C90	12	0.000003
OPCODE	2F31	12	0.000003
OPCODE	5886	12	0.000003
OPCODE	2F69	12	0.000003
OPCODE	613A	12	0.000003
OPCODE	6FE2	12	0.000003
OPCODE	EBAA	12	0.000003
OPCODE	EF6A	12	0.000003
OPCODE	21D8	12	0.000003
OPCODE	EAAA	12	0.000003
OPCODE	6FD2	12	0.000003
OPCODE	EFAA	12	0.000003
OPCODE	C4C0	12	0.000003
OPCODE	2B48	12	0.000003
OPCODE	0101	12	0.000003
OPCODE	AA67	12	0.000003
OPCODE	AA43	12	0.000003
OPCODE	395F	12	0.000003
OPCODE	026C	12	0.000003
OPCODE	6132	12	0.000003
OPCODE	B7E9	11	0.000003
OPCODE	5481	11	0.000003
OPCODE	66BE	11	0.000003
OPCODE	906F	11	0.000003
OPCODE	2890	11	0.000003
OPCODE	6D6A	11	0.000003
OPCODE	288B	11	0.000003
OPCODE	26A8	11	0.000003
OPCODE	5681	11	0.000003
OPCODE	3605	11	0.000003
OPCODE	276B	11	0.000003
OPCODE	E8A9	11	0.000003
OPCODE	0268	11	0.000003
OPCODE	95AE	11	0.000003
OPCODE	3A29	11	0.000003
OPCODE	E44C	11	0.000003
OPCODE	222B	11	0.000003
OPCODE	1A1F	11	0.000003
OPCODE	7216	11	0.000003
OPCODE	E289	11	0.000003
OPCODE	A033	11	0.000003
OPCODE	4A98	11	0.000003
OPCODE	4EF2	11	0.000003
OPCODE	BE6C	11	0.000003
OPCODE	93AE	11	0.000003
OPCODE	3D54	11	0.000003
OPCODE	701A	11	0.000003
OPCODE	2493	11	0.000003
OPCODE	C093	11	0.000003
OPCODE	6574	11	0.000003
OPCODE	D047	11	0.000003
OPCODE	2C0C	11	0.000003
OPCODE	1F01	11	0.000003
OPCODE	D2D0	11	0.000003
OPCODE	5949	11	0.000003
OPCODE	A9E0	11	0.000003
OPCODE	6DB6	11	0.000003
OPCODE	C090	10	0.000003
OPCODE	3831	10	0.000003
OPCODE	E24A	10	0.000003
OPCODE	BE28	10	0.000003
OPCODE	2E13	10	0.000003
OPCODE	A034	10	0.000003
OPCODE	E64B	10	0.000003
OPCODE	E287	10	0.000003
OPCODE	6670	10	0.000003
OPCODE	3C19	10	0.000003
OPCODE	99AC	10	0.000003
OPCODE	B650	10	0.000003
OPCODE	11EE	10	0.000003
OPCODE	8357	10	0.000003
OPCODE	6144	10	0.000003
OPCODE	6E30	10	0.000003
OPCODE	6EC2	10	0.000003
OPCODE	6040	10	0.000003
OPCODE	2A3C	10	0.000003
OPCODE	3B43	10	0.000003
OPCODE	360C	10	0.000003
OPCODE	E34D	10	0.000003
OPCODE	A990	10	0.000003
OPCODE	A99B	10	0.000003
OPCODE	D0AB	10	0.000003
OPCODE	61AE	10	0.000003
OPCODE	2970	10	0.000003
OPCODE	CBC7	10	0.000003
OPCODE	163B	10	0.000003
OPCODE	2549	10	0.000003
OPCODE	A888	10	0.000003
OPCODE	3087	10	0.000003
OPCODE	0C15	10	0.000003
OPCODE	62DE	10	0.000003
OPCODE	D340	10	0.000003
OPCODE	EFAE	10	0.000003
OPCODE	A8B0	10	0.000003
OPCODE	5301	10	0.000003
OPCODE	24AE	10	0.000003
OPCODE	97C4	10	0.000003
OPCODE	0052	10	0.000003
OPCODE	5486	10	0.000003
OPCODE	BA84	10	0.000003
OPCODE	B6FC	10	0.000003
OPCODE	7E08	10	0.000003
OPCODE	5CEE	10	0.000003
OPCODE	BA87	10	0.000003
OPCODE	A860	10	0.000003
OPCODE	D289	10	0.000003
OPCODE	96FC	10	0.000003
OPCODE	257C	10	0.000003
OPCODE	3D6F	10	0.000003
OPCODE	C218	10	0.000003
OPCODE	C642	10	0.000003
OPCODE	A817	10	0.000003
OPCODE	E789	10	0.000003
OPCODE	84C1	10	0.000003
OPCODE	2838	10	0.000003
OPCODE	EAD0	10	0.000003
OPCODE	DEB8	10	0.000003
OPCODE	2C12	9	0.000002
OPCODE	1206	9	0.000002
OPCODE	EA58	9	0.000002
OPCODE	B8AC	9	0.000002
OPCODE	90BA	9	0.000002
OPCODE	C680	9	0.000002
OPCODE	6228	9	0.000002
OPCODE	6520	9	0.000002
OPCODE	1297	9	0.000002
OPCODE	6514	9	0.000002
OPCODE	3E28	9	0.000002
OPCODE	2944	9	0.000002
OPCODE	5290	9	0.000002
OPCODE	2841	9	0.000002
OPCODE	284D	9	0.000002
OPCODE	D26B	9	0.000002
OPCODE	31C2	9	0.000002
OPCODE	DBAB	9	0.000002
OPCODE	162F	9	0.000002
OPCODE	1002	9	0.000002
OPCODE	C2AC	9	0.000002
OPCODE	DEAE	9	0.000002
OPCODE	D7C6	9	0.000002
OPCODE	5390	9	0.000002
OPCODE	D66C	9	0.000002
OPCODE	D3AC	9	0.000002
OPCODE	C045	9	0.000002
OPCODE	D5C8	9	0.000002
OPCODE	C05F	9	0.000002
OPCODE	5881	9	0.000002
OPCODE	2809	9	0.000002
OPCODE	2C6C	9	0.000002
OPCODE	3830	9	0.000002
OPCODE	3745	9	0.000002
OPCODE	E586	9	0.000002
OPCODE	3743	9	0.000002
OPCODE	2D81	9	0.000002
OPCODE	36B8	9	0.000002
OPCODE	E48F	9	0.000002
OPCODE	C0FA	9	0.000002
OPCODE	BCAA	9	0.000002
OPCODE	3541	9	0.000002
OPCODE	E243	9	0.000002
OPCODE	E04D	9	0.000002
OPCODE	DFAE	9	0.000002
OPCODE	5082	9	0.000002
OPCODE	5087	9	0.000002
OPCODE	1628	9	0.000002
OPCODE	9046	9	0.000002
OPCODE	9BAC	9	0.000002
OPCODE	9492	9	0.000002
OPCODE	A9A2	9	0.000002
OPCODE	7034	9	0.000002
OPCODE	816A	9	0.000002
OPCODE	966C	9	0.000002
OPCODE	1A29	9	0.000002
OPCODE	9C87	9	0.000002
OPCODE	9EAE	9	0.000002
OPCODE	9FA8	9	0.000002
OPCODE	2547	9	0.000002
OPCODE	8240	9	0.000002
OPCODE	9881	9	0.000002
OPCODE	A9E1	9	0.000002
OPCODE	8114	9	0.000002
OPCODE	8841	9	0.000002
OPCODE	2545	9	0.000002
OPCODE	1E2C	9	0.000002
OPCODE	2406	9	0.000002
OPCODE	A81F	9	0.000002
OPCODE	7805	9	0.000002
OPCODE	2087	9	0.000002
OPCODE	21AC	9	0.000002
OPCODE	21AA	9	0.000002
OPCODE	6F26	9	0.000002
OPCODE	91CC	9	0.000002
OPCODE	6E36	9	0.000002
OPCODE	6D30	9	0.000002
OPCODE	9E83	9	0.000002
OPCODE	218A	9	0.000002
OPCODE	AA52	9	0.000002
OPCODE	B685	9	0.000002
OPCODE	A870	9	0.000002
OPCODE	A11A	9	0.000002
OPCODE	B454	8	0.000002
OPCODE	E908	8	0.000002
OPCODE	6314	8	0.000002
OPCODE	48E0	8	0.000002
OPCODE	1F2E	8	0.000002
OPCODE	CB49	8	0.000002
OPCODE	44DF	8	0.000002
OPCODE	BD40	8	0.000002
OPCODE	5388	8	0.000002
OPCODE	5389	8	0.000002
OPCODE	631A	8	0.000002
OPCODE	BCA8	8	0.000002
OPCODE	B3D7	8	0.000002
OPCODE	B46D	8	0.000002
OPCODE	5400	8	0.000002
OPCODE	E942	8	0.000002
OPCODE	BC80	8	0.000002
OPCODE	BC78	8	0.000002
OPCODE	1801	8	0.000002
OPCODE	CC6B	8	0.000002
OPCODE	D605	8	0.000002
OPCODE	6276	8	0.000002
OPCODE	2074	8	0.000002
OPCODE	6210	8	0.000002
OPCODE	22EF	8	0.000002
OPCODE	2C1D	8	0.000002
OPCODE	36DC	8	0.000002
OPCODE	254C	8	0.000002
OPCODE	7A07	8	0.000002
OPCODE	30F8	8	0.000002
OPCODE	D8C3	8	0.000002
OPCODE	20AC	8	0.000002
OPCODE	05C0	8	0.000002
OPCODE	9C83	8	0.000002
OPCODE	2277	8	0.000002
OPCODE	BE52	8	0.000002
OPCODE	1E12	8	0.000002
OPCODE	381D	8	0.000002
OPCODE	70DC	8	0.000002
OPCODE	7C1E	8	0.000002
OPCODE	CA2B	8	0.000002
OPCODE	122E	8	0.000002
OPCODE	361C	8	0.000002
OPCODE	1D46	8	0.000002
OPCODE	B3E8	8	0.000002
OPCODE	CA82	8	0.000002
OPCODE	1605	8	0.000002
OPCODE	7E04	8	0.000002
OPCODE	DBC3	8	0.000002
OPCODE	6454	8	0.000002
OPCODE	A9F1	8	0.000002
OPCODE	49F1	8	0.000002
OPCODE	EB5A	8	0.000002
OPCODE	22CD	8	0.000002
OPCODE	D053	8	0.000002
OPCODE	2B4A	8	0.000002
OPCODE	D2E9	8	0.000002
OPCODE	143B	8	0.000002
OPCODE	B868	8	0.000002
OPCODE	1A03	8	0.000002
OPCODE	A9B2	8	0.000002
OPCODE	26C0	8	0.000002
OPCODE	723A	8	0.000002
OPCODE	C2DF	8	0.000002
OPCODE	E241	8	0.000002
OPCODE	2A61	8	0.000002
OPCODE	EF48	8	0.000002
OPCODE	EF4B	8	0.000002
OPCODE	5BCB	8	0.000002
OPCODE	A938	8	0.000002
OPCODE	C1ED	8	0.000002
OPCODE	0110	8	0.000002
OPCODE	5C4B	8	0.000002
OPCODE	2F18	8	0.000002
OPCODE	20C4	8	0.000002
OPCODE	0068	8	0.000002
OPCODE	2EAF	8	0.000002
OPCODE	E0AA	8	0.000002
OPCODE	4CD9	8	0.000002
OPCODE	72FB	8	0.000002
OPCODE	700E	8	0.000002
OPCODE	AA2A	8	0.000002
OPCODE	7042	8	0.000002
OPCODE	CCAB	8	0.000002
OPCODE	1F68	8	0.000002
OPCODE	3884	8	0.000002
OPCODE	E98E	8	0.000002
OPCODE	1B43	8	0.000002
OPCODE	C484	8	0.000002
OPCODE	A815	8	0.000002
OPCODE	3E36	8	0.000002
OPCODE	429B	8	0.000002
OPCODE	2A1D	8	0.000002
OPCODE	6798	8	0.000002
OPCODE	3A14	8	0.000002
OPCODE	E306	8	0.000002
OPCODE	3B46	8	0.000002
OPCODE	2F61	8	0.000002
OPCODE	D4B8	8	0.000002
OPCODE	C12C	8	0.000002
OPCODE	E2A8	8	0.000002
OPCODE	1A2C	8	0.000002
OPCODE	A80D	8	0.000002
OPCODE	2B6E	7	0.000002
OPCODE	A43C	7	0.000002
OPCODE	C0C4	7	0.000002
OPCODE	4EF6	7	0.000002
OPCODE	A41C	7	0.000002
OPCODE	5250	7	0.000002
OPCODE	6EE8	7	0.000002
OPCODE	1619	7	0.000002
OPCODE	720B	7	0.000002
OPCODE	6E1C	7	0.000002
OPCODE	9EA8	7	0.000002
OPCODE	DEBC	7	0.000002
OPCODE	6C24	7	0.000002
OPCODE	7011	7	0.000002
OPCODE	CE6E	7	0.000002
OPCODE	A8EC	7	0.000002
OPCODE	301C	7	0.000002
OPCODE	26AC	7	0.000002
OPCODE	BC8A	7	0.000002
OPCODE	D2C4	7	0.000002
OPCODE	A9AF	7	0.000002
OPCODE	9840	7	0.000002
OPCODE	9644	7	0.000002
OPCODE	6770	7	0.000002
OPCODE	6C20	7	0.000002
OPCODE	1819	7	0.000002
OPCODE	B4FC	7	0.000002
OPCODE	703E	7	0.000002
OPCODE	BAA8	7	0.000002
OPCODE	2F78	7	0.000002
OPCODE	282C	7	0.000002
OPCODE	45F7	7	0.000002
OPCODE	7016	7	0.000002
OPCODE	45F9	7	0.000002
OPCODE	D1EE	7	0.000002
OPCODE	2E91	7	0.000002
OPCODE	2E12	7	0.000002
OPCODE	70EE	7	0.000002
OPCODE	6ABA	7	0.000002
OPCODE	3814	7	0.000002
OPCODE	AA94	7	0.000002
OPCODE	6548	6	0.000002
OPCODE	5701	6	0.000002
OPCODE	58AF	6	0.000002
OPCODE	2F4D	6	0.000002
OPCODE	A90C	6	0.000002
OPCODE	244F	6	0.000002
OPCODE	6430	6	0.000002
OPCODE	1171	6	0.000002
OPCODE	5AEE	6	0.000002
OPCODE	321C	6	0.000002
OPCODE	A11E	6	0.000002
OPCODE	A9A8	6	0.000002
OPCODE	D26E	6	0.000002
OPCODE	A943	6	0.000002
OPCODE	7244	6	0.000002
OPCODE	32F8	6	0.000002
OPCODE	7022	6	0.000002
OPCODE	A86C	6	0.000002
OPCODE	5369	6	0.000002
OPCODE	0BC4	6	0.000002
OPCODE	3143	6	0.000002
OPCODE	61AA	6	0.000002
OPCODE	A836	6	0.000002
OPCODE	AA68	6	0.000002
OPCODE	0C12	6	0.000002
OPCODE	CA38	6	0.000002
OPCODE	617C	6	0.000002
OPCODE	2429	6	0.000002
OPCODE	20BC	6	0.000002
OPCODE	D768	6	0.000002
OPCODE	51E9	6	0.000002
OPCODE	C401	6	0.000002
OPCODE	306A	6	0.000002
OPCODE	53AE	6	0.000002
OPCODE	A8B2	6	0.000002
OPCODE	546E	6	0.000002
OPCODE	6332	6	0.000002
OPCODE	6356	6	0.000002
OPCODE	CD38	6	0.000002
OPCODE	56C5	6	0.000002
OPCODE	A440	6	0.000002
OPCODE	A8ED	6	0.000002
OPCODE	A8FA	6	0.000002
OPCODE	B4A9	6	0.000002
OPCODE	E259	6	0.000002
OPCODE	44C0	6	0.000002
OPCODE	376E	6	0.000002
OPCODE	78FE	6	0.000002
OPCODE	6C3E	6	0.000002
OPCODE	2651	6	0.000002
OPCODE	E286	6	0.000002
OPCODE	1631	6	0.000002
OPCODE	6C30	6	0.000002
OPCODE	6D48	6	0.000002
OPCODE	6B40	6	0.000002
OPCODE	B845	6	0.000002
OPCODE	B0BA	6	0.000002
OPCODE	B5D0	6	0.000002
OPCODE	3613	6	0.000002
OPCODE	2286	6	0.000002
OPCODE	2219	6	0.000002
OPCODE	1E31	6	0.000002
OPCODE	1F06	6	0.000002
OPCODE	9CFA	6	0.000002
OPCODE	666A	6	0.000002
OPCODE	94FC	6	0.000002
OPCODE	6C4C	6	0.000002
OPCODE	21AF	6	0.000002
OPCODE	3F1A	6	0.000002
OPCODE	9207	6	0.000002
OPCODE	0094	6	0.000002
OPCODE	7E10	6	0.000002
OPCODE	7E94	6	0.000002
OPCODE	9084	6	0.000002
OPCODE	B678	6	0.000002
OPCODE	6C5C	6	0.000002
OPCODE	BCAE	6	0.000002
OPCODE	1431	6	0.000002
OPCODE	2257	6	0.000002
OPCODE	A027	6	0.000002
OPCODE	2293	6	0.000002
OPCODE	E76C	5	0.000001
OPCODE	67CC	5	0.000001
OPCODE	E7A1	5	0.000001
OPCODE	8151	5	0.000001
OPCODE	7CEE	5	0.000001
OPCODE	214C	5	0.000001
OPCODE	2846	5	0.000001
OPCODE	A068	5	0.000001
OPCODE	022C	5	0.000001
OPCODE	7036	5	0.000001
OPCODE	AA1F	5	0.000001
OPCODE	45D1	5	0.000001
OPCODE	BE50	5	0.000001
OPCODE	E982	5	0.000001
OPCODE	A90A	5	0.000001
OPCODE	387C	5	0.000001
OPCODE	0251	5	0.000001
OPCODE	E949	5	0.000001
OPCODE	3832	5	0.000001
OPCODE	908A	5	0.000001
OPCODE	60A8	5	0.000001
OPCODE	EE49	5	0.000001
OPCODE	1942	5	0.000001
OPCODE	5B40	5	0.000001
OPCODE	A922	5	0.000001
OPCODE	A9A3	5	0.000001
OPCODE	A923	5	0.000001
OPCODE	1147	5	0.000001
OPCODE	A91C	5	0.000001
OPCODE	D0B8	5	0.000001
OPCODE	A992	5	0.000001
OPCODE	2EA8	5	0.000001
OPCODE	002C	5	0.000001
OPCODE	2E4B	5	0.000001
OPCODE	D0EF	5	0.000001
OPCODE	3E38	5	0.000001
OPCODE	B740	5	0.000001
OPCODE	B9C0	5	0.000001
OPCODE	AA12	5	0.000001
OPCODE	94A9	5	0.000001
OPCODE	6B52	5	0.000001
OPCODE	9480	5	0.000001
OPCODE	1882	5	0.000001
OPCODE	57C9	5	0.000001
OPCODE	7CEF	5	0.000001
OPCODE	11D1	5	0.000001
OPCODE	2760	5	0.000001
OPCODE	93E8	5	0.000001
OPCODE	A90D	5	0.000001
OPCODE	D3C5	5	0.000001
OPCODE	0C9F	5	0.000001
OPCODE	ED6D	5	0.000001
OPCODE	EDAD	5	0.000001
OPCODE	A9BA	5	0.000001
OPCODE	60BA	5	0.000001
OPCODE	A821	5	0.000001
OPCODE	3540	5	0.000001
OPCODE	6D4A	5	0.000001
OPCODE	0A30	5	0.000001
OPCODE	22CA	5	0.000001
OPCODE	1414	5	0.000001
OPCODE	3147	5	0.000001
OPCODE	315F	5	0.000001
OPCODE	C2E9	5	0.000001
OPCODE	63E4	5	0.000001
OPCODE	20F8	5	0.000001
OPCODE	0A33	5	0.000001
OPCODE	6184	5	0.000001
OPCODE	3632	5	0.000001
OPCODE	C4E8	5	0.000001
OPCODE	20DA	5	0.000001
OPCODE	362B	5	0.000001
OPCODE	31C7	5	0.000001
OPCODE	A146	5	0.000001
OPCODE	362D	5	0.000001
OPCODE	31C3	5	0.000001
OPCODE	A09D	5	0.000001
OPCODE	72A9	5	0.000001
OPCODE	6EEA	5	0.000001
OPCODE	A886	5	0.000001
OPCODE	618C	5	0.000001
OPCODE	A005	5	0.000001
OPCODE	9A40	5	0.000001
OPCODE	A885	5	0.000001
OPCODE	6EDA	5	0.000001
OPCODE	A004	5	0.000001
OPCODE	A876	5	0.000001
OPCODE	721C	5	0.000001
OPCODE	ABEB	5	0.000001
OPCODE	B2AE	5	0.000001
OPCODE	C745	5	0.000001
OPCODE	78F8	5	0.000001
OPCODE	0A6E	5	0.000001
OPCODE	722C	4	0.000001
OPCODE	21EA	4	0.000001
OPCODE	A20C	4	0.000001
OPCODE	A23C	4	0.000001
OPCODE	0CB1	4	0.000001
OPCODE	D299	4	0.000001
OPCODE	9054	4	0.000001
OPCODE	8E40	4	0.000001
OPCODE	A011	4	0.000001
OPCODE	4A9C	4	0.000001
OPCODE	4CD2	4	0.000001
OPCODE	2E4A	4	0.000001
OPCODE	D16C	4	0.000001
OPCODE	727F	4	0.000001
OPCODE	A064	4	0.000001
OPCODE	3346	4	0.000001
OPCODE	A0A4	4	0.000001
OPCODE	3347	4	0.000001
OPCODE	5C80	4	0.000001
OPCODE	3D9F	4	0.000001
OPCODE	22BC	4	0.000001
OPCODE	9254	4	0.000001
OPCODE	D26C	4	0.000001
OPCODE	4A6F	4	0.000001
OPCODE	702A	4	0.000001
OPCODE	B700	4	0.000001
OPCODE	5041	4	0.000001
OPCODE	3F68	4	0.000001
OPCODE	36C7	4	0.000001
OPCODE	51F8	4	0.000001
OPCODE	9CAB	4	0.000001
OPCODE	D4D2	4	0.000001
OPCODE	0229	4	0.000001
OPCODE	A8E7	4	0.000001
OPCODE	4877	4	0.000001
OPCODE	04B8	4	0.000001
OPCODE	36C3	4	0.000001
OPCODE	36C4	4	0.000001
OPCODE	3685	4	0.000001
OPCODE	47EF	4	0.000001
OPCODE	A8A5	4	0.000001
OPCODE	2344	4	0.000001
OPCODE	7E20	4	0.000001
OPCODE	9A41	4	0.000001
OPCODE	E6AC	4	0.000001
OPCODE	7094	4	0.000001
OPCODE	E6AD	4	0.000001
OPCODE	03C2	4	0.000001
OPCODE	588B	4	0.000001
OPCODE	D2E8	4	0.000001
OPCODE	A919	4	0.000001
OPCODE	5941	4	0.000001
OPCODE	702B	4	0.000001
OPCODE	7609	4	0.000001
OPCODE	41EF	4	0.000001
OPCODE	06B8	4	0.000001
OPCODE	5147	4	0.000001
OPCODE	A001	4	0.000001
OPCODE	A00A	4	0.000001
OPCODE	5187	4	0.000001
OPCODE	08B1	4	0.000001
OPCODE	A908	4	0.000001
OPCODE	A81A	4	0.000001
OPCODE	9E8B	4	0.000001
OPCODE	EA50	4	0.000001
OPCODE	9E7C	4	0.000001
OPCODE	4253	4	0.000001
OPCODE	AA06	4	0.000001
OPCODE	2457	4	0.000001
OPCODE	6B48	4	0.000001
OPCODE	1383	4	0.000001
OPCODE	BE45	4	0.000001
OPCODE	2829	4	0.000001
OPCODE	248C	4	0.000001
OPCODE	B09F	4	0.000001
OPCODE	6B2C	4	0.000001
OPCODE	26CA	4	0.000001
OPCODE	26C5	4	0.000001
OPCODE	26C2	4	0.000001
OPCODE	6B24	4	0.000001
OPCODE	2D08	4	0.000001
OPCODE	6166	4	0.000001
OPCODE	249F	4	0.000001
OPCODE	6A1A	4	0.000001
OPCODE	7015	4	0.000001
OPCODE	6E7E	4	0.000001
OPCODE	2A4A	4	0.000001
OPCODE	2A38	4	0.000001
OPCODE	A9A4	4	0.000001
OPCODE	B7F8	4	0.000001
OPCODE	608A	4	0.000001
OPCODE	2E04	4	0.000001
OPCODE	C0BC	4	0.000001
OPCODE	6E40	4	0.000001
OPCODE	12AA	4	0.000001
OPCODE	2646	4	0.000001
OPCODE	242D	4	0.000001
OPCODE	242F	4	0.000001
OPCODE	205E	4	0.000001
OPCODE	2061	4	0.000001
OPCODE	241D	4	0.000001
OPCODE	6350	4	0.000001
OPCODE	BA83	4	0.000001
OPCODE	622E	4	0.000001
OPCODE	B029	4	0.000001
OPCODE	BA82	4	0.000001
OPCODE	6B60	4	0.000001
OPCODE	26CC	4	0.000001
OPCODE	6764	4	0.000001
OPCODE	B06F	4	0.000001
OPCODE	61B4	4	0.000001
OPCODE	6B58	4	0.000001
OPCODE	C2EE	4	0.000001
OPCODE	6452	4	0.000001
OPCODE	B073	4	0.000001
OPCODE	1A13	4	0.000001
OPCODE	1C1F	4	0.000001
OPCODE	2741	4	0.000001
OPCODE	1320	4	0.000001
OPCODE	AA31	4	0.000001
OPCODE	6AF6	4	0.000001
OPCODE	6D70	4	0.000001
OPCODE	10DA	4	0.000001
OPCODE	66C6	4	0.000001
OPCODE	1E14	4	0.000001
OPCODE	B3C5	4	0.000001
OPCODE	A99A	4	0.000001
OPCODE	A999	4	0.000001
OPCODE	236A	4	0.000001
OPCODE	B285	4	0.000001
OPCODE	1E28	4	0.000001
OPCODE	66BA	4	0.000001
OPCODE	B6A9	4	0.000001
OPCODE	D099	4	0.000001
OPCODE	66B8	4	0.000001
OPCODE	C007	4	0.000001
OPCODE	B5ED	3	0.000001
OPCODE	55C3	3	0.000001
OPCODE	5680	3	0.000001
OPCODE	A461	3	0.000001
OPCODE	4879	3	0.000001
OPCODE	1D41	3	0.000001
OPCODE	1F1A	3	0.000001
OPCODE	227C	3	0.000001
OPCODE	D16A	3	0.000001
OPCODE	D96E	3	0.000001
OPCODE	4457	3	0.000001
OPCODE	B491	3	0.000001
OPCODE	0213	3	0.000001
OPCODE	22FC	3	0.000001
OPCODE	11EF	3	0.000001
OPCODE	BE85	3	0.000001
OPCODE	6F4A	3	0.000001
OPCODE	4CED	3	0.000001
OPCODE	B9EA	3	0.000001
OPCODE	67EC	3	0.000001
OPCODE	7093	3	0.000001
OPCODE	8193	3	0.000001
OPCODE	5328	3	0.000001
OPCODE	4233	3	0.000001
OPCODE	AA32	3	0.000001
OPCODE	6D4E	3	0.000001
OPCODE	642C	3	0.000001
OPCODE	A8AA	3	0.000001
OPCODE	0293	3	0.000001
OPCODE	A877	3	0.000001
OPCODE	1218	3	0.000001
OPCODE	D0D0	3	0.000001
OPCODE	30E4	3	0.000001
OPCODE	91EE	3	0.000001
OPCODE	D484	3	0.000001
OPCODE	72FC	3	0.000001
OPCODE	63EE	3	0.000001
OPCODE	3A02	3	0.000001
OPCODE	2E02	3	0.000001
OPCODE	D3AA	3	0.000001
OPCODE	2B7C	3	0.000001
OPCODE	7849	3	0.000001
OPCODE	DABC	3	0.000001
OPCODE	D2D8	3	0.000001
OPCODE	0310	3	0.000001
OPCODE	5980	3	0.000001
OPCODE	2A14	3	0.000001
OPCODE	7618	3	0.000001
OPCODE	926F	3	0.000001
OPCODE	28AB	3	0.000001
OPCODE	6E54	3	0.000001
OPCODE	4602	3	0.000001
OPCODE	48E8	3	0.000001
OPCODE	5202	3	0.000001
OPCODE	9E84	3	0.000001
OPCODE	E648	3	0.000001
OPCODE	B7EA	3	0.000001
OPCODE	A020	3	0.000001
OPCODE	620E	3	0.000001
OPCODE	6FF8	3	0.000001
OPCODE	D0EA	3	0.000001
OPCODE	D3E9	3	0.000001
OPCODE	3E01	3	0.000001
OPCODE	A90E	3	0.000001
OPCODE	A9E3	3	0.000001
OPCODE	D3C4	3	0.000001
OPCODE	63D8	3	0.000001
OPCODE	A90F	3	0.000001
OPCODE	2015	3	0.000001
OPCODE	7209	3	0.000001
OPCODE	7236	2	0.000001
OPCODE	A80C	2	0.000001
OPCODE	288A	2	0.000001
OPCODE	6F62	2	0.000001
OPCODE	DFED	2	0.000001
OPCODE	63D0	2	0.000001
OPCODE	50EA	2	0.000001
OPCODE	16C1	2	0.000001
OPCODE	A804	2	0.000001
OPCODE	08AF	2	0.000001
OPCODE	DE42	2	0.000001
OPCODE	12DB	2	0.000001
OPCODE	A128	2	0.000001
OPCODE	6F2E	2	0.000001
OPCODE	C4EE	2	0.000001
OPCODE	260A	2	0.000001
OPCODE	A346	2	0.000001
OPCODE	63F0	2	0.000001
OPCODE	12C2	2	0.000001
OPCODE	7806	2	0.000001
OPCODE	1B54	2	0.000001
OPCODE	0444	2	0.000001
OPCODE	6F6C	2	0.000001
OPCODE	5089	2	0.000001
OPCODE	3943	2	0.000001
OPCODE	6D36	2	0.000001
OPCODE	78E0	2	0.000001
OPCODE	3208	2	0.000001
OPCODE	7A9D	2	0.000001
OPCODE	A81D	2	0.000001
OPCODE	6F34	2	0.000001
OPCODE	A71E	2	0.000001
OPCODE	51AE	2	0.000001
OPCODE	342F	2	0.000001
OPCODE	03C0	2	0.000001
OPCODE	2617	2	0.000001
OPCODE	C189	2	0.000001
OPCODE	7606	2	0.000001
OPCODE	C18D	2	0.000001
OPCODE	C192	2	0.000001
OPCODE	228A	2	0.000001
OPCODE	9E6E	2	0.000001
OPCODE	E28B	2	0.000001
OPCODE	6EBA	2	0.000001
OPCODE	2609	2	0.000001
OPCODE	24D5	2	0.000001
OPCODE	20E9	2	0.000001
OPCODE	E849	2	0.000001
OPCODE	76EB	2	0.000001
OPCODE	A02B	2	0.000001
OPCODE	B0A0	2	0.000001
OPCODE	E7B8	2	0.000001
OPCODE	4641	2	0.000001
OPCODE	1540	2	0.000001
OPCODE	C0AA	2	0.000001
OPCODE	2954	2	0.000001
OPCODE	E3A8	2	0.000001
OPCODE	B141	2	0.000001
OPCODE	1F29	2	0.000001
OPCODE	C0EE	2	0.000001
OPCODE	A02F	2	0.000001
OPCODE	A000	2	0.000001
OPCODE	1F6A	2	0.000001
OPCODE	B1ED	2	0.000001
OPCODE	2A42	2	0.000001
OPCODE	0300	2	0.000001
OPCODE	1F28	2	0.000001
OPCODE	3568	2	0.000001
OPCODE	0482	2	0.000001
OPCODE	4CEA	2	0.000001
OPCODE	6EEC	2	0.000001
OPCODE	A079	2	0.000001
OPCODE	6D58	2	0.000001
OPCODE	66AE	2	0.000001
OPCODE	280F	2	0.000001
OPCODE	E09B	2	0.000001
OPCODE	2A90	2	0.000001
OPCODE	2888	2	0.000001
OPCODE	4871	2	0.000001
OPCODE	C293	2	0.000001
OPCODE	E089	2	0.000001
OPCODE	BCAC	2	0.000001
OPCODE	7C03	2	0.000001
OPCODE	E069	2	0.000001
OPCODE	B07A	2	0.000001
OPCODE	4BF9	2	0.000001
OPCODE	B2AF	2	0.000001
OPCODE	3417	2	0.000001
OPCODE	7440	2	0.000001
OPCODE	A039	2	0.000001
OPCODE	7E03	2	0.000001
OPCODE	B097	2	0.000001
OPCODE	668A	2	0.000001
OPCODE	97CA	2	0.000001
OPCODE	E059	2	0.000001
OPCODE	1403	2	0.000001
OPCODE	97AC	2	0.000001
OPCODE	9794	2	0.000001
OPCODE	1800	2	0.000001
OPCODE	2024	2	0.000001
OPCODE	B08B	2	0.000001
OPCODE	C242	2	0.000001
OPCODE	2EA9	2	0.000001
OPCODE	7032	2	0.000001
OPCODE	A95D	2	0.000001
OPCODE	219F	2	0.000001
OPCODE	A906	2	0.000001
OPCODE	10E9	2	0.000001
OPCODE	9030	2	0.000001
OPCODE	0C57	2	0.000001
OPCODE	92B8	2	0.000001
OPCODE	101A	2	0.000001
OPCODE	D1E8	2	0.000001
OPCODE	D1CE	2	0.000001
OPCODE	91CE	2	0.000001
OPCODE	EBD7	2	0.000001
OPCODE	892B	2	0.000001
OPCODE	2687	2	0.000001
OPCODE	B840	2	0.000001
OPCODE	10D1	2	0.000001
OPCODE	5497	2	0.000001
OPCODE	CD4B	2	0.000001
OPCODE	93C0	2	0.000001
OPCODE	10C2	2	0.000001
OPCODE	614C	2	0.000001
OPCODE	2E89	2	0.000001
OPCODE	AA29	2	0.000001
OPCODE	AA2B	2	0.000001
OPCODE	6B46	2	0.000001
OPCODE	AA2C	2	0.000001
OPCODE	B7D2	2	0.000001
OPCODE	A8DB	2	0.000001
OPCODE	A8DA	2	0.000001
OPCODE	1946	2	0.000001
OPCODE	A9C3	2	0.000001
OPCODE	A937	2	0.000001
OPCODE	D283	2	0.000001
OPCODE	6078	2	0.000001
OPCODE	A9A1	2	0.000001
OPCODE	116E	2	0.000001
OPCODE	3F21	2	0.000001
OPCODE	6A20	2	0.000001
OPCODE	9085	2	0.000001
OPCODE	3F32	2	0.000001
OPCODE	0CAB	2	0.000001
OPCODE	60AC	2	0.000001
OPCODE	A91F	2	0.000001
OPCODE	0081	2	0.000001
OPCODE	A91B	2	0.000001
OPCODE	D078	2	0.000001
OPCODE	205C	2	0.000001
OPCODE	594C	2	0.000001
OPCODE	594B	2	0.000001
OPCODE	1943	2	0.000001
OPCODE	D354	2	0.000001
OPCODE	A915	2	0.000001
OPCODE	D25F	2	0.000001
OPCODE	907C	2	0.000001
OPCODE	2670	2	0.000001
OPCODE	D36C	2	0.000001
OPCODE	905F	2	0.000001
OPCODE	6B20	2	0.000001
OPCODE	A9E2	2	0.000001
OPCODE	5894	2	0.000001
OPCODE	EF4A	2	0.000001
OPCODE	C82B	2	0.000001
OPCODE	BA46	2	0.000001
OPCODE	240D	2	0.000001
OPCODE	7028	2	0.000001
OPCODE	6B72	2	0.000001
OPCODE	316D	2	0.000001
OPCODE	276A	2	0.000001
OPCODE	6BD6	2	0.000001
OPCODE	3957	2	0.000001
OPCODE	5283	2	0.000001
OPCODE	3144	2	0.000001
OPCODE	22E9	2	0.000001
OPCODE	002A	2	0.000001
OPCODE	C8AE	2	0.000001
OPCODE	61D6	2	0.000001
OPCODE	2083	2	0.000001
OPCODE	B038	2	0.000001
OPCODE	0C03	2	0.000001
OPCODE	A854	2	0.000001
OPCODE	0C02	2	0.000001
OPCODE	C6C2	2	0.000001
OPCODE	6202	2	0.000001
OPCODE	5257	2	0.000001
OPCODE	5254	2	0.000001
OPCODE	80D7	2	0.000001
OPCODE	0A44	2	0.000001
OPCODE	3E14	2	0.000001
OPCODE	D66A	2	0.000001
OPCODE	6164	2	0.000001
OPCODE	7064	2	0.000001
OPCODE	82AE	2	0.000001
OPCODE	D183	2	0.000001
OPCODE	0C29	2	0.000001
OPCODE	1031	2	0.000001
OPCODE	8283	2	0.000001
OPCODE	D6D0	2	0.000001
OPCODE	1947	2	0.000001
OPCODE	18AD	2	0.000001
OPCODE	618A	2	0.000001
OPCODE	6176	2	0.000001
OPCODE	A897	2	0.000001
OPCODE	A896	2	0.000001
OPCODE	70AB	2	0.000001
OPCODE	274A	2	0.000001
OPCODE	5217	2	0.000001
OPCODE	A833	2	0.000001
OPCODE	67E4	2	0.000001
OPCODE	308B	2	0.000001
OPCODE	103C	2	0.000001
OPCODE	D7EB	2	0.000001
OPCODE	DBC2	2	0.000001
OPCODE	9A6A	1	0.000000
OPCODE	908B	1	0.000000
OPCODE	9A47	1	0.000000
OPCODE	A982	1	0.000000
OPCODE	0086	1	0.000000
OPCODE	1D6C	1	0.000000
OPCODE	B7C4	1	0.000000
OPCODE	381F	1	0.000000
OPCODE	9093	1	0.000000
OPCODE	3F08	1	0.000000
OPCODE	3F13	1	0.000000
OPCODE	90AA	1	0.000000
OPCODE	6D2C	1	0.000000
OPCODE	255F	1	0.000000
OPCODE	4647	1	0.000000
OPCODE	9154	1	0.000000
OPCODE	90C0	1	0.000000
OPCODE	B7DF	1	0.000000
OPCODE	6A56	1	0.000000
OPCODE	2893	1	0.000000
OPCODE	0028	1	0.000000
OPCODE	9885	1	0.000000
OPCODE	0069	1	0.000000
OPCODE	006E	1	0.000000
OPCODE	2768	1	0.000000
OPCODE	EB98	1	0.000000
OPCODE	93C1	1	0.000000
OPCODE	EB48	1	0.000000
OPCODE	83FC	1	0.000000
OPCODE	7E27	1	0.000000
OPCODE	82F8	1	0.000000
OPCODE	1C28	1	0.000000
OPCODE	3C2A	1	0.000000
OPCODE	8229	1	0.000000
OPCODE	81C1	1	0.000000
OPCODE	1C1B	1	0.000000
OPCODE	2752	1	0.000000
OPCODE	7E07	1	0.000000
OPCODE	6C42	1	0.000000
OPCODE	3A1C	1	0.000000
OPCODE	E9D7	1	0.000000
OPCODE	B5F3	1	0.000000
OPCODE	4294	1	0.000000
OPCODE	2778	1	0.000000
OPCODE	BA6C	1	0.000000
OPCODE	677C	1	0.000000
OPCODE	3880	1	0.000000
OPCODE	396B	1	0.000000
OPCODE	2629	1	0.000000
OPCODE	966D	1	0.000000
OPCODE	216D	1	0.000000
OPCODE	2657	1	0.000000
OPCODE	3E08	1	0.000000
OPCODE	986D	1	0.000000
OPCODE	21C2	1	0.000000
OPCODE	3E03	1	0.000000
OPCODE	986B	1	0.000000
OPCODE	2610	1	0.000000
OPCODE	6A1C	1	0.000000
OPCODE	3E02	1	0.000000
OPCODE	E847	1	0.000000
OPCODE	EE98	1	0.000000
OPCODE	41D3	1	0.000000
OPCODE	382B	1	0.000000
OPCODE	26AE	1	0.000000
OPCODE	EDA8	1	0.000000
OPCODE	02AC	1	0.000000
OPCODE	382D	1	0.000000
OPCODE	6928	1	0.000000
OPCODE	8A40	1	0.000000
OPCODE	EC88	1	0.000000
OPCODE	EC08	1	0.000000
OPCODE	6926	1	0.000000
OPCODE	6CF8	1	0.000000
OPCODE	B441	1	0.000000
OPCODE	56EF	1	0.000000
OPCODE	7035	1	0.000000
OPCODE	3000	1	0.000000
OPCODE	CE45	1	0.000000
OPCODE	CE46	1	0.000000
OPCODE	CEAC	1	0.000000
OPCODE	237C	1	0.000000
OPCODE	56D8	1	0.000000
OPCODE	6138	1	0.000000
OPCODE	CFFC	1	0.000000
OPCODE	2C4F	1	0.000000
OPCODE	AA1E	1	0.000000
OPCODE	AA0E	1	0.000000
OPCODE	AA0D	1	0.000000
OPCODE	AA08	1	0.000000
OPCODE	AA07	1	0.000000
OPCODE	A909	1	0.000000
OPCODE	584A	1	0.000000
OPCODE	2F42	1	0.000000
OPCODE	0C86	1	0.000000
OPCODE	7017	1	0.000000
OPCODE	2D74	1	0.000000
OPCODE	7068	1	0.000000
OPCODE	617E	1	0.000000
OPCODE	20AB	1	0.000000
OPCODE	5351	1	0.000000
OPCODE	7085	1	0.000000
OPCODE	D730	1	0.000000
OPCODE	AA41	1	0.000000
OPCODE	234B	1	0.000000
OPCODE	700B	1	0.000000
OPCODE	3068	1	0.000000
OPCODE	CBC3	1	0.000000
OPCODE	D3C3	1	0.000000
OPCODE	CC42	1	0.000000
OPCODE	705D	1	0.000000
OPCODE	705C	1	0.000000
OPCODE	3024	1	0.000000
OPCODE	705B	1	0.000000
OPCODE	548C	1	0.000000
OPCODE	7038	1	0.000000
OPCODE	5494	1	0.000000
OPCODE	CDFC	1	0.000000
OPCODE	554C	1	0.000000
OPCODE	2E82	1	0.000000
OPCODE	A958	1	0.000000
OPCODE	5D88	1	0.000000
OPCODE	A95F	1	0.000000
OPCODE	D1D0	1	0.000000
OPCODE	A969	1	0.000000
OPCODE	5E80	1	0.000000
OPCODE	D1C5	1	0.000000
OPCODE	2EAB	1	0.000000
OPCODE	A96E	1	0.000000
OPCODE	7029	1	0.000000
OPCODE	5C89	1	0.000000
OPCODE	2E81	1	0.000000
OPCODE	1034	1	0.000000
OPCODE	A991	1	0.000000
OPCODE	2E0C	1	0.000000
OPCODE	A97C	1	0.000000
OPCODE	D154	1	0.000000
OPCODE	A97D	1	0.000000
OPCODE	A98B	1	0.000000
OPCODE	A981	1	0.000000
OPCODE	A983	1	0.000000
OPCODE	5BC6	1	0.000000
OPCODE	A9D2	1	0.000000
OPCODE	A9CE	1	0.000000
OPCODE	A913	1	0.000000
OPCODE	A9CD	1	0.000000
OPCODE	5948	1	0.000000
OPCODE	A9C8	1	0.000000
OPCODE	701B	1	0.000000
OPCODE	5BC0	1	0.000000
OPCODE	6090	1	0.000000
OPCODE	5BC2	1	0.000000
OPCODE	70C0	1	0.000000
OPCODE	D294	1	0.000000
OPCODE	2F24	1	0.000000
OPCODE	A92A	1	0.000000
OPCODE	A92D	1	0.000000
OPCODE	607A	1	0.000000
OPCODE	5C47	1	0.000000
OPCODE	2E06	1	0.000000
OPCODE	A954	1	0.000000
OPCODE	A956	1	0.000000
OPCODE	2369	1	0.000000
OPCODE	4A57	1	0.000000
OPCODE	9FC0	1	0.000000
OPCODE	760A	1	0.000000
OPCODE	6E72	1	0.000000
OPCODE	356A	1	0.000000
OPCODE	E28C	1	0.000000
OPCODE	24A9	1	0.000000
OPCODE	07B2	1	0.000000
OPCODE	20E4	1	0.000000
OPCODE	E246	1	0.000000
OPCODE	C1C3	1	0.000000
OPCODE	B102	1	0.000000
OPCODE	07F2	1	0.000000
OPCODE	A03B	1	0.000000
OPCODE	A051	1	0.000000
OPCODE	E18A	1	0.000000
OPCODE	A058	1	0.000000
OPCODE	A059	1	0.000000
OPCODE	4AAF	1	0.000000
OPCODE	1413	1	0.000000
OPCODE	A05E	1	0.000000
OPCODE	A05F	1	0.000000
OPCODE	162A	1	0.000000
OPCODE	7A0E	1	0.000000
OPCODE	2264	1	0.000000
OPCODE	B298	1	0.000000
OPCODE	E587	1	0.000000
OPCODE	780C	1	0.000000
OPCODE	9C6A	1	0.000000
OPCODE	3741	1	0.000000
OPCODE	66B4	1	0.000000
OPCODE	6D7C	1	0.000000
OPCODE	0646	1	0.000000
OPCODE	E14F	1	0.000000
OPCODE	76F7	1	0.000000
OPCODE	36AA	1	0.000000
OPCODE	9E40	1	0.000000
OPCODE	B1EF	1	0.000000
OPCODE	066D	1	0.000000
OPCODE	C09F	1	0.000000
OPCODE	49C2	1	0.000000
OPCODE	49D0	1	0.000000
OPCODE	E38D	1	0.000000
OPCODE	2957	1	0.000000
OPCODE	20AD	1	0.000000
OPCODE	3154	1	0.000000
OPCODE	D9C8	1	0.000000
OPCODE	D9C7	1	0.000000
OPCODE	D9C2	1	0.000000
OPCODE	6206	1	0.000000
OPCODE	D96A	1	0.000000
OPCODE	D938	1	0.000000
OPCODE	A86F	1	0.000000
OPCODE	61E6	1	0.000000
OPCODE	526F	1	0.000000
OPCODE	6234	1	0.000000
OPCODE	240B	1	0.000000
OPCODE	D884	1	0.000000
OPCODE	1213	1	0.000000
OPCODE	A87D	1	0.000000
OPCODE	A87E	1	0.000000
OPCODE	A87F	1	0.000000
OPCODE	6188	1	0.000000
OPCODE	309F	1	0.000000
OPCODE	309A	1	0.000000
OPCODE	C9C3	1	0.000000
OPCODE	A746	1	0.000000
OPCODE	248B	1	0.000000
OPCODE	C27C	1	0.000000
OPCODE	6F1E	1	0.000000
OPCODE	7245	1	0.000000
OPCODE	6F28	1	0.000000
OPCODE	3292	1	0.000000
OPCODE	6498	1	0.000000
OPCODE	C342	1	0.000000
OPCODE	6F3C	1	0.000000
OPCODE	C3EE	1	0.000000
OPCODE	9A7C	1	0.000000
OPCODE	A801	1	0.000000
OPCODE	A805	1	0.000000
OPCODE	A807	1	0.000000
OPCODE	31EB	1	0.000000
OPCODE	51C5	1	0.000000
OPCODE	6322	1	0.000000
OPCODE	08D0	1	0.000000
OPCODE	2064	1	0.000000
OPCODE	A84A	1	0.000000
