CONFIG_END	pc	cacr	tc
CONFIG_END	00033A66	80008000	0000C000
ENABLED_CYCLES	ic	dc	mmu
ENABLED_CYCLES	1304100000	1304100000	1304100000
SUMMARY	cycles	dispatches	clocks_per_dispatch	rd_accept_samples	look_hit_cycles	ipred_hit_cycles
SUMMARY	1304100000	196129472	6.649179	196469651	309451736	18570108
STATE	id	cycles	entries	percent
STATE	3	211628750	43188417	16.227954
STATE	4	97745021	85464858	7.495209
STATE	5	503283	503283	0.038592
STATE	8	63321718	37406176	4.855588
STATE	9	390318380	73555807	29.930096
STATE	10	129363208	50721067	9.919731
STATE	11	17621227	17621227	1.351217
STATE	13	15148289	15117819	1.161590
STATE	15	6360674	6360674	0.487744
STATE	16	1819314	1819314	0.139507
STATE	17	489801	489801	0.037559
STATE	18	4532	4532	0.000348
STATE	19	11565644	11565644	0.886868
STATE	20	66267126	66267126	5.081445
STATE	21	1656642	1656642	0.127033
STATE	22	8977567	8977567	0.688411
STATE	23	2286424	2286424	0.175326
STATE	24	3945362	3945362	0.302535
STATE	26	7164448	7164448	0.549379
STATE	27	4858176	4858176	0.372531
STATE	28	14072272	14072272	1.079079
STATE	29	2359	2359	0.000181
STATE	30	2075044	224806	0.159117
STATE	31	110	110	0.000008
STATE	34	3110017	1725052	0.238480
STATE	35	1730273	1730273	0.132679
STATE	36	1730273	1730273	0.132679
STATE	37	1730273	1730273	0.132679
STATE	38	5221	5221	0.000400
STATE	39	1730273	1730273	0.132679
STATE	41	1730273	1730273	0.132679
STATE	42	1730273	1730273	0.132679
STATE	43	43094	43094	0.003305
STATE	44	43094	43094	0.003305
STATE	45	43094	43094	0.003305
STATE	46	43094	43094	0.003305
STATE	47	43094	43094	0.003305
STATE	48	7978	7978	0.000612
STATE	49	473	473	0.000036
STATE	51	3127178	3126705	0.239796
STATE	52	1604650	1604650	0.123047
STATE	53	422821	422511	0.032422
STATE	55	2653202	2653202	0.203451
STATE	56	2711065	2711065	0.207888
STATE	57	631641	631641	0.048435
STATE	58	821936	821936	0.063027
STATE	59	59017	59017	0.004525
STATE	62	2500215	2500215	0.191720
STATE	65	2500212	2500212	0.191719
STATE	68	4040062	4040062	0.309797
STATE	69	2905350	2905350	0.222786
STATE	70	15230935	15230935	1.167927
STATE	78	4687	4687	0.000359
STATE	79	4687	4687	0.000359
STATE	81	135138	135138	0.010363
STATE	82	110479	74735	0.008472
STATE	87	30272	30272	0.002321
STATE	89	66629	66629	0.005109
STATE	90	66629	66629	0.005109
STATE	91	66629	66629	0.005109
STATE	92	66629	66629	0.005109
STATE	96	66629	66629	0.005109
STATE	97	66629	66629	0.005109
STATE	98	198375	198375	0.015212
STATE	99	2359	2359	0.000181
STATE	102	1134712	1134712	0.087011
STATE	103	1696	1696	0.000130
STATE	104	1696	1696	0.000130
STATE	106	22302	7434	0.001710
STATE	107	2177507	30272	0.166974
STATE	112	213633	213633	0.016382
STATE	113	213633	213633	0.016382
STATE	114	10633	10633	0.000815
STATE	115	2500	2500	0.000192
STATE	116	10633	10633	0.000815
STATE	117	203000	203000	0.015566
STATE	118	203000	203000	0.015566
STATE	119	3432	3432	0.000263
STATE	120	203000	203000	0.015566
STATE	121	69058	69058	0.005295
STATE	122	27	27	0.000002
STATE	129	2518	2518	0.000193
STATE	130	213633	213633	0.016382
STATE	131	213633	213633	0.016382
STATE	132	69058	69058	0.005295
STATE	133	12017702	91060	0.921532
STATE	134	930	930	0.000071
STATE	135	930	930	0.000071
STATE	136	930	930	0.000071
STATE	137	930	930	0.000071
STATE	151	10460	10460	0.000802
STATE	152	18	18	0.000001
STATE	153	22316711	11741438	1.711273
STATE	154	214	214	0.000016
STATE	155	7838035	7838035	0.601030
STATE	156	44460	44460	0.003409
STATE	157	36667	36667	0.002812
STATE	158	5716269	5716269	0.438331
STATE	160	34452904	11666052	2.641891
STATE	161	3024549	3024549	0.231926
STATE	162	74197	42451	0.005690
STATE	163	21581	21581	0.001655
STATE	164	90964	90964	0.006975
STATE	165	234937	234937	0.018015
STATE	167	65	65	0.000005
STATE	171	18	18	0.000001
STATE	173	11196	11196	0.000859
STATE	175	5636	129	0.000432
STATE	176	739	19	0.000057
STATE	177	15689	15689	0.001203
STATE	178	31597742	13838400	2.422954
STATE	179	12108600	12108600	0.928502
STATE	180	1729800	1729800	0.132643
STATE	181	36720	36720	0.002816
STATE	182	67873	67873	0.005205
STATE	183	67873	67873	0.005205
STATE	190	53089526	31628059	4.070970
STATE	191	5240	5221	0.000402
STATE	250	3500368	3396479	0.268413
MEM	name	value
MEM	mrd_cycles_cst0	162103392
MEM	mrd_cycles_cst1	40951983
MEM	mrd_cycles_cst4	156936119
MEM	mrd_cycles_cst5	10980715
MEM	mrd_cycles_cst6	19346171
MEM	mwr_cycles_cst0	66991916
MEM	mwr_cycles_cst1	5695841
MEM	mwr_cycles_cst4	41851944
MEM	mwr_cycles_cst5	8200351
MEM	mwr_cycles_cst6	6623156
MEM	mrd_cycles_sb_pending	35350655
MEM	mwr_cycles_sb_pending	31062841
MEM	data_tagwrite_entries	11352320
MEM	instr_tagwrite_entries	24470943
MEM	sb_push_signal_samples	50836102
MEM	sb_full_request_samples	1
MEM	read_with_store_pending_samples	6096155
MEM	pass_cycles_write	53219972
MEM	pass_cycles_read	17242036
REFILL_META	clock_sample	post_eval_rising_edge
REFILL_META	duration	C_FILL_through_C_TAGW_complete_bracket_spans_only
REFILL_META	mrd_overlap	core_state_9_and_C_FILL_same_sample
REFILL_META	states	issued_is_registered_state_local_match_is_combinational_setup_is_neither
REFILL_PARTIAL	start	0
REFILL_PARTIAL	end	0
REFILL_PARTIAL	aborted	0
REFILL_REGION	bank	region	fill_entries	fill_samples	tagwrite_samples	issued_state_samples	local_match_samples	setup_state_samples	mrd_overlap_samples	completed
REFILL_REGION	data	ram	10799090	107777528	10799090	64581168	32512088	10684272	88815977	10799090
REFILL_REGION	data	rom	553230	5120668	553230	2907748	0	2212920	2430787	553230
REFILL_REGION	instruction	ram	16632438	169611171	16632438	103081419	49896421	16633331	42294840	16632438
REFILL_REGION	instruction	rom	7838505	80148449	7838505	48794429	0	31354020	23394515	7838505
REFILL_SAMPLE	bank	region	fill_cnt	r_issued	fill_acked	clocks
REFILL_SAMPLE	data	ram	0	0	0	10799090
REFILL_SAMPLE	data	ram	0	1	0	64580715
REFILL_SAMPLE	data	ram	1	0	0	1382696
REFILL_SAMPLE	data	ram	1	0	1	9416394
REFILL_SAMPLE	data	ram	1	1	0	82
REFILL_SAMPLE	data	ram	1	1	1	69
REFILL_SAMPLE	data	ram	2	0	1	10799090
REFILL_SAMPLE	data	ram	2	1	1	151
REFILL_SAMPLE	data	ram	3	0	1	10799090
REFILL_SAMPLE	data	ram	3	1	1	151
REFILL_SAMPLE	data	rom	0	0	0	553230
REFILL_SAMPLE	data	rom	0	1	0	1248058
REFILL_SAMPLE	data	rom	1	0	0	99
REFILL_SAMPLE	data	rom	1	0	1	553131
REFILL_SAMPLE	data	rom	1	1	0	99
REFILL_SAMPLE	data	rom	1	1	1	553131
REFILL_SAMPLE	data	rom	2	0	1	553230
REFILL_SAMPLE	data	rom	2	1	1	553230
REFILL_SAMPLE	data	rom	3	0	1	553230
REFILL_SAMPLE	data	rom	3	1	1	553230
REFILL_SAMPLE	instruction	ram	0	0	0	16632438
REFILL_SAMPLE	instruction	ram	0	1	0	103080396
REFILL_SAMPLE	instruction	ram	1	0	1	16632438
REFILL_SAMPLE	instruction	ram	1	1	1	341
REFILL_SAMPLE	instruction	ram	2	0	1	16632438
REFILL_SAMPLE	instruction	ram	2	1	1	341
REFILL_SAMPLE	instruction	ram	3	0	1	16632438
REFILL_SAMPLE	instruction	ram	3	1	1	341
REFILL_SAMPLE	instruction	rom	0	0	0	7838505
REFILL_SAMPLE	instruction	rom	0	1	0	25278914
REFILL_SAMPLE	instruction	rom	1	0	1	7838505
REFILL_SAMPLE	instruction	rom	1	1	1	7838505
REFILL_SAMPLE	instruction	rom	2	0	1	7838505
REFILL_SAMPLE	instruction	rom	2	1	1	7838505
REFILL_SAMPLE	instruction	rom	3	0	1	7838505
REFILL_SAMPLE	instruction	rom	3	1	1	7838505
REFILL_DURATION	bank	region	clocks	complete_fills
REFILL_DURATION	data	ram	5	115271
REFILL_DURATION	instruction	ram	5	130
REFILL_DURATION	data	rom	9	205882
REFILL_DURATION	instruction	rom	9	29581
REFILL_DURATION	data	ram	11	10351958
REFILL_DURATION	data	rom	11	347216
REFILL_DURATION	instruction	ram	11	14518828
REFILL_DURATION	instruction	rom	11	6750093
REFILL_DURATION	data	ram	12	215632
REFILL_DURATION	data	rom	12	132
REFILL_DURATION	instruction	ram	12	1178718
REFILL_DURATION	instruction	rom	12	603105
REFILL_DURATION	data	ram	13	86372
REFILL_DURATION	instruction	ram	13	755069
REFILL_DURATION	instruction	rom	13	330831
REFILL_DURATION	data	ram	14	29702
REFILL_DURATION	instruction	ram	14	149918
REFILL_DURATION	instruction	rom	14	63738
REFILL_DURATION	data	ram	15	45
REFILL_DURATION	instruction	ram	15	239
REFILL_DURATION	data	ram	16	85
REFILL_DURATION	instruction	ram	16	29376
REFILL_DURATION	instruction	rom	16	29640
REFILL_DURATION	data	ram	17	11
REFILL_DURATION	instruction	ram	17	65
REFILL_DURATION	instruction	rom	17	2239
REFILL_DURATION	data	ram	18	11
REFILL_DURATION	instruction	ram	18	28
REFILL_DURATION	instruction	rom	18	29278
REFILL_DURATION	data	ram	19	3
REFILL_DURATION	instruction	ram	19	64
REFILL_DURATION	instruction	ram	20	3
CACHE_STATE	id	cycles	percent
CACHE_STATE	0	739995130	56.743741
CACHE_STATE	1	83506103	6.403351
CACHE_STATE	4	362657816	27.809050
CACHE_STATE	5	35823263	2.746972
CACHE_STATE	6	70462008	5.403114
CACHE_STATE	7	11655680	0.893772
TRANSITION	from	to	count
TRANSITION	3	4	43187737
TRANSITION	3	34	680
TRANSITION	4	3	11023737
TRANSITION	4	8	6493909
TRANSITION	4	9	7191844
TRANSITION	4	10	556139
TRANSITION	4	11	5700520
TRANSITION	4	13	800950
TRANSITION	4	20	26530637
TRANSITION	4	34	1687179
TRANSITION	4	43	43094
TRANSITION	4	48	6306
TRANSITION	4	51	609499
TRANSITION	4	53	65493
TRANSITION	4	62	1626528
TRANSITION	4	65	356846
TRANSITION	4	68	2728915
TRANSITION	4	78	4687
TRANSITION	4	81	59945
TRANSITION	4	87	30272
TRANSITION	4	89	64049
TRANSITION	4	98	137912
TRANSITION	4	104	1672
TRANSITION	4	106	7434
TRANSITION	4	112	210798
TRANSITION	4	133	91060
TRANSITION	4	134	930
TRANSITION	4	153	18989
TRANSITION	4	167	65
TRANSITION	4	181	942
TRANSITION	4	190	16242858
TRANSITION	4	250	3171649
TRANSITION	5	3	135345
TRANSITION	5	4	175638
TRANSITION	5	20	191585
TRANSITION	5	51	3
TRANSITION	5	53	4
TRANSITION	5	56	53
TRANSITION	5	181	575
TRANSITION	5	190	80
TRANSITION	8	13	13606440
TRANSITION	8	15	4322555
TRANSITION	8	16	1812340
TRANSITION	8	18	4532
TRANSITION	8	19	11565644
TRANSITION	8	20	2636810
TRANSITION	8	48	1672
TRANSITION	8	51	1030887
TRANSITION	8	53	91544
TRANSITION	8	62	814665
TRANSITION	8	68	1311147
TRANSITION	8	81	75193
TRANSITION	8	89	2580
TRANSITION	8	98	60463
TRANSITION	8	104	24
TRANSITION	8	112	2835
TRANSITION	8	153	28476
TRANSITION	8	157	22680
TRANSITION	8	177	15689
TRANSITION	9	3	12255077
TRANSITION	9	4	10158120
TRANSITION	9	8	118934
TRANSITION	9	10	8666748
TRANSITION	9	11	1058946
TRANSITION	9	13	128754
TRANSITION	9	15	516960
TRANSITION	9	17	489801
TRANSITION	9	20	13544198
TRANSITION	9	23	2286325
TRANSITION	9	27	4858176
TRANSITION	9	28	1417
TRANSITION	9	42	1730273
TRANSITION	9	44	43094
TRANSITION	9	45	43094
TRANSITION	9	46	43094
TRANSITION	9	49	473
TRANSITION	9	51	411494
TRANSITION	9	53	23332
TRANSITION	9	55	552
TRANSITION	9	56	61187
TRANSITION	9	62	29542
TRANSITION	9	65	723879
TRANSITION	9	70	2020491
TRANSITION	9	118	202988
TRANSITION	9	119	3432
TRANSITION	9	136	930
TRANSITION	9	137	930
TRANSITION	9	153	1543793
TRANSITION	9	160	5716251
TRANSITION	9	162	15922
TRANSITION	9	165	42973
TRANSITION	9	171	18
TRANSITION	9	175	129
TRANSITION	9	181	4153
TRANSITION	9	190	6609064
TRANSITION	9	250	201263
TRANSITION	10	3	4243389
TRANSITION	10	4	7289558
TRANSITION	10	9	2694434
TRANSITION	10	13	388916
TRANSITION	10	20	9635350
TRANSITION	10	36	1730273
TRANSITION	10	37	1730273
TRANSITION	10	38	5221
TRANSITION	10	39	1730273
TRANSITION	10	51	231126
TRANSITION	10	52	1604650
TRANSITION	10	53	69884
TRANSITION	10	55	147371
TRANSITION	10	56	1068369
TRANSITION	10	57	631641
TRANSITION	10	62	29457
TRANSITION	10	65	235562
TRANSITION	10	70	9170382
TRANSITION	10	96	66629
TRANSITION	10	122	27
TRANSITION	10	153	18605
TRANSITION	10	161	3024549
TRANSITION	10	162	15824
TRANSITION	10	165	143973
TRANSITION	10	176	19
TRANSITION	10	181	4234
TRANSITION	10	183	67873
TRANSITION	10	190	4719638
TRANSITION	10	250	23567
TRANSITION	11	8	13622685
TRANSITION	11	26	2468909
TRANSITION	11	55	1133583
TRANSITION	11	56	204783
TRANSITION	11	58	117
TRANSITION	11	59	95
TRANSITION	11	102	757
TRANSITION	11	117	179800
TRANSITION	11	151	10460
TRANSITION	11	152	18
TRANSITION	11	155	20
TRANSITION	13	3	329698
TRANSITION	13	4	715486
TRANSITION	13	9	3734611
TRANSITION	13	10	826928
TRANSITION	13	20	1116977
TRANSITION	13	22	492752
TRANSITION	13	26	1605947
TRANSITION	13	51	607
TRANSITION	13	53	74
TRANSITION	13	55	2653
TRANSITION	13	56	519660
TRANSITION	13	62	2
TRANSITION	13	102	1133751
TRANSITION	13	117	23200
TRANSITION	13	135	930
TRANSITION	13	153	4543
TRANSITION	13	155	4609736
TRANSITION	13	181	152
TRANSITION	13	190	112
TRANSITION	15	8	1812340
TRANSITION	15	9	339864
TRANSITION	15	16	6974
TRANSITION	15	22	1
TRANSITION	15	26	517687
TRANSITION	15	55	91813
TRANSITION	15	56	29817
TRANSITION	15	58	334058
TRANSITION	15	155	3228120
TRANSITION	16	9	489801
TRANSITION	16	22	1328954
TRANSITION	16	55	165
TRANSITION	16	58	394
TRANSITION	17	8	4532
TRANSITION	17	22	11334
TRANSITION	17	26	703
TRANSITION	17	55	28859
TRANSITION	17	56	443820
TRANSITION	17	58	394
TRANSITION	17	155	159
TRANSITION	18	22	1275
TRANSITION	18	26	152
TRANSITION	18	58	3105
TRANSITION	19	22	7143251
TRANSITION	19	26	2571050
TRANSITION	19	55	1189393
TRANSITION	19	56	118956
TRANSITION	19	58	483868
TRANSITION	19	59	58922
TRANSITION	19	102	204
TRANSITION	20	8	15315407
TRANSITION	20	9	32210436
TRANSITION	20	10	7782287
TRANSITION	20	11	1375033
TRANSITION	20	15	1521159
TRANSITION	20	21	1656642
TRANSITION	20	24	2389
TRANSITION	20	28	2682420
TRANSITION	20	190	3721353
TRANSITION	21	24	1656642
TRANSITION	22	9	8977567
TRANSITION	23	3	4
TRANSITION	23	20	23
TRANSITION	23	24	2286331
TRANSITION	23	53	10
TRANSITION	23	190	56
TRANSITION	24	11	310051
TRANSITION	24	28	3635311
TRANSITION	26	9	2044398
TRANSITION	26	10	2547618
TRANSITION	26	28	2572432
TRANSITION	27	28	4858176
TRANSITION	28	3	238894
TRANSITION	28	4	6877781
TRANSITION	28	5	170183
TRANSITION	28	10	6084384
TRANSITION	28	13	1026
TRANSITION	28	20	21900
TRANSITION	28	29	2359
TRANSITION	28	30	223110
TRANSITION	28	51	293719
TRANSITION	28	53	29633
TRANSITION	28	65	224
TRANSITION	28	103	1696
TRANSITION	28	181	1263
TRANSITION	28	190	126100
TRANSITION	29	99	2359
TRANSITION	30	3	114
TRANSITION	30	4	96180
TRANSITION	30	13	42544
TRANSITION	30	20	40909
TRANSITION	30	31	110
TRANSITION	30	55	1
TRANSITION	30	65	5
TRANSITION	30	153	40487
TRANSITION	30	181	51
TRANSITION	30	190	4405
TRANSITION	31	4	34
TRANSITION	31	20	76
TRANSITION	34	35	1725052
TRANSITION	35	10	1730273
TRANSITION	36	10	1730273
TRANSITION	37	10	1730273
TRANSITION	38	10	5221
TRANSITION	39	41	1730273
TRANSITION	41	9	1730273
TRANSITION	42	34	473
TRANSITION	42	178	1729800
TRANSITION	43	9	43094
TRANSITION	44	9	43094
TRANSITION	45	9	43094
TRANSITION	46	47	43094
TRANSITION	47	3	23687
TRANSITION	47	181	19407
TRANSITION	48	9	7978
TRANSITION	49	181	473
TRANSITION	51	3	1169978
TRANSITION	51	4	323007
TRANSITION	51	10	1270134
TRANSITION	51	13	30313
TRANSITION	51	20	202558
TRANSITION	51	56	28742
TRANSITION	51	62	21
TRANSITION	51	153	6
TRANSITION	51	181	67
TRANSITION	51	190	101879
TRANSITION	52	3	1604446
TRANSITION	52	181	204
TRANSITION	53	3	114726
TRANSITION	53	4	210142
TRANSITION	53	13	15
TRANSITION	53	20	53370
TRANSITION	53	51	30783
TRANSITION	53	65	151
TRANSITION	53	181	23
TRANSITION	53	190	13301
TRANSITION	55	3	2621059
TRANSITION	55	4	31909
TRANSITION	55	181	233
TRANSITION	56	10	2711065
TRANSITION	57	3	631527
TRANSITION	57	181	114
TRANSITION	58	3	91230
TRANSITION	58	4	400047
TRANSITION	58	13	28813
TRANSITION	58	20	301739
TRANSITION	58	56	37
TRANSITION	58	181	70
TRANSITION	59	10	59017
TRANSITION	62	10	2500215
TRANSITION	65	9	2500212
TRANSITION	68	11	1134712
TRANSITION	68	69	2905350
TRANSITION	69	70	2905350
TRANSITION	70	3	59398
TRANSITION	70	4	1113066
TRANSITION	70	9	2020491
TRANSITION	70	10	9170382
TRANSITION	70	13	1839
TRANSITION	70	20	1585837
TRANSITION	70	51	30082
TRANSITION	70	53	40
TRANSITION	70	55	29404
TRANSITION	70	56	59012
TRANSITION	70	65	1119639
TRANSITION	70	153	10672
TRANSITION	70	181	1272
TRANSITION	70	190	29801
TRANSITION	78	79	4687
TRANSITION	79	3	68
TRANSITION	79	4	2034
TRANSITION	79	20	2585
TRANSITION	81	5	60403
TRANSITION	81	82	74735
TRANSITION	82	5	74735
TRANSITION	87	107	30272
TRANSITION	89	90	66629
TRANSITION	90	91	66629
TRANSITION	91	92	66629
TRANSITION	92	9	66629
TRANSITION	96	97	66629
TRANSITION	97	4	66385
TRANSITION	97	51	187
TRANSITION	97	53	15
TRANSITION	97	181	42
TRANSITION	98	3	164
TRANSITION	98	4	44
TRANSITION	98	5	197943
TRANSITION	98	20	224
TRANSITION	99	3	46
TRANSITION	99	4	1692
TRANSITION	99	20	376
TRANSITION	99	190	245
TRANSITION	102	70	1134712
TRANSITION	103	30	1696
TRANSITION	104	20	1696
TRANSITION	106	3	7434
TRANSITION	107	3	30272
TRANSITION	112	113	213633
TRANSITION	113	11	203000
TRANSITION	113	114	10633
TRANSITION	114	115	2500
TRANSITION	114	116	8133
TRANSITION	115	116	2500
TRANSITION	116	130	10633
TRANSITION	117	9	203000
TRANSITION	118	9	3432
TRANSITION	118	120	199568
TRANSITION	119	120	3432
TRANSITION	120	130	203000
TRANSITION	121	10	69058
TRANSITION	122	10	27
TRANSITION	129	4	2168
TRANSITION	129	20	252
TRANSITION	129	153	98
TRANSITION	130	131	213633
TRANSITION	131	3	1438
TRANSITION	131	4	135251
TRANSITION	131	20	5271
TRANSITION	131	129	2518
TRANSITION	131	132	69058
TRANSITION	131	181	26
TRANSITION	131	190	71
TRANSITION	132	121	69058
TRANSITION	133	3	91014
TRANSITION	133	181	46
TRANSITION	134	11	930
TRANSITION	135	9	930
TRANSITION	136	9	930
TRANSITION	137	51	930
TRANSITION	151	10	5239
TRANSITION	151	182	5221
TRANSITION	152	9	18
TRANSITION	153	8	15689
TRANSITION	153	11	7838035
TRANSITION	153	154	214
TRANSITION	153	156	44460
TRANSITION	153	157	13987
TRANSITION	153	158	786322
TRANSITION	153	160	3009422
TRANSITION	153	164	22113
TRANSITION	153	173	11196
TRANSITION	154	162	214
TRANSITION	155	158	4929929
TRANSITION	155	160	2881932
TRANSITION	155	162	10491
TRANSITION	155	164	15683
TRANSITION	156	160	44460
TRANSITION	157	8	22680
TRANSITION	157	160	13987
TRANSITION	158	9	5716269
TRANSITION	160	3	13
TRANSITION	160	4	2011994
TRANSITION	160	10	2916350
TRANSITION	160	20	16476
TRANSITION	160	51	5181
TRANSITION	160	153	6709828
TRANSITION	160	181	989
TRANSITION	160	191	5221
TRANSITION	161	4	512879
TRANSITION	161	10	108199
TRANSITION	161	20	773556
TRANSITION	161	56	8990
TRANSITION	161	153	1620371
TRANSITION	161	181	554
TRANSITION	162	4	111
TRANSITION	162	9	15922
TRANSITION	162	20	5336
TRANSITION	162	65	5219
TRANSITION	162	153	35
TRANSITION	162	163	15824
TRANSITION	162	181	4
TRANSITION	163	3	28
TRANSITION	163	4	253
TRANSITION	163	10	15824
TRANSITION	163	20	5476
TRANSITION	164	9	42973
TRANSITION	164	165	47991
TRANSITION	165	4	14322
TRANSITION	165	10	143973
TRANSITION	165	20	1065
TRANSITION	165	153	22398
TRANSITION	165	164	53168
TRANSITION	165	181	11
TRANSITION	167	20	65
TRANSITION	171	4	18
TRANSITION	173	4	206
TRANSITION	173	153	5233
TRANSITION	173	163	5757
TRANSITION	175	23	99
TRANSITION	175	118	12
TRANSITION	175	158	18
TRANSITION	176	5	19
TRANSITION	177	3	57
TRANSITION	177	4	5164
TRANSITION	177	20	5221
TRANSITION	177	153	5247
TRANSITION	178	179	12108600
TRANSITION	178	180	1729800
TRANSITION	179	178	12108600
TRANSITION	180	3	1729800
TRANSITION	181	34	36720
TRANSITION	182	10	67873
TRANSITION	183	4	5218
TRANSITION	183	181	3
TRANSITION	183	182	62652
TRANSITION	190	3	6785473
TRANSITION	190	4	12083356
TRANSITION	190	9	188140
TRANSITION	190	13	87971
TRANSITION	190	20	9585767
TRANSITION	190	28	322516
TRANSITION	190	51	482207
TRANSITION	190	53	141964
TRANSITION	190	55	29408
TRANSITION	190	56	148441
TRANSITION	190	65	58687
TRANSITION	190	153	1712657
TRANSITION	190	181	1472
TRANSITION	191	35	5221
TRANSITION	250	3	300
TRANSITION	250	4	45058
TRANSITION	250	9	3246373
TRANSITION	250	10	23567
TRANSITION	250	13	238
TRANSITION	250	20	1791
TRANSITION	250	53	518
TRANSITION	250	56	19198
TRANSITION	250	181	340
TRANSITION	250	190	59096
F4SITE	F4E9	0009AD6E	60491
F4SITE	F4E9	40887126	111
F4SITE	F4E9	408E9B18	160
F4SITE	F4F1	0009AD6A	352
F4SITE	F4F1	40887122	3
F4SITE	F4F8	0009AD20	17
F4SITE	F4F8	40885032	29926
F4CALL	0009AD6E	00000000	132
F4CALL	0009AD6E	00000A60	126
F4CALL	0009AD6E	00000C90	116
F4CALL	0009AD6E	0000FFFF	132
F4CALL	0009AD6E	6214FFFF	57782
F4CALL	0009AD6E	67E8FFFF	101
F4CALL	0009AD6E	95C80000	104
F4CALL	0009AD6E	E2E60000	558
F4CALL	40885032	40887824	29494
F4CALL	40885032	50300003	162
OPCODE	opcode	dispatches	percent
OPCODE	4E75	8269066	4.216126
OPCODE	F22E	4526705	2.308019
OPCODE	2008	3007322	1.533335
OPCODE	F200	2986754	1.522848
OPCODE	5343	2844171	1.450150
OPCODE	672E	2814534	1.435039
OPCODE	201B	2813555	1.434540
OPCODE	6ECA	2812668	1.434087
OPCODE	E788	2571583	1.311166
OPCODE	0C42	2505104	1.277271
OPCODE	4E56	2499917	1.274626
OPCODE	4E5E	2499914	1.274624
OPCODE	48E7	2011271	1.025481
OPCODE	4EBA	1877593	0.957323
OPCODE	241F	1805865	0.920751
OPCODE	2F02	1805606	0.920619
OPCODE	2F0A	1781329	0.908241
OPCODE	245F	1721901	0.877941
OPCODE	286E	1716092	0.874979
OPCODE	246F	1687351	0.860325
OPCODE	341A	1687179	0.860237
OPCODE	2F4A	1687179	0.860237
OPCODE	E588	1594806	0.813139
OPCODE	E589	1594023	0.812740
OPCODE	48C0	1512730	0.771292
OPCODE	4EF9	1395605	0.711573
OPCODE	205F	1349871	0.688255
OPCODE	2F70	1326032	0.676100
OPCODE	0442	1325508	0.675833
OPCODE	7000	1317690	0.671847
OPCODE	F232	1282520	0.653915
OPCODE	200C	1267209	0.646108
OPCODE	F230	1177600	0.600420
OPCODE	B0B8	1163182	0.593068
OPCODE	2F0C	1126852	0.574545
OPCODE	4CEE	1126727	0.574481
OPCODE	2E9F	1118449	0.570261
OPCODE	2F38	1037927	0.529205
OPCODE	4E71	1025940	0.523093
OPCODE	2040	1018352	0.519224
OPCODE	22D8	1011360	0.515659
OPCODE	4ED0	1003287	0.511543
OPCODE	6006	975127	0.497185
OPCODE	3043	963175	0.491091
OPCODE	6100	940366	0.479462
OPCODE	0C97	912137	0.465069
OPCODE	225F	904256	0.461051
OPCODE	6EFA	894521	0.456087
OPCODE	4CDF	890944	0.454263
OPCODE	558F	881082	0.449235
OPCODE	3003	857726	0.437326
OPCODE	2209	829824	0.423100
OPCODE	2208	826028	0.421165
OPCODE	3044	825805	0.421051
OPCODE	3045	825603	0.420948
OPCODE	6706	821592	0.418903
OPCODE	2270	809697	0.412838
OPCODE	5242	798702	0.407232
OPCODE	F212	770560	0.392883
OPCODE	2073	768105	0.391632
OPCODE	2046	768020	0.391588
OPCODE	24AE	768010	0.391583
OPCODE	3042	768000	0.391578
OPCODE	F231	768000	0.391578
OPCODE	3242	768000	0.391578
OPCODE	C0B8	740039	0.377322
OPCODE	598F	737938	0.376250
OPCODE	0240	720357	0.367286
OPCODE	0838	694134	0.353916
OPCODE	6604	681089	0.347265
OPCODE	3029	646875	0.329820
OPCODE	2F08	639155	0.325884
OPCODE	0C40	638580	0.325591
OPCODE	2F09	636324	0.324441
OPCODE	6608	626427	0.319395
OPCODE	6700	620017	0.316126
OPCODE	486E	611203	0.311632
OPCODE	266E	610465	0.311256
OPCODE	66F2	587997	0.299800
OPCODE	2055	562729	0.286917
OPCODE	2250	558245	0.284631
OPCODE	41FA	546622	0.278705
OPCODE	661C	537043	0.273821
OPCODE	4A80	535010	0.272784
OPCODE	5243	491122	0.250407
OPCODE	6602	484989	0.247280
OPCODE	2A78	470036	0.239656
OPCODE	0C6C	469737	0.239504
OPCODE	2F01	457781	0.233408
OPCODE	584F	455467	0.232228
OPCODE	5240	444185	0.226475
OPCODE	4EB0	442621	0.225678
OPCODE	4A40	428190	0.218320
OPCODE	221F	428088	0.218268
OPCODE	671A	413633	0.210898
OPCODE	2978	411876	0.210002
OPCODE	D045	411741	0.209933
OPCODE	2047	411223	0.209669
OPCODE	3004	410062	0.209077
OPCODE	27AE	409600	0.208842
OPCODE	6708	405899	0.206955
OPCODE	6000	392679	0.200214
OPCODE	2F2E	391114	0.199416
OPCODE	0C38	390540	0.199124
OPCODE	7002	381952	0.194745
OPCODE	670E	376141	0.191782
OPCODE	47FA	366292	0.186760
OPCODE	3202	365672	0.186444
OPCODE	0242	362366	0.184759
OPCODE	7600	362049	0.184597
OPCODE	6530	361736	0.184437
OPCODE	1401	361708	0.184423
OPCODE	3200	357536	0.182296
OPCODE	200B	356892	0.181968
OPCODE	6606	356651	0.181845
OPCODE	0C50	355885	0.181454
OPCODE	2070	355197	0.181103
OPCODE	204B	354841	0.180922
OPCODE	4A1F	353612	0.180295
OPCODE	102C	352994	0.179980
OPCODE	6E26	352366	0.179660
OPCODE	6D20	352364	0.179659
OPCODE	B228	352363	0.179658
OPCODE	4881	352363	0.179658
OPCODE	9228	352360	0.179657
OPCODE	E541	352357	0.179655
OPCODE	A829	351813	0.179378
OPCODE	2A40	351795	0.179369
OPCODE	4A11	351398	0.179166
OPCODE	2078	342581	0.174671
OPCODE	2478	330555	0.168539
OPCODE	61FF	329768	0.168138
OPCODE	21CA	328545	0.167514
OPCODE	21CB	328321	0.167400
OPCODE	47FB	328306	0.167392
OPCODE	47F9	328266	0.167372
OPCODE	7601	325922	0.166177
OPCODE	504F	325629	0.166028
OPCODE	206D	322255	0.164307
OPCODE	7A00	299379	0.152644
OPCODE	1A2B	298243	0.152064
OPCODE	6AF8	296998	0.151430
OPCODE	B0AC	294087	0.149945
OPCODE	285F	293906	0.149853
OPCODE	200D	293361	0.149575
OPCODE	2009	292413	0.149092
OPCODE	206E	291877	0.148819
OPCODE	4A10	290340	0.148035
OPCODE	6704	288897	0.147299
OPCODE	6600	288358	0.147024
OPCODE	4A2C	268434	0.136866
OPCODE	317C	267493	0.136386
OPCODE	202E	261445	0.133302
OPCODE	0800	255971	0.130511
OPCODE	670C	254217	0.129617
OPCODE	660E	252800	0.128894
OPCODE	B3D6	243321	0.124061
OPCODE	6426	242965	0.123880
OPCODE	6710	241838	0.123305
OPCODE	2211	240037	0.122387
OPCODE	670A	239440	0.122083
OPCODE	426E	239162	0.121941
OPCODE	548F	238433	0.121569
OPCODE	D3C1	238383	0.121544
OPCODE	C282	238382	0.121543
OPCODE	301F	236149	0.120405
OPCODE	2007	235597	0.120123
OPCODE	1D43	235209	0.119925
OPCODE	2F00	235170	0.119905
OPCODE	41ED	234942	0.119789
OPCODE	60F4	234934	0.119785
OPCODE	2D6C	234864	0.119749
OPCODE	D1C0	233261	0.118932
OPCODE	0C43	232511	0.118550
OPCODE	B66E	231426	0.117997
OPCODE	D3C0	229418	0.116973
OPCODE	6C04	219141	0.111733
OPCODE	2D40	218998	0.111660
OPCODE	2F3A	216778	0.110528
OPCODE	0C6F	216186	0.110226
OPCODE	6724	214908	0.109575
OPCODE	5088	213552	0.108883
OPCODE	2F3C	210909	0.107536
OPCODE	4267	210097	0.107122
OPCODE	262E	209581	0.106858
OPCODE	3005	209289	0.106710
OPCODE	2E00	208482	0.106298
OPCODE	226F	207777	0.105939
OPCODE	3F3C	207088	0.105587
OPCODE	D043	206959	0.105522
OPCODE	D046	206901	0.105492
OPCODE	2878	206625	0.105351
OPCODE	D044	206091	0.105079
OPCODE	2D4C	206090	0.105079
OPCODE	224A	205887	0.104975
OPCODE	A873	205523	0.104789
OPCODE	20AF	205523	0.104789
OPCODE	7400	205389	0.104721
OPCODE	3243	205169	0.104609
OPCODE	6FE0	204800	0.104421
OPCODE	7001	198279	0.101096
OPCODE	6702	189009	0.096370
OPCODE	2400	187860	0.095784
OPCODE	2840	184002	0.093817
OPCODE	6720	183933	0.093781
OPCODE	661A	183607	0.093615
OPCODE	5188	182229	0.092913
OPCODE	4278	181767	0.092677
OPCODE	2002	181596	0.092590
OPCODE	2C78	179665	0.091605
OPCODE	1F38	179600	0.091572
OPCODE	11DF	179580	0.091562
OPCODE	2F14	179541	0.091542
OPCODE	2C40	179479	0.091510
OPCODE	2849	179449	0.091495
OPCODE	D9C3	179372	0.091456
OPCODE	908E	179372	0.091456
OPCODE	200E	179311	0.091425
OPCODE	6740	179116	0.091325
OPCODE	08F8	179086	0.091310
OPCODE	662C	178583	0.091054
OPCODE	70FF	177906	0.090708
OPCODE	594F	177388	0.090444
OPCODE	602A	177096	0.090295
OPCODE	0C5F	176908	0.090200
OPCODE	6E0C	176905	0.090198
OPCODE	3EB8	176896	0.090193
OPCODE	2EB8	176590	0.090037
OPCODE	295F	176555	0.090020
OPCODE	B0AB	176472	0.089977
OPCODE	E748	176377	0.089929
OPCODE	2D5F	176236	0.089857
OPCODE	2F30	176127	0.089801
OPCODE	B9F8	176099	0.089787
OPCODE	296B	176069	0.089772
OPCODE	6674	176050	0.089762
OPCODE	A88F	176048	0.089761
OPCODE	220D	176048	0.089761
OPCODE	2A41	176048	0.089761
OPCODE	66D2	176037	0.089756
OPCODE	65F2	175937	0.089705
OPCODE	A924	175930	0.089701
OPCODE	08B8	174966	0.089209
OPCODE	286D	174044	0.088739
OPCODE	302E	167794	0.085553
OPCODE	007C	167691	0.085500
OPCODE	51C8	164299	0.083771
OPCODE	6002	157399	0.080253
OPCODE	660A	156062	0.079571
OPCODE	3028	155598	0.079334
OPCODE	662A	154071	0.078556
OPCODE	286B	153944	0.078491
OPCODE	6B3A	152698	0.077856
OPCODE	6B0C	152503	0.077756
OPCODE	2240	152387	0.077697
OPCODE	202C	151327	0.077157
OPCODE	200A	150972	0.076976
OPCODE	4FEF	150622	0.076797
OPCODE	4EB9	150514	0.076742
OPCODE	6B00	149878	0.076418
OPCODE	2051	149863	0.076410
OPCODE	6130	149147	0.076045
OPCODE	2E08	149030	0.075986
OPCODE	3038	148992	0.075966
OPCODE	2C49	148896	0.075917
OPCODE	9DE8	148813	0.075875
OPCODE	6C18	147952	0.075436
OPCODE	2050	147818	0.075368
OPCODE	2278	147796	0.075356
OPCODE	6106	147570	0.075241
OPCODE	224C	147471	0.075191
OPCODE	4A6C	147430	0.075170
OPCODE	3D47	147378	0.075143
OPCODE	4A47	147074	0.074988
OPCODE	3014	146638	0.074766
OPCODE	0C52	146584	0.074738
OPCODE	3612	146547	0.074720
OPCODE	62EA	146531	0.074711
OPCODE	43EE	139959	0.071361
OPCODE	2068	135731	0.069205
OPCODE	2038	133236	0.067933
OPCODE	6712	133182	0.067905
OPCODE	6F00	131986	0.067295
OPCODE	4E90	131608	0.067103
OPCODE	4A38	131512	0.067054
OPCODE	2010	131104	0.066846
OPCODE	206B	130293	0.066432
OPCODE	4AB8	129485	0.066020
OPCODE	4ED1	127158	0.064834
OPCODE	6734	123828	0.063136
OPCODE	0C00	123735	0.063088
OPCODE	203A	122510	0.062464
OPCODE	6008	121313	0.061854
OPCODE	2668	121155	0.061773
OPCODE	2269	120463	0.061420
OPCODE	201F	120156	0.061264
OPCODE	0C68	119991	0.061179
OPCODE	2178	119427	0.060892
OPCODE	4A28	119142	0.060747
OPCODE	6730	119067	0.060708
OPCODE	1432	118409	0.060373
OPCODE	4247	118065	0.060197
OPCODE	554F	118030	0.060180
OPCODE	082A	117994	0.060161
OPCODE	220B	117698	0.060010
OPCODE	60EA	117577	0.059949
OPCODE	321A	117483	0.059901
OPCODE	2290	117405	0.059861
OPCODE	A874	117394	0.059855
OPCODE	2453	117365	0.059841
OPCODE	B243	117357	0.059836
OPCODE	2F2D	117348	0.059832
OPCODE	6F1C	117306	0.059810
OPCODE	266D	116834	0.059570
OPCODE	4207	116824	0.059565
OPCODE	246E	116012	0.059151
OPCODE	41EE	112227	0.057221
OPCODE	41EB	107534	0.054828
OPCODE	B646	102419	0.052220
OPCODE	40E7	100759	0.051374
OPCODE	46DF	100733	0.051360
OPCODE	4A68	98240	0.050089
OPCODE	B7CC	97073	0.049494
OPCODE	6622	97046	0.049481
OPCODE	2054	95792	0.048841
OPCODE	40C0	95465	0.048674
OPCODE	51CA	95461	0.048672
OPCODE	B280	95424	0.048654
OPCODE	660C	94703	0.048286
OPCODE	6618	94507	0.048186
OPCODE	2678	94276	0.048068
OPCODE	66F0	94008	0.047932
OPCODE	0801	93819	0.047835
OPCODE	2028	93657	0.047753
OPCODE	43E9	92949	0.047392
OPCODE	2F0B	92820	0.047326
OPCODE	6620	92784	0.047308
OPCODE	4A50	92598	0.047213
OPCODE	0829	92428	0.047126
OPCODE	6500	91978	0.046897
OPCODE	4EFB	91924	0.046869
OPCODE	663A	91822	0.046817
OPCODE	6004	91657	0.046733
OPCODE	0C80	91611	0.046709
OPCODE	43F8	91190	0.046495
OPCODE	4A43	90676	0.046233
OPCODE	6732	90403	0.046094
OPCODE	672A	90276	0.046029
OPCODE	4A00	90261	0.046021
OPCODE	6614	89808	0.045790
OPCODE	2640	89593	0.045681
OPCODE	1003	89474	0.045620
OPCODE	2014	88964	0.045360
OPCODE	41EA	88858	0.045306
OPCODE	3E1F	88817	0.045285
OPCODE	45FA	88681	0.045216
OPCODE	5540	88648	0.045199
OPCODE	5C4F	88561	0.045154
OPCODE	6026	88499	0.045123
OPCODE	08D1	88455	0.045100
OPCODE	2F07	88430	0.045088
OPCODE	486B	88417	0.045081
OPCODE	B093	88334	0.045039
OPCODE	4AAD	88077	0.044908
OPCODE	67F2	88047	0.044892
OPCODE	266C	88038	0.044888
OPCODE	6C12	87978	0.044857
OPCODE	4A53	87967	0.044851
OPCODE	2F0F	87958	0.044847
OPCODE	D4C7	87939	0.044837
OPCODE	4250	87924	0.044830
OPCODE	7004	87843	0.044788
OPCODE	B0AD	87410	0.044567
OPCODE	4A6D	87371	0.044548
OPCODE	1D47	87324	0.044524
OPCODE	C1FC	83562	0.042606
OPCODE	302C	79039	0.040299
OPCODE	C029	75746	0.038620
OPCODE	4880	75542	0.038516
OPCODE	4E7B	74735	0.038105
OPCODE	2448	73823	0.037640
OPCODE	0281	73514	0.037482
OPCODE	1080	72966	0.037203
OPCODE	203C	72138	0.036781
OPCODE	102E	71553	0.036483
OPCODE	3018	70997	0.036199
OPCODE	E9D0	70331	0.035859
OPCODE	2006	69726	0.035551
OPCODE	5382	69332	0.035350
OPCODE	D685	69293	0.035330
OPCODE	EFD1	69015	0.035188
OPCODE	DC84	68690	0.035023
OPCODE	2037	68688	0.035022
OPCODE	42AE	68652	0.035003
OPCODE	5340	67967	0.034654
OPCODE	B1CB	67959	0.034650
OPCODE	700C	67848	0.034593
OPCODE	76FF	66272	0.033790
OPCODE	46C0	66242	0.033775
OPCODE	6F04	66195	0.033751
OPCODE	222E	65807	0.033553
OPCODE	674C	65030	0.033157
OPCODE	0280	64355	0.032813
OPCODE	2251	64207	0.032737
OPCODE	3228	63593	0.032424
OPCODE	41F8	63349	0.032300
OPCODE	6E0A	63048	0.032146
OPCODE	4A05	63025	0.032134
OPCODE	42A8	62780	0.032009
OPCODE	204C	62744	0.031991
OPCODE	600A	62219	0.031723
OPCODE	2229	62105	0.031665
OPCODE	2469	61859	0.031540
OPCODE	4AAE	61847	0.031534
OPCODE	2215	61667	0.031442
OPCODE	60FF	61491	0.031352
OPCODE	6716	61057	0.031131
OPCODE	3238	60785	0.030992
OPCODE	F4E9	60762	0.030981
OPCODE	3010	60753	0.030976
OPCODE	0CAF	60690	0.030944
OPCODE	2E2E	60539	0.030867
OPCODE	B058	60456	0.030825
OPCODE	4E7A	60403	0.030798
OPCODE	7201	60390	0.030791
OPCODE	20D9	60286	0.030738
OPCODE	4A07	59878	0.030530
OPCODE	6626	59875	0.030528
OPCODE	4AAB	59863	0.030522
OPCODE	C2B8	59746	0.030463
OPCODE	2940	59739	0.030459
OPCODE	2253	59724	0.030451
OPCODE	3013	59535	0.030355
OPCODE	3232	59495	0.030335
OPCODE	3F2E	59469	0.030321
OPCODE	2F2F	59410	0.030291
OPCODE	508F	59308	0.030239
OPCODE	244B	59292	0.030231
OPCODE	6752	59286	0.030228
OPCODE	B06C	59249	0.030209
OPCODE	4A5F	59247	0.030208
OPCODE	6016	59225	0.030197
OPCODE	57C3	59195	0.030182
OPCODE	41E8	59189	0.030179
OPCODE	600E	59161	0.030164
OPCODE	4403	59103	0.030135
OPCODE	3F06	59055	0.030110
OPCODE	2F28	59054	0.030110
OPCODE	6638	59051	0.030108
OPCODE	B7FC	59044	0.030105
OPCODE	7006	59033	0.030099
OPCODE	DFC0	58961	0.030062
OPCODE	302D	58958	0.030061
OPCODE	0247	58934	0.030049
OPCODE	4878	58919	0.030041
OPCODE	2C00	58911	0.030037
OPCODE	4869	58908	0.030035
OPCODE	3D5F	58881	0.030021
OPCODE	6B12	58828	0.029994
OPCODE	663C	58824	0.029992
OPCODE	6632	58819	0.029990
OPCODE	7010	58779	0.029969
OPCODE	207A	58771	0.029965
OPCODE	6746	58771	0.029965
OPCODE	08AA	58755	0.029957
OPCODE	A049	58739	0.029949
OPCODE	0647	58732	0.029946
OPCODE	2238	58717	0.029938
OPCODE	6636	58713	0.029936
OPCODE	3218	58698	0.029928
OPCODE	2450	58694	0.029926
OPCODE	2D6D	58688	0.029923
OPCODE	62EC	58664	0.029911
OPCODE	6634	58660	0.029909
OPCODE	676A	58659	0.029908
OPCODE	2A81	58659	0.029908
OPCODE	4A52	58655	0.029906
OPCODE	7012	58652	0.029905
OPCODE	C078	58647	0.029902
OPCODE	260C	58647	0.029902
OPCODE	1141	58638	0.029898
OPCODE	4254	58636	0.029897
OPCODE	D8FC	58633	0.029895
OPCODE	1178	58632	0.029895
OPCODE	3F7A	58632	0.029895
OPCODE	1F05	58628	0.029892
OPCODE	1D5F	58627	0.029892
OPCODE	4A54	58623	0.029890
OPCODE	E359	58620	0.029888
OPCODE	5D43	58617	0.029887
OPCODE	303A	58615	0.029886
OPCODE	103A	58612	0.029884
OPCODE	677E	58612	0.029884
OPCODE	D0A9	58606	0.029881
OPCODE	675A	58603	0.029880
OPCODE	5543	58603	0.029880
OPCODE	70FC	58336	0.029744
OPCODE	224B	58326	0.029739
OPCODE	6C08	58199	0.029674
OPCODE	1EBC	58140	0.029644
OPCODE	B054	58131	0.029639
OPCODE	B051	57818	0.029480
OPCODE	38BC	57668	0.029403
OPCODE	C0A9	57386	0.029259
OPCODE	6722	55805	0.028453
OPCODE	6718	55505	0.028300
OPCODE	9082	55292	0.028192
OPCODE	25AE	55020	0.028053
OPCODE	422E	52597	0.026817
OPCODE	4258	49406	0.025191
OPCODE	5380	49174	0.025072
OPCODE	4840	48612	0.024786
OPCODE	D1C1	45971	0.023439
OPCODE	2210	45283	0.023088
OPCODE	5244	44976	0.022932
OPCODE	0640	44958	0.022923
OPCODE	F201	43906	0.022386
OPCODE	F620	43304	0.022079
OPCODE	4E73	43094	0.021972
OPCODE	48C1	42815	0.021830
OPCODE	0811	42722	0.021783
OPCODE	08A9	42118	0.021475
OPCODE	9240	40257	0.020526
OPCODE	7200	39584	0.020183
OPCODE	3006	39429	0.020104
OPCODE	3204	39220	0.019997
OPCODE	43FA	39220	0.019997
OPCODE	81FC	38609	0.019685
OPCODE	3940	38518	0.019639
OPCODE	4E93	38502	0.019631
OPCODE	3800	38499	0.019629
OPCODE	0641	38492	0.019626
OPCODE	83FC	38401	0.019579
OPCODE	2072	38400	0.019579
OPCODE	21AE	38400	0.019579
OPCODE	65A6	38356	0.019556
OPCODE	F227	38282	0.019519
OPCODE	6A44	38125	0.019439
OPCODE	707F	37879	0.019313
OPCODE	6D06	37262	0.018999
OPCODE	6714	37194	0.018964
OPCODE	6748	36537	0.018629
OPCODE	6616	36316	0.018516
OPCODE	0C01	36310	0.018513
OPCODE	2049	36286	0.018501
OPCODE	6A02	36236	0.018476
OPCODE	57C0	35704	0.018204
OPCODE	D081	35619	0.018161
OPCODE	6104	35581	0.018142
OPCODE	0891	35299	0.017998
OPCODE	302F	35192	0.017943
OPCODE	2248	35122	0.017908
OPCODE	6646	35084	0.017888
OPCODE	202D	35079	0.017886
OPCODE	0241	34893	0.017791
OPCODE	4AA8	34849	0.017768
OPCODE	2D7C	34836	0.017762
OPCODE	7217	34751	0.017718
OPCODE	307B	34751	0.017718
OPCODE	24D1	34582	0.017632
OPCODE	F23A	34141	0.017407
OPCODE	4A6E	34138	0.017406
OPCODE	4A94	34113	0.017393
OPCODE	43E8	33970	0.017320
OPCODE	671C	33964	0.017317
OPCODE	3428	33898	0.017283
OPCODE	6404	33612	0.017138
OPCODE	2440	33553	0.017108
OPCODE	2011	33551	0.017107
OPCODE	E149	33285	0.016971
OPCODE	42A7	33219	0.016937
OPCODE	2043	33214	0.016935
OPCODE	7E00	33082	0.016867
OPCODE	4E91	33061	0.016857
OPCODE	6E04	33000	0.016826
OPCODE	6728	32995	0.016823
OPCODE	422C	32904	0.016777
OPCODE	4A2A	32901	0.016775
OPCODE	1F00	32709	0.016677
OPCODE	4A42	32598	0.016621
OPCODE	51CB	32561	0.016602
OPCODE	675C	32557	0.016600
OPCODE	E9D4	32553	0.016598
OPCODE	6A04	32316	0.016477
OPCODE	6E00	32126	0.016380
OPCODE	F22C	32090	0.016362
OPCODE	4A2D	32063	0.016348
OPCODE	101F	32032	0.016332
OPCODE	275F	31957	0.016294
OPCODE	2D41	31917	0.016273
OPCODE	4A41	31794	0.016211
OPCODE	56C8	31648	0.016136
OPCODE	6736	31551	0.016087
OPCODE	B1D6	31478	0.016050
OPCODE	6B04	31453	0.016037
OPCODE	5448	31423	0.016022
OPCODE	9081	31340	0.015979
OPCODE	4868	31319	0.015969
OPCODE	720F	31286	0.015952
OPCODE	D480	31270	0.015944
OPCODE	5180	31239	0.015928
OPCODE	C210	31214	0.015915
OPCODE	4A78	31204	0.015910
OPCODE	3C2E	31200	0.015908
OPCODE	6726	31124	0.015869
OPCODE	4238	31112	0.015863
OPCODE	2242	31036	0.015824
OPCODE	6B16	31022	0.015817
OPCODE	226D	30949	0.015780
OPCODE	74F4	30942	0.015776
OPCODE	4642	30887	0.015748
OPCODE	2449	30819	0.015714
OPCODE	6010	30819	0.015714
OPCODE	D040	30716	0.015661
OPCODE	B050	30707	0.015656
OPCODE	7420	30653	0.015629
OPCODE	303C	30641	0.015623
OPCODE	3628	30622	0.015613
OPCODE	8481	30616	0.015610
OPCODE	9288	30614	0.015609
OPCODE	74FC	30614	0.015609
OPCODE	A055	30585	0.015594
OPCODE	2412	30552	0.015577
OPCODE	2848	30549	0.015576
OPCODE	672C	30530	0.015566
OPCODE	6FCA	30466	0.015534
OPCODE	9242	30376	0.015488
OPCODE	6EC6	30302	0.015450
OPCODE	2442	30300	0.015449
OPCODE	3409	30272	0.015435
OPCODE	4AAC	30272	0.015435
OPCODE	F569	30272	0.015435
OPCODE	0C28	30256	0.015427
OPCODE	027C	30252	0.015425
OPCODE	E44A	30235	0.015416
OPCODE	544F	30233	0.015415
OPCODE	6506	30230	0.015413
OPCODE	6A0C	30223	0.015410
OPCODE	0C81	30197	0.015396
OPCODE	4A6A	30196	0.015396
OPCODE	6088	30179	0.015387
OPCODE	4A93	30168	0.015382
OPCODE	6014	30143	0.015369
OPCODE	2243	30114	0.015354
OPCODE	D0C2	30113	0.015354
OPCODE	C445	30112	0.015353
OPCODE	8642	30112	0.015353
OPCODE	BB42	30112	0.015353
OPCODE	E842	30112	0.015353
OPCODE	C644	30112	0.015353
OPCODE	3A04	30096	0.015345
OPCODE	6628	30070	0.015332
OPCODE	4A2E	30070	0.015332
OPCODE	383C	30065	0.015329
OPCODE	D441	30063	0.015328
OPCODE	2F03	30059	0.015326
OPCODE	4645	30051	0.015322
OPCODE	B544	30051	0.015322
OPCODE	7405	30051	0.015322
OPCODE	2A08	30043	0.015318
OPCODE	4A2B	30039	0.015316
OPCODE	603C	30032	0.015312
OPCODE	661E	30031	0.015312
OPCODE	2029	30029	0.015311
OPCODE	6744	30023	0.015308
OPCODE	2D4B	30006	0.015299
OPCODE	226B	29992	0.015292
OPCODE	0C51	29990	0.015291
OPCODE	3141	29967	0.015279
OPCODE	F4F8	29943	0.015267
OPCODE	6B06	29943	0.015267
OPCODE	303B	29931	0.015261
OPCODE	43EB	29925	0.015258
OPCODE	6630	29921	0.015256
OPCODE	4400	29906	0.015248
OPCODE	0807	29891	0.015240
OPCODE	2431	29881	0.015235
OPCODE	7009	29881	0.015235
OPCODE	265F	29879	0.015234
OPCODE	2600	29877	0.015233
OPCODE	2D78	29874	0.015232
OPCODE	60E2	29859	0.015224
OPCODE	7802	29859	0.015224
OPCODE	30C0	29856	0.015223
OPCODE	0C47	29851	0.015220
OPCODE	7202	29834	0.015211
OPCODE	66E8	29828	0.015208
OPCODE	43EC	29815	0.015202
OPCODE	261F	29804	0.015196
OPCODE	208B	29799	0.015194
OPCODE	6B1E	29797	0.015193
OPCODE	6664	29790	0.015189
OPCODE	B478	29788	0.015188
OPCODE	673C	29788	0.015188
OPCODE	720C	29782	0.015185
OPCODE	486C	29781	0.015184
OPCODE	2F17	29775	0.015181
OPCODE	E542	29769	0.015178
OPCODE	4EB2	29769	0.015178
OPCODE	0929	29769	0.015178
OPCODE	70E4	29769	0.015178
OPCODE	6112	29750	0.015169
OPCODE	6028	29727	0.015157
OPCODE	70EF	29723	0.015155
OPCODE	B252	29723	0.015155
OPCODE	7041	29723	0.015155
OPCODE	A204	29719	0.015153
OPCODE	30E9	29719	0.015153
OPCODE	268C	29717	0.015152
OPCODE	2C10	29715	0.015151
OPCODE	B9CB	29696	0.015141
OPCODE	662E	29687	0.015136
OPCODE	A025	29686	0.015136
OPCODE	6054	29682	0.015134
OPCODE	F23C	29676	0.015131
OPCODE	294B	29674	0.015130
OPCODE	6030	29622	0.015103
OPCODE	1940	29608	0.015096
OPCODE	49EE	29607	0.015096
OPCODE	6640	29606	0.015095
OPCODE	6D0E	29577	0.015080
OPCODE	A029	29574	0.015079
OPCODE	6624	29557	0.015070
OPCODE	382A	29555	0.015069
OPCODE	A02E	29550	0.015067
OPCODE	7003	29526	0.015054
OPCODE	6200	29525	0.015054
OPCODE	3C1F	29511	0.015047
OPCODE	D094	29510	0.015046
OPCODE	A02A	29507	0.015045
OPCODE	61DA	29501	0.015042
OPCODE	2B40	29499	0.015041
OPCODE	48C7	29488	0.015035
OPCODE	B094	29485	0.015033
OPCODE	9090	29481	0.015031
OPCODE	21EE	29479	0.015030
OPCODE	2E80	29476	0.015029
OPCODE	2E38	29470	0.015026
OPCODE	5C53	29470	0.015026
OPCODE	7204	29470	0.015026
OPCODE	4205	29468	0.015025
OPCODE	3017	29455	0.015018
OPCODE	6300	29444	0.015013
OPCODE	5D4F	29443	0.015012
OPCODE	610A	29443	0.015012
OPCODE	2468	29424	0.015002
OPCODE	4246	29423	0.015002
OPCODE	D359	29422	0.015001
OPCODE	D159	29422	0.015001
OPCODE	4A04	29420	0.015000
OPCODE	422D	29415	0.014998
OPCODE	6038	29411	0.014996
OPCODE	1E03	29407	0.014994
OPCODE	6A12	29403	0.014992
OPCODE	61EE	29402	0.014991
OPCODE	422F	29392	0.014986
OPCODE	2D6B	29391	0.014986
OPCODE	5740	29391	0.014986
OPCODE	3E2A	29384	0.014982
OPCODE	504A	29381	0.014980
OPCODE	6754	29379	0.014979
OPCODE	1C2E	29378	0.014979
OPCODE	3E00	29378	0.014979
OPCODE	630A	29372	0.014976
OPCODE	67F8	29371	0.014975
OPCODE	3F40	29367	0.014973
OPCODE	526C	29367	0.014973
OPCODE	66A8	29366	0.014973
OPCODE	70FE	29365	0.014972
OPCODE	2D54	29364	0.014972
OPCODE	22B8	29361	0.014970
OPCODE	3D46	29360	0.014970
OPCODE	61E2	29357	0.014968
OPCODE	2F6C	29357	0.014968
OPCODE	A01C	29357	0.014968
OPCODE	2D70	29356	0.014968
OPCODE	6F3E	29356	0.014968
OPCODE	61BC	29356	0.014968
OPCODE	D7CC	29356	0.014968
OPCODE	247A	29353	0.014966
OPCODE	703C	29350	0.014965
OPCODE	701E	29342	0.014961
OPCODE	9091	29341	0.014960
OPCODE	21EB	29341	0.014960
OPCODE	95CA	29341	0.014960
OPCODE	296A	29341	0.014960
OPCODE	426F	29337	0.014958
OPCODE	676C	29337	0.014958
OPCODE	A871	29335	0.014957
OPCODE	276E	29334	0.014956
OPCODE	E540	29331	0.014955
OPCODE	6E5A	29329	0.014954
OPCODE	522E	29329	0.014954
OPCODE	E940	29328	0.014953
OPCODE	7240	29327	0.014953
OPCODE	2F7A	29327	0.014953
OPCODE	6650	29326	0.014952
OPCODE	5C8F	29324	0.014951
OPCODE	E358	29322	0.014950
OPCODE	3A38	29321	0.014950
OPCODE	6678	29321	0.014950
OPCODE	A970	29320	0.014949
OPCODE	1978	29320	0.014949
OPCODE	4204	29320	0.014949
OPCODE	1A2E	29320	0.014949
OPCODE	3146	29320	0.014949
OPCODE	287A	29319	0.014949
OPCODE	1969	29319	0.014949
OPCODE	536C	29319	0.014949
OPCODE	0254	29319	0.014949
OPCODE	665A	29316	0.014947
OPCODE	BE46	29316	0.014947
OPCODE	B9DF	29316	0.014947
OPCODE	A030	29313	0.014946
OPCODE	A97F	29311	0.014945
OPCODE	A9B4	29311	0.014945
OPCODE	A0DD	29311	0.014945
OPCODE	227B	29311	0.014945
OPCODE	ABF7	29311	0.014945
OPCODE	9CAA	29311	0.014945
OPCODE	362C	29311	0.014945
OPCODE	4A97	29311	0.014945
OPCODE	721A	29311	0.014945
OPCODE	C038	29309	0.014944
OPCODE	A8AE	29309	0.014944
OPCODE	143A	29309	0.014944
OPCODE	2851	29309	0.014944
OPCODE	633C	29309	0.014944
OPCODE	0C59	29309	0.014944
OPCODE	A031	29307	0.014943
OPCODE	60FA	29306	0.014942
OPCODE	6D16	29305	0.014942
OPCODE	2638	29305	0.014942
OPCODE	3638	29303	0.014941
OPCODE	60B6	29303	0.014941
OPCODE	51D0	29303	0.014941
OPCODE	50D0	29303	0.014941
OPCODE	6E3A	29303	0.014941
OPCODE	3412	29303	0.014941
OPCODE	A972	29303	0.014941
OPCODE	1A07	29303	0.014941
OPCODE	6F48	29302	0.014940
OPCODE	A911	29300	0.014939
OPCODE	6F8A	29299	0.014939
OPCODE	3083	29299	0.014939
OPCODE	A980	29298	0.014938
OPCODE	4293	29298	0.014938
OPCODE	67B2	29297	0.014938
OPCODE	6518	29280	0.014929
OPCODE	E048	29170	0.014873
OPCODE	602C	29100	0.014837
OPCODE	6F16	29029	0.014801
OPCODE	102D	28919	0.014745
OPCODE	322F	28900	0.014735
OPCODE	4EF0	28894	0.014732
OPCODE	B9ED	28866	0.014718
OPCODE	A8E2	28814	0.014691
OPCODE	6212	28789	0.014679
OPCODE	8041	28786	0.014677
OPCODE	B7C9	28733	0.014650
OPCODE	B189	28726	0.014646
OPCODE	3E10	28726	0.014646
OPCODE	66D6	28725	0.014646
OPCODE	66D0	28713	0.014640
OPCODE	43ED	28709	0.014638
OPCODE	2B49	28701	0.014634
OPCODE	3806	28387	0.014474
OPCODE	D1C4	28007	0.014280
OPCODE	2810	27921	0.014236
OPCODE	C8B8	27801	0.014175
OPCODE	D7C0	27765	0.014156
OPCODE	6FB0	25700	0.013104
OPCODE	3C04	25561	0.013033
OPCODE	BC45	25560	0.013032
OPCODE	082B	25546	0.013025
OPCODE	DC6E	25500	0.013002
OPCODE	51CF	25203	0.012850
OPCODE	1033	23416	0.011939
OPCODE	F623	23280	0.011870
OPCODE	2228	22726	0.011587
OPCODE	1010	22195	0.011317
OPCODE	6CF4	21680	0.011054
OPCODE	E9EE	20884	0.010648
OPCODE	382E	20795	0.010603
OPCODE	2C2E	20583	0.010495
OPCODE	6FA8	20291	0.010346
OPCODE	7401	20266	0.010333
OPCODE	0C44	20179	0.010289
OPCODE	082E	19932	0.010163
OPCODE	4A13	19879	0.010136
OPCODE	5368	19878	0.010135
OPCODE	3F04	19729	0.010059
OPCODE	3A2E	19636	0.010012
OPCODE	3F05	19589	0.009988
OPCODE	4292	19261	0.009821
OPCODE	6052	19249	0.009814
OPCODE	6FCC	19200	0.009789
OPCODE	4680	19136	0.009757
OPCODE	584C	18995	0.009685
OPCODE	D3CE	18491	0.009428
OPCODE	2013	18310	0.009336
OPCODE	8195	17973	0.009164
OPCODE	C1C5	17780	0.009065
OPCODE	C084	16976	0.008656
OPCODE	F22A	16800	0.008566
OPCODE	1018	16730	0.008530
OPCODE	57CC	16697	0.008513
OPCODE	51CC	16516	0.008421
OPCODE	2212	16459	0.008392
OPCODE	B86E	16420	0.008372
OPCODE	B041	16257	0.008289
OPCODE	7008	15847	0.008080
OPCODE	B3DA	15606	0.007957
OPCODE	B7CA	15522	0.007914
OPCODE	C085	15429	0.007867
OPCODE	F210	15316	0.007809
OPCODE	B5CB	15297	0.007799
OPCODE	D5C1	14590	0.007439
OPCODE	819D	14580	0.007434
OPCODE	C1C6	14420	0.007352
OPCODE	2ADC	14200	0.007240
OPCODE	6B14	13912	0.007093
OPCODE	5342	13577	0.006922
OPCODE	4A29	13564	0.006916
OPCODE	D0AC	13438	0.006852
OPCODE	4240	13207	0.006734
OPCODE	24D9	13098	0.006678
OPCODE	422B	12895	0.006575
OPCODE	4A83	12787	0.006520
OPCODE	D010	12760	0.006506
OPCODE	08EB	12742	0.006497
OPCODE	4A14	12741	0.006496
OPCODE	0A11	12740	0.006496
OPCODE	7230	12740	0.006496
OPCODE	B311	12740	0.006496
OPCODE	11A9	12740	0.006496
OPCODE	284A	12731	0.006491
OPCODE	4841	12704	0.006477
OPCODE	65CA	12682	0.006466
OPCODE	6A1E	12625	0.006437
OPCODE	66FF	12580	0.006414
OPCODE	C082	12350	0.006297
OPCODE	C1C3	12320	0.006282
OPCODE	7040	12283	0.006263
OPCODE	202B	12188	0.006214
OPCODE	DBCB	11997	0.006117
OPCODE	D9CA	11997	0.006117
OPCODE	C086	11730	0.005981
OPCODE	BE8B	11723	0.005977
OPCODE	1200	11611	0.005920
OPCODE	F21F	11257	0.005740
OPCODE	51CE	11120	0.005670
OPCODE	2268	11023	0.005620
OPCODE	3219	10693	0.005452
OPCODE	F327	10460	0.005333
OPCODE	0817	10442	0.005324
OPCODE	0C2F	10442	0.005324
OPCODE	3408	10249	0.005226
OPCODE	D4C0	10128	0.005164
OPCODE	2005	10103	0.005151
OPCODE	0286	9720	0.004956
OPCODE	4A84	9645	0.004918
OPCODE	2214	9557	0.004873
OPCODE	0284	9483	0.004835
OPCODE	65AA	9480	0.004834
OPCODE	E88C	9465	0.004826
OPCODE	2C14	9463	0.004825
OPCODE	D9C6	9458	0.004822
OPCODE	B9D0	9456	0.004821
OPCODE	1814	9448	0.004817
OPCODE	226C	9436	0.004811
OPCODE	B084	9390	0.004788
OPCODE	C081	9384	0.004785
OPCODE	C087	9312	0.004748
OPCODE	DE84	9216	0.004699
OPCODE	16F4	9216	0.004699
OPCODE	1CD4	9216	0.004699
OPCODE	6FE4	8991	0.004584
OPCODE	D1EB	8881	0.004528
OPCODE	2D48	8874	0.004525
OPCODE	2AC6	8844	0.004509
OPCODE	588F	8825	0.004500
OPCODE	122B	8799	0.004486
OPCODE	137C	8676	0.004424
OPCODE	B692	8664	0.004417
OPCODE	57CD	8664	0.004417
OPCODE	6D00	8628	0.004399
OPCODE	D9C1	8380	0.004273
OPCODE	1017	8326	0.004245
OPCODE	4845	8211	0.004187
OPCODE	4E74	7978	0.004068
OPCODE	51C9	7882	0.004019
OPCODE	264F	7859	0.004007
OPCODE	BF80	7854	0.004004
OPCODE	2200	7715	0.003934
OPCODE	1038	7627	0.003889
OPCODE	2069	7560	0.003855
OPCODE	11C1	7434	0.003790
OPCODE	F518	7434	0.003790
OPCODE	102B	7307	0.003726
OPCODE	226E	7275	0.003709
OPCODE	7220	7262	0.003703
OPCODE	2A00	7259	0.003701
OPCODE	B380	7213	0.003678
OPCODE	22C5	7204	0.003673
OPCODE	0200	7201	0.003672
OPCODE	C083	7189	0.003665
OPCODE	1CEC	7168	0.003655
OPCODE	3099	7150	0.003646
OPCODE	601C	7006	0.003572
OPCODE	1418	6999	0.003569
OPCODE	E088	6999	0.003569
OPCODE	12C0	6963	0.003550
OPCODE	D002	6912	0.003524
OPCODE	DC83	6912	0.003524
OPCODE	D282	6882	0.003509
OPCODE	201A	6840	0.003487
OPCODE	429A	6816	0.003475
OPCODE	42AA	6793	0.003464
OPCODE	00AE	6790	0.003462
OPCODE	B440	6734	0.003433
OPCODE	6168	6698	0.003415
OPCODE	6A10	6565	0.003347
OPCODE	BBCB	6553	0.003341
OPCODE	022B	6505	0.003317
OPCODE	4A02	6450	0.003289
OPCODE	002B	6434	0.003280
OPCODE	72FF	6410	0.003268
OPCODE	22FB	6400	0.003263
OPCODE	6170	6396	0.003261
OPCODE	1743	6382	0.003254
OPCODE	6794	6378	0.003252
OPCODE	162B	6376	0.003251
OPCODE	08AB	6374	0.003250
OPCODE	6126	6372	0.003249
OPCODE	1601	6370	0.003248
OPCODE	4483	6370	0.003248
OPCODE	1741	6370	0.003248
OPCODE	0211	6370	0.003248
OPCODE	1343	6370	0.003248
OPCODE	617A	6370	0.003248
OPCODE	176B	6370	0.003248
OPCODE	E90B	6370	0.003248
OPCODE	C211	6370	0.003248
OPCODE	C600	6370	0.003248
OPCODE	0003	6370	0.003248
OPCODE	6A4E	6370	0.003248
OPCODE	E809	6370	0.003248
OPCODE	7640	6370	0.003248
OPCODE	0029	6370	0.003248
OPCODE	C12B	6370	0.003248
OPCODE	4A01	6233	0.003178
OPCODE	671E	6228	0.003175
OPCODE	396C	6221	0.003172
OPCODE	4A85	6216	0.003169
OPCODE	8029	6210	0.003166
OPCODE	7080	6210	0.003166
OPCODE	6FAA	6161	0.003141
OPCODE	600C	6096	0.003108
OPCODE	B085	6061	0.003090
OPCODE	0285	6035	0.003077
OPCODE	E88D	6032	0.003076
OPCODE	1A14	6032	0.003076
OPCODE	60B0	6004	0.003061
OPCODE	3D40	5996	0.003057
OPCODE	D8C8	5976	0.003047
OPCODE	DAC8	5976	0.003047
OPCODE	41E9	5915	0.003016
OPCODE	6D34	5901	0.003009
OPCODE	B3CA	5884	0.003000
OPCODE	81AE	5861	0.002988
OPCODE	60C8	5858	0.002987
OPCODE	C195	5820	0.002967
OPCODE	6A18	5809	0.002962
OPCODE	204A	5804	0.002959
OPCODE	E298	5640	0.002876
OPCODE	1013	5588	0.002849
OPCODE	E5A8	5540	0.002825
OPCODE	740F	5535	0.002822
OPCODE	67F6	5504	0.002806
OPCODE	2004	5408	0.002757
OPCODE	6A16	5402	0.002754
OPCODE	1232	5382	0.002744
OPCODE	56CB	5359	0.002732
OPCODE	6B02	5338	0.002722
OPCODE	C004	5321	0.002713
OPCODE	D0F0	5317	0.002711
OPCODE	6F12	5285	0.002695
OPCODE	D2F1	5283	0.002694
OPCODE	48EE	5249	0.002676
OPCODE	802E	5229	0.002666
OPCODE	C02E	5221	0.002662
OPCODE	EDC0	5221	0.002662
OPCODE	0401	5221	0.002662
OPCODE	6610	5177	0.002640
OPCODE	D881	5162	0.002632
OPCODE	C284	5105	0.002603
OPCODE	2601	5096	0.002598
OPCODE	4A12	5083	0.002592
OPCODE	2415	5002	0.002550
OPCODE	342E	4930	0.002514
OPCODE	487A	4909	0.002503
OPCODE	DACB	4902	0.002499
OPCODE	2AC0	4843	0.002469
OPCODE	B181	4785	0.002440
OPCODE	3230	4746	0.002420
OPCODE	B1CA	4733	0.002413
OPCODE	65D4	4727	0.002410
OPCODE	6900	4684	0.002388
OPCODE	2411	4631	0.002361
OPCODE	43F0	4629	0.002360
OPCODE	B641	4573	0.002332
OPCODE	D281	4552	0.002321
OPCODE	2003	4550	0.002320
OPCODE	4EAD	4538	0.002314
OPCODE	206F	4517	0.002303
OPCODE	3019	4488	0.002288
OPCODE	6B50	4480	0.002284
OPCODE	34FC	4477	0.002283
OPCODE	3206	4468	0.002278
OPCODE	6B10	4443	0.002265
OPCODE	536E	4331	0.002208
OPCODE	2D49	4327	0.002206
OPCODE	2854	4320	0.002203
OPCODE	D280	4306	0.002195
OPCODE	1029	4264	0.002174
OPCODE	C3C0	4224	0.002154
OPCODE	9243	4200	0.002141
OPCODE	E9D3	4198	0.002140
OPCODE	1229	4109	0.002095
OPCODE	2619	4107	0.002094
OPCODE	2428	4086	0.002083
OPCODE	E288	4042	0.002061
OPCODE	2452	4026	0.002053
OPCODE	E881	3992	0.002035
OPCODE	E548	3920	0.001999
OPCODE	51CD	3910	0.001994
OPCODE	8081	3904	0.001991
OPCODE	6E22	3892	0.001984
OPCODE	B3F8	3873	0.001975
OPCODE	674A	3871	0.001974
OPCODE	8480	3868	0.001972
OPCODE	2A82	3862	0.001969
OPCODE	C485	3862	0.001969
OPCODE	103B	3853	0.001965
OPCODE	6B0E	3825	0.001950
OPCODE	22C0	3808	0.001942
OPCODE	4241	3789	0.001932
OPCODE	9440	3789	0.001932
OPCODE	34C0	3780	0.001927
OPCODE	D0AE	3746	0.001910
OPCODE	E080	3720	0.001897
OPCODE	601E	3689	0.001881
OPCODE	3D6E	3681	0.001877
OPCODE	266B	3680	0.001876
OPCODE	7603	3673	0.001873
OPCODE	0642	3670	0.001871
OPCODE	9481	3635	0.001853
OPCODE	E449	3635	0.001853
OPCODE	B06E	3617	0.001844
OPCODE	F211	3614	0.001843
OPCODE	F219	3614	0.001843
OPCODE	2089	3590	0.001830
OPCODE	4844	3570	0.001820
OPCODE	2059	3567	0.001819
OPCODE	C4B8	3563	0.001817
OPCODE	C2FC	3545	0.001807
OPCODE	D080	3513	0.001791
OPCODE	D245	3490	0.001779
OPCODE	D3C2	3489	0.001779
OPCODE	1429	3479	0.001774
OPCODE	B202	3479	0.001774
OPCODE	9087	3477	0.001773
OPCODE	B846	3475	0.001772
OPCODE	0880	3467	0.001768
OPCODE	3805	3456	0.001762
OPCODE	4401	3455	0.001762
OPCODE	2A19	3455	0.001762
OPCODE	9681	3455	0.001762
OPCODE	3819	3455	0.001762
OPCODE	D981	3455	0.001762
OPCODE	E899	3455	0.001762
OPCODE	A193	3455	0.001762
OPCODE	9381	3455	0.001762
OPCODE	E999	3455	0.001762
OPCODE	61C6	3453	0.001761
OPCODE	2080	3445	0.001756
OPCODE	6D18	3443	0.001755
OPCODE	B842	3438	0.001753
OPCODE	65E6	3435	0.001751
OPCODE	6114	3399	0.001733
OPCODE	B081	3391	0.001729
OPCODE	60BC	3364	0.001715
OPCODE	6446	3361	0.001714
OPCODE	2018	3341	0.001703
OPCODE	E980	3311	0.001688
OPCODE	45EE	3285	0.001675
OPCODE	6756	3244	0.001654
OPCODE	4681	3231	0.001647
OPCODE	6E08	3216	0.001640
OPCODE	C100	3200	0.001632
OPCODE	676E	3184	0.001623
OPCODE	6B2A	3163	0.001613
OPCODE	0201	3157	0.001610
OPCODE	3D42	3153	0.001608
OPCODE	D5CE	3147	0.001605
OPCODE	2204	3146	0.001604
OPCODE	1E80	3143	0.001603
OPCODE	D0FB	3141	0.001601
OPCODE	227A	3135	0.001598
OPCODE	282A	3132	0.001597
OPCODE	EA46	3130	0.001596
OPCODE	67E8	3129	0.001595
OPCODE	286A	3114	0.001588
OPCODE	D041	3113	0.001587
OPCODE	357C	3108	0.001585
OPCODE	E808	3107	0.001584
OPCODE	52A9	3105	0.001583
OPCODE	262A	3105	0.001583
OPCODE	0197	3105	0.001583
OPCODE	D1AE	3095	0.001578
OPCODE	D7CE	3091	0.001576
OPCODE	6A34	3091	0.001576
OPCODE	0812	3046	0.001553
OPCODE	D243	3042	0.001551
OPCODE	3012	3031	0.001545
OPCODE	0828	3025	0.001542
OPCODE	6A0A	3017	0.001538
OPCODE	67F4	3017	0.001538
OPCODE	78FF	3017	0.001538
OPCODE	1014	3012	0.001536
OPCODE	B388	2999	0.001529
OPCODE	E888	2995	0.001527
OPCODE	2447	2995	0.001527
OPCODE	B3C8	2988	0.001523
OPCODE	2800	2976	0.001517
OPCODE	6402	2899	0.001478
OPCODE	0685	2883	0.001470
OPCODE	C904	2848	0.001452
OPCODE	C301	2848	0.001452
OPCODE	C703	2848	0.001452
OPCODE	C502	2848	0.001452
OPCODE	CB05	2848	0.001452
OPCODE	4218	2789	0.001422
OPCODE	D481	2787	0.001421
OPCODE	4643	2732	0.001393
OPCODE	2081	2704	0.001379
OPCODE	32D8	2695	0.001374
OPCODE	3A00	2694	0.001374
OPCODE	6B7C	2684	0.001368
OPCODE	B1AE	2684	0.001368
OPCODE	B480	2631	0.001341
OPCODE	4210	2631	0.001341
OPCODE	9041	2618	0.001335
OPCODE	3D41	2596	0.001324
OPCODE	C440	2589	0.001320
OPCODE	6738	2588	0.001320
OPCODE	6538	2579	0.001315
OPCODE	6D1C	2567	0.001309
OPCODE	3480	2560	0.001305
OPCODE	E098	2560	0.001305
OPCODE	B458	2552	0.001301
OPCODE	2A09	2550	0.001300
OPCODE	7800	2507	0.001278
OPCODE	B258	2504	0.001277
OPCODE	2245	2478	0.001263
OPCODE	B658	2472	0.001260
OPCODE	B858	2471	0.001260
OPCODE	2D6E	2464	0.001256
OPCODE	2D68	2448	0.001248
OPCODE	2053	2447	0.001248
OPCODE	B2A9	2437	0.001243
OPCODE	BA6E	2422	0.001235
OPCODE	52B8	2417	0.001232
OPCODE	D2B1	2417	0.001232
OPCODE	5345	2412	0.001230
OPCODE	B5CC	2380	0.001213
OPCODE	46FC	2377	0.001212
OPCODE	B070	2368	0.001207
OPCODE	2341	2368	0.001207
OPCODE	BFC0	2366	0.001206
OPCODE	BFD1	2366	0.001206
OPCODE	60CC	2350	0.001198
OPCODE	322E	2341	0.001194
OPCODE	E9D2	2320	0.001183
OPCODE	28C4	2320	0.001183
OPCODE	2AC1	2320	0.001183
OPCODE	8287	2320	0.001183
OPCODE	CE81	2320	0.001183
OPCODE	0686	2320	0.001183
OPCODE	2815	2320	0.001183
OPCODE	701F	2304	0.001175
OPCODE	7801	2299	0.001172
OPCODE	24C6	2292	0.001169
OPCODE	62D8	2290	0.001168
OPCODE	D2AE	2285	0.001165
OPCODE	B580	2280	0.001162
OPCODE	3400	2268	0.001156
OPCODE	3601	2244	0.001144
OPCODE	2470	2216	0.001130
OPCODE	E9E9	2216	0.001130
OPCODE	0680	2212	0.001128
OPCODE	02AE	2212	0.001128
OPCODE	6A06	2204	0.001124
OPCODE	6F0A	2201	0.001122
OPCODE	4A90	2196	0.001120
OPCODE	28C5	2187	0.001115
OPCODE	6416	2183	0.001113
OPCODE	4870	2177	0.001110
OPCODE	2241	2174	0.001108
OPCODE	50EE	2170	0.001106
OPCODE	66A0	2161	0.001102
OPCODE	654E	2143	0.001093
OPCODE	3C01	2130	0.001086
OPCODE	B5C8	2128	0.001085
OPCODE	3205	2124	0.001083
OPCODE	B847	2120	0.001081
OPCODE	2654	2111	0.001076
OPCODE	9045	2104	0.001073
OPCODE	9245	2100	0.001071
OPCODE	C3C3	2100	0.001071
OPCODE	C3C5	2100	0.001071
OPCODE	B091	2091	0.001066
OPCODE	7007	2075	0.001058
OPCODE	2D4F	2071	0.001056
OPCODE	B681	2070	0.001055
OPCODE	3007	2056	0.001048
OPCODE	5141	2014	0.001027
OPCODE	34C1	2011	0.001025
OPCODE	2001	2006	0.001023
OPCODE	91AE	1987	0.001013
OPCODE	0C45	1983	0.001011
OPCODE	2378	1981	0.001010
OPCODE	2D59	1978	0.001009
OPCODE	3203	1970	0.001004
OPCODE	D2C1	1947	0.000993
OPCODE	24C0	1945	0.000992
OPCODE	302B	1941	0.000990
OPCODE	584B	1938	0.000988
OPCODE	B042	1933	0.000986
OPCODE	2034	1905	0.000971
OPCODE	D442	1904	0.000971
OPCODE	673A	1901	0.000969
OPCODE	9280	1891	0.000964
OPCODE	5246	1880	0.000959
OPCODE	6420	1874	0.000955
OPCODE	47EB	1849	0.000943
OPCODE	D444	1838	0.000937
OPCODE	6612	1823	0.000929
OPCODE	5341	1808	0.000922
OPCODE	3E3C	1802	0.000919
OPCODE	2618	1802	0.000919
OPCODE	E9C5	1800	0.000918
OPCODE	C447	1800	0.000918
OPCODE	EFC6	1800	0.000918
OPCODE	1B40	1798	0.000917
OPCODE	366E	1794	0.000915
OPCODE	E16B	1789	0.000912
OPCODE	20FB	1784	0.000910
OPCODE	4242	1770	0.000902
OPCODE	3403	1768	0.000901
OPCODE	4843	1766	0.000900
OPCODE	D0FC	1759	0.000897
OPCODE	41F0	1756	0.000895
OPCODE	BE6E	1741	0.000888
OPCODE	1212	1734	0.000884
OPCODE	4EFA	1731	0.000883
OPCODE	3818	1730	0.000882
OPCODE	6EAE	1728	0.000881
OPCODE	C247	1714	0.000874
OPCODE	1019	1714	0.000874
OPCODE	0C05	1711	0.000872
OPCODE	5247	1697	0.000865
OPCODE	280A	1685	0.000859
OPCODE	1A19	1685	0.000859
OPCODE	3D7C	1675	0.000854
OPCODE	9A6E	1673	0.000853
OPCODE	4227	1666	0.000849
OPCODE	2A01	1656	0.000844
OPCODE	4A46	1655	0.000844
OPCODE	4440	1646	0.000839
OPCODE	60C0	1642	0.000837
OPCODE	48AE	1642	0.000837
OPCODE	302A	1641	0.000837
OPCODE	3C02	1638	0.000835
OPCODE	0C6E	1637	0.000835
OPCODE	3F00	1628	0.000830
OPCODE	4481	1626	0.000829
OPCODE	663E	1622	0.000827
OPCODE	4C00	1619	0.000825
OPCODE	2483	1617	0.000824
OPCODE	4ED2	1616	0.000824
OPCODE	6012	1612	0.000822
OPCODE	9C44	1606	0.000819
OPCODE	5848	1605	0.000818
OPCODE	DBC4	1600	0.000816
OPCODE	12DC	1594	0.000813
OPCODE	3630	1584	0.000808
OPCODE	D443	1584	0.000808
OPCODE	5149	1575	0.000803
OPCODE	D66E	1574	0.000803
OPCODE	D9AE	1574	0.000803
OPCODE	D8AE	1574	0.000803
OPCODE	62B4	1574	0.000803
OPCODE	2830	1574	0.000803
OPCODE	E04B	1574	0.000803
OPCODE	22DF	1573	0.000802
OPCODE	1D6E	1573	0.000802
OPCODE	20C0	1572	0.000802
OPCODE	2F11	1570	0.000800
OPCODE	B0AE	1570	0.000800
OPCODE	22E8	1568	0.000799
OPCODE	3D70	1567	0.000799
OPCODE	E169	1567	0.000799
OPCODE	18D8	1566	0.000798
OPCODE	380B	1565	0.000798
OPCODE	C8C0	1565	0.000798
OPCODE	E54E	1565	0.000798
OPCODE	E29C	1565	0.000798
OPCODE	E384	1565	0.000798
OPCODE	E16A	1565	0.000798
OPCODE	D9C4	1565	0.000798
OPCODE	DE2E	1565	0.000798
OPCODE	3C03	1565	0.000798
OPCODE	DAC6	1565	0.000798
OPCODE	E4A4	1565	0.000798
OPCODE	3250	1562	0.000796
OPCODE	2246	1561	0.000796
OPCODE	B3FA	1561	0.000796
OPCODE	D0C9	1561	0.000796
OPCODE	7020	1556	0.000793
OPCODE	486F	1542	0.000786
OPCODE	2438	1528	0.000779
OPCODE	56EE	1527	0.000779
OPCODE	91C8	1525	0.000778
OPCODE	93C9	1521	0.000776
OPCODE	5346	1513	0.000771
OPCODE	0210	1510	0.000770
OPCODE	5181	1510	0.000770
OPCODE	8310	1510	0.000770
OPCODE	2052	1506	0.000768
OPCODE	DACC	1504	0.000767
OPCODE	2044	1503	0.000766
OPCODE	2C05	1499	0.000764
OPCODE	5245	1494	0.000762
OPCODE	4842	1489	0.000759
OPCODE	11FC	1488	0.000759
OPCODE	CF46	1482	0.000756
OPCODE	2A0E	1482	0.000756
OPCODE	673E	1478	0.000754
OPCODE	0810	1472	0.000751
OPCODE	206C	1464	0.000746
OPCODE	74FF	1458	0.000743
OPCODE	0440	1455	0.000742
OPCODE	4A69	1454	0.000741
OPCODE	6C00	1453	0.000741
OPCODE	6E28	1451	0.000740
OPCODE	0480	1447	0.000738
OPCODE	BBFC	1446	0.000737
OPCODE	4EED	1446	0.000737
OPCODE	202A	1444	0.000736
OPCODE	0C2D	1440	0.000734
OPCODE	4C98	1427	0.000728
OPCODE	3001	1425	0.000727
OPCODE	22DC	1424	0.000726
OPCODE	65E2	1419	0.000724
OPCODE	5542	1406	0.000717
OPCODE	D06E	1404	0.000716
OPCODE	0080	1399	0.000713
OPCODE	2488	1397	0.000712
OPCODE	D680	1396	0.000712
OPCODE	362E	1385	0.000706
OPCODE	504B	1384	0.000706
OPCODE	D853	1384	0.000706
OPCODE	6B26	1382	0.000705
OPCODE	B9EE	1375	0.000701
OPCODE	4A6B	1373	0.000700
OPCODE	2145	1372	0.000700
OPCODE	177C	1358	0.000692
OPCODE	66E0	1354	0.000690
OPCODE	3619	1354	0.000690
OPCODE	3046	1352	0.000689
OPCODE	3406	1350	0.000688
OPCODE	E28A	1348	0.000687
OPCODE	2041	1348	0.000687
OPCODE	0C41	1339	0.000683
OPCODE	6022	1338	0.000682
OPCODE	C480	1335	0.000681
OPCODE	4443	1324	0.000675
OPCODE	E54C	1322	0.000674
OPCODE	96C4	1322	0.000674
OPCODE	9284	1322	0.000674
OPCODE	94C4	1322	0.000674
OPCODE	9C80	1322	0.000674
OPCODE	DC43	1322	0.000674
OPCODE	C640	1322	0.000674
OPCODE	7820	1322	0.000674
OPCODE	B7D6	1316	0.000671
OPCODE	700A	1314	0.000670
OPCODE	22D0	1313	0.000669
OPCODE	4E92	1312	0.000669
OPCODE	6162	1304	0.000665
OPCODE	9051	1280	0.000653
OPCODE	21DF	1279	0.000652
OPCODE	6D04	1278	0.000652
OPCODE	21C8	1275	0.000650
OPCODE	E499	1274	0.000650
OPCODE	9044	1272	0.000649
OPCODE	56C0	1268	0.000647
OPCODE	67E0	1268	0.000647
OPCODE	D9C0	1259	0.000642
OPCODE	D1C2	1258	0.000641
OPCODE	4243	1253	0.000639
OPCODE	4A1B	1248	0.000636
OPCODE	6B3C	1246	0.000635
OPCODE	1480	1240	0.000632
OPCODE	B451	1239	0.000632
OPCODE	43EA	1233	0.000629
OPCODE	B452	1231	0.000628
OPCODE	6F14	1229	0.000627
OPCODE	0282	1228	0.000626
OPCODE	C094	1227	0.000626
OPCODE	0802	1227	0.000626
OPCODE	2A2E	1223	0.000624
OPCODE	282E	1218	0.000621
OPCODE	2032	1209	0.000616
OPCODE	286C	1208	0.000616
OPCODE	C02B	1207	0.000615
OPCODE	12D8	1207	0.000615
OPCODE	3633	1206	0.000615
OPCODE	5286	1205	0.000614
OPCODE	22C1	1205	0.000614
OPCODE	B2B0	1203	0.000613
OPCODE	B21A	1200	0.000612
OPCODE	E819	1200	0.000612
OPCODE	264A	1199	0.000611
OPCODE	61CE	1195	0.000609
OPCODE	1230	1192	0.000608
OPCODE	261A	1191	0.000607
OPCODE	28C1	1191	0.000607
OPCODE	3828	1187	0.000605
OPCODE	1D7C	1178	0.000601
OPCODE	2A6E	1176	0.000600
OPCODE	1169	1173	0.000598
OPCODE	3D5C	1164	0.000593
OPCODE	5241	1153	0.000588
OPCODE	E9D1	1146	0.000584
OPCODE	6400	1145	0.000584
OPCODE	6102	1142	0.000582
OPCODE	201C	1140	0.000581
OPCODE	2648	1136	0.000579
OPCODE	D086	1136	0.000579
OPCODE	6A2E	1134	0.000578
OPCODE	56CA	1133	0.000578
OPCODE	67D0	1132	0.000577
OPCODE	6648	1129	0.000576
OPCODE	6772	1127	0.000575
OPCODE	301A	1122	0.000572
OPCODE	2855	1121	0.000572
OPCODE	640A	1116	0.000569
OPCODE	2230	1114	0.000568
OPCODE	B231	1108	0.000565
OPCODE	2272	1108	0.000565
OPCODE	60A2	1108	0.000565
OPCODE	1411	1095	0.000558
OPCODE	B1EE	1094	0.000558
OPCODE	B481	1093	0.000557
OPCODE	24D8	1081	0.000551
OPCODE	42B8	1080	0.000551
OPCODE	92AA	1074	0.000548
OPCODE	321F	1073	0.000547
OPCODE	6A00	1072	0.000547
OPCODE	1481	1070	0.000546
OPCODE	C240	1068	0.000545
OPCODE	E1AC	1068	0.000545
OPCODE	323C	1065	0.000543
OPCODE	30C2	1064	0.000542
OPCODE	2D50	1064	0.000542
OPCODE	4A06	1060	0.000540
OPCODE	601A	1057	0.000539
OPCODE	0803	1056	0.000538
OPCODE	6042	1055	0.000538
OPCODE	49EC	1055	0.000538
OPCODE	28C0	1054	0.000537
OPCODE	5C40	1054	0.000537
OPCODE	E348	1053	0.000537
OPCODE	1006	1051	0.000536
OPCODE	B005	1050	0.000535
OPCODE	E1AD	1047	0.000534
OPCODE	8886	1047	0.000534
OPCODE	8A87	1047	0.000534
OPCODE	3E2E	1041	0.000531
OPCODE	DEC0	1037	0.000529
OPCODE	60DA	1035	0.000528
OPCODE	2F29	1035	0.000528
OPCODE	6A08	1033	0.000527
OPCODE	B46E	1031	0.000526
OPCODE	30C1	1030	0.000525
OPCODE	E282	1027	0.000524
OPCODE	12C6	1024	0.000522
OPCODE	E988	1020	0.000520
OPCODE	21F8	1019	0.000520
OPCODE	6FB8	1016	0.000518
OPCODE	221A	1014	0.000517
OPCODE	2650	1011	0.000515
OPCODE	9EC0	999	0.000509
OPCODE	D1C9	997	0.000508
OPCODE	306C	997	0.000508
OPCODE	CF45	996	0.000508
OPCODE	2F10	992	0.000506
OPCODE	6F3A	989	0.000504
OPCODE	66F4	988	0.000504
OPCODE	30C3	986	0.000503
OPCODE	226A	982	0.000501
OPCODE	47EE	980	0.000500
OPCODE	30C4	978	0.000499
OPCODE	4A45	971	0.000495
OPCODE	60E8	969	0.000494
OPCODE	2288	966	0.000493
OPCODE	6FAC	960	0.000489
OPCODE	B087	954	0.000486
OPCODE	26C6	948	0.000483
OPCODE	E880	948	0.000483
OPCODE	B898	948	0.000483
OPCODE	3D43	945	0.000482
OPCODE	2F1E	940	0.000479
OPCODE	2D1F	940	0.000479
OPCODE	61E8	938	0.000478
OPCODE	342A	935	0.000477
OPCODE	243C	935	0.000477
OPCODE	5080	931	0.000475
OPCODE	6FE8	931	0.000475
OPCODE	04FA	930	0.000474
OPCODE	EC80	930	0.000474
OPCODE	3D7A	930	0.000474
OPCODE	56C9	928	0.000473
OPCODE	222C	925	0.000472
OPCODE	916E	922	0.000470
OPCODE	E84A	920	0.000469
OPCODE	E290	916	0.000467
OPCODE	3D6A	912	0.000465
OPCODE	6406	911	0.000464
OPCODE	E280	907	0.000462
OPCODE	2012	904	0.000461
OPCODE	D082	901	0.000459
OPCODE	14EB	900	0.000459
OPCODE	E198	896	0.000457
OPCODE	3080	894	0.000456
OPCODE	426C	894	0.000456
OPCODE	1400	892	0.000455
OPCODE	5280	886	0.000452
OPCODE	8198	882	0.000450
OPCODE	9251	878	0.000448
OPCODE	6504	878	0.000448
OPCODE	2F2C	872	0.000445
OPCODE	21EF	869	0.000443
OPCODE	21EC	866	0.000442
OPCODE	7014	865	0.000441
OPCODE	322A	863	0.000440
OPCODE	4441	860	0.000438
OPCODE	C280	858	0.000437
OPCODE	4EB5	855	0.000436
OPCODE	363C	854	0.000435
OPCODE	C481	854	0.000435
OPCODE	1001	853	0.000435
OPCODE	1D42	852	0.000434
OPCODE	202F	851	0.000434
OPCODE	2E6E	844	0.000430
OPCODE	0C46	843	0.000430
OPCODE	2255	839	0.000428
OPCODE	B251	838	0.000427
OPCODE	48E6	837	0.000427
OPCODE	D16E	836	0.000426
OPCODE	B069	835	0.000426
OPCODE	2E28	835	0.000426
OPCODE	322B	829	0.000423
OPCODE	6F02	829	0.000423
OPCODE	2F04	820	0.000418
OPCODE	2802	819	0.000418
OPCODE	C283	818	0.000417
OPCODE	3140	809	0.000412
OPCODE	240A	807	0.000411
OPCODE	2480	805	0.000410
OPCODE	58AC	803	0.000409
OPCODE	4CDE	802	0.000409
OPCODE	45E8	799	0.000407
OPCODE	45EA	798	0.000407
OPCODE	BA47	796	0.000406
OPCODE	D0BC	795	0.000405
OPCODE	2418	794	0.000405
OPCODE	606A	793	0.000404
OPCODE	1005	792	0.000404
OPCODE	20A9	784	0.000400
OPCODE	E448	784	0.000400
OPCODE	301B	783	0.000399
OPCODE	32E8	782	0.000399
OPCODE	E1A9	781	0.000398
OPCODE	66EA	779	0.000397
OPCODE	3F03	777	0.000396
OPCODE	66DE	774	0.000395
OPCODE	34D8	767	0.000391
OPCODE	2401	765	0.000390
OPCODE	7208	759	0.000387
OPCODE	2348	758	0.000386
OPCODE	4290	756	0.000385
OPCODE	B099	750	0.000382
OPCODE	6C10	748	0.000381
OPCODE	486D	748	0.000381
OPCODE	0CAE	748	0.000381
OPCODE	B4AC	746	0.000380
OPCODE	7C00	744	0.000379
OPCODE	2388	738	0.000376
OPCODE	2254	736	0.000375
OPCODE	6408	733	0.000374
OPCODE	D278	732	0.000373
OPCODE	6018	730	0.000372
OPCODE	6660	729	0.000372
OPCODE	6B0A	725	0.000370
OPCODE	2F50	722	0.000368
OPCODE	0882	721	0.000368
OPCODE	5344	715	0.000365
OPCODE	5049	711	0.000363
OPCODE	90B8	705	0.000359
OPCODE	1BAD	703	0.000358
OPCODE	6124	701	0.000357
OPCODE	2819	701	0.000357
OPCODE	5BC8	700	0.000357
OPCODE	9FAC	699	0.000356
OPCODE	60B4	699	0.000356
OPCODE	6F58	697	0.000355
OPCODE	D269	696	0.000355
OPCODE	65BC	693	0.000353
OPCODE	C14D	692	0.000353
OPCODE	4846	692	0.000353
OPCODE	1684	689	0.000351
OPCODE	B0A8	688	0.000351
OPCODE	D08F	687	0.000350
OPCODE	1419	686	0.000350
OPCODE	9282	686	0.000350
OPCODE	3D5B	685	0.000349
OPCODE	21C9	685	0.000349
OPCODE	C285	681	0.000347
OPCODE	4684	680	0.000347
OPCODE	4A92	678	0.000346
OPCODE	60F2	674	0.000344
OPCODE	41F1	674	0.000344
OPCODE	6A14	670	0.000342
OPCODE	4206	670	0.000342
OPCODE	B9E8	664	0.000339
OPCODE	08C0	663	0.000338
OPCODE	41EC	662	0.000338
OPCODE	B282	662	0.000338
OPCODE	B647	659	0.000336
OPCODE	2A06	655	0.000334
OPCODE	C892	652	0.000332
OPCODE	8A84	652	0.000332
OPCODE	CA84	652	0.000332
OPCODE	24C5	652	0.000332
OPCODE	6BDC	652	0.000332
OPCODE	906E	651	0.000332
OPCODE	664A	649	0.000331
OPCODE	3604	649	0.000331
OPCODE	6444	646	0.000329
OPCODE	6448	642	0.000327
OPCODE	0482	642	0.000327
OPCODE	612A	641	0.000327
OPCODE	EE80	640	0.000326
OPCODE	2022	640	0.000326
OPCODE	2E03	640	0.000326
OPCODE	2A6D	638	0.000325
OPCODE	2608	633	0.000323
OPCODE	E14D	632	0.000322
OPCODE	D646	630	0.000321
OPCODE	4A87	629	0.000321
OPCODE	65E4	628	0.000320
OPCODE	D8EE	627	0.000320
OPCODE	6B28	626	0.000319
OPCODE	1759	624	0.000318
OPCODE	2F2B	619	0.000316
OPCODE	D0A8	615	0.000314
OPCODE	2D4D	614	0.000313
OPCODE	32C1	613	0.000313
OPCODE	2F48	613	0.000313
OPCODE	4ED3	612	0.000312
OPCODE	3F01	612	0.000312
OPCODE	D8C6	610	0.000311
OPCODE	DAC7	610	0.000311
OPCODE	5A41	607	0.000309
OPCODE	6118	605	0.000308
OPCODE	4ED4	605	0.000308
OPCODE	0651	604	0.000308
OPCODE	5261	604	0.000308
OPCODE	06A1	604	0.000308
OPCODE	B673	603	0.000307
OPCODE	D241	603	0.000307
OPCODE	B887	601	0.000306
OPCODE	5888	599	0.000305
OPCODE	48C2	595	0.000303
OPCODE	664C	594	0.000303
OPCODE	30D9	592	0.000302
OPCODE	B4B1	592	0.000302
OPCODE	2868	591	0.000301
OPCODE	65F0	588	0.000300
OPCODE	322C	588	0.000300
OPCODE	9053	586	0.000299
OPCODE	E04A	585	0.000298
OPCODE	4269	585	0.000298
OPCODE	397C	576	0.000294
OPCODE	2149	575	0.000293
OPCODE	602E	572	0.000292
OPCODE	6308	572	0.000292
OPCODE	6758	570	0.000291
OPCODE	1282	567	0.000289
OPCODE	E959	565	0.000288
OPCODE	E859	565	0.000288
OPCODE	EA81	564	0.000288
OPCODE	2817	562	0.000287
OPCODE	6ED4	561	0.000286
OPCODE	1D40	560	0.000286
OPCODE	DBC8	560	0.000286
OPCODE	D7C9	560	0.000286
OPCODE	C882	560	0.000286
OPCODE	D4C4	560	0.000286
OPCODE	D5C9	560	0.000286
OPCODE	2C2F	560	0.000286
OPCODE	5882	558	0.000285
OPCODE	619A	555	0.000283
OPCODE	2602	554	0.000282
OPCODE	2D44	549	0.000280
OPCODE	60F0	549	0.000280
OPCODE	1D78	548	0.000279
OPCODE	2140	547	0.000279
OPCODE	B443	547	0.000279
OPCODE	2948	546	0.000278
OPCODE	7EFF	546	0.000278
OPCODE	66EE	546	0.000278
OPCODE	66E6	545	0.000278
OPCODE	2542	545	0.000278
OPCODE	2F0D	544	0.000277
OPCODE	21F0	544	0.000277
OPCODE	2A5F	544	0.000277
OPCODE	234C	543	0.000277
OPCODE	B044	542	0.000276
OPCODE	20EE	542	0.000276
OPCODE	70F0	539	0.000275
OPCODE	3002	539	0.000275
OPCODE	9443	538	0.000274
OPCODE	BC5B	537	0.000274
OPCODE	D2A9	537	0.000274
OPCODE	C229	537	0.000274
OPCODE	40C3	537	0.000274
OPCODE	9411	537	0.000274
OPCODE	45E9	537	0.000274
OPCODE	93AA	537	0.000274
OPCODE	46C3	537	0.000274
OPCODE	9611	537	0.000274
OPCODE	C601	537	0.000274
OPCODE	1F02	537	0.000274
OPCODE	E94A	537	0.000274
OPCODE	D62A	537	0.000274
OPCODE	1482	537	0.000274
OPCODE	1541	537	0.000274
OPCODE	D5AA	537	0.000274
OPCODE	2B41	536	0.000273
OPCODE	56C3	535	0.000273
OPCODE	082D	534	0.000272
OPCODE	1B6B	534	0.000272
OPCODE	C02D	534	0.000272
OPCODE	50ED	534	0.000272
OPCODE	B2AA	533	0.000272
OPCODE	32FC	532	0.000271
OPCODE	936E	532	0.000271
OPCODE	5189	531	0.000271
OPCODE	74F0	531	0.000271
OPCODE	8111	529	0.000270
OPCODE	20CE	529	0.000270
OPCODE	5889	529	0.000270
OPCODE	C010	529	0.000270
OPCODE	B511	529	0.000270
OPCODE	2489	529	0.000270
OPCODE	32C0	529	0.000270
OPCODE	0243	529	0.000270
OPCODE	C411	529	0.000270
OPCODE	8510	529	0.000270
OPCODE	B110	529	0.000270
OPCODE	2435	524	0.000267
OPCODE	B894	522	0.000266
OPCODE	3F07	522	0.000266
OPCODE	7203	522	0.000266
OPCODE	C6B8	522	0.000266
OPCODE	2649	521	0.000266
OPCODE	21D0	521	0.000266
OPCODE	22AE	521	0.000266
OPCODE	6D0A	520	0.000265
OPCODE	2F80	518	0.000264
OPCODE	D2C0	518	0.000264
OPCODE	2244	517	0.000264
OPCODE	C947	517	0.000264
OPCODE	3F70	516	0.000263
OPCODE	61B0	513	0.000262
OPCODE	6060	512	0.000261
OPCODE	2F20	510	0.000260
OPCODE	2655	510	0.000260
OPCODE	6A0E	508	0.000259
OPCODE	67DA	504	0.000257
OPCODE	EFC2	504	0.000257
OPCODE	B090	504	0.000257
OPCODE	205A	504	0.000257
OPCODE	225A	504	0.000257
OPCODE	3419	502	0.000256
OPCODE	D7CD	502	0.000256
OPCODE	2C56	501	0.000255
OPCODE	B05B	499	0.000254
OPCODE	5048	499	0.000254
OPCODE	22C6	498	0.000254
OPCODE	6A32	497	0.000253
OPCODE	9069	496	0.000253
OPCODE	41F9	496	0.000253
OPCODE	7050	496	0.000253
OPCODE	B7EE	494	0.000252
OPCODE	0883	494	0.000252
OPCODE	284E	494	0.000252
OPCODE	2F06	492	0.000251
OPCODE	2941	491	0.000250
OPCODE	D4C3	489	0.000249
OPCODE	129F	489	0.000249
OPCODE	1F11	489	0.000249
OPCODE	08AE	489	0.000249
OPCODE	2C33	489	0.000249
OPCODE	284B	489	0.000249
OPCODE	9042	487	0.000248
OPCODE	A024	486	0.000248
OPCODE	55C7	486	0.000248
OPCODE	254E	482	0.000246
OPCODE	43EF	482	0.000246
OPCODE	0092	482	0.000246
OPCODE	08E8	481	0.000245
OPCODE	3F02	479	0.000244
OPCODE	0C6D	479	0.000244
OPCODE	0C6B	478	0.000244
OPCODE	6FC0	478	0.000244
OPCODE	BC6E	477	0.000243
OPCODE	1140	476	0.000243
OPCODE	DE86	473	0.000241
OPCODE	C200	470	0.000240
OPCODE	5C48	469	0.000239
OPCODE	2A55	467	0.000238
OPCODE	D259	465	0.000237
OPCODE	C2C2	465	0.000237
OPCODE	D7D3	464	0.000237
OPCODE	2471	462	0.000236
OPCODE	2F5F	462	0.000236
OPCODE	66EC	461	0.000235
OPCODE	20C1	458	0.000234
OPCODE	C042	453	0.000231
OPCODE	6D26	452	0.000230
OPCODE	5378	451	0.000230
OPCODE	12E8	451	0.000230
OPCODE	5278	451	0.000230
OPCODE	61D8	450	0.000229
OPCODE	5D40	449	0.000229
OPCODE	B082	449	0.000229
OPCODE	2F40	449	0.000229
OPCODE	2036	448	0.000228
OPCODE	3236	448	0.000228
OPCODE	50F8	448	0.000228
OPCODE	60AE	448	0.000228
OPCODE	4876	448	0.000228
OPCODE	2D76	448	0.000228
OPCODE	6310	448	0.000228
OPCODE	504C	448	0.000228
OPCODE	61E0	448	0.000228
OPCODE	D2C8	447	0.000228
OPCODE	6E0E	446	0.000227
OPCODE	F217	444	0.000226
OPCODE	2883	444	0.000226
OPCODE	8685	444	0.000226
OPCODE	C694	444	0.000226
OPCODE	246C	443	0.000226
OPCODE	66F8	443	0.000226
OPCODE	D085	441	0.000225
OPCODE	B078	440	0.000224
OPCODE	2275	439	0.000224
OPCODE	1F40	439	0.000224
OPCODE	4A81	439	0.000224
OPCODE	0C82	438	0.000223
OPCODE	6778	436	0.000222
OPCODE	B0AA	436	0.000222
OPCODE	2031	435	0.000222
OPCODE	614E	435	0.000222
OPCODE	92C8	434	0.000221
OPCODE	BDF8	433	0.000221
OPCODE	2C2A	431	0.000220
OPCODE	224D	431	0.000220
OPCODE	3D50	429	0.000219
OPCODE	3429	425	0.000217
OPCODE	3342	425	0.000217
OPCODE	220F	425	0.000217
OPCODE	236E	424	0.000216
OPCODE	603A	424	0.000216
OPCODE	E9A9	422	0.000215
OPCODE	B242	419	0.000214
OPCODE	D240	419	0.000214
OPCODE	D6EB	418	0.000213
OPCODE	2C5F	418	0.000213
OPCODE	3A1A	418	0.000213
OPCODE	2F0E	418	0.000213
OPCODE	49E9	417	0.000213
OPCODE	1813	417	0.000213
OPCODE	D8C7	416	0.000212
OPCODE	57CA	414	0.000211
OPCODE	2D45	414	0.000211
OPCODE	2656	414	0.000211
OPCODE	DE47	413	0.000211
OPCODE	9651	413	0.000211
OPCODE	6F1A	413	0.000211
OPCODE	9459	413	0.000211
OPCODE	6048	412	0.000210
OPCODE	3F28	412	0.000210
OPCODE	6A22	411	0.000210
OPCODE	B4B8	411	0.000210
OPCODE	2D4A	410	0.000209
OPCODE	604C	409	0.000209
OPCODE	DA87	409	0.000209
OPCODE	B278	409	0.000209
OPCODE	208C	408	0.000208
OPCODE	D584	407	0.000208
OPCODE	42A9	407	0.000208
OPCODE	3C2B	407	0.000208
OPCODE	D3CA	407	0.000208
OPCODE	91CA	407	0.000208
OPCODE	D986	407	0.000208
OPCODE	5548	406	0.000207
OPCODE	2E41	404	0.000206
OPCODE	3F11	404	0.000206
OPCODE	2191	403	0.000205
OPCODE	31A9	403	0.000205
OPCODE	2A02	401	0.000204
OPCODE	6792	396	0.000202
OPCODE	0228	396	0.000202
OPCODE	2C68	395	0.000201
OPCODE	41F6	394	0.000201
OPCODE	7224	394	0.000201
OPCODE	337C	394	0.000201
OPCODE	B46B	394	0.000201
OPCODE	61EA	394	0.000201
OPCODE	023C	394	0.000201
OPCODE	B26B	394	0.000201
OPCODE	B297	392	0.000200
OPCODE	A01F	392	0.000200
OPCODE	3151	391	0.000199
OPCODE	6D42	391	0.000199
OPCODE	526E	391	0.000199
OPCODE	A901	391	0.000199
OPCODE	2949	391	0.000199
OPCODE	32D0	391	0.000199
OPCODE	92AE	391	0.000199
OPCODE	50D9	391	0.000199
OPCODE	5238	390	0.000199
OPCODE	3941	390	0.000199
OPCODE	43FB	388	0.000198
OPCODE	2C02	388	0.000198
OPCODE	49F3	387	0.000197
OPCODE	C06E	386	0.000197
OPCODE	6438	386	0.000197
OPCODE	5387	385	0.000196
OPCODE	6F08	382	0.000195
OPCODE	6208	381	0.000194
OPCODE	BC85	378	0.000193
OPCODE	E9C1	378	0.000193
OPCODE	A822	377	0.000192
OPCODE	2019	376	0.000192
OPCODE	2C1C	375	0.000191
OPCODE	6C32	375	0.000191
OPCODE	2889	375	0.000191
OPCODE	0245	374	0.000191
OPCODE	21CC	374	0.000191
OPCODE	3287	374	0.000191
OPCODE	E580	372	0.000190
OPCODE	60DE	371	0.000189
OPCODE	5538	371	0.000189
OPCODE	6B5E	371	0.000189
OPCODE	67E2	370	0.000189
OPCODE	4A86	370	0.000189
OPCODE	6116	370	0.000189
OPCODE	A023	369	0.000188
OPCODE	3D44	369	0.000188
OPCODE	A31E	369	0.000188
OPCODE	65CE	368	0.000188
OPCODE	1007	367	0.000187
OPCODE	60DC	366	0.000187
OPCODE	6306	366	0.000187
OPCODE	6328	364	0.000186
OPCODE	209F	364	0.000186
OPCODE	BEAD	364	0.000186
OPCODE	D844	364	0.000186
OPCODE	43F9	363	0.000185
OPCODE	20DF	362	0.000185
OPCODE	2169	362	0.000185
OPCODE	E0A9	362	0.000185
OPCODE	30DF	362	0.000185
OPCODE	2806	361	0.000184
OPCODE	2A07	360	0.000184
OPCODE	D158	358	0.000183
OPCODE	2E2A	358	0.000183
OPCODE	2D42	357	0.000182
OPCODE	2042	357	0.000182
OPCODE	906B	357	0.000182
OPCODE	B1F8	356	0.000182
OPCODE	1C3C	355	0.000181
OPCODE	F4F1	355	0.000181
OPCODE	4A51	355	0.000181
OPCODE	D091	354	0.000180
OPCODE	D3D1	354	0.000180
OPCODE	2455	353	0.000180
OPCODE	6196	352	0.000179
OPCODE	B308	352	0.000179
OPCODE	7E02	352	0.000179
OPCODE	9A8E	352	0.000179
OPCODE	C295	351	0.000179
OPCODE	242E	351	0.000179
OPCODE	3740	351	0.000179
OPCODE	3A03	351	0.000179
OPCODE	262D	350	0.000178
OPCODE	E741	350	0.000178
OPCODE	3802	350	0.000178
OPCODE	4298	349	0.000178
OPCODE	B741	349	0.000178
OPCODE	8641	349	0.000178
OPCODE	5BEE	349	0.000178
OPCODE	0001	346	0.000176
OPCODE	2075	346	0.000176
OPCODE	2D51	346	0.000176
OPCODE	CC85	344	0.000175
OPCODE	E248	344	0.000175
OPCODE	8086	344	0.000175
OPCODE	C095	344	0.000175
OPCODE	4EB6	344	0.000175
OPCODE	5488	341	0.000174
OPCODE	51EE	340	0.000173
OPCODE	5268	340	0.000173
OPCODE	664E	338	0.000172
OPCODE	604A	338	0.000172
OPCODE	C0AC	337	0.000172
OPCODE	B1C9	336	0.000171
OPCODE	E509	336	0.000171
OPCODE	6D7A	336	0.000171
OPCODE	8328	336	0.000171
OPCODE	B9D3	336	0.000171
OPCODE	6E6E	335	0.000171
OPCODE	6D5C	334	0.000170
OPCODE	6C06	334	0.000170
OPCODE	E2AB	334	0.000170
OPCODE	C291	334	0.000170
OPCODE	EA82	334	0.000170
OPCODE	E1AA	334	0.000170
OPCODE	EA80	334	0.000170
OPCODE	48C6	333	0.000170
OPCODE	E480	332	0.000169
OPCODE	B300	330	0.000168
OPCODE	60D8	330	0.000168
OPCODE	1028	330	0.000168
OPCODE	B6AC	326	0.000166
OPCODE	D0C0	325	0.000166
OPCODE	6F0C	325	0.000166
OPCODE	08D2	322	0.000164
OPCODE	0892	322	0.000164
OPCODE	BEAC	322	0.000164
OPCODE	2D47	320	0.000163
OPCODE	3030	320	0.000163
OPCODE	1630	320	0.000163
OPCODE	9201	320	0.000163
OPCODE	1830	320	0.000163
OPCODE	5140	319	0.000163
OPCODE	5347	319	0.000163
OPCODE	D093	317	0.000162
OPCODE	1012	317	0.000162
OPCODE	1A00	316	0.000161
OPCODE	BA40	316	0.000161
OPCODE	197C	316	0.000161
OPCODE	C06B	316	0.000161
OPCODE	ED49	314	0.000160
OPCODE	650A	312	0.000159
OPCODE	610C	311	0.000159
OPCODE	C1EE	311	0.000159
OPCODE	650C	311	0.000159
OPCODE	2D58	310	0.000158
OPCODE	1210	310	0.000158
OPCODE	67EE	308	0.000157
OPCODE	6B34	308	0.000157
OPCODE	6A3E	307	0.000157
OPCODE	421C	306	0.000156
OPCODE	7054	306	0.000156
OPCODE	1E00	305	0.000156
OPCODE	1180	304	0.000155
OPCODE	D301	304	0.000155
OPCODE	5210	304	0.000155
OPCODE	2271	303	0.000154
OPCODE	7620	303	0.000154
OPCODE	A82A	302	0.000154
OPCODE	B047	301	0.000153
OPCODE	4E94	300	0.000153
OPCODE	620C	299	0.000152
OPCODE	2A04	299	0.000152
OPCODE	D06A	299	0.000152
OPCODE	4E5C	298	0.000152
OPCODE	4E54	298	0.000152
OPCODE	30EE	297	0.000151
OPCODE	377C	296	0.000151
OPCODE	946E	294	0.000150
OPCODE	6644	294	0.000150
OPCODE	3401	293	0.000149
OPCODE	6CF6	292	0.000149
OPCODE	22C4	290	0.000148
OPCODE	5489	290	0.000148
OPCODE	2850	290	0.000148
OPCODE	E189	290	0.000148
OPCODE	1D68	288	0.000147
OPCODE	22C2	288	0.000147
OPCODE	926D	288	0.000147
OPCODE	66D4	288	0.000147
OPCODE	5300	287	0.000146
OPCODE	3A2C	287	0.000146
OPCODE	244C	285	0.000145
OPCODE	94C0	282	0.000144
OPCODE	6D3C	280	0.000143
OPCODE	9FC2	280	0.000143
OPCODE	246A	280	0.000143
OPCODE	28AE	279	0.000142
OPCODE	D087	279	0.000142
OPCODE	2950	278	0.000142
OPCODE	614A	278	0.000142
OPCODE	235F	278	0.000142
OPCODE	5381	277	0.000141
OPCODE	E0AC	276	0.000141
OPCODE	D290	276	0.000141
OPCODE	2281	276	0.000141
OPCODE	643C	274	0.000140
OPCODE	A893	273	0.000139
OPCODE	722A	273	0.000139
OPCODE	6148	273	0.000139
OPCODE	1744	272	0.000139
OPCODE	6516	272	0.000139
OPCODE	2C0A	272	0.000139
OPCODE	EE8C	272	0.000139
OPCODE	9682	272	0.000139
OPCODE	E29A	272	0.000139
OPCODE	E08C	272	0.000139
OPCODE	EA48	271	0.000138
OPCODE	5449	270	0.000138
OPCODE	6DE2	270	0.000138
OPCODE	4BEE	270	0.000138
OPCODE	6B30	269	0.000137
OPCODE	B843	269	0.000137
OPCODE	D358	268	0.000137
OPCODE	322D	267	0.000136
OPCODE	49C7	265	0.000135
OPCODE	56C7	265	0.000135
OPCODE	E858	265	0.000135
OPCODE	4ED5	265	0.000135
OPCODE	4A76	265	0.000135
OPCODE	E24C	264	0.000135
OPCODE	C0C1	263	0.000134
OPCODE	31E8	261	0.000133
OPCODE	B06B	261	0.000133
OPCODE	610E	261	0.000133
OPCODE	342B	261	0.000133
OPCODE	2968	261	0.000133
OPCODE	2E88	260	0.000133
OPCODE	2845	260	0.000133
OPCODE	48C5	260	0.000133
OPCODE	7AFF	259	0.000132
OPCODE	34D9	258	0.000132
OPCODE	D843	258	0.000132
OPCODE	286F	258	0.000132
OPCODE	6220	258	0.000132
OPCODE	906D	257	0.000131
OPCODE	4A99	257	0.000131
OPCODE	5549	257	0.000131
OPCODE	536D	256	0.000131
OPCODE	5287	256	0.000131
OPCODE	526D	256	0.000131
OPCODE	9685	255	0.000130
OPCODE	08EC	255	0.000130
OPCODE	9A87	255	0.000130
OPCODE	3229	254	0.000130
OPCODE	4AB1	254	0.000130
OPCODE	3404	254	0.000130
OPCODE	67EA	253	0.000129
OPCODE	2308	253	0.000129
OPCODE	42AC	253	0.000129
OPCODE	62B8	252	0.000128
OPCODE	206A	249	0.000127
OPCODE	1485	249	0.000127
OPCODE	1A12	249	0.000127
OPCODE	558C	249	0.000127
OPCODE	B7D4	247	0.000126
OPCODE	80FC	247	0.000126
OPCODE	5589	247	0.000126
OPCODE	08AC	247	0.000126
OPCODE	C149	246	0.000125
OPCODE	9584	246	0.000125
OPCODE	D1CA	246	0.000125
OPCODE	93CA	246	0.000125
OPCODE	31C0	246	0.000125
OPCODE	9986	246	0.000125
OPCODE	4A30	245	0.000125
OPCODE	E38E	245	0.000125
OPCODE	A065	245	0.000125
OPCODE	2405	245	0.000125
OPCODE	518A	244	0.000124
OPCODE	2410	244	0.000124
OPCODE	BC6B	244	0.000124
OPCODE	B682	244	0.000124
OPCODE	70C6	243	0.000124
OPCODE	D641	243	0.000124
OPCODE	E96B	243	0.000124
OPCODE	926B	242	0.000123
OPCODE	57EE	241	0.000123
OPCODE	C099	241	0.000123
OPCODE	67F0	241	0.000123
OPCODE	66B6	240	0.000122
OPCODE	242B	240	0.000122
OPCODE	2641	238	0.000121
OPCODE	3810	238	0.000121
OPCODE	DAFC	238	0.000121
OPCODE	D46E	236	0.000120
OPCODE	D5CB	236	0.000120
OPCODE	2A18	236	0.000120
OPCODE	6F0E	235	0.000120
OPCODE	E440	234	0.000119
OPCODE	B483	234	0.000119
OPCODE	1238	234	0.000119
OPCODE	C94D	234	0.000119
OPCODE	2202	234	0.000119
OPCODE	1011	233	0.000119
OPCODE	1211	233	0.000119
OPCODE	906C	233	0.000119
OPCODE	2207	232	0.000118
OPCODE	741F	231	0.000118
OPCODE	EBA9	231	0.000118
OPCODE	8CAE	231	0.000118
OPCODE	0054	230	0.000117
OPCODE	2C04	230	0.000117
OPCODE	45F1	230	0.000117
OPCODE	E84B	230	0.000117
OPCODE	6510	230	0.000117
OPCODE	55C0	229	0.000117
OPCODE	DBC0	229	0.000117
OPCODE	343C	229	0.000117
OPCODE	5880	229	0.000117
OPCODE	96C0	229	0.000117
OPCODE	C0AB	229	0.000117
OPCODE	D052	229	0.000117
OPCODE	2653	229	0.000117
OPCODE	70F8	229	0.000117
OPCODE	DBC1	229	0.000117
OPCODE	99CC	228	0.000116
OPCODE	2076	228	0.000116
OPCODE	3413	227	0.000116
OPCODE	204E	227	0.000116
OPCODE	3207	227	0.000116
OPCODE	4A82	225	0.000115
OPCODE	C0FC	225	0.000115
OPCODE	65D8	225	0.000115
OPCODE	56C2	224	0.000114
OPCODE	200F	224	0.000114
OPCODE	C602	224	0.000114
OPCODE	C12E	224	0.000114
OPCODE	6A28	224	0.000114
OPCODE	5FE7	224	0.000114
OPCODE	D141	224	0.000114
OPCODE	9D6E	224	0.000114
OPCODE	862E	224	0.000114
OPCODE	D368	224	0.000114
OPCODE	4244	223	0.000114
OPCODE	1228	223	0.000114
OPCODE	0C87	223	0.000114
OPCODE	43F1	223	0.000114
OPCODE	E16F	222	0.000113
OPCODE	B244	222	0.000113
OPCODE	6C38	222	0.000113
OPCODE	31B2	221	0.000113
OPCODE	5545	220	0.000112
OPCODE	5040	220	0.000112
OPCODE	A884	220	0.000112
OPCODE	B5FC	220	0.000112
OPCODE	3E1A	219	0.000112
OPCODE	3C12	219	0.000112
OPCODE	101C	219	0.000112
OPCODE	DF6B	219	0.000112
OPCODE	6032	219	0.000112
OPCODE	911C	219	0.000112
OPCODE	3808	219	0.000112
OPCODE	D36B	219	0.000112
OPCODE	C443	219	0.000112
OPCODE	0C6A	219	0.000112
OPCODE	9C47	219	0.000112
OPCODE	E6A8	219	0.000112
OPCODE	6B4A	218	0.000111
OPCODE	43F2	218	0.000111
OPCODE	6F06	218	0.000111
OPCODE	5640	218	0.000111
OPCODE	584E	217	0.000111
OPCODE	E9D6	217	0.000111
OPCODE	3602	217	0.000111
OPCODE	2A54	216	0.000110
OPCODE	C4C4	216	0.000110
OPCODE	8280	215	0.000110
OPCODE	2F57	215	0.000110
OPCODE	4685	214	0.000109
OPCODE	341F	214	0.000109
OPCODE	6C46	213	0.000109
OPCODE	5385	212	0.000108
OPCODE	603E	211	0.000108
OPCODE	6DF0	210	0.000107
OPCODE	48D3	210	0.000107
OPCODE	4CD3	210	0.000107
OPCODE	545B	210	0.000107
OPCODE	620A	209	0.000107
OPCODE	2F05	209	0.000107
OPCODE	316A	208	0.000106
OPCODE	1219	206	0.000105
OPCODE	12C1	206	0.000105
OPCODE	3F38	204	0.000104
OPCODE	B9FC	204	0.000104
OPCODE	6C0A	204	0.000104
OPCODE	1281	204	0.000104
OPCODE	60D2	203	0.000104
OPCODE	D7D4	203	0.000104
OPCODE	21ED	203	0.000104
OPCODE	2808	203	0.000104
OPCODE	9088	201	0.000102
OPCODE	8083	200	0.000102
OPCODE	C243	200	0.000102
OPCODE	C091	200	0.000102
OPCODE	0831	199	0.000101
OPCODE	142C	198	0.000101
OPCODE	34E9	198	0.000101
OPCODE	0057	198	0.000101
OPCODE	B05A	198	0.000101
OPCODE	34A9	198	0.000101
OPCODE	1C00	197	0.000100
OPCODE	3F14	196	0.000100
OPCODE	E9C2	196	0.000100
OPCODE	EFC1	196	0.000100
OPCODE	56CC	195	0.000099
OPCODE	2E10	195	0.000099
OPCODE	B38B	195	0.000099
OPCODE	10D9	194	0.000099
OPCODE	3D68	194	0.000099
OPCODE	6742	194	0.000099
OPCODE	2368	193	0.000098
OPCODE	3C00	193	0.000098
OPCODE	B1E9	192	0.000098
OPCODE	46EF	192	0.000098
OPCODE	56C6	191	0.000097
OPCODE	47EC	191	0.000097
OPCODE	BC2C	191	0.000097
OPCODE	4BFA	191	0.000097
OPCODE	B5EC	191	0.000097
OPCODE	20C7	190	0.000097
OPCODE	0C84	190	0.000097
OPCODE	1F7C	189	0.000096
OPCODE	224F	189	0.000096
OPCODE	A8E4	188	0.000096
OPCODE	425B	188	0.000096
OPCODE	E848	187	0.000095
OPCODE	2F19	187	0.000095
OPCODE	0040	187	0.000095
OPCODE	264C	187	0.000095
OPCODE	B1C1	187	0.000095
OPCODE	B240	186	0.000095
OPCODE	0190	186	0.000095
OPCODE	A04A	185	0.000094
OPCODE	61CC	184	0.000094
OPCODE	1944	184	0.000094
OPCODE	DE41	184	0.000094
OPCODE	E16E	184	0.000094
OPCODE	9C41	184	0.000094
OPCODE	1884	184	0.000094
OPCODE	528C	184	0.000094
OPCODE	3035	184	0.000094
OPCODE	7810	184	0.000094
OPCODE	B814	184	0.000094
OPCODE	B81C	184	0.000094
OPCODE	50E7	184	0.000094
OPCODE	3407	184	0.000094
OPCODE	3803	184	0.000094
OPCODE	E56C	184	0.000094
OPCODE	296E	183	0.000093
OPCODE	B068	183	0.000093
OPCODE	721F	183	0.000093
OPCODE	7A01	182	0.000093
OPCODE	A322	182	0.000093
OPCODE	9883	181	0.000092
OPCODE	0C70	181	0.000092
OPCODE	AA14	181	0.000092
OPCODE	2151	180	0.000092
OPCODE	48D0	180	0.000092
OPCODE	66E4	180	0.000092
OPCODE	2157	180	0.000092
OPCODE	0C98	180	0.000092
OPCODE	BE90	180	0.000092
OPCODE	5480	179	0.000091
OPCODE	3600	179	0.000091
OPCODE	223B	178	0.000091
OPCODE	D8C0	178	0.000091
OPCODE	BF00	178	0.000091
OPCODE	E538	178	0.000091
OPCODE	6D08	178	0.000091
OPCODE	2880	175	0.000089
OPCODE	2C08	175	0.000089
OPCODE	207C	175	0.000089
OPCODE	6804	174	0.000089
OPCODE	926A	173	0.000088
OPCODE	60AA	172	0.000088
OPCODE	20B8	172	0.000088
OPCODE	3A11	171	0.000087
OPCODE	4257	171	0.000087
OPCODE	2A2C	171	0.000087
OPCODE	34D1	171	0.000087
OPCODE	B642	170	0.000087
OPCODE	6134	170	0.000087
OPCODE	EA89	170	0.000087
OPCODE	30C7	170	0.000087
OPCODE	1C03	170	0.000087
OPCODE	7E0A	170	0.000087
OPCODE	2F2A	169	0.000086
OPCODE	1E01	169	0.000086
OPCODE	0C04	169	0.000086
OPCODE	1834	169	0.000086
OPCODE	D851	168	0.000086
OPCODE	21FC	168	0.000086
OPCODE	61C4	168	0.000086
OPCODE	6E82	168	0.000086
OPCODE	026E	168	0.000086
OPCODE	9BCD	168	0.000086
OPCODE	61BE	167	0.000085
OPCODE	605C	167	0.000085
OPCODE	244D	167	0.000085
OPCODE	102F	167	0.000085
OPCODE	323B	167	0.000085
OPCODE	6774	166	0.000085
OPCODE	518F	166	0.000085
OPCODE	3947	166	0.000085
OPCODE	2F6F	166	0.000085
OPCODE	204F	164	0.000084
OPCODE	66FA	164	0.000084
OPCODE	3435	164	0.000084
OPCODE	E4AD	164	0.000084
OPCODE	4444	163	0.000083
OPCODE	780F	163	0.000083
OPCODE	C843	163	0.000083
OPCODE	6EC8	163	0.000083
OPCODE	49FA	163	0.000083
OPCODE	223C	162	0.000083
OPCODE	3F3A	162	0.000083
OPCODE	B2FC	162	0.000083
OPCODE	3F29	161	0.000082
OPCODE	6110	160	0.000082
OPCODE	8242	160	0.000082
OPCODE	D100	160	0.000082
OPCODE	E218	160	0.000082
OPCODE	F236	159	0.000081
OPCODE	142B	158	0.000081
OPCODE	6304	158	0.000081
OPCODE	2E48	158	0.000081
OPCODE	DC93	158	0.000081
OPCODE	BEAE	158	0.000081
OPCODE	2F21	157	0.000080
OPCODE	3606	156	0.000080
OPCODE	C4FC	155	0.000079
OPCODE	6142	155	0.000079
OPCODE	08A8	155	0.000079
OPCODE	5741	155	0.000079
OPCODE	E219	155	0.000079
OPCODE	7E01	154	0.000079
OPCODE	ED59	153	0.000078
OPCODE	536F	152	0.000077
OPCODE	2E6D	152	0.000077
OPCODE	01D0	152	0.000077
OPCODE	08B0	152	0.000077
OPCODE	1142	152	0.000077
OPCODE	319F	152	0.000077
OPCODE	64F0	152	0.000077
OPCODE	61A6	151	0.000077
OPCODE	7205	151	0.000077
OPCODE	5887	151	0.000077
OPCODE	C1C1	151	0.000077
OPCODE	C446	150	0.000076
OPCODE	D46B	150	0.000076
OPCODE	A9EE	150	0.000076
OPCODE	B269	150	0.000076
OPCODE	7E0F	150	0.000076
OPCODE	7C07	150	0.000076
OPCODE	4A2F	150	0.000076
OPCODE	D5F2	150	0.000076
OPCODE	E8C1	150	0.000076
OPCODE	2C36	149	0.000076
OPCODE	6D1A	149	0.000076
OPCODE	652A	149	0.000076
OPCODE	294D	148	0.000075
OPCODE	B5C0	148	0.000075
OPCODE	220C	148	0.000075
OPCODE	294F	148	0.000075
OPCODE	2E6C	148	0.000075
OPCODE	621C	148	0.000075
OPCODE	B845	147	0.000075
OPCODE	2141	147	0.000075
OPCODE	0C07	147	0.000075
OPCODE	6080	147	0.000075
OPCODE	1202	147	0.000075
OPCODE	CE53	147	0.000075
OPCODE	6658	146	0.000074
OPCODE	1E2E	145	0.000074
OPCODE	604E	145	0.000074
OPCODE	1280	145	0.000074
OPCODE	5289	144	0.000073
OPCODE	E208	144	0.000073
OPCODE	67DC	144	0.000073
OPCODE	BE92	144	0.000073
OPCODE	65F6	144	0.000073
OPCODE	0042	144	0.000073
OPCODE	D1C3	144	0.000073
OPCODE	4268	144	0.000073
OPCODE	2030	143	0.000073
OPCODE	2C1F	143	0.000073
OPCODE	B4A8	143	0.000073
OPCODE	8043	143	0.000073
OPCODE	B0A9	143	0.000073
OPCODE	7402	142	0.000072
OPCODE	2A4F	142	0.000072
OPCODE	DEFC	141	0.000072
OPCODE	3609	140	0.000071
OPCODE	93CC	140	0.000071
OPCODE	E749	140	0.000071
OPCODE	67D8	140	0.000071
OPCODE	60E6	140	0.000071
OPCODE	61DE	140	0.000071
OPCODE	4CD0	140	0.000071
OPCODE	554B	140	0.000071
OPCODE	284F	140	0.000071
OPCODE	6FF0	140	0.000071
OPCODE	61A4	138	0.000070
OPCODE	222A	138	0.000070
OPCODE	E368	138	0.000070
OPCODE	2385	138	0.000070
OPCODE	D244	138	0.000070
OPCODE	6E48	137	0.000070
OPCODE	2828	137	0.000070
OPCODE	30FC	137	0.000070
OPCODE	2D43	137	0.000070
OPCODE	0881	136	0.000069
OPCODE	618E	136	0.000069
OPCODE	288C	136	0.000069
OPCODE	66D8	136	0.000069
OPCODE	B9C9	136	0.000069
OPCODE	3142	136	0.000069
OPCODE	AA15	136	0.000069
OPCODE	294C	136	0.000069
OPCODE	2A03	135	0.000069
OPCODE	6C02	135	0.000069
OPCODE	215F	135	0.000069
OPCODE	2801	134	0.000068
OPCODE	D640	134	0.000068
OPCODE	E968	134	0.000068
OPCODE	666C	133	0.000068
OPCODE	B652	132	0.000067
OPCODE	B680	132	0.000067
OPCODE	A069	132	0.000067
OPCODE	1030	132	0.000067
OPCODE	2D46	132	0.000067
OPCODE	2082	132	0.000067
OPCODE	57C5	131	0.000067
OPCODE	D1F0	131	0.000067
OPCODE	18C5	130	0.000066
OPCODE	10FC	130	0.000066
OPCODE	1705	130	0.000066
OPCODE	DC44	130	0.000066
OPCODE	E400	130	0.000066
OPCODE	9641	129	0.000066
OPCODE	E9C0	129	0.000066
OPCODE	3009	129	0.000066
OPCODE	611E	129	0.000066
OPCODE	4245	129	0.000066
OPCODE	9048	128	0.000065
OPCODE	A050	128	0.000065
OPCODE	283C	128	0.000065
OPCODE	C684	128	0.000065
OPCODE	6F10	127	0.000065
OPCODE	6024	127	0.000065
OPCODE	6762	127	0.000065
OPCODE	AB1D	127	0.000065
OPCODE	5445	127	0.000065
OPCODE	9A82	126	0.000064
OPCODE	C1C4	126	0.000064
OPCODE	D7C4	126	0.000064
OPCODE	70DA	126	0.000064
OPCODE	3082	126	0.000064
OPCODE	A122	126	0.000064
OPCODE	A96F	126	0.000064
OPCODE	9A86	126	0.000064
OPCODE	E158	125	0.000064
OPCODE	B250	125	0.000064
OPCODE	41FB	125	0.000064
OPCODE	08EA	125	0.000064
OPCODE	66E2	125	0.000064
OPCODE	56F8	125	0.000064
OPCODE	EBC0	125	0.000064
OPCODE	216C	125	0.000064
OPCODE	BE86	125	0.000064
OPCODE	0805	125	0.000064
OPCODE	4CAE	125	0.000064
OPCODE	6FB6	125	0.000064
OPCODE	E508	125	0.000064
OPCODE	4847	124	0.000063
OPCODE	360B	124	0.000063
OPCODE	3370	124	0.000063
OPCODE	7C1F	124	0.000063
OPCODE	6750	124	0.000063
OPCODE	0C78	124	0.000063
OPCODE	0C34	124	0.000063
OPCODE	0C2A	124	0.000063
OPCODE	A06A	124	0.000063
OPCODE	22B0	124	0.000063
OPCODE	2490	124	0.000063
OPCODE	E44B	123	0.000063
OPCODE	4201	123	0.000063
OPCODE	6DC8	123	0.000063
OPCODE	C0E9	123	0.000063
OPCODE	B26E	123	0.000063
OPCODE	80C1	122	0.000062
OPCODE	B1FC	122	0.000062
OPCODE	66F6	121	0.000062
OPCODE	2548	121	0.000062
OPCODE	6058	120	0.000061
OPCODE	D5C2	120	0.000061
OPCODE	121A	120	0.000061
OPCODE	2403	120	0.000061
OPCODE	B1C0	120	0.000061
OPCODE	AA33	119	0.000061
OPCODE	2484	119	0.000061
OPCODE	216E	119	0.000061
OPCODE	6DFA	118	0.000060
OPCODE	522A	118	0.000060
OPCODE	97D4	118	0.000060
OPCODE	45F8	118	0.000060
OPCODE	57C8	118	0.000060
OPCODE	162C	118	0.000060
OPCODE	2946	118	0.000060
OPCODE	D882	118	0.000060
OPCODE	0202	118	0.000060
OPCODE	67AE	117	0.000060
OPCODE	4A17	117	0.000060
OPCODE	3D78	117	0.000060
OPCODE	8401	117	0.000060
OPCODE	612C	117	0.000060
OPCODE	7C7F	117	0.000060
OPCODE	4A70	117	0.000060
OPCODE	4A91	116	0.000059
OPCODE	6D24	116	0.000059
OPCODE	4486	116	0.000059
OPCODE	48C3	116	0.000059
OPCODE	3E2B	116	0.000059
OPCODE	082C	116	0.000059
OPCODE	C0A8	116	0.000059
OPCODE	CEB0	115	0.000059
OPCODE	9252	115	0.000059
OPCODE	254A	115	0.000059
OPCODE	61D4	115	0.000059
OPCODE	2420	115	0.000059
OPCODE	B490	115	0.000059
OPCODE	22E0	115	0.000059
OPCODE	D0EE	114	0.000058
OPCODE	594A	114	0.000058
OPCODE	B880	113	0.000058
OPCODE	A853	113	0.000058
OPCODE	A855	113	0.000058
OPCODE	2408	112	0.000057
OPCODE	6D10	112	0.000057
OPCODE	B859	112	0.000057
OPCODE	2340	112	0.000057
OPCODE	700F	112	0.000057
OPCODE	D3AE	111	0.000057
OPCODE	7C01	111	0.000057
OPCODE	3F5F	111	0.000057
OPCODE	3410	111	0.000057
OPCODE	C07C	110	0.000056
OPCODE	2C07	110	0.000056
OPCODE	00AC	110	0.000056
OPCODE	6D02	110	0.000056
OPCODE	47F1	110	0.000056
OPCODE	4A73	110	0.000056
OPCODE	6788	109	0.000056
OPCODE	A88C	109	0.000056
OPCODE	266F	109	0.000056
OPCODE	3C38	109	0.000056
OPCODE	50E9	108	0.000055
OPCODE	6136	108	0.000055
OPCODE	1E2B	107	0.000055
OPCODE	6182	107	0.000055
OPCODE	242A	107	0.000055
OPCODE	3A01	106	0.000054
OPCODE	84FC	106	0.000054
OPCODE	220A	106	0.000054
OPCODE	70F2	106	0.000054
OPCODE	246D	106	0.000054
OPCODE	362A	105	0.000054
OPCODE	6C14	105	0.000054
OPCODE	1205	105	0.000054
OPCODE	306E	105	0.000054
OPCODE	60B2	105	0.000054
OPCODE	42AB	105	0.000054
OPCODE	B5C9	104	0.000053
OPCODE	4A03	104	0.000053
OPCODE	3801	104	0.000053
OPCODE	7A03	104	0.000053
OPCODE	C589	104	0.000053
OPCODE	11C0	103	0.000053
OPCODE	49E8	102	0.000052
OPCODE	B485	102	0.000052
OPCODE	677A	102	0.000052
OPCODE	B02C	102	0.000052
OPCODE	2458	102	0.000052
OPCODE	31F8	102	0.000052
OPCODE	611A	102	0.000052
OPCODE	B08C	102	0.000052
OPCODE	2652	102	0.000052
OPCODE	3418	102	0.000052
OPCODE	E549	101	0.000051
OPCODE	5C8A	101	0.000051
OPCODE	5200	101	0.000051
OPCODE	7048	101	0.000051
OPCODE	2D09	101	0.000051
OPCODE	635A	101	0.000051
OPCODE	623E	101	0.000051
OPCODE	80EC	101	0.000051
OPCODE	9489	101	0.000051
OPCODE	6354	101	0.000051
OPCODE	B291	101	0.000051
OPCODE	6FD6	101	0.000051
OPCODE	486A	101	0.000051
OPCODE	66DA	101	0.000051
OPCODE	225E	101	0.000051
OPCODE	24C8	101	0.000051
OPCODE	D488	101	0.000051
OPCODE	2E1F	100	0.000051
OPCODE	8BFC	100	0.000051
OPCODE	38DB	100	0.000051
OPCODE	70CD	100	0.000051
OPCODE	C685	100	0.000051
OPCODE	208A	100	0.000051
OPCODE	B086	100	0.000051
OPCODE	0683	99	0.000050
OPCODE	2482	99	0.000050
OPCODE	EA4D	99	0.000050
OPCODE	93C8	99	0.000050
OPCODE	5441	99	0.000050
OPCODE	6D2E	99	0.000050
OPCODE	6672	99	0.000050
OPCODE	24E9	99	0.000050
OPCODE	65E8	99	0.000050
OPCODE	122C	99	0.000050
OPCODE	CAEE	99	0.000050
OPCODE	C18C	99	0.000050
OPCODE	D681	99	0.000050
OPCODE	E58B	99	0.000050
OPCODE	C6C1	99	0.000050
OPCODE	2A10	98	0.000050
OPCODE	BC6C	98	0.000050
OPCODE	3011	98	0.000050
OPCODE	5D42	98	0.000050
OPCODE	5281	97	0.000049
OPCODE	D7E8	97	0.000049
OPCODE	6C44	97	0.000049
OPCODE	2C28	97	0.000049
OPCODE	3C10	97	0.000049
OPCODE	7210	96	0.000049
OPCODE	2063	96	0.000049
OPCODE	3F2C	96	0.000049
OPCODE	2B78	96	0.000049
OPCODE	9CFC	96	0.000049
OPCODE	A862	96	0.000049
OPCODE	6E06	96	0.000049
OPCODE	3742	96	0.000049
OPCODE	4DEE	96	0.000049
OPCODE	6666	96	0.000049
OPCODE	2683	96	0.000049
OPCODE	3978	96	0.000049
OPCODE	6098	95	0.000048
OPCODE	66CC	95	0.000048
OPCODE	641A	95	0.000048
OPCODE	4299	95	0.000048
OPCODE	222F	95	0.000048
OPCODE	E54D	95	0.000048
OPCODE	3E06	95	0.000048
OPCODE	82FC	95	0.000048
OPCODE	D2C7	95	0.000048
OPCODE	BE53	95	0.000048
OPCODE	0041	95	0.000048
OPCODE	97CB	95	0.000048
OPCODE	DA46	95	0.000048
OPCODE	3E09	95	0.000048
OPCODE	E388	95	0.000048
OPCODE	9C81	95	0.000048
OPCODE	6FEE	95	0.000048
OPCODE	2203	94	0.000048
OPCODE	4A44	94	0.000048
OPCODE	31EC	94	0.000048
OPCODE	A8E6	94	0.000048
OPCODE	2F13	94	0.000048
OPCODE	0441	93	0.000047
OPCODE	A889	93	0.000047
OPCODE	2680	93	0.000047
OPCODE	A825	92	0.000047
OPCODE	B001	92	0.000047
OPCODE	2A69	92	0.000047
OPCODE	20C2	92	0.000047
OPCODE	216B	92	0.000047
OPCODE	396D	92	0.000047
OPCODE	2A31	92	0.000047
OPCODE	1203	91	0.000046
OPCODE	2740	91	0.000046
OPCODE	B844	91	0.000046
OPCODE	E781	90	0.000046
OPCODE	2404	90	0.000046
OPCODE	4AAA	90	0.000046
OPCODE	246B	90	0.000046
OPCODE	720A	90	0.000046
OPCODE	4214	90	0.000046
OPCODE	0894	89	0.000045
OPCODE	E188	89	0.000045
OPCODE	666E	89	0.000045
OPCODE	1204	89	0.000045
OPCODE	47EA	89	0.000045
OPCODE	2071	89	0.000045
OPCODE	6766	89	0.000045
OPCODE	665E	89	0.000045
OPCODE	2942	89	0.000045
OPCODE	1082	89	0.000045
OPCODE	A002	88	0.000045
OPCODE	E410	88	0.000045
OPCODE	48F8	88	0.000045
OPCODE	6E14	88	0.000045
OPCODE	C043	87	0.000044
OPCODE	6B38	87	0.000044
OPCODE	B7E8	87	0.000044
OPCODE	9C85	87	0.000044
OPCODE	84F8	87	0.000044
OPCODE	4442	86	0.000044
OPCODE	926C	86	0.000044
OPCODE	2E57	86	0.000044
OPCODE	7E1F	86	0.000044
OPCODE	67D4	86	0.000044
OPCODE	6318	86	0.000044
OPCODE	67BC	85	0.000043
OPCODE	4252	85	0.000043
OPCODE	2D9F	85	0.000043
OPCODE	3368	85	0.000043
OPCODE	0643	85	0.000043
OPCODE	611C	85	0.000043
OPCODE	6F18	85	0.000043
OPCODE	90AB	85	0.000043
OPCODE	2417	85	0.000043
OPCODE	667C	84	0.000043
OPCODE	6CD6	84	0.000043
OPCODE	6072	84	0.000043
OPCODE	41F7	84	0.000043
OPCODE	2097	84	0.000043
OPCODE	2419	84	0.000043
OPCODE	6230	84	0.000043
OPCODE	B229	84	0.000043
OPCODE	2E49	83	0.000042
OPCODE	D5C0	83	0.000042
OPCODE	228E	83	0.000042
OPCODE	95C0	83	0.000042
OPCODE	97C0	83	0.000042
OPCODE	928F	83	0.000042
OPCODE	E281	83	0.000042
OPCODE	48B8	83	0.000042
OPCODE	31FC	82	0.000042
OPCODE	6D44	82	0.000042
OPCODE	C22B	82	0.000042
OPCODE	9C6D	82	0.000042
OPCODE	9286	82	0.000042
OPCODE	61F6	82	0.000042
OPCODE	B095	82	0.000042
OPCODE	442E	82	0.000042
OPCODE	31DF	82	0.000042
OPCODE	6046	82	0.000042
OPCODE	2853	82	0.000042
OPCODE	102A	82	0.000042
OPCODE	651C	82	0.000042
OPCODE	E9AE	82	0.000042
OPCODE	CC80	82	0.000042
OPCODE	A8D9	81	0.000041
OPCODE	A9A0	81	0.000041
OPCODE	49F4	80	0.000041
OPCODE	1B7C	80	0.000041
OPCODE	A9EB	80	0.000041
OPCODE	3F6F	80	0.000041
OPCODE	80F8	80	0.000041
OPCODE	6D54	80	0.000041
OPCODE	B270	80	0.000041
OPCODE	6D52	80	0.000041
OPCODE	28A8	80	0.000041
OPCODE	5D8F	80	0.000041
OPCODE	D5D4	80	0.000041
OPCODE	6768	80	0.000041
OPCODE	B841	80	0.000041
OPCODE	0246	80	0.000041
OPCODE	B543	80	0.000041
OPCODE	60EE	79	0.000040
OPCODE	B290	79	0.000040
OPCODE	AA19	79	0.000040
OPCODE	3169	79	0.000040
OPCODE	D740	79	0.000040
OPCODE	6204	79	0.000040
OPCODE	6B5C	79	0.000040
OPCODE	11F8	79	0.000040
OPCODE	2E2B	79	0.000040
OPCODE	D08C	79	0.000040
OPCODE	4213	79	0.000040
OPCODE	C641	78	0.000040
OPCODE	3982	78	0.000040
OPCODE	6668	78	0.000040
OPCODE	122A	78	0.000040
OPCODE	B089	78	0.000040
OPCODE	2352	78	0.000040
OPCODE	A8D8	78	0.000040
OPCODE	619C	78	0.000040
OPCODE	2807	78	0.000040
OPCODE	2F49	77	0.000039
OPCODE	7602	77	0.000039
OPCODE	90FC	77	0.000039
OPCODE	B2B8	77	0.000039
OPCODE	A03C	77	0.000039
OPCODE	BC84	77	0.000039
OPCODE	7207	77	0.000039
OPCODE	4646	77	0.000039
OPCODE	469B	77	0.000039
OPCODE	47E8	77	0.000039
OPCODE	4886	77	0.000039
OPCODE	62F4	77	0.000039
OPCODE	D001	76	0.000039
OPCODE	D440	76	0.000039
OPCODE	B028	76	0.000039
OPCODE	BA59	76	0.000039
OPCODE	A830	76	0.000039
OPCODE	7280	76	0.000039
OPCODE	1768	76	0.000039
OPCODE	A089	76	0.000039
OPCODE	D804	76	0.000039
OPCODE	2142	76	0.000039
OPCODE	5BC1	76	0.000039
OPCODE	5989	76	0.000039
OPCODE	2A50	76	0.000039
OPCODE	2B4F	76	0.000039
OPCODE	6D0C	76	0.000039
OPCODE	805F	76	0.000039
OPCODE	C22D	76	0.000039
OPCODE	214A	76	0.000039
OPCODE	B1CC	76	0.000039
OPCODE	2D73	76	0.000039
OPCODE	6050	75	0.000038
OPCODE	60D6	75	0.000038
OPCODE	4AA9	75	0.000038
OPCODE	2F68	75	0.000038
OPCODE	E38F	75	0.000038
OPCODE	6D78	75	0.000038
OPCODE	B644	74	0.000038
OPCODE	2747	74	0.000038
OPCODE	D090	74	0.000038
OPCODE	9269	74	0.000038
OPCODE	2C09	73	0.000037
OPCODE	88EA	73	0.000037
OPCODE	3031	73	0.000037
OPCODE	DF53	73	0.000037
OPCODE	C4EA	73	0.000037
OPCODE	2A28	73	0.000037
OPCODE	2A13	73	0.000037
OPCODE	6C5A	73	0.000037
OPCODE	D687	73	0.000037
OPCODE	D651	73	0.000037
OPCODE	C6C6	73	0.000037
OPCODE	CCEA	73	0.000037
OPCODE	2605	73	0.000037
OPCODE	4259	73	0.000037
OPCODE	7C02	73	0.000037
OPCODE	8CFC	73	0.000037
OPCODE	84EA	73	0.000037
OPCODE	60C4	73	0.000037
OPCODE	606C	73	0.000037
OPCODE	86EA	73	0.000037
OPCODE	4883	72	0.000037
OPCODE	1C38	72	0.000037
OPCODE	2611	72	0.000037
OPCODE	2E11	72	0.000037
OPCODE	9E91	72	0.000037
OPCODE	2803	72	0.000037
OPCODE	C0E8	72	0.000037
OPCODE	C0D4	72	0.000037
OPCODE	6FDC	72	0.000037
OPCODE	6C0E	72	0.000037
OPCODE	72FE	72	0.000037
OPCODE	21C7	72	0.000037
OPCODE	0244	72	0.000037
OPCODE	3411	72	0.000037
OPCODE	EDC6	71	0.000036
OPCODE	DA86	71	0.000036
OPCODE	6B3E	71	0.000036
OPCODE	6D14	71	0.000036
OPCODE	0C83	71	0.000036
OPCODE	B446	71	0.000036
OPCODE	3A3C	71	0.000036
OPCODE	2035	71	0.000036
OPCODE	DDA8	71	0.000036
OPCODE	AA1A	71	0.000036
OPCODE	2C2B	71	0.000036
OPCODE	9E86	71	0.000036
OPCODE	3280	71	0.000036
OPCODE	4251	71	0.000036
OPCODE	277C	71	0.000036
OPCODE	2612	70	0.000036
OPCODE	802B	70	0.000036
OPCODE	B444	70	0.000036
OPCODE	3A1F	70	0.000036
OPCODE	E140	70	0.000036
OPCODE	2A4B	70	0.000036
OPCODE	2E2F	70	0.000036
OPCODE	9478	70	0.000036
OPCODE	D66D	70	0.000036
OPCODE	0447	70	0.000036
OPCODE	D86D	70	0.000036
OPCODE	3838	70	0.000036
OPCODE	9078	70	0.000036
OPCODE	66C8	69	0.000035
OPCODE	49F0	69	0.000035
OPCODE	632A	69	0.000035
OPCODE	E7A8	69	0.000035
OPCODE	6348	68	0.000035
OPCODE	307C	68	0.000035
OPCODE	5288	68	0.000035
OPCODE	BBCC	68	0.000035
OPCODE	C188	68	0.000035
OPCODE	3812	68	0.000035
OPCODE	6FD8	68	0.000035
OPCODE	0C11	67	0.000034
OPCODE	2A6C	67	0.000034
OPCODE	2A48	67	0.000034
OPCODE	6128	67	0.000034
OPCODE	2409	67	0.000034
OPCODE	08E9	67	0.000034
OPCODE	D684	67	0.000034
OPCODE	60F8	67	0.000034
OPCODE	642A	66	0.000034
OPCODE	6B18	66	0.000034
OPCODE	BC87	66	0.000034
OPCODE	909B	66	0.000034
OPCODE	A8E5	66	0.000034
OPCODE	2E3C	65	0.000033
OPCODE	95D4	65	0.000033
OPCODE	6C90	65	0.000033
OPCODE	42AF	65	0.000033
OPCODE	289F	65	0.000033
OPCODE	2F41	65	0.000033
OPCODE	B897	65	0.000033
OPCODE	0804	65	0.000033
OPCODE	C068	65	0.000033
OPCODE	B670	65	0.000033
OPCODE	3F7C	65	0.000033
OPCODE	6414	65	0.000033
OPCODE	4BED	65	0.000033
OPCODE	F280	65	0.000033
OPCODE	7CFF	64	0.000033
OPCODE	D4C5	64	0.000033
OPCODE	6B08	64	0.000033
OPCODE	D7F3	64	0.000033
OPCODE	4480	64	0.000033
OPCODE	2274	64	0.000033
OPCODE	3340	64	0.000033
OPCODE	6EF2	64	0.000033
OPCODE	6044	64	0.000033
OPCODE	6034	64	0.000033
OPCODE	EF6D	64	0.000033
OPCODE	67E6	64	0.000033
OPCODE	6E02	64	0.000033
OPCODE	4229	63	0.000032
OPCODE	2217	63	0.000032
OPCODE	6C0C	63	0.000032
OPCODE	A22E	63	0.000032
OPCODE	3320	63	0.000032
OPCODE	5349	62	0.000032
OPCODE	D0E8	62	0.000032
OPCODE	20CC	62	0.000032
OPCODE	7403	62	0.000032
OPCODE	31C6	62	0.000032
OPCODE	3946	62	0.000032
OPCODE	5849	62	0.000032
OPCODE	526B	61	0.000031
OPCODE	7091	61	0.000031
OPCODE	536B	61	0.000031
OPCODE	265E	61	0.000031
OPCODE	B268	61	0.000031
OPCODE	2669	61	0.000031
OPCODE	609E	61	0.000031
OPCODE	300D	61	0.000031
OPCODE	2943	61	0.000031
OPCODE	0C69	61	0.000031
OPCODE	2D0B	61	0.000031
OPCODE	C34D	61	0.000031
OPCODE	DA85	61	0.000031
OPCODE	0878	61	0.000031
OPCODE	C047	61	0.000031
OPCODE	EFA9	61	0.000031
OPCODE	EA88	61	0.000031
OPCODE	2441	61	0.000031
OPCODE	2A75	61	0.000031
OPCODE	196B	61	0.000031
OPCODE	E18D	61	0.000031
OPCODE	0446	61	0.000031
OPCODE	341B	60	0.000031
OPCODE	2E2C	60	0.000031
OPCODE	E780	60	0.000031
OPCODE	D2C5	60	0.000031
OPCODE	2171	60	0.000031
OPCODE	522D	60	0.000031
OPCODE	B26A	60	0.000031
OPCODE	266A	60	0.000031
OPCODE	926E	60	0.000031
OPCODE	532D	60	0.000031
OPCODE	3233	60	0.000031
OPCODE	7A0F	60	0.000031
OPCODE	2350	60	0.000031
OPCODE	E0AF	60	0.000031
OPCODE	5541	60	0.000031
OPCODE	300F	59	0.000030
OPCODE	5001	59	0.000030
OPCODE	384B	59	0.000030
OPCODE	D5A8	59	0.000030
OPCODE	425C	59	0.000030
OPCODE	95A8	59	0.000030
OPCODE	6D12	59	0.000030
OPCODE	D2C2	59	0.000030
OPCODE	E240	59	0.000030
OPCODE	9642	59	0.000030
OPCODE	45F2	59	0.000030
OPCODE	DEC7	59	0.000030
OPCODE	D04D	59	0.000030
OPCODE	2C13	59	0.000030
OPCODE	E08A	59	0.000030
OPCODE	E18E	59	0.000030
OPCODE	9C42	59	0.000030
OPCODE	6DF2	58	0.000030
OPCODE	C1C2	58	0.000030
OPCODE	D042	58	0.000030
OPCODE	45F3	58	0.000030
OPCODE	A1AD	58	0.000030
OPCODE	E34A	58	0.000030
OPCODE	E678	58	0.000030
OPCODE	A891	58	0.000030
OPCODE	E0AD	58	0.000030
OPCODE	A998	57	0.000029
OPCODE	6698	57	0.000029
OPCODE	B060	57	0.000029
OPCODE	514F	57	0.000029
OPCODE	B046	56	0.000029
OPCODE	262B	56	0.000029
OPCODE	6316	56	0.000029
OPCODE	6020	56	0.000029
OPCODE	4683	56	0.000029
OPCODE	2852	56	0.000029
OPCODE	E54F	56	0.000029
OPCODE	9250	56	0.000029
OPCODE	61A8	56	0.000029
OPCODE	30B1	56	0.000029
OPCODE	D06C	56	0.000029
OPCODE	6C16	55	0.000028
OPCODE	67C8	55	0.000028
OPCODE	3A10	55	0.000028
OPCODE	5282	54	0.000028
OPCODE	7005	54	0.000028
OPCODE	216A	54	0.000028
OPCODE	956E	54	0.000028
OPCODE	D7C2	54	0.000028
OPCODE	241A	54	0.000028
OPCODE	C0C3	54	0.000028
OPCODE	6B76	54	0.000028
OPCODE	C2AE	54	0.000028
OPCODE	30C6	54	0.000028
OPCODE	0BC3	53	0.000027
OPCODE	43D2	53	0.000027
OPCODE	BE40	53	0.000027
OPCODE	4CD8	53	0.000027
OPCODE	5987	53	0.000027
OPCODE	6642	53	0.000027
OPCODE	A8DD	53	0.000027
OPCODE	D28C	52	0.000027
OPCODE	46C2	52	0.000027
OPCODE	6A76	52	0.000027
OPCODE	7206	52	0.000027
OPCODE	263C	52	0.000027
OPCODE	A975	52	0.000027
OPCODE	A8E0	52	0.000027
OPCODE	D0AA	52	0.000027
OPCODE	40C2	52	0.000027
OPCODE	A879	52	0.000027
OPCODE	6F22	52	0.000027
OPCODE	6C22	52	0.000027
OPCODE	A05A	52	0.000027
OPCODE	327C	52	0.000027
OPCODE	2A2B	51	0.000026
OPCODE	6DC0	51	0.000026
OPCODE	426B	51	0.000026
OPCODE	6E20	51	0.000026
OPCODE	3768	51	0.000026
OPCODE	49EB	51	0.000026
OPCODE	E058	51	0.000026
OPCODE	3405	51	0.000026
OPCODE	6C26	51	0.000026
OPCODE	5384	51	0.000026
OPCODE	B06A	50	0.000025
OPCODE	724E	50	0.000025
OPCODE	2F6D	50	0.000025
OPCODE	4291	50	0.000025
OPCODE	5285	50	0.000025
OPCODE	816E	50	0.000025
OPCODE	5544	50	0.000025
OPCODE	92A8	50	0.000025
OPCODE	45F4	50	0.000025
OPCODE	46C1	50	0.000025
OPCODE	ED40	50	0.000025
OPCODE	3629	50	0.000025
OPCODE	6F30	50	0.000025
OPCODE	3945	50	0.000025
OPCODE	AAA2	50	0.000025
OPCODE	740E	50	0.000025
OPCODE	40C1	50	0.000025
OPCODE	0000	49	0.000025
OPCODE	0C53	49	0.000025
OPCODE	D644	49	0.000025
OPCODE	92F8	49	0.000025
OPCODE	60C2	49	0.000025
OPCODE	74B0	49	0.000025
OPCODE	5248	49	0.000025
OPCODE	0657	49	0.000025
OPCODE	2818	49	0.000025
OPCODE	361F	49	0.000025
OPCODE	A260	48	0.000024
OPCODE	261B	48	0.000024
OPCODE	5284	48	0.000024
OPCODE	6694	48	0.000024
OPCODE	A0A5	48	0.000024
OPCODE	2D53	48	0.000024
OPCODE	361A	48	0.000024
OPCODE	EFA8	48	0.000024
OPCODE	E9E8	48	0.000024
OPCODE	66DC	48	0.000024
OPCODE	30D2	48	0.000024
OPCODE	7023	48	0.000024
OPCODE	36C5	48	0.000024
OPCODE	C052	48	0.000024
OPCODE	36C6	48	0.000024
OPCODE	2C1B	48	0.000024
OPCODE	281B	48	0.000024
OPCODE	6D40	48	0.000024
OPCODE	A9ED	48	0.000024
OPCODE	4482	48	0.000024
OPCODE	B098	48	0.000024
OPCODE	2A1B	48	0.000024
OPCODE	4EB4	48	0.000024
OPCODE	58AE	48	0.000024
OPCODE	690E	48	0.000024
OPCODE	2A49	48	0.000024
OPCODE	22C3	48	0.000024
OPCODE	2B4B	48	0.000024
OPCODE	B101	47	0.000024
OPCODE	D169	47	0.000024
OPCODE	3B7C	47	0.000024
OPCODE	BEA8	47	0.000024
OPCODE	2540	47	0.000024
OPCODE	A88B	47	0.000024
OPCODE	D4F2	47	0.000024
OPCODE	9083	47	0.000024
OPCODE	BE82	46	0.000023
OPCODE	AA42	46	0.000023
OPCODE	6572	46	0.000023
OPCODE	7614	46	0.000023
OPCODE	BA6B	46	0.000023
OPCODE	61A2	46	0.000023
OPCODE	D6E8	46	0.000023
OPCODE	B7C0	46	0.000023
OPCODE	70CE	46	0.000023
OPCODE	9484	46	0.000023
OPCODE	2252	46	0.000023
OPCODE	5C88	46	0.000023
OPCODE	217C	46	0.000023
OPCODE	117C	46	0.000023
OPCODE	720E	46	0.000023
OPCODE	82C0	46	0.000023
OPCODE	F624	45	0.000023
OPCODE	A9EF	45	0.000023
OPCODE	7610	45	0.000023
OPCODE	6F42	45	0.000023
OPCODE	C348	45	0.000023
OPCODE	20AE	45	0.000023
OPCODE	2282	45	0.000023
OPCODE	204D	45	0.000023
OPCODE	21CE	44	0.000022
OPCODE	B3CB	44	0.000022
OPCODE	6676	44	0.000022
OPCODE	E54B	44	0.000022
OPCODE	D092	44	0.000022
OPCODE	9868	44	0.000022
OPCODE	A8E9	44	0.000022
OPCODE	3341	44	0.000022
OPCODE	4BEB	44	0.000022
OPCODE	3438	44	0.000022
OPCODE	66C2	43	0.000022
OPCODE	3543	43	0.000022
OPCODE	A851	43	0.000022
OPCODE	6146	43	0.000022
OPCODE	5043	43	0.000022
OPCODE	66C0	43	0.000022
OPCODE	B5D9	43	0.000022
OPCODE	C0AE	43	0.000022
OPCODE	60F6	43	0.000022
OPCODE	4640	43	0.000022
OPCODE	8042	43	0.000022
OPCODE	281F	43	0.000022
OPCODE	2842	43	0.000022
OPCODE	3F78	43	0.000022
OPCODE	A89E	42	0.000021
OPCODE	70ED	42	0.000021
OPCODE	A8A3	42	0.000021
OPCODE	316E	42	0.000021
OPCODE	D1A9	42	0.000021
OPCODE	D1A8	42	0.000021
OPCODE	21C0	42	0.000021
OPCODE	214D	42	0.000021
OPCODE	3F33	42	0.000021
OPCODE	176C	42	0.000021
OPCODE	60EC	42	0.000021
OPCODE	2B6B	42	0.000021
OPCODE	6E1E	42	0.000021
OPCODE	296D	42	0.000021
OPCODE	60C6	42	0.000021
OPCODE	2B44	42	0.000021
OPCODE	296C	42	0.000021
OPCODE	2B45	42	0.000021
OPCODE	D0C4	42	0.000021
OPCODE	60E0	42	0.000021
OPCODE	60E4	42	0.000021
OPCODE	723C	42	0.000021
OPCODE	A869	42	0.000021
OPCODE	5840	41	0.000021
OPCODE	700D	41	0.000021
OPCODE	30BC	41	0.000021
OPCODE	B200	41	0.000021
OPCODE	9582	41	0.000021
OPCODE	5940	41	0.000021
OPCODE	B7ED	41	0.000021
OPCODE	8082	41	0.000021
OPCODE	B5F1	41	0.000021
OPCODE	D885	41	0.000021
OPCODE	906A	41	0.000021
OPCODE	CA47	41	0.000021
OPCODE	740C	41	0.000021
OPCODE	0CA2	40	0.000020
OPCODE	4ED6	40	0.000020
OPCODE	E641	40	0.000020
OPCODE	6524	40	0.000020
OPCODE	D485	40	0.000020
OPCODE	0CA9	40	0.000020
OPCODE	3F57	40	0.000020
OPCODE	6EAC	40	0.000020
OPCODE	D647	40	0.000020
OPCODE	D8C1	40	0.000020
OPCODE	8047	40	0.000020
OPCODE	8046	40	0.000020
OPCODE	4DFA	40	0.000020
OPCODE	7025	40	0.000020
OPCODE	D6FC	40	0.000020
OPCODE	6DA8	40	0.000020
OPCODE	EA8A	40	0.000020
OPCODE	3E0B	40	0.000020
OPCODE	022A	40	0.000020
OPCODE	6D28	40	0.000020
OPCODE	360D	40	0.000020
OPCODE	C2C4	40	0.000020
OPCODE	3F30	40	0.000020
OPCODE	3C18	40	0.000020
OPCODE	D284	40	0.000020
OPCODE	300C	40	0.000020
OPCODE	AA64	40	0.000020
OPCODE	ED98	40	0.000020
OPCODE	8640	40	0.000020
OPCODE	2A6F	40	0.000020
OPCODE	D083	40	0.000020
OPCODE	54C0	40	0.000020
OPCODE	E250	39	0.000020
OPCODE	5743	39	0.000020
OPCODE	1345	39	0.000020
OPCODE	6B6A	39	0.000020
OPCODE	2205	39	0.000020
OPCODE	B474	39	0.000020
OPCODE	2E05	39	0.000020
OPCODE	747E	39	0.000020
OPCODE	6654	39	0.000020
OPCODE	B0B4	39	0.000020
OPCODE	A90B	39	0.000020
OPCODE	2486	39	0.000020
OPCODE	9159	39	0.000020
OPCODE	6B54	39	0.000020
OPCODE	B687	39	0.000020
OPCODE	9359	39	0.000020
OPCODE	CAC1	38	0.000019
OPCODE	3607	38	0.000019
OPCODE	1828	38	0.000019
OPCODE	E291	38	0.000019
OPCODE	B292	38	0.000019
OPCODE	E582	38	0.000019
OPCODE	653A	38	0.000019
OPCODE	7647	38	0.000019
OPCODE	763B	38	0.000019
OPCODE	E399	38	0.000019
OPCODE	7404	38	0.000019
OPCODE	3E12	38	0.000019
OPCODE	C34A	38	0.000019
OPCODE	9A59	38	0.000019
OPCODE	2550	38	0.000019
OPCODE	2EB1	38	0.000019
OPCODE	34BC	38	0.000019
OPCODE	47ED	38	0.000019
OPCODE	9859	38	0.000019
OPCODE	AA17	38	0.000019
OPCODE	56E7	38	0.000019
OPCODE	4857	38	0.000019
OPCODE	9A68	38	0.000019
OPCODE	9068	38	0.000019
OPCODE	968D	38	0.000019
OPCODE	EE4A	38	0.000019
OPCODE	EF8A	38	0.000019
OPCODE	57E7	38	0.000019
OPCODE	965F	38	0.000019
OPCODE	5845	38	0.000019
OPCODE	962A	38	0.000019
OPCODE	2454	38	0.000019
OPCODE	6ED6	38	0.000019
OPCODE	0A3C	38	0.000019
OPCODE	0A80	38	0.000019
OPCODE	5A40	38	0.000019
OPCODE	D483	38	0.000019
OPCODE	E840	38	0.000019
OPCODE	0CAC	38	0.000019
OPCODE	D490	38	0.000019
OPCODE	A9C6	38	0.000019
OPCODE	BAAC	38	0.000019
OPCODE	B128	38	0.000019
OPCODE	A87A	37	0.000019
OPCODE	E7A9	37	0.000019
OPCODE	218C	37	0.000019
OPCODE	6214	37	0.000019
OPCODE	006C	37	0.000019
OPCODE	A868	37	0.000019
OPCODE	08C7	37	0.000019
OPCODE	3C3C	36	0.000018
OPCODE	6062	36	0.000018
OPCODE	262F	36	0.000018
OPCODE	A994	36	0.000018
OPCODE	D168	36	0.000018
OPCODE	B459	36	0.000018
OPCODE	C1C7	36	0.000018
OPCODE	B659	36	0.000018
OPCODE	C041	36	0.000018
OPCODE	2320	36	0.000018
OPCODE	2017	36	0.000018
OPCODE	22D2	36	0.000018
OPCODE	2057	36	0.000018
OPCODE	3380	36	0.000018
OPCODE	A8DC	36	0.000018
OPCODE	4A5A	36	0.000018
OPCODE	082F	36	0.000018
OPCODE	3F2D	36	0.000018
OPCODE	0CAD	36	0.000018
OPCODE	0214	36	0.000018
OPCODE	B259	36	0.000018
OPCODE	0C54	36	0.000018
OPCODE	3256	35	0.000018
OPCODE	3285	35	0.000018
OPCODE	B645	35	0.000018
OPCODE	D645	35	0.000018
OPCODE	1E30	35	0.000018
OPCODE	D551	35	0.000018
OPCODE	61DC	35	0.000018
OPCODE	9C40	35	0.000018
OPCODE	3078	35	0.000018
OPCODE	9A84	35	0.000018
OPCODE	A93A	35	0.000018
OPCODE	B245	35	0.000018
OPCODE	47F7	35	0.000018
OPCODE	3E2D	35	0.000018
OPCODE	E488	35	0.000018
OPCODE	422A	35	0.000018
OPCODE	3270	35	0.000018
OPCODE	D26D	35	0.000018
OPCODE	32C2	35	0.000018
OPCODE	4217	35	0.000018
OPCODE	6B4E	35	0.000018
OPCODE	32C3	35	0.000018
OPCODE	32C5	35	0.000018
OPCODE	DBC5	35	0.000018
OPCODE	E78A	35	0.000018
OPCODE	E58A	35	0.000018
OPCODE	B9EB	35	0.000018
OPCODE	4DEC	35	0.000018
OPCODE	E685	35	0.000018
OPCODE	7A10	35	0.000018
OPCODE	C8C2	35	0.000018
OPCODE	49F8	35	0.000018
OPCODE	47F8	35	0.000018
OPCODE	196E	35	0.000018
OPCODE	91C2	35	0.000018
OPCODE	0181	35	0.000018
OPCODE	0287	35	0.000018
OPCODE	6E18	35	0.000018
OPCODE	2870	35	0.000018
OPCODE	EF6E	35	0.000018
OPCODE	EEAD	35	0.000018
OPCODE	EEAA	35	0.000018
OPCODE	9285	35	0.000018
OPCODE	9050	35	0.000018
OPCODE	2C45	35	0.000018
OPCODE	EA8D	35	0.000018
OPCODE	4850	35	0.000018
OPCODE	7A1F	34	0.000017
OPCODE	5945	34	0.000017
OPCODE	16BC	34	0.000017
OPCODE	802D	34	0.000017
OPCODE	5C44	34	0.000017
OPCODE	CA81	34	0.000017
OPCODE	214B	34	0.000017
OPCODE	3F2F	34	0.000017
OPCODE	D9D0	34	0.000017
OPCODE	6C1E	34	0.000017
OPCODE	1740	34	0.000017
OPCODE	B3CC	34	0.000017
OPCODE	2873	34	0.000017
OPCODE	E681	34	0.000017
OPCODE	524B	34	0.000017
OPCODE	1941	34	0.000017
OPCODE	3E2C	34	0.000017
OPCODE	E0A1	34	0.000017
OPCODE	6D32	34	0.000017
OPCODE	6D3E	34	0.000017
OPCODE	2C01	34	0.000017
OPCODE	0302	34	0.000017
OPCODE	4297	34	0.000017
OPCODE	4C41	34	0.000017
OPCODE	B5E9	34	0.000017
OPCODE	80BC	34	0.000017
OPCODE	C441	34	0.000017
OPCODE	3E05	34	0.000017
OPCODE	BC47	34	0.000017
OPCODE	6056	33	0.000017
OPCODE	BE80	33	0.000017
OPCODE	2280	33	0.000017
OPCODE	E8A1	33	0.000017
OPCODE	6064	33	0.000017
OPCODE	E84C	33	0.000017
OPCODE	3D45	33	0.000017
OPCODE	631E	33	0.000017
OPCODE	0257	33	0.000017
OPCODE	6652	33	0.000017
OPCODE	7410	33	0.000017
OPCODE	A87B	33	0.000017
OPCODE	A8A9	33	0.000017
OPCODE	3747	33	0.000017
OPCODE	E48E	33	0.000017
OPCODE	4686	32	0.000016
OPCODE	C5EC	32	0.000016
OPCODE	0682	32	0.000016
OPCODE	3A06	32	0.000016
OPCODE	3942	32	0.000016
OPCODE	A80A	32	0.000016
OPCODE	B0FC	32	0.000016
OPCODE	6C34	32	0.000016
OPCODE	5201	32	0.000016
OPCODE	DFAC	32	0.000016
OPCODE	2206	32	0.000016
OPCODE	6EF8	32	0.000016
OPCODE	381A	32	0.000016
OPCODE	CE03	32	0.000016
OPCODE	31E1	32	0.000016
OPCODE	6066	32	0.000016
OPCODE	2328	32	0.000016
OPCODE	12BC	32	0.000016
OPCODE	7044	32	0.000016
OPCODE	A887	32	0.000016
OPCODE	342C	32	0.000016
OPCODE	E0AE	32	0.000016
OPCODE	B02E	31	0.000016
OPCODE	5841	31	0.000016
OPCODE	446F	31	0.000016
OPCODE	297C	31	0.000016
OPCODE	9EFC	31	0.000016
OPCODE	EF8E	31	0.000016
OPCODE	3B40	31	0.000016
OPCODE	7030	31	0.000016
OPCODE	2144	31	0.000016
OPCODE	6074	31	0.000016
OPCODE	74FE	31	0.000016
OPCODE	5148	31	0.000016
OPCODE	2607	31	0.000016
OPCODE	6122	31	0.000016
OPCODE	D880	31	0.000016
OPCODE	3040	30	0.000015
OPCODE	0644	30	0.000015
OPCODE	E946	30	0.000015
OPCODE	4A9F	30	0.000015
OPCODE	4469	30	0.000015
OPCODE	3A18	30	0.000015
OPCODE	E05A	30	0.000015
OPCODE	C05A	30	0.000015
OPCODE	E445	30	0.000015
OPCODE	2702	30	0.000015
OPCODE	1A10	30	0.000015
OPCODE	E342	30	0.000015
OPCODE	61B2	30	0.000015
OPCODE	2682	30	0.000015
OPCODE	9969	30	0.000015
OPCODE	3E18	30	0.000015
OPCODE	C4C5	30	0.000015
OPCODE	6198	30	0.000015
OPCODE	6CBC	30	0.000015
OPCODE	16DC	30	0.000015
OPCODE	6120	30	0.000015
OPCODE	0204	30	0.000015
OPCODE	0887	30	0.000015
OPCODE	C4C6	30	0.000015
OPCODE	6D2A	30	0.000015
OPCODE	89FC	30	0.000015
OPCODE	D593	30	0.000015
OPCODE	D78C	30	0.000015
OPCODE	92C4	30	0.000015
OPCODE	3332	30	0.000015
OPCODE	DC47	30	0.000015
OPCODE	3C2D	30	0.000015
OPCODE	B7EC	30	0.000015
OPCODE	DE46	30	0.000015
OPCODE	3345	30	0.000015
OPCODE	C8C1	30	0.000015
OPCODE	9EC4	30	0.000015
OPCODE	BA29	30	0.000015
OPCODE	6B32	30	0.000015
OPCODE	CBC0	30	0.000015
OPCODE	4263	30	0.000015
OPCODE	E668	30	0.000015
OPCODE	22C8	30	0.000015
OPCODE	1091	30	0.000015
OPCODE	DA44	30	0.000015
OPCODE	A08F	30	0.000015
OPCODE	3618	30	0.000015
OPCODE	9E80	30	0.000015
OPCODE	48C4	29	0.000015
OPCODE	6F2A	29	0.000015
OPCODE	382C	29	0.000015
OPCODE	A8A1	29	0.000015
OPCODE	9441	29	0.000015
OPCODE	C544	29	0.000015
OPCODE	613C	29	0.000015
OPCODE	006B	29	0.000015
OPCODE	2E01	29	0.000015
OPCODE	50E8	29	0.000015
OPCODE	53EE	29	0.000015
OPCODE	3210	29	0.000015
OPCODE	6D1E	29	0.000015
OPCODE	2180	28	0.000014
OPCODE	A803	28	0.000014
OPCODE	6E12	28	0.000014
OPCODE	A863	28	0.000014
OPCODE	C286	28	0.000014
OPCODE	41D4	28	0.000014
OPCODE	9168	28	0.000014
OPCODE	E180	28	0.000014
OPCODE	216F	28	0.000014
OPCODE	90AE	28	0.000014
OPCODE	6D82	28	0.000014
OPCODE	E0AB	28	0.000014
OPCODE	2150	28	0.000014
OPCODE	CA83	28	0.000014
OPCODE	11D9	28	0.000014
OPCODE	D06F	28	0.000014
OPCODE	E7AA	28	0.000014
OPCODE	41F4	28	0.000014
OPCODE	43D4	28	0.000014
OPCODE	43F4	28	0.000014
OPCODE	0C2C	28	0.000014
OPCODE	9DC0	28	0.000014
OPCODE	C840	28	0.000014
OPCODE	3199	28	0.000014
OPCODE	28C6	28	0.000014
OPCODE	294E	28	0.000014
OPCODE	7626	28	0.000014
OPCODE	301E	28	0.000014
OPCODE	62F2	28	0.000014
OPCODE	B053	28	0.000014
OPCODE	4A56	28	0.000014
OPCODE	DDC0	28	0.000014
OPCODE	3D00	28	0.000014
OPCODE	BB86	28	0.000014
OPCODE	8E00	28	0.000014
OPCODE	CC94	28	0.000014
OPCODE	CC84	28	0.000014
OPCODE	8C81	28	0.000014
OPCODE	2874	28	0.000014
OPCODE	0890	27	0.000014
OPCODE	A88A	27	0.000014
OPCODE	E249	27	0.000014
OPCODE	B043	27	0.000014
OPCODE	704A	27	0.000014
OPCODE	234A	27	0.000014
OPCODE	3C2C	27	0.000014
OPCODE	A126	27	0.000014
OPCODE	DC82	27	0.000014
OPCODE	4A59	27	0.000014
OPCODE	D06B	27	0.000014
OPCODE	EDC1	27	0.000014
OPCODE	508C	27	0.000014
OPCODE	5A80	26	0.000013
OPCODE	50C1	26	0.000013
OPCODE	60A0	26	0.000013
OPCODE	6E76	26	0.000013
OPCODE	182E	26	0.000013
OPCODE	6E58	26	0.000013
OPCODE	B854	26	0.000013
OPCODE	3E80	26	0.000013
OPCODE	0C06	26	0.000013
OPCODE	D482	26	0.000013
OPCODE	E9A8	26	0.000013
OPCODE	8441	26	0.000013
OPCODE	229F	26	0.000013
OPCODE	65EA	26	0.000013
OPCODE	BEAB	26	0.000013
OPCODE	2147	26	0.000013
OPCODE	3352	26	0.000013
OPCODE	A01B	26	0.000013
OPCODE	3E29	26	0.000013
OPCODE	518B	26	0.000013
OPCODE	9047	26	0.000013
OPCODE	70FD	26	0.000013
OPCODE	56E8	26	0.000013
OPCODE	3A2A	26	0.000013
OPCODE	ECE8	26	0.000013
OPCODE	EDE8	26	0.000013
OPCODE	60D4	26	0.000013
OPCODE	0294	26	0.000013
OPCODE	6E1A	26	0.000013
OPCODE	8001	26	0.000013
OPCODE	36AD	25	0.000013
OPCODE	08C3	25	0.000013
OPCODE	62F0	25	0.000013
OPCODE	376D	25	0.000013
OPCODE	A722	25	0.000013
OPCODE	36A8	25	0.000013
OPCODE	3829	25	0.000013
OPCODE	A939	25	0.000013
OPCODE	9A44	25	0.000013
OPCODE	2E0B	25	0.000013
OPCODE	98FC	25	0.000013
OPCODE	9043	25	0.000013
OPCODE	01C1	25	0.000013
OPCODE	674E	25	0.000013
OPCODE	BA43	24	0.000012
OPCODE	3631	24	0.000012
OPCODE	6EE4	24	0.000012
OPCODE	335A	24	0.000012
OPCODE	5C42	24	0.000012
OPCODE	32E9	24	0.000012
OPCODE	5307	24	0.000012
OPCODE	3C29	24	0.000012
OPCODE	45EB	24	0.000012
OPCODE	9452	24	0.000012
OPCODE	A949	24	0.000012
OPCODE	C543	24	0.000012
OPCODE	AA27	24	0.000012
OPCODE	E319	24	0.000012
OPCODE	E709	24	0.000012
OPCODE	DE87	24	0.000012
OPCODE	1EB8	24	0.000012
OPCODE	DE80	24	0.000012
OPCODE	D2BC	24	0.000012
OPCODE	6F40	24	0.000012
OPCODE	6DF8	24	0.000012
OPCODE	E2A0	24	0.000012
OPCODE	254B	24	0.000012
OPCODE	262C	24	0.000012
OPCODE	1434	24	0.000012
OPCODE	D095	24	0.000012
OPCODE	E411	24	0.000012
OPCODE	6CEC	24	0.000012
OPCODE	D16F	24	0.000012
OPCODE	E4A1	24	0.000012
OPCODE	21C1	24	0.000012
OPCODE	740A	24	0.000012
OPCODE	D642	24	0.000012
OPCODE	E8A0	24	0.000012
OPCODE	CC81	24	0.000012
OPCODE	7021	23	0.000012
OPCODE	3944	23	0.000012
OPCODE	DBE8	23	0.000012
OPCODE	D111	23	0.000012
OPCODE	2085	23	0.000012
OPCODE	2A68	23	0.000012
OPCODE	0A00	23	0.000012
OPCODE	D157	23	0.000012
OPCODE	6760	23	0.000012
OPCODE	6C76	23	0.000012
OPCODE	7078	23	0.000012
OPCODE	2958	23	0.000012
OPCODE	615A	23	0.000012
OPCODE	9843	23	0.000012
OPCODE	D150	22	0.000011
OPCODE	30AA	22	0.000011
OPCODE	D180	22	0.000011
OPCODE	6A2A	22	0.000011
OPCODE	66CE	22	0.000011
OPCODE	EA49	22	0.000011
OPCODE	2D57	22	0.000011
OPCODE	5258	22	0.000011
OPCODE	30EA	22	0.000011
OPCODE	20C5	22	0.000011
OPCODE	3F19	22	0.000011
OPCODE	20EA	22	0.000011
OPCODE	6410	22	0.000011
OPCODE	50EB	22	0.000011
OPCODE	2407	22	0.000011
OPCODE	A8DE	22	0.000011
OPCODE	51E8	22	0.000011
OPCODE	6302	22	0.000011
OPCODE	3D69	22	0.000011
OPCODE	4C2F	22	0.000011
OPCODE	45EC	22	0.000011
OPCODE	1618	22	0.000011
OPCODE	60B8	22	0.000011
OPCODE	0450	22	0.000011
OPCODE	2A1F	22	0.000011
OPCODE	5358	22	0.000011
OPCODE	C4C1	22	0.000011
OPCODE	4851	22	0.000011
OPCODE	234F	22	0.000011
OPCODE	0701	22	0.000011
OPCODE	0128	22	0.000011
OPCODE	3290	21	0.000011
OPCODE	A8DF	21	0.000011
OPCODE	223A	21	0.000011
OPCODE	4A88	21	0.000011
OPCODE	986E	21	0.000011
OPCODE	4C46	21	0.000011
OPCODE	8050	21	0.000011
OPCODE	8058	21	0.000011
OPCODE	61B8	21	0.000011
OPCODE	9259	21	0.000011
OPCODE	91A9	21	0.000011
OPCODE	9444	21	0.000011
OPCODE	6D9A	21	0.000011
OPCODE	A11E	21	0.000011
OPCODE	E1AB	21	0.000011
OPCODE	966E	21	0.000011
OPCODE	2C38	21	0.000011
OPCODE	7278	20	0.000010
OPCODE	544C	20	0.000010
OPCODE	2881	20	0.000010
OPCODE	BE6C	20	0.000010
OPCODE	6C3C	20	0.000010
OPCODE	8194	20	0.000010
OPCODE	0CB8	20	0.000010
OPCODE	6E32	20	0.000010
OPCODE	3211	20	0.000010
OPCODE	A8B5	20	0.000010
OPCODE	BFC4	20	0.000010
OPCODE	24F4	20	0.000010
OPCODE	0C14	20	0.000010
OPCODE	4698	20	0.000010
OPCODE	6512	20	0.000010
OPCODE	12A8	20	0.000010
OPCODE	A89B	20	0.000010
OPCODE	D1AD	20	0.000010
OPCODE	11EB	20	0.000010
OPCODE	D088	20	0.000010
OPCODE	90A8	20	0.000010
OPCODE	D068	20	0.000010
OPCODE	2A0B	20	0.000010
OPCODE	7A04	19	0.000010
OPCODE	B5F8	19	0.000010
OPCODE	3D6B	19	0.000010
OPCODE	61D2	19	0.000010
OPCODE	51C4	19	0.000010
OPCODE	D6C0	19	0.000010
OPCODE	7AFC	19	0.000010
OPCODE	1340	19	0.000010
OPCODE	8128	19	0.000010
OPCODE	224E	19	0.000010
OPCODE	B62C	19	0.000010
OPCODE	3F2A	19	0.000010
OPCODE	675E	19	0.000010
OPCODE	B393	19	0.000010
OPCODE	3F2B	19	0.000010
OPCODE	E2AD	19	0.000010
OPCODE	7228	19	0.000010
OPCODE	7604	19	0.000010
OPCODE	51C6	19	0.000010
OPCODE	9869	19	0.000010
OPCODE	605E	19	0.000010
OPCODE	C0EA	19	0.000010
OPCODE	6068	19	0.000010
OPCODE	7013	19	0.000010
OPCODE	615C	19	0.000010
OPCODE	0C18	19	0.000010
OPCODE	902C	19	0.000010
OPCODE	026B	19	0.000010
OPCODE	2898	19	0.000010
OPCODE	61B6	19	0.000010
OPCODE	D02C	19	0.000010
OPCODE	2C2C	19	0.000010
OPCODE	D084	19	0.000010
OPCODE	6D38	19	0.000010
OPCODE	EA4C	19	0.000010
OPCODE	ABC9	19	0.000010
OPCODE	61CA	19	0.000010
OPCODE	61BA	19	0.000010
OPCODE	C044	19	0.000010
OPCODE	5440	19	0.000010
OPCODE	EA4B	19	0.000010
OPCODE	9669	19	0.000010
OPCODE	9258	18	0.000009
OPCODE	1E2C	18	0.000009
OPCODE	9058	18	0.000009
OPCODE	6CEA	18	0.000009
OPCODE	C343	18	0.000009
OPCODE	A8A8	18	0.000009
OPCODE	A04C	18	0.000009
OPCODE	6CD8	18	0.000009
OPCODE	208F	18	0.000009
OPCODE	B653	18	0.000009
OPCODE	A899	18	0.000009
OPCODE	0259	18	0.000009
OPCODE	A898	18	0.000009
OPCODE	2953	18	0.000009
OPCODE	2B4C	18	0.000009
OPCODE	9086	18	0.000009
OPCODE	1F07	18	0.000009
OPCODE	141C	18	0.000009
OPCODE	966A	18	0.000009
OPCODE	6AC0	18	0.000009
OPCODE	908F	18	0.000009
OPCODE	522C	18	0.000009
OPCODE	F35F	18	0.000009
OPCODE	D057	18	0.000009
OPCODE	C001	18	0.000009
OPCODE	D059	18	0.000009
OPCODE	E782	18	0.000009
OPCODE	9283	18	0.000009
OPCODE	652C	18	0.000009
OPCODE	5C43	18	0.000009
OPCODE	4CF8	18	0.000009
OPCODE	C05F	18	0.000009
OPCODE	C06C	18	0.000009
OPCODE	0C2E	18	0.000009
OPCODE	E8C0	18	0.000009
OPCODE	BE6B	18	0.000009
OPCODE	DC87	18	0.000009
OPCODE	AA34	18	0.000009
OPCODE	EAC0	18	0.000009
OPCODE	3214	18	0.000009
OPCODE	240F	18	0.000009
OPCODE	A198	18	0.000009
OPCODE	3744	18	0.000009
OPCODE	3298	18	0.000009
OPCODE	276C	18	0.000009
OPCODE	2E42	18	0.000009
OPCODE	70D5	18	0.000009
OPCODE	9040	18	0.000009
OPCODE	21E8	18	0.000009
OPCODE	3F10	18	0.000009
OPCODE	52AC	18	0.000009
OPCODE	1801	17	0.000009
OPCODE	CA2B	17	0.000009
OPCODE	DEAE	17	0.000009
OPCODE	C028	17	0.000009
OPCODE	9268	17	0.000009
OPCODE	0110	17	0.000009
OPCODE	A815	17	0.000009
OPCODE	1B43	17	0.000009
OPCODE	723A	17	0.000009
OPCODE	0068	17	0.000009
OPCODE	CC6B	17	0.000009
OPCODE	66B0	17	0.000009
OPCODE	1A03	17	0.000009
OPCODE	1A2C	17	0.000009
OPCODE	3A2B	17	0.000009
OPCODE	C2DF	17	0.000009
OPCODE	6276	17	0.000009
OPCODE	4228	17	0.000009
OPCODE	9C83	17	0.000009
OPCODE	B08E	17	0.000009
OPCODE	E98E	17	0.000009
OPCODE	C12C	17	0.000009
OPCODE	631A	17	0.000009
OPCODE	70DC	17	0.000009
OPCODE	70DD	17	0.000009
OPCODE	7042	17	0.000009
OPCODE	2642	17	0.000009
OPCODE	6454	17	0.000009
OPCODE	64CA	17	0.000009
OPCODE	341C	17	0.000009
OPCODE	2647	17	0.000009
OPCODE	70F9	17	0.000009
OPCODE	B868	17	0.000009
OPCODE	7A07	17	0.000009
OPCODE	2074	17	0.000009
OPCODE	EAD0	17	0.000009
OPCODE	7808	17	0.000009
OPCODE	182A	16	0.000008
OPCODE	0044	16	0.000008
OPCODE	B0AF	16	0.000008
OPCODE	0C32	16	0.000008
OPCODE	3544	16	0.000008
OPCODE	E14C	16	0.000008
OPCODE	10C1	16	0.000008
OPCODE	183B	16	0.000008
OPCODE	426A	16	0.000008
OPCODE	7213	16	0.000008
OPCODE	181B	16	0.000008
OPCODE	A89D	16	0.000008
OPCODE	6FF2	16	0.000008
OPCODE	1803	16	0.000008
OPCODE	ABCA	16	0.000008
OPCODE	3081	16	0.000008
OPCODE	650E	16	0.000008
OPCODE	DA45	16	0.000008
OPCODE	B891	16	0.000008
OPCODE	3484	16	0.000008
OPCODE	B8A9	16	0.000008
OPCODE	D957	16	0.000008
OPCODE	3338	16	0.000008
OPCODE	52AB	16	0.000008
OPCODE	21CD	16	0.000008
OPCODE	21E1	16	0.000008
OPCODE	806E	16	0.000008
OPCODE	536A	16	0.000008
OPCODE	9EAB	16	0.000008
OPCODE	8200	16	0.000008
OPCODE	2338	16	0.000008
OPCODE	E144	16	0.000008
OPCODE	242C	16	0.000008
OPCODE	2F12	16	0.000008
OPCODE	8800	16	0.000008
OPCODE	D26A	16	0.000008
OPCODE	26DC	16	0.000008
OPCODE	2746	16	0.000008
OPCODE	2748	16	0.000008
OPCODE	2A4C	16	0.000008
OPCODE	D06D	16	0.000008
OPCODE	5905	16	0.000008
OPCODE	280B	16	0.000008
OPCODE	294A	16	0.000008
OPCODE	5C41	16	0.000008
OPCODE	5CC0	16	0.000008
OPCODE	5C49	16	0.000008
OPCODE	DB45	16	0.000008
OPCODE	A809	16	0.000008
OPCODE	1A30	16	0.000008
OPCODE	E04C	16	0.000008
OPCODE	B83A	16	0.000008
OPCODE	1F2F	16	0.000008
OPCODE	36AE	16	0.000008
OPCODE	36BC	16	0.000008
OPCODE	1A31	16	0.000008
OPCODE	6536	16	0.000008
OPCODE	4CB8	15	0.000008
OPCODE	9A6B	15	0.000008
OPCODE	5580	15	0.000008
OPCODE	C046	15	0.000008
OPCODE	2631	15	0.000008
OPCODE	6782	15	0.000008
OPCODE	2283	15	0.000008
OPCODE	9E81	15	0.000008
OPCODE	DE6E	15	0.000008
OPCODE	BE41	15	0.000008
OPCODE	0C10	15	0.000008
OPCODE	257C	15	0.000008
OPCODE	6656	15	0.000008
OPCODE	2688	15	0.000008
OPCODE	5847	15	0.000008
OPCODE	6F44	15	0.000008
OPCODE	AA44	15	0.000008
OPCODE	2964	15	0.000008
OPCODE	2886	15	0.000008
OPCODE	B3EA	15	0.000008
OPCODE	32BC	15	0.000008
OPCODE	BB9B	15	0.000008
OPCODE	A87C	15	0.000008
OPCODE	2023	15	0.000008
OPCODE	6312	15	0.000008
OPCODE	2887	15	0.000008
OPCODE	67A6	15	0.000008
OPCODE	52A8	15	0.000008
OPCODE	D152	14	0.000007
OPCODE	2F31	14	0.000007
OPCODE	50C6	14	0.000007
OPCODE	3D01	14	0.000007
OPCODE	70FB	14	0.000007
OPCODE	282B	14	0.000007
OPCODE	613E	14	0.000007
OPCODE	E049	14	0.000007
OPCODE	7416	14	0.000007
OPCODE	607E	14	0.000007
OPCODE	6684	14	0.000007
OPCODE	3C28	14	0.000007
OPCODE	6418	14	0.000007
OPCODE	2088	14	0.000007
OPCODE	2A7A	14	0.000007
OPCODE	A81E	14	0.000007
OPCODE	A162	14	0.000007
OPCODE	B468	14	0.000007
OPCODE	6082	14	0.000007
OPCODE	6C2C	14	0.000007
OPCODE	E349	14	0.000007
OPCODE	222D	14	0.000007
OPCODE	DDC1	14	0.000007
OPCODE	E64A	14	0.000007
OPCODE	31EE	14	0.000007
OPCODE	6BF0	14	0.000007
OPCODE	7A02	14	0.000007
OPCODE	7088	14	0.000007
OPCODE	0C85	14	0.000007
OPCODE	7024	14	0.000007
OPCODE	5357	14	0.000007
OPCODE	7218	14	0.000007
OPCODE	9DC1	14	0.000007
OPCODE	CD40	14	0.000007
OPCODE	9244	14	0.000007
OPCODE	240C	14	0.000007
OPCODE	B450	14	0.000007
OPCODE	6070	14	0.000007
OPCODE	3F1E	14	0.000007
OPCODE	B092	14	0.000007
OPCODE	4682	13	0.000007
OPCODE	3C07	13	0.000007
OPCODE	A9DA	13	0.000007
OPCODE	0014	13	0.000007
OPCODE	2A12	13	0.000007
OPCODE	2857	13	0.000007
OPCODE	3034	13	0.000007
OPCODE	2213	13	0.000007
OPCODE	3F42	13	0.000007
OPCODE	3178	13	0.000007
OPCODE	11B3	13	0.000007
OPCODE	316B	13	0.000007
OPCODE	DEC1	13	0.000007
OPCODE	3084	13	0.000007
OPCODE	329F	13	0.000007
OPCODE	2774	13	0.000007
OPCODE	4274	13	0.000007
OPCODE	D6C1	13	0.000007
OPCODE	2E30	13	0.000007
OPCODE	E688	13	0.000007
OPCODE	2C3C	13	0.000007
OPCODE	B052	13	0.000007
OPCODE	268A	13	0.000007
OPCODE	B46A	13	0.000007
OPCODE	5886	13	0.000007
OPCODE	A950	13	0.000007
OPCODE	A522	13	0.000007
OPCODE	605A	13	0.000007
OPCODE	A207	13	0.000007
OPCODE	6132	13	0.000007
OPCODE	A823	13	0.000007
OPCODE	613A	13	0.000007
OPCODE	4C90	13	0.000007
OPCODE	616E	13	0.000007
OPCODE	50C5	13	0.000007
OPCODE	651E	13	0.000007
OPCODE	588A	13	0.000007
OPCODE	532C	13	0.000007
OPCODE	640C	13	0.000007
OPCODE	966B	13	0.000007
OPCODE	6E4E	13	0.000007
OPCODE	6E42	13	0.000007
OPCODE	6502	13	0.000007
OPCODE	E68A	12	0.000006
OPCODE	AA67	12	0.000006
OPCODE	C4C0	12	0.000006
OPCODE	1004	12	0.000006
OPCODE	E658	12	0.000006
OPCODE	E740	12	0.000006
OPCODE	116F	12	0.000006
OPCODE	11D0	12	0.000006
OPCODE	2890	12	0.000006
OPCODE	4873	12	0.000006
OPCODE	70F3	12	0.000006
OPCODE	95AE	12	0.000006
OPCODE	6B1C	12	0.000006
OPCODE	B66C	12	0.000006
OPCODE	66BC	12	0.000006
OPCODE	2633	12	0.000006
OPCODE	A892	12	0.000006
OPCODE	2260	12	0.000006
OPCODE	2146	12	0.000006
OPCODE	D8C5	12	0.000006
OPCODE	22DB	12	0.000006
OPCODE	B287	12	0.000006
OPCODE	6172	12	0.000006
OPCODE	261E	12	0.000006
OPCODE	5DEE	12	0.000006
OPCODE	B08B	12	0.000006
OPCODE	26A8	12	0.000006
OPCODE	66A2	12	0.000006
OPCODE	44FC	12	0.000006
OPCODE	5350	12	0.000006
OPCODE	278A	12	0.000006
OPCODE	A800	12	0.000006
OPCODE	B640	12	0.000006
OPCODE	544A	12	0.000006
OPCODE	3180	12	0.000006
OPCODE	6CC2	12	0.000006
OPCODE	026C	12	0.000006
OPCODE	6D22	12	0.000006
OPCODE	49F9	12	0.000006
OPCODE	EFAA	12	0.000006
OPCODE	EF6A	12	0.000006
OPCODE	A9E0	12	0.000006
OPCODE	49EA	12	0.000006
OPCODE	6D9E	12	0.000006
OPCODE	3087	12	0.000006
OPCODE	EAAA	12	0.000006
OPCODE	2F69	12	0.000006
OPCODE	9A80	12	0.000006
OPCODE	C093	12	0.000006
OPCODE	EBAA	12	0.000006
OPCODE	31BC	12	0.000006
OPCODE	5251	12	0.000006
OPCODE	C2C0	12	0.000006
OPCODE	2D03	12	0.000006
OPCODE	BE68	12	0.000006
OPCODE	0C90	12	0.000006
OPCODE	7018	12	0.000006
OPCODE	0101	11	0.000006
OPCODE	90AD	11	0.000006
OPCODE	395F	11	0.000006
OPCODE	7E08	11	0.000006
OPCODE	C090	11	0.000006
OPCODE	222B	11	0.000006
OPCODE	1A1F	11	0.000006
OPCODE	62DE	11	0.000006
OPCODE	60BA	11	0.000006
OPCODE	D2D0	11	0.000006
OPCODE	5486	11	0.000006
OPCODE	A817	11	0.000006
OPCODE	906F	11	0.000006
OPCODE	BA84	11	0.000006
OPCODE	8357	11	0.000006
OPCODE	61AE	11	0.000006
OPCODE	D1AB	11	0.000006
OPCODE	2628	11	0.000006
OPCODE	1F01	11	0.000006
OPCODE	EFAE	11	0.000006
OPCODE	DA43	11	0.000006
OPCODE	3D54	11	0.000006
OPCODE	E2AA	11	0.000006
OPCODE	CBC7	11	0.000006
OPCODE	E34D	11	0.000006
OPCODE	6FEA	11	0.000006
OPCODE	3605	11	0.000006
OPCODE	E44C	11	0.000006
OPCODE	6C48	11	0.000006
OPCODE	6FE2	11	0.000006
OPCODE	288B	11	0.000006
OPCODE	2C0C	11	0.000006
OPCODE	2970	11	0.000006
OPCODE	6040	11	0.000006
OPCODE	E789	11	0.000006
OPCODE	36B8	10	0.000005
OPCODE	A888	10	0.000005
OPCODE	2451	10	0.000005
OPCODE	9492	10	0.000005
OPCODE	2406	10	0.000005
OPCODE	B6FC	10	0.000005
OPCODE	3D6F	10	0.000005
OPCODE	D289	10	0.000005
OPCODE	97C4	10	0.000005
OPCODE	BA87	10	0.000005
OPCODE	5881	10	0.000005
OPCODE	2C12	10	0.000005
OPCODE	5087	10	0.000005
OPCODE	9EAE	10	0.000005
OPCODE	9FA8	10	0.000005
OPCODE	2A3C	10	0.000005
OPCODE	5082	10	0.000005
OPCODE	3E28	10	0.000005
OPCODE	0052	10	0.000005
OPCODE	8114	10	0.000005
OPCODE	3E36	10	0.000005
OPCODE	6228	10	0.000005
OPCODE	276B	10	0.000005
OPCODE	9046	10	0.000005
OPCODE	3831	10	0.000005
OPCODE	D047	10	0.000005
OPCODE	376E	10	0.000005
OPCODE	26C0	10	0.000005
OPCODE	2F18	10	0.000005
OPCODE	D0AB	10	0.000005
OPCODE	5CEE	10	0.000005
OPCODE	376C	10	0.000005
OPCODE	B650	10	0.000005
OPCODE	2658	10	0.000005
OPCODE	9C87	10	0.000005
OPCODE	CC40	10	0.000005
OPCODE	5290	10	0.000005
OPCODE	C6C0	10	0.000005
OPCODE	6144	10	0.000005
OPCODE	2E13	10	0.000005
OPCODE	6152	10	0.000005
OPCODE	92FC	10	0.000005
OPCODE	3B46	10	0.000005
OPCODE	5390	10	0.000005
OPCODE	25BC	10	0.000005
OPCODE	A860	10	0.000005
OPCODE	3C19	10	0.000005
OPCODE	A870	10	0.000005
OPCODE	2549	10	0.000005
OPCODE	9E83	10	0.000005
OPCODE	0C15	10	0.000005
OPCODE	E84E	10	0.000005
OPCODE	E287	10	0.000005
OPCODE	6EC2	10	0.000005
OPCODE	7C0F	10	0.000005
OPCODE	163B	10	0.000005
OPCODE	E24A	10	0.000005
OPCODE	2087	10	0.000005
OPCODE	7216	10	0.000005
OPCODE	D7C6	10	0.000005
OPCODE	0268	10	0.000005
OPCODE	7805	10	0.000005
OPCODE	6670	10	0.000005
OPCODE	6574	10	0.000005
OPCODE	A98D	10	0.000005
OPCODE	6D6A	10	0.000005
OPCODE	DEB8	10	0.000005
OPCODE	42B2	10	0.000005
OPCODE	A99B	10	0.000005
OPCODE	E450	10	0.000005
OPCODE	A8D4	10	0.000005
OPCODE	E586	10	0.000005
OPCODE	4EF2	10	0.000005
OPCODE	A8B0	10	0.000005
OPCODE	11EE	10	0.000005
OPCODE	A81F	9	0.000005
OPCODE	60BE	9	0.000005
OPCODE	1A29	9	0.000005
OPCODE	12FC	9	0.000005
OPCODE	99AC	9	0.000005
OPCODE	3541	9	0.000005
OPCODE	E04D	9	0.000005
OPCODE	6D30	9	0.000005
OPCODE	C0FA	9	0.000005
OPCODE	EA58	9	0.000005
OPCODE	2D81	9	0.000005
OPCODE	DFAE	9	0.000005
OPCODE	B8AC	9	0.000005
OPCODE	B685	9	0.000005
OPCODE	E48F	9	0.000005
OPCODE	2F78	9	0.000005
OPCODE	2944	9	0.000005
OPCODE	91CC	9	0.000005
OPCODE	1628	9	0.000005
OPCODE	162F	9	0.000005
OPCODE	AA52	9	0.000005
OPCODE	3745	9	0.000005
OPCODE	284D	9	0.000005
OPCODE	2841	9	0.000005
OPCODE	2838	9	0.000005
OPCODE	A11A	9	0.000005
OPCODE	6ABA	9	0.000005
OPCODE	9881	9	0.000005
OPCODE	C2AC	9	0.000005
OPCODE	3830	9	0.000005
OPCODE	2C6C	9	0.000005
OPCODE	91A8	9	0.000005
OPCODE	9190	9	0.000005
OPCODE	90BA	9	0.000005
OPCODE	3743	9	0.000005
OPCODE	1002	9	0.000005
OPCODE	C680	9	0.000005
OPCODE	BCAA	9	0.000005
OPCODE	DBAB	9	0.000005
OPCODE	7E04	9	0.000005
OPCODE	31C2	9	0.000005
OPCODE	6E30	9	0.000005
OPCODE	2545	9	0.000005
OPCODE	2547	9	0.000005
OPCODE	6520	9	0.000005
OPCODE	816A	9	0.000005
OPCODE	6514	9	0.000005
OPCODE	8841	9	0.000005
OPCODE	6F26	9	0.000005
OPCODE	6E36	9	0.000005
OPCODE	218A	9	0.000005
OPCODE	8240	9	0.000005
OPCODE	4EF6	9	0.000005
OPCODE	256E	9	0.000005
OPCODE	A9E1	9	0.000005
OPCODE	D1FC	9	0.000005
OPCODE	D5C8	9	0.000005
OPCODE	21AA	9	0.000005
OPCODE	6F82	9	0.000005
OPCODE	A9A2	9	0.000005
OPCODE	9BAC	9	0.000005
OPCODE	21AC	9	0.000005
OPCODE	D3AC	9	0.000005
OPCODE	7034	8	0.000004
OPCODE	BD40	8	0.000004
OPCODE	2A61	8	0.000004
OPCODE	2B4A	8	0.000004
OPCODE	BE28	8	0.000004
OPCODE	966C	8	0.000004
OPCODE	BC78	8	0.000004
OPCODE	C484	8	0.000004
OPCODE	BC44	8	0.000004
OPCODE	2A1D	8	0.000004
OPCODE	BCA8	8	0.000004
OPCODE	1206	8	0.000004
OPCODE	48E0	8	0.000004
OPCODE	BC80	8	0.000004
OPCODE	122E	8	0.000004
OPCODE	6314	8	0.000004
OPCODE	EB5A	8	0.000004
OPCODE	49F1	8	0.000004
OPCODE	A9F1	8	0.000004
OPCODE	2F61	8	0.000004
OPCODE	05C0	8	0.000004
OPCODE	EF48	8	0.000004
OPCODE	C045	8	0.000004
OPCODE	2EAF	8	0.000004
OPCODE	EF4B	8	0.000004
OPCODE	5400	8	0.000004
OPCODE	700E	8	0.000004
OPCODE	30F8	8	0.000004
OPCODE	C1ED	8	0.000004
OPCODE	5389	8	0.000004
OPCODE	BE52	8	0.000004
OPCODE	5388	8	0.000004
OPCODE	E942	8	0.000004
OPCODE	2C1D	8	0.000004
OPCODE	E908	8	0.000004
OPCODE	A9B2	8	0.000004
OPCODE	BAA8	8	0.000004
OPCODE	361C	8	0.000004
OPCODE	AA2A	8	0.000004
OPCODE	9EA8	8	0.000004
OPCODE	2B6E	8	0.000004
OPCODE	4A98	8	0.000004
OPCODE	429B	8	0.000004
OPCODE	1F68	8	0.000004
OPCODE	D26B	8	0.000004
OPCODE	254C	8	0.000004
OPCODE	1F2E	8	0.000004
OPCODE	B3E8	8	0.000004
OPCODE	426D	8	0.000004
OPCODE	DE85	8	0.000004
OPCODE	6594	8	0.000004
OPCODE	DBC3	8	0.000004
OPCODE	3A29	8	0.000004
OPCODE	DEBC	8	0.000004
OPCODE	B454	8	0.000004
OPCODE	665C	8	0.000004
OPCODE	1E12	8	0.000004
OPCODE	3A14	8	0.000004
OPCODE	B46D	8	0.000004
OPCODE	1D46	8	0.000004
OPCODE	22CD	8	0.000004
OPCODE	D66C	8	0.000004
OPCODE	2257	8	0.000004
OPCODE	D845	8	0.000004
OPCODE	D8C3	8	0.000004
OPCODE	2277	8	0.000004
OPCODE	D605	8	0.000004
OPCODE	6210	8	0.000004
OPCODE	7C1E	8	0.000004
OPCODE	5BCB	8	0.000004
OPCODE	4CD9	8	0.000004
OPCODE	22EF	8	0.000004
OPCODE	D4B8	8	0.000004
OPCODE	20C4	8	0.000004
OPCODE	61C2	8	0.000004
OPCODE	20AC	8	0.000004
OPCODE	64EC	8	0.000004
OPCODE	D2E9	8	0.000004
OPCODE	1297	8	0.000004
OPCODE	E2A8	8	0.000004
OPCODE	3807	8	0.000004
OPCODE	A938	8	0.000004
OPCODE	CCAB	8	0.000004
OPCODE	1605	8	0.000004
OPCODE	E0AA	8	0.000004
OPCODE	B5ED	8	0.000004
OPCODE	381D	8	0.000004
OPCODE	A43C	8	0.000004
OPCODE	A41C	8	0.000004
OPCODE	E306	8	0.000004
OPCODE	6076	8	0.000004
OPCODE	143B	8	0.000004
OPCODE	2809	8	0.000004
OPCODE	E243	8	0.000004
OPCODE	E241	8	0.000004
OPCODE	D053	8	0.000004
OPCODE	3884	8	0.000004
OPCODE	5C4B	8	0.000004
OPCODE	CB49	8	0.000004
OPCODE	6798	8	0.000004
OPCODE	36DC	8	0.000004
OPCODE	CA82	8	0.000004
OPCODE	72FB	8	0.000004
OPCODE	A80D	8	0.000004
OPCODE	44DF	8	0.000004
OPCODE	9644	7	0.000004
OPCODE	1F3C	7	0.000004
OPCODE	703E	7	0.000004
OPCODE	BC8A	7	0.000004
OPCODE	6EE8	7	0.000004
OPCODE	6C24	7	0.000004
OPCODE	6C20	7	0.000004
OPCODE	282C	7	0.000004
OPCODE	26AC	7	0.000004
OPCODE	2E12	7	0.000004
OPCODE	2E91	7	0.000004
OPCODE	1819	7	0.000004
OPCODE	C0C4	7	0.000004
OPCODE	5645	7	0.000004
OPCODE	301C	7	0.000004
OPCODE	7615	7	0.000004
OPCODE	1619	7	0.000004
OPCODE	D1EE	7	0.000004
OPCODE	7630	7	0.000004
OPCODE	7016	7	0.000004
OPCODE	7660	7	0.000004
OPCODE	720B	7	0.000004
OPCODE	6E1C	7	0.000004
OPCODE	780D	7	0.000004
OPCODE	651A	7	0.000004
OPCODE	3814	7	0.000004
OPCODE	B4FC	7	0.000004
OPCODE	45F7	7	0.000004
OPCODE	336E	7	0.000004
OPCODE	AA94	7	0.000004
OPCODE	A9AF	7	0.000004
OPCODE	5250	7	0.000004
OPCODE	A8EC	7	0.000004
OPCODE	A943	6	0.000003
OPCODE	7E10	6	0.000003
OPCODE	A440	6	0.000003
OPCODE	1E31	6	0.000003
OPCODE	528B	6	0.000003
OPCODE	D768	6	0.000003
OPCODE	B678	6	0.000003
OPCODE	306A	6	0.000003
OPCODE	7022	6	0.000003
OPCODE	6C30	6	0.000003
OPCODE	7E94	6	0.000003
OPCODE	0BC4	6	0.000003
OPCODE	2286	6	0.000003
OPCODE	6C4C	6	0.000003
OPCODE	6332	6	0.000003
OPCODE	2219	6	0.000003
OPCODE	B66D	6	0.000003
OPCODE	0C12	6	0.000003
OPCODE	56C5	6	0.000003
OPCODE	7011	6	0.000003
OPCODE	666A	6	0.000003
OPCODE	A90C	6	0.000003
OPCODE	A8FA	6	0.000003
OPCODE	A8ED	6	0.000003
OPCODE	58AF	6	0.000003
OPCODE	70EE	6	0.000003
OPCODE	94FC	6	0.000003
OPCODE	9A43	6	0.000003
OPCODE	78FE	6	0.000003
OPCODE	51E9	6	0.000003
OPCODE	1171	6	0.000003
OPCODE	20BC	6	0.000003
OPCODE	5AEE	6	0.000003
OPCODE	CA38	6	0.000003
OPCODE	1F06	6	0.000003
OPCODE	2F4D	6	0.000003
OPCODE	1431	6	0.000003
OPCODE	A068	6	0.000003
OPCODE	AA68	6	0.000003
OPCODE	6548	6	0.000003
OPCODE	A8B2	6	0.000003
OPCODE	3F1A	6	0.000003
OPCODE	21AF	6	0.000003
OPCODE	2293	6	0.000003
OPCODE	6356	6	0.000003
OPCODE	5701	6	0.000003
OPCODE	BCAE	6	0.000003
OPCODE	67CC	6	0.000003
OPCODE	617C	6	0.000003
OPCODE	45D1	6	0.000003
OPCODE	3613	6	0.000003
OPCODE	D26E	6	0.000003
OPCODE	6E10	6	0.000003
OPCODE	B4A9	6	0.000003
OPCODE	A86C	6	0.000003
OPCODE	321C	6	0.000003
OPCODE	C401	6	0.000003
OPCODE	9840	6	0.000003
OPCODE	5369	6	0.000003
OPCODE	66BE	6	0.000003
OPCODE	2651	6	0.000003
OPCODE	A027	6	0.000003
OPCODE	A836	6	0.000003
OPCODE	A9A8	6	0.000003
OPCODE	6770	6	0.000003
OPCODE	0094	6	0.000003
OPCODE	1631	6	0.000003
OPCODE	2E04	6	0.000003
OPCODE	6036	6	0.000003
OPCODE	3143	6	0.000003
OPCODE	CD38	6	0.000003
OPCODE	3147	6	0.000003
OPCODE	53AE	6	0.000003
OPCODE	D0C1	6	0.000003
OPCODE	E286	6	0.000003
OPCODE	9207	6	0.000003
OPCODE	61AA	6	0.000003
OPCODE	2429	6	0.000003
OPCODE	E259	6	0.000003
OPCODE	282F	6	0.000003
OPCODE	B5D0	6	0.000003
OPCODE	244F	6	0.000003
OPCODE	44C0	6	0.000003
OPCODE	7244	6	0.000003
OPCODE	32F8	6	0.000003
OPCODE	A90A	5	0.000003
OPCODE	2692	5	0.000003
OPCODE	B0BA	5	0.000003
OPCODE	94A9	5	0.000003
OPCODE	C2E9	5	0.000003
OPCODE	72A9	5	0.000003
OPCODE	C4E8	5	0.000003
OPCODE	362B	5	0.000003
OPCODE	57C9	5	0.000003
OPCODE	A90D	5	0.000003
OPCODE	362D	5	0.000003
OPCODE	3632	5	0.000003
OPCODE	A146	5	0.000003
OPCODE	A91C	5	0.000003
OPCODE	1942	5	0.000003
OPCODE	60A8	5	0.000003
OPCODE	2846	5	0.000003
OPCODE	B2AE	5	0.000003
OPCODE	618C	5	0.000003
OPCODE	2481	5	0.000003
OPCODE	6184	5	0.000003
OPCODE	3832	5	0.000003
OPCODE	387C	5	0.000003
OPCODE	24C3	5	0.000003
OPCODE	A876	5	0.000003
OPCODE	2760	5	0.000003
OPCODE	D3C5	5	0.000003
OPCODE	8DFC	5	0.000003
OPCODE	8E40	5	0.000003
OPCODE	8FFC	5	0.000003
OPCODE	908A	5	0.000003
OPCODE	60CA	5	0.000003
OPCODE	A821	5	0.000003
OPCODE	D0EF	5	0.000003
OPCODE	9084	5	0.000003
OPCODE	D0B8	5	0.000003
OPCODE	214C	5	0.000003
OPCODE	9480	5	0.000003
OPCODE	B740	5	0.000003
OPCODE	78F8	5	0.000003
OPCODE	41EF	5	0.000003
OPCODE	93E8	5	0.000003
OPCODE	C745	5	0.000003
OPCODE	20DA	5	0.000003
OPCODE	20F8	5	0.000003
OPCODE	6430	5	0.000003
OPCODE	5941	5	0.000003
OPCODE	A8A7	5	0.000003
OPCODE	7E20	5	0.000003
OPCODE	21D8	5	0.000003
OPCODE	6350	5	0.000003
OPCODE	3E38	5	0.000003
OPCODE	8151	5	0.000003
OPCODE	22CA	5	0.000003
OPCODE	A886	5	0.000003
OPCODE	A885	5	0.000003
OPCODE	0C9F	5	0.000003
OPCODE	9CFA	5	0.000003
OPCODE	6C5C	5	0.000003
OPCODE	0A30	5	0.000003
OPCODE	0A33	5	0.000003
OPCODE	0A6E	5	0.000003
OPCODE	546E	5	0.000003
OPCODE	E982	5	0.000003
OPCODE	AA1F	5	0.000003
OPCODE	E949	5	0.000003
OPCODE	6C3E	5	0.000003
OPCODE	701A	5	0.000003
OPCODE	AA12	5	0.000003
OPCODE	3047	5	0.000003
OPCODE	7036	5	0.000003
OPCODE	E7A1	5	0.000003
OPCODE	AA43	5	0.000003
OPCODE	E76C	5	0.000003
OPCODE	7064	5	0.000003
OPCODE	B9C0	5	0.000003
OPCODE	11D1	5	0.000003
OPCODE	6B52	5	0.000003
OPCODE	ABEB	5	0.000003
OPCODE	EDAD	5	0.000003
OPCODE	002C	5	0.000003
OPCODE	6EEA	5	0.000003
OPCODE	6EDA	5	0.000003
OPCODE	A9A3	5	0.000003
OPCODE	022C	5	0.000003
OPCODE	0251	5	0.000003
OPCODE	5302	5	0.000003
OPCODE	A9BA	5	0.000003
OPCODE	A992	5	0.000003
OPCODE	EE49	5	0.000003
OPCODE	1882	5	0.000003
OPCODE	6F9A	5	0.000003
OPCODE	ED6D	5	0.000003
OPCODE	31C7	5	0.000003
OPCODE	31C3	5	0.000003
OPCODE	EC08	5	0.000003
OPCODE	6D70	5	0.000003
OPCODE	9E7C	5	0.000003
OPCODE	6D4A	5	0.000003
OPCODE	6D48	5	0.000003
OPCODE	315F	5	0.000003
OPCODE	A923	5	0.000003
OPCODE	A955	5	0.000003
OPCODE	3540	5	0.000003
OPCODE	9A40	5	0.000003
OPCODE	E24D	5	0.000003
OPCODE	2D69	5	0.000003
OPCODE	A922	5	0.000003
OPCODE	2EA8	5	0.000003
OPCODE	A927	5	0.000003
OPCODE	6B40	5	0.000003
OPCODE	45FB	5	0.000003
OPCODE	A09D	5	0.000003
OPCODE	2E4B	5	0.000003
OPCODE	1414	5	0.000003
OPCODE	D299	4	0.000002
OPCODE	66BA	4	0.000002
OPCODE	66B8	4	0.000002
OPCODE	249F	4	0.000002
OPCODE	2493	4	0.000002
OPCODE	4A6F	4	0.000002
OPCODE	03C2	4	0.000002
OPCODE	248C	4	0.000002
OPCODE	D26C	4	0.000002
OPCODE	2457	4	0.000002
OPCODE	D2E8	4	0.000002
OPCODE	04B8	4	0.000002
OPCODE	242F	4	0.000002
OPCODE	242D	4	0.000002
OPCODE	AA06	4	0.000002
OPCODE	1C1F	4	0.000002
OPCODE	162E	4	0.000002
OPCODE	241D	4	0.000002
OPCODE	EA84	4	0.000002
OPCODE	EA83	4	0.000002
OPCODE	6E40	4	0.000002
OPCODE	A00A	4	0.000002
OPCODE	A999	4	0.000002
OPCODE	727F	4	0.000002
OPCODE	D0C3	4	0.000002
OPCODE	722C	4	0.000002
OPCODE	A81A	4	0.000002
OPCODE	A99A	4	0.000002
OPCODE	6764	4	0.000002
OPCODE	6E7E	4	0.000002
OPCODE	9054	4	0.000002
OPCODE	2646	4	0.000002
OPCODE	A9A4	4	0.000002
OPCODE	5187	4	0.000002
OPCODE	D16C	4	0.000002
OPCODE	6DB6	4	0.000002
OPCODE	0229	4	0.000002
OPCODE	B073	4	0.000002
OPCODE	66C6	4	0.000002
OPCODE	6166	4	0.000002
OPCODE	B3EE	4	0.000002
OPCODE	5147	4	0.000002
OPCODE	721C	4	0.000002
OPCODE	4A9C	4	0.000002
OPCODE	B3D7	4	0.000002
OPCODE	1A13	4	0.000002
OPCODE	B3C5	4	0.000002
OPCODE	B06F	4	0.000002
OPCODE	61B4	4	0.000002
OPCODE	3F68	4	0.000002
OPCODE	1383	4	0.000002
OPCODE	0CB1	4	0.000002
OPCODE	6B24	4	0.000002
OPCODE	6B2C	4	0.000002
OPCODE	1320	4	0.000002
OPCODE	E6AD	4	0.000002
OPCODE	E6AC	4	0.000002
OPCODE	7CEF	4	0.000002
OPCODE	7CEE	4	0.000002
OPCODE	642C	4	0.000002
OPCODE	B029	4	0.000002
OPCODE	6B72	4	0.000002
OPCODE	6B60	4	0.000002
OPCODE	AA31	4	0.000002
OPCODE	6452	4	0.000002
OPCODE	10DA	4	0.000002
OPCODE	4CD2	4	0.000002
OPCODE	12AA	4	0.000002
OPCODE	1147	4	0.000002
OPCODE	7094	4	0.000002
OPCODE	A8E7	4	0.000002
OPCODE	6B58	4	0.000002
OPCODE	6508	4	0.000002
OPCODE	2061	4	0.000002
OPCODE	205E	4	0.000002
OPCODE	2045	4	0.000002
OPCODE	6B48	4	0.000002
OPCODE	22BC	4	0.000002
OPCODE	A919	4	0.000002
OPCODE	06B8	4	0.000002
OPCODE	236A	4	0.000002
OPCODE	4877	4	0.000002
OPCODE	2344	4	0.000002
OPCODE	EA50	4	0.000002
OPCODE	3D9F	4	0.000002
OPCODE	B285	4	0.000002
OPCODE	D4D2	4	0.000002
OPCODE	1E14	4	0.000002
OPCODE	08B1	4	0.000002
OPCODE	1E28	4	0.000002
OPCODE	47EF	4	0.000002
OPCODE	6A1A	4	0.000002
OPCODE	7609	4	0.000002
OPCODE	B09F	4	0.000002
OPCODE	5041	4	0.000002
OPCODE	6AF6	4	0.000002
OPCODE	622E	4	0.000002
OPCODE	7803	4	0.000002
OPCODE	A8A5	4	0.000002
OPCODE	21EA	4	0.000002
OPCODE	6B1A	4	0.000002
OPCODE	7015	4	0.000002
OPCODE	A908	4	0.000002
OPCODE	702A	4	0.000002
OPCODE	702B	4	0.000002
OPCODE	5B40	4	0.000002
OPCODE	C2EE	4	0.000002
OPCODE	B7F8	4	0.000002
OPCODE	B7E9	4	0.000002
OPCODE	3685	4	0.000002
OPCODE	2A4A	4	0.000002
OPCODE	51F8	4	0.000002
OPCODE	588B	4	0.000002
OPCODE	2A38	4	0.000002
OPCODE	A20C	4	0.000002
OPCODE	5949	4	0.000002
OPCODE	B700	4	0.000002
OPCODE	A0A4	4	0.000002
OPCODE	B6A9	4	0.000002
OPCODE	36C3	4	0.000002
OPCODE	A23C	4	0.000002
OPCODE	36C4	4	0.000002
OPCODE	36C7	4	0.000002
OPCODE	5C4A	4	0.000002
OPCODE	5C80	4	0.000002
OPCODE	9254	4	0.000002
OPCODE	2829	4	0.000002
OPCODE	608A	4	0.000002
OPCODE	BA82	4	0.000002
OPCODE	A005	4	0.000002
OPCODE	A004	4	0.000002
OPCODE	A001	4	0.000002
OPCODE	A011	4	0.000002
OPCODE	BD90	4	0.000002
OPCODE	9FC1	4	0.000002
OPCODE	BE45	4	0.000002
OPCODE	BE50	4	0.000002
OPCODE	BB98	4	0.000002
OPCODE	BA83	4	0.000002
OPCODE	9E8B	4	0.000002
OPCODE	396E	4	0.000002
OPCODE	A033	4	0.000002
OPCODE	C007	4	0.000002
OPCODE	9CAB	4	0.000002
OPCODE	3346	4	0.000002
OPCODE	3347	4	0.000002
OPCODE	C0BC	4	0.000002
OPCODE	A064	4	0.000002
OPCODE	9A41	4	0.000002
OPCODE	2E4A	4	0.000002
OPCODE	2D08	4	0.000002
OPCODE	26CC	4	0.000002
OPCODE	26C5	4	0.000002
OPCODE	26C2	4	0.000002
OPCODE	D099	4	0.000002
OPCODE	2741	4	0.000002
OPCODE	26CA	4	0.000002
OPCODE	2B48	3	0.000002
OPCODE	A461	3	0.000002
OPCODE	B9EA	3	0.000002
OPCODE	D96E	3	0.000002
OPCODE	3E01	3	0.000002
OPCODE	22FC	3	0.000002
OPCODE	306D	3	0.000002
OPCODE	D484	3	0.000002
OPCODE	72FC	3	0.000002
OPCODE	3D6D	3	0.000002
OPCODE	D16A	3	0.000002
OPCODE	55C3	3	0.000002
OPCODE	6C4A	3	0.000002
OPCODE	5980	3	0.000002
OPCODE	30E4	3	0.000002
OPCODE	D3E9	3	0.000002
OPCODE	84C1	3	0.000002
OPCODE	D3C4	3	0.000002
OPCODE	6FF8	3	0.000002
OPCODE	91EE	3	0.000002
OPCODE	DABC	3	0.000002
OPCODE	D3AA	3	0.000002
OPCODE	28AB	3	0.000002
OPCODE	A8AA	3	0.000002
OPCODE	3B43	3	0.000002
OPCODE	5680	3	0.000002
OPCODE	70F7	3	0.000002
OPCODE	7209	3	0.000002
OPCODE	4879	3	0.000002
OPCODE	C218	3	0.000002
OPCODE	1218	3	0.000002
OPCODE	11EF	3	0.000002
OPCODE	2E02	3	0.000002
OPCODE	4602	3	0.000002
OPCODE	48E8	3	0.000002
OPCODE	AA32	3	0.000002
OPCODE	7093	3	0.000002
OPCODE	E648	3	0.000002
OPCODE	4CED	3	0.000002
OPCODE	67EC	3	0.000002
OPCODE	B26C	3	0.000002
OPCODE	227C	3	0.000002
OPCODE	8193	3	0.000002
OPCODE	620E	3	0.000002
OPCODE	926F	3	0.000002
OPCODE	3A02	3	0.000002
OPCODE	4AAF	3	0.000002
OPCODE	D0EA	3	0.000002
OPCODE	D2C3	3	0.000002
OPCODE	0310	3	0.000002
OPCODE	4457	3	0.000002
OPCODE	2A14	3	0.000002
OPCODE	6F4A	3	0.000002
OPCODE	B491	3	0.000002
OPCODE	2015	3	0.000002
OPCODE	5202	3	0.000002
OPCODE	0293	3	0.000002
OPCODE	5301	3	0.000002
OPCODE	A877	3	0.000002
OPCODE	B7EA	3	0.000002
OPCODE	A90F	3	0.000002
OPCODE	D0D0	3	0.000002
OPCODE	7618	3	0.000002
OPCODE	0213	3	0.000002
OPCODE	4233	3	0.000002
OPCODE	5328	3	0.000002
OPCODE	A90E	3	0.000002
OPCODE	A020	3	0.000002
OPCODE	1F1A	3	0.000002
OPCODE	1F03	3	0.000002
OPCODE	A9E3	3	0.000002
OPCODE	6D4E	3	0.000002
OPCODE	A034	3	0.000002
OPCODE	A990	3	0.000002
OPCODE	9E84	3	0.000002
OPCODE	31AE	3	0.000002
OPCODE	D2D8	3	0.000002
OPCODE	BE85	3	0.000002
OPCODE	A833	2	0.000001
OPCODE	E09B	2	0.000001
OPCODE	C242	2	0.000001
OPCODE	A91F	2	0.000001
OPCODE	1946	2	0.000001
OPCODE	1947	2	0.000001
OPCODE	3568	2	0.000001
OPCODE	7440	2	0.000001
OPCODE	4641	2	0.000001
OPCODE	E289	2	0.000001
OPCODE	2A42	2	0.000001
OPCODE	B0A0	2	0.000001
OPCODE	1B54	2	0.000001
OPCODE	E069	2	0.000001
OPCODE	E28B	2	0.000001
OPCODE	16C1	2	0.000001
OPCODE	A937	2	0.000001
OPCODE	5681	2	0.000001
OPCODE	6A20	2	0.000001
OPCODE	1540	2	0.000001
OPCODE	A079	2	0.000001
OPCODE	B7D2	2	0.000001
OPCODE	5254	2	0.000001
OPCODE	E089	2	0.000001
OPCODE	9030	2	0.000001
OPCODE	5217	2	0.000001
OPCODE	1403	2	0.000001
OPCODE	DE42	2	0.000001
OPCODE	446E	2	0.000001
OPCODE	97AC	2	0.000001
OPCODE	B07A	2	0.000001
OPCODE	18AD	2	0.000001
OPCODE	D1E8	2	0.000001
OPCODE	B840	2	0.000001
OPCODE	DFED	2	0.000001
OPCODE	7236	2	0.000001
OPCODE	A91B	2	0.000001
OPCODE	97CA	2	0.000001
OPCODE	2A90	2	0.000001
OPCODE	A915	2	0.000001
OPCODE	A128	2	0.000001
OPCODE	C293	2	0.000001
OPCODE	9794	2	0.000001
OPCODE	7606	2	0.000001
OPCODE	1800	2	0.000001
OPCODE	66AE	2	0.000001
OPCODE	E059	2	0.000001
OPCODE	614C	2	0.000001
OPCODE	51AE	2	0.000001
OPCODE	45F9	2	0.000001
OPCODE	67E4	2	0.000001
OPCODE	1D41	2	0.000001
OPCODE	B097	2	0.000001
OPCODE	1943	2	0.000001
OPCODE	668A	2	0.000001
OPCODE	A039	2	0.000001
OPCODE	6F62	2	0.000001
OPCODE	6F6C	2	0.000001
OPCODE	03C0	2	0.000001
OPCODE	2670	2	0.000001
OPCODE	A81D	2	0.000001
OPCODE	0444	2	0.000001
OPCODE	EBD7	2	0.000001
OPCODE	6D58	2	0.000001
OPCODE	316D	2	0.000001
OPCODE	9E6E	2	0.000001
OPCODE	A02F	2	0.000001
OPCODE	6D36	2	0.000001
OPCODE	3144	2	0.000001
OPCODE	08AF	2	0.000001
OPCODE	BA46	2	0.000001
OPCODE	0A44	2	0.000001
OPCODE	905F	2	0.000001
OPCODE	0C02	2	0.000001
OPCODE	0C03	2	0.000001
OPCODE	5481	2	0.000001
OPCODE	2687	2	0.000001
OPCODE	002A	2	0.000001
OPCODE	9085	2	0.000001
OPCODE	6EF4	2	0.000001
OPCODE	A9A1	2	0.000001
OPCODE	0081	2	0.000001
OPCODE	6EBA	2	0.000001
OPCODE	BCAC	2	0.000001
OPCODE	6E72	2	0.000001
OPCODE	907C	2	0.000001
OPCODE	A000	2	0.000001
OPCODE	308B	2	0.000001
OPCODE	3208	2	0.000001
OPCODE	3957	2	0.000001
OPCODE	A9C3	2	0.000001
OPCODE	6F34	2	0.000001
OPCODE	A02B	2	0.000001
OPCODE	EF4A	2	0.000001
OPCODE	A9E2	2	0.000001
OPCODE	6DF4	2	0.000001
OPCODE	0300	2	0.000001
OPCODE	5257	2	0.000001
OPCODE	10E9	2	0.000001
OPCODE	116E	2	0.000001
OPCODE	342F	2	0.000001
OPCODE	70AB	2	0.000001
OPCODE	4BF9	2	0.000001
OPCODE	9A47	2	0.000001
OPCODE	C0EE	2	0.000001
OPCODE	122F	2	0.000001
OPCODE	6B46	2	0.000001
OPCODE	2EA9	2	0.000001
OPCODE	10D1	2	0.000001
OPCODE	2E89	2	0.000001
OPCODE	B038	2	0.000001
OPCODE	12C2	2	0.000001
OPCODE	12DB	2	0.000001
OPCODE	C189	2	0.000001
OPCODE	C18D	2	0.000001
OPCODE	6B20	2	0.000001
OPCODE	E3A8	2	0.000001
OPCODE	A95D	2	0.000001
OPCODE	E849	2	0.000001
OPCODE	528A	2	0.000001
OPCODE	0C29	2	0.000001
OPCODE	E8A9	2	0.000001
OPCODE	AA29	2	0.000001
OPCODE	5497	2	0.000001
OPCODE	0C57	2	0.000001
OPCODE	AA2B	2	0.000001
OPCODE	AA2C	2	0.000001
OPCODE	5283	2	0.000001
OPCODE	7032	2	0.000001
OPCODE	C192	2	0.000001
OPCODE	0CAB	2	0.000001
OPCODE	E7B8	2	0.000001
OPCODE	101A	2	0.000001
OPCODE	1031	2	0.000001
OPCODE	103C	2	0.000001
OPCODE	6BD6	2	0.000001
OPCODE	3417	2	0.000001
OPCODE	C0AA	2	0.000001
OPCODE	10C2	2	0.000001
OPCODE	93C0	2	0.000001
OPCODE	219F	2	0.000001
OPCODE	91CE	2	0.000001
OPCODE	3F21	2	0.000001
OPCODE	D7EB	2	0.000001
OPCODE	7E06	2	0.000001
OPCODE	D354	2	0.000001
OPCODE	D1CE	2	0.000001
OPCODE	B2AF	2	0.000001
OPCODE	93AE	2	0.000001
OPCODE	B1ED	2	0.000001
OPCODE	7E03	2	0.000001
OPCODE	618A	2	0.000001
OPCODE	A8DA	2	0.000001
OPCODE	640E	2	0.000001
OPCODE	A804	2	0.000001
OPCODE	C8AE	2	0.000001
OPCODE	280F	2	0.000001
OPCODE	A8DB	2	0.000001
OPCODE	3F32	2	0.000001
OPCODE	274A	2	0.000001
OPCODE	4CEA	2	0.000001
OPCODE	20E9	2	0.000001
OPCODE	C82B	2	0.000001
OPCODE	24D5	2	0.000001
OPCODE	A878	2	0.000001
OPCODE	6164	2	0.000001
OPCODE	C6C2	2	0.000001
OPCODE	7C03	2	0.000001
OPCODE	A897	2	0.000001
OPCODE	A71E	2	0.000001
OPCODE	22E9	2	0.000001
OPCODE	6202	2	0.000001
OPCODE	CD4B	2	0.000001
OPCODE	228A	2	0.000001
OPCODE	260A	2	0.000001
OPCODE	61D6	2	0.000001
OPCODE	8283	2	0.000001
OPCODE	5089	2	0.000001
OPCODE	82AE	2	0.000001
OPCODE	3E14	2	0.000001
OPCODE	61C0	2	0.000001
OPCODE	A896	2	0.000001
OPCODE	2609	2	0.000001
OPCODE	A346	2	0.000001
OPCODE	D66A	2	0.000001
OPCODE	CE6E	2	0.000001
OPCODE	80D7	2	0.000001
OPCODE	D6D0	2	0.000001
OPCODE	2888	2	0.000001
OPCODE	240D	2	0.000001
OPCODE	92B8	2	0.000001
OPCODE	2617	2	0.000001
OPCODE	D36C	2	0.000001
OPCODE	288A	2	0.000001
OPCODE	63D0	2	0.000001
OPCODE	63F0	2	0.000001
OPCODE	205C	2	0.000001
OPCODE	2024	2	0.000001
OPCODE	1F6A	2	0.000001
OPCODE	B141	2	0.000001
OPCODE	A854	2	0.000001
OPCODE	7A9D	2	0.000001
OPCODE	3943	2	0.000001
OPCODE	A80C	2	0.000001
OPCODE	D078	2	0.000001
OPCODE	6176	2	0.000001
OPCODE	78E0	2	0.000001
OPCODE	594B	2	0.000001
OPCODE	276A	2	0.000001
OPCODE	594C	2	0.000001
OPCODE	2083	2	0.000001
OPCODE	D25F	2	0.000001
OPCODE	50EA	2	0.000001
OPCODE	60AC	2	0.000001
OPCODE	C4EE	2	0.000001
OPCODE	892B	2	0.000001
OPCODE	DBC2	2	0.000001
OPCODE	A906	2	0.000001
OPCODE	2954	2	0.000001
OPCODE	D283	2	0.000001
OPCODE	76EB	2	0.000001
OPCODE	7806	2	0.000001
OPCODE	1F28	2	0.000001
OPCODE	D183	2	0.000001
OPCODE	1F29	2	0.000001
OPCODE	5894	2	0.000001
OPCODE	E9D7	1	0.000001
OPCODE	396B	1	0.000001
OPCODE	07F2	1	0.000001
OPCODE	6D2C	1	0.000001
OPCODE	CE46	1	0.000001
OPCODE	D3C3	1	0.000001
OPCODE	A983	1	0.000001
OPCODE	08D0	1	0.000001
OPCODE	A982	1	0.000001
OPCODE	CEAC	1	0.000001
OPCODE	237C	1	0.000001
OPCODE	AA18	1	0.000001
OPCODE	0069	1	0.000001
OPCODE	309F	1	0.000001
OPCODE	2369	1	0.000001
OPCODE	A03B	1	0.000001
OPCODE	240B	1	0.000001
OPCODE	AA1E	1	0.000001
OPCODE	700B	1	0.000001
OPCODE	6CF8	1	0.000001
OPCODE	A746	1	0.000001
OPCODE	6138	1	0.000001
OPCODE	A981	1	0.000001
OPCODE	61E6	1	0.000001
OPCODE	3E02	1	0.000001
OPCODE	554C	1	0.000001
OPCODE	705D	1	0.000001
OPCODE	8229	1	0.000001
OPCODE	3068	1	0.000001
OPCODE	0028	1	0.000001
OPCODE	0C86	1	0.000001
OPCODE	7029	1	0.000001
OPCODE	CDFC	1	0.000001
OPCODE	701B	1	0.000001
OPCODE	5494	1	0.000001
OPCODE	7017	1	0.000001
OPCODE	AA28	1	0.000001
OPCODE	2752	1	0.000001
OPCODE	6EEC	1	0.000001
OPCODE	3292	1	0.000001
OPCODE	548C	1	0.000001
OPCODE	AA24	1	0.000001
OPCODE	A84A	1	0.000001
OPCODE	3354	1	0.000001
OPCODE	82F8	1	0.000001
OPCODE	6C42	1	0.000001
OPCODE	309A	1	0.000001
OPCODE	26AE	1	0.000001
OPCODE	CE45	1	0.000001
OPCODE	006E	1	0.000001
OPCODE	9C6A	1	0.000001
OPCODE	B298	1	0.000001
OPCODE	234B	1	0.000001
OPCODE	2778	1	0.000001
OPCODE	A87D	1	0.000001
OPCODE	EDA8	1	0.000001
OPCODE	31EB	1	0.000001
OPCODE	9FC0	1	0.000001
OPCODE	A86F	1	0.000001
OPCODE	607A	1	0.000001
OPCODE	6188	1	0.000001
OPCODE	248B	1	0.000001
OPCODE	3880	1	0.000001
OPCODE	382B	1	0.000001
OPCODE	3C2A	1	0.000001
OPCODE	90C0	1	0.000001
OPCODE	A807	1	0.000001
OPCODE	6090	1	0.000001
OPCODE	382D	1	0.000001
OPCODE	A805	1	0.000001
OPCODE	EE98	1	0.000001
OPCODE	24A9	1	0.000001
OPCODE	9154	1	0.000001
OPCODE	D294	1	0.000001
OPCODE	D1D0	1	0.000001
OPCODE	A991	1	0.000001
OPCODE	6F1E	1	0.000001
OPCODE	A9D2	1	0.000001
OPCODE	02AC	1	0.000001
OPCODE	6F3C	1	0.000001
OPCODE	A9C8	1	0.000001
OPCODE	A9CD	1	0.000001
OPCODE	6F28	1	0.000001
OPCODE	A9CE	1	0.000001
OPCODE	A801	1	0.000001
OPCODE	A87F	1	0.000001
OPCODE	AA0E	1	0.000001
OPCODE	07B2	1	0.000001
OPCODE	3154	1	0.000001
OPCODE	90AA	1	0.000001
OPCODE	AA0D	1	0.000001
OPCODE	B5F3	1	0.000001
OPCODE	2768	1	0.000001
OPCODE	617E	1	0.000001
OPCODE	CFFC	1	0.000001
OPCODE	9E40	1	0.000001
OPCODE	8A40	1	0.000001
OPCODE	066D	1	0.000001
OPCODE	0646	1	0.000001
OPCODE	0086	1	0.000001
OPCODE	A98B	1	0.000001
OPCODE	5351	1	0.000001
OPCODE	AA08	1	0.000001
OPCODE	255F	1	0.000001
OPCODE	AA07	1	0.000001
OPCODE	EB48	1	0.000001
OPCODE	381F	1	0.000001
OPCODE	EB98	1	0.000001
OPCODE	2657	1	0.000001
OPCODE	4A57	1	0.000001
OPCODE	D340	1	0.000001
OPCODE	EC88	1	0.000001
OPCODE	6D7C	1	0.000001
OPCODE	BA6C	1	0.000001
OPCODE	A87E	1	0.000001
OPCODE	56D8	1	0.000001
OPCODE	986D	1	0.000001
OPCODE	C27C	1	0.000001
OPCODE	E246	1	0.000001
OPCODE	20E4	1	0.000001
OPCODE	356A	1	0.000001
OPCODE	2C4F	1	0.000001
OPCODE	5BC0	1	0.000001
OPCODE	986B	1	0.000001
OPCODE	6926	1	0.000001
OPCODE	D938	1	0.000001
OPCODE	677C	1	0.000001
OPCODE	360C	1	0.000001
OPCODE	908B	1	0.000001
OPCODE	D96A	1	0.000001
OPCODE	C7C4	1	0.000001
OPCODE	E18A	1	0.000001
OPCODE	7245	1	0.000001
OPCODE	A92A	1	0.000001
OPCODE	7E07	1	0.000001
OPCODE	6A56	1	0.000001
OPCODE	216D	1	0.000001
OPCODE	A954	1	0.000001
OPCODE	6A1C	1	0.000001
OPCODE	2E0C	1	0.000001
OPCODE	2E06	1	0.000001
OPCODE	A92D	1	0.000001
OPCODE	41D3	1	0.000001
OPCODE	6928	1	0.000001
OPCODE	162A	1	0.000001
OPCODE	E28C	1	0.000001
OPCODE	2893	1	0.000001
OPCODE	4647	1	0.000001
OPCODE	D884	1	0.000001
OPCODE	2D74	1	0.000001
OPCODE	93C1	1	0.000001
OPCODE	B0B6	1	0.000001
OPCODE	C642	1	0.000001
OPCODE	B441	1	0.000001
OPCODE	1C28	1	0.000001
OPCODE	5948	1	0.000001
OPCODE	9093	1	0.000001
OPCODE	584A	1	0.000001
OPCODE	1D6C	1	0.000001
OPCODE	B7C4	1	0.000001
OPCODE	1C1B	1	0.000001
OPCODE	B7DF	1	0.000001
OPCODE	A909	1	0.000001
OPCODE	760C	1	0.000001
OPCODE	A913	1	0.000001
OPCODE	780A	1	0.000001
OPCODE	4294	1	0.000001
OPCODE	76F7	1	0.000001
OPCODE	4253	1	0.000001
OPCODE	D9C8	1	0.000001
OPCODE	D9C2	1	0.000001
OPCODE	20AB	1	0.000001
OPCODE	6498	1	0.000001
OPCODE	E14F	1	0.000001
OPCODE	96FC	1	0.000001
OPCODE	D9C7	1	0.000001
OPCODE	C342	1	0.000001
OPCODE	56EF	1	0.000001
OPCODE	A956	1	0.000001
OPCODE	966D	1	0.000001
OPCODE	44FB	1	0.000001
OPCODE	C3EE	1	0.000001
OPCODE	2957	1	0.000001
OPCODE	66B4	1	0.000001
OPCODE	7A0E	1	0.000001
OPCODE	B102	1	0.000001
OPCODE	2064	1	0.000001
OPCODE	A059	1	0.000001
OPCODE	A97C	1	0.000001
OPCODE	705B	1	0.000001
OPCODE	3000	1	0.000001
OPCODE	705C	1	0.000001
OPCODE	5C89	1	0.000001
OPCODE	36AA	1	0.000001
OPCODE	A058	1	0.000001
OPCODE	7068	1	0.000001
OPCODE	2264	1	0.000001
OPCODE	9A7C	1	0.000001
OPCODE	E64B	1	0.000001
OPCODE	7085	1	0.000001
OPCODE	CC42	1	0.000001
OPCODE	2F42	1	0.000001
OPCODE	622A	1	0.000001
OPCODE	A05E	1	0.000001
OPCODE	E587	1	0.000001
OPCODE	5D88	1	0.000001
OPCODE	E847	1	0.000001
OPCODE	81C1	1	0.000001
OPCODE	7035	1	0.000001
OPCODE	3024	1	0.000001
OPCODE	A051	1	0.000001
OPCODE	7038	1	0.000001
OPCODE	6C2A	1	0.000001
OPCODE	6206	1	0.000001
OPCODE	49C2	1	0.000001
OPCODE	AA41	1	0.000001
OPCODE	49D0	1	0.000001
OPCODE	526F	1	0.000001
OPCODE	A97D	1	0.000001
OPCODE	3E04	1	0.000001
OPCODE	3E08	1	0.000001
OPCODE	C09F	1	0.000001
OPCODE	1034	1	0.000001
OPCODE	2E82	1	0.000001
OPCODE	3A1C	1	0.000001
OPCODE	5C47	1	0.000001
OPCODE	7E27	1	0.000001
OPCODE	D730	1	0.000001
OPCODE	A969	1	0.000001
OPCODE	3C05	1	0.000001
OPCODE	A95F	1	0.000001
OPCODE	5BC6	1	0.000001
OPCODE	2EAB	1	0.000001
OPCODE	21C2	1	0.000001
OPCODE	2629	1	0.000001
OPCODE	5BC2	1	0.000001
OPCODE	E38D	1	0.000001
OPCODE	1413	1	0.000001
OPCODE	2E81	1	0.000001
OPCODE	B1EF	1	0.000001
OPCODE	A958	1	0.000001
OPCODE	3F13	1	0.000001
OPCODE	2F24	1	0.000001
OPCODE	A8A2	1	0.000001
OPCODE	CBC4	1	0.000001
OPCODE	3F08	1	0.000001
OPCODE	2610	1	0.000001
OPCODE	9A6A	1	0.000001
OPCODE	70C0	1	0.000001
OPCODE	51C5	1	0.000001
OPCODE	5E80	1	0.000001
OPCODE	A96E	1	0.000001
OPCODE	3741	1	0.000001
OPCODE	A05F	1	0.000001
OPCODE	1213	1	0.000001
OPCODE	6322	1	0.000001
OPCODE	A96D	1	0.000001
OPCODE	D1C5	1	0.000001
OPCODE	D154	1	0.000001
FPU_GUARD_META	format	fpu-guard-profile-v2-enabled
FPU_GUARD_META	post_round_predicate	candidate6c_guard_independent_of_FPCR_enables
FPU_GUARD_META	sample	pre_eval_inputs_committed_start_inclusive_stop_exclusive
FPU_GUARD_META	counts	new_fp_command_branch_events_not_retirements_or_unique_requests
FPU_GUARD_META	side_bits	cr_we,fm_we,bsun_req,fp_reset,frestore_idle,frestore_unimp,fsave_ack,pend_capture
FPU_GUARD_SUMMARY	edges	raw	restore	pending	unexpected_single_class	enable_rejected_55ff_normal	context_dropped	eligible_post_round	eligible_post_mismatch	reconciles
FPU_GUARD_SUMMARY	1304100000	11666052	0	0	0	5346934	5347800	5347864	0	1
FPU_GUARD_BUCKET	precision	enables	raw	single	exp_zero	exp_normal	exp_allones	old_guard_73bc	guard_55ff	guard_6c
FPU_GUARD_BUCKET	0	0	140224	930	0	930	0	930	930	930
FPU_GUARD_BUCKET	0	32	11525828	5584580	237646	5346934	0	0	0	5346934
FPU_GUARD_REJECT_SIDE	0	0
FPU_GUARD_REJECT_SIDE	1	0
FPU_GUARD_REJECT_SIDE	2	0
FPU_GUARD_REJECT_SIDE	3	0
FPU_GUARD_REJECT_SIDE	4	0
FPU_GUARD_REJECT_SIDE	5	0
FPU_GUARD_REJECT_SIDE	6	0
FPU_GUARD_REJECT_SIDE	7	0
FPU_GUARD_CONTEXT	profile_edge	pc	fpcr	opclass	side_bits	old_guard_73bc	guard_55ff	guard_6c
FPU_GUARD_CONTEXT	25332713	4089278E	00000000	2	0	1	1	1
FPU_GUARD_CONTEXT	25334873	4089278E	00000000	2	0	1	1	1
FPU_GUARD_CONTEXT	25336934	4089278E	00000000	2	0	1	1	1
FPU_GUARD_CONTEXT	25338995	4089278E	00000000	2	0	1	1	1
FPU_GUARD_CONTEXT	25341056	4089278E	00000000	2	0	1	1	1
FPU_GUARD_CONTEXT	25343117	4089278E	00000000	2	0	1	1	1
FPU_GUARD_CONTEXT	25345178	4089278E	00000000	2	0	1	1	1
FPU_GUARD_CONTEXT	25347239	4089278E	00000000	2	0	1	1	1
FPU_GUARD_CONTEXT	25349300	4089278E	00000000	2	0	1	1	1
FPU_GUARD_CONTEXT	25351361	4089278E	00000000	2	0	1	1	1
FPU_GUARD_CONTEXT	25353422	4089278E	00000000	2	0	1	1	1
FPU_GUARD_CONTEXT	25355483	4089278E	00000000	2	0	1	1	1
FPU_GUARD_CONTEXT	25357544	4089278E	00000000	2	0	1	1	1
FPU_GUARD_CONTEXT	25359605	4089278E	00000000	2	0	1	1	1
FPU_GUARD_CONTEXT	25361666	4089278E	00000000	2	0	1	1	1
FPU_GUARD_CONTEXT	25363727	4089278E	00000000	2	0	1	1	1
FPU_GUARD_CONTEXT	25365788	4089278E	00000000	2	0	1	1	1
FPU_GUARD_CONTEXT	25367849	4089278E	00000000	2	0	1	1	1
FPU_GUARD_CONTEXT	25369910	4089278E	00000000	2	0	1	1	1
FPU_GUARD_CONTEXT	25371971	4089278E	00000000	2	0	1	1	1
FPU_GUARD_CONTEXT	25374032	4089278E	00000000	2	0	1	1	1
FPU_GUARD_CONTEXT	25376093	4089278E	00000000	2	0	1	1	1
FPU_GUARD_CONTEXT	25378154	4089278E	00000000	2	0	1	1	1
FPU_GUARD_CONTEXT	25380215	4089278E	00000000	2	0	1	1	1
FPU_GUARD_CONTEXT	25382276	4089278E	00000000	2	0	1	1	1
FPU_GUARD_CONTEXT	25384337	4089278E	00000000	2	0	1	1	1
FPU_GUARD_CONTEXT	25386398	4089278E	00000000	2	0	1	1	1
FPU_GUARD_CONTEXT	25388459	4089278E	00000000	2	0	1	1	1
FPU_GUARD_CONTEXT	25390520	4089278E	00000000	2	0	1	1	1
FPU_GUARD_CONTEXT	25392581	4089278E	00000000	2	0	1	1	1
FPU_GUARD_CONTEXT	25394642	4089278E	00000000	2	0	1	1	1
FPU_GUARD_CONTEXT	25396703	4089278E	00000000	2	0	1	1	1
FPU_GUARD_CONTEXT	25398764	4089278E	00000000	2	0	1	1	1
FPU_GUARD_CONTEXT	25400825	4089278E	00000000	2	0	1	1	1
FPU_GUARD_CONTEXT	25402886	4089278E	00000000	2	0	1	1	1
FPU_GUARD_CONTEXT	25404947	4089278E	00000000	2	0	1	1	1
FPU_GUARD_CONTEXT	25407008	4089278E	00000000	2	0	1	1	1
FPU_GUARD_CONTEXT	25409069	4089278E	00000000	2	0	1	1	1
FPU_GUARD_CONTEXT	25411130	4089278E	00000000	2	0	1	1	1
FPU_GUARD_CONTEXT	25413191	4089278E	00000000	2	0	1	1	1
FPU_GUARD_CONTEXT	25415252	4089278E	00000000	2	0	1	1	1
FPU_GUARD_CONTEXT	25417313	4089278E	00000000	2	0	1	1	1
FPU_GUARD_CONTEXT	25419374	4089278E	00000000	2	0	1	1	1
FPU_GUARD_CONTEXT	25421435	4089278E	00000000	2	0	1	1	1
FPU_GUARD_CONTEXT	25424453	4089278E	00000000	2	0	1	1	1
FPU_GUARD_CONTEXT	25426532	4089278E	00000000	2	0	1	1	1
FPU_GUARD_CONTEXT	25428593	4089278E	00000000	2	0	1	1	1
FPU_GUARD_CONTEXT	25430654	4089278E	00000000	2	0	1	1	1
FPU_GUARD_CONTEXT	25432715	4089278E	00000000	2	0	1	1	1
FPU_GUARD_CONTEXT	25434776	4089278E	00000000	2	0	1	1	1
FPU_GUARD_CONTEXT	25436837	4089278E	00000000	2	0	1	1	1
FPU_GUARD_CONTEXT	25438898	4089278E	00000000	2	0	1	1	1
FPU_GUARD_CONTEXT	25440959	4089278E	00000000	2	0	1	1	1
FPU_GUARD_CONTEXT	25443020	4089278E	00000000	2	0	1	1	1
FPU_GUARD_CONTEXT	25445081	4089278E	00000000	2	0	1	1	1
FPU_GUARD_CONTEXT	25447142	4089278E	00000000	2	0	1	1	1
FPU_GUARD_CONTEXT	25449203	4089278E	00000000	2	0	1	1	1
FPU_GUARD_CONTEXT	25451264	4089278E	00000000	2	0	1	1	1
FPU_GUARD_CONTEXT	25453325	4089278E	00000000	2	0	1	1	1
FPU_GUARD_CONTEXT	25455386	4089278E	00000000	2	0	1	1	1
FPU_GUARD_CONTEXT	25457447	4089278E	00000000	2	0	1	1	1
FPU_GUARD_CONTEXT	25459508	4089278E	00000000	2	0	1	1	1
FPU_GUARD_CONTEXT	25461569	4089278E	00000000	2	0	1	1	1
FPU_GUARD_CONTEXT	25463630	4089278E	00000000	2	0	1	1	1
